"DESCRIPTION","DURATION IN MS","NAME","PARENT SUITE","START TIME","STATUS","STOP TIME","SUB SUITE","SUITE","TEST CLASS","TEST METHOD"
"","20537","Save a filter preset, verify it is auto-selected, then delete it","firefox","Wed Sep 23 10:24:02 UTC 2026","passed","Wed Sep 23 10:24:22 UTC 2026","Presented Checks — Smoke (Continued)","specs\Smoke\5-PresentedChecksSmoke.spec.ts","",""
"","16057","Verify Home dashboard is restored after returning from another page","webkit","Wed Sep 23 10:36:35 UTC 2026","passed","Wed Sep 23 10:36:51 UTC 2026","Home Dashboard","specs\Smoke\3-HomeDashboardSmoke.spec.ts","",""
"","7986","Verify tab-specific charts are hidden for opposite tab","chromium","Wed Sep 23 10:14:12 UTC 2026","passed","Wed Sep 23 10:14:20 UTC 2026","Home Dashboard","specs\Smoke\3-HomeDashboardSmoke.spec.ts","",""
"","10824","""View"" (Change Log) link on a row navigates to the entity log","chromium","Wed Sep 23 10:19:15 UTC 2026","passed","Wed Sep 23 10:19:26 UTC 2026","Presented Checks — Smoke (Continued)","specs\Smoke\5-PresentedChecksSmoke.spec.ts","",""
"","10273","Validate forgot password with unregistered email","webkit","Wed Sep 23 10:32:21 UTC 2026","passed","Wed Sep 23 10:32:31 UTC 2026","","specs\Smoke\1-LoginSmoke.spec.ts","",""
"","14230","""Delete"" on a row shows a confirm modal; Cancel dismisses it without deleting","firefox","Wed Sep 23 10:26:35 UTC 2026","passed","Wed Sep 23 10:26:49 UTC 2026","Issued Checks — Smoke (Continued)","specs\Smoke\4-IssuedChecksSmoke.spec.ts","",""
"","10288","""+ Add Check"" navigates to the add-check form","chromium","Wed Sep 23 10:15:42 UTC 2026","passed","Wed Sep 23 10:15:53 UTC 2026","Issued Checks — Smoke","specs\Smoke\4-IssuedChecksSmoke.spec.ts","",""
"","13094","Last page arrow jumps to the final page","msedge","Wed Sep 23 10:22:41 UTC 2026","passed","Wed Sep 23 10:22:54 UTC 2026","Exceptions — Smoke","specs\Smoke\8-ExceptionsSmoke.spec.ts","",""
"","16334","""+ Add ACH"" navigates to the add-ACH form","firefox","Wed Sep 23 10:26:48 UTC 2026","passed","Wed Sep 23 10:27:04 UTC 2026","ACH — Smoke","specs\Smoke\7-ACHSmoke.spec.ts","",""
"","6971","Pre-Decisions page loads with either records or the empty-state message","webkit","Wed Sep 23 10:51:03 UTC 2026","passed","Wed Sep 23 10:51:10 UTC 2026","Exceptions — Smoke (Continued)","specs\Smoke\8-ExceptionsSmoke.spec.ts","",""
"","16725","Page size change to 10 updates pagination info in bottom-right pager","webkit","Wed Sep 23 10:45:39 UTC 2026","passed","Wed Sep 23 10:45:56 UTC 2026","ACH — Smoke","specs\Smoke\7-ACHSmoke.spec.ts","",""
"","29706","Save a filter preset, verify it is auto-selected, then delete it","webkit","Wed Sep 23 10:42:25 UTC 2026","passed","Wed Sep 23 10:42:54 UTC 2026","Presented Checks — Smoke (Continued)","specs\Smoke\5-PresentedChecksSmoke.spec.ts","",""
"","4695","Validate Login functionality with xssInUsername","chromium","Wed Sep 23 10:12:42 UTC 2026","passed","Wed Sep 23 10:12:47 UTC 2026","","specs\Smoke\1-LoginSmoke.spec.ts","",""
"","19267","Previous page button returns to page 1, First page button re-enables disabled state","firefox","Wed Sep 23 10:29:03 UTC 2026","passed","Wed Sep 23 10:29:22 UTC 2026","ACH — Smoke","specs\Smoke\7-ACHSmoke.spec.ts","",""
"","17706","Search box filters grid and clears correctly","webkit","Wed Sep 23 10:38:55 UTC 2026","passed","Wed Sep 23 10:39:13 UTC 2026","Issued Checks — Smoke","specs\Smoke\4-IssuedChecksSmoke.spec.ts","",""
"","13046","Verify dashboard footer footnote and privacy link are visible","firefox","Wed Sep 23 10:18:04 UTC 2026","passed","Wed Sep 23 10:18:17 UTC 2026","Home Dashboard","specs\Smoke\3-HomeDashboardSmoke.spec.ts","",""
"","16400","Web Hooks sub-page loads correctly","firefox","Wed Sep 23 10:19:57 UTC 2026","passed","Wed Sep 23 10:20:14 UTC 2026","Application Navigation Smoke Tests","specs\Smoke\2-NavigationSmoke.spec.ts","",""
"","5555","Validate unauthenticated access to protected route is redirected to login","chromium","Wed Sep 23 10:13:13 UTC 2026","passed","Wed Sep 23 10:13:19 UTC 2026","","specs\Smoke\1-LoginSmoke.spec.ts","",""
"","15830","""+ Add Check"" navigates to the add-check form","msedge","Wed Sep 23 10:16:53 UTC 2026","passed","Wed Sep 23 10:17:09 UTC 2026","Issued Checks — Smoke","specs\Smoke\4-IssuedChecksSmoke.spec.ts","",""
"","13012","Typing a page number navigates to that page","firefox","Wed Sep 23 10:24:06 UTC 2026","passed","Wed Sep 23 10:24:19 UTC 2026","Issued Checks — Smoke","specs\Smoke\4-IssuedChecksSmoke.spec.ts","",""
"","16659","""View"" (Change Log) link on a row navigates to the entity log","firefox","Wed Sep 23 10:30:51 UTC 2026","passed","Wed Sep 23 10:31:08 UTC 2026","ACH — Smoke","specs\Smoke\7-ACHSmoke.spec.ts","",""
"","10537","Saved Filters dropdown is visible and defaults to no preset","msedge","Wed Sep 23 10:19:33 UTC 2026","passed","Wed Sep 23 10:19:44 UTC 2026","Presented Checks — Smoke","specs\Smoke\5-PresentedChecksSmoke.spec.ts","",""
"","11292","Page size change to 10 updates pagination info in bottom-right pager","msedge","Wed Sep 23 10:21:48 UTC 2026","passed","Wed Sep 23 10:22:00 UTC 2026","ACH — Smoke","specs\Smoke\7-ACHSmoke.spec.ts","",""
"","17527","""Uploaded ACH"" navigates to the uploads page","webkit","Wed Sep 23 10:44:45 UTC 2026","passed","Wed Sep 23 10:45:03 UTC 2026","ACH — Smoke","specs\Smoke\7-ACHSmoke.spec.ts","",""
"","12189","Grid loads with data rows and key column headers","msedge","Wed Sep 23 10:20:48 UTC 2026","passed","Wed Sep 23 10:21:00 UTC 2026","ACH — Smoke","specs\Smoke\7-ACHSmoke.spec.ts","",""
"","15321","File Formats sub-page loads correctly","webkit","Wed Sep 23 10:35:45 UTC 2026","passed","Wed Sep 23 10:36:00 UTC 2026","Application Navigation Smoke Tests","specs\Smoke\2-NavigationSmoke.spec.ts","",""
"","12664","""Uploaded Checks"" navigates to the uploads page","msedge","Wed Sep 23 10:17:23 UTC 2026","passed","Wed Sep 23 10:17:35 UTC 2026","Presented Checks — Smoke","specs\Smoke\5-PresentedChecksSmoke.spec.ts","",""
"","9647","Verify Total Exceptions and Total Exception Amount labels are visible","msedge","Wed Sep 23 10:14:42 UTC 2026","passed","Wed Sep 23 10:14:51 UTC 2026","Home Dashboard","specs\Smoke\3-HomeDashboardSmoke.spec.ts","",""
"","12264","Check Approval Rules sub-page loads correctly","msedge","Wed Sep 23 10:14:59 UTC 2026","passed","Wed Sep 23 10:15:11 UTC 2026","Application Navigation Smoke Tests","specs\Smoke\2-NavigationSmoke.spec.ts","",""
"","21659","Clicking a column header sorts ascending, clicking again sorts descending","firefox","Wed Sep 23 10:24:22 UTC 2026","passed","Wed Sep 23 10:24:44 UTC 2026","Presented Checks — Smoke (Continued)","specs\Smoke\5-PresentedChecksSmoke.spec.ts","",""
"","11438","Clicking a column header sorts ascending, clicking again sorts descending","msedge","Wed Sep 23 10:23:30 UTC 2026","passed","Wed Sep 23 10:23:42 UTC 2026","ACH — Smoke","specs\Smoke\7-ACHSmoke.spec.ts","",""
"","19818","Save a filter preset, verify it is auto-selected, then delete it","firefox","Wed Sep 23 10:29:52 UTC 2026","passed","Wed Sep 23 10:30:11 UTC 2026","ACH — Smoke","specs\Smoke\7-ACHSmoke.spec.ts","",""
"","8095","Verify ACH Only tab shows ACH-specific chart sections","msedge","Wed Sep 23 10:14:08 UTC 2026","passed","Wed Sep 23 10:14:16 UTC 2026","Home Dashboard","specs\Smoke\3-HomeDashboardSmoke.spec.ts","",""
"","11431","Presented Checks page loads correctly","firefox","Wed Sep 23 10:13:54 UTC 2026","passed","Wed Sep 23 10:14:06 UTC 2026","Application Navigation Smoke Tests","specs\Smoke\2-NavigationSmoke.spec.ts","",""
"","8685","Page size change to 10 updates pagination info in bottom-right pager","chromium","Wed Sep 23 10:17:06 UTC 2026","passed","Wed Sep 23 10:17:15 UTC 2026","Presented Checks — Smoke","specs\Smoke\5-PresentedChecksSmoke.spec.ts","",""
"","13318","File Formats sub-page loads correctly","firefox","Wed Sep 23 10:17:22 UTC 2026","passed","Wed Sep 23 10:17:35 UTC 2026","Application Navigation Smoke Tests","specs\Smoke\2-NavigationSmoke.spec.ts","",""
"","14046","Issued Checks breadcrumb link is visible on the page","chromium","Wed Sep 23 10:19:03 UTC 2026","passed","Wed Sep 23 10:19:17 UTC 2026","Issued Checks — Smoke (Continued)","specs\Smoke\4-IssuedChecksSmoke.spec.ts","",""
"","5850","Validate forgot password functionality","msedge","Wed Sep 23 10:12:58 UTC 2026","passed","Wed Sep 23 10:13:03 UTC 2026","","specs\Smoke\1-LoginSmoke.spec.ts","",""
"","14704","""View"" (Change Log) link on a row navigates to the entity log","firefox","Wed Sep 23 10:26:20 UTC 2026","passed","Wed Sep 23 10:26:35 UTC 2026","Issued Checks — Smoke (Continued)","specs\Smoke\4-IssuedChecksSmoke.spec.ts","",""
"","14458","Verify ACH Only tab shows ACH-specific chart sections","firefox","Wed Sep 23 10:16:26 UTC 2026","passed","Wed Sep 23 10:16:40 UTC 2026","Home Dashboard","specs\Smoke\3-HomeDashboardSmoke.spec.ts","",""
"","4042","Validate Login functionality with invalidEmailFormat","webkit","Wed Sep 23 10:31:20 UTC 2026","passed","Wed Sep 23 10:31:24 UTC 2026","","specs\Smoke\1-LoginSmoke.spec.ts","",""
"","11541","File Processing sub-page loads correctly","msedge","Wed Sep 23 10:16:14 UTC 2026","passed","Wed Sep 23 10:16:26 UTC 2026","Application Navigation Smoke Tests","specs\Smoke\2-NavigationSmoke.spec.ts","",""
"","16104","Grid loads with data rows and key column headers","msedge","Wed Sep 23 10:16:37 UTC 2026","passed","Wed Sep 23 10:16:53 UTC 2026","Issued Checks — Smoke","specs\Smoke\4-IssuedChecksSmoke.spec.ts","",""
"","14062","Open Exceptions page loads with either exception cards or the empty-state message","firefox","Wed Sep 23 10:31:47 UTC 2026","passed","Wed Sep 23 10:32:01 UTC 2026","Exceptions — Smoke (Continued)","specs\Smoke\8-ExceptionsSmoke.spec.ts","",""
"","14478","Default filter auto-applies after logout and re-login","msedge","Wed Sep 23 10:19:44 UTC 2026","skipped","Wed Sep 23 10:19:58 UTC 2026","Presented Checks — Default Filter (Serial)","specs\Smoke\5-PresentedChecksSmoke.spec.ts","",""
"","4364","Validate Login functionality with sqlInjection","chromium","Wed Sep 23 10:12:38 UTC 2026","passed","Wed Sep 23 10:12:42 UTC 2026","","specs\Smoke\1-LoginSmoke.spec.ts","",""
"","7557","Notification Templates sub-page loads correctly","chromium","Wed Sep 23 10:13:47 UTC 2026","passed","Wed Sep 23 10:13:54 UTC 2026","Application Navigation Smoke Tests","specs\Smoke\2-NavigationSmoke.spec.ts","",""
"","13938","Search box filters grid and clears correctly","chromium","Wed Sep 23 10:16:44 UTC 2026","passed","Wed Sep 23 10:16:58 UTC 2026","Presented Checks — Smoke","specs\Smoke\5-PresentedChecksSmoke.spec.ts","",""
"","10545","Validate session persists after page refresh","msedge","Wed Sep 23 10:13:14 UTC 2026","passed","Wed Sep 23 10:13:25 UTC 2026","","specs\Smoke\1-LoginSmoke.spec.ts","",""
"","20404","Typing a page number navigates to that page","webkit","Wed Sep 23 10:46:31 UTC 2026","passed","Wed Sep 23 10:46:52 UTC 2026","ACH — Smoke","specs\Smoke\7-ACHSmoke.spec.ts","",""
"","13631","Default filter auto-applies after logout and re-login","firefox","Wed Sep 23 10:29:38 UTC 2026","skipped","Wed Sep 23 10:29:51 UTC 2026","ACH — Smoke","specs\Smoke\7-ACHSmoke.spec.ts","",""
"","18098","Next page arrow advances to page 2","webkit","Wed Sep 23 10:40:35 UTC 2026","passed","Wed Sep 23 10:40:53 UTC 2026","Presented Checks — Smoke","specs\Smoke\5-PresentedChecksSmoke.spec.ts","",""
"","11810","Typing a page number navigates to that page","msedge","Wed Sep 23 10:22:24 UTC 2026","passed","Wed Sep 23 10:22:35 UTC 2026","ACH — Smoke","specs\Smoke\7-ACHSmoke.spec.ts","",""
"","16164","Default filter auto-applies after logout and re-login","webkit","Wed Sep 23 10:47:33 UTC 2026","skipped","Wed Sep 23 10:47:49 UTC 2026","ACH — Smoke","specs\Smoke\7-ACHSmoke.spec.ts","",""
"","16806","Excel export button is visible and enabled","webkit","Wed Sep 23 10:45:40 UTC 2026","passed","Wed Sep 23 10:45:57 UTC 2026","Exceptions — Smoke","specs\Smoke\8-ExceptionsSmoke.spec.ts","",""
"","10471","Pay/Return decision badge navigates to exception history","firefox","Wed Sep 23 10:25:51 UTC 2026","passed","Wed Sep 23 10:26:02 UTC 2026","Presented Checks — Smoke (Continued)","specs\Smoke\5-PresentedChecksSmoke.spec.ts","",""
"","11071","Verify navigation to Exceptions via nav menu","msedge","Wed Sep 23 10:16:15 UTC 2026","passed","Wed Sep 23 10:16:26 UTC 2026","Home Dashboard","specs\Smoke\3-HomeDashboardSmoke.spec.ts","",""
"","10528","""Delete"" on a row shows a confirm modal; Cancel dismisses it without deleting","chromium","Wed Sep 23 10:18:52 UTC 2026","passed","Wed Sep 23 10:19:03 UTC 2026","Issued Checks — Smoke (Continued)","specs\Smoke\4-IssuedChecksSmoke.spec.ts","",""
"","9538","Users sub-page loads correctly","msedge","Wed Sep 23 10:13:22 UTC 2026","passed","Wed Sep 23 10:13:31 UTC 2026","Application Navigation Smoke Tests","specs\Smoke\2-NavigationSmoke.spec.ts","",""
"","13269","Web Hooks sub-page loads correctly","chromium","Wed Sep 23 10:15:17 UTC 2026","passed","Wed Sep 23 10:15:31 UTC 2026","Application Navigation Smoke Tests","specs\Smoke\2-NavigationSmoke.spec.ts","",""
"","8236","Verify all three dashboard view tabs are visible","msedge","Wed Sep 23 10:13:42 UTC 2026","passed","Wed Sep 23 10:13:51 UTC 2026","Home Dashboard","specs\Smoke\3-HomeDashboardSmoke.spec.ts","",""
"","19382","Grid loads with data rows and key column headers","webkit","Wed Sep 23 10:44:08 UTC 2026","passed","Wed Sep 23 10:44:27 UTC 2026","ACH — Smoke","specs\Smoke\7-ACHSmoke.spec.ts","",""
"","10228","Verify profile menu shows My Info and Logout links","chromium","Wed Sep 23 10:14:55 UTC 2026","passed","Wed Sep 23 10:15:06 UTC 2026","Home Dashboard","specs\Smoke\3-HomeDashboardSmoke.spec.ts","",""
"","20891","Clicking a column header sorts ascending, clicking again sorts descending","webkit","Wed Sep 23 10:48:35 UTC 2026","passed","Wed Sep 23 10:48:56 UTC 2026","Exceptions — Smoke (Continued)","specs\Smoke\8-ExceptionsSmoke.spec.ts","",""
"","8863","""+ Add ACH"" navigates to the add-ACH form","chromium","Wed Sep 23 10:19:36 UTC 2026","passed","Wed Sep 23 10:19:45 UTC 2026","ACH — Smoke","specs\Smoke\7-ACHSmoke.spec.ts","",""
"","17939","Roles/Permissions sub-page loads correctly","webkit","Wed Sep 23 10:34:22 UTC 2026","passed","Wed Sep 23 10:34:40 UTC 2026","Application Navigation Smoke Tests","specs\Smoke\2-NavigationSmoke.spec.ts","",""
"","15213","API link is visible and points to swagger","firefox","Wed Sep 23 10:19:42 UTC 2026","passed","Wed Sep 23 10:19:57 UTC 2026","Application Navigation Smoke Tests","specs\Smoke\2-NavigationSmoke.spec.ts","",""
"","11303","Grid View toggle navigates to the open-exceptions grid and shows key column headers","firefox","Wed Sep 23 10:32:01 UTC 2026","passed","Wed Sep 23 10:32:12 UTC 2026","Exceptions — Smoke (Continued)","specs\Smoke\8-ExceptionsSmoke.spec.ts","",""
"","17481","Grid loads with data rows and key column headers","webkit","Wed Sep 23 10:38:04 UTC 2026","passed","Wed Sep 23 10:38:21 UTC 2026","Issued Checks — Smoke","specs\Smoke\4-IssuedChecksSmoke.spec.ts","",""
"","18832","Last page arrow jumps to the final page","webkit","Wed Sep 23 10:46:32 UTC 2026","passed","Wed Sep 23 10:46:51 UTC 2026","Exceptions — Smoke","specs\Smoke\8-ExceptionsSmoke.spec.ts","",""
"","13704","Verify profile menu shows My Info and Logout links","webkit","Wed Sep 23 10:36:21 UTC 2026","passed","Wed Sep 23 10:36:35 UTC 2026","Home Dashboard","specs\Smoke\3-HomeDashboardSmoke.spec.ts","",""
"","17388","Excel export button is visible and enabled","webkit","Wed Sep 23 10:45:21 UTC 2026","passed","Wed Sep 23 10:45:39 UTC 2026","ACH — Smoke","specs\Smoke\7-ACHSmoke.spec.ts","",""
"","13781","Notification Templates sub-page loads correctly","webkit","Wed Sep 23 10:36:00 UTC 2026","passed","Wed Sep 23 10:36:14 UTC 2026","Application Navigation Smoke Tests","specs\Smoke\2-NavigationSmoke.spec.ts","",""
"","5665","Validate Login functionality with veryLongInput","msedge","Wed Sep 23 10:12:52 UTC 2026","passed","Wed Sep 23 10:12:58 UTC 2026","","specs\Smoke\1-LoginSmoke.spec.ts","",""
"","11491","Next page arrow advances to page 2","msedge","Wed Sep 23 10:18:45 UTC 2026","passed","Wed Sep 23 10:18:57 UTC 2026","Presented Checks — Smoke","specs\Smoke\5-PresentedChecksSmoke.spec.ts","",""
"","14763","System Log sub-page loads correctly","firefox","Wed Sep 23 10:19:16 UTC 2026","passed","Wed Sep 23 10:19:30 UTC 2026","Application Navigation Smoke Tests","specs\Smoke\2-NavigationSmoke.spec.ts","",""
"","13615","Validate teller presented-check form shows all required fields","firefox","Wed Sep 23 10:26:17 UTC 2026","passed","Wed Sep 23 10:26:31 UTC 2026","Teller - Smoke","specs\Smoke\6-TellerSmoke.spec.ts","",""
"","10582","File Formats sub-page loads correctly","msedge","Wed Sep 23 10:14:27 UTC 2026","passed","Wed Sep 23 10:14:37 UTC 2026","Application Navigation Smoke Tests","specs\Smoke\2-NavigationSmoke.spec.ts","",""
"","9417","Last page arrow jumps to the final page","chromium","Wed Sep 23 10:20:32 UTC 2026","passed","Wed Sep 23 10:20:42 UTC 2026","ACH — Smoke","specs\Smoke\7-ACHSmoke.spec.ts","",""
"","14092","Validate Login functionality with correctCredentials","webkit","Wed Sep 23 10:30:39 UTC 2026","passed","Wed Sep 23 10:30:53 UTC 2026","","specs\Smoke\1-LoginSmoke.spec.ts","",""
"","15300","Exception History grid loads with data rows and key column headers","firefox","Wed Sep 23 10:27:04 UTC 2026","passed","Wed Sep 23 10:27:19 UTC 2026","Exceptions — Smoke","specs\Smoke\8-ExceptionsSmoke.spec.ts","",""
"","13090","""View"" (Change Log) link on a row navigates to the entity log","msedge","Wed Sep 23 10:20:51 UTC 2026","passed","Wed Sep 23 10:21:04 UTC 2026","Presented Checks — Smoke (Continued)","specs\Smoke\5-PresentedChecksSmoke.spec.ts","",""
"","12663","Default filter auto-applies after logout and re-login","firefox","Wed Sep 23 10:24:47 UTC 2026","skipped","Wed Sep 23 10:25:00 UTC 2026","Issued Checks — Default Filter (Serial)","specs\Smoke\4-IssuedChecksSmoke.spec.ts","",""
"","10375","Branding sub-page loads correctly","firefox","Wed Sep 23 10:16:19 UTC 2026","passed","Wed Sep 23 10:16:30 UTC 2026","Application Navigation Smoke Tests","specs\Smoke\2-NavigationSmoke.spec.ts","",""
"","11264","Automatic Check Decision Rules sub-page loads correctly","msedge","Wed Sep 23 10:14:48 UTC 2026","passed","Wed Sep 23 10:14:59 UTC 2026","Application Navigation Smoke Tests","specs\Smoke\2-NavigationSmoke.spec.ts","",""
"","14889","Decision Files sub-page loads correctly","webkit","Wed Sep 23 10:35:16 UTC 2026","passed","Wed Sep 23 10:35:31 UTC 2026","Application Navigation Smoke Tests","specs\Smoke\2-NavigationSmoke.spec.ts","",""
"","5172","Validate Login functionality with missingUsername","webkit","Wed Sep 23 10:31:35 UTC 2026","passed","Wed Sep 23 10:31:40 UTC 2026","","specs\Smoke\1-LoginSmoke.spec.ts","",""
"","14984","""Uploaded ACH"" navigates to the uploads page","firefox","Wed Sep 23 10:27:04 UTC 2026","passed","Wed Sep 23 10:27:19 UTC 2026","ACH — Smoke","specs\Smoke\7-ACHSmoke.spec.ts","",""
"","5361","Validate Login functionality with sqlInjection","msedge","Wed Sep 23 10:12:41 UTC 2026","passed","Wed Sep 23 10:12:46 UTC 2026","","specs\Smoke\1-LoginSmoke.spec.ts","",""
"","11144","Exceptions page loads correctly","msedge","Wed Sep 23 10:12:40 UTC 2026","passed","Wed Sep 23 10:12:51 UTC 2026","Application Navigation Smoke Tests","specs\Smoke\2-NavigationSmoke.spec.ts","",""
"","26666","Column filter popup applies a filter and Clear restores the full row set","firefox","Wed Sep 23 10:25:35 UTC 2026","passed","Wed Sep 23 10:26:01 UTC 2026","Issued Checks — Smoke (Continued)","specs\Smoke\4-IssuedChecksSmoke.spec.ts","",""
"","16471","Presented Checks breadcrumb link is visible on the page","webkit","Wed Sep 23 10:44:47 UTC 2026","passed","Wed Sep 23 10:45:04 UTC 2026","Presented Checks — Smoke (Continued)","specs\Smoke\5-PresentedChecksSmoke.spec.ts","",""
"","5818","Validate Login functionality with veryLongInput","webkit","Wed Sep 23 10:31:51 UTC 2026","passed","Wed Sep 23 10:31:57 UTC 2026","","specs\Smoke\1-LoginSmoke.spec.ts","",""
"","3694","Validate unauthenticated access to protected route is redirected to login","firefox","Wed Sep 23 10:15:09 UTC 2026","passed","Wed Sep 23 10:15:12 UTC 2026","","specs\Smoke\1-LoginSmoke.spec.ts","",""
"","16801","Excel export button is visible and enabled","webkit","Wed Sep 23 10:40:01 UTC 2026","passed","Wed Sep 23 10:40:17 UTC 2026","Presented Checks — Smoke","specs\Smoke\5-PresentedChecksSmoke.spec.ts","",""
"","18179","Grid loads with data rows and key column headers","firefox","Wed Sep 23 10:19:57 UTC 2026","passed","Wed Sep 23 10:20:15 UTC 2026","Issued Checks — Smoke","specs\Smoke\4-IssuedChecksSmoke.spec.ts","",""
"","8497","Automatic ACH Decision Rules sub-page loads correctly","chromium","Wed Sep 23 10:14:12 UTC 2026","passed","Wed Sep 23 10:14:21 UTC 2026","Application Navigation Smoke Tests","specs\Smoke\2-NavigationSmoke.spec.ts","",""
"","15927","Saved Filters dropdown is visible and defaults to no preset","firefox","Wed Sep 23 10:29:12 UTC 2026","passed","Wed Sep 23 10:29:28 UTC 2026","Exceptions — Smoke","specs\Smoke\8-ExceptionsSmoke.spec.ts","",""
"","17405","Decision Files sub-page loads correctly","firefox","Wed Sep 23 10:16:50 UTC 2026","passed","Wed Sep 23 10:17:08 UTC 2026","Application Navigation Smoke Tests","specs\Smoke\2-NavigationSmoke.spec.ts","",""
"","12434","Verify Home dashboard is restored after returning from another page","msedge","Wed Sep 23 10:15:31 UTC 2026","passed","Wed Sep 23 10:15:43 UTC 2026","Home Dashboard","specs\Smoke\3-HomeDashboardSmoke.spec.ts","",""
"","8338","ACH Approval Rules sub-page loads correctly","chromium","Wed Sep 23 10:14:21 UTC 2026","passed","Wed Sep 23 10:14:29 UTC 2026","Application Navigation Smoke Tests","specs\Smoke\2-NavigationSmoke.spec.ts","",""
"","18965","Save a filter preset, verify it is auto-selected, then delete it","firefox","Wed Sep 23 10:25:00 UTC 2026","passed","Wed Sep 23 10:25:19 UTC 2026","Issued Checks — Smoke (Continued)","specs\Smoke\4-IssuedChecksSmoke.spec.ts","",""
"","23265","Column filter popup applies a filter and Clear restores the full row set","webkit","Wed Sep 23 10:43:14 UTC 2026","passed","Wed Sep 23 10:43:37 UTC 2026","Presented Checks — Smoke (Continued)","specs\Smoke\5-PresentedChecksSmoke.spec.ts","",""
"","10420","Last page arrow jumps to the final page","msedge","Wed Sep 23 10:18:57 UTC 2026","passed","Wed Sep 23 10:19:07 UTC 2026","Presented Checks — Smoke","specs\Smoke\5-PresentedChecksSmoke.spec.ts","",""
"","8628","Exceptions breadcrumb link is visible on the page","chromium","Wed Sep 23 10:22:35 UTC 2026","passed","Wed Sep 23 10:22:44 UTC 2026","Exceptions — Smoke (Continued)","specs\Smoke\8-ExceptionsSmoke.spec.ts","",""
"","14461","System Log sub-page loads correctly","msedge","Wed Sep 23 10:16:00 UTC 2026","passed","Wed Sep 23 10:16:14 UTC 2026","Application Navigation Smoke Tests","specs\Smoke\2-NavigationSmoke.spec.ts","",""
"","14902","Issued Checks page loads correctly","firefox","Wed Sep 23 10:13:39 UTC 2026","passed","Wed Sep 23 10:13:54 UTC 2026","Application Navigation Smoke Tests","specs\Smoke\2-NavigationSmoke.spec.ts","",""
"","8174","Validate Login functionality with caseSensitiveEmail","msedge","Wed Sep 23 10:11:56 UTC 2026","passed","Wed Sep 23 10:12:05 UTC 2026","","specs\Smoke\1-LoginSmoke.spec.ts","",""
"","4582","Validate Login functionality with missingPassword","chromium","Wed Sep 23 10:12:29 UTC 2026","passed","Wed Sep 23 10:12:33 UTC 2026","","specs\Smoke\1-LoginSmoke.spec.ts","",""
"","8229","Pre-Decisions page loads with either records or the empty-state message","msedge","Wed Sep 23 10:25:43 UTC 2026","passed","Wed Sep 23 10:25:52 UTC 2026","Exceptions — Smoke (Continued)","specs\Smoke\8-ExceptionsSmoke.spec.ts","",""
"","18906","Business Clients sub-page loads correctly","firefox","Wed Sep 23 10:15:30 UTC 2026","passed","Wed Sep 23 10:15:49 UTC 2026","Application Navigation Smoke Tests","specs\Smoke\2-NavigationSmoke.spec.ts","",""
"","7056","Teller page loads correctly","chromium","Wed Sep 23 10:12:17 UTC 2026","passed","Wed Sep 23 10:12:24 UTC 2026","Application Navigation Smoke Tests","specs\Smoke\2-NavigationSmoke.spec.ts","",""
"","17337","Last page arrow jumps to the final page","firefox","Wed Sep 23 10:28:15 UTC 2026","passed","Wed Sep 23 10:28:32 UTC 2026","Exceptions — Smoke","specs\Smoke\8-ExceptionsSmoke.spec.ts","",""
"","12108","Next page arrow advances to page 2","chromium","Wed Sep 23 10:16:44 UTC 2026","passed","Wed Sep 23 10:16:56 UTC 2026","Issued Checks — Smoke","specs\Smoke\4-IssuedChecksSmoke.spec.ts","",""
"","19709","Verify dashboard tab checked state updates correctly","webkit","Wed Sep 23 10:34:27 UTC 2026","passed","Wed Sep 23 10:34:46 UTC 2026","Home Dashboard","specs\Smoke\3-HomeDashboardSmoke.spec.ts","",""
"","17575","Pay/Return decision badge navigates to exception history","webkit","Wed Sep 23 10:44:30 UTC 2026","passed","Wed Sep 23 10:44:47 UTC 2026","Presented Checks — Smoke (Continued)","specs\Smoke\5-PresentedChecksSmoke.spec.ts","",""
"","8819","Next page arrow advances to page 2","chromium","Wed Sep 23 10:20:23 UTC 2026","passed","Wed Sep 23 10:20:32 UTC 2026","ACH — Smoke","specs\Smoke\7-ACHSmoke.spec.ts","",""
"","6818","Presented Checks page loads correctly","chromium","Wed Sep 23 10:12:10 UTC 2026","passed","Wed Sep 23 10:12:17 UTC 2026","Application Navigation Smoke Tests","specs\Smoke\2-NavigationSmoke.spec.ts","",""
"","17886","Search box filters grid and clears correctly","firefox","Wed Sep 23 10:20:51 UTC 2026","passed","Wed Sep 23 10:21:09 UTC 2026","Issued Checks — Smoke","specs\Smoke\4-IssuedChecksSmoke.spec.ts","",""
"","6460","Decision Files sub-page loads correctly","chromium","Wed Sep 23 10:13:26 UTC 2026","passed","Wed Sep 23 10:13:32 UTC 2026","Application Navigation Smoke Tests","specs\Smoke\2-NavigationSmoke.spec.ts","",""
"","6853","Pre-Decisions page loads with either records or the empty-state message","firefox","Wed Sep 23 10:32:20 UTC 2026","passed","Wed Sep 23 10:32:27 UTC 2026","Exceptions — Smoke (Continued)","specs\Smoke\8-ExceptionsSmoke.spec.ts","",""
"","16558","Page size change to 10 updates pagination info in bottom-right pager","firefox","Wed Sep 23 10:21:28 UTC 2026","passed","Wed Sep 23 10:21:45 UTC 2026","Issued Checks — Smoke","specs\Smoke\4-IssuedChecksSmoke.spec.ts","",""
"","11948","""Edit"" link on a row navigates to the check edit form","msedge","Wed Sep 23 10:19:47 UTC 2026","passed","Wed Sep 23 10:19:59 UTC 2026","Issued Checks — Smoke (Continued)","specs\Smoke\4-IssuedChecksSmoke.spec.ts","",""
"","15222","Page size change to 10 updates pagination info in bottom-right pager","firefox","Wed Sep 23 10:28:00 UTC 2026","passed","Wed Sep 23 10:28:15 UTC 2026","ACH — Smoke","specs\Smoke\7-ACHSmoke.spec.ts","",""
"","15170","Web Hooks sub-page loads correctly","msedge","Wed Sep 23 10:16:38 UTC 2026","passed","Wed Sep 23 10:16:53 UTC 2026","Application Navigation Smoke Tests","specs\Smoke\2-NavigationSmoke.spec.ts","",""
"","18783","""Delete"" on a row shows a confirm modal; Cancel dismisses it without deleting","webkit","Wed Sep 23 10:43:14 UTC 2026","passed","Wed Sep 23 10:43:33 UTC 2026","Issued Checks — Smoke (Continued)","specs\Smoke\4-IssuedChecksSmoke.spec.ts","",""
"","18314","Search box filters grid and clears correctly","webkit","Wed Sep 23 10:39:42 UTC 2026","passed","Wed Sep 23 10:40:01 UTC 2026","Presented Checks — Smoke","specs\Smoke\5-PresentedChecksSmoke.spec.ts","",""
"","5268","Branding sub-page loads correctly","chromium","Wed Sep 23 10:13:13 UTC 2026","passed","Wed Sep 23 10:13:18 UTC 2026","Application Navigation Smoke Tests","specs\Smoke\2-NavigationSmoke.spec.ts","",""
"","11676","Clicking a column header sorts ascending, clicking again sorts descending","msedge","Wed Sep 23 10:20:14 UTC 2026","passed","Wed Sep 23 10:20:26 UTC 2026","Presented Checks — Smoke (Continued)","specs\Smoke\5-PresentedChecksSmoke.spec.ts","",""
"","10754","""+ Add ACH"" navigates to the add-ACH form","msedge","Wed Sep 23 10:21:00 UTC 2026","passed","Wed Sep 23 10:21:11 UTC 2026","ACH — Smoke","specs\Smoke\7-ACHSmoke.spec.ts","",""
"","9134","Exceptions breadcrumb link is visible on the page","msedge","Wed Sep 23 10:24:55 UTC 2026","passed","Wed Sep 23 10:25:04 UTC 2026","Exceptions — Smoke (Continued)","specs\Smoke\8-ExceptionsSmoke.spec.ts","",""
"","18343","Typing a page number navigates to that page","webkit","Wed Sep 23 10:41:12 UTC 2026","passed","Wed Sep 23 10:41:30 UTC 2026","Presented Checks — Smoke","specs\Smoke\5-PresentedChecksSmoke.spec.ts","",""
"","17422","""+ Add Check"" navigates to the add-check form","firefox","Wed Sep 23 10:20:15 UTC 2026","passed","Wed Sep 23 10:20:33 UTC 2026","Issued Checks — Smoke","specs\Smoke\4-IssuedChecksSmoke.spec.ts","",""
"","9970","Saved Filters dropdown is visible and defaults to no preset","firefox","Wed Sep 23 10:24:37 UTC 2026","passed","Wed Sep 23 10:24:47 UTC 2026","Issued Checks — Smoke","specs\Smoke\4-IssuedChecksSmoke.spec.ts","",""
"","5424","Validate Login functionality with incorrectUsername","msedge","Wed Sep 23 10:12:11 UTC 2026","passed","Wed Sep 23 10:12:16 UTC 2026","","specs\Smoke\1-LoginSmoke.spec.ts","",""
"","21072","Previous page button returns to page 1, First page button re-enables disabled state","firefox","Wed Sep 23 10:28:51 UTC 2026","passed","Wed Sep 23 10:29:12 UTC 2026","Exceptions — Smoke","specs\Smoke\8-ExceptionsSmoke.spec.ts","",""
"","37211","Validate forgot password with unregistered email","firefox","Wed Sep 23 10:14:24 UTC 2026","passed","Wed Sep 23 10:15:01 UTC 2026","","specs\Smoke\1-LoginSmoke.spec.ts","",""
"","30755","Page size change to 10 updates pagination info in bottom-right pager","firefox","Wed Sep 23 10:22:17 UTC 2026","passed","Wed Sep 23 10:22:48 UTC 2026","Presented Checks — Smoke","specs\Smoke\5-PresentedChecksSmoke.spec.ts","",""
"","18370","Search box filters grid and clears correctly","webkit","Wed Sep 23 10:45:22 UTC 2026","passed","Wed Sep 23 10:45:40 UTC 2026","Exceptions — Smoke","specs\Smoke\8-ExceptionsSmoke.spec.ts","",""
"","10016","Validate teller presented-check form shows all required fields","chromium","Wed Sep 23 10:19:17 UTC 2026","passed","Wed Sep 23 10:19:27 UTC 2026","Teller - Smoke","specs\Smoke\6-TellerSmoke.spec.ts","",""
"","9304","Verify dashboard tab checked state updates correctly","chromium","Wed Sep 23 10:13:54 UTC 2026","passed","Wed Sep 23 10:14:03 UTC 2026","Home Dashboard","specs\Smoke\3-HomeDashboardSmoke.spec.ts","",""
"","13740","Verify navigation to Exceptions via nav menu","webkit","Wed Sep 23 10:37:34 UTC 2026","passed","Wed Sep 23 10:37:48 UTC 2026","Home Dashboard","specs\Smoke\3-HomeDashboardSmoke.spec.ts","",""
"","11518","Page size change to 10 updates pagination info in bottom-right pager","msedge","Wed Sep 23 10:22:15 UTC 2026","passed","Wed Sep 23 10:22:27 UTC 2026","Exceptions — Smoke","specs\Smoke\8-ExceptionsSmoke.spec.ts","",""
"","13387","Validate Login functionality with caseSensitiveEmail","webkit","Wed Sep 23 10:30:53 UTC 2026","passed","Wed Sep 23 10:31:07 UTC 2026","","specs\Smoke\1-LoginSmoke.spec.ts","",""
"","15119","Excel export button is visible and enabled","webkit","Wed Sep 23 10:39:13 UTC 2026","passed","Wed Sep 23 10:39:28 UTC 2026","Issued Checks — Smoke","specs\Smoke\4-IssuedChecksSmoke.spec.ts","",""
"","9207","Next page arrow advances to page 2","chromium","Wed Sep 23 10:17:15 UTC 2026","passed","Wed Sep 23 10:17:24 UTC 2026","Presented Checks — Smoke","specs\Smoke\5-PresentedChecksSmoke.spec.ts","",""
"","7152","Billing Reports sub-page loads correctly","chromium","Wed Sep 23 10:13:18 UTC 2026","passed","Wed Sep 23 10:13:26 UTC 2026","Application Navigation Smoke Tests","specs\Smoke\2-NavigationSmoke.spec.ts","",""
"","15617","Validate forgot password functionality with No email","webkit","Wed Sep 23 10:32:06 UTC 2026","passed","Wed Sep 23 10:32:21 UTC 2026","","specs\Smoke\1-LoginSmoke.spec.ts","",""
"","18305","Business Clients sub-page loads correctly","webkit","Wed Sep 23 10:33:46 UTC 2026","passed","Wed Sep 23 10:34:04 UTC 2026","Application Navigation Smoke Tests","specs\Smoke\2-NavigationSmoke.spec.ts","",""
"","18996","""+ Add Check"" navigates to the add-check form","webkit","Wed Sep 23 10:39:04 UTC 2026","passed","Wed Sep 23 10:39:23 UTC 2026","Presented Checks — Smoke","specs\Smoke\5-PresentedChecksSmoke.spec.ts","",""
"","15610","Save a filter preset, verify it is auto-selected, then delete it","msedge","Wed Sep 23 10:19:58 UTC 2026","passed","Wed Sep 23 10:20:14 UTC 2026","Presented Checks — Smoke (Continued)","specs\Smoke\5-PresentedChecksSmoke.spec.ts","",""
"","9987","Settings page loads correctly","msedge","Wed Sep 23 10:12:51 UTC 2026","passed","Wed Sep 23 10:13:01 UTC 2026","Application Navigation Smoke Tests","specs\Smoke\2-NavigationSmoke.spec.ts","",""
"","7315","Validate unauthenticated access to protected route is redirected to login","msedge","Wed Sep 23 10:13:25 UTC 2026","passed","Wed Sep 23 10:13:32 UTC 2026","","specs\Smoke\1-LoginSmoke.spec.ts","",""
"","10665","Holiday Schedules sub-page loads correctly","msedge","Wed Sep 23 10:14:16 UTC 2026","passed","Wed Sep 23 10:14:27 UTC 2026","Application Navigation Smoke Tests","specs\Smoke\2-NavigationSmoke.spec.ts","",""
"","3931","Validate Login functionality with invalidEmailFormat","chromium","Wed Sep 23 10:12:20 UTC 2026","passed","Wed Sep 23 10:12:24 UTC 2026","","specs\Smoke\1-LoginSmoke.spec.ts","",""
"","18521","Next page arrow advances to page 2","webkit","Wed Sep 23 10:46:14 UTC 2026","passed","Wed Sep 23 10:46:32 UTC 2026","Exceptions — Smoke","specs\Smoke\8-ExceptionsSmoke.spec.ts","",""
"","10258","Search box filters grid and clears correctly","chromium","Wed Sep 23 10:19:56 UTC 2026","passed","Wed Sep 23 10:20:06 UTC 2026","ACH — Smoke","specs\Smoke\7-ACHSmoke.spec.ts","",""
"","15868","""Uploaded Checks"" navigates to the uploads page","webkit","Wed Sep 23 10:38:39 UTC 2026","passed","Wed Sep 23 10:38:55 UTC 2026","Issued Checks — Smoke","specs\Smoke\4-IssuedChecksSmoke.spec.ts","",""
"","17583","""+ Add ACH"" navigates to the add-ACH form","webkit","Wed Sep 23 10:44:27 UTC 2026","passed","Wed Sep 23 10:44:45 UTC 2026","ACH — Smoke","specs\Smoke\7-ACHSmoke.spec.ts","",""
"","10512","Business Clients sub-page loads correctly","msedge","Wed Sep 23 10:13:11 UTC 2026","passed","Wed Sep 23 10:13:22 UTC 2026","Application Navigation Smoke Tests","specs\Smoke\2-NavigationSmoke.spec.ts","",""
"","11954","""Delete"" on a row shows a confirm modal; Cancel dismisses it without deleting","msedge","Wed Sep 23 10:20:13 UTC 2026","passed","Wed Sep 23 10:20:25 UTC 2026","Issued Checks — Smoke (Continued)","specs\Smoke\4-IssuedChecksSmoke.spec.ts","",""
"","24538","Previous page button returns to page 1, First page button re-enables disabled state","webkit","Wed Sep 23 10:46:52 UTC 2026","passed","Wed Sep 23 10:47:16 UTC 2026","ACH — Smoke","specs\Smoke\7-ACHSmoke.spec.ts","",""
"","16248","""Delete"" on a row shows a confirm modal; Cancel dismisses it without deleting","firefox","Wed Sep 23 10:31:08 UTC 2026","passed","Wed Sep 23 10:31:24 UTC 2026","ACH — Smoke","specs\Smoke\7-ACHSmoke.spec.ts","",""
"","3524","Validate Login functionality with incorrectUsername","firefox","Wed Sep 23 10:13:17 UTC 2026","passed","Wed Sep 23 10:13:21 UTC 2026","","specs\Smoke\1-LoginSmoke.spec.ts","",""
"","22085","Verify dashboard loads after successful login","firefox","Wed Sep 23 10:15:13 UTC 2026","passed","Wed Sep 23 10:15:35 UTC 2026","Home Dashboard","specs\Smoke\3-HomeDashboardSmoke.spec.ts","",""
"","13589","Verify profile menu shows My Info and Logout links","msedge","Wed Sep 23 10:15:17 UTC 2026","passed","Wed Sep 23 10:15:31 UTC 2026","Home Dashboard","specs\Smoke\3-HomeDashboardSmoke.spec.ts","",""
"","16366","""Delete"" on a row shows a confirm modal; Cancel dismisses it without deleting","firefox","Wed Sep 23 10:25:35 UTC 2026","passed","Wed Sep 23 10:25:51 UTC 2026","Presented Checks — Smoke (Continued)","specs\Smoke\5-PresentedChecksSmoke.spec.ts","",""
"","15179","Notification Templates sub-page loads correctly","firefox","Wed Sep 23 10:17:35 UTC 2026","passed","Wed Sep 23 10:17:51 UTC 2026","Application Navigation Smoke Tests","specs\Smoke\2-NavigationSmoke.spec.ts","",""
"","17789","Validate teller presented-check form shows all required fields","webkit","Wed Sep 23 10:43:50 UTC 2026","passed","Wed Sep 23 10:44:08 UTC 2026","Teller - Smoke","specs\Smoke\6-TellerSmoke.spec.ts","",""
"","20228","Clicking a column header sorts ascending, clicking again sorts descending","firefox","Wed Sep 23 10:30:11 UTC 2026","passed","Wed Sep 23 10:30:32 UTC 2026","ACH — Smoke","specs\Smoke\7-ACHSmoke.spec.ts","",""
"","21004","Verify Home dashboard is restored after returning from another page","firefox","Wed Sep 23 10:18:30 UTC 2026","passed","Wed Sep 23 10:18:51 UTC 2026","Home Dashboard","specs\Smoke\3-HomeDashboardSmoke.spec.ts","",""
"","14246","Search box filters grid and clears correctly","msedge","Wed Sep 23 10:21:21 UTC 2026","passed","Wed Sep 23 10:21:35 UTC 2026","ACH — Smoke","specs\Smoke\7-ACHSmoke.spec.ts","",""
"","7310","Notification Log sub-page loads correctly","chromium","Wed Sep 23 10:14:29 UTC 2026","passed","Wed Sep 23 10:14:36 UTC 2026","Application Navigation Smoke Tests","specs\Smoke\2-NavigationSmoke.spec.ts","",""
"","10762","""Uploaded ACH"" navigates to the uploads page","chromium","Wed Sep 23 10:19:45 UTC 2026","passed","Wed Sep 23 10:19:56 UTC 2026","ACH — Smoke","specs\Smoke\7-ACHSmoke.spec.ts","",""
"","13952","Page size change to 10 updates pagination info in bottom-right pager","chromium","Wed Sep 23 10:16:30 UTC 2026","passed","Wed Sep 23 10:16:44 UTC 2026","Issued Checks — Smoke","specs\Smoke\4-IssuedChecksSmoke.spec.ts","",""
"","8735","Typing a page number navigates to that page","chromium","Wed Sep 23 10:17:06 UTC 2026","passed","Wed Sep 23 10:17:15 UTC 2026","Issued Checks — Smoke","specs\Smoke\4-IssuedChecksSmoke.spec.ts","",""
"","11323","ACH page loads correctly","msedge","Wed Sep 23 10:12:29 UTC 2026","passed","Wed Sep 23 10:12:40 UTC 2026","Application Navigation Smoke Tests","specs\Smoke\2-NavigationSmoke.spec.ts","",""
"","16523","Clicking a column header sorts ascending, clicking again sorts descending","firefox","Wed Sep 23 10:30:03 UTC 2026","passed","Wed Sep 23 10:30:19 UTC 2026","Exceptions — Smoke (Continued)","specs\Smoke\8-ExceptionsSmoke.spec.ts","",""
"","18043","""+ Add Check"" navigates to the add-check form","webkit","Wed Sep 23 10:38:21 UTC 2026","passed","Wed Sep 23 10:38:39 UTC 2026","Issued Checks — Smoke","specs\Smoke\4-IssuedChecksSmoke.spec.ts","",""
"","8991","Excel export button is visible and enabled","chromium","Wed Sep 23 10:20:06 UTC 2026","passed","Wed Sep 23 10:20:15 UTC 2026","ACH — Smoke","specs\Smoke\7-ACHSmoke.spec.ts","",""
"","15503","Check Approval Rules sub-page loads correctly","webkit","Wed Sep 23 10:36:30 UTC 2026","passed","Wed Sep 23 10:36:46 UTC 2026","Application Navigation Smoke Tests","specs\Smoke\2-NavigationSmoke.spec.ts","",""
"","15960","Page size change to 10 updates pagination info in bottom-right pager","webkit","Wed Sep 23 10:39:28 UTC 2026","passed","Wed Sep 23 10:39:44 UTC 2026","Issued Checks — Smoke","specs\Smoke\4-IssuedChecksSmoke.spec.ts","",""
"","11503","Validate Login functionality with correctCredentials","chromium","Wed Sep 23 10:11:51 UTC 2026","passed","Wed Sep 23 10:12:02 UTC 2026","","specs\Smoke\1-LoginSmoke.spec.ts","",""
"","6864","Validate Login functionality with emptyFields","firefox","Wed Sep 23 10:13:24 UTC 2026","passed","Wed Sep 23 10:13:31 UTC 2026","","specs\Smoke\1-LoginSmoke.spec.ts","",""
"","13886","Default Decision Log sub-page loads correctly","webkit","Wed Sep 23 10:37:30 UTC 2026","passed","Wed Sep 23 10:37:44 UTC 2026","Application Navigation Smoke Tests","specs\Smoke\2-NavigationSmoke.spec.ts","",""
"","10056","Verify dashboard loads after successful login","msedge","Wed Sep 23 10:13:32 UTC 2026","passed","Wed Sep 23 10:13:42 UTC 2026","Home Dashboard","specs\Smoke\3-HomeDashboardSmoke.spec.ts","",""
"","9698","""Delete"" on a row shows a confirm modal; Cancel dismisses it without deleting","chromium","Wed Sep 23 10:19:26 UTC 2026","passed","Wed Sep 23 10:19:36 UTC 2026","Presented Checks — Smoke (Continued)","specs\Smoke\5-PresentedChecksSmoke.spec.ts","",""
"","22780","Pay/Return decision badge navigates to exception history","firefox","Wed Sep 23 10:31:24 UTC 2026","passed","Wed Sep 23 10:31:47 UTC 2026","ACH — Smoke","specs\Smoke\7-ACHSmoke.spec.ts","",""
"","19709","Excel export button is visible and enabled","firefox","Wed Sep 23 10:21:09 UTC 2026","passed","Wed Sep 23 10:21:28 UTC 2026","Issued Checks — Smoke","specs\Smoke\4-IssuedChecksSmoke.spec.ts","",""
"","16130","Verify all three dashboard view tabs are visible","webkit","Wed Sep 23 10:33:18 UTC 2026","passed","Wed Sep 23 10:33:34 UTC 2026","Home Dashboard","specs\Smoke\3-HomeDashboardSmoke.spec.ts","",""
"","14318","Exceptions breadcrumb link is visible on the page","firefox","Wed Sep 23 10:31:13 UTC 2026","passed","Wed Sep 23 10:31:28 UTC 2026","Exceptions — Smoke (Continued)","specs\Smoke\8-ExceptionsSmoke.spec.ts","",""
"","19599","""Uploaded Checks"" navigates to the uploads page","webkit","Wed Sep 23 10:39:23 UTC 2026","passed","Wed Sep 23 10:39:42 UTC 2026","Presented Checks — Smoke","specs\Smoke\5-PresentedChecksSmoke.spec.ts","",""
"","25593","Decision badge on an already-reviewed row is blocked with a system message","webkit","Wed Sep 23 10:49:46 UTC 2026","passed","Wed Sep 23 10:50:11 UTC 2026","Exceptions — Smoke (Continued)","specs\Smoke\8-ExceptionsSmoke.spec.ts","",""
"","13146","Verify Total Exceptions and Total Exception Amount labels are visible","webkit","Wed Sep 23 10:35:27 UTC 2026","passed","Wed Sep 23 10:35:40 UTC 2026","Home Dashboard","specs\Smoke\3-HomeDashboardSmoke.spec.ts","",""
"","27663","Settings page loads correctly","firefox","Wed Sep 23 10:14:44 UTC 2026","passed","Wed Sep 23 10:15:11 UTC 2026","Application Navigation Smoke Tests","specs\Smoke\2-NavigationSmoke.spec.ts","",""
"","8064","Verify Combined View shows all chart sections","msedge","Wed Sep 23 10:13:51 UTC 2026","passed","Wed Sep 23 10:13:59 UTC 2026","Home Dashboard","specs\Smoke\3-HomeDashboardSmoke.spec.ts","",""
"","15961","Saved Filters dropdown is visible and defaults to no preset","webkit","Wed Sep 23 10:47:36 UTC 2026","passed","Wed Sep 23 10:47:52 UTC 2026","Exceptions — Smoke","specs\Smoke\8-ExceptionsSmoke.spec.ts","",""
"","10959","Decision Files sub-page loads correctly","msedge","Wed Sep 23 10:14:05 UTC 2026","passed","Wed Sep 23 10:14:16 UTC 2026","Application Navigation Smoke Tests","specs\Smoke\2-NavigationSmoke.spec.ts","",""
"","9219","Verify chart title changes with selected tab","msedge","Wed Sep 23 10:14:25 UTC 2026","passed","Wed Sep 23 10:14:35 UTC 2026","Home Dashboard","specs\Smoke\3-HomeDashboardSmoke.spec.ts","",""
"","9047","Verify navigation to Presented Checks via nav menu","chromium","Wed Sep 23 10:15:29 UTC 2026","passed","Wed Sep 23 10:15:38 UTC 2026","Home Dashboard","specs\Smoke\3-HomeDashboardSmoke.spec.ts","",""
"","12436","Navigation tabs to Pre-Decisions, Approvals, and Exception History are visible","chromium","Wed Sep 23 10:22:44 UTC 2026","passed","Wed Sep 23 10:22:56 UTC 2026","Exceptions — Smoke (Continued)","specs\Smoke\8-ExceptionsSmoke.spec.ts","",""
"","14988","Previous page button returns to page 1, First page button re-enables disabled state","msedge","Wed Sep 23 10:19:18 UTC 2026","passed","Wed Sep 23 10:19:33 UTC 2026","Presented Checks — Smoke","specs\Smoke\5-PresentedChecksSmoke.spec.ts","",""
"","7295","Validate Login functionality with veryLongInput","firefox","Wed Sep 23 10:13:57 UTC 2026","passed","Wed Sep 23 10:14:05 UTC 2026","","specs\Smoke\1-LoginSmoke.spec.ts","",""
"","17832","""Uploaded Checks"" navigates to the uploads page","firefox","Wed Sep 23 10:20:33 UTC 2026","passed","Wed Sep 23 10:20:51 UTC 2026","Issued Checks — Smoke","specs\Smoke\4-IssuedChecksSmoke.spec.ts","",""
"","12662","""Edit"" link on a row navigates to the check edit form","firefox","Wed Sep 23 10:25:07 UTC 2026","passed","Wed Sep 23 10:25:19 UTC 2026","Presented Checks — Smoke (Continued)","specs\Smoke\5-PresentedChecksSmoke.spec.ts","",""
"","18215","Clicking a column header sorts ascending, clicking again sorts descending","webkit","Wed Sep 23 10:41:58 UTC 2026","passed","Wed Sep 23 10:42:16 UTC 2026","Issued Checks — Smoke (Continued)","specs\Smoke\4-IssuedChecksSmoke.spec.ts","",""
"","12911","Column filter menu applies a filter and Clear restores the full row set","msedge","Wed Sep 23 10:24:12 UTC 2026","passed","Wed Sep 23 10:24:25 UTC 2026","Exceptions — Smoke (Continued)","specs\Smoke\8-ExceptionsSmoke.spec.ts","",""
"","17779","Last page arrow jumps to the final page","webkit","Wed Sep 23 10:46:14 UTC 2026","passed","Wed Sep 23 10:46:31 UTC 2026","ACH — Smoke","specs\Smoke\7-ACHSmoke.spec.ts","",""
"","16613","""Edit"" link on a row navigates to the check edit form","webkit","Wed Sep 23 10:42:41 UTC 2026","passed","Wed Sep 23 10:42:57 UTC 2026","Issued Checks — Smoke (Continued)","specs\Smoke\4-IssuedChecksSmoke.spec.ts","",""
"","10254","Grid View toggle navigates to the open-exceptions grid and shows key column headers","webkit","Wed Sep 23 10:50:47 UTC 2026","passed","Wed Sep 23 10:50:57 UTC 2026","Exceptions — Smoke (Continued)","specs\Smoke\8-ExceptionsSmoke.spec.ts","",""
"","5007","Validate forgot password functionality","chromium","Wed Sep 23 10:12:51 UTC 2026","passed","Wed Sep 23 10:12:56 UTC 2026","","specs\Smoke\1-LoginSmoke.spec.ts","",""
"","14245","""+ Add Check"" navigates to the add-check form","msedge","Wed Sep 23 10:17:09 UTC 2026","passed","Wed Sep 23 10:17:23 UTC 2026","Presented Checks — Smoke","specs\Smoke\5-PresentedChecksSmoke.spec.ts","",""
"","7336","Validate Login functionality with caseSensitiveEmail","chromium","Wed Sep 23 10:12:03 UTC 2026","passed","Wed Sep 23 10:12:10 UTC 2026","","specs\Smoke\1-LoginSmoke.spec.ts","",""
"","6678","Verify Combined View shows all chart sections","chromium","Wed Sep 23 10:13:32 UTC 2026","passed","Wed Sep 23 10:13:39 UTC 2026","Home Dashboard","specs\Smoke\3-HomeDashboardSmoke.spec.ts","",""
"","20971","Default filter auto-applies after logout and re-login","chromium","Wed Sep 23 10:17:35 UTC 2026","passed","Wed Sep 23 10:17:56 UTC 2026","Issued Checks — Default Filter (Serial)","specs\Smoke\4-IssuedChecksSmoke.spec.ts","",""
"","20707","Previous page button returns to page 1, First page button re-enables disabled state","webkit","Wed Sep 23 10:40:35 UTC 2026","passed","Wed Sep 23 10:40:55 UTC 2026","Issued Checks — Smoke","specs\Smoke\4-IssuedChecksSmoke.spec.ts","",""
"","23539","Column filter menu applies a filter and Clear restores the full row set","webkit","Wed Sep 23 10:48:56 UTC 2026","passed","Wed Sep 23 10:49:20 UTC 2026","Exceptions — Smoke (Continued)","specs\Smoke\8-ExceptionsSmoke.spec.ts","",""
"","7384","Verify summary KPI values have expected number formats","msedge","Wed Sep 23 10:14:52 UTC 2026","passed","Wed Sep 23 10:14:59 UTC 2026","Home Dashboard","specs\Smoke\3-HomeDashboardSmoke.spec.ts","",""
"","10306","Saved Filters dropdown is visible and defaults to no preset","chromium","Wed Sep 23 10:21:14 UTC 2026","passed","Wed Sep 23 10:21:24 UTC 2026","Exceptions — Smoke","specs\Smoke\8-ExceptionsSmoke.spec.ts","",""
"","14640","Default filter auto-applies after logout and re-login","webkit","Wed Sep 23 10:42:10 UTC 2026","skipped","Wed Sep 23 10:42:25 UTC 2026","Presented Checks — Default Filter (Serial)","specs\Smoke\5-PresentedChecksSmoke.spec.ts","",""
"","17843","Verify ACH Only tab shows ACH-specific chart sections","webkit","Wed Sep 23 10:34:09 UTC 2026","passed","Wed Sep 23 10:34:27 UTC 2026","Home Dashboard","specs\Smoke\3-HomeDashboardSmoke.spec.ts","",""
"","10021","Default filter auto-applies after logout and re-login","firefox","Wed Sep 23 10:29:28 UTC 2026","skipped","Wed Sep 23 10:29:38 UTC 2026","Exceptions — Default Filter (Serial)","specs\Smoke\8-ExceptionsSmoke.spec.ts","",""
"","18200","Previous page button returns to page 1, First page button re-enables disabled state","firefox","Wed Sep 23 10:23:21 UTC 2026","passed","Wed Sep 23 10:23:40 UTC 2026","Presented Checks — Smoke","specs\Smoke\5-PresentedChecksSmoke.spec.ts","",""
"","16801","""Edit"" link on a row navigates to the check edit form","webkit","Wed Sep 23 10:43:37 UTC 2026","passed","Wed Sep 23 10:43:54 UTC 2026","Presented Checks — Smoke (Continued)","specs\Smoke\5-PresentedChecksSmoke.spec.ts","",""
"","5965","Validate forgot password functionality with No email","msedge","Wed Sep 23 10:13:03 UTC 2026","passed","Wed Sep 23 10:13:09 UTC 2026","","specs\Smoke\1-LoginSmoke.spec.ts","",""
"","6152","Clicking a column header sorts ascending, clicking again sorts descending","chromium","Wed Sep 23 10:22:03 UTC 2026","passed","Wed Sep 23 10:22:09 UTC 2026","Exceptions — Smoke (Continued)","specs\Smoke\8-ExceptionsSmoke.spec.ts","",""
"","9259","Automatic Check Decision Rules sub-page loads correctly","chromium","Wed Sep 23 10:13:54 UTC 2026","passed","Wed Sep 23 10:14:04 UTC 2026","Application Navigation Smoke Tests","specs\Smoke\2-NavigationSmoke.spec.ts","",""
"","11457","Verify Home dashboard is restored after returning from another page","chromium","Wed Sep 23 10:15:06 UTC 2026","passed","Wed Sep 23 10:15:17 UTC 2026","Home Dashboard","specs\Smoke\3-HomeDashboardSmoke.spec.ts","",""
"","10803","Roles/Permissions sub-page loads correctly","msedge","Wed Sep 23 10:13:31 UTC 2026","passed","Wed Sep 23 10:13:42 UTC 2026","Application Navigation Smoke Tests","specs\Smoke\2-NavigationSmoke.spec.ts","",""
"","14788","Verify navigation to Settings via nav menu","firefox","Wed Sep 23 10:19:42 UTC 2026","passed","Wed Sep 23 10:19:57 UTC 2026","Home Dashboard","specs\Smoke\3-HomeDashboardSmoke.spec.ts","",""
"","17064","Issued Checks breadcrumb link is visible on the page","webkit","Wed Sep 23 10:43:33 UTC 2026","passed","Wed Sep 23 10:43:50 UTC 2026","Issued Checks — Smoke (Continued)","specs\Smoke\4-IssuedChecksSmoke.spec.ts","",""
"","4821","Validate Login functionality with incorrectPassword","chromium","Wed Sep 23 10:12:10 UTC 2026","passed","Wed Sep 23 10:12:15 UTC 2026","","specs\Smoke\1-LoginSmoke.spec.ts","",""
"","12504","Save a filter preset, verify it is auto-selected, then delete it","chromium","Wed Sep 23 10:22:38 UTC 2026","passed","Wed Sep 23 10:22:50 UTC 2026","ACH — Smoke","specs\Smoke\7-ACHSmoke.spec.ts","",""
"","19284","Column filter popup applies a filter and Clear restores the full row set","firefox","Wed Sep 23 10:30:32 UTC 2026","passed","Wed Sep 23 10:30:51 UTC 2026","ACH — Smoke","specs\Smoke\7-ACHSmoke.spec.ts","",""
"","11487","Validate teller presented-check form shows all required fields","msedge","Wed Sep 23 10:20:36 UTC 2026","passed","Wed Sep 23 10:20:48 UTC 2026","Teller - Smoke","specs\Smoke\6-TellerSmoke.spec.ts","",""
"","13771","""Delete"" on a row shows a confirm modal; Cancel dismisses it without deleting","msedge","Wed Sep 23 10:21:04 UTC 2026","passed","Wed Sep 23 10:21:18 UTC 2026","Presented Checks — Smoke (Continued)","specs\Smoke\5-PresentedChecksSmoke.spec.ts","",""
"","12040","Pay/Return decision badge navigates to exception history","msedge","Wed Sep 23 10:21:18 UTC 2026","passed","Wed Sep 23 10:21:30 UTC 2026","Presented Checks — Smoke (Continued)","specs\Smoke\5-PresentedChecksSmoke.spec.ts","",""
"","5899","Validate Login functionality with incorrectPassword","msedge","Wed Sep 23 10:12:05 UTC 2026","passed","Wed Sep 23 10:12:11 UTC 2026","","specs\Smoke\1-LoginSmoke.spec.ts","",""
"","8254","Column filter popup applies a filter and Clear restores the full row set","chromium","Wed Sep 23 10:23:00 UTC 2026","passed","Wed Sep 23 10:23:08 UTC 2026","ACH — Smoke","specs\Smoke\7-ACHSmoke.spec.ts","",""
"","18017","Billing Reports sub-page loads correctly","webkit","Wed Sep 23 10:34:58 UTC 2026","passed","Wed Sep 23 10:35:16 UTC 2026","Application Navigation Smoke Tests","specs\Smoke\2-NavigationSmoke.spec.ts","",""
"","8439","Verify dashboard footer footnote and privacy link are visible","msedge","Wed Sep 23 10:15:09 UTC 2026","passed","Wed Sep 23 10:15:17 UTC 2026","Home Dashboard","specs\Smoke\3-HomeDashboardSmoke.spec.ts","",""
"","39333","Validate Login functionality with correctCredentials","firefox","Wed Sep 23 10:12:23 UTC 2026","passed","Wed Sep 23 10:13:02 UTC 2026","","specs\Smoke\1-LoginSmoke.spec.ts","",""
"","10170","Navigation tabs to Pre-Decisions, Approvals, and Exception History are visible","webkit","Wed Sep 23 10:50:28 UTC 2026","passed","Wed Sep 23 10:50:38 UTC 2026","Exceptions — Smoke (Continued)","specs\Smoke\8-ExceptionsSmoke.spec.ts","",""
"","9896","Verify dashboard footer footnote and privacy link are visible","chromium","Wed Sep 23 10:14:46 UTC 2026","passed","Wed Sep 23 10:14:55 UTC 2026","Home Dashboard","specs\Smoke\3-HomeDashboardSmoke.spec.ts","",""
"","5040","Validate Login functionality with missingPassword","webkit","Wed Sep 23 10:31:30 UTC 2026","passed","Wed Sep 23 10:31:35 UTC 2026","","specs\Smoke\1-LoginSmoke.spec.ts","",""
"","15595","Home page is accessible and shows dashboard","msedge","Wed Sep 23 10:11:43 UTC 2026","passed","Wed Sep 23 10:11:59 UTC 2026","Application Navigation Smoke Tests","specs\Smoke\2-NavigationSmoke.spec.ts","",""
"","8121","Page size change to 10 updates pagination info in bottom-right pager","chromium","Wed Sep 23 10:20:15 UTC 2026","passed","Wed Sep 23 10:20:23 UTC 2026","ACH — Smoke","specs\Smoke\7-ACHSmoke.spec.ts","",""
"","9796","Validate forgot password functionality","firefox","Wed Sep 23 10:14:05 UTC 2026","passed","Wed Sep 23 10:14:15 UTC 2026","","specs\Smoke\1-LoginSmoke.spec.ts","",""
"","4381","Validate Login functionality with veryLongInput","chromium","Wed Sep 23 10:12:47 UTC 2026","passed","Wed Sep 23 10:12:51 UTC 2026","","specs\Smoke\1-LoginSmoke.spec.ts","",""
"","19089","ACH page loads correctly","webkit","Wed Sep 23 10:32:36 UTC 2026","passed","Wed Sep 23 10:32:55 UTC 2026","Application Navigation Smoke Tests","specs\Smoke\2-NavigationSmoke.spec.ts","",""
"","28565","Next page arrow advances to page 2","firefox","Wed Sep 23 10:23:21 UTC 2026","passed","Wed Sep 23 10:23:50 UTC 2026","Issued Checks — Smoke","specs\Smoke\4-IssuedChecksSmoke.spec.ts","",""
"","13456","Verify navigation to ACH via nav menu","firefox","Wed Sep 23 10:19:16 UTC 2026","passed","Wed Sep 23 10:19:30 UTC 2026","Home Dashboard","specs\Smoke\3-HomeDashboardSmoke.spec.ts","",""
"","9370","Last page arrow jumps to the final page","chromium","Wed Sep 23 10:20:41 UTC 2026","passed","Wed Sep 23 10:20:51 UTC 2026","Exceptions — Smoke","specs\Smoke\8-ExceptionsSmoke.spec.ts","",""
"","14758","Teller page loads correctly","webkit","Wed Sep 23 10:32:21 UTC 2026","passed","Wed Sep 23 10:32:36 UTC 2026","Application Navigation Smoke Tests","specs\Smoke\2-NavigationSmoke.spec.ts","",""
"","6450","Verify Check Only tab shows Check-specific chart sections","chromium","Wed Sep 23 10:13:39 UTC 2026","passed","Wed Sep 23 10:13:45 UTC 2026","Home Dashboard","specs\Smoke\3-HomeDashboardSmoke.spec.ts","",""
"","15206","Users sub-page loads correctly","firefox","Wed Sep 23 10:15:49 UTC 2026","passed","Wed Sep 23 10:16:04 UTC 2026","Application Navigation Smoke Tests","specs\Smoke\2-NavigationSmoke.spec.ts","",""
"","11542","""Delete"" on a row shows a confirm modal; Cancel dismisses it without deleting","chromium","Wed Sep 23 10:23:16 UTC 2026","passed","Wed Sep 23 10:23:28 UTC 2026","ACH — Smoke","specs\Smoke\7-ACHSmoke.spec.ts","",""
"","25260","Previous page button returns to page 1, First page button re-enables disabled state","webkit","Wed Sep 23 10:47:10 UTC 2026","passed","Wed Sep 23 10:47:36 UTC 2026","Exceptions — Smoke","specs\Smoke\8-ExceptionsSmoke.spec.ts","",""
"","15339","Issued Checks page loads correctly","webkit","Wed Sep 23 10:30:56 UTC 2026","passed","Wed Sep 23 10:31:11 UTC 2026","Application Navigation Smoke Tests","specs\Smoke\2-NavigationSmoke.spec.ts","",""
"","9016","Next page arrow advances to page 2","chromium","Wed Sep 23 10:20:32 UTC 2026","passed","Wed Sep 23 10:20:41 UTC 2026","Exceptions — Smoke","specs\Smoke\8-ExceptionsSmoke.spec.ts","",""
"","10644","Issued Checks page loads correctly","msedge","Wed Sep 23 10:11:59 UTC 2026","passed","Wed Sep 23 10:12:10 UTC 2026","Application Navigation Smoke Tests","specs\Smoke\2-NavigationSmoke.spec.ts","",""
"","15333","File Processing sub-page loads correctly","webkit","Wed Sep 23 10:37:58 UTC 2026","passed","Wed Sep 23 10:38:13 UTC 2026","Application Navigation Smoke Tests","specs\Smoke\2-NavigationSmoke.spec.ts","",""
"","12316","Excel export button is visible and enabled","chromium","Wed Sep 23 10:16:17 UTC 2026","passed","Wed Sep 23 10:16:30 UTC 2026","Issued Checks — Smoke","specs\Smoke\4-IssuedChecksSmoke.spec.ts","",""
"","13881","Column filter popup applies a filter and Clear restores the full row set","msedge","Wed Sep 23 10:19:33 UTC 2026","passed","Wed Sep 23 10:19:47 UTC 2026","Issued Checks — Smoke (Continued)","specs\Smoke\4-IssuedChecksSmoke.spec.ts","",""
"","9990","Account Settings sub-page loads correctly","msedge","Wed Sep 23 10:13:01 UTC 2026","passed","Wed Sep 23 10:13:11 UTC 2026","Application Navigation Smoke Tests","specs\Smoke\2-NavigationSmoke.spec.ts","",""
"","19605","Decision badge on an already-reviewed row is blocked with a system message","firefox","Wed Sep 23 10:30:54 UTC 2026","passed","Wed Sep 23 10:31:13 UTC 2026","Exceptions — Smoke (Continued)","specs\Smoke\8-ExceptionsSmoke.spec.ts","",""
"","10789","Next page arrow advances to page 2","firefox","Wed Sep 23 10:22:50 UTC 2026","passed","Wed Sep 23 10:23:01 UTC 2026","Presented Checks — Smoke","specs\Smoke\5-PresentedChecksSmoke.spec.ts","",""
"","14808","Next page arrow advances to page 2","firefox","Wed Sep 23 10:28:00 UTC 2026","passed","Wed Sep 23 10:28:15 UTC 2026","Exceptions — Smoke","specs\Smoke\8-ExceptionsSmoke.spec.ts","",""
"","19375","Navigation tabs to Pre-Decisions, Approvals, and Exception History are visible","firefox","Wed Sep 23 10:31:28 UTC 2026","passed","Wed Sep 23 10:31:47 UTC 2026","Exceptions — Smoke (Continued)","specs\Smoke\8-ExceptionsSmoke.spec.ts","",""
"","16673","Web Hooks sub-page loads correctly","webkit","Wed Sep 23 10:38:28 UTC 2026","passed","Wed Sep 23 10:38:45 UTC 2026","Application Navigation Smoke Tests","specs\Smoke\2-NavigationSmoke.spec.ts","",""
"","15351","Verify navigation to Settings via nav menu","webkit","Wed Sep 23 10:37:48 UTC 2026","passed","Wed Sep 23 10:38:04 UTC 2026","Home Dashboard","specs\Smoke\3-HomeDashboardSmoke.spec.ts","",""
"","28026","Save a filter preset, verify it is auto-selected, then delete it","webkit","Wed Sep 23 10:41:30 UTC 2026","passed","Wed Sep 23 10:41:58 UTC 2026","Issued Checks — Smoke (Continued)","specs\Smoke\4-IssuedChecksSmoke.spec.ts","",""
"","12791","Typing a page number navigates to that page","msedge","Wed Sep 23 10:22:54 UTC 2026","passed","Wed Sep 23 10:23:07 UTC 2026","Exceptions — Smoke","specs\Smoke\8-ExceptionsSmoke.spec.ts","",""
"","19031","Account Settings sub-page loads correctly","firefox","Wed Sep 23 10:15:11 UTC 2026","passed","Wed Sep 23 10:15:30 UTC 2026","Application Navigation Smoke Tests","specs\Smoke\2-NavigationSmoke.spec.ts","",""
"","14099","Holiday Schedules sub-page loads correctly","webkit","Wed Sep 23 10:35:31 UTC 2026","passed","Wed Sep 23 10:35:45 UTC 2026","Application Navigation Smoke Tests","specs\Smoke\2-NavigationSmoke.spec.ts","",""
"","13399","Column filter popup applies a filter and Clear restores the full row set","chromium","Wed Sep 23 10:18:22 UTC 2026","passed","Wed Sep 23 10:18:35 UTC 2026","Issued Checks — Smoke (Continued)","specs\Smoke\4-IssuedChecksSmoke.spec.ts","",""
"","18542","Automatic ACH Decision Rules sub-page loads correctly","firefox","Wed Sep 23 10:18:18 UTC 2026","passed","Wed Sep 23 10:18:37 UTC 2026","Application Navigation Smoke Tests","specs\Smoke\2-NavigationSmoke.spec.ts","",""
"","10520","Excel export button is visible and enabled","msedge","Wed Sep 23 10:17:37 UTC 2026","passed","Wed Sep 23 10:17:47 UTC 2026","Issued Checks — Smoke","specs\Smoke\4-IssuedChecksSmoke.spec.ts","",""
"","11673","Default Decision Log sub-page loads correctly","chromium","Wed Sep 23 10:14:36 UTC 2026","passed","Wed Sep 23 10:14:48 UTC 2026","Application Navigation Smoke Tests","specs\Smoke\2-NavigationSmoke.spec.ts","",""
"","18675","Clicking a column header sorts ascending, clicking again sorts descending","webkit","Wed Sep 23 10:48:20 UTC 2026","passed","Wed Sep 23 10:48:39 UTC 2026","ACH — Smoke","specs\Smoke\7-ACHSmoke.spec.ts","",""
"","13149","Default filter auto-applies after logout and re-login","firefox","Wed Sep 23 10:23:48 UTC 2026","skipped","Wed Sep 23 10:24:02 UTC 2026","Presented Checks — Default Filter (Serial)","specs\Smoke\5-PresentedChecksSmoke.spec.ts","",""
"","25852","""View"" link on a row opens the Exception Details dialog","webkit","Wed Sep 23 10:49:20 UTC 2026","passed","Wed Sep 23 10:49:45 UTC 2026","Exceptions — Smoke (Continued)","specs\Smoke\8-ExceptionsSmoke.spec.ts","",""
"","7095","Verify tab-specific charts are hidden for opposite tab","msedge","Wed Sep 23 10:14:35 UTC 2026","passed","Wed Sep 23 10:14:42 UTC 2026","Home Dashboard","specs\Smoke\3-HomeDashboardSmoke.spec.ts","",""
"","8835","Clicking a column header sorts ascending, clicking again sorts descending","chromium","Wed Sep 23 10:22:51 UTC 2026","passed","Wed Sep 23 10:23:00 UTC 2026","ACH — Smoke","specs\Smoke\7-ACHSmoke.spec.ts","",""
"","15203","Excel export button is visible and enabled","firefox","Wed Sep 23 10:21:30 UTC 2026","passed","Wed Sep 23 10:21:45 UTC 2026","Presented Checks — Smoke","specs\Smoke\5-PresentedChecksSmoke.spec.ts","",""
"","14456","Holiday Schedules sub-page loads correctly","firefox","Wed Sep 23 10:17:08 UTC 2026","passed","Wed Sep 23 10:17:22 UTC 2026","Application Navigation Smoke Tests","specs\Smoke\2-NavigationSmoke.spec.ts","",""
"","10163","Pay/Return decision badge navigates to exception history","chromium","Wed Sep 23 10:19:36 UTC 2026","passed","Wed Sep 23 10:19:46 UTC 2026","Presented Checks — Smoke (Continued)","specs\Smoke\5-PresentedChecksSmoke.spec.ts","",""
"","8187","Saved Filters dropdown is visible and defaults to no preset","chromium","Wed Sep 23 10:17:57 UTC 2026","passed","Wed Sep 23 10:18:05 UTC 2026","Presented Checks — Smoke","specs\Smoke\5-PresentedChecksSmoke.spec.ts","",""
"","11415","Verify all three dashboard view tabs are visible","firefox","Wed Sep 23 10:15:35 UTC 2026","passed","Wed Sep 23 10:15:46 UTC 2026","Home Dashboard","specs\Smoke\3-HomeDashboardSmoke.spec.ts","",""
"","17539","Verify tab-specific charts are hidden for opposite tab","webkit","Wed Sep 23 10:35:09 UTC 2026","passed","Wed Sep 23 10:35:27 UTC 2026","Home Dashboard","specs\Smoke\3-HomeDashboardSmoke.spec.ts","",""
"","8215","Validate forgot password functionality","webkit","Wed Sep 23 10:31:57 UTC 2026","passed","Wed Sep 23 10:32:06 UTC 2026","","specs\Smoke\1-LoginSmoke.spec.ts","",""
"","8897","Approvals page loads with either records or the empty-state message","msedge","Wed Sep 23 10:25:34 UTC 2026","passed","Wed Sep 23 10:25:43 UTC 2026","Exceptions — Smoke (Continued)","specs\Smoke\8-ExceptionsSmoke.spec.ts","",""
"","6396","Validate Login functionality with emptyFields","msedge","Wed Sep 23 10:12:22 UTC 2026","passed","Wed Sep 23 10:12:29 UTC 2026","","specs\Smoke\1-LoginSmoke.spec.ts","",""
"","5647","Validate Login functionality with missingPassword","msedge","Wed Sep 23 10:12:29 UTC 2026","passed","Wed Sep 23 10:12:34 UTC 2026","","specs\Smoke\1-LoginSmoke.spec.ts","",""
"","25960","Default filter auto-applies after logout and re-login","chromium","Wed Sep 23 10:21:14 UTC 2026","passed","Wed Sep 23 10:21:40 UTC 2026","ACH — Smoke","specs\Smoke\7-ACHSmoke.spec.ts","",""
"","17971","Next page arrow advances to page 2","webkit","Wed Sep 23 10:45:56 UTC 2026","passed","Wed Sep 23 10:46:14 UTC 2026","ACH — Smoke","specs\Smoke\7-ACHSmoke.spec.ts","",""
"","11538","Pay/Return decision badge navigates to exception history","chromium","Wed Sep 23 10:23:28 UTC 2026","passed","Wed Sep 23 10:23:39 UTC 2026","ACH — Smoke","specs\Smoke\7-ACHSmoke.spec.ts","",""
"","12092","Default filter auto-applies after logout and re-login","msedge","Wed Sep 23 10:23:00 UTC 2026","skipped","Wed Sep 23 10:23:12 UTC 2026","ACH — Smoke","specs\Smoke\7-ACHSmoke.spec.ts","",""
"","3278","Validate Login functionality with missingUsername","firefox","Wed Sep 23 10:13:36 UTC 2026","passed","Wed Sep 23 10:13:39 UTC 2026","","specs\Smoke\1-LoginSmoke.spec.ts","",""
"","15615","Typing a page number navigates to that page","firefox","Wed Sep 23 10:28:47 UTC 2026","passed","Wed Sep 23 10:29:02 UTC 2026","ACH — Smoke","specs\Smoke\7-ACHSmoke.spec.ts","",""
"","17786","Save a filter preset, verify it is auto-selected, then delete it","msedge","Wed Sep 23 10:23:41 UTC 2026","passed","Wed Sep 23 10:23:59 UTC 2026","Exceptions — Smoke (Continued)","specs\Smoke\8-ExceptionsSmoke.spec.ts","",""
"","12604","Teller page loads correctly","firefox","Wed Sep 23 10:14:06 UTC 2026","passed","Wed Sep 23 10:14:18 UTC 2026","Application Navigation Smoke Tests","specs\Smoke\2-NavigationSmoke.spec.ts","",""
"","11506","""Uploaded Checks"" navigates to the uploads page","chromium","Wed Sep 23 10:16:32 UTC 2026","passed","Wed Sep 23 10:16:44 UTC 2026","Presented Checks — Smoke","specs\Smoke\5-PresentedChecksSmoke.spec.ts","",""
"","16485","Last page arrow jumps to the final page","webkit","Wed Sep 23 10:40:01 UTC 2026","passed","Wed Sep 23 10:40:18 UTC 2026","Issued Checks — Smoke","specs\Smoke\4-IssuedChecksSmoke.spec.ts","",""
"","12824","Validate unauthenticated access to protected route is redirected to login","webkit","Wed Sep 23 10:32:49 UTC 2026","passed","Wed Sep 23 10:33:02 UTC 2026","","specs\Smoke\1-LoginSmoke.spec.ts","",""
"","4766","Validate Login functionality with missingPassword","firefox","Wed Sep 23 10:13:31 UTC 2026","passed","Wed Sep 23 10:13:36 UTC 2026","","specs\Smoke\1-LoginSmoke.spec.ts","",""
"","13901","Check Approval Rules sub-page loads correctly","firefox","Wed Sep 23 10:18:04 UTC 2026","passed","Wed Sep 23 10:18:18 UTC 2026","Application Navigation Smoke Tests","specs\Smoke\2-NavigationSmoke.spec.ts","",""
"","6346","Account Settings sub-page loads correctly","chromium","Wed Sep 23 10:12:44 UTC 2026","passed","Wed Sep 23 10:12:50 UTC 2026","Application Navigation Smoke Tests","specs\Smoke\2-NavigationSmoke.spec.ts","",""
"","10366","Grid View toggle navigates to the open-exceptions grid and shows key column headers","chromium","Wed Sep 23 10:23:08 UTC 2026","passed","Wed Sep 23 10:23:19 UTC 2026","Exceptions — Smoke (Continued)","specs\Smoke\8-ExceptionsSmoke.spec.ts","",""
"","13411","Automatic Check Decision Rules sub-page loads correctly","firefox","Wed Sep 23 10:17:51 UTC 2026","passed","Wed Sep 23 10:18:04 UTC 2026","Application Navigation Smoke Tests","specs\Smoke\2-NavigationSmoke.spec.ts","",""
"","10298","Validate Login functionality with xssInUsername","firefox","Wed Sep 23 10:13:47 UTC 2026","passed","Wed Sep 23 10:13:57 UTC 2026","","specs\Smoke\1-LoginSmoke.spec.ts","",""
"","10737","Excel export button is visible and enabled","msedge","Wed Sep 23 10:22:04 UTC 2026","passed","Wed Sep 23 10:22:15 UTC 2026","Exceptions — Smoke","specs\Smoke\8-ExceptionsSmoke.spec.ts","",""
"","11468","Branding sub-page loads correctly","msedge","Wed Sep 23 10:13:42 UTC 2026","passed","Wed Sep 23 10:13:54 UTC 2026","Application Navigation Smoke Tests","specs\Smoke\2-NavigationSmoke.spec.ts","",""
"","18578","Last page arrow jumps to the final page","webkit","Wed Sep 23 10:40:53 UTC 2026","passed","Wed Sep 23 10:41:12 UTC 2026","Presented Checks — Smoke","specs\Smoke\5-PresentedChecksSmoke.spec.ts","",""
"","12003","Previous page button returns to page 1, First page button re-enables disabled state","chromium","Wed Sep 23 10:20:51 UTC 2026","passed","Wed Sep 23 10:21:03 UTC 2026","ACH — Smoke","specs\Smoke\7-ACHSmoke.spec.ts","",""
"","8931","Exception History grid loads with data rows and key column headers","chromium","Wed Sep 23 10:19:56 UTC 2026","passed","Wed Sep 23 10:20:05 UTC 2026","Exceptions — Smoke","specs\Smoke\8-ExceptionsSmoke.spec.ts","",""
"","9843","Saved Filters dropdown is visible and defaults to no preset","msedge","Wed Sep 23 10:22:50 UTC 2026","passed","Wed Sep 23 10:23:00 UTC 2026","ACH — Smoke","specs\Smoke\7-ACHSmoke.spec.ts","",""
"","8928","Typing a page number navigates to that page","msedge","Wed Sep 23 10:18:22 UTC 2026","passed","Wed Sep 23 10:18:31 UTC 2026","Issued Checks — Smoke","specs\Smoke\4-IssuedChecksSmoke.spec.ts","",""
"","11049","Presented Checks breadcrumb link is visible on the page","msedge","Wed Sep 23 10:21:30 UTC 2026","passed","Wed Sep 23 10:21:41 UTC 2026","Presented Checks — Smoke (Continued)","specs\Smoke\5-PresentedChecksSmoke.spec.ts","",""
"","10309","Typing a page number navigates to that page","firefox","Wed Sep 23 10:23:11 UTC 2026","passed","Wed Sep 23 10:23:21 UTC 2026","Presented Checks — Smoke","specs\Smoke\5-PresentedChecksSmoke.spec.ts","",""
"","8522","Check Approval Rules sub-page loads correctly","chromium","Wed Sep 23 10:14:04 UTC 2026","passed","Wed Sep 23 10:14:12 UTC 2026","Application Navigation Smoke Tests","specs\Smoke\2-NavigationSmoke.spec.ts","",""
"","16137","Saved Filters dropdown is visible and defaults to no preset","webkit","Wed Sep 23 10:41:54 UTC 2026","passed","Wed Sep 23 10:42:10 UTC 2026","Presented Checks — Smoke","specs\Smoke\5-PresentedChecksSmoke.spec.ts","",""
"","11305","""View"" (Change Log) link on a row navigates to the entity log","msedge","Wed Sep 23 10:23:59 UTC 2026","passed","Wed Sep 23 10:24:11 UTC 2026","ACH — Smoke","specs\Smoke\7-ACHSmoke.spec.ts","",""
"","4584","Validate Login functionality with incorrectUsername","webkit","Wed Sep 23 10:31:16 UTC 2026","passed","Wed Sep 23 10:31:20 UTC 2026","","specs\Smoke\1-LoginSmoke.spec.ts","",""
"","14378","Verify Combined View shows all chart sections","firefox","Wed Sep 23 10:15:46 UTC 2026","passed","Wed Sep 23 10:16:01 UTC 2026","Home Dashboard","specs\Smoke\3-HomeDashboardSmoke.spec.ts","",""
"","22760","Column filter popup applies a filter and Clear restores the full row set","firefox","Wed Sep 23 10:24:44 UTC 2026","passed","Wed Sep 23 10:25:07 UTC 2026","Presented Checks — Smoke (Continued)","specs\Smoke\5-PresentedChecksSmoke.spec.ts","",""
"","16009","Automatic Check Decision Rules sub-page loads correctly","webkit","Wed Sep 23 10:36:14 UTC 2026","passed","Wed Sep 23 10:36:30 UTC 2026","Application Navigation Smoke Tests","specs\Smoke\2-NavigationSmoke.spec.ts","",""
"","11144","Typing a page number navigates to that page","msedge","Wed Sep 23 10:19:07 UTC 2026","passed","Wed Sep 23 10:19:18 UTC 2026","Presented Checks — Smoke","specs\Smoke\5-PresentedChecksSmoke.spec.ts","",""
"","18303","Exception History grid loads with data rows and key column headers","webkit","Wed Sep 23 10:45:04 UTC 2026","passed","Wed Sep 23 10:45:22 UTC 2026","Exceptions — Smoke","specs\Smoke\8-ExceptionsSmoke.spec.ts","",""
"","14476","Last page arrow jumps to the final page","firefox","Wed Sep 23 10:23:51 UTC 2026","passed","Wed Sep 23 10:24:06 UTC 2026","Issued Checks — Smoke","specs\Smoke\4-IssuedChecksSmoke.spec.ts","",""
"","11479","ACH Approval Rules sub-page loads correctly","firefox","Wed Sep 23 10:18:37 UTC 2026","passed","Wed Sep 23 10:18:48 UTC 2026","Application Navigation Smoke Tests","specs\Smoke\2-NavigationSmoke.spec.ts","",""
"","15724","Clicking a column header sorts ascending, clicking again sorts descending","firefox","Wed Sep 23 10:25:19 UTC 2026","passed","Wed Sep 23 10:25:35 UTC 2026","Issued Checks — Smoke (Continued)","specs\Smoke\4-IssuedChecksSmoke.spec.ts","",""
"","19326","""Delete"" on a row shows a confirm modal; Cancel dismisses it without deleting","webkit","Wed Sep 23 10:44:10 UTC 2026","passed","Wed Sep 23 10:44:29 UTC 2026","Presented Checks — Smoke (Continued)","specs\Smoke\5-PresentedChecksSmoke.spec.ts","",""
"","9195","System Log sub-page loads correctly","chromium","Wed Sep 23 10:14:48 UTC 2026","passed","Wed Sep 23 10:14:57 UTC 2026","Application Navigation Smoke Tests","specs\Smoke\2-NavigationSmoke.spec.ts","",""
"","13598","Search box filters grid and clears correctly","msedge","Wed Sep 23 10:17:23 UTC 2026","passed","Wed Sep 23 10:17:37 UTC 2026","Issued Checks — Smoke","specs\Smoke\4-IssuedChecksSmoke.spec.ts","",""
"","16425","Home page is accessible and shows dashboard","webkit","Wed Sep 23 10:30:39 UTC 2026","passed","Wed Sep 23 10:30:55 UTC 2026","Application Navigation Smoke Tests","specs\Smoke\2-NavigationSmoke.spec.ts","",""
"","4164","Validate Login functionality with emptyFields","chromium","Wed Sep 23 10:12:24 UTC 2026","passed","Wed Sep 23 10:12:29 UTC 2026","","specs\Smoke\1-LoginSmoke.spec.ts","",""
"","11495","Verify navigation to Issued Checks via nav menu","chromium","Wed Sep 23 10:15:17 UTC 2026","passed","Wed Sep 23 10:15:29 UTC 2026","Home Dashboard","specs\Smoke\3-HomeDashboardSmoke.spec.ts","",""
"","11414","Verify navigation to ACH via nav menu","msedge","Wed Sep 23 10:16:04 UTC 2026","passed","Wed Sep 23 10:16:15 UTC 2026","Home Dashboard","specs\Smoke\3-HomeDashboardSmoke.spec.ts","",""
"","9319","Verify navigation to ACH via nav menu","chromium","Wed Sep 23 10:15:38 UTC 2026","passed","Wed Sep 23 10:15:47 UTC 2026","Home Dashboard","specs\Smoke\3-HomeDashboardSmoke.spec.ts","",""
"","12330","API link is visible and points to swagger","msedge","Wed Sep 23 10:16:26 UTC 2026","passed","Wed Sep 23 10:16:38 UTC 2026","Application Navigation Smoke Tests","specs\Smoke\2-NavigationSmoke.spec.ts","",""
"","18050","Settings page loads correctly","webkit","Wed Sep 23 10:33:09 UTC 2026","passed","Wed Sep 23 10:33:27 UTC 2026","Application Navigation Smoke Tests","specs\Smoke\2-NavigationSmoke.spec.ts","",""
"","18320","Previous page button returns to page 1, First page button re-enables disabled state","firefox","Wed Sep 23 10:24:19 UTC 2026","passed","Wed Sep 23 10:24:37 UTC 2026","Issued Checks — Smoke","specs\Smoke\4-IssuedChecksSmoke.spec.ts","",""
"","20451","Billing Reports sub-page loads correctly","firefox","Wed Sep 23 10:16:30 UTC 2026","passed","Wed Sep 23 10:16:50 UTC 2026","Application Navigation Smoke Tests","specs\Smoke\2-NavigationSmoke.spec.ts","",""
"","15036","Search box filters grid and clears correctly","firefox","Wed Sep 23 10:21:15 UTC 2026","passed","Wed Sep 23 10:21:30 UTC 2026","Presented Checks — Smoke","specs\Smoke\5-PresentedChecksSmoke.spec.ts","",""
"","12866","Search box filters grid and clears correctly","msedge","Wed Sep 23 10:17:35 UTC 2026","passed","Wed Sep 23 10:17:48 UTC 2026","Presented Checks — Smoke","specs\Smoke\5-PresentedChecksSmoke.spec.ts","",""
"","14359","Verify navigation to Presented Checks via nav menu","firefox","Wed Sep 23 10:19:02 UTC 2026","passed","Wed Sep 23 10:19:16 UTC 2026","Home Dashboard","specs\Smoke\3-HomeDashboardSmoke.spec.ts","",""
"","14710","Issued Checks breadcrumb link is visible on the page","firefox","Wed Sep 23 10:26:49 UTC 2026","passed","Wed Sep 23 10:27:04 UTC 2026","Issued Checks — Smoke (Continued)","specs\Smoke\4-IssuedChecksSmoke.spec.ts","",""
"","21058","Pay/Return decision badge navigates to exception history","msedge","Wed Sep 23 10:24:25 UTC 2026","passed","Wed Sep 23 10:24:46 UTC 2026","ACH — Smoke","specs\Smoke\7-ACHSmoke.spec.ts","",""
"","7976","""Edit"" link on a row navigates to the check edit form","chromium","Wed Sep 23 10:18:35 UTC 2026","passed","Wed Sep 23 10:18:43 UTC 2026","Issued Checks — Smoke (Continued)","specs\Smoke\4-IssuedChecksSmoke.spec.ts","",""
"","13184","Notification Log sub-page loads correctly","msedge","Wed Sep 23 10:15:34 UTC 2026","passed","Wed Sep 23 10:15:47 UTC 2026","Application Navigation Smoke Tests","specs\Smoke\2-NavigationSmoke.spec.ts","",""
"","18835","Search box filters grid and clears correctly","webkit","Wed Sep 23 10:45:03 UTC 2026","passed","Wed Sep 23 10:45:21 UTC 2026","ACH — Smoke","specs\Smoke\7-ACHSmoke.spec.ts","",""
"","9559","Navigation tabs to Pre-Decisions, Approvals, and Exception History are visible","msedge","Wed Sep 23 10:25:04 UTC 2026","passed","Wed Sep 23 10:25:13 UTC 2026","Exceptions — Smoke (Continued)","specs\Smoke\8-ExceptionsSmoke.spec.ts","",""
"","12768","Last page arrow jumps to the final page","msedge","Wed Sep 23 10:22:11 UTC 2026","passed","Wed Sep 23 10:22:24 UTC 2026","ACH — Smoke","specs\Smoke\7-ACHSmoke.spec.ts","",""
"","3923","Validate forgot password with unregistered email","chromium","Wed Sep 23 10:13:01 UTC 2026","passed","Wed Sep 23 10:13:05 UTC 2026","","specs\Smoke\1-LoginSmoke.spec.ts","",""
"","8835","Validate Login functionality with incorrectPassword","webkit","Wed Sep 23 10:31:07 UTC 2026","passed","Wed Sep 23 10:31:16 UTC 2026","","specs\Smoke\1-LoginSmoke.spec.ts","",""
"","15897","Next page arrow advances to page 2","firefox","Wed Sep 23 10:28:15 UTC 2026","passed","Wed Sep 23 10:28:31 UTC 2026","ACH — Smoke","specs\Smoke\7-ACHSmoke.spec.ts","",""
"","21446","Search box filters grid and clears correctly","firefox","Wed Sep 23 10:27:19 UTC 2026","passed","Wed Sep 23 10:27:41 UTC 2026","ACH — Smoke","specs\Smoke\7-ACHSmoke.spec.ts","",""
"","12537","Search box filters grid and clears correctly","msedge","Wed Sep 23 10:21:52 UTC 2026","passed","Wed Sep 23 10:22:04 UTC 2026","Exceptions — Smoke","specs\Smoke\8-ExceptionsSmoke.spec.ts","",""
"","8750","Saved Filters dropdown is visible and defaults to no preset","firefox","Wed Sep 23 10:23:40 UTC 2026","passed","Wed Sep 23 10:23:48 UTC 2026","Presented Checks — Smoke","specs\Smoke\5-PresentedChecksSmoke.spec.ts","",""
"","12732","Search box filters grid and clears correctly","chromium","Wed Sep 23 10:16:05 UTC 2026","passed","Wed Sep 23 10:16:17 UTC 2026","Issued Checks — Smoke","specs\Smoke\4-IssuedChecksSmoke.spec.ts","",""
"","12160","Verify profile menu shows My Info and Logout links","firefox","Wed Sep 23 10:18:17 UTC 2026","passed","Wed Sep 23 10:18:30 UTC 2026","Home Dashboard","specs\Smoke\3-HomeDashboardSmoke.spec.ts","",""
"","15401","""View"" (Change Log) link on a row navigates to the entity log","firefox","Wed Sep 23 10:25:19 UTC 2026","passed","Wed Sep 23 10:25:35 UTC 2026","Presented Checks — Smoke (Continued)","specs\Smoke\5-PresentedChecksSmoke.spec.ts","",""
"","24219","""Uploaded Checks"" navigates to the uploads page","firefox","Wed Sep 23 10:20:50 UTC 2026","passed","Wed Sep 23 10:21:14 UTC 2026","Presented Checks — Smoke","specs\Smoke\5-PresentedChecksSmoke.spec.ts","",""
"","15916","Saved Filters dropdown is visible and defaults to no preset","firefox","Wed Sep 23 10:29:22 UTC 2026","passed","Wed Sep 23 10:29:38 UTC 2026","ACH — Smoke","specs\Smoke\7-ACHSmoke.spec.ts","",""
"","7484","Exceptions page loads correctly","chromium","Wed Sep 23 10:12:30 UTC 2026","passed","Wed Sep 23 10:12:37 UTC 2026","Application Navigation Smoke Tests","specs\Smoke\2-NavigationSmoke.spec.ts","",""
"","23774","Previous page button returns to page 1, First page button re-enables disabled state","webkit","Wed Sep 23 10:41:30 UTC 2026","passed","Wed Sep 23 10:41:54 UTC 2026","Presented Checks — Smoke","specs\Smoke\5-PresentedChecksSmoke.spec.ts","",""
"","8510","API link is visible and points to swagger","chromium","Wed Sep 23 10:15:09 UTC 2026","passed","Wed Sep 23 10:15:17 UTC 2026","Application Navigation Smoke Tests","specs\Smoke\2-NavigationSmoke.spec.ts","",""
"","9049","Validate forgot password functionality with No email","firefox","Wed Sep 23 10:14:15 UTC 2026","passed","Wed Sep 23 10:14:24 UTC 2026","","specs\Smoke\1-LoginSmoke.spec.ts","",""
"","21777","Presented Checks page loads correctly","webkit","Wed Sep 23 10:31:59 UTC 2026","passed","Wed Sep 23 10:32:21 UTC 2026","Application Navigation Smoke Tests","specs\Smoke\2-NavigationSmoke.spec.ts","",""
"","3301","Validate Login functionality with invalidEmailFormat","firefox","Wed Sep 23 10:13:21 UTC 2026","passed","Wed Sep 23 10:13:24 UTC 2026","","specs\Smoke\1-LoginSmoke.spec.ts","",""
"","10986","Grid View toggle navigates to the open-exceptions grid and shows key column headers","msedge","Wed Sep 23 10:25:23 UTC 2026","passed","Wed Sep 23 10:25:34 UTC 2026","Exceptions — Smoke (Continued)","specs\Smoke\8-ExceptionsSmoke.spec.ts","",""
"","6824","Holiday Schedules sub-page loads correctly","chromium","Wed Sep 23 10:13:32 UTC 2026","passed","Wed Sep 23 10:13:39 UTC 2026","Application Navigation Smoke Tests","specs\Smoke\2-NavigationSmoke.spec.ts","",""
"","11215","Verify Total Exceptions and Total Exception Amount labels are visible","firefox","Wed Sep 23 10:17:25 UTC 2026","passed","Wed Sep 23 10:17:36 UTC 2026","Home Dashboard","specs\Smoke\3-HomeDashboardSmoke.spec.ts","",""
"","9853","Last page arrow jumps to the final page","chromium","Wed Sep 23 10:17:24 UTC 2026","passed","Wed Sep 23 10:17:34 UTC 2026","Presented Checks — Smoke","specs\Smoke\5-PresentedChecksSmoke.spec.ts","",""
"","24552","Column filter popup applies a filter and Clear restores the full row set","webkit","Wed Sep 23 10:42:16 UTC 2026","passed","Wed Sep 23 10:42:41 UTC 2026","Issued Checks — Smoke (Continued)","specs\Smoke\4-IssuedChecksSmoke.spec.ts","",""
"","17540","Column filter popup applies a filter and Clear restores the full row set","msedge","Wed Sep 23 10:23:42 UTC 2026","passed","Wed Sep 23 10:23:59 UTC 2026","ACH — Smoke","specs\Smoke\7-ACHSmoke.spec.ts","",""
"","16527","""View"" (Change Log) link on a row navigates to the entity log","webkit","Wed Sep 23 10:42:57 UTC 2026","passed","Wed Sep 23 10:43:14 UTC 2026","Issued Checks — Smoke (Continued)","specs\Smoke\4-IssuedChecksSmoke.spec.ts","",""
"","11980","Verify summary KPI values have expected number formats","firefox","Wed Sep 23 10:17:36 UTC 2026","passed","Wed Sep 23 10:17:48 UTC 2026","Home Dashboard","specs\Smoke\3-HomeDashboardSmoke.spec.ts","",""
"","7679","Validate session persists after page refresh","firefox","Wed Sep 23 10:15:01 UTC 2026","passed","Wed Sep 23 10:15:09 UTC 2026","","specs\Smoke\1-LoginSmoke.spec.ts","",""
"","9481","Verify dashboard tab checked state updates correctly","msedge","Wed Sep 23 10:14:16 UTC 2026","passed","Wed Sep 23 10:14:25 UTC 2026","Home Dashboard","specs\Smoke\3-HomeDashboardSmoke.spec.ts","",""
"","8888","Typing a page number navigates to that page","chromium","Wed Sep 23 10:20:42 UTC 2026","passed","Wed Sep 23 10:20:51 UTC 2026","ACH — Smoke","specs\Smoke\7-ACHSmoke.spec.ts","",""
"","17586","Page size change to 10 updates pagination info in bottom-right pager","webkit","Wed Sep 23 10:40:17 UTC 2026","passed","Wed Sep 23 10:40:35 UTC 2026","Presented Checks — Smoke","specs\Smoke\5-PresentedChecksSmoke.spec.ts","",""
"","11542","Grid loads with data rows and key column headers","chromium","Wed Sep 23 10:16:09 UTC 2026","passed","Wed Sep 23 10:16:21 UTC 2026","Presented Checks — Smoke","specs\Smoke\5-PresentedChecksSmoke.spec.ts","",""
"","11426","File Processing sub-page loads correctly","chromium","Wed Sep 23 10:14:57 UTC 2026","passed","Wed Sep 23 10:15:09 UTC 2026","Application Navigation Smoke Tests","specs\Smoke\2-NavigationSmoke.spec.ts","",""
"","8421","Excel export button is visible and enabled","chromium","Wed Sep 23 10:16:58 UTC 2026","passed","Wed Sep 23 10:17:06 UTC 2026","Presented Checks — Smoke","specs\Smoke\5-PresentedChecksSmoke.spec.ts","",""
"","11354","Verify navigation to Issued Checks via nav menu","firefox","Wed Sep 23 10:18:51 UTC 2026","passed","Wed Sep 23 10:19:02 UTC 2026","Home Dashboard","specs\Smoke\3-HomeDashboardSmoke.spec.ts","",""
"","14623","API link is visible and points to swagger","webkit","Wed Sep 23 10:38:13 UTC 2026","passed","Wed Sep 23 10:38:28 UTC 2026","Application Navigation Smoke Tests","specs\Smoke\2-NavigationSmoke.spec.ts","",""
"","16236","ACH breadcrumb link is visible on the page","webkit","Wed Sep 23 10:50:12 UTC 2026","passed","Wed Sep 23 10:50:28 UTC 2026","ACH — Smoke","specs\Smoke\7-ACHSmoke.spec.ts","",""
"","5794","Validate Login functionality with xssInUsername","msedge","Wed Sep 23 10:12:46 UTC 2026","passed","Wed Sep 23 10:12:52 UTC 2026","","specs\Smoke\1-LoginSmoke.spec.ts","",""
"","17024","Next page arrow advances to page 2","webkit","Wed Sep 23 10:39:44 UTC 2026","passed","Wed Sep 23 10:40:01 UTC 2026","Issued Checks — Smoke","specs\Smoke\4-IssuedChecksSmoke.spec.ts","",""
"","10689","Previous page button returns to page 1, First page button re-enables disabled state","chromium","Wed Sep 23 10:17:46 UTC 2026","passed","Wed Sep 23 10:17:57 UTC 2026","Presented Checks — Smoke","specs\Smoke\5-PresentedChecksSmoke.spec.ts","",""
"","18473","Typing a page number navigates to that page","firefox","Wed Sep 23 10:28:32 UTC 2026","passed","Wed Sep 23 10:28:51 UTC 2026","Exceptions — Smoke","specs\Smoke\8-ExceptionsSmoke.spec.ts","",""
"","19168","Clicking a column header sorts ascending, clicking again sorts descending","webkit","Wed Sep 23 10:42:54 UTC 2026","passed","Wed Sep 23 10:43:14 UTC 2026","Presented Checks — Smoke (Continued)","specs\Smoke\5-PresentedChecksSmoke.spec.ts","",""
"","10642","Exception History grid loads with data rows and key column headers","msedge","Wed Sep 23 10:21:41 UTC 2026","passed","Wed Sep 23 10:21:52 UTC 2026","Exceptions — Smoke","specs\Smoke\8-ExceptionsSmoke.spec.ts","",""
"","4811","Validate forgot password with unregistered email","msedge","Wed Sep 23 10:13:09 UTC 2026","passed","Wed Sep 23 10:13:14 UTC 2026","","specs\Smoke\1-LoginSmoke.spec.ts","",""
"","4662","Validate Login functionality with missingUsername","chromium","Wed Sep 23 10:12:33 UTC 2026","passed","Wed Sep 23 10:12:38 UTC 2026","","specs\Smoke\1-LoginSmoke.spec.ts","",""
"","18131","Save a filter preset, verify it is auto-selected, then delete it","msedge","Wed Sep 23 10:23:12 UTC 2026","passed","Wed Sep 23 10:23:30 UTC 2026","ACH — Smoke","specs\Smoke\7-ACHSmoke.spec.ts","",""
"","11051","Typing a page number navigates to that page","chromium","Wed Sep 23 10:20:51 UTC 2026","passed","Wed Sep 23 10:21:02 UTC 2026","Exceptions — Smoke","specs\Smoke\8-ExceptionsSmoke.spec.ts","",""
"","16460","Search box filters grid and clears correctly","firefox","Wed Sep 23 10:27:19 UTC 2026","passed","Wed Sep 23 10:27:36 UTC 2026","Exceptions — Smoke","specs\Smoke\8-ExceptionsSmoke.spec.ts","",""
"","16908","Verify Combined View shows all chart sections","webkit","Wed Sep 23 10:33:34 UTC 2026","passed","Wed Sep 23 10:33:51 UTC 2026","Home Dashboard","specs\Smoke\3-HomeDashboardSmoke.spec.ts","",""
"","16492","Exceptions breadcrumb link is visible on the page","webkit","Wed Sep 23 10:50:11 UTC 2026","passed","Wed Sep 23 10:50:28 UTC 2026","Exceptions — Smoke (Continued)","specs\Smoke\8-ExceptionsSmoke.spec.ts","",""
"","12349","Default filter auto-applies after logout and re-login","webkit","Wed Sep 23 10:47:52 UTC 2026","skipped","Wed Sep 23 10:48:04 UTC 2026","Exceptions — Default Filter (Serial)","specs\Smoke\8-ExceptionsSmoke.spec.ts","",""
"","16428","Grid loads with data rows and key column headers","firefox","Wed Sep 23 10:26:31 UTC 2026","passed","Wed Sep 23 10:26:48 UTC 2026","ACH — Smoke","specs\Smoke\7-ACHSmoke.spec.ts","",""
"","14746","Save a filter preset, verify it is auto-selected, then delete it","chromium","Wed Sep 23 10:18:28 UTC 2026","passed","Wed Sep 23 10:18:42 UTC 2026","Presented Checks — Smoke (Continued)","specs\Smoke\5-PresentedChecksSmoke.spec.ts","",""
"","11658","""+ Add Check"" navigates to the add-check form","chromium","Wed Sep 23 10:16:21 UTC 2026","passed","Wed Sep 23 10:16:32 UTC 2026","Presented Checks — Smoke","specs\Smoke\5-PresentedChecksSmoke.spec.ts","",""
"","10932","Issued Checks breadcrumb link is visible on the page","msedge","Wed Sep 23 10:20:25 UTC 2026","passed","Wed Sep 23 10:20:36 UTC 2026","Issued Checks — Smoke (Continued)","specs\Smoke\4-IssuedChecksSmoke.spec.ts","",""
"","14253","""Uploaded Checks"" navigates to the uploads page","msedge","Wed Sep 23 10:17:09 UTC 2026","passed","Wed Sep 23 10:17:23 UTC 2026","Issued Checks — Smoke","specs\Smoke\4-IssuedChecksSmoke.spec.ts","",""
"","4975","Validate forgot password functionality with No email","chromium","Wed Sep 23 10:12:56 UTC 2026","passed","Wed Sep 23 10:13:01 UTC 2026","","specs\Smoke\1-LoginSmoke.spec.ts","",""
"","13535","Notification Log sub-page loads correctly","webkit","Wed Sep 23 10:37:16 UTC 2026","passed","Wed Sep 23 10:37:30 UTC 2026","Application Navigation Smoke Tests","specs\Smoke\2-NavigationSmoke.spec.ts","",""
"","19235","Account Settings sub-page loads correctly","webkit","Wed Sep 23 10:33:27 UTC 2026","passed","Wed Sep 23 10:33:46 UTC 2026","Application Navigation Smoke Tests","specs\Smoke\2-NavigationSmoke.spec.ts","",""
"","9856","Open Exceptions page loads with either exception cards or the empty-state message","msedge","Wed Sep 23 10:25:13 UTC 2026","passed","Wed Sep 23 10:25:23 UTC 2026","Exceptions — Smoke (Continued)","specs\Smoke\8-ExceptionsSmoke.spec.ts","",""
"","19330","""Delete"" on a row shows a confirm modal; Cancel dismisses it without deleting","webkit","Wed Sep 23 10:49:19 UTC 2026","passed","Wed Sep 23 10:49:39 UTC 2026","ACH — Smoke","specs\Smoke\7-ACHSmoke.spec.ts","",""
"","8902","Automatic ACH Decision Rules sub-page loads correctly","msedge","Wed Sep 23 10:15:11 UTC 2026","passed","Wed Sep 23 10:15:20 UTC 2026","Application Navigation Smoke Tests","specs\Smoke\2-NavigationSmoke.spec.ts","",""
"","7250","Approvals page loads with either records or the empty-state message","firefox","Wed Sep 23 10:32:12 UTC 2026","passed","Wed Sep 23 10:32:20 UTC 2026","Exceptions — Smoke (Continued)","specs\Smoke\8-ExceptionsSmoke.spec.ts","",""
"","16808","Saved Filters dropdown is visible and defaults to no preset","webkit","Wed Sep 23 10:47:16 UTC 2026","passed","Wed Sep 23 10:47:33 UTC 2026","ACH — Smoke","specs\Smoke\7-ACHSmoke.spec.ts","",""
"","9518","Saved Filters dropdown is visible and defaults to no preset","chromium","Wed Sep 23 10:17:25 UTC 2026","passed","Wed Sep 23 10:17:35 UTC 2026","Issued Checks — Smoke","specs\Smoke\4-IssuedChecksSmoke.spec.ts","",""
"","17735","Save a filter preset, verify it is auto-selected, then delete it","msedge","Wed Sep 23 10:19:04 UTC 2026","passed","Wed Sep 23 10:19:21 UTC 2026","Issued Checks — Smoke (Continued)","specs\Smoke\4-IssuedChecksSmoke.spec.ts","",""
"","11407","Billing Reports sub-page loads correctly","msedge","Wed Sep 23 10:13:54 UTC 2026","passed","Wed Sep 23 10:14:05 UTC 2026","Application Navigation Smoke Tests","specs\Smoke\2-NavigationSmoke.spec.ts","",""
"","10836","Previous page button returns to page 1, First page button re-enables disabled state","msedge","Wed Sep 23 10:18:31 UTC 2026","passed","Wed Sep 23 10:18:42 UTC 2026","Issued Checks — Smoke","specs\Smoke\4-IssuedChecksSmoke.spec.ts","",""
"","11089","Next page arrow advances to page 2","msedge","Wed Sep 23 10:22:00 UTC 2026","passed","Wed Sep 23 10:22:11 UTC 2026","ACH — Smoke","specs\Smoke\7-ACHSmoke.spec.ts","",""
"","25051","Verify Check Only tab shows Check-specific chart sections","firefox","Wed Sep 23 10:16:01 UTC 2026","passed","Wed Sep 23 10:16:26 UTC 2026","Home Dashboard","specs\Smoke\3-HomeDashboardSmoke.spec.ts","",""
"","12442","ACH breadcrumb link is visible on the page","msedge","Wed Sep 23 10:24:46 UTC 2026","passed","Wed Sep 23 10:24:58 UTC 2026","ACH — Smoke","specs\Smoke\7-ACHSmoke.spec.ts","",""
"","10775","Home page is accessible and shows dashboard","chromium","Wed Sep 23 10:11:51 UTC 2026","passed","Wed Sep 23 10:12:02 UTC 2026","Application Navigation Smoke Tests","specs\Smoke\2-NavigationSmoke.spec.ts","",""
"","13908","""Delete"" on a row shows a confirm modal; Cancel dismisses it without deleting","msedge","Wed Sep 23 10:24:11 UTC 2026","passed","Wed Sep 23 10:24:25 UTC 2026","ACH — Smoke","specs\Smoke\7-ACHSmoke.spec.ts","",""
"","7882","Default filter auto-applies after logout and re-login","msedge","Wed Sep 23 10:23:33 UTC 2026","skipped","Wed Sep 23 10:23:41 UTC 2026","Exceptions — Default Filter (Serial)","specs\Smoke\8-ExceptionsSmoke.spec.ts","",""
"","6477","Settings page loads correctly","chromium","Wed Sep 23 10:12:37 UTC 2026","passed","Wed Sep 23 10:12:44 UTC 2026","Application Navigation Smoke Tests","specs\Smoke\2-NavigationSmoke.spec.ts","",""
"","7914","Verify summary KPI values have expected number formats","chromium","Wed Sep 23 10:14:27 UTC 2026","passed","Wed Sep 23 10:14:35 UTC 2026","Home Dashboard","specs\Smoke\3-HomeDashboardSmoke.spec.ts","",""
"","5472","Validate Login functionality with incorrectUsername","chromium","Wed Sep 23 10:12:15 UTC 2026","passed","Wed Sep 23 10:12:20 UTC 2026","","specs\Smoke\1-LoginSmoke.spec.ts","",""
"","13788","Verify dashboard footer footnote and privacy link are visible","webkit","Wed Sep 23 10:36:07 UTC 2026","passed","Wed Sep 23 10:36:21 UTC 2026","Home Dashboard","specs\Smoke\3-HomeDashboardSmoke.spec.ts","",""
"","11828","Column filter popup applies a filter and Clear restores the full row set","chromium","Wed Sep 23 10:18:52 UTC 2026","passed","Wed Sep 23 10:19:03 UTC 2026","Presented Checks — Smoke (Continued)","specs\Smoke\5-PresentedChecksSmoke.spec.ts","",""
"","15042","Grid loads with data rows and key column headers","msedge","Wed Sep 23 10:16:53 UTC 2026","passed","Wed Sep 23 10:17:08 UTC 2026","Presented Checks — Smoke","specs\Smoke\5-PresentedChecksSmoke.spec.ts","",""
"","13898","""View"" (Change Log) link on a row navigates to the entity log","msedge","Wed Sep 23 10:19:59 UTC 2026","passed","Wed Sep 23 10:20:13 UTC 2026","Issued Checks — Smoke (Continued)","specs\Smoke\4-IssuedChecksSmoke.spec.ts","",""
"","31106","Save a filter preset, verify it is auto-selected, then delete it","webkit","Wed Sep 23 10:48:04 UTC 2026","passed","Wed Sep 23 10:48:35 UTC 2026","Exceptions — Smoke (Continued)","specs\Smoke\8-ExceptionsSmoke.spec.ts","",""
"","13335","Page size change to 10 updates pagination info in bottom-right pager","firefox","Wed Sep 23 10:27:47 UTC 2026","passed","Wed Sep 23 10:28:00 UTC 2026","Exceptions — Smoke","specs\Smoke\8-ExceptionsSmoke.spec.ts","",""
"","15590","Last page arrow jumps to the final page","firefox","Wed Sep 23 10:28:31 UTC 2026","passed","Wed Sep 23 10:28:47 UTC 2026","ACH — Smoke","specs\Smoke\7-ACHSmoke.spec.ts","",""
"","13784","Default Decision Log sub-page loads correctly","firefox","Wed Sep 23 10:19:02 UTC 2026","passed","Wed Sep 23 10:19:16 UTC 2026","Application Navigation Smoke Tests","specs\Smoke\2-NavigationSmoke.spec.ts","",""
"","5635","Validate Login functionality with sqlInjection","webkit","Wed Sep 23 10:31:40 UTC 2026","passed","Wed Sep 23 10:31:46 UTC 2026","","specs\Smoke\1-LoginSmoke.spec.ts","",""
"","6101","ACH page loads correctly","chromium","Wed Sep 23 10:12:24 UTC 2026","passed","Wed Sep 23 10:12:30 UTC 2026","Application Navigation Smoke Tests","specs\Smoke\2-NavigationSmoke.spec.ts","",""
"","14032","Next page arrow advances to page 2","msedge","Wed Sep 23 10:22:27 UTC 2026","passed","Wed Sep 23 10:22:41 UTC 2026","Exceptions — Smoke","specs\Smoke\8-ExceptionsSmoke.spec.ts","",""
"","8251","Validate Login functionality with caseSensitiveEmail","firefox","Wed Sep 23 10:13:04 UTC 2026","passed","Wed Sep 23 10:13:13 UTC 2026","","specs\Smoke\1-LoginSmoke.spec.ts","",""
"","17314","""View"" link on a row opens the Exception Details dialog","firefox","Wed Sep 23 10:30:36 UTC 2026","passed","Wed Sep 23 10:30:54 UTC 2026","Exceptions — Smoke (Continued)","specs\Smoke\8-ExceptionsSmoke.spec.ts","",""
"","9097","Clicking a column header sorts ascending, clicking again sorts descending","chromium","Wed Sep 23 10:18:42 UTC 2026","passed","Wed Sep 23 10:18:52 UTC 2026","Presented Checks — Smoke (Continued)","specs\Smoke\5-PresentedChecksSmoke.spec.ts","",""
"","13248","Verify delayed data note and force refresh link are visible on dashboard","webkit","Wed Sep 23 10:35:54 UTC 2026","passed","Wed Sep 23 10:36:07 UTC 2026","Home Dashboard","specs\Smoke\3-HomeDashboardSmoke.spec.ts","",""
"","16461","ACH Approval Rules sub-page loads correctly","webkit","Wed Sep 23 10:37:00 UTC 2026","passed","Wed Sep 23 10:37:16 UTC 2026","Application Navigation Smoke Tests","specs\Smoke\2-NavigationSmoke.spec.ts","",""
"","5746","Validate Login functionality with xssInUsername","webkit","Wed Sep 23 10:31:46 UTC 2026","passed","Wed Sep 23 10:31:51 UTC 2026","","specs\Smoke\1-LoginSmoke.spec.ts","",""
"","7834","Validate session persists after page refresh","chromium","Wed Sep 23 10:13:05 UTC 2026","passed","Wed Sep 23 10:13:13 UTC 2026","","specs\Smoke\1-LoginSmoke.spec.ts","",""
"","10896","Default filter auto-applies after logout and re-login","msedge","Wed Sep 23 10:18:53 UTC 2026","skipped","Wed Sep 23 10:19:04 UTC 2026","Issued Checks — Default Filter (Serial)","specs\Smoke\4-IssuedChecksSmoke.spec.ts","",""
"","17291","Verify dashboard tab checked state updates correctly","firefox","Wed Sep 23 10:16:40 UTC 2026","passed","Wed Sep 23 10:16:58 UTC 2026","Home Dashboard","specs\Smoke\3-HomeDashboardSmoke.spec.ts","",""
"","15893","Default filter auto-applies after logout and re-login","webkit","Wed Sep 23 10:41:14 UTC 2026","skipped","Wed Sep 23 10:41:30 UTC 2026","Issued Checks — Default Filter (Serial)","specs\Smoke\4-IssuedChecksSmoke.spec.ts","",""
"","12636","Next page arrow advances to page 2","msedge","Wed Sep 23 10:17:58 UTC 2026","passed","Wed Sep 23 10:18:11 UTC 2026","Issued Checks — Smoke","specs\Smoke\4-IssuedChecksSmoke.spec.ts","",""
"","12419","Clicking a column header sorts ascending, clicking again sorts descending","chromium","Wed Sep 23 10:18:09 UTC 2026","passed","Wed Sep 23 10:18:22 UTC 2026","Issued Checks — Smoke (Continued)","specs\Smoke\4-IssuedChecksSmoke.spec.ts","",""
"","8224","""View"" (Change Log) link on a row navigates to the entity log","chromium","Wed Sep 23 10:23:08 UTC 2026","passed","Wed Sep 23 10:23:16 UTC 2026","ACH — Smoke","specs\Smoke\7-ACHSmoke.spec.ts","",""
"","18793","Grid loads with data rows and key column headers","webkit","Wed Sep 23 10:38:45 UTC 2026","passed","Wed Sep 23 10:39:04 UTC 2026","Presented Checks — Smoke","specs\Smoke\5-PresentedChecksSmoke.spec.ts","",""
"","19139","Typing a page number navigates to that page","webkit","Wed Sep 23 10:46:51 UTC 2026","passed","Wed Sep 23 10:47:10 UTC 2026","Exceptions — Smoke","specs\Smoke\8-ExceptionsSmoke.spec.ts","",""
"","6187","Validate Login functionality with invalidEmailFormat","msedge","Wed Sep 23 10:12:16 UTC 2026","passed","Wed Sep 23 10:12:22 UTC 2026","","specs\Smoke\1-LoginSmoke.spec.ts","",""
"","10118","Previous page button returns to page 1, First page button re-enables disabled state","chromium","Wed Sep 23 10:17:15 UTC 2026","passed","Wed Sep 23 10:17:25 UTC 2026","Issued Checks — Smoke","specs\Smoke\4-IssuedChecksSmoke.spec.ts","",""
"","9977","Last page arrow jumps to the final page","firefox","Wed Sep 23 10:23:01 UTC 2026","passed","Wed Sep 23 10:23:11 UTC 2026","Presented Checks — Smoke","specs\Smoke\5-PresentedChecksSmoke.spec.ts","",""
"","6379","Validate Login functionality with missingUsername","msedge","Wed Sep 23 10:12:34 UTC 2026","passed","Wed Sep 23 10:12:41 UTC 2026","","specs\Smoke\1-LoginSmoke.spec.ts","",""
"","23185","Column filter popup applies a filter and Clear restores the full row set","webkit","Wed Sep 23 10:48:39 UTC 2026","passed","Wed Sep 23 10:49:02 UTC 2026","ACH — Smoke","specs\Smoke\7-ACHSmoke.spec.ts","",""
"","6944","Verify Total Exceptions and Total Exception Amount labels are visible","chromium","Wed Sep 23 10:14:20 UTC 2026","passed","Wed Sep 23 10:14:27 UTC 2026","Home Dashboard","specs\Smoke\3-HomeDashboardSmoke.spec.ts","",""
"","9899","Verify navigation to Presented Checks via nav menu","msedge","Wed Sep 23 10:15:54 UTC 2026","passed","Wed Sep 23 10:16:04 UTC 2026","Home Dashboard","specs\Smoke\3-HomeDashboardSmoke.spec.ts","",""
"","12834","Excel export button is visible and enabled","msedge","Wed Sep 23 10:21:35 UTC 2026","passed","Wed Sep 23 10:21:48 UTC 2026","ACH — Smoke","specs\Smoke\7-ACHSmoke.spec.ts","",""
"","18629","""Edit"" link on a row navigates to the check edit form","firefox","Wed Sep 23 10:26:01 UTC 2026","passed","Wed Sep 23 10:26:20 UTC 2026","Issued Checks — Smoke (Continued)","specs\Smoke\4-IssuedChecksSmoke.spec.ts","",""
"","13724","Save a filter preset, verify it is auto-selected, then delete it","chromium","Wed Sep 23 10:17:56 UTC 2026","passed","Wed Sep 23 10:18:09 UTC 2026","Issued Checks — Smoke (Continued)","specs\Smoke\4-IssuedChecksSmoke.spec.ts","",""
"","13993","Automatic ACH Decision Rules sub-page loads correctly","webkit","Wed Sep 23 10:36:46 UTC 2026","passed","Wed Sep 23 10:37:00 UTC 2026","Application Navigation Smoke Tests","specs\Smoke\2-NavigationSmoke.spec.ts","",""
"","9725","Verify delayed data note and force refresh link are visible on dashboard","msedge","Wed Sep 23 10:14:59 UTC 2026","passed","Wed Sep 23 10:15:09 UTC 2026","Home Dashboard","specs\Smoke\3-HomeDashboardSmoke.spec.ts","",""
"","12838","Verify chart title changes with selected tab","firefox","Wed Sep 23 10:16:58 UTC 2026","passed","Wed Sep 23 10:17:11 UTC 2026","Home Dashboard","specs\Smoke\3-HomeDashboardSmoke.spec.ts","",""
"","11929","Verify navigation to Exceptions via nav menu","firefox","Wed Sep 23 10:19:30 UTC 2026","passed","Wed Sep 23 10:19:42 UTC 2026","Home Dashboard","specs\Smoke\3-HomeDashboardSmoke.spec.ts","",""
"","11545","""Edit"" link on a row navigates to the check edit form","chromium","Wed Sep 23 10:19:03 UTC 2026","passed","Wed Sep 23 10:19:15 UTC 2026","Presented Checks — Smoke (Continued)","specs\Smoke\5-PresentedChecksSmoke.spec.ts","",""
"","4866","ACH breadcrumb link is visible on the page","chromium","Wed Sep 23 10:23:39 UTC 2026","passed","Wed Sep 23 10:23:44 UTC 2026","ACH — Smoke","specs\Smoke\7-ACHSmoke.spec.ts","",""
"","9004","Open Exceptions page loads with either exception cards or the empty-state message","webkit","Wed Sep 23 10:50:38 UTC 2026","passed","Wed Sep 23 10:50:47 UTC 2026","Exceptions — Smoke (Continued)","specs\Smoke\8-ExceptionsSmoke.spec.ts","",""
"","16164","Verify delayed data note and force refresh link are visible on dashboard","firefox","Wed Sep 23 10:17:48 UTC 2026","passed","Wed Sep 23 10:18:04 UTC 2026","Home Dashboard","specs\Smoke\3-HomeDashboardSmoke.spec.ts","",""
"","12545","Verify navigation to Exceptions via nav menu","chromium","Wed Sep 23 10:15:47 UTC 2026","passed","Wed Sep 23 10:16:00 UTC 2026","Home Dashboard","specs\Smoke\3-HomeDashboardSmoke.spec.ts","",""
"","17459","""+ Add Check"" navigates to the add-check form","firefox","Wed Sep 23 10:20:33 UTC 2026","passed","Wed Sep 23 10:20:50 UTC 2026","Presented Checks — Smoke","specs\Smoke\5-PresentedChecksSmoke.spec.ts","",""
"","12076","Open Exceptions page loads with either exception cards or the empty-state message","chromium","Wed Sep 23 10:22:56 UTC 2026","passed","Wed Sep 23 10:23:08 UTC 2026","Exceptions — Smoke (Continued)","specs\Smoke\8-ExceptionsSmoke.spec.ts","",""
"","8200","Excel export button is visible and enabled","chromium","Wed Sep 23 10:20:16 UTC 2026","passed","Wed Sep 23 10:20:24 UTC 2026","Exceptions — Smoke","specs\Smoke\8-ExceptionsSmoke.spec.ts","",""
"","10395","Presented Checks breadcrumb link is visible on the page","chromium","Wed Sep 23 10:19:46 UTC 2026","passed","Wed Sep 23 10:19:56 UTC 2026","Presented Checks — Smoke (Continued)","specs\Smoke\5-PresentedChecksSmoke.spec.ts","",""
"","22554","Default filter auto-applies after logout and re-login","chromium","Wed Sep 23 10:18:05 UTC 2026","passed","Wed Sep 23 10:18:28 UTC 2026","Presented Checks — Default Filter (Serial)","specs\Smoke\5-PresentedChecksSmoke.spec.ts","",""
"","72679","Home page is accessible and shows dashboard","firefox","Wed Sep 23 10:12:24 UTC 2026","passed","Wed Sep 23 10:13:36 UTC 2026","Application Navigation Smoke Tests","specs\Smoke\2-NavigationSmoke.spec.ts","",""
"","11499","""Edit"" link on a row navigates to the check edit form","msedge","Wed Sep 23 10:20:40 UTC 2026","passed","Wed Sep 23 10:20:51 UTC 2026","Presented Checks — Smoke (Continued)","specs\Smoke\5-PresentedChecksSmoke.spec.ts","",""
"","13848","Verify summary KPI values have expected number formats","webkit","Wed Sep 23 10:35:40 UTC 2026","passed","Wed Sep 23 10:35:54 UTC 2026","Home Dashboard","specs\Smoke\3-HomeDashboardSmoke.spec.ts","",""
"","10474","Verify navigation to Issued Checks via nav menu","msedge","Wed Sep 23 10:15:43 UTC 2026","passed","Wed Sep 23 10:15:54 UTC 2026","Home Dashboard","specs\Smoke\3-HomeDashboardSmoke.spec.ts","",""
"","11951","Previous page button returns to page 1, First page button re-enables disabled state","chromium","Wed Sep 23 10:21:02 UTC 2026","passed","Wed Sep 23 10:21:14 UTC 2026","Exceptions — Smoke","specs\Smoke\8-ExceptionsSmoke.spec.ts","",""
"","10632","Search box filters grid and clears correctly","chromium","Wed Sep 23 10:20:05 UTC 2026","passed","Wed Sep 23 10:20:16 UTC 2026","Exceptions — Smoke","specs\Smoke\8-ExceptionsSmoke.spec.ts","",""
"","18789","Grid loads with data rows and key column headers","firefox","Wed Sep 23 10:20:14 UTC 2026","passed","Wed Sep 23 10:20:33 UTC 2026","Presented Checks — Smoke","specs\Smoke\5-PresentedChecksSmoke.spec.ts","",""
"","13741","Column filter popup applies a filter and Clear restores the full row set","msedge","Wed Sep 23 10:20:26 UTC 2026","passed","Wed Sep 23 10:20:39 UTC 2026","Presented Checks — Smoke (Continued)","specs\Smoke\5-PresentedChecksSmoke.spec.ts","",""
"","9356","Teller page loads correctly","msedge","Wed Sep 23 10:12:19 UTC 2026","passed","Wed Sep 23 10:12:29 UTC 2026","Application Navigation Smoke Tests","specs\Smoke\2-NavigationSmoke.spec.ts","",""
"","7489","Users sub-page loads correctly","chromium","Wed Sep 23 10:12:57 UTC 2026","passed","Wed Sep 23 10:13:04 UTC 2026","Application Navigation Smoke Tests","specs\Smoke\2-NavigationSmoke.spec.ts","",""
"","11628","File Processing sub-page loads correctly","firefox","Wed Sep 23 10:19:30 UTC 2026","passed","Wed Sep 23 10:19:42 UTC 2026","Application Navigation Smoke Tests","specs\Smoke\2-NavigationSmoke.spec.ts","",""
"","19384","Excel export button is visible and enabled","firefox","Wed Sep 23 10:27:41 UTC 2026","passed","Wed Sep 23 10:28:00 UTC 2026","ACH — Smoke","specs\Smoke\7-ACHSmoke.spec.ts","",""
"","9328","Exceptions page loads correctly","firefox","Wed Sep 23 10:14:34 UTC 2026","passed","Wed Sep 23 10:14:44 UTC 2026","Application Navigation Smoke Tests","specs\Smoke\2-NavigationSmoke.spec.ts","",""
"","7901","File Formats sub-page loads correctly","chromium","Wed Sep 23 10:13:39 UTC 2026","passed","Wed Sep 23 10:13:47 UTC 2026","Application Navigation Smoke Tests","specs\Smoke\2-NavigationSmoke.spec.ts","",""
"","14688","Previous page button returns to page 1, First page button re-enables disabled state","msedge","Wed Sep 23 10:22:35 UTC 2026","passed","Wed Sep 23 10:22:50 UTC 2026","ACH — Smoke","specs\Smoke\7-ACHSmoke.spec.ts","",""
"","11568","Saved Filters dropdown is visible and defaults to no preset","msedge","Wed Sep 23 10:23:22 UTC 2026","passed","Wed Sep 23 10:23:33 UTC 2026","Exceptions — Smoke","specs\Smoke\8-ExceptionsSmoke.spec.ts","",""
"","13717","Verify navigation to Issued Checks via nav menu","webkit","Wed Sep 23 10:36:51 UTC 2026","passed","Wed Sep 23 10:37:04 UTC 2026","Home Dashboard","specs\Smoke\3-HomeDashboardSmoke.spec.ts","",""
"","10641","Grid loads with data rows and key column headers","chromium","Wed Sep 23 10:15:31 UTC 2026","passed","Wed Sep 23 10:15:42 UTC 2026","Issued Checks — Smoke","specs\Smoke\4-IssuedChecksSmoke.spec.ts","",""
"","9200","Verify chart title changes with selected tab","chromium","Wed Sep 23 10:14:03 UTC 2026","passed","Wed Sep 23 10:14:12 UTC 2026","Home Dashboard","specs\Smoke\3-HomeDashboardSmoke.spec.ts","",""
"","13717","Notification Log sub-page loads correctly","firefox","Wed Sep 23 10:18:48 UTC 2026","passed","Wed Sep 23 10:19:02 UTC 2026","Application Navigation Smoke Tests","specs\Smoke\2-NavigationSmoke.spec.ts","",""
"","14741","Verify navigation to Presented Checks via nav menu","webkit","Wed Sep 23 10:37:04 UTC 2026","passed","Wed Sep 23 10:37:19 UTC 2026","Home Dashboard","specs\Smoke\3-HomeDashboardSmoke.spec.ts","",""
"","18054","Users sub-page loads correctly","webkit","Wed Sep 23 10:34:04 UTC 2026","passed","Wed Sep 23 10:34:22 UTC 2026","Application Navigation Smoke Tests","specs\Smoke\2-NavigationSmoke.spec.ts","",""
"","15383","""View"" link on a row opens the Exception Details dialog","msedge","Wed Sep 23 10:24:25 UTC 2026","passed","Wed Sep 23 10:24:41 UTC 2026","Exceptions — Smoke (Continued)","specs\Smoke\8-ExceptionsSmoke.spec.ts","",""
"","12279","Save a filter preset, verify it is auto-selected, then delete it","chromium","Wed Sep 23 10:21:51 UTC 2026","passed","Wed Sep 23 10:22:03 UTC 2026","Exceptions — Smoke (Continued)","specs\Smoke\8-ExceptionsSmoke.spec.ts","",""
"","9770","Pre-Decisions page loads with either records or the empty-state message","chromium","Wed Sep 23 10:23:27 UTC 2026","passed","Wed Sep 23 10:23:37 UTC 2026","Exceptions — Smoke (Continued)","specs\Smoke\8-ExceptionsSmoke.spec.ts","",""
"","17063","Typing a page number navigates to that page","webkit","Wed Sep 23 10:40:18 UTC 2026","passed","Wed Sep 23 10:40:35 UTC 2026","Issued Checks — Smoke","specs\Smoke\4-IssuedChecksSmoke.spec.ts","",""
"","8291","Verify ACH Only tab shows ACH-specific chart sections","chromium","Wed Sep 23 10:13:45 UTC 2026","passed","Wed Sep 23 10:13:54 UTC 2026","Home Dashboard","specs\Smoke\3-HomeDashboardSmoke.spec.ts","",""
"","14253","ACH breadcrumb link is visible on the page","firefox","Wed Sep 23 10:31:47 UTC 2026","passed","Wed Sep 23 10:32:01 UTC 2026","ACH — Smoke","specs\Smoke\7-ACHSmoke.spec.ts","",""
"","8932","""View"" (Change Log) link on a row navigates to the entity log","chromium","Wed Sep 23 10:18:43 UTC 2026","passed","Wed Sep 23 10:18:52 UTC 2026","Issued Checks — Smoke (Continued)","specs\Smoke\4-IssuedChecksSmoke.spec.ts","",""
"","10246","Notification Templates sub-page loads correctly","msedge","Wed Sep 23 10:14:37 UTC 2026","passed","Wed Sep 23 10:14:48 UTC 2026","Application Navigation Smoke Tests","specs\Smoke\2-NavigationSmoke.spec.ts","",""
"","6064","Verify all three dashboard view tabs are visible","chromium","Wed Sep 23 10:13:26 UTC 2026","passed","Wed Sep 23 10:13:32 UTC 2026","Home Dashboard","specs\Smoke\3-HomeDashboardSmoke.spec.ts","",""
"","10754","Saved Filters dropdown is visible and defaults to no preset","msedge","Wed Sep 23 10:18:42 UTC 2026","passed","Wed Sep 23 10:18:53 UTC 2026","Issued Checks — Smoke","specs\Smoke\4-IssuedChecksSmoke.spec.ts","",""
"","9270","Grid loads with data rows and key column headers","chromium","Wed Sep 23 10:19:27 UTC 2026","passed","Wed Sep 23 10:19:36 UTC 2026","ACH — Smoke","specs\Smoke\7-ACHSmoke.spec.ts","",""
"","8188","Approvals page loads with either records or the empty-state message","chromium","Wed Sep 23 10:23:19 UTC 2026","passed","Wed Sep 23 10:23:27 UTC 2026","Exceptions — Smoke (Continued)","specs\Smoke\8-ExceptionsSmoke.spec.ts","",""
"","12823","Default Decision Log sub-page loads correctly","msedge","Wed Sep 23 10:15:47 UTC 2026","passed","Wed Sep 23 10:16:00 UTC 2026","Application Navigation Smoke Tests","specs\Smoke\2-NavigationSmoke.spec.ts","",""
"","8945","Roles/Permissions sub-page loads correctly","chromium","Wed Sep 23 10:13:04 UTC 2026","passed","Wed Sep 23 10:13:13 UTC 2026","Application Navigation Smoke Tests","specs\Smoke\2-NavigationSmoke.spec.ts","",""
"","10451","Verify navigation to Settings via nav menu","msedge","Wed Sep 23 10:16:26 UTC 2026","passed","Wed Sep 23 10:16:37 UTC 2026","Home Dashboard","specs\Smoke\3-HomeDashboardSmoke.spec.ts","",""
"","11958","Typing a page number navigates to that page","chromium","Wed Sep 23 10:17:34 UTC 2026","passed","Wed Sep 23 10:17:46 UTC 2026","Presented Checks — Smoke","specs\Smoke\5-PresentedChecksSmoke.spec.ts","",""
"","15442","Presented Checks breadcrumb link is visible on the page","firefox","Wed Sep 23 10:26:02 UTC 2026","passed","Wed Sep 23 10:26:17 UTC 2026","Presented Checks — Smoke (Continued)","specs\Smoke\5-PresentedChecksSmoke.spec.ts","",""
"","7092","Verify dashboard loads after successful login","chromium","Wed Sep 23 10:13:19 UTC 2026","passed","Wed Sep 23 10:13:26 UTC 2026","Home Dashboard","specs\Smoke\3-HomeDashboardSmoke.spec.ts","",""
"","26837","Default filter auto-applies after logout and re-login","chromium","Wed Sep 23 10:21:24 UTC 2026","passed","Wed Sep 23 10:21:51 UTC 2026","Exceptions — Default Filter (Serial)","specs\Smoke\8-ExceptionsSmoke.spec.ts","",""
"","7502","Column filter menu applies a filter and Clear restores the full row set","chromium","Wed Sep 23 10:22:09 UTC 2026","passed","Wed Sep 23 10:22:17 UTC 2026","Exceptions — Smoke (Continued)","specs\Smoke\8-ExceptionsSmoke.spec.ts","",""
"","15550","Verify dashboard loads after successful login","webkit","Wed Sep 23 10:33:03 UTC 2026","passed","Wed Sep 23 10:33:18 UTC 2026","Home Dashboard","specs\Smoke\3-HomeDashboardSmoke.spec.ts","",""
"","30461","Save a filter preset, verify it is auto-selected, then delete it","webkit","Wed Sep 23 10:47:49 UTC 2026","passed","Wed Sep 23 10:48:20 UTC 2026","ACH — Smoke","specs\Smoke\7-ACHSmoke.spec.ts","",""
"","6283","Business Clients sub-page loads correctly","chromium","Wed Sep 23 10:12:50 UTC 2026","passed","Wed Sep 23 10:12:57 UTC 2026","Application Navigation Smoke Tests","specs\Smoke\2-NavigationSmoke.spec.ts","",""
"","15078","Previous page button returns to page 1, First page button re-enables disabled state","msedge","Wed Sep 23 10:23:07 UTC 2026","passed","Wed Sep 23 10:23:22 UTC 2026","Exceptions — Smoke","specs\Smoke\8-ExceptionsSmoke.spec.ts","",""
"","8055","Page size change to 10 updates pagination info in bottom-right pager","chromium","Wed Sep 23 10:20:24 UTC 2026","passed","Wed Sep 23 10:20:32 UTC 2026","Exceptions — Smoke","specs\Smoke\8-ExceptionsSmoke.spec.ts","",""
"","7505","Issued Checks page loads correctly","chromium","Wed Sep 23 10:12:02 UTC 2026","passed","Wed Sep 23 10:12:10 UTC 2026","Application Navigation Smoke Tests","specs\Smoke\2-NavigationSmoke.spec.ts","",""
"","11132","Page size change to 10 updates pagination info in bottom-right pager","msedge","Wed Sep 23 10:17:47 UTC 2026","passed","Wed Sep 23 10:17:58 UTC 2026","Issued Checks — Smoke","specs\Smoke\4-IssuedChecksSmoke.spec.ts","",""
"","13983","Decision badge on an already-reviewed row is blocked with a system message","msedge","Wed Sep 23 10:24:41 UTC 2026","passed","Wed Sep 23 10:24:55 UTC 2026","Exceptions — Smoke (Continued)","specs\Smoke\8-ExceptionsSmoke.spec.ts","",""
"","12610","Validate Login functionality with correctCredentials","msedge","Wed Sep 23 10:11:43 UTC 2026","passed","Wed Sep 23 10:11:56 UTC 2026","","specs\Smoke\1-LoginSmoke.spec.ts","",""
"","14627","Roles/Permissions sub-page loads correctly","firefox","Wed Sep 23 10:16:05 UTC 2026","passed","Wed Sep 23 10:16:19 UTC 2026","Application Navigation Smoke Tests","specs\Smoke\2-NavigationSmoke.spec.ts","",""
"","17955","Validate session persists after page refresh","webkit","Wed Sep 23 10:32:31 UTC 2026","passed","Wed Sep 23 10:32:49 UTC 2026","","specs\Smoke\1-LoginSmoke.spec.ts","",""
"","11745","Clicking a column header sorts ascending, clicking again sorts descending","msedge","Wed Sep 23 10:19:22 UTC 2026","passed","Wed Sep 23 10:19:33 UTC 2026","Issued Checks — Smoke (Continued)","specs\Smoke\4-IssuedChecksSmoke.spec.ts","",""
"","8373","""View"" link on a row opens the Exception Details dialog","chromium","Wed Sep 23 10:22:17 UTC 2026","passed","Wed Sep 23 10:22:25 UTC 2026","Exceptions — Smoke (Continued)","specs\Smoke\8-ExceptionsSmoke.spec.ts","",""
"","15330","Verify navigation to ACH via nav menu","webkit","Wed Sep 23 10:37:19 UTC 2026","passed","Wed Sep 23 10:37:34 UTC 2026","Home Dashboard","specs\Smoke\3-HomeDashboardSmoke.spec.ts","",""
"","14307","System Log sub-page loads correctly","webkit","Wed Sep 23 10:37:44 UTC 2026","passed","Wed Sep 23 10:37:58 UTC 2026","Application Navigation Smoke Tests","specs\Smoke\2-NavigationSmoke.spec.ts","",""
"","5515","Validate Login functionality with emptyFields","webkit","Wed Sep 23 10:31:24 UTC 2026","passed","Wed Sep 23 10:31:30 UTC 2026","","specs\Smoke\1-LoginSmoke.spec.ts","",""
"","24534","Save a filter preset, verify it is auto-selected, then delete it","firefox","Wed Sep 23 10:29:38 UTC 2026","passed","Wed Sep 23 10:30:03 UTC 2026","Exceptions — Smoke (Continued)","specs\Smoke\8-ExceptionsSmoke.spec.ts","",""
"","9416","Verify navigation to Settings via nav menu","chromium","Wed Sep 23 10:16:00 UTC 2026","passed","Wed Sep 23 10:16:09 UTC 2026","Home Dashboard","specs\Smoke\3-HomeDashboardSmoke.spec.ts","",""
"","10251","""Uploaded ACH"" navigates to the uploads page","msedge","Wed Sep 23 10:21:11 UTC 2026","passed","Wed Sep 23 10:21:21 UTC 2026","ACH — Smoke","specs\Smoke\7-ACHSmoke.spec.ts","",""
"","32899","Pay/Return decision badge navigates to exception history","webkit","Wed Sep 23 10:49:39 UTC 2026","passed","Wed Sep 23 10:50:12 UTC 2026","ACH — Smoke","specs\Smoke\7-ACHSmoke.spec.ts","",""
"","8086","Validate Login functionality with sqlInjection","firefox","Wed Sep 23 10:13:39 UTC 2026","passed","Wed Sep 23 10:13:47 UTC 2026","","specs\Smoke\1-LoginSmoke.spec.ts","",""
"","11127","Last page arrow jumps to the final page","msedge","Wed Sep 23 10:18:11 UTC 2026","passed","Wed Sep 23 10:18:22 UTC 2026","Issued Checks — Smoke","specs\Smoke\4-IssuedChecksSmoke.spec.ts","",""
"","10460","Excel export button is visible and enabled","msedge","Wed Sep 23 10:17:48 UTC 2026","passed","Wed Sep 23 10:17:59 UTC 2026","Presented Checks — Smoke","specs\Smoke\5-PresentedChecksSmoke.spec.ts","",""
"","9863","Decision badge on an already-reviewed row is blocked with a system message","chromium","Wed Sep 23 10:22:25 UTC 2026","passed","Wed Sep 23 10:22:35 UTC 2026","Exceptions — Smoke (Continued)","specs\Smoke\8-ExceptionsSmoke.spec.ts","",""
"","11649","Saved Filters dropdown is visible and defaults to no preset","chromium","Wed Sep 23 10:21:03 UTC 2026","passed","Wed Sep 23 10:21:14 UTC 2026","ACH — Smoke","specs\Smoke\7-ACHSmoke.spec.ts","",""
"","8976","Verify Check Only tab shows Check-specific chart sections","msedge","Wed Sep 23 10:13:59 UTC 2026","passed","Wed Sep 23 10:14:08 UTC 2026","Home Dashboard","specs\Smoke\3-HomeDashboardSmoke.spec.ts","",""
"","15898","ACH page loads correctly","firefox","Wed Sep 23 10:14:18 UTC 2026","passed","Wed Sep 23 10:14:34 UTC 2026","Application Navigation Smoke Tests","specs\Smoke\2-NavigationSmoke.spec.ts","",""
"","16545","Page size change to 10 updates pagination info in bottom-right pager","webkit","Wed Sep 23 10:45:57 UTC 2026","passed","Wed Sep 23 10:46:14 UTC 2026","Exceptions — Smoke","specs\Smoke\8-ExceptionsSmoke.spec.ts","",""
"","13279","Clicking a column header sorts ascending, clicking again sorts descending","msedge","Wed Sep 23 10:23:59 UTC 2026","passed","Wed Sep 23 10:24:12 UTC 2026","Exceptions — Smoke (Continued)","specs\Smoke\8-ExceptionsSmoke.spec.ts","",""
"","18423","Saved Filters dropdown is visible and defaults to no preset","webkit","Wed Sep 23 10:40:55 UTC 2026","passed","Wed Sep 23 10:41:14 UTC 2026","Issued Checks — Smoke","specs\Smoke\4-IssuedChecksSmoke.spec.ts","",""
"","16377","""View"" (Change Log) link on a row navigates to the entity log","webkit","Wed Sep 23 10:43:54 UTC 2026","passed","Wed Sep 23 10:44:10 UTC 2026","Presented Checks — Smoke (Continued)","specs\Smoke\5-PresentedChecksSmoke.spec.ts","",""
"","13371","ACH Approval Rules sub-page loads correctly","msedge","Wed Sep 23 10:15:20 UTC 2026","passed","Wed Sep 23 10:15:34 UTC 2026","Application Navigation Smoke Tests","specs\Smoke\2-NavigationSmoke.spec.ts","",""
"","17449","Branding sub-page loads correctly","webkit","Wed Sep 23 10:34:40 UTC 2026","passed","Wed Sep 23 10:34:58 UTC 2026","Application Navigation Smoke Tests","specs\Smoke\2-NavigationSmoke.spec.ts","",""
"","13609","Exceptions page loads correctly","webkit","Wed Sep 23 10:32:55 UTC 2026","passed","Wed Sep 23 10:33:09 UTC 2026","Application Navigation Smoke Tests","specs\Smoke\2-NavigationSmoke.spec.ts","",""
"","17685","""View"" (Change Log) link on a row navigates to the entity log","webkit","Wed Sep 23 10:49:02 UTC 2026","passed","Wed Sep 23 10:49:19 UTC 2026","ACH — Smoke","specs\Smoke\7-ACHSmoke.spec.ts","",""
"","10373","Last page arrow jumps to the final page","chromium","Wed Sep 23 10:16:56 UTC 2026","passed","Wed Sep 23 10:17:06 UTC 2026","Issued Checks — Smoke","specs\Smoke\4-IssuedChecksSmoke.spec.ts","",""
"","6071","Approvals page loads with either records or the empty-state message","webkit","Wed Sep 23 10:50:57 UTC 2026","passed","Wed Sep 23 10:51:03 UTC 2026","Exceptions — Smoke (Continued)","specs\Smoke\8-ExceptionsSmoke.spec.ts","",""
"","17534","Verify Check Only tab shows Check-specific chart sections","webkit","Wed Sep 23 10:33:51 UTC 2026","passed","Wed Sep 23 10:34:09 UTC 2026","Home Dashboard","specs\Smoke\3-HomeDashboardSmoke.spec.ts","",""
"","10321","Verify delayed data note and force refresh link are visible on dashboard","chromium","Wed Sep 23 10:14:35 UTC 2026","passed","Wed Sep 23 10:14:45 UTC 2026","Home Dashboard","specs\Smoke\3-HomeDashboardSmoke.spec.ts","",""
"","12111","""Uploaded Checks"" navigates to the uploads page","chromium","Wed Sep 23 10:15:53 UTC 2026","passed","Wed Sep 23 10:16:05 UTC 2026","Issued Checks — Smoke","specs\Smoke\4-IssuedChecksSmoke.spec.ts","",""
"","11135","Excel export button is visible and enabled","firefox","Wed Sep 23 10:27:36 UTC 2026","passed","Wed Sep 23 10:27:47 UTC 2026","Exceptions — Smoke","specs\Smoke\8-ExceptionsSmoke.spec.ts","",""
"","11901","Page size change to 10 updates pagination info in bottom-right pager","msedge","Wed Sep 23 10:17:59 UTC 2026","passed","Wed Sep 23 10:18:11 UTC 2026","Presented Checks — Smoke","specs\Smoke\5-PresentedChecksSmoke.spec.ts","",""
"","9454","Presented Checks page loads correctly","msedge","Wed Sep 23 10:12:10 UTC 2026","passed","Wed Sep 23 10:12:19 UTC 2026","Application Navigation Smoke Tests","specs\Smoke\2-NavigationSmoke.spec.ts","",""
"","22624","Verify chart title changes with selected tab","webkit","Wed Sep 23 10:34:46 UTC 2026","passed","Wed Sep 23 10:35:09 UTC 2026","Home Dashboard","specs\Smoke\3-HomeDashboardSmoke.spec.ts","",""
"","4409","Validate Login functionality with incorrectPassword","firefox","Wed Sep 23 10:13:13 UTC 2026","passed","Wed Sep 23 10:13:17 UTC 2026","","specs\Smoke\1-LoginSmoke.spec.ts","",""
"","16935","Column filter menu applies a filter and Clear restores the full row set","firefox","Wed Sep 23 10:30:19 UTC 2026","passed","Wed Sep 23 10:30:36 UTC 2026","Exceptions — Smoke (Continued)","specs\Smoke\8-ExceptionsSmoke.spec.ts","",""
"","14325","Verify tab-specific charts are hidden for opposite tab","firefox","Wed Sep 23 10:17:11 UTC 2026","passed","Wed Sep 23 10:17:25 UTC 2026","Home Dashboard","specs\Smoke\3-HomeDashboardSmoke.spec.ts","",""
