"DESCRIPTION","DURATION IN MS","NAME","PARENT SUITE","START TIME","STATUS","STOP TIME","SUB SUITE","SUITE","TEST CLASS","TEST METHOD"
"","5086","Navigation tabs to Pre-Decisions, Approvals, and Exception History are visible","chromium","Mon Oct 05 10:24:05 UTC 2026","passed","Mon Oct 05 10:24:10 UTC 2026","Exceptions — Smoke > Open Exceptions","specs\Smoke\8-ExceptionsSmoke.spec.ts","",""
"","9658","Saved Filters dropdown is visible and defaults to no preset","firefox","Mon Oct 05 10:23:12 UTC 2026","passed","Mon Oct 05 10:23:21 UTC 2026","Presented Checks — Smoke > Saved Filters","specs\Smoke\5-PresentedChecksSmoke.spec.ts","",""
"","7970","Column filter menu applies a filter and Clear restores the full row set","msedge","Mon Oct 05 10:20:23 UTC 2026","passed","Mon Oct 05 10:20:31 UTC 2026","Exceptions — Smoke > Exception History > Column Filter","specs\Smoke\8-ExceptionsSmoke.spec.ts","",""
"","11724","""Edit"" link on a row navigates to the check edit form","webkit","Mon Oct 05 10:36:05 UTC 2026","passed","Mon Oct 05 10:36:16 UTC 2026","Issued Checks — Smoke > Row Actions","specs\Smoke\4-IssuedChecksSmoke.spec.ts","",""
"","7280","Presented Checks breadcrumb link is visible on the page","chromium","Mon Oct 05 10:22:13 UTC 2026","passed","Mon Oct 05 10:22:20 UTC 2026","Presented Checks — Smoke > Breadcrumb","specs\Smoke\5-PresentedChecksSmoke.spec.ts","",""
"","14169","Verify Check Only tab shows Check-specific chart sections","firefox","Mon Oct 05 10:16:35 UTC 2026","passed","Mon Oct 05 10:16:49 UTC 2026","Home Dashboard > Dashboard Chart Headings","specs\Smoke\3-HomeDashboardSmoke.spec.ts","",""
"","5865","File Processing sub-page loads correctly","msedge","Mon Oct 05 10:15:13 UTC 2026","passed","Mon Oct 05 10:15:19 UTC 2026","Application Navigation Smoke Tests > Settings Sub-navigation","specs\Smoke\2-NavigationSmoke.spec.ts","",""
"","16916","Typing a page number navigates to that page","firefox","Mon Oct 05 10:24:59 UTC 2026","passed","Mon Oct 05 10:25:16 UTC 2026","ACH — Smoke > Pagination","specs\Smoke\7-ACHSmoke.spec.ts","",""
"","10250","Verify tab-specific charts are hidden for opposite tab","firefox","Mon Oct 05 10:17:33 UTC 2026","passed","Mon Oct 05 10:17:43 UTC 2026","Home Dashboard > Dashboard Chart Headings","specs\Smoke\3-HomeDashboardSmoke.spec.ts","",""
"","5781","Clicking a column header sorts ascending, clicking again sorts descending","msedge","Mon Oct 05 10:19:44 UTC 2026","passed","Mon Oct 05 10:19:50 UTC 2026","ACH — Smoke > Sorting","specs\Smoke\7-ACHSmoke.spec.ts","",""
"","7251","Validate unauthenticated access to protected route is redirected to login","chromium","Mon Oct 05 10:15:43 UTC 2026","passed","Mon Oct 05 10:15:50 UTC 2026","Login — Smoke > Session & Security","specs\Smoke\1-LoginSmoke.spec.ts","",""
"","10978","Default filter auto-applies after logout and re-login","firefox","Mon Oct 05 10:23:44 UTC 2026","skipped","Mon Oct 05 10:23:55 UTC 2026","Presented Checks — Smoke > Saved Filters > Default Filter","specs\Smoke\5-PresentedChecksSmoke.spec.ts","",""
"","13624","Column filter popup applies a filter and Clear restores the full row set","firefox","Mon Oct 05 10:26:17 UTC 2026","passed","Mon Oct 05 10:26:31 UTC 2026","ACH — Smoke > Column Filter","specs\Smoke\7-ACHSmoke.spec.ts","",""
"","12351","Excel export button is visible and enabled","webkit","Mon Oct 05 10:35:54 UTC 2026","passed","Mon Oct 05 10:36:06 UTC 2026","Presented Checks — Smoke > Toolbar","specs\Smoke\5-PresentedChecksSmoke.spec.ts","",""
"","14474","Save a filter preset, verify it is auto-selected, then delete it","firefox","Mon Oct 05 10:27:27 UTC 2026","passed","Mon Oct 05 10:27:42 UTC 2026","Exceptions — Smoke > Exception History > Saved Filters","specs\Smoke\8-ExceptionsSmoke.spec.ts","",""
"","6868","""Delete"" on a row shows a confirm modal; Cancel dismisses it without deleting","chromium","Mon Oct 05 10:22:00 UTC 2026","passed","Mon Oct 05 10:22:06 UTC 2026","Presented Checks — Smoke > Row Actions","specs\Smoke\5-PresentedChecksSmoke.spec.ts","",""
"","3877","Automatic ACH Decision Rules sub-page loads correctly","msedge","Mon Oct 05 10:14:44 UTC 2026","passed","Mon Oct 05 10:14:48 UTC 2026","Application Navigation Smoke Tests > Settings Sub-navigation","specs\Smoke\2-NavigationSmoke.spec.ts","",""
"","9486","Settings page loads correctly","webkit","Mon Oct 05 10:29:11 UTC 2026","passed","Mon Oct 05 10:29:20 UTC 2026","Application Navigation Smoke Tests > Top-level Navigation","specs\Smoke\2-NavigationSmoke.spec.ts","",""
"","4208","Validate Login functionality with emptyFields","msedge","Mon Oct 05 10:13:34 UTC 2026","passed","Mon Oct 05 10:13:38 UTC 2026","Login — Smoke > Login","specs\Smoke\1-LoginSmoke.spec.ts","",""
"","9109","Validate Login functionality with incorrectUsername","webkit","Mon Oct 05 10:28:40 UTC 2026","passed","Mon Oct 05 10:28:49 UTC 2026","Login — Smoke > Login","specs\Smoke\1-LoginSmoke.spec.ts","",""
"","13237","Validate Login functionality with correctCredentials","webkit","Mon Oct 05 10:28:00 UTC 2026","passed","Mon Oct 05 10:28:13 UTC 2026","Login — Smoke > Login","specs\Smoke\1-LoginSmoke.spec.ts","",""
"","10365","Verify Home dashboard is restored after returning from another page","chromium","Mon Oct 05 10:17:29 UTC 2026","passed","Mon Oct 05 10:17:39 UTC 2026","Home Dashboard > Summary Stats","specs\Smoke\3-HomeDashboardSmoke.spec.ts","",""
"","6278","Verify summary KPI values have expected number formats","chromium","Mon Oct 05 10:17:02 UTC 2026","passed","Mon Oct 05 10:17:08 UTC 2026","Home Dashboard > Summary Stats","specs\Smoke\3-HomeDashboardSmoke.spec.ts","",""
"","6856","Verify ACH Only tab shows ACH-specific chart sections","chromium","Mon Oct 05 10:16:26 UTC 2026","passed","Mon Oct 05 10:16:33 UTC 2026","Home Dashboard > Dashboard Chart Headings","specs\Smoke\3-HomeDashboardSmoke.spec.ts","",""
"","6885","Billing Reports sub-page loads correctly","chromium","Mon Oct 05 10:14:31 UTC 2026","passed","Mon Oct 05 10:14:37 UTC 2026","Application Navigation Smoke Tests > Settings Sub-navigation","specs\Smoke\2-NavigationSmoke.spec.ts","",""
"","13016","Next page arrow advances to page 2","firefox","Mon Oct 05 10:24:37 UTC 2026","passed","Mon Oct 05 10:24:50 UTC 2026","ACH — Smoke > Pagination","specs\Smoke\7-ACHSmoke.spec.ts","",""
"","10535","Exception History grid loads with data rows and key column headers","webkit","Mon Oct 05 10:39:26 UTC 2026","passed","Mon Oct 05 10:39:37 UTC 2026","Exceptions — Smoke > Exception History > Grid","specs\Smoke\8-ExceptionsSmoke.spec.ts","",""
"","7415","Search box filters grid and clears correctly","chromium","Mon Oct 05 10:19:23 UTC 2026","passed","Mon Oct 05 10:19:31 UTC 2026","ACH — Smoke > Toolbar","specs\Smoke\7-ACHSmoke.spec.ts","",""
"","5438","Validate Login functionality with missingUsername","chromium","Mon Oct 05 10:13:53 UTC 2026","passed","Mon Oct 05 10:13:59 UTC 2026","Login — Smoke > Login","specs\Smoke\1-LoginSmoke.spec.ts","",""
"","6796","Grid loads with data rows and key column headers","chromium","Mon Oct 05 10:18:19 UTC 2026","passed","Mon Oct 05 10:18:26 UTC 2026","Presented Checks — Smoke > Grid","specs\Smoke\5-PresentedChecksSmoke.spec.ts","",""
"","5616","Default filter auto-applies after logout and re-login","msedge","Mon Oct 05 10:19:38 UTC 2026","skipped","Mon Oct 05 10:19:44 UTC 2026","ACH — Smoke > Saved Filters > Default Filter","specs\Smoke\7-ACHSmoke.spec.ts","",""
"","5178","Verify all three dashboard view tabs are visible","msedge","Mon Oct 05 10:14:36 UTC 2026","passed","Mon Oct 05 10:14:41 UTC 2026","Home Dashboard > Page Load","specs\Smoke\3-HomeDashboardSmoke.spec.ts","",""
"","9337","Notification Log sub-page loads correctly","webkit","Mon Oct 05 10:31:31 UTC 2026","passed","Mon Oct 05 10:31:40 UTC 2026","Application Navigation Smoke Tests > Settings Sub-navigation","specs\Smoke\2-NavigationSmoke.spec.ts","",""
"","9652","""View"" link on a row opens the Exception Details dialog","webkit","Mon Oct 05 10:42:33 UTC 2026","passed","Mon Oct 05 10:42:43 UTC 2026","Exceptions — Smoke > Exception History > Row Actions","specs\Smoke\8-ExceptionsSmoke.spec.ts","",""
"","5000","Check Approval Rules sub-page loads correctly","chromium","Mon Oct 05 10:15:03 UTC 2026","passed","Mon Oct 05 10:15:08 UTC 2026","Application Navigation Smoke Tests > Settings Sub-navigation","specs\Smoke\2-NavigationSmoke.spec.ts","",""
"","7840","Validate forgot password functionality","firefox","Mon Oct 05 10:14:49 UTC 2026","passed","Mon Oct 05 10:14:57 UTC 2026","Login — Smoke > Forgot Password","specs\Smoke\1-LoginSmoke.spec.ts","",""
"","13200","Last page arrow jumps to the final page","firefox","Mon Oct 05 10:20:18 UTC 2026","passed","Mon Oct 05 10:20:32 UTC 2026","Issued Checks — Smoke > Pagination","specs\Smoke\4-IssuedChecksSmoke.spec.ts","",""
"","5102","""Uploaded ACH"" navigates to the uploads page","msedge","Mon Oct 05 10:18:35 UTC 2026","passed","Mon Oct 05 10:18:40 UTC 2026","ACH — Smoke > Navigation","specs\Smoke\7-ACHSmoke.spec.ts","",""
"","4379","Billing Reports sub-page loads correctly","msedge","Mon Oct 05 10:14:10 UTC 2026","passed","Mon Oct 05 10:14:14 UTC 2026","Application Navigation Smoke Tests > Settings Sub-navigation","specs\Smoke\2-NavigationSmoke.spec.ts","",""
"","12705","Page size change to 10 updates pagination info in bottom-right pager","firefox","Mon Oct 05 10:19:55 UTC 2026","passed","Mon Oct 05 10:20:08 UTC 2026","Issued Checks — Smoke > Pagination","specs\Smoke\4-IssuedChecksSmoke.spec.ts","",""
"","7971","Validate forgot password functionality with No email","chromium","Mon Oct 05 10:14:22 UTC 2026","passed","Mon Oct 05 10:14:30 UTC 2026","Login — Smoke > Forgot Password","specs\Smoke\1-LoginSmoke.spec.ts","",""
"","9177","Grid loads with data rows and key column headers","msedge","Mon Oct 05 10:15:32 UTC 2026","passed","Mon Oct 05 10:15:42 UTC 2026","Issued Checks — Smoke > Grid","specs\Smoke\4-IssuedChecksSmoke.spec.ts","",""
"","13242","Next page arrow advances to page 2","webkit","Mon Oct 05 10:38:48 UTC 2026","passed","Mon Oct 05 10:39:02 UTC 2026","ACH — Smoke > Pagination","specs\Smoke\7-ACHSmoke.spec.ts","",""
"","7754","Validate Login functionality with invalidEmailFormat","firefox","Mon Oct 05 10:13:48 UTC 2026","passed","Mon Oct 05 10:13:56 UTC 2026","Login — Smoke > Login","specs\Smoke\1-LoginSmoke.spec.ts","",""
"","8912","Default filter auto-applies after logout and re-login","webkit","Mon Oct 05 10:37:45 UTC 2026","skipped","Mon Oct 05 10:37:54 UTC 2026","Presented Checks — Smoke > Saved Filters > Default Filter","specs\Smoke\5-PresentedChecksSmoke.spec.ts","",""
"","18078","Search box filters grid and clears correctly","firefox","Mon Oct 05 10:19:26 UTC 2026","passed","Mon Oct 05 10:19:44 UTC 2026","Issued Checks — Smoke > Toolbar","specs\Smoke\4-IssuedChecksSmoke.spec.ts","",""
"","8476","Teller page loads correctly","webkit","Mon Oct 05 10:28:42 UTC 2026","passed","Mon Oct 05 10:28:50 UTC 2026","Application Navigation Smoke Tests > Top-level Navigation","specs\Smoke\2-NavigationSmoke.spec.ts","",""
"","6761","Decision Files sub-page loads correctly","msedge","Mon Oct 05 10:14:14 UTC 2026","passed","Mon Oct 05 10:14:21 UTC 2026","Application Navigation Smoke Tests > Settings Sub-navigation","specs\Smoke\2-NavigationSmoke.spec.ts","",""
"","11645","Previous page button returns to page 1, First page button re-enables disabled state","chromium","Mon Oct 05 10:20:12 UTC 2026","passed","Mon Oct 05 10:20:23 UTC 2026","ACH — Smoke > Pagination","specs\Smoke\7-ACHSmoke.spec.ts","",""
"","9895","Save a filter preset, verify it is auto-selected, then delete it","chromium","Mon Oct 05 10:23:01 UTC 2026","passed","Mon Oct 05 10:23:11 UTC 2026","Exceptions — Smoke > Exception History > Saved Filters","specs\Smoke\8-ExceptionsSmoke.spec.ts","",""
"","14262","Grid loads with data rows and key column headers","firefox","Mon Oct 05 10:23:10 UTC 2026","passed","Mon Oct 05 10:23:24 UTC 2026","ACH — Smoke > Grid","specs\Smoke\7-ACHSmoke.spec.ts","",""
"","5414","Roles/Permissions sub-page loads correctly","chromium","Mon Oct 05 10:14:17 UTC 2026","passed","Mon Oct 05 10:14:22 UTC 2026","Application Navigation Smoke Tests > Settings Sub-navigation","specs\Smoke\2-NavigationSmoke.spec.ts","",""
"","22167","Verify Combined View shows all chart sections","firefox","Mon Oct 05 10:16:13 UTC 2026","passed","Mon Oct 05 10:16:35 UTC 2026","Home Dashboard > Dashboard Chart Headings","specs\Smoke\3-HomeDashboardSmoke.spec.ts","",""
"","8013","Validate Login functionality with caseSensitiveEmail","chromium","Mon Oct 05 10:13:19 UTC 2026","passed","Mon Oct 05 10:13:27 UTC 2026","Login — Smoke > Login","specs\Smoke\1-LoginSmoke.spec.ts","",""
"","10721","""View"" (Change Log) link on a row navigates to the entity log","webkit","Mon Oct 05 10:38:38 UTC 2026","passed","Mon Oct 05 10:38:49 UTC 2026","Presented Checks — Smoke > Row Actions","specs\Smoke\5-PresentedChecksSmoke.spec.ts","",""
"","10844","Verify navigation to Presented Checks via nav menu","webkit","Mon Oct 05 10:34:04 UTC 2026","passed","Mon Oct 05 10:34:15 UTC 2026","Home Dashboard > Navigation from Dashboard","specs\Smoke\3-HomeDashboardSmoke.spec.ts","",""
"","5360","Exceptions breadcrumb link is visible on the page","webkit","Mon Oct 05 10:42:53 UTC 2026","passed","Mon Oct 05 10:42:58 UTC 2026","Exceptions — Smoke > Exception History > Breadcrumb","specs\Smoke\8-ExceptionsSmoke.spec.ts","",""
"","4964","Validate Login functionality with incorrectPassword","chromium","Mon Oct 05 10:13:27 UTC 2026","passed","Mon Oct 05 10:13:32 UTC 2026","Login — Smoke > Login","specs\Smoke\1-LoginSmoke.spec.ts","",""
"","13498","Last page arrow jumps to the final page","webkit","Mon Oct 05 10:40:47 UTC 2026","passed","Mon Oct 05 10:41:01 UTC 2026","Exceptions — Smoke > Exception History > Pagination","specs\Smoke\8-ExceptionsSmoke.spec.ts","",""
"","13328","""Delete"" on a row shows a confirm modal; Cancel dismisses it without deleting","webkit","Mon Oct 05 10:38:49 UTC 2026","passed","Mon Oct 05 10:39:02 UTC 2026","Presented Checks — Smoke > Row Actions","specs\Smoke\5-PresentedChecksSmoke.spec.ts","",""
"","10905","Excel export button is visible and enabled","firefox","Mon Oct 05 10:25:54 UTC 2026","passed","Mon Oct 05 10:26:05 UTC 2026","Exceptions — Smoke > Exception History > Toolbar","specs\Smoke\8-ExceptionsSmoke.spec.ts","",""
"","4335","Excel export button is visible and enabled","chromium","Mon Oct 05 10:22:26 UTC 2026","passed","Mon Oct 05 10:22:31 UTC 2026","Exceptions — Smoke > Exception History > Toolbar","specs\Smoke\8-ExceptionsSmoke.spec.ts","",""
"","12634","Page size change to 10 updates pagination info in bottom-right pager","webkit","Mon Oct 05 10:38:36 UTC 2026","passed","Mon Oct 05 10:38:48 UTC 2026","ACH — Smoke > Pagination","specs\Smoke\7-ACHSmoke.spec.ts","",""
"","10518","Exceptions page loads correctly","firefox","Mon Oct 05 10:14:13 UTC 2026","passed","Mon Oct 05 10:14:23 UTC 2026","Application Navigation Smoke Tests > Top-level Navigation","specs\Smoke\2-NavigationSmoke.spec.ts","",""
"","7575","Next page arrow advances to page 2","chromium","Mon Oct 05 10:19:08 UTC 2026","passed","Mon Oct 05 10:19:16 UTC 2026","Presented Checks — Smoke > Pagination","specs\Smoke\5-PresentedChecksSmoke.spec.ts","",""
"","4628","Validate unauthenticated access to protected route is redirected to login","msedge","Mon Oct 05 10:14:21 UTC 2026","passed","Mon Oct 05 10:14:26 UTC 2026","Login — Smoke > Session & Security","specs\Smoke\1-LoginSmoke.spec.ts","",""
"","11268","Verify tab-specific charts are hidden for opposite tab","webkit","Mon Oct 05 10:32:41 UTC 2026","passed","Mon Oct 05 10:32:52 UTC 2026","Home Dashboard > Dashboard Chart Headings","specs\Smoke\3-HomeDashboardSmoke.spec.ts","",""
"","8312","Verify all three dashboard view tabs are visible","webkit","Mon Oct 05 10:31:34 UTC 2026","passed","Mon Oct 05 10:31:42 UTC 2026","Home Dashboard > Page Load","specs\Smoke\3-HomeDashboardSmoke.spec.ts","",""
"","9999","Decision badge on an already-reviewed row is blocked with a system message","webkit","Mon Oct 05 10:42:43 UTC 2026","passed","Mon Oct 05 10:42:53 UTC 2026","Exceptions — Smoke > Exception History > Row Actions","specs\Smoke\8-ExceptionsSmoke.spec.ts","",""
"","7440","Grid loads with data rows and key column headers","msedge","Mon Oct 05 10:16:43 UTC 2026","passed","Mon Oct 05 10:16:50 UTC 2026","Presented Checks — Smoke > Grid","specs\Smoke\5-PresentedChecksSmoke.spec.ts","",""
"","10926","Verify navigation to ACH via nav menu","firefox","Mon Oct 05 10:19:16 UTC 2026","passed","Mon Oct 05 10:19:27 UTC 2026","Home Dashboard > Navigation from Dashboard","specs\Smoke\3-HomeDashboardSmoke.spec.ts","",""
"","7926","Excel export button is visible and enabled","firefox","Mon Oct 05 10:20:50 UTC 2026","passed","Mon Oct 05 10:20:58 UTC 2026","Presented Checks — Smoke > Toolbar","specs\Smoke\5-PresentedChecksSmoke.spec.ts","",""
"","7430","""Edit"" link on a row navigates to the check edit form","firefox","Mon Oct 05 10:22:00 UTC 2026","passed","Mon Oct 05 10:22:08 UTC 2026","Issued Checks — Smoke > Row Actions","specs\Smoke\4-IssuedChecksSmoke.spec.ts","",""
"","9527","Verify delayed data note and force refresh link are visible on dashboard","msedge","Mon Oct 05 10:15:32 UTC 2026","passed","Mon Oct 05 10:15:42 UTC 2026","Home Dashboard > Summary Stats","specs\Smoke\3-HomeDashboardSmoke.spec.ts","",""
"","5559","Last page arrow jumps to the final page","msedge","Mon Oct 05 10:17:41 UTC 2026","passed","Mon Oct 05 10:17:47 UTC 2026","Presented Checks — Smoke > Pagination","specs\Smoke\5-PresentedChecksSmoke.spec.ts","",""
"","11674","Verify navigation to Exceptions via nav menu","webkit","Mon Oct 05 10:34:29 UTC 2026","passed","Mon Oct 05 10:34:40 UTC 2026","Home Dashboard > Navigation from Dashboard","specs\Smoke\3-HomeDashboardSmoke.spec.ts","",""
"","20713","Next page arrow advances to page 2","firefox","Mon Oct 05 10:22:05 UTC 2026","passed","Mon Oct 05 10:22:26 UTC 2026","Presented Checks — Smoke > Pagination","specs\Smoke\5-PresentedChecksSmoke.spec.ts","",""
"","5473","Navigation tabs to Pre-Decisions, Approvals, and Exception History are visible","webkit","Mon Oct 05 10:42:58 UTC 2026","passed","Mon Oct 05 10:43:04 UTC 2026","Exceptions — Smoke > Open Exceptions","specs\Smoke\8-ExceptionsSmoke.spec.ts","",""
"","972","Default filter auto-applies after logout and re-login","webkit","Mon Oct 05 10:42:15 UTC 2026","skipped","Mon Oct 05 10:42:16 UTC 2026","Exceptions — Smoke > Exception History > Saved Filters > Default Filter","specs\Smoke\8-ExceptionsSmoke.spec.ts","",""
"","3693","Exceptions breadcrumb link is visible on the page","msedge","Mon Oct 05 10:20:42 UTC 2026","passed","Mon Oct 05 10:20:46 UTC 2026","Exceptions — Smoke > Exception History > Breadcrumb","specs\Smoke\8-ExceptionsSmoke.spec.ts","",""
"","13791","Search box filters grid and clears correctly","firefox","Mon Oct 05 10:24:02 UTC 2026","passed","Mon Oct 05 10:24:16 UTC 2026","ACH — Smoke > Toolbar","specs\Smoke\7-ACHSmoke.spec.ts","",""
"","11467","Next page arrow advances to page 2","webkit","Mon Oct 05 10:36:18 UTC 2026","passed","Mon Oct 05 10:36:29 UTC 2026","Presented Checks — Smoke > Pagination","specs\Smoke\5-PresentedChecksSmoke.spec.ts","",""
"","19088","Column filter popup applies a filter and Clear restores the full row set","webkit","Mon Oct 05 10:35:45 UTC 2026","passed","Mon Oct 05 10:36:04 UTC 2026","Issued Checks — Smoke > Column Filter","specs\Smoke\4-IssuedChecksSmoke.spec.ts","",""
"","13924","Validate Login functionality with missingUsername","webkit","Mon Oct 05 10:29:24 UTC 2026","passed","Mon Oct 05 10:29:38 UTC 2026","Login — Smoke > Login","specs\Smoke\1-LoginSmoke.spec.ts","",""
"","13455","Save a filter preset, verify it is auto-selected, then delete it","chromium","Mon Oct 05 10:17:25 UTC 2026","passed","Mon Oct 05 10:17:39 UTC 2026","Issued Checks — Smoke > Saved Filters","specs\Smoke\4-IssuedChecksSmoke.spec.ts","",""
"","6297","Business Clients sub-page loads correctly","chromium","Mon Oct 05 10:14:05 UTC 2026","passed","Mon Oct 05 10:14:11 UTC 2026","Application Navigation Smoke Tests > Settings Sub-navigation","specs\Smoke\2-NavigationSmoke.spec.ts","",""
"","4806","""Edit"" link on a row navigates to the check edit form","msedge","Mon Oct 05 10:18:31 UTC 2026","passed","Mon Oct 05 10:18:36 UTC 2026","Presented Checks — Smoke > Row Actions","specs\Smoke\5-PresentedChecksSmoke.spec.ts","",""
"","11088","Saved Filters dropdown is visible and defaults to no preset","firefox","Mon Oct 05 10:27:16 UTC 2026","passed","Mon Oct 05 10:27:27 UTC 2026","Exceptions — Smoke > Exception History > Saved Filters","specs\Smoke\8-ExceptionsSmoke.spec.ts","",""
"","5223","Excel export button is visible and enabled","msedge","Mon Oct 05 10:18:47 UTC 2026","passed","Mon Oct 05 10:18:52 UTC 2026","ACH — Smoke > Toolbar","specs\Smoke\7-ACHSmoke.spec.ts","",""
"","14658","Save a filter preset, verify it is auto-selected, then delete it","msedge","Mon Oct 05 10:20:00 UTC 2026","passed","Mon Oct 05 10:20:15 UTC 2026","Exceptions — Smoke > Exception History > Saved Filters","specs\Smoke\8-ExceptionsSmoke.spec.ts","",""
"","5180","Page size change to 10 updates pagination info in bottom-right pager","msedge","Mon Oct 05 10:19:21 UTC 2026","passed","Mon Oct 05 10:19:27 UTC 2026","Exceptions — Smoke > Exception History > Pagination","specs\Smoke\8-ExceptionsSmoke.spec.ts","",""
"","6798","Saved Filters dropdown is visible and defaults to no preset","chromium","Mon Oct 05 10:19:38 UTC 2026","passed","Mon Oct 05 10:19:44 UTC 2026","Presented Checks — Smoke > Saved Filters","specs\Smoke\5-PresentedChecksSmoke.spec.ts","",""
"","8814","Default Decision Log sub-page loads correctly","webkit","Mon Oct 05 10:31:40 UTC 2026","passed","Mon Oct 05 10:31:49 UTC 2026","Application Navigation Smoke Tests > Settings Sub-navigation","specs\Smoke\2-NavigationSmoke.spec.ts","",""
"","5169","Automatic Check Decision Rules sub-page loads correctly","chromium","Mon Oct 05 10:14:58 UTC 2026","passed","Mon Oct 05 10:15:03 UTC 2026","Application Navigation Smoke Tests > Settings Sub-navigation","specs\Smoke\2-NavigationSmoke.spec.ts","",""
"","6493","Last page arrow jumps to the final page","chromium","Mon Oct 05 10:16:56 UTC 2026","passed","Mon Oct 05 10:17:02 UTC 2026","Issued Checks — Smoke > Pagination","specs\Smoke\4-IssuedChecksSmoke.spec.ts","",""
"","4373","Business Clients sub-page loads correctly","msedge","Mon Oct 05 10:13:51 UTC 2026","passed","Mon Oct 05 10:13:56 UTC 2026","Application Navigation Smoke Tests > Settings Sub-navigation","specs\Smoke\2-NavigationSmoke.spec.ts","",""
"","7343","Clicking a column header sorts ascending, clicking again sorts descending","msedge","Mon Oct 05 10:20:15 UTC 2026","passed","Mon Oct 05 10:20:23 UTC 2026","Exceptions — Smoke > Exception History > Sorting","specs\Smoke\8-ExceptionsSmoke.spec.ts","",""
"","5395","Next page arrow advances to page 2","msedge","Mon Oct 05 10:18:57 UTC 2026","passed","Mon Oct 05 10:19:03 UTC 2026","ACH — Smoke > Pagination","specs\Smoke\7-ACHSmoke.spec.ts","",""
"","6073","""Edit"" link on a row navigates to the check edit form","chromium","Mon Oct 05 10:18:21 UTC 2026","passed","Mon Oct 05 10:18:27 UTC 2026","Issued Checks — Smoke > Row Actions","specs\Smoke\4-IssuedChecksSmoke.spec.ts","",""
"","9312","Default Decision Log sub-page loads correctly","firefox","Mon Oct 05 10:17:43 UTC 2026","passed","Mon Oct 05 10:17:53 UTC 2026","Application Navigation Smoke Tests > Settings Sub-navigation","specs\Smoke\2-NavigationSmoke.spec.ts","",""
"","10185","Verify dashboard footer footnote and privacy link are visible","firefox","Mon Oct 05 10:18:19 UTC 2026","passed","Mon Oct 05 10:18:29 UTC 2026","Home Dashboard > Summary Stats","specs\Smoke\3-HomeDashboardSmoke.spec.ts","",""
"","19602","Previous page button returns to page 1, First page button re-enables disabled state","webkit","Mon Oct 05 10:41:16 UTC 2026","passed","Mon Oct 05 10:41:35 UTC 2026","Exceptions — Smoke > Exception History > Pagination","specs\Smoke\8-ExceptionsSmoke.spec.ts","",""
"","11212","Verify chart title changes with selected tab","webkit","Mon Oct 05 10:32:30 UTC 2026","passed","Mon Oct 05 10:32:41 UTC 2026","Home Dashboard > Dashboard Chart Headings","specs\Smoke\3-HomeDashboardSmoke.spec.ts","",""
"","6648","Home page is accessible and shows dashboard","chromium","Mon Oct 05 10:13:06 UTC 2026","passed","Mon Oct 05 10:13:13 UTC 2026","Application Navigation Smoke Tests > Top-level Navigation","specs\Smoke\2-NavigationSmoke.spec.ts","",""
"","11404","Validate Login functionality with missingPassword","webkit","Mon Oct 05 10:29:13 UTC 2026","passed","Mon Oct 05 10:29:24 UTC 2026","Login — Smoke > Login","specs\Smoke\1-LoginSmoke.spec.ts","",""
"","6682","Saved Filters dropdown is visible and defaults to no preset","chromium","Mon Oct 05 10:17:19 UTC 2026","passed","Mon Oct 05 10:17:25 UTC 2026","Issued Checks — Smoke > Saved Filters","specs\Smoke\4-IssuedChecksSmoke.spec.ts","",""
"","9373","Verify Home dashboard is restored after returning from another page","firefox","Mon Oct 05 10:18:47 UTC 2026","passed","Mon Oct 05 10:18:57 UTC 2026","Home Dashboard > Summary Stats","specs\Smoke\3-HomeDashboardSmoke.spec.ts","",""
"","6041","Pay/Return decision badge navigates to exception history","chromium","Mon Oct 05 10:22:06 UTC 2026","passed","Mon Oct 05 10:22:13 UTC 2026","Presented Checks — Smoke > Row Actions","specs\Smoke\5-PresentedChecksSmoke.spec.ts","",""
"","11293","Validate Login functionality with veryLongInput","webkit","Mon Oct 05 10:29:58 UTC 2026","passed","Mon Oct 05 10:30:09 UTC 2026","Login — Smoke > Login","specs\Smoke\1-LoginSmoke.spec.ts","",""
"","6411","Excel export button is visible and enabled","chromium","Mon Oct 05 10:18:56 UTC 2026","passed","Mon Oct 05 10:19:02 UTC 2026","Presented Checks — Smoke > Toolbar","specs\Smoke\5-PresentedChecksSmoke.spec.ts","",""
"","5205","Notification Log sub-page loads correctly","msedge","Mon Oct 05 10:14:54 UTC 2026","passed","Mon Oct 05 10:14:59 UTC 2026","Application Navigation Smoke Tests > Settings Sub-navigation","specs\Smoke\2-NavigationSmoke.spec.ts","",""
"","5910","Validate forgot password functionality","chromium","Mon Oct 05 10:14:16 UTC 2026","passed","Mon Oct 05 10:14:22 UTC 2026","Login — Smoke > Forgot Password","specs\Smoke\1-LoginSmoke.spec.ts","",""
"","2694","Pre-Decisions page loads with either records or the empty-state message","msedge","Mon Oct 05 10:21:06 UTC 2026","passed","Mon Oct 05 10:21:08 UTC 2026","Exceptions — Smoke > Pre-Decisions","specs\Smoke\8-ExceptionsSmoke.spec.ts","",""
"","5161","Clicking a column header sorts ascending, clicking again sorts descending","msedge","Mon Oct 05 10:18:18 UTC 2026","passed","Mon Oct 05 10:18:23 UTC 2026","Presented Checks — Smoke > Sorting","specs\Smoke\5-PresentedChecksSmoke.spec.ts","",""
"","3988","Pre-Decisions page loads with either records or the empty-state message","chromium","Mon Oct 05 10:24:25 UTC 2026","passed","Mon Oct 05 10:24:29 UTC 2026","Exceptions — Smoke > Pre-Decisions","specs\Smoke\8-ExceptionsSmoke.spec.ts","",""
"","5720","Default Decision Log sub-page loads correctly","chromium","Mon Oct 05 10:15:24 UTC 2026","passed","Mon Oct 05 10:15:30 UTC 2026","Application Navigation Smoke Tests > Settings Sub-navigation","specs\Smoke\2-NavigationSmoke.spec.ts","",""
"","7401","""+ Add Check"" navigates to the add-check form","chromium","Mon Oct 05 10:18:32 UTC 2026","passed","Mon Oct 05 10:18:40 UTC 2026","Presented Checks — Smoke > Navigation","specs\Smoke\5-PresentedChecksSmoke.spec.ts","",""
"","5994","Verify summary KPI values have expected number formats","msedge","Mon Oct 05 10:15:26 UTC 2026","passed","Mon Oct 05 10:15:32 UTC 2026","Home Dashboard > Summary Stats","specs\Smoke\3-HomeDashboardSmoke.spec.ts","",""
"","4433","Pre-Decisions page loads with either records or the empty-state message","firefox","Mon Oct 05 10:28:45 UTC 2026","passed","Mon Oct 05 10:28:49 UTC 2026","Exceptions — Smoke > Pre-Decisions","specs\Smoke\8-ExceptionsSmoke.spec.ts","",""
"","5770","Verify ACH Only tab shows ACH-specific chart sections","msedge","Mon Oct 05 10:14:53 UTC 2026","passed","Mon Oct 05 10:14:59 UTC 2026","Home Dashboard > Dashboard Chart Headings","specs\Smoke\3-HomeDashboardSmoke.spec.ts","",""
"","16356","""Uploaded ACH"" navigates to the uploads page","firefox","Mon Oct 05 10:23:46 UTC 2026","passed","Mon Oct 05 10:24:02 UTC 2026","ACH — Smoke > Navigation","specs\Smoke\7-ACHSmoke.spec.ts","",""
"","5865","Grid View toggle navigates to the open-exceptions grid and shows key column headers","firefox","Mon Oct 05 10:28:34 UTC 2026","passed","Mon Oct 05 10:28:40 UTC 2026","Exceptions — Smoke > Open Exceptions","specs\Smoke\8-ExceptionsSmoke.spec.ts","",""
"","9458","API link is visible and points to swagger","webkit","Mon Oct 05 10:32:06 UTC 2026","passed","Mon Oct 05 10:32:15 UTC 2026","Application Navigation Smoke Tests > Settings Sub-navigation","specs\Smoke\2-NavigationSmoke.spec.ts","",""
"","7431","System Log sub-page loads correctly","msedge","Mon Oct 05 10:15:05 UTC 2026","passed","Mon Oct 05 10:15:13 UTC 2026","Application Navigation Smoke Tests > Settings Sub-navigation","specs\Smoke\2-NavigationSmoke.spec.ts","",""
"","8280","Save a filter preset, verify it is auto-selected, then delete it","msedge","Mon Oct 05 10:18:04 UTC 2026","passed","Mon Oct 05 10:18:13 UTC 2026","Presented Checks — Smoke > Saved Filters","specs\Smoke\5-PresentedChecksSmoke.spec.ts","",""
"","27638","Default filter auto-applies after logout and re-login","chromium","Mon Oct 05 10:20:40 UTC 2026","passed","Mon Oct 05 10:21:08 UTC 2026","ACH — Smoke > Saved Filters > Default Filter","specs\Smoke\7-ACHSmoke.spec.ts","",""
"","4213","Page size change to 10 updates pagination info in bottom-right pager","chromium","Mon Oct 05 10:22:31 UTC 2026","passed","Mon Oct 05 10:22:35 UTC 2026","Exceptions — Smoke > Exception History > Pagination","specs\Smoke\8-ExceptionsSmoke.spec.ts","",""
"","9156","Users sub-page loads correctly","webkit","Mon Oct 05 10:29:38 UTC 2026","passed","Mon Oct 05 10:29:48 UTC 2026","Application Navigation Smoke Tests > Settings Sub-navigation","specs\Smoke\2-NavigationSmoke.spec.ts","",""
"","4205","Approvals page loads with either records or the empty-state message","msedge","Mon Oct 05 10:21:01 UTC 2026","passed","Mon Oct 05 10:21:06 UTC 2026","Exceptions — Smoke > Approvals","specs\Smoke\8-ExceptionsSmoke.spec.ts","",""
"","9362","File Processing sub-page loads correctly","webkit","Mon Oct 05 10:31:57 UTC 2026","passed","Mon Oct 05 10:32:06 UTC 2026","Application Navigation Smoke Tests > Settings Sub-navigation","specs\Smoke\2-NavigationSmoke.spec.ts","",""
"","7810","Validate session persists after page refresh","msedge","Mon Oct 05 10:14:13 UTC 2026","passed","Mon Oct 05 10:14:21 UTC 2026","Login — Smoke > Session & Security","specs\Smoke\1-LoginSmoke.spec.ts","",""
"","12319","Typing a page number navigates to that page","webkit","Mon Oct 05 10:34:16 UTC 2026","passed","Mon Oct 05 10:34:28 UTC 2026","Issued Checks — Smoke > Pagination","specs\Smoke\4-IssuedChecksSmoke.spec.ts","",""
"","6595","Grid View toggle navigates to the open-exceptions grid and shows key column headers","webkit","Mon Oct 05 10:43:09 UTC 2026","passed","Mon Oct 05 10:43:16 UTC 2026","Exceptions — Smoke > Open Exceptions","specs\Smoke\8-ExceptionsSmoke.spec.ts","",""
"","3855","Pre-Decisions page loads with either records or the empty-state message","webkit","Mon Oct 05 10:43:21 UTC 2026","passed","Mon Oct 05 10:43:25 UTC 2026","Exceptions — Smoke > Pre-Decisions","specs\Smoke\8-ExceptionsSmoke.spec.ts","",""
"","7013","""Delete"" on a row shows a confirm modal; Cancel dismisses it without deleting","msedge","Mon Oct 05 10:17:53 UTC 2026","passed","Mon Oct 05 10:18:00 UTC 2026","Issued Checks — Smoke > Row Actions","specs\Smoke\4-IssuedChecksSmoke.spec.ts","",""
"","6835","Column filter menu applies a filter and Clear restores the full row set","chromium","Mon Oct 05 10:23:39 UTC 2026","passed","Mon Oct 05 10:23:46 UTC 2026","Exceptions — Smoke > Exception History > Column Filter","specs\Smoke\8-ExceptionsSmoke.spec.ts","",""
"","5123","Branding sub-page loads correctly","msedge","Mon Oct 05 10:14:05 UTC 2026","passed","Mon Oct 05 10:14:10 UTC 2026","Application Navigation Smoke Tests > Settings Sub-navigation","specs\Smoke\2-NavigationSmoke.spec.ts","",""
"","6974","Verify navigation to Settings via nav menu","chromium","Mon Oct 05 10:18:12 UTC 2026","passed","Mon Oct 05 10:18:19 UTC 2026","Home Dashboard > Navigation from Dashboard","specs\Smoke\3-HomeDashboardSmoke.spec.ts","",""
"","6453","Validate forgot password with unregistered email","firefox","Mon Oct 05 10:15:07 UTC 2026","passed","Mon Oct 05 10:15:13 UTC 2026","Login — Smoke > Forgot Password","specs\Smoke\1-LoginSmoke.spec.ts","",""
"","6015","Validate unauthenticated access to protected route is redirected to login","firefox","Mon Oct 05 10:15:37 UTC 2026","passed","Mon Oct 05 10:15:43 UTC 2026","Login — Smoke > Session & Security","specs\Smoke\1-LoginSmoke.spec.ts","",""
"","7091","Column filter popup applies a filter and Clear restores the full row set","msedge","Mon Oct 05 10:17:35 UTC 2026","passed","Mon Oct 05 10:17:42 UTC 2026","Issued Checks — Smoke > Column Filter","specs\Smoke\4-IssuedChecksSmoke.spec.ts","",""
"","10206","Saved Filters dropdown is visible and defaults to no preset","webkit","Mon Oct 05 10:39:45 UTC 2026","passed","Mon Oct 05 10:39:55 UTC 2026","ACH — Smoke > Saved Filters","specs\Smoke\7-ACHSmoke.spec.ts","",""
"","7248","Previous page button returns to page 1, First page button re-enables disabled state","msedge","Mon Oct 05 10:19:15 UTC 2026","passed","Mon Oct 05 10:19:22 UTC 2026","ACH — Smoke > Pagination","specs\Smoke\7-ACHSmoke.spec.ts","",""
"","10103","Exceptions page loads correctly","webkit","Mon Oct 05 10:29:01 UTC 2026","passed","Mon Oct 05 10:29:11 UTC 2026","Application Navigation Smoke Tests > Top-level Navigation","specs\Smoke\2-NavigationSmoke.spec.ts","",""
"","11307","Save a filter preset, verify it is auto-selected, then delete it","msedge","Mon Oct 05 10:19:27 UTC 2026","passed","Mon Oct 05 10:19:38 UTC 2026","ACH — Smoke > Saved Filters","specs\Smoke\7-ACHSmoke.spec.ts","",""
"","6123","Issued Checks breadcrumb link is visible on the page","firefox","Mon Oct 05 10:22:32 UTC 2026","passed","Mon Oct 05 10:22:38 UTC 2026","Issued Checks — Smoke > Breadcrumb","specs\Smoke\4-IssuedChecksSmoke.spec.ts","",""
"","10699","""Edit"" link on a row navigates to the check edit form","webkit","Mon Oct 05 10:38:28 UTC 2026","passed","Mon Oct 05 10:38:38 UTC 2026","Presented Checks — Smoke > Row Actions","specs\Smoke\5-PresentedChecksSmoke.spec.ts","",""
"","6823","Verify dashboard loads after successful login","chromium","Mon Oct 05 10:15:50 UTC 2026","passed","Mon Oct 05 10:15:57 UTC 2026","Home Dashboard > Page Load","specs\Smoke\3-HomeDashboardSmoke.spec.ts","",""
"","10508","""+ Add ACH"" navigates to the add-ACH form","webkit","Mon Oct 05 10:37:48 UTC 2026","passed","Mon Oct 05 10:37:58 UTC 2026","ACH — Smoke > Navigation","specs\Smoke\7-ACHSmoke.spec.ts","",""
"","7807","Roles/Permissions sub-page loads correctly","firefox","Mon Oct 05 10:15:34 UTC 2026","passed","Mon Oct 05 10:15:42 UTC 2026","Application Navigation Smoke Tests > Settings Sub-navigation","specs\Smoke\2-NavigationSmoke.spec.ts","",""
"","13655","""Delete"" on a row shows a confirm modal; Cancel dismisses it without deleting","firefox","Mon Oct 05 10:22:18 UTC 2026","passed","Mon Oct 05 10:22:32 UTC 2026","Issued Checks — Smoke > Row Actions","specs\Smoke\4-IssuedChecksSmoke.spec.ts","",""
"","6106","Page size change to 10 updates pagination info in bottom-right pager","chromium","Mon Oct 05 10:19:02 UTC 2026","passed","Mon Oct 05 10:19:08 UTC 2026","Presented Checks — Smoke > Pagination","specs\Smoke\5-PresentedChecksSmoke.spec.ts","",""
"","6286","Validate Login functionality with caseSensitiveEmail","msedge","Mon Oct 05 10:13:14 UTC 2026","passed","Mon Oct 05 10:13:20 UTC 2026","Login — Smoke > Login","specs\Smoke\1-LoginSmoke.spec.ts","",""
"","6195","Validate Login functionality with xssInUsername","chromium","Mon Oct 05 10:14:04 UTC 2026","passed","Mon Oct 05 10:14:11 UTC 2026","Login — Smoke > Login","specs\Smoke\1-LoginSmoke.spec.ts","",""
"","7671","Column filter popup applies a filter and Clear restores the full row set","msedge","Mon Oct 05 10:18:23 UTC 2026","passed","Mon Oct 05 10:18:31 UTC 2026","Presented Checks — Smoke > Column Filter","specs\Smoke\5-PresentedChecksSmoke.spec.ts","",""
"","7758","File Processing sub-page loads correctly","firefox","Mon Oct 05 10:18:01 UTC 2026","passed","Mon Oct 05 10:18:09 UTC 2026","Application Navigation Smoke Tests > Settings Sub-navigation","specs\Smoke\2-NavigationSmoke.spec.ts","",""
"","9464","Verify navigation to ACH via nav menu","chromium","Mon Oct 05 10:17:57 UTC 2026","passed","Mon Oct 05 10:18:06 UTC 2026","Home Dashboard > Navigation from Dashboard","specs\Smoke\3-HomeDashboardSmoke.spec.ts","",""
"","4345","Validate Login functionality with veryLongInput","msedge","Mon Oct 05 10:13:55 UTC 2026","passed","Mon Oct 05 10:13:59 UTC 2026","Login — Smoke > Login","specs\Smoke\1-LoginSmoke.spec.ts","",""
"","3717","Check Approval Rules sub-page loads correctly","msedge","Mon Oct 05 10:14:40 UTC 2026","passed","Mon Oct 05 10:14:44 UTC 2026","Application Navigation Smoke Tests > Settings Sub-navigation","specs\Smoke\2-NavigationSmoke.spec.ts","",""
"","12598","""Delete"" on a row shows a confirm modal; Cancel dismisses it without deleting","firefox","Mon Oct 05 10:24:47 UTC 2026","passed","Mon Oct 05 10:24:59 UTC 2026","Presented Checks — Smoke > Row Actions","specs\Smoke\5-PresentedChecksSmoke.spec.ts","",""
"","9366","File Formats sub-page loads correctly","webkit","Mon Oct 05 10:30:39 UTC 2026","passed","Mon Oct 05 10:30:48 UTC 2026","Application Navigation Smoke Tests > Settings Sub-navigation","specs\Smoke\2-NavigationSmoke.spec.ts","",""
"","10400","Verify profile menu shows My Info and Logout links","webkit","Mon Oct 05 10:33:30 UTC 2026","passed","Mon Oct 05 10:33:41 UTC 2026","Home Dashboard > Summary Stats","specs\Smoke\3-HomeDashboardSmoke.spec.ts","",""
"","13264","Pay/Return decision badge navigates to exception history","chromium","Mon Oct 05 10:21:45 UTC 2026","passed","Mon Oct 05 10:21:58 UTC 2026","ACH — Smoke > Row Actions","specs\Smoke\7-ACHSmoke.spec.ts","",""
"","17917","Validate session persists after page refresh","chromium","Mon Oct 05 10:15:25 UTC 2026","passed","Mon Oct 05 10:15:43 UTC 2026","Login — Smoke > Session & Security","specs\Smoke\1-LoginSmoke.spec.ts","",""
"","5942","Verify Combined View shows all chart sections","msedge","Mon Oct 05 10:14:41 UTC 2026","passed","Mon Oct 05 10:14:47 UTC 2026","Home Dashboard > Dashboard Chart Headings","specs\Smoke\3-HomeDashboardSmoke.spec.ts","",""
"","8541","Branding sub-page loads correctly","chromium","Mon Oct 05 10:14:22 UTC 2026","passed","Mon Oct 05 10:14:31 UTC 2026","Application Navigation Smoke Tests > Settings Sub-navigation","specs\Smoke\2-NavigationSmoke.spec.ts","",""
"","5545","Validate Login functionality with incorrectUsername","chromium","Mon Oct 05 10:13:32 UTC 2026","passed","Mon Oct 05 10:13:37 UTC 2026","Login — Smoke > Login","specs\Smoke\1-LoginSmoke.spec.ts","",""
"","10056","""View"" (Change Log) link on a row navigates to the entity log","firefox","Mon Oct 05 10:24:37 UTC 2026","passed","Mon Oct 05 10:24:47 UTC 2026","Presented Checks — Smoke > Row Actions","specs\Smoke\5-PresentedChecksSmoke.spec.ts","",""
"","10286","Presented Checks breadcrumb link is visible on the page","firefox","Mon Oct 05 10:25:14 UTC 2026","passed","Mon Oct 05 10:25:24 UTC 2026","Presented Checks — Smoke > Breadcrumb","specs\Smoke\5-PresentedChecksSmoke.spec.ts","",""
"","7689","Verify navigation to Issued Checks via nav menu","msedge","Mon Oct 05 10:16:05 UTC 2026","passed","Mon Oct 05 10:16:13 UTC 2026","Home Dashboard > Navigation from Dashboard","specs\Smoke\3-HomeDashboardSmoke.spec.ts","",""
"","10928","Automatic Check Decision Rules sub-page loads correctly","firefox","Mon Oct 05 10:16:50 UTC 2026","passed","Mon Oct 05 10:17:01 UTC 2026","Application Navigation Smoke Tests > Settings Sub-navigation","specs\Smoke\2-NavigationSmoke.spec.ts","",""
"","6178","Search box filters grid and clears correctly","chromium","Mon Oct 05 10:22:20 UTC 2026","passed","Mon Oct 05 10:22:26 UTC 2026","Exceptions — Smoke > Exception History > Toolbar","specs\Smoke\8-ExceptionsSmoke.spec.ts","",""
"","6934","""Uploaded Checks"" navigates to the uploads page","chromium","Mon Oct 05 10:18:40 UTC 2026","passed","Mon Oct 05 10:18:47 UTC 2026","Presented Checks — Smoke > Navigation","specs\Smoke\5-PresentedChecksSmoke.spec.ts","",""
"","7401","Last page arrow jumps to the final page","chromium","Mon Oct 05 10:19:55 UTC 2026","passed","Mon Oct 05 10:20:02 UTC 2026","ACH — Smoke > Pagination","specs\Smoke\7-ACHSmoke.spec.ts","",""
"","5382","Grid View toggle navigates to the open-exceptions grid and shows key column headers","msedge","Mon Oct 05 10:20:56 UTC 2026","passed","Mon Oct 05 10:21:01 UTC 2026","Exceptions — Smoke > Open Exceptions","specs\Smoke\8-ExceptionsSmoke.spec.ts","",""
"","14147","Verify dashboard tab checked state updates correctly","webkit","Mon Oct 05 10:32:16 UTC 2026","passed","Mon Oct 05 10:32:30 UTC 2026","Home Dashboard > Dashboard Chart Headings","specs\Smoke\3-HomeDashboardSmoke.spec.ts","",""
"","4410","Validate Login functionality with missingUsername","msedge","Mon Oct 05 10:13:42 UTC 2026","passed","Mon Oct 05 10:13:46 UTC 2026","Login — Smoke > Login","specs\Smoke\1-LoginSmoke.spec.ts","",""
"","25110","Save a filter preset, verify it is auto-selected, then delete it","webkit","Mon Oct 05 10:34:57 UTC 2026","passed","Mon Oct 05 10:35:22 UTC 2026","Issued Checks — Smoke > Saved Filters","specs\Smoke\4-IssuedChecksSmoke.spec.ts","",""
"","24937","Save a filter preset, verify it is auto-selected, then delete it","webkit","Mon Oct 05 10:39:55 UTC 2026","passed","Mon Oct 05 10:40:20 UTC 2026","ACH — Smoke > Saved Filters","specs\Smoke\7-ACHSmoke.spec.ts","",""
"","10859","Column filter popup applies a filter and Clear restores the full row set","msedge","Mon Oct 05 10:19:50 UTC 2026","passed","Mon Oct 05 10:20:00 UTC 2026","ACH — Smoke > Column Filter","specs\Smoke\7-ACHSmoke.spec.ts","",""
"","5030","Approvals page loads with either records or the empty-state message","webkit","Mon Oct 05 10:43:16 UTC 2026","passed","Mon Oct 05 10:43:21 UTC 2026","Exceptions — Smoke > Approvals","specs\Smoke\8-ExceptionsSmoke.spec.ts","",""
"","7020","Previous page button returns to page 1, First page button re-enables disabled state","msedge","Mon Oct 05 10:17:53 UTC 2026","passed","Mon Oct 05 10:18:00 UTC 2026","Presented Checks — Smoke > Pagination","specs\Smoke\5-PresentedChecksSmoke.spec.ts","",""
"","5562","Presented Checks page loads correctly","chromium","Mon Oct 05 10:13:31 UTC 2026","passed","Mon Oct 05 10:13:37 UTC 2026","Application Navigation Smoke Tests > Top-level Navigation","specs\Smoke\2-NavigationSmoke.spec.ts","",""
"","7629","Verify navigation to Presented Checks via nav menu","msedge","Mon Oct 05 10:16:13 UTC 2026","passed","Mon Oct 05 10:16:20 UTC 2026","Home Dashboard > Navigation from Dashboard","specs\Smoke\3-HomeDashboardSmoke.spec.ts","",""
"","15455","Notification Templates sub-page loads correctly","firefox","Mon Oct 05 10:16:34 UTC 2026","passed","Mon Oct 05 10:16:50 UTC 2026","Application Navigation Smoke Tests > Settings Sub-navigation","specs\Smoke\2-NavigationSmoke.spec.ts","",""
"","12812","""View"" (Change Log) link on a row navigates to the entity log","webkit","Mon Oct 05 10:41:04 UTC 2026","passed","Mon Oct 05 10:41:17 UTC 2026","ACH — Smoke > Row Actions","specs\Smoke\7-ACHSmoke.spec.ts","",""
"","10825","Verify dashboard footer footnote and privacy link are visible","webkit","Mon Oct 05 10:33:20 UTC 2026","passed","Mon Oct 05 10:33:30 UTC 2026","Home Dashboard > Summary Stats","specs\Smoke\3-HomeDashboardSmoke.spec.ts","",""
"","5037","Teller page loads correctly","chromium","Mon Oct 05 10:13:37 UTC 2026","passed","Mon Oct 05 10:13:42 UTC 2026","Application Navigation Smoke Tests > Top-level Navigation","specs\Smoke\2-NavigationSmoke.spec.ts","",""
"","5394","Decision badge on an already-reviewed row is blocked with a system message","msedge","Mon Oct 05 10:20:37 UTC 2026","passed","Mon Oct 05 10:20:42 UTC 2026","Exceptions — Smoke > Exception History > Row Actions","specs\Smoke\8-ExceptionsSmoke.spec.ts","",""
"","11777","Verify all three dashboard view tabs are visible","firefox","Mon Oct 05 10:16:01 UTC 2026","passed","Mon Oct 05 10:16:13 UTC 2026","Home Dashboard > Page Load","specs\Smoke\3-HomeDashboardSmoke.spec.ts","",""
"","3806","Validate Login functionality with missingPassword","msedge","Mon Oct 05 10:13:38 UTC 2026","passed","Mon Oct 05 10:13:42 UTC 2026","Login — Smoke > Login","specs\Smoke\1-LoginSmoke.spec.ts","",""
"","11000","Exception History grid loads with data rows and key column headers","firefox","Mon Oct 05 10:25:25 UTC 2026","passed","Mon Oct 05 10:25:36 UTC 2026","Exceptions — Smoke > Exception History > Grid","specs\Smoke\8-ExceptionsSmoke.spec.ts","",""
"","11509","Validate forgot password functionality with No email","webkit","Mon Oct 05 10:30:20 UTC 2026","passed","Mon Oct 05 10:30:31 UTC 2026","Login — Smoke > Forgot Password","specs\Smoke\1-LoginSmoke.spec.ts","",""
"","7830","Validate Login functionality with sqlInjection","firefox","Mon Oct 05 10:14:12 UTC 2026","passed","Mon Oct 05 10:14:20 UTC 2026","Login — Smoke > Login","specs\Smoke\1-LoginSmoke.spec.ts","",""
"","10468","""View"" (Change Log) link on a row navigates to the entity log","firefox","Mon Oct 05 10:22:08 UTC 2026","passed","Mon Oct 05 10:22:18 UTC 2026","Issued Checks — Smoke > Row Actions","specs\Smoke\4-IssuedChecksSmoke.spec.ts","",""
"","15476","Search box filters grid and clears correctly","webkit","Mon Oct 05 10:33:13 UTC 2026","passed","Mon Oct 05 10:33:29 UTC 2026","Issued Checks — Smoke > Toolbar","specs\Smoke\4-IssuedChecksSmoke.spec.ts","",""
"","11281","Notification Templates sub-page loads correctly","webkit","Mon Oct 05 10:30:48 UTC 2026","passed","Mon Oct 05 10:31:00 UTC 2026","Application Navigation Smoke Tests > Settings Sub-navigation","specs\Smoke\2-NavigationSmoke.spec.ts","",""
"","5615","Grid View toggle navigates to the open-exceptions grid and shows key column headers","chromium","Mon Oct 05 10:24:15 UTC 2026","passed","Mon Oct 05 10:24:21 UTC 2026","Exceptions — Smoke > Open Exceptions","specs\Smoke\8-ExceptionsSmoke.spec.ts","",""
"","9506","Saved Filters dropdown is visible and defaults to no preset","webkit","Mon Oct 05 10:37:11 UTC 2026","passed","Mon Oct 05 10:37:21 UTC 2026","Presented Checks — Smoke > Saved Filters","specs\Smoke\5-PresentedChecksSmoke.spec.ts","",""
"","9123","Decision badge on an already-reviewed row is blocked with a system message","firefox","Mon Oct 05 10:28:10 UTC 2026","passed","Mon Oct 05 10:28:19 UTC 2026","Exceptions — Smoke > Exception History > Row Actions","specs\Smoke\8-ExceptionsSmoke.spec.ts","",""
"","6695","Page size change to 10 updates pagination info in bottom-right pager","chromium","Mon Oct 05 10:19:38 UTC 2026","passed","Mon Oct 05 10:19:44 UTC 2026","ACH — Smoke > Pagination","specs\Smoke\7-ACHSmoke.spec.ts","",""
"","8730","Account Settings sub-page loads correctly","webkit","Mon Oct 05 10:29:20 UTC 2026","passed","Mon Oct 05 10:29:29 UTC 2026","Application Navigation Smoke Tests > Settings Sub-navigation","specs\Smoke\2-NavigationSmoke.spec.ts","",""
"","4481","Validate forgot password with unregistered email","msedge","Mon Oct 05 10:14:09 UTC 2026","passed","Mon Oct 05 10:14:13 UTC 2026","Login — Smoke > Forgot Password","specs\Smoke\1-LoginSmoke.spec.ts","",""
"","17828","Previous page button returns to page 1, First page button re-enables disabled state","webkit","Mon Oct 05 10:34:28 UTC 2026","passed","Mon Oct 05 10:34:46 UTC 2026","Issued Checks — Smoke > Pagination","specs\Smoke\4-IssuedChecksSmoke.spec.ts","",""
"","16537","Save a filter preset, verify it is auto-selected, then delete it","firefox","Mon Oct 05 10:25:39 UTC 2026","passed","Mon Oct 05 10:25:56 UTC 2026","ACH — Smoke > Saved Filters","specs\Smoke\7-ACHSmoke.spec.ts","",""
"","4807","Saved Filters dropdown is visible and defaults to no preset","msedge","Mon Oct 05 10:18:00 UTC 2026","passed","Mon Oct 05 10:18:04 UTC 2026","Presented Checks — Smoke > Saved Filters","specs\Smoke\5-PresentedChecksSmoke.spec.ts","",""
"","4242","Teller page loads correctly","msedge","Mon Oct 05 10:13:29 UTC 2026","passed","Mon Oct 05 10:13:33 UTC 2026","Application Navigation Smoke Tests > Top-level Navigation","specs\Smoke\2-NavigationSmoke.spec.ts","",""
"","7385","Saved Filters dropdown is visible and defaults to no preset","msedge","Mon Oct 05 10:19:53 UTC 2026","passed","Mon Oct 05 10:20:00 UTC 2026","Exceptions — Smoke > Exception History > Saved Filters","specs\Smoke\8-ExceptionsSmoke.spec.ts","",""
"","5336","Open Exceptions page loads with either exception cards or the empty-state message","webkit","Mon Oct 05 10:43:04 UTC 2026","passed","Mon Oct 05 10:43:09 UTC 2026","Exceptions — Smoke > Open Exceptions","specs\Smoke\8-ExceptionsSmoke.spec.ts","",""
"","10735","""+ Add ACH"" navigates to the add-ACH form","firefox","Mon Oct 05 10:23:35 UTC 2026","passed","Mon Oct 05 10:23:46 UTC 2026","ACH — Smoke > Navigation","specs\Smoke\7-ACHSmoke.spec.ts","",""
"","4920","Settings page loads correctly","msedge","Mon Oct 05 10:13:42 UTC 2026","passed","Mon Oct 05 10:13:47 UTC 2026","Application Navigation Smoke Tests > Top-level Navigation","specs\Smoke\2-NavigationSmoke.spec.ts","",""
"","13242","Verify dashboard tab checked state updates correctly","firefox","Mon Oct 05 10:17:03 UTC 2026","passed","Mon Oct 05 10:17:17 UTC 2026","Home Dashboard > Dashboard Chart Headings","specs\Smoke\3-HomeDashboardSmoke.spec.ts","",""
"","5280","Clicking a column header sorts ascending, clicking again sorts descending","chromium","Mon Oct 05 10:23:34 UTC 2026","passed","Mon Oct 05 10:23:39 UTC 2026","Exceptions — Smoke > Exception History > Sorting","specs\Smoke\8-ExceptionsSmoke.spec.ts","",""
"","8715","Web Hooks sub-page loads correctly","firefox","Mon Oct 05 10:18:22 UTC 2026","passed","Mon Oct 05 10:18:31 UTC 2026","Application Navigation Smoke Tests > Settings Sub-navigation","specs\Smoke\2-NavigationSmoke.spec.ts","",""
"","5250","Default filter auto-applies after logout and re-login","msedge","Mon Oct 05 10:18:13 UTC 2026","skipped","Mon Oct 05 10:18:18 UTC 2026","Presented Checks — Smoke > Saved Filters > Default Filter","specs\Smoke\5-PresentedChecksSmoke.spec.ts","",""
"","17554","Previous page button returns to page 1, First page button re-enables disabled state","webkit","Mon Oct 05 10:39:28 UTC 2026","passed","Mon Oct 05 10:39:45 UTC 2026","ACH — Smoke > Pagination","specs\Smoke\7-ACHSmoke.spec.ts","",""
"","6389","""Uploaded ACH"" navigates to the uploads page","chromium","Mon Oct 05 10:19:17 UTC 2026","passed","Mon Oct 05 10:19:23 UTC 2026","ACH — Smoke > Navigation","specs\Smoke\7-ACHSmoke.spec.ts","",""
"","5539","Settings page loads correctly","chromium","Mon Oct 05 10:13:54 UTC 2026","passed","Mon Oct 05 10:13:59 UTC 2026","Application Navigation Smoke Tests > Top-level Navigation","specs\Smoke\2-NavigationSmoke.spec.ts","",""
"","6047","""Delete"" on a row shows a confirm modal; Cancel dismisses it without deleting","msedge","Mon Oct 05 10:18:41 UTC 2026","passed","Mon Oct 05 10:18:47 UTC 2026","Presented Checks — Smoke > Row Actions","specs\Smoke\5-PresentedChecksSmoke.spec.ts","",""
"","8218","Automatic ACH Decision Rules sub-page loads correctly","firefox","Mon Oct 05 10:17:18 UTC 2026","passed","Mon Oct 05 10:17:26 UTC 2026","Application Navigation Smoke Tests > Settings Sub-navigation","specs\Smoke\2-NavigationSmoke.spec.ts","",""
"","7089","Page size change to 10 updates pagination info in bottom-right pager","chromium","Mon Oct 05 10:16:41 UTC 2026","passed","Mon Oct 05 10:16:48 UTC 2026","Issued Checks — Smoke > Pagination","specs\Smoke\4-IssuedChecksSmoke.spec.ts","",""
"","9588","Verify Total Exceptions and Total Exception Amount labels are visible","webkit","Mon Oct 05 10:32:52 UTC 2026","passed","Mon Oct 05 10:33:02 UTC 2026","Home Dashboard > Summary Stats","specs\Smoke\3-HomeDashboardSmoke.spec.ts","",""
"","4255","Account Settings sub-page loads correctly","msedge","Mon Oct 05 10:13:47 UTC 2026","passed","Mon Oct 05 10:13:51 UTC 2026","Application Navigation Smoke Tests > Settings Sub-navigation","specs\Smoke\2-NavigationSmoke.spec.ts","",""
"","7982","""View"" link on a row opens the Exception Details dialog","chromium","Mon Oct 05 10:23:46 UTC 2026","passed","Mon Oct 05 10:23:54 UTC 2026","Exceptions — Smoke > Exception History > Row Actions","specs\Smoke\8-ExceptionsSmoke.spec.ts","",""
"","5826","ACH Approval Rules sub-page loads correctly","msedge","Mon Oct 05 10:14:48 UTC 2026","passed","Mon Oct 05 10:14:54 UTC 2026","Application Navigation Smoke Tests > Settings Sub-navigation","specs\Smoke\2-NavigationSmoke.spec.ts","",""
"","10135","Verify Combined View shows all chart sections","webkit","Mon Oct 05 10:31:42 UTC 2026","passed","Mon Oct 05 10:31:52 UTC 2026","Home Dashboard > Dashboard Chart Headings","specs\Smoke\3-HomeDashboardSmoke.spec.ts","",""
"","10457","Notification Log sub-page loads correctly","firefox","Mon Oct 05 10:17:33 UTC 2026","passed","Mon Oct 05 10:17:43 UTC 2026","Application Navigation Smoke Tests > Settings Sub-navigation","specs\Smoke\2-NavigationSmoke.spec.ts","",""
"","4868","Open Exceptions page loads with either exception cards or the empty-state message","firefox","Mon Oct 05 10:28:29 UTC 2026","passed","Mon Oct 05 10:28:34 UTC 2026","Exceptions — Smoke > Open Exceptions","specs\Smoke\8-ExceptionsSmoke.spec.ts","",""
"","5330","Validate Login functionality with emptyFields","chromium","Mon Oct 05 10:13:43 UTC 2026","passed","Mon Oct 05 10:13:48 UTC 2026","Login — Smoke > Login","specs\Smoke\1-LoginSmoke.spec.ts","",""
"","9748","Verify navigation to Issued Checks via nav menu","chromium","Mon Oct 05 10:17:39 UTC 2026","passed","Mon Oct 05 10:17:49 UTC 2026","Home Dashboard > Navigation from Dashboard","specs\Smoke\3-HomeDashboardSmoke.spec.ts","",""
"","11658","Save a filter preset, verify it is auto-selected, then delete it","chromium","Mon Oct 05 10:19:44 UTC 2026","passed","Mon Oct 05 10:19:56 UTC 2026","Presented Checks — Smoke > Saved Filters","specs\Smoke\5-PresentedChecksSmoke.spec.ts","",""
"","5148","Verify dashboard loads after successful login","msedge","Mon Oct 05 10:14:26 UTC 2026","passed","Mon Oct 05 10:14:31 UTC 2026","Home Dashboard > Page Load","specs\Smoke\3-HomeDashboardSmoke.spec.ts","",""
"","15535","Clicking a column header sorts ascending, clicking again sorts descending","webkit","Mon Oct 05 10:37:54 UTC 2026","passed","Mon Oct 05 10:38:09 UTC 2026","Presented Checks — Smoke > Sorting","specs\Smoke\5-PresentedChecksSmoke.spec.ts","",""
"","10917","Verify navigation to Exceptions via nav menu","firefox","Mon Oct 05 10:19:27 UTC 2026","passed","Mon Oct 05 10:19:38 UTC 2026","Home Dashboard > Navigation from Dashboard","specs\Smoke\3-HomeDashboardSmoke.spec.ts","",""
"","12595","Pay/Return decision badge navigates to exception history","webkit","Mon Oct 05 10:39:02 UTC 2026","passed","Mon Oct 05 10:39:15 UTC 2026","Presented Checks — Smoke > Row Actions","specs\Smoke\5-PresentedChecksSmoke.spec.ts","",""
"","4268","Validate forgot password functionality with No email","msedge","Mon Oct 05 10:14:04 UTC 2026","passed","Mon Oct 05 10:14:09 UTC 2026","Login — Smoke > Forgot Password","specs\Smoke\1-LoginSmoke.spec.ts","",""
"","9952","Automatic Check Decision Rules sub-page loads correctly","webkit","Mon Oct 05 10:31:00 UTC 2026","passed","Mon Oct 05 10:31:10 UTC 2026","Application Navigation Smoke Tests > Settings Sub-navigation","specs\Smoke\2-NavigationSmoke.spec.ts","",""
"","10619","Last page arrow jumps to the final page","firefox","Mon Oct 05 10:22:39 UTC 2026","passed","Mon Oct 05 10:22:50 UTC 2026","Presented Checks — Smoke > Pagination","specs\Smoke\5-PresentedChecksSmoke.spec.ts","",""
"","11207","Verify navigation to Issued Checks via nav menu","webkit","Mon Oct 05 10:33:53 UTC 2026","passed","Mon Oct 05 10:34:04 UTC 2026","Home Dashboard > Navigation from Dashboard","specs\Smoke\3-HomeDashboardSmoke.spec.ts","",""
"","9185","Validate forgot password functionality with No email","firefox","Mon Oct 05 10:14:57 UTC 2026","passed","Mon Oct 05 10:15:07 UTC 2026","Login — Smoke > Forgot Password","specs\Smoke\1-LoginSmoke.spec.ts","",""
"","9043","Column filter popup applies a filter and Clear restores the full row set","chromium","Mon Oct 05 10:21:36 UTC 2026","passed","Mon Oct 05 10:21:45 UTC 2026","Presented Checks — Smoke > Column Filter","specs\Smoke\5-PresentedChecksSmoke.spec.ts","",""
"","16442","Verify chart title changes with selected tab","firefox","Mon Oct 05 10:17:17 UTC 2026","passed","Mon Oct 05 10:17:33 UTC 2026","Home Dashboard > Dashboard Chart Headings","specs\Smoke\3-HomeDashboardSmoke.spec.ts","",""
"","5498","Users sub-page loads correctly","chromium","Mon Oct 05 10:14:11 UTC 2026","passed","Mon Oct 05 10:14:17 UTC 2026","Application Navigation Smoke Tests > Settings Sub-navigation","specs\Smoke\2-NavigationSmoke.spec.ts","",""
"","9478","Search box filters grid and clears correctly","msedge","Mon Oct 05 10:16:05 UTC 2026","passed","Mon Oct 05 10:16:15 UTC 2026","Issued Checks — Smoke > Toolbar","specs\Smoke\4-IssuedChecksSmoke.spec.ts","",""
"","18436","Validate Login functionality with xssInUsername","firefox","Mon Oct 05 10:14:20 UTC 2026","passed","Mon Oct 05 10:14:39 UTC 2026","Login — Smoke > Login","specs\Smoke\1-LoginSmoke.spec.ts","",""
"","12782","Last page arrow jumps to the final page","webkit","Mon Oct 05 10:36:29 UTC 2026","passed","Mon Oct 05 10:36:42 UTC 2026","Presented Checks — Smoke > Pagination","specs\Smoke\5-PresentedChecksSmoke.spec.ts","",""
"","4344","Exceptions breadcrumb link is visible on the page","chromium","Mon Oct 05 10:24:01 UTC 2026","passed","Mon Oct 05 10:24:05 UTC 2026","Exceptions — Smoke > Exception History > Breadcrumb","specs\Smoke\8-ExceptionsSmoke.spec.ts","",""
"","8917","Column filter menu applies a filter and Clear restores the full row set","firefox","Mon Oct 05 10:27:49 UTC 2026","passed","Mon Oct 05 10:27:58 UTC 2026","Exceptions — Smoke > Exception History > Column Filter","specs\Smoke\8-ExceptionsSmoke.spec.ts","",""
"","11122","Issued Checks breadcrumb link is visible on the page","webkit","Mon Oct 05 10:36:42 UTC 2026","passed","Mon Oct 05 10:36:53 UTC 2026","Issued Checks — Smoke > Breadcrumb","specs\Smoke\4-IssuedChecksSmoke.spec.ts","",""
"","10266","""Edit"" link on a row navigates to the check edit form","firefox","Mon Oct 05 10:24:26 UTC 2026","passed","Mon Oct 05 10:24:37 UTC 2026","Presented Checks — Smoke > Row Actions","specs\Smoke\5-PresentedChecksSmoke.spec.ts","",""
"","4859","Last page arrow jumps to the final page","chromium","Mon Oct 05 10:22:40 UTC 2026","passed","Mon Oct 05 10:22:45 UTC 2026","Exceptions — Smoke > Exception History > Pagination","specs\Smoke\8-ExceptionsSmoke.spec.ts","",""
"","7470","Web Hooks sub-page loads correctly","chromium","Mon Oct 05 10:15:54 UTC 2026","passed","Mon Oct 05 10:16:01 UTC 2026","Application Navigation Smoke Tests > Settings Sub-navigation","specs\Smoke\2-NavigationSmoke.spec.ts","",""
"","9531","Holiday Schedules sub-page loads correctly","webkit","Mon Oct 05 10:30:29 UTC 2026","passed","Mon Oct 05 10:30:39 UTC 2026","Application Navigation Smoke Tests > Settings Sub-navigation","specs\Smoke\2-NavigationSmoke.spec.ts","",""
"","15643","Previous page button returns to page 1, First page button re-enables disabled state","firefox","Mon Oct 05 10:27:01 UTC 2026","passed","Mon Oct 05 10:27:16 UTC 2026","Exceptions — Smoke > Exception History > Pagination","specs\Smoke\8-ExceptionsSmoke.spec.ts","",""
"","5823","""View"" (Change Log) link on a row navigates to the entity log","chromium","Mon Oct 05 10:18:27 UTC 2026","passed","Mon Oct 05 10:18:33 UTC 2026","Issued Checks — Smoke > Row Actions","specs\Smoke\4-IssuedChecksSmoke.spec.ts","",""
"","8193","Verify summary KPI values have expected number formats","webkit","Mon Oct 05 10:33:02 UTC 2026","passed","Mon Oct 05 10:33:10 UTC 2026","Home Dashboard > Summary Stats","specs\Smoke\3-HomeDashboardSmoke.spec.ts","",""
"","4887","Saved Filters dropdown is visible and defaults to no preset","msedge","Mon Oct 05 10:19:22 UTC 2026","passed","Mon Oct 05 10:19:27 UTC 2026","ACH — Smoke > Saved Filters","specs\Smoke\7-ACHSmoke.spec.ts","",""
"","5493","""Edit"" link on a row navigates to the check edit form","msedge","Mon Oct 05 10:17:42 UTC 2026","passed","Mon Oct 05 10:17:48 UTC 2026","Issued Checks — Smoke > Row Actions","specs\Smoke\4-IssuedChecksSmoke.spec.ts","",""
"","13595","Next page arrow advances to page 2","webkit","Mon Oct 05 10:40:33 UTC 2026","passed","Mon Oct 05 10:40:47 UTC 2026","Exceptions — Smoke > Exception History > Pagination","specs\Smoke\8-ExceptionsSmoke.spec.ts","",""
"","5024","Navigation tabs to Pre-Decisions, Approvals, and Exception History are visible","msedge","Mon Oct 05 10:20:46 UTC 2026","passed","Mon Oct 05 10:20:51 UTC 2026","Exceptions — Smoke > Open Exceptions","specs\Smoke\8-ExceptionsSmoke.spec.ts","",""
"","5659","Page size change to 10 updates pagination info in bottom-right pager","msedge","Mon Oct 05 10:17:29 UTC 2026","passed","Mon Oct 05 10:17:35 UTC 2026","Presented Checks — Smoke > Pagination","specs\Smoke\5-PresentedChecksSmoke.spec.ts","",""
"","10608","Issued Checks page loads correctly","firefox","Mon Oct 05 10:13:26 UTC 2026","passed","Mon Oct 05 10:13:36 UTC 2026","Application Navigation Smoke Tests > Top-level Navigation","specs\Smoke\2-NavigationSmoke.spec.ts","",""
"","5461","Validate Login functionality with sqlInjection","chromium","Mon Oct 05 10:13:59 UTC 2026","passed","Mon Oct 05 10:14:04 UTC 2026","Login — Smoke > Login","specs\Smoke\1-LoginSmoke.spec.ts","",""
"","6469","ACH breadcrumb link is visible on the page","chromium","Mon Oct 05 10:21:58 UTC 2026","passed","Mon Oct 05 10:22:05 UTC 2026","ACH — Smoke > Breadcrumb","specs\Smoke\7-ACHSmoke.spec.ts","",""
"","6374","Verify profile menu shows My Info and Logout links","chromium","Mon Oct 05 10:17:22 UTC 2026","passed","Mon Oct 05 10:17:29 UTC 2026","Home Dashboard > Summary Stats","specs\Smoke\3-HomeDashboardSmoke.spec.ts","",""
"","8921","Home page is accessible and shows dashboard","firefox","Mon Oct 05 10:12:57 UTC 2026","passed","Mon Oct 05 10:13:06 UTC 2026","Application Navigation Smoke Tests > Top-level Navigation","specs\Smoke\2-NavigationSmoke.spec.ts","",""
"","8212","Previous page button returns to page 1, First page button re-enables disabled state","chromium","Mon Oct 05 10:19:29 UTC 2026","passed","Mon Oct 05 10:19:38 UTC 2026","Presented Checks — Smoke > Pagination","specs\Smoke\5-PresentedChecksSmoke.spec.ts","",""
"","6305","API link is visible and points to swagger","msedge","Mon Oct 05 10:15:19 UTC 2026","passed","Mon Oct 05 10:15:25 UTC 2026","Application Navigation Smoke Tests > Settings Sub-navigation","specs\Smoke\2-NavigationSmoke.spec.ts","",""
"","12945","Grid loads with data rows and key column headers","webkit","Mon Oct 05 10:37:20 UTC 2026","passed","Mon Oct 05 10:37:33 UTC 2026","ACH — Smoke > Grid","specs\Smoke\7-ACHSmoke.spec.ts","",""
"","15679","Settings page loads correctly","firefox","Mon Oct 05 10:14:23 UTC 2026","passed","Mon Oct 05 10:14:39 UTC 2026","Application Navigation Smoke Tests > Top-level Navigation","specs\Smoke\2-NavigationSmoke.spec.ts","",""
"","7375","Verify navigation to Exceptions via nav menu","msedge","Mon Oct 05 10:16:28 UTC 2026","passed","Mon Oct 05 10:16:35 UTC 2026","Home Dashboard > Navigation from Dashboard","specs\Smoke\3-HomeDashboardSmoke.spec.ts","",""
"","8105","Next page arrow advances to page 2","chromium","Mon Oct 05 10:16:48 UTC 2026","passed","Mon Oct 05 10:16:56 UTC 2026","Issued Checks — Smoke > Pagination","specs\Smoke\4-IssuedChecksSmoke.spec.ts","",""
"","10365","Billing Reports sub-page loads correctly","webkit","Mon Oct 05 10:30:09 UTC 2026","passed","Mon Oct 05 10:30:19 UTC 2026","Application Navigation Smoke Tests > Settings Sub-navigation","specs\Smoke\2-NavigationSmoke.spec.ts","",""
"","4504","Validate Login functionality with incorrectUsername","msedge","Mon Oct 05 10:13:25 UTC 2026","passed","Mon Oct 05 10:13:30 UTC 2026","Login — Smoke > Login","specs\Smoke\1-LoginSmoke.spec.ts","",""
"","4468","Presented Checks page loads correctly","msedge","Mon Oct 05 10:13:24 UTC 2026","passed","Mon Oct 05 10:13:29 UTC 2026","Application Navigation Smoke Tests > Top-level Navigation","specs\Smoke\2-NavigationSmoke.spec.ts","",""
"","17944","Verify profile menu shows My Info and Logout links","firefox","Mon Oct 05 10:18:29 UTC 2026","passed","Mon Oct 05 10:18:47 UTC 2026","Home Dashboard > Summary Stats","specs\Smoke\3-HomeDashboardSmoke.spec.ts","",""
"","14103","Verify ACH Only tab shows ACH-specific chart sections","firefox","Mon Oct 05 10:16:49 UTC 2026","passed","Mon Oct 05 10:17:03 UTC 2026","Home Dashboard > Dashboard Chart Headings","specs\Smoke\3-HomeDashboardSmoke.spec.ts","",""
"","4430","Validate Login functionality with missingUsername","firefox","Mon Oct 05 10:14:08 UTC 2026","passed","Mon Oct 05 10:14:12 UTC 2026","Login — Smoke > Login","specs\Smoke\1-LoginSmoke.spec.ts","",""
"","10229","Decision Files sub-page loads correctly","webkit","Mon Oct 05 10:30:19 UTC 2026","passed","Mon Oct 05 10:30:29 UTC 2026","Application Navigation Smoke Tests > Settings Sub-navigation","specs\Smoke\2-NavigationSmoke.spec.ts","",""
"","10947","Teller page loads correctly","firefox","Mon Oct 05 10:13:47 UTC 2026","passed","Mon Oct 05 10:13:58 UTC 2026","Application Navigation Smoke Tests > Top-level Navigation","specs\Smoke\2-NavigationSmoke.spec.ts","",""
"","8043","Verify tab-specific charts are hidden for opposite tab","chromium","Mon Oct 05 10:16:47 UTC 2026","passed","Mon Oct 05 10:16:55 UTC 2026","Home Dashboard > Dashboard Chart Headings","specs\Smoke\3-HomeDashboardSmoke.spec.ts","",""
"","18471","Grid loads with data rows and key column headers","firefox","Mon Oct 05 10:18:31 UTC 2026","passed","Mon Oct 05 10:18:50 UTC 2026","Issued Checks — Smoke > Grid","specs\Smoke\4-IssuedChecksSmoke.spec.ts","",""
"","11222","Saved Filters dropdown is visible and defaults to no preset","webkit","Mon Oct 05 10:34:46 UTC 2026","passed","Mon Oct 05 10:34:57 UTC 2026","Issued Checks — Smoke > Saved Filters","specs\Smoke\4-IssuedChecksSmoke.spec.ts","",""
"","12684","Excel export button is visible and enabled","webkit","Mon Oct 05 10:40:09 UTC 2026","passed","Mon Oct 05 10:40:21 UTC 2026","Exceptions — Smoke > Exception History > Toolbar","specs\Smoke\8-ExceptionsSmoke.spec.ts","",""
"","13376","Holiday Schedules sub-page loads correctly","firefox","Mon Oct 05 10:16:12 UTC 2026","passed","Mon Oct 05 10:16:25 UTC 2026","Application Navigation Smoke Tests > Settings Sub-navigation","specs\Smoke\2-NavigationSmoke.spec.ts","",""
"","5942","Excel export button is visible and enabled","msedge","Mon Oct 05 10:16:15 UTC 2026","passed","Mon Oct 05 10:16:21 UTC 2026","Issued Checks — Smoke > Toolbar","specs\Smoke\4-IssuedChecksSmoke.spec.ts","",""
"","6589","Validate Login functionality with incorrectPassword","firefox","Mon Oct 05 10:13:32 UTC 2026","passed","Mon Oct 05 10:13:39 UTC 2026","Login — Smoke > Login","specs\Smoke\1-LoginSmoke.spec.ts","",""
"","6893","Clicking a column header sorts ascending, clicking again sorts descending","chromium","Mon Oct 05 10:21:29 UTC 2026","passed","Mon Oct 05 10:21:36 UTC 2026","Presented Checks — Smoke > Sorting","specs\Smoke\5-PresentedChecksSmoke.spec.ts","",""
"","11143","Previous page button returns to page 1, First page button re-enables disabled state","firefox","Mon Oct 05 10:23:01 UTC 2026","passed","Mon Oct 05 10:23:12 UTC 2026","Presented Checks — Smoke > Pagination","specs\Smoke\5-PresentedChecksSmoke.spec.ts","",""
"","10686","Excel export button is visible and enabled","firefox","Mon Oct 05 10:19:44 UTC 2026","passed","Mon Oct 05 10:19:55 UTC 2026","Issued Checks — Smoke > Toolbar","specs\Smoke\4-IssuedChecksSmoke.spec.ts","",""
"","29467","Pay/Return decision badge navigates to exception history","webkit","Mon Oct 05 10:41:32 UTC 2026","passed","Mon Oct 05 10:42:01 UTC 2026","ACH — Smoke > Row Actions","specs\Smoke\7-ACHSmoke.spec.ts","",""
"","5060","Saved Filters dropdown is visible and defaults to no preset","chromium","Mon Oct 05 10:20:23 UTC 2026","passed","Mon Oct 05 10:20:29 UTC 2026","ACH — Smoke > Saved Filters","specs\Smoke\7-ACHSmoke.spec.ts","",""
"","11498","""View"" (Change Log) link on a row navigates to the entity log","webkit","Mon Oct 05 10:36:16 UTC 2026","passed","Mon Oct 05 10:36:28 UTC 2026","Issued Checks — Smoke > Row Actions","specs\Smoke\4-IssuedChecksSmoke.spec.ts","",""
"","14423","Search box filters grid and clears correctly","webkit","Mon Oct 05 10:35:40 UTC 2026","passed","Mon Oct 05 10:35:54 UTC 2026","Presented Checks — Smoke > Toolbar","specs\Smoke\5-PresentedChecksSmoke.spec.ts","",""
"","17893","ACH breadcrumb link is visible on the page","firefox","Mon Oct 05 10:27:17 UTC 2026","passed","Mon Oct 05 10:27:35 UTC 2026","ACH — Smoke > Breadcrumb","specs\Smoke\7-ACHSmoke.spec.ts","",""
"","9463","Validate Login functionality with sqlInjection","webkit","Mon Oct 05 10:29:38 UTC 2026","passed","Mon Oct 05 10:29:47 UTC 2026","Login — Smoke > Login","specs\Smoke\1-LoginSmoke.spec.ts","",""
"","8278","Verify Check Only tab shows Check-specific chart sections","chromium","Mon Oct 05 10:16:17 UTC 2026","passed","Mon Oct 05 10:16:26 UTC 2026","Home Dashboard > Dashboard Chart Headings","specs\Smoke\3-HomeDashboardSmoke.spec.ts","",""
"","6334","Default Decision Log sub-page loads correctly","msedge","Mon Oct 05 10:14:59 UTC 2026","passed","Mon Oct 05 10:15:05 UTC 2026","Application Navigation Smoke Tests > Settings Sub-navigation","specs\Smoke\2-NavigationSmoke.spec.ts","",""
"","13271","Column filter popup applies a filter and Clear restores the full row set","firefox","Mon Oct 05 10:21:47 UTC 2026","passed","Mon Oct 05 10:22:00 UTC 2026","Issued Checks — Smoke > Column Filter","specs\Smoke\4-IssuedChecksSmoke.spec.ts","",""
"","20544","Column filter popup applies a filter and Clear restores the full row set","firefox","Mon Oct 05 10:24:06 UTC 2026","passed","Mon Oct 05 10:24:26 UTC 2026","Presented Checks — Smoke > Column Filter","specs\Smoke\5-PresentedChecksSmoke.spec.ts","",""
"","10255","Validate Login functionality with correctCredentials","msedge","Mon Oct 05 10:13:03 UTC 2026","passed","Mon Oct 05 10:13:14 UTC 2026","Login — Smoke > Login","specs\Smoke\1-LoginSmoke.spec.ts","",""
"","8791","Verify Total Exceptions and Total Exception Amount labels are visible","firefox","Mon Oct 05 10:17:43 UTC 2026","passed","Mon Oct 05 10:17:52 UTC 2026","Home Dashboard > Summary Stats","specs\Smoke\3-HomeDashboardSmoke.spec.ts","",""
"","12671","ACH breadcrumb link is visible on the page","webkit","Mon Oct 05 10:42:02 UTC 2026","passed","Mon Oct 05 10:42:14 UTC 2026","ACH — Smoke > Breadcrumb","specs\Smoke\7-ACHSmoke.spec.ts","",""
"","14508","""Delete"" on a row shows a confirm modal; Cancel dismisses it without deleting","webkit","Mon Oct 05 10:36:28 UTC 2026","passed","Mon Oct 05 10:36:42 UTC 2026","Issued Checks — Smoke > Row Actions","specs\Smoke\4-IssuedChecksSmoke.spec.ts","",""
"","10425","""Uploaded Checks"" navigates to the uploads page","firefox","Mon Oct 05 10:19:16 UTC 2026","passed","Mon Oct 05 10:19:26 UTC 2026","Issued Checks — Smoke > Navigation","specs\Smoke\4-IssuedChecksSmoke.spec.ts","",""
"","11498","Last page arrow jumps to the final page","webkit","Mon Oct 05 10:34:04 UTC 2026","passed","Mon Oct 05 10:34:16 UTC 2026","Issued Checks — Smoke > Pagination","specs\Smoke\4-IssuedChecksSmoke.spec.ts","",""
"","5838","ACH Approval Rules sub-page loads correctly","chromium","Mon Oct 05 10:15:11 UTC 2026","passed","Mon Oct 05 10:15:17 UTC 2026","Application Navigation Smoke Tests > Settings Sub-navigation","specs\Smoke\2-NavigationSmoke.spec.ts","",""
"","9479","Verify delayed data note and force refresh link are visible on dashboard","webkit","Mon Oct 05 10:33:10 UTC 2026","passed","Mon Oct 05 10:33:20 UTC 2026","Home Dashboard > Summary Stats","specs\Smoke\3-HomeDashboardSmoke.spec.ts","",""
"","11755","""Uploaded ACH"" navigates to the uploads page","webkit","Mon Oct 05 10:37:58 UTC 2026","passed","Mon Oct 05 10:38:10 UTC 2026","ACH — Smoke > Navigation","specs\Smoke\7-ACHSmoke.spec.ts","",""
"","7315","Verify navigation to ACH via nav menu","msedge","Mon Oct 05 10:16:20 UTC 2026","passed","Mon Oct 05 10:16:28 UTC 2026","Home Dashboard > Navigation from Dashboard","specs\Smoke\3-HomeDashboardSmoke.spec.ts","",""
"","12951","API link is visible and points to swagger","firefox","Mon Oct 05 10:18:09 UTC 2026","passed","Mon Oct 05 10:18:22 UTC 2026","Application Navigation Smoke Tests > Settings Sub-navigation","specs\Smoke\2-NavigationSmoke.spec.ts","",""
"","13504","""Uploaded Checks"" navigates to the uploads page","webkit","Mon Oct 05 10:35:26 UTC 2026","passed","Mon Oct 05 10:35:40 UTC 2026","Presented Checks — Smoke > Navigation","specs\Smoke\5-PresentedChecksSmoke.spec.ts","",""
"","18243","Business Clients sub-page loads correctly","firefox","Mon Oct 05 10:14:52 UTC 2026","passed","Mon Oct 05 10:15:10 UTC 2026","Application Navigation Smoke Tests > Settings Sub-navigation","specs\Smoke\2-NavigationSmoke.spec.ts","",""
"","8390","Page size change to 10 updates pagination info in bottom-right pager","msedge","Mon Oct 05 10:16:21 UTC 2026","passed","Mon Oct 05 10:16:29 UTC 2026","Issued Checks — Smoke > Pagination","specs\Smoke\4-IssuedChecksSmoke.spec.ts","",""
"","5076","Exception History grid loads with data rows and key column headers","msedge","Mon Oct 05 10:18:57 UTC 2026","passed","Mon Oct 05 10:19:02 UTC 2026","Exceptions — Smoke > Exception History > Grid","specs\Smoke\8-ExceptionsSmoke.spec.ts","",""
"","5169","""View"" (Change Log) link on a row navigates to the entity log","msedge","Mon Oct 05 10:18:36 UTC 2026","passed","Mon Oct 05 10:18:41 UTC 2026","Presented Checks — Smoke > Row Actions","specs\Smoke\5-PresentedChecksSmoke.spec.ts","",""
"","4267","Validate Login functionality with invalidEmailFormat","msedge","Mon Oct 05 10:13:30 UTC 2026","passed","Mon Oct 05 10:13:34 UTC 2026","Login — Smoke > Login","specs\Smoke\1-LoginSmoke.spec.ts","",""
"","9801","Previous page button returns to page 1, First page button re-enables disabled state","msedge","Mon Oct 05 10:16:54 UTC 2026","passed","Mon Oct 05 10:17:03 UTC 2026","Issued Checks — Smoke > Pagination","specs\Smoke\4-IssuedChecksSmoke.spec.ts","",""
"","4413","Users sub-page loads correctly","msedge","Mon Oct 05 10:13:56 UTC 2026","passed","Mon Oct 05 10:14:00 UTC 2026","Application Navigation Smoke Tests > Settings Sub-navigation","specs\Smoke\2-NavigationSmoke.spec.ts","",""
"","9631","Saved Filters dropdown is visible and defaults to no preset","firefox","Mon Oct 05 10:25:30 UTC 2026","passed","Mon Oct 05 10:25:39 UTC 2026","ACH — Smoke > Saved Filters","specs\Smoke\7-ACHSmoke.spec.ts","",""
"","11510","Validate teller presented-check form shows all required fields","webkit","Mon Oct 05 10:36:54 UTC 2026","passed","Mon Oct 05 10:37:05 UTC 2026","Teller — Smoke > Add Check Form","specs\Smoke\6-TellerSmoke.spec.ts","",""
"","5784","Verify Total Exceptions and Total Exception Amount labels are visible","msedge","Mon Oct 05 10:15:20 UTC 2026","passed","Mon Oct 05 10:15:26 UTC 2026","Home Dashboard > Summary Stats","specs\Smoke\3-HomeDashboardSmoke.spec.ts","",""
"","7342","""+ Add Check"" navigates to the add-check form","msedge","Mon Oct 05 10:16:57 UTC 2026","passed","Mon Oct 05 10:17:04 UTC 2026","Presented Checks — Smoke > Navigation","specs\Smoke\5-PresentedChecksSmoke.spec.ts","",""
"","8513","Verify dashboard loads after successful login","webkit","Mon Oct 05 10:31:12 UTC 2026","passed","Mon Oct 05 10:31:20 UTC 2026","Home Dashboard > Page Load","specs\Smoke\3-HomeDashboardSmoke.spec.ts","",""
"","14375","Pay/Return decision badge navigates to exception history","msedge","Mon Oct 05 10:20:16 UTC 2026","passed","Mon Oct 05 10:20:30 UTC 2026","ACH — Smoke > Row Actions","specs\Smoke\7-ACHSmoke.spec.ts","",""
"","9896","Roles/Permissions sub-page loads correctly","webkit","Mon Oct 05 10:29:48 UTC 2026","passed","Mon Oct 05 10:29:57 UTC 2026","Application Navigation Smoke Tests > Settings Sub-navigation","specs\Smoke\2-NavigationSmoke.spec.ts","",""
"","4264","Validate Login functionality with sqlInjection","msedge","Mon Oct 05 10:13:46 UTC 2026","passed","Mon Oct 05 10:13:51 UTC 2026","Login — Smoke > Login","specs\Smoke\1-LoginSmoke.spec.ts","",""
"","6399","Default filter auto-applies after logout and re-login","msedge","Mon Oct 05 10:17:23 UTC 2026","skipped","Mon Oct 05 10:17:29 UTC 2026","Issued Checks — Smoke > Saved Filters > Default Filter","specs\Smoke\4-IssuedChecksSmoke.spec.ts","",""
"","4372","Approvals page loads with either records or the empty-state message","firefox","Mon Oct 05 10:28:40 UTC 2026","passed","Mon Oct 05 10:28:45 UTC 2026","Exceptions — Smoke > Approvals","specs\Smoke\8-ExceptionsSmoke.spec.ts","",""
"","14557","Pay/Return decision badge navigates to exception history","firefox","Mon Oct 05 10:24:59 UTC 2026","passed","Mon Oct 05 10:25:14 UTC 2026","Presented Checks — Smoke > Row Actions","specs\Smoke\5-PresentedChecksSmoke.spec.ts","",""
"","10174","Validate Login functionality with xssInUsername","webkit","Mon Oct 05 10:29:47 UTC 2026","passed","Mon Oct 05 10:29:58 UTC 2026","Login — Smoke > Login","specs\Smoke\1-LoginSmoke.spec.ts","",""
"","6796","""+ Add Check"" navigates to the add-check form","chromium","Mon Oct 05 10:16:13 UTC 2026","passed","Mon Oct 05 10:16:20 UTC 2026","Issued Checks — Smoke > Navigation","specs\Smoke\4-IssuedChecksSmoke.spec.ts","",""
"","12733","Clicking a column header sorts ascending, clicking again sorts descending","webkit","Mon Oct 05 10:40:32 UTC 2026","passed","Mon Oct 05 10:40:45 UTC 2026","ACH — Smoke > Sorting","specs\Smoke\7-ACHSmoke.spec.ts","",""
"","11145","Clicking a column header sorts ascending, clicking again sorts descending","firefox","Mon Oct 05 10:23:55 UTC 2026","passed","Mon Oct 05 10:24:06 UTC 2026","Presented Checks — Smoke > Sorting","specs\Smoke\5-PresentedChecksSmoke.spec.ts","",""
"","9822","Column filter popup applies a filter and Clear restores the full row set","chromium","Mon Oct 05 10:18:11 UTC 2026","passed","Mon Oct 05 10:18:21 UTC 2026","Issued Checks — Smoke > Column Filter","specs\Smoke\4-IssuedChecksSmoke.spec.ts","",""
"","9992","Validate Login functionality with invalidEmailFormat","webkit","Mon Oct 05 10:28:49 UTC 2026","passed","Mon Oct 05 10:28:59 UTC 2026","Login — Smoke > Login","specs\Smoke\1-LoginSmoke.spec.ts","",""
"","5511","Typing a page number navigates to that page","msedge","Mon Oct 05 10:19:39 UTC 2026","passed","Mon Oct 05 10:19:44 UTC 2026","Exceptions — Smoke > Exception History > Pagination","specs\Smoke\8-ExceptionsSmoke.spec.ts","",""
"","7642","Verify chart title changes with selected tab","msedge","Mon Oct 05 10:15:06 UTC 2026","passed","Mon Oct 05 10:15:13 UTC 2026","Home Dashboard > Dashboard Chart Headings","specs\Smoke\3-HomeDashboardSmoke.spec.ts","",""
"","7199","Home page is accessible and shows dashboard","msedge","Mon Oct 05 10:13:03 UTC 2026","passed","Mon Oct 05 10:13:11 UTC 2026","Application Navigation Smoke Tests > Top-level Navigation","specs\Smoke\2-NavigationSmoke.spec.ts","",""
"","4254","Validate Login functionality with xssInUsername","msedge","Mon Oct 05 10:13:51 UTC 2026","passed","Mon Oct 05 10:13:55 UTC 2026","Login — Smoke > Login","specs\Smoke\1-LoginSmoke.spec.ts","",""
"","13259","Next page arrow advances to page 2","webkit","Mon Oct 05 10:33:51 UTC 2026","passed","Mon Oct 05 10:34:04 UTC 2026","Issued Checks — Smoke > Pagination","specs\Smoke\4-IssuedChecksSmoke.spec.ts","",""
"","6205","Grid loads with data rows and key column headers","chromium","Mon Oct 05 10:18:59 UTC 2026","passed","Mon Oct 05 10:19:05 UTC 2026","ACH — Smoke > Grid","specs\Smoke\7-ACHSmoke.spec.ts","",""
"","5948","Last page arrow jumps to the final page","msedge","Mon Oct 05 10:19:33 UTC 2026","passed","Mon Oct 05 10:19:39 UTC 2026","Exceptions — Smoke > Exception History > Pagination","specs\Smoke\8-ExceptionsSmoke.spec.ts","",""
"","6661","Verify Total Exceptions and Total Exception Amount labels are visible","chromium","Mon Oct 05 10:16:55 UTC 2026","passed","Mon Oct 05 10:17:02 UTC 2026","Home Dashboard > Summary Stats","specs\Smoke\3-HomeDashboardSmoke.spec.ts","",""
"","7295","API link is visible and points to swagger","chromium","Mon Oct 05 10:15:47 UTC 2026","passed","Mon Oct 05 10:15:54 UTC 2026","Application Navigation Smoke Tests > Settings Sub-navigation","specs\Smoke\2-NavigationSmoke.spec.ts","",""
"","6743","Validate Login functionality with missingPassword","firefox","Mon Oct 05 10:14:01 UTC 2026","passed","Mon Oct 05 10:14:08 UTC 2026","Login — Smoke > Login","specs\Smoke\1-LoginSmoke.spec.ts","",""
"","4976","Validate forgot password functionality","msedge","Mon Oct 05 10:13:59 UTC 2026","passed","Mon Oct 05 10:14:04 UTC 2026","Login — Smoke > Forgot Password","specs\Smoke\1-LoginSmoke.spec.ts","",""
"","6231","""View"" link on a row opens the Exception Details dialog","msedge","Mon Oct 05 10:20:31 UTC 2026","passed","Mon Oct 05 10:20:37 UTC 2026","Exceptions — Smoke > Exception History > Row Actions","specs\Smoke\8-ExceptionsSmoke.spec.ts","",""
"","20073","""Uploaded Checks"" navigates to the uploads page","firefox","Mon Oct 05 10:20:18 UTC 2026","passed","Mon Oct 05 10:20:39 UTC 2026","Presented Checks — Smoke > Navigation","specs\Smoke\5-PresentedChecksSmoke.spec.ts","",""
"","5895","Typing a page number navigates to that page","msedge","Mon Oct 05 10:17:47 UTC 2026","passed","Mon Oct 05 10:17:52 UTC 2026","Presented Checks — Smoke > Pagination","specs\Smoke\5-PresentedChecksSmoke.spec.ts","",""
"","6549","Issued Checks breadcrumb link is visible on the page","chromium","Mon Oct 05 10:18:40 UTC 2026","passed","Mon Oct 05 10:18:46 UTC 2026","Issued Checks — Smoke > Breadcrumb","specs\Smoke\4-IssuedChecksSmoke.spec.ts","",""
"","8893","Last page arrow jumps to the final page","msedge","Mon Oct 05 10:16:36 UTC 2026","passed","Mon Oct 05 10:16:45 UTC 2026","Issued Checks — Smoke > Pagination","specs\Smoke\4-IssuedChecksSmoke.spec.ts","",""
"","6584","Excel export button is visible and enabled","chromium","Mon Oct 05 10:16:34 UTC 2026","passed","Mon Oct 05 10:16:41 UTC 2026","Issued Checks — Smoke > Toolbar","specs\Smoke\4-IssuedChecksSmoke.spec.ts","",""
"","18833","Page size change to 10 updates pagination info in bottom-right pager","firefox","Mon Oct 05 10:26:05 UTC 2026","passed","Mon Oct 05 10:26:24 UTC 2026","Exceptions — Smoke > Exception History > Pagination","specs\Smoke\8-ExceptionsSmoke.spec.ts","",""
"","11852","Search box filters grid and clears correctly","firefox","Mon Oct 05 10:20:39 UTC 2026","passed","Mon Oct 05 10:20:50 UTC 2026","Presented Checks — Smoke > Toolbar","specs\Smoke\5-PresentedChecksSmoke.spec.ts","",""
"","7527","Exception History grid loads with data rows and key column headers","chromium","Mon Oct 05 10:22:05 UTC 2026","passed","Mon Oct 05 10:22:12 UTC 2026","Exceptions — Smoke > Exception History > Grid","specs\Smoke\8-ExceptionsSmoke.spec.ts","",""
"","4887","Issued Checks breadcrumb link is visible on the page","msedge","Mon Oct 05 10:18:00 UTC 2026","passed","Mon Oct 05 10:18:05 UTC 2026","Issued Checks — Smoke > Breadcrumb","specs\Smoke\4-IssuedChecksSmoke.spec.ts","",""
"","11974","Default filter auto-applies after logout and re-login","webkit","Mon Oct 05 10:40:20 UTC 2026","skipped","Mon Oct 05 10:40:32 UTC 2026","ACH — Smoke > Saved Filters > Default Filter","specs\Smoke\7-ACHSmoke.spec.ts","",""
"","7250","Web Hooks sub-page loads correctly","msedge","Mon Oct 05 10:15:25 UTC 2026","passed","Mon Oct 05 10:15:32 UTC 2026","Application Navigation Smoke Tests > Settings Sub-navigation","specs\Smoke\2-NavigationSmoke.spec.ts","",""
"","7046","Clicking a column header sorts ascending, clicking again sorts descending","firefox","Mon Oct 05 10:27:42 UTC 2026","passed","Mon Oct 05 10:27:49 UTC 2026","Exceptions — Smoke > Exception History > Sorting","specs\Smoke\8-ExceptionsSmoke.spec.ts","",""
"","10493","Validate Login functionality with incorrectPassword","webkit","Mon Oct 05 10:28:30 UTC 2026","passed","Mon Oct 05 10:28:40 UTC 2026","Login — Smoke > Login","specs\Smoke\1-LoginSmoke.spec.ts","",""
"","9432","Clicking a column header sorts ascending, clicking again sorts descending","chromium","Mon Oct 05 10:21:08 UTC 2026","passed","Mon Oct 05 10:21:17 UTC 2026","ACH — Smoke > Sorting","specs\Smoke\7-ACHSmoke.spec.ts","",""
"","4129","File Formats sub-page loads correctly","msedge","Mon Oct 05 10:14:25 UTC 2026","passed","Mon Oct 05 10:14:30 UTC 2026","Application Navigation Smoke Tests > Settings Sub-navigation","specs\Smoke\2-NavigationSmoke.spec.ts","",""
"","11763","Grid loads with data rows and key column headers","webkit","Mon Oct 05 10:32:26 UTC 2026","passed","Mon Oct 05 10:32:38 UTC 2026","Issued Checks — Smoke > Grid","specs\Smoke\4-IssuedChecksSmoke.spec.ts","",""
"","16482","""+ Add Check"" navigates to the add-check form","firefox","Mon Oct 05 10:18:59 UTC 2026","passed","Mon Oct 05 10:19:16 UTC 2026","Issued Checks — Smoke > Navigation","specs\Smoke\4-IssuedChecksSmoke.spec.ts","",""
"","7256","ACH Approval Rules sub-page loads correctly","webkit","Mon Oct 05 10:31:23 UTC 2026","passed","Mon Oct 05 10:31:31 UTC 2026","Application Navigation Smoke Tests > Settings Sub-navigation","specs\Smoke\2-NavigationSmoke.spec.ts","",""
"","10111","Next page arrow advances to page 2","chromium","Mon Oct 05 10:19:44 UTC 2026","passed","Mon Oct 05 10:19:55 UTC 2026","ACH — Smoke > Pagination","specs\Smoke\7-ACHSmoke.spec.ts","",""
"","9965","""Uploaded Checks"" navigates to the uploads page","msedge","Mon Oct 05 10:15:55 UTC 2026","passed","Mon Oct 05 10:16:05 UTC 2026","Issued Checks — Smoke > Navigation","specs\Smoke\4-IssuedChecksSmoke.spec.ts","",""
"","5797","Verify dashboard footer footnote and privacy link are visible","msedge","Mon Oct 05 10:15:42 UTC 2026","passed","Mon Oct 05 10:15:48 UTC 2026","Home Dashboard > Summary Stats","specs\Smoke\3-HomeDashboardSmoke.spec.ts","",""
"","9740","Typing a page number navigates to that page","chromium","Mon Oct 05 10:20:02 UTC 2026","passed","Mon Oct 05 10:20:12 UTC 2026","ACH — Smoke > Pagination","specs\Smoke\7-ACHSmoke.spec.ts","",""
"","9186","Validate forgot password with unregistered email","chromium","Mon Oct 05 10:15:15 UTC 2026","passed","Mon Oct 05 10:15:24 UTC 2026","Login — Smoke > Forgot Password","specs\Smoke\1-LoginSmoke.spec.ts","",""
"","7782","Typing a page number navigates to that page","firefox","Mon Oct 05 10:20:32 UTC 2026","passed","Mon Oct 05 10:20:39 UTC 2026","Issued Checks — Smoke > Pagination","specs\Smoke\4-IssuedChecksSmoke.spec.ts","",""
"","8390","Previous page button returns to page 1, First page button re-enables disabled state","msedge","Mon Oct 05 10:19:44 UTC 2026","passed","Mon Oct 05 10:19:53 UTC 2026","Exceptions — Smoke > Exception History > Pagination","specs\Smoke\8-ExceptionsSmoke.spec.ts","",""
"","24099","Validate session persists after page refresh","firefox","Mon Oct 05 10:15:13 UTC 2026","passed","Mon Oct 05 10:15:37 UTC 2026","Login — Smoke > Session & Security","specs\Smoke\1-LoginSmoke.spec.ts","",""
"","20159","Validate Login functionality with correctCredentials","firefox","Mon Oct 05 10:12:57 UTC 2026","passed","Mon Oct 05 10:13:17 UTC 2026","Login — Smoke > Login","specs\Smoke\1-LoginSmoke.spec.ts","",""
"","9241","Business Clients sub-page loads correctly","webkit","Mon Oct 05 10:29:29 UTC 2026","passed","Mon Oct 05 10:29:38 UTC 2026","Application Navigation Smoke Tests > Settings Sub-navigation","specs\Smoke\2-NavigationSmoke.spec.ts","",""
"","11532","Typing a page number navigates to that page","firefox","Mon Oct 05 10:26:49 UTC 2026","passed","Mon Oct 05 10:27:01 UTC 2026","Exceptions — Smoke > Exception History > Pagination","specs\Smoke\8-ExceptionsSmoke.spec.ts","",""
"","17026","Check Approval Rules sub-page loads correctly","firefox","Mon Oct 05 10:17:01 UTC 2026","passed","Mon Oct 05 10:17:18 UTC 2026","Application Navigation Smoke Tests > Settings Sub-navigation","specs\Smoke\2-NavigationSmoke.spec.ts","",""
"","6938","Verify delayed data note and force refresh link are visible on dashboard","chromium","Mon Oct 05 10:17:08 UTC 2026","passed","Mon Oct 05 10:17:15 UTC 2026","Home Dashboard > Summary Stats","specs\Smoke\3-HomeDashboardSmoke.spec.ts","",""
"","12377","Typing a page number navigates to that page","webkit","Mon Oct 05 10:36:42 UTC 2026","passed","Mon Oct 05 10:36:54 UTC 2026","Presented Checks — Smoke > Pagination","specs\Smoke\5-PresentedChecksSmoke.spec.ts","",""
"","13678","Clicking a column header sorts ascending, clicking again sorts descending","webkit","Mon Oct 05 10:35:32 UTC 2026","passed","Mon Oct 05 10:35:45 UTC 2026","Issued Checks — Smoke > Sorting","specs\Smoke\4-IssuedChecksSmoke.spec.ts","",""
"","7131","Verify tab-specific charts are hidden for opposite tab","msedge","Mon Oct 05 10:15:13 UTC 2026","passed","Mon Oct 05 10:15:20 UTC 2026","Home Dashboard > Dashboard Chart Headings","specs\Smoke\3-HomeDashboardSmoke.spec.ts","",""
"","9074","Clicking a column header sorts ascending, clicking again sorts descending","firefox","Mon Oct 05 10:21:38 UTC 2026","passed","Mon Oct 05 10:21:47 UTC 2026","Issued Checks — Smoke > Sorting","specs\Smoke\4-IssuedChecksSmoke.spec.ts","",""
"","5722","Validate Login functionality with veryLongInput","chromium","Mon Oct 05 10:14:11 UTC 2026","passed","Mon Oct 05 10:14:16 UTC 2026","Login — Smoke > Login","specs\Smoke\1-LoginSmoke.spec.ts","",""
"","12314","Page size change to 10 updates pagination info in bottom-right pager","firefox","Mon Oct 05 10:24:24 UTC 2026","passed","Mon Oct 05 10:24:37 UTC 2026","ACH — Smoke > Pagination","specs\Smoke\7-ACHSmoke.spec.ts","",""
"","5602","Verify navigation to Exceptions via nav menu","chromium","Mon Oct 05 10:18:06 UTC 2026","passed","Mon Oct 05 10:18:12 UTC 2026","Home Dashboard > Navigation from Dashboard","specs\Smoke\3-HomeDashboardSmoke.spec.ts","",""
"","5088","Validate Login functionality with invalidEmailFormat","chromium","Mon Oct 05 10:13:37 UTC 2026","passed","Mon Oct 05 10:13:43 UTC 2026","Login — Smoke > Login","specs\Smoke\1-LoginSmoke.spec.ts","",""
"","4912","Holiday Schedules sub-page loads correctly","chromium","Mon Oct 05 10:14:42 UTC 2026","passed","Mon Oct 05 10:14:47 UTC 2026","Application Navigation Smoke Tests > Settings Sub-navigation","specs\Smoke\2-NavigationSmoke.spec.ts","",""
"","8843","File Formats sub-page loads correctly","firefox","Mon Oct 05 10:16:25 UTC 2026","passed","Mon Oct 05 10:16:34 UTC 2026","Application Navigation Smoke Tests > Settings Sub-navigation","specs\Smoke\2-NavigationSmoke.spec.ts","",""
"","7991","Search box filters grid and clears correctly","chromium","Mon Oct 05 10:16:26 UTC 2026","passed","Mon Oct 05 10:16:34 UTC 2026","Issued Checks — Smoke > Toolbar","specs\Smoke\4-IssuedChecksSmoke.spec.ts","",""
"","11784","Excel export button is visible and enabled","webkit","Mon Oct 05 10:38:24 UTC 2026","passed","Mon Oct 05 10:38:36 UTC 2026","ACH — Smoke > Toolbar","specs\Smoke\7-ACHSmoke.spec.ts","",""
"","6861","File Processing sub-page loads correctly","chromium","Mon Oct 05 10:15:40 UTC 2026","passed","Mon Oct 05 10:15:47 UTC 2026","Application Navigation Smoke Tests > Settings Sub-navigation","specs\Smoke\2-NavigationSmoke.spec.ts","",""
"","17175","Search box filters grid and clears correctly","webkit","Mon Oct 05 10:39:51 UTC 2026","passed","Mon Oct 05 10:40:08 UTC 2026","Exceptions — Smoke > Exception History > Toolbar","specs\Smoke\8-ExceptionsSmoke.spec.ts","",""
"","13282","Verify navigation to ACH via nav menu","webkit","Mon Oct 05 10:34:15 UTC 2026","passed","Mon Oct 05 10:34:28 UTC 2026","Home Dashboard > Navigation from Dashboard","specs\Smoke\3-HomeDashboardSmoke.spec.ts","",""
"","6381","""+ Add ACH"" navigates to the add-ACH form","msedge","Mon Oct 05 10:18:29 UTC 2026","passed","Mon Oct 05 10:18:35 UTC 2026","ACH — Smoke > Navigation","specs\Smoke\7-ACHSmoke.spec.ts","",""
"","10341","Typing a page number navigates to that page","firefox","Mon Oct 05 10:22:50 UTC 2026","passed","Mon Oct 05 10:23:01 UTC 2026","Presented Checks — Smoke > Pagination","specs\Smoke\5-PresentedChecksSmoke.spec.ts","",""
"","4914","""View"" (Change Log) link on a row navigates to the entity log","msedge","Mon Oct 05 10:17:48 UTC 2026","passed","Mon Oct 05 10:17:53 UTC 2026","Issued Checks — Smoke > Row Actions","specs\Smoke\4-IssuedChecksSmoke.spec.ts","",""
"","24132","Save a filter preset, verify it is auto-selected, then delete it","webkit","Mon Oct 05 10:37:21 UTC 2026","passed","Mon Oct 05 10:37:45 UTC 2026","Presented Checks — Smoke > Saved Filters","specs\Smoke\5-PresentedChecksSmoke.spec.ts","",""
"","12470","Validate unauthenticated access to protected route is redirected to login","webkit","Mon Oct 05 10:30:59 UTC 2026","passed","Mon Oct 05 10:31:12 UTC 2026","Login — Smoke > Session & Security","specs\Smoke\1-LoginSmoke.spec.ts","",""
"","4242","Roles/Permissions sub-page loads correctly","msedge","Mon Oct 05 10:14:00 UTC 2026","passed","Mon Oct 05 10:14:04 UTC 2026","Application Navigation Smoke Tests > Settings Sub-navigation","specs\Smoke\2-NavigationSmoke.spec.ts","",""
"","4570","Holiday Schedules sub-page loads correctly","msedge","Mon Oct 05 10:14:21 UTC 2026","passed","Mon Oct 05 10:14:25 UTC 2026","Application Navigation Smoke Tests > Settings Sub-navigation","specs\Smoke\2-NavigationSmoke.spec.ts","",""
"","10524","Next page arrow advances to page 2","firefox","Mon Oct 05 10:20:08 UTC 2026","passed","Mon Oct 05 10:20:18 UTC 2026","Issued Checks — Smoke > Pagination","specs\Smoke\4-IssuedChecksSmoke.spec.ts","",""
"","9274","Default filter auto-applies after logout and re-login","webkit","Mon Oct 05 10:35:22 UTC 2026","skipped","Mon Oct 05 10:35:32 UTC 2026","Issued Checks — Smoke > Saved Filters > Default Filter","specs\Smoke\4-IssuedChecksSmoke.spec.ts","",""
"","4266","Exceptions page loads correctly","msedge","Mon Oct 05 10:13:38 UTC 2026","passed","Mon Oct 05 10:13:42 UTC 2026","Application Navigation Smoke Tests > Top-level Navigation","specs\Smoke\2-NavigationSmoke.spec.ts","",""
"","12943","Search box filters grid and clears correctly","firefox","Mon Oct 05 10:25:41 UTC 2026","passed","Mon Oct 05 10:25:54 UTC 2026","Exceptions — Smoke > Exception History > Toolbar","specs\Smoke\8-ExceptionsSmoke.spec.ts","",""
"","6841","""View"" (Change Log) link on a row navigates to the entity log","chromium","Mon Oct 05 10:21:29 UTC 2026","passed","Mon Oct 05 10:21:36 UTC 2026","ACH — Smoke > Row Actions","specs\Smoke\7-ACHSmoke.spec.ts","",""
"","7845","""View"" (Change Log) link on a row navigates to the entity log","msedge","Mon Oct 05 10:20:00 UTC 2026","passed","Mon Oct 05 10:20:08 UTC 2026","ACH — Smoke > Row Actions","specs\Smoke\7-ACHSmoke.spec.ts","",""
"","4652","ACH page loads correctly","msedge","Mon Oct 05 10:13:33 UTC 2026","passed","Mon Oct 05 10:13:38 UTC 2026","Application Navigation Smoke Tests > Top-level Navigation","specs\Smoke\2-NavigationSmoke.spec.ts","",""
"","11464","Next page arrow advances to page 2","firefox","Mon Oct 05 10:26:24 UTC 2026","passed","Mon Oct 05 10:26:35 UTC 2026","Exceptions — Smoke > Exception History > Pagination","specs\Smoke\8-ExceptionsSmoke.spec.ts","",""
"","16699","Previous page button returns to page 1, First page button re-enables disabled state","webkit","Mon Oct 05 10:36:54 UTC 2026","passed","Mon Oct 05 10:37:11 UTC 2026","Presented Checks — Smoke > Pagination","specs\Smoke\5-PresentedChecksSmoke.spec.ts","",""
"","18624","Previous page button returns to page 1, First page button re-enables disabled state","firefox","Mon Oct 05 10:20:39 UTC 2026","passed","Mon Oct 05 10:20:58 UTC 2026","Issued Checks — Smoke > Pagination","specs\Smoke\4-IssuedChecksSmoke.spec.ts","",""
"","13025","""Delete"" on a row shows a confirm modal; Cancel dismisses it without deleting","firefox","Mon Oct 05 10:26:41 UTC 2026","passed","Mon Oct 05 10:26:54 UTC 2026","ACH — Smoke > Row Actions","specs\Smoke\7-ACHSmoke.spec.ts","",""
"","12223","Save a filter preset, verify it is auto-selected, then delete it","msedge","Mon Oct 05 10:17:11 UTC 2026","passed","Mon Oct 05 10:17:23 UTC 2026","Issued Checks — Smoke > Saved Filters","specs\Smoke\4-IssuedChecksSmoke.spec.ts","",""
"","11254","Branding sub-page loads correctly","webkit","Mon Oct 05 10:29:58 UTC 2026","passed","Mon Oct 05 10:30:09 UTC 2026","Application Navigation Smoke Tests > Settings Sub-navigation","specs\Smoke\2-NavigationSmoke.spec.ts","",""
"","5991","Last page arrow jumps to the final page","msedge","Mon Oct 05 10:19:03 UTC 2026","passed","Mon Oct 05 10:19:09 UTC 2026","ACH — Smoke > Pagination","specs\Smoke\7-ACHSmoke.spec.ts","",""
"","5046","Presented Checks breadcrumb link is visible on the page","msedge","Mon Oct 05 10:18:52 UTC 2026","passed","Mon Oct 05 10:18:57 UTC 2026","Presented Checks — Smoke > Breadcrumb","specs\Smoke\5-PresentedChecksSmoke.spec.ts","",""
"","5967","Grid loads with data rows and key column headers","chromium","Mon Oct 05 10:16:01 UTC 2026","passed","Mon Oct 05 10:16:07 UTC 2026","Issued Checks — Smoke > Grid","specs\Smoke\4-IssuedChecksSmoke.spec.ts","",""
"","11136","Verify navigation to Settings via nav menu","webkit","Mon Oct 05 10:34:40 UTC 2026","passed","Mon Oct 05 10:34:51 UTC 2026","Home Dashboard > Navigation from Dashboard","specs\Smoke\3-HomeDashboardSmoke.spec.ts","",""
"","4976","Issued Checks page loads correctly","msedge","Mon Oct 05 10:13:19 UTC 2026","passed","Mon Oct 05 10:13:24 UTC 2026","Application Navigation Smoke Tests > Top-level Navigation","specs\Smoke\2-NavigationSmoke.spec.ts","",""
"","10916","Excel export button is visible and enabled","webkit","Mon Oct 05 10:33:29 UTC 2026","passed","Mon Oct 05 10:33:40 UTC 2026","Issued Checks — Smoke > Toolbar","specs\Smoke\4-IssuedChecksSmoke.spec.ts","",""
"","14198","Verify summary KPI values have expected number formats","firefox","Mon Oct 05 10:17:52 UTC 2026","passed","Mon Oct 05 10:18:06 UTC 2026","Home Dashboard > Summary Stats","specs\Smoke\3-HomeDashboardSmoke.spec.ts","",""
"","6488","Typing a page number navigates to that page","chromium","Mon Oct 05 10:19:23 UTC 2026","passed","Mon Oct 05 10:19:29 UTC 2026","Presented Checks — Smoke > Pagination","specs\Smoke\5-PresentedChecksSmoke.spec.ts","",""
"","13122","Typing a page number navigates to that page","webkit","Mon Oct 05 10:39:15 UTC 2026","passed","Mon Oct 05 10:39:28 UTC 2026","ACH — Smoke > Pagination","specs\Smoke\7-ACHSmoke.spec.ts","",""
"","7682","Check Approval Rules sub-page loads correctly","webkit","Mon Oct 05 10:31:10 UTC 2026","passed","Mon Oct 05 10:31:17 UTC 2026","Application Navigation Smoke Tests > Settings Sub-navigation","specs\Smoke\2-NavigationSmoke.spec.ts","",""
"","6284","Next page arrow advances to page 2","msedge","Mon Oct 05 10:19:27 UTC 2026","passed","Mon Oct 05 10:19:33 UTC 2026","Exceptions — Smoke > Exception History > Pagination","specs\Smoke\8-ExceptionsSmoke.spec.ts","",""
"","6293","Search box filters grid and clears correctly","msedge","Mon Oct 05 10:18:40 UTC 2026","passed","Mon Oct 05 10:18:47 UTC 2026","ACH — Smoke > Toolbar","specs\Smoke\7-ACHSmoke.spec.ts","",""
"","10499","""+ Add Check"" navigates to the add-check form","webkit","Mon Oct 05 10:32:53 UTC 2026","passed","Mon Oct 05 10:33:03 UTC 2026","Issued Checks — Smoke > Navigation","specs\Smoke\4-IssuedChecksSmoke.spec.ts","",""
"","4998","Validate teller presented-check form shows all required fields","msedge","Mon Oct 05 10:18:05 UTC 2026","passed","Mon Oct 05 10:18:10 UTC 2026","Teller — Smoke > Add Check Form","specs\Smoke\6-TellerSmoke.spec.ts","",""
"","6288","Validate teller presented-check form shows all required fields","chromium","Mon Oct 05 10:18:47 UTC 2026","passed","Mon Oct 05 10:18:53 UTC 2026","Teller — Smoke > Add Check Form","specs\Smoke\6-TellerSmoke.spec.ts","",""
"","14654","ACH page loads correctly","firefox","Mon Oct 05 10:13:58 UTC 2026","passed","Mon Oct 05 10:14:13 UTC 2026","Application Navigation Smoke Tests > Top-level Navigation","specs\Smoke\2-NavigationSmoke.spec.ts","",""
"","6370","Issued Checks page loads correctly","chromium","Mon Oct 05 10:13:25 UTC 2026","passed","Mon Oct 05 10:13:31 UTC 2026","Application Navigation Smoke Tests > Top-level Navigation","specs\Smoke\2-NavigationSmoke.spec.ts","",""
"","7730","System Log sub-page loads correctly","webkit","Mon Oct 05 10:31:49 UTC 2026","passed","Mon Oct 05 10:31:57 UTC 2026","Application Navigation Smoke Tests > Settings Sub-navigation","specs\Smoke\2-NavigationSmoke.spec.ts","",""
"","5883","ACH breadcrumb link is visible on the page","msedge","Mon Oct 05 10:20:30 UTC 2026","passed","Mon Oct 05 10:20:36 UTC 2026","ACH — Smoke > Breadcrumb","specs\Smoke\7-ACHSmoke.spec.ts","",""
"","7344","""Delete"" on a row shows a confirm modal; Cancel dismisses it without deleting","msedge","Mon Oct 05 10:20:08 UTC 2026","passed","Mon Oct 05 10:20:16 UTC 2026","ACH — Smoke > Row Actions","specs\Smoke\7-ACHSmoke.spec.ts","",""
"","12329","Clicking a column header sorts ascending, clicking again sorts descending","firefox","Mon Oct 05 10:26:05 UTC 2026","passed","Mon Oct 05 10:26:17 UTC 2026","ACH — Smoke > Sorting","specs\Smoke\7-ACHSmoke.spec.ts","",""
"","4852","Decision Files sub-page loads correctly","chromium","Mon Oct 05 10:14:37 UTC 2026","passed","Mon Oct 05 10:14:42 UTC 2026","Application Navigation Smoke Tests > Settings Sub-navigation","specs\Smoke\2-NavigationSmoke.spec.ts","",""
"","10276","""Uploaded Checks"" navigates to the uploads page","webkit","Mon Oct 05 10:33:03 UTC 2026","passed","Mon Oct 05 10:33:13 UTC 2026","Issued Checks — Smoke > Navigation","specs\Smoke\4-IssuedChecksSmoke.spec.ts","",""
"","9514","Presented Checks page loads correctly","webkit","Mon Oct 05 10:28:32 UTC 2026","passed","Mon Oct 05 10:28:42 UTC 2026","Application Navigation Smoke Tests > Top-level Navigation","specs\Smoke\2-NavigationSmoke.spec.ts","",""
"","11120","""View"" link on a row opens the Exception Details dialog","firefox","Mon Oct 05 10:27:58 UTC 2026","passed","Mon Oct 05 10:28:10 UTC 2026","Exceptions — Smoke > Exception History > Row Actions","specs\Smoke\8-ExceptionsSmoke.spec.ts","",""
"","11035","Page size change to 10 updates pagination info in bottom-right pager","webkit","Mon Oct 05 10:33:40 UTC 2026","passed","Mon Oct 05 10:33:51 UTC 2026","Issued Checks — Smoke > Pagination","specs\Smoke\4-IssuedChecksSmoke.spec.ts","",""
"","9066","Validate Login functionality with incorrectUsername","firefox","Mon Oct 05 10:13:39 UTC 2026","passed","Mon Oct 05 10:13:48 UTC 2026","Login — Smoke > Login","specs\Smoke\1-LoginSmoke.spec.ts","",""
"","12994","Account Settings sub-page loads correctly","firefox","Mon Oct 05 10:14:39 UTC 2026","passed","Mon Oct 05 10:14:52 UTC 2026","Application Navigation Smoke Tests > Settings Sub-navigation","specs\Smoke\2-NavigationSmoke.spec.ts","",""
"","18081","Column filter popup applies a filter and Clear restores the full row set","webkit","Mon Oct 05 10:38:09 UTC 2026","passed","Mon Oct 05 10:38:27 UTC 2026","Presented Checks — Smoke > Column Filter","specs\Smoke\5-PresentedChecksSmoke.spec.ts","",""
"","9179","Verify navigation to Settings via nav menu","firefox","Mon Oct 05 10:19:38 UTC 2026","passed","Mon Oct 05 10:19:47 UTC 2026","Home Dashboard > Navigation from Dashboard","specs\Smoke\3-HomeDashboardSmoke.spec.ts","",""
"","6635","Decision badge on an already-reviewed row is blocked with a system message","chromium","Mon Oct 05 10:23:54 UTC 2026","passed","Mon Oct 05 10:24:01 UTC 2026","Exceptions — Smoke > Exception History > Row Actions","specs\Smoke\8-ExceptionsSmoke.spec.ts","",""
"","13120","Saved Filters dropdown is visible and defaults to no preset","webkit","Mon Oct 05 10:41:36 UTC 2026","passed","Mon Oct 05 10:41:49 UTC 2026","Exceptions — Smoke > Exception History > Saved Filters","specs\Smoke\8-ExceptionsSmoke.spec.ts","",""
"","6329","Grid loads with data rows and key column headers","msedge","Mon Oct 05 10:18:18 UTC 2026","passed","Mon Oct 05 10:18:24 UTC 2026","ACH — Smoke > Grid","specs\Smoke\7-ACHSmoke.spec.ts","",""
"","6597","Excel export button is visible and enabled","msedge","Mon Oct 05 10:17:22 UTC 2026","passed","Mon Oct 05 10:17:29 UTC 2026","Presented Checks — Smoke > Toolbar","specs\Smoke\5-PresentedChecksSmoke.spec.ts","",""
"","5836","Typing a page number navigates to that page","msedge","Mon Oct 05 10:19:09 UTC 2026","passed","Mon Oct 05 10:19:15 UTC 2026","ACH — Smoke > Pagination","specs\Smoke\7-ACHSmoke.spec.ts","",""
"","12071","Verify navigation to Presented Checks via nav menu","firefox","Mon Oct 05 10:19:04 UTC 2026","passed","Mon Oct 05 10:19:16 UTC 2026","Home Dashboard > Navigation from Dashboard","specs\Smoke\3-HomeDashboardSmoke.spec.ts","",""
"","23201","Users sub-page loads correctly","firefox","Mon Oct 05 10:15:11 UTC 2026","passed","Mon Oct 05 10:15:34 UTC 2026","Application Navigation Smoke Tests > Settings Sub-navigation","specs\Smoke\2-NavigationSmoke.spec.ts","",""
"","5514","Validate Login functionality with missingPassword","chromium","Mon Oct 05 10:13:48 UTC 2026","passed","Mon Oct 05 10:13:53 UTC 2026","Login — Smoke > Login","specs\Smoke\1-LoginSmoke.spec.ts","",""
"","7035","Excel export button is visible and enabled","chromium","Mon Oct 05 10:19:31 UTC 2026","passed","Mon Oct 05 10:19:38 UTC 2026","ACH — Smoke > Toolbar","specs\Smoke\7-ACHSmoke.spec.ts","",""
"","8927","""Delete"" on a row shows a confirm modal; Cancel dismisses it without deleting","chromium","Mon Oct 05 10:21:36 UTC 2026","passed","Mon Oct 05 10:21:45 UTC 2026","ACH — Smoke > Row Actions","specs\Smoke\7-ACHSmoke.spec.ts","",""
"","5102","Next page arrow advances to page 2","chromium","Mon Oct 05 10:22:35 UTC 2026","passed","Mon Oct 05 10:22:40 UTC 2026","Exceptions — Smoke > Exception History > Pagination","specs\Smoke\8-ExceptionsSmoke.spec.ts","",""
"","4749","Pay/Return decision badge navigates to exception history","msedge","Mon Oct 05 10:18:47 UTC 2026","passed","Mon Oct 05 10:18:52 UTC 2026","Presented Checks — Smoke > Row Actions","specs\Smoke\5-PresentedChecksSmoke.spec.ts","",""
"","9865","Column filter menu applies a filter and Clear restores the full row set","webkit","Mon Oct 05 10:42:23 UTC 2026","passed","Mon Oct 05 10:42:33 UTC 2026","Exceptions — Smoke > Exception History > Column Filter","specs\Smoke\8-ExceptionsSmoke.spec.ts","",""
"","18839","Validate session persists after page refresh","webkit","Mon Oct 05 10:30:40 UTC 2026","passed","Mon Oct 05 10:30:59 UTC 2026","Login — Smoke > Session & Security","specs\Smoke\1-LoginSmoke.spec.ts","",""
"","6993","Verify profile menu shows My Info and Logout links","msedge","Mon Oct 05 10:15:48 UTC 2026","passed","Mon Oct 05 10:15:55 UTC 2026","Home Dashboard > Summary Stats","specs\Smoke\3-HomeDashboardSmoke.spec.ts","",""
"","7964","Excel export button is visible and enabled","firefox","Mon Oct 05 10:24:16 UTC 2026","passed","Mon Oct 05 10:24:24 UTC 2026","ACH — Smoke > Toolbar","specs\Smoke\7-ACHSmoke.spec.ts","",""
"","13841","Validate Login functionality with caseSensitiveEmail","firefox","Mon Oct 05 10:13:18 UTC 2026","passed","Mon Oct 05 10:13:32 UTC 2026","Login — Smoke > Login","specs\Smoke\1-LoginSmoke.spec.ts","",""
"","27389","Default filter auto-applies after logout and re-login","chromium","Mon Oct 05 10:20:54 UTC 2026","passed","Mon Oct 05 10:21:22 UTC 2026","Presented Checks — Smoke > Saved Filters > Default Filter","specs\Smoke\5-PresentedChecksSmoke.spec.ts","",""
"","4878","Navigation tabs to Pre-Decisions, Approvals, and Exception History are visible","firefox","Mon Oct 05 10:28:25 UTC 2026","passed","Mon Oct 05 10:28:29 UTC 2026","Exceptions — Smoke > Open Exceptions","specs\Smoke\8-ExceptionsSmoke.spec.ts","",""
"","6955","Verify dashboard footer footnote and privacy link are visible","chromium","Mon Oct 05 10:17:15 UTC 2026","passed","Mon Oct 05 10:17:22 UTC 2026","Home Dashboard > Summary Stats","specs\Smoke\3-HomeDashboardSmoke.spec.ts","",""
"","7720","Notification Log sub-page loads correctly","chromium","Mon Oct 05 10:15:17 UTC 2026","passed","Mon Oct 05 10:15:24 UTC 2026","Application Navigation Smoke Tests > Settings Sub-navigation","specs\Smoke\2-NavigationSmoke.spec.ts","",""
"","12267","Grid loads with data rows and key column headers","firefox","Mon Oct 05 10:19:47 UTC 2026","passed","Mon Oct 05 10:19:59 UTC 2026","Presented Checks — Smoke > Grid","specs\Smoke\5-PresentedChecksSmoke.spec.ts","",""
"","13170","Validate Login functionality with emptyFields","webkit","Mon Oct 05 10:28:59 UTC 2026","passed","Mon Oct 05 10:29:13 UTC 2026","Login — Smoke > Login","specs\Smoke\1-LoginSmoke.spec.ts","",""
"","5171","Saved Filters dropdown is visible and defaults to no preset","chromium","Mon Oct 05 10:22:56 UTC 2026","passed","Mon Oct 05 10:23:01 UTC 2026","Exceptions — Smoke > Exception History > Saved Filters","specs\Smoke\8-ExceptionsSmoke.spec.ts","",""
"","5238","Validate Login functionality with emptyFields","firefox","Mon Oct 05 10:13:56 UTC 2026","passed","Mon Oct 05 10:14:01 UTC 2026","Login — Smoke > Login","specs\Smoke\1-LoginSmoke.spec.ts","",""
"","548","Default filter auto-applies after logout and re-login","firefox","Mon Oct 05 10:27:42 UTC 2026","skipped","Mon Oct 05 10:27:42 UTC 2026","Exceptions — Smoke > Exception History > Saved Filters > Default Filter","specs\Smoke\8-ExceptionsSmoke.spec.ts","",""
"","5316","Notification Templates sub-page loads correctly","chromium","Mon Oct 05 10:14:52 UTC 2026","passed","Mon Oct 05 10:14:58 UTC 2026","Application Navigation Smoke Tests > Settings Sub-navigation","specs\Smoke\2-NavigationSmoke.spec.ts","",""
"","5244","Automatic Check Decision Rules sub-page loads correctly","msedge","Mon Oct 05 10:14:35 UTC 2026","passed","Mon Oct 05 10:14:40 UTC 2026","Application Navigation Smoke Tests > Settings Sub-navigation","specs\Smoke\2-NavigationSmoke.spec.ts","",""
"","6081","""Uploaded Checks"" navigates to the uploads page","chromium","Mon Oct 05 10:16:20 UTC 2026","passed","Mon Oct 05 10:16:26 UTC 2026","Issued Checks — Smoke > Navigation","specs\Smoke\4-IssuedChecksSmoke.spec.ts","",""
"","13360","Page size change to 10 updates pagination info in bottom-right pager","firefox","Mon Oct 05 10:20:58 UTC 2026","passed","Mon Oct 05 10:21:12 UTC 2026","Presented Checks — Smoke > Pagination","specs\Smoke\5-PresentedChecksSmoke.spec.ts","",""
"","5043","Open Exceptions page loads with either exception cards or the empty-state message","chromium","Mon Oct 05 10:24:10 UTC 2026","passed","Mon Oct 05 10:24:15 UTC 2026","Exceptions — Smoke > Open Exceptions","specs\Smoke\8-ExceptionsSmoke.spec.ts","",""
"","8997","Previous page button returns to page 1, First page button re-enables disabled state","chromium","Mon Oct 05 10:17:10 UTC 2026","passed","Mon Oct 05 10:17:19 UTC 2026","Issued Checks — Smoke > Pagination","specs\Smoke\4-IssuedChecksSmoke.spec.ts","",""
"","10681","""View"" (Change Log) link on a row navigates to the entity log","firefox","Mon Oct 05 10:26:31 UTC 2026","passed","Mon Oct 05 10:26:41 UTC 2026","ACH — Smoke > Row Actions","specs\Smoke\7-ACHSmoke.spec.ts","",""
"","5815","Exceptions breadcrumb link is visible on the page","firefox","Mon Oct 05 10:28:19 UTC 2026","passed","Mon Oct 05 10:28:25 UTC 2026","Exceptions — Smoke > Exception History > Breadcrumb","specs\Smoke\8-ExceptionsSmoke.spec.ts","",""
"","14127","Search box filters grid and clears correctly","webkit","Mon Oct 05 10:38:10 UTC 2026","passed","Mon Oct 05 10:38:24 UTC 2026","ACH — Smoke > Toolbar","specs\Smoke\7-ACHSmoke.spec.ts","",""
"","9051","Typing a page number navigates to that page","msedge","Mon Oct 05 10:16:45 UTC 2026","passed","Mon Oct 05 10:16:54 UTC 2026","Issued Checks — Smoke > Pagination","specs\Smoke\4-IssuedChecksSmoke.spec.ts","",""
"","13454","Previous page button returns to page 1, First page button re-enables disabled state","firefox","Mon Oct 05 10:25:16 UTC 2026","passed","Mon Oct 05 10:25:30 UTC 2026","ACH — Smoke > Pagination","specs\Smoke\7-ACHSmoke.spec.ts","",""
"","10298","ACH page loads correctly","webkit","Mon Oct 05 10:28:50 UTC 2026","passed","Mon Oct 05 10:29:01 UTC 2026","Application Navigation Smoke Tests > Top-level Navigation","specs\Smoke\2-NavigationSmoke.spec.ts","",""
"","7609","Verify navigation to Settings via nav menu","msedge","Mon Oct 05 10:16:35 UTC 2026","passed","Mon Oct 05 10:16:43 UTC 2026","Home Dashboard > Navigation from Dashboard","specs\Smoke\3-HomeDashboardSmoke.spec.ts","",""
"","12221","Page size change to 10 updates pagination info in bottom-right pager","webkit","Mon Oct 05 10:40:21 UTC 2026","passed","Mon Oct 05 10:40:33 UTC 2026","Exceptions — Smoke > Exception History > Pagination","specs\Smoke\8-ExceptionsSmoke.spec.ts","",""
"","11006","Presented Checks breadcrumb link is visible on the page","webkit","Mon Oct 05 10:39:15 UTC 2026","passed","Mon Oct 05 10:39:26 UTC 2026","Presented Checks — Smoke > Breadcrumb","specs\Smoke\5-PresentedChecksSmoke.spec.ts","",""
"","12990","Verify Check Only tab shows Check-specific chart sections","webkit","Mon Oct 05 10:31:52 UTC 2026","passed","Mon Oct 05 10:32:05 UTC 2026","Home Dashboard > Dashboard Chart Headings","specs\Smoke\3-HomeDashboardSmoke.spec.ts","",""
"","17069","Saved Filters dropdown is visible and defaults to no preset","firefox","Mon Oct 05 10:20:58 UTC 2026","passed","Mon Oct 05 10:21:15 UTC 2026","Issued Checks — Smoke > Saved Filters","specs\Smoke\4-IssuedChecksSmoke.spec.ts","",""
"","11256","Issued Checks page loads correctly","webkit","Mon Oct 05 10:28:21 UTC 2026","passed","Mon Oct 05 10:28:32 UTC 2026","Application Navigation Smoke Tests > Top-level Navigation","specs\Smoke\2-NavigationSmoke.spec.ts","",""
"","6495","Next page arrow advances to page 2","msedge","Mon Oct 05 10:16:29 UTC 2026","passed","Mon Oct 05 10:16:36 UTC 2026","Issued Checks — Smoke > Pagination","specs\Smoke\4-IssuedChecksSmoke.spec.ts","",""
"","2899","Automatic ACH Decision Rules sub-page loads correctly","chromium","Mon Oct 05 10:15:08 UTC 2026","passed","Mon Oct 05 10:15:11 UTC 2026","Application Navigation Smoke Tests > Settings Sub-navigation","specs\Smoke\2-NavigationSmoke.spec.ts","",""
"","4849","Open Exceptions page loads with either exception cards or the empty-state message","msedge","Mon Oct 05 10:20:51 UTC 2026","passed","Mon Oct 05 10:20:56 UTC 2026","Exceptions — Smoke > Open Exceptions","specs\Smoke\8-ExceptionsSmoke.spec.ts","",""
"","22197","Save a filter preset, verify it is auto-selected, then delete it","firefox","Mon Oct 05 10:23:21 UTC 2026","passed","Mon Oct 05 10:23:44 UTC 2026","Presented Checks — Smoke > Saved Filters","specs\Smoke\5-PresentedChecksSmoke.spec.ts","",""
"","9167","Validate forgot password with unregistered email","webkit","Mon Oct 05 10:30:31 UTC 2026","passed","Mon Oct 05 10:30:40 UTC 2026","Login — Smoke > Forgot Password","specs\Smoke\1-LoginSmoke.spec.ts","",""
"","18660","Column filter popup applies a filter and Clear restores the full row set","webkit","Mon Oct 05 10:40:45 UTC 2026","passed","Mon Oct 05 10:41:04 UTC 2026","ACH — Smoke > Column Filter","specs\Smoke\7-ACHSmoke.spec.ts","",""
"","10554","Validate forgot password functionality","webkit","Mon Oct 05 10:30:09 UTC 2026","passed","Mon Oct 05 10:30:20 UTC 2026","Login — Smoke > Forgot Password","specs\Smoke\1-LoginSmoke.spec.ts","",""
"","6824","Clicking a column header sorts ascending, clicking again sorts descending","chromium","Mon Oct 05 10:18:04 UTC 2026","passed","Mon Oct 05 10:18:11 UTC 2026","Issued Checks — Smoke > Sorting","specs\Smoke\4-IssuedChecksSmoke.spec.ts","",""
"","6389","Next page arrow advances to page 2","msedge","Mon Oct 05 10:17:35 UTC 2026","passed","Mon Oct 05 10:17:41 UTC 2026","Presented Checks — Smoke > Pagination","specs\Smoke\5-PresentedChecksSmoke.spec.ts","",""
"","7567","Verify dashboard tab checked state updates correctly","chromium","Mon Oct 05 10:16:33 UTC 2026","passed","Mon Oct 05 10:16:40 UTC 2026","Home Dashboard > Dashboard Chart Headings","specs\Smoke\3-HomeDashboardSmoke.spec.ts","",""
"","11955","Column filter popup applies a filter and Clear restores the full row set","chromium","Mon Oct 05 10:21:17 UTC 2026","passed","Mon Oct 05 10:21:29 UTC 2026","ACH — Smoke > Column Filter","specs\Smoke\7-ACHSmoke.spec.ts","",""
"","7099","Saved Filters dropdown is visible and defaults to no preset","msedge","Mon Oct 05 10:17:03 UTC 2026","passed","Mon Oct 05 10:17:11 UTC 2026","Issued Checks — Smoke > Saved Filters","specs\Smoke\4-IssuedChecksSmoke.spec.ts","",""
"","10197","Verify ACH Only tab shows ACH-specific chart sections","webkit","Mon Oct 05 10:32:05 UTC 2026","passed","Mon Oct 05 10:32:16 UTC 2026","Home Dashboard > Dashboard Chart Headings","specs\Smoke\3-HomeDashboardSmoke.spec.ts","",""
"","5650","""+ Add ACH"" navigates to the add-ACH form","chromium","Mon Oct 05 10:19:11 UTC 2026","passed","Mon Oct 05 10:19:17 UTC 2026","ACH — Smoke > Navigation","specs\Smoke\7-ACHSmoke.spec.ts","",""
"","8740","Search box filters grid and clears correctly","chromium","Mon Oct 05 10:18:47 UTC 2026","passed","Mon Oct 05 10:18:56 UTC 2026","Presented Checks — Smoke > Toolbar","specs\Smoke\5-PresentedChecksSmoke.spec.ts","",""
"","6999","""View"" (Change Log) link on a row navigates to the entity log","chromium","Mon Oct 05 10:21:53 UTC 2026","passed","Mon Oct 05 10:22:00 UTC 2026","Presented Checks — Smoke > Row Actions","specs\Smoke\5-PresentedChecksSmoke.spec.ts","",""
"","7151","Typing a page number navigates to that page","chromium","Mon Oct 05 10:17:03 UTC 2026","passed","Mon Oct 05 10:17:10 UTC 2026","Issued Checks — Smoke > Pagination","specs\Smoke\4-IssuedChecksSmoke.spec.ts","",""
"","12161","Verify Home dashboard is restored after returning from another page","webkit","Mon Oct 05 10:33:41 UTC 2026","passed","Mon Oct 05 10:33:53 UTC 2026","Home Dashboard > Summary Stats","specs\Smoke\3-HomeDashboardSmoke.spec.ts","",""
"","7272","""Delete"" on a row shows a confirm modal; Cancel dismisses it without deleting","chromium","Mon Oct 05 10:18:33 UTC 2026","passed","Mon Oct 05 10:18:40 UTC 2026","Issued Checks — Smoke > Row Actions","specs\Smoke\4-IssuedChecksSmoke.spec.ts","",""
"","6779","Excel export button is visible and enabled","msedge","Mon Oct 05 10:19:15 UTC 2026","passed","Mon Oct 05 10:19:21 UTC 2026","Exceptions — Smoke > Exception History > Toolbar","specs\Smoke\8-ExceptionsSmoke.spec.ts","",""
"","12576","Validate Login functionality with correctCredentials","chromium","Mon Oct 05 10:13:06 UTC 2026","passed","Mon Oct 05 10:13:19 UTC 2026","Login — Smoke > Login","specs\Smoke\1-LoginSmoke.spec.ts","",""
"","7392","Clicking a column header sorts ascending, clicking again sorts descending","webkit","Mon Oct 05 10:42:16 UTC 2026","passed","Mon Oct 05 10:42:23 UTC 2026","Exceptions — Smoke > Exception History > Sorting","specs\Smoke\8-ExceptionsSmoke.spec.ts","",""
"","10399","Decision Files sub-page loads correctly","firefox","Mon Oct 05 10:16:01 UTC 2026","passed","Mon Oct 05 10:16:12 UTC 2026","Application Navigation Smoke Tests > Settings Sub-navigation","specs\Smoke\2-NavigationSmoke.spec.ts","",""
"","6764","ACH Approval Rules sub-page loads correctly","firefox","Mon Oct 05 10:17:26 UTC 2026","passed","Mon Oct 05 10:17:33 UTC 2026","Application Navigation Smoke Tests > Settings Sub-navigation","specs\Smoke\2-NavigationSmoke.spec.ts","",""
"","7256","Verify dashboard loads after successful login","firefox","Mon Oct 05 10:15:43 UTC 2026","passed","Mon Oct 05 10:15:51 UTC 2026","Home Dashboard > Page Load","specs\Smoke\3-HomeDashboardSmoke.spec.ts","",""
"","5340","Page size change to 10 updates pagination info in bottom-right pager","msedge","Mon Oct 05 10:18:52 UTC 2026","passed","Mon Oct 05 10:18:57 UTC 2026","ACH — Smoke > Pagination","specs\Smoke\7-ACHSmoke.spec.ts","",""
"","6308","Exceptions page loads correctly","chromium","Mon Oct 05 10:13:47 UTC 2026","passed","Mon Oct 05 10:13:54 UTC 2026","Application Navigation Smoke Tests > Top-level Navigation","specs\Smoke\2-NavigationSmoke.spec.ts","",""
"","4567","Typing a page number navigates to that page","chromium","Mon Oct 05 10:22:45 UTC 2026","passed","Mon Oct 05 10:22:49 UTC 2026","Exceptions — Smoke > Exception History > Pagination","specs\Smoke\8-ExceptionsSmoke.spec.ts","",""
"","6596","Branding sub-page loads correctly","firefox","Mon Oct 05 10:15:42 UTC 2026","passed","Mon Oct 05 10:15:48 UTC 2026","Application Navigation Smoke Tests > Settings Sub-navigation","specs\Smoke\2-NavigationSmoke.spec.ts","",""
"","4817","Validate Login functionality with incorrectPassword","msedge","Mon Oct 05 10:13:20 UTC 2026","passed","Mon Oct 05 10:13:25 UTC 2026","Login — Smoke > Login","specs\Smoke\1-LoginSmoke.spec.ts","",""
"","11163","""+ Add Check"" navigates to the add-check form","webkit","Mon Oct 05 10:35:15 UTC 2026","passed","Mon Oct 05 10:35:26 UTC 2026","Presented Checks — Smoke > Navigation","specs\Smoke\5-PresentedChecksSmoke.spec.ts","",""
"","5354","Notification Templates sub-page loads correctly","msedge","Mon Oct 05 10:14:30 UTC 2026","passed","Mon Oct 05 10:14:35 UTC 2026","Application Navigation Smoke Tests > Settings Sub-navigation","specs\Smoke\2-NavigationSmoke.spec.ts","",""
"","519","Default filter auto-applies after logout and re-login","msedge","Mon Oct 05 10:20:15 UTC 2026","skipped","Mon Oct 05 10:20:15 UTC 2026","Exceptions — Smoke > Exception History > Saved Filters > Default Filter","specs\Smoke\8-ExceptionsSmoke.spec.ts","",""
"","15257","Typing a page number navigates to that page","webkit","Mon Oct 05 10:41:01 UTC 2026","passed","Mon Oct 05 10:41:16 UTC 2026","Exceptions — Smoke > Exception History > Pagination","specs\Smoke\8-ExceptionsSmoke.spec.ts","",""
"","10340","Web Hooks sub-page loads correctly","webkit","Mon Oct 05 10:32:15 UTC 2026","passed","Mon Oct 05 10:32:26 UTC 2026","Application Navigation Smoke Tests > Settings Sub-navigation","specs\Smoke\2-NavigationSmoke.spec.ts","",""
"","8515","System Log sub-page loads correctly","firefox","Mon Oct 05 10:17:53 UTC 2026","passed","Mon Oct 05 10:18:01 UTC 2026","Application Navigation Smoke Tests > Settings Sub-navigation","specs\Smoke\2-NavigationSmoke.spec.ts","",""
"","26185","Save a filter preset, verify it is auto-selected, then delete it","webkit","Mon Oct 05 10:41:49 UTC 2026","passed","Mon Oct 05 10:42:15 UTC 2026","Exceptions — Smoke > Exception History > Saved Filters","specs\Smoke\8-ExceptionsSmoke.spec.ts","",""
"","9160","Home page is accessible and shows dashboard","webkit","Mon Oct 05 10:28:00 UTC 2026","passed","Mon Oct 05 10:28:09 UTC 2026","Application Navigation Smoke Tests > Top-level Navigation","specs\Smoke\2-NavigationSmoke.spec.ts","",""
"","7888","Verify navigation to Presented Checks via nav menu","chromium","Mon Oct 05 10:17:49 UTC 2026","passed","Mon Oct 05 10:17:57 UTC 2026","Home Dashboard > Navigation from Dashboard","specs\Smoke\3-HomeDashboardSmoke.spec.ts","",""
"","6991","Verify navigation to Issued Checks via nav menu","firefox","Mon Oct 05 10:18:57 UTC 2026","passed","Mon Oct 05 10:19:04 UTC 2026","Home Dashboard > Navigation from Dashboard","specs\Smoke\3-HomeDashboardSmoke.spec.ts","",""
"","10865","""+ Add Check"" navigates to the add-check form","firefox","Mon Oct 05 10:20:08 UTC 2026","passed","Mon Oct 05 10:20:18 UTC 2026","Presented Checks — Smoke > Navigation","specs\Smoke\5-PresentedChecksSmoke.spec.ts","",""
"","7349","Search box filters grid and clears correctly","msedge","Mon Oct 05 10:19:07 UTC 2026","passed","Mon Oct 05 10:19:15 UTC 2026","Exceptions — Smoke > Exception History > Toolbar","specs\Smoke\8-ExceptionsSmoke.spec.ts","",""
"","11054","Page size change to 10 updates pagination info in bottom-right pager","webkit","Mon Oct 05 10:36:06 UTC 2026","passed","Mon Oct 05 10:36:18 UTC 2026","Presented Checks — Smoke > Pagination","specs\Smoke\5-PresentedChecksSmoke.spec.ts","",""
"","7113","Verify chart title changes with selected tab","chromium","Mon Oct 05 10:16:40 UTC 2026","passed","Mon Oct 05 10:16:47 UTC 2026","Home Dashboard > Dashboard Chart Headings","specs\Smoke\3-HomeDashboardSmoke.spec.ts","",""
"","11695","Search box filters grid and clears correctly","msedge","Mon Oct 05 10:17:11 UTC 2026","passed","Mon Oct 05 10:17:22 UTC 2026","Presented Checks — Smoke > Toolbar","specs\Smoke\5-PresentedChecksSmoke.spec.ts","",""
"","16121","Validate Login functionality with caseSensitiveEmail","webkit","Mon Oct 05 10:28:14 UTC 2026","passed","Mon Oct 05 10:28:30 UTC 2026","Login — Smoke > Login","specs\Smoke\1-LoginSmoke.spec.ts","",""
"","13844","Last page arrow jumps to the final page","firefox","Mon Oct 05 10:26:35 UTC 2026","passed","Mon Oct 05 10:26:49 UTC 2026","Exceptions — Smoke > Exception History > Pagination","specs\Smoke\8-ExceptionsSmoke.spec.ts","",""
"","22669","Default filter auto-applies after logout and re-login","chromium","Mon Oct 05 10:23:11 UTC 2026","passed","Mon Oct 05 10:23:34 UTC 2026","Exceptions — Smoke > Exception History > Saved Filters > Default Filter","specs\Smoke\8-ExceptionsSmoke.spec.ts","",""
"","5855","Clicking a column header sorts ascending, clicking again sorts descending","msedge","Mon Oct 05 10:17:29 UTC 2026","passed","Mon Oct 05 10:17:35 UTC 2026","Issued Checks — Smoke > Sorting","specs\Smoke\4-IssuedChecksSmoke.spec.ts","",""
"","7317","""+ Add Check"" navigates to the add-check form","msedge","Mon Oct 05 10:15:48 UTC 2026","passed","Mon Oct 05 10:15:55 UTC 2026","Issued Checks — Smoke > Navigation","specs\Smoke\4-IssuedChecksSmoke.spec.ts","",""
"","5020","File Formats sub-page loads correctly","chromium","Mon Oct 05 10:14:47 UTC 2026","passed","Mon Oct 05 10:14:52 UTC 2026","Application Navigation Smoke Tests > Settings Sub-navigation","specs\Smoke\2-NavigationSmoke.spec.ts","",""
"","6654","Verify dashboard tab checked state updates correctly","msedge","Mon Oct 05 10:14:59 UTC 2026","passed","Mon Oct 05 10:15:06 UTC 2026","Home Dashboard > Dashboard Chart Headings","specs\Smoke\3-HomeDashboardSmoke.spec.ts","",""
"","6079","Verify all three dashboard view tabs are visible","chromium","Mon Oct 05 10:16:04 UTC 2026","passed","Mon Oct 05 10:16:10 UTC 2026","Home Dashboard > Page Load","specs\Smoke\3-HomeDashboardSmoke.spec.ts","",""
"","6021","Automatic ACH Decision Rules sub-page loads correctly","webkit","Mon Oct 05 10:31:17 UTC 2026","passed","Mon Oct 05 10:31:23 UTC 2026","Application Navigation Smoke Tests > Settings Sub-navigation","specs\Smoke\2-NavigationSmoke.spec.ts","",""
"","10293","Verify Home dashboard is restored after returning from another page","msedge","Mon Oct 05 10:15:55 UTC 2026","passed","Mon Oct 05 10:16:05 UTC 2026","Home Dashboard > Summary Stats","specs\Smoke\3-HomeDashboardSmoke.spec.ts","",""
"","8771","Default filter auto-applies after logout and re-login","firefox","Mon Oct 05 10:25:56 UTC 2026","skipped","Mon Oct 05 10:26:05 UTC 2026","ACH — Smoke > Saved Filters > Default Filter","specs\Smoke\7-ACHSmoke.spec.ts","",""
"","9601","Last page arrow jumps to the final page","firefox","Mon Oct 05 10:24:50 UTC 2026","passed","Mon Oct 05 10:24:59 UTC 2026","ACH — Smoke > Pagination","specs\Smoke\7-ACHSmoke.spec.ts","",""
"","10946","Presented Checks page loads correctly","firefox","Mon Oct 05 10:13:36 UTC 2026","passed","Mon Oct 05 10:13:47 UTC 2026","Application Navigation Smoke Tests > Top-level Navigation","specs\Smoke\2-NavigationSmoke.spec.ts","",""
"","5453","ACH page loads correctly","chromium","Mon Oct 05 10:13:42 UTC 2026","passed","Mon Oct 05 10:13:47 UTC 2026","Application Navigation Smoke Tests > Top-level Navigation","specs\Smoke\2-NavigationSmoke.spec.ts","",""
"","6601","Previous page button returns to page 1, First page button re-enables disabled state","chromium","Mon Oct 05 10:22:49 UTC 2026","passed","Mon Oct 05 10:22:56 UTC 2026","Exceptions — Smoke > Exception History > Pagination","specs\Smoke\8-ExceptionsSmoke.spec.ts","",""
"","11415","Save a filter preset, verify it is auto-selected, then delete it","chromium","Mon Oct 05 10:20:29 UTC 2026","passed","Mon Oct 05 10:20:40 UTC 2026","ACH — Smoke > Saved Filters","specs\Smoke\7-ACHSmoke.spec.ts","",""
"","5399","Account Settings sub-page loads correctly","chromium","Mon Oct 05 10:13:59 UTC 2026","passed","Mon Oct 05 10:14:05 UTC 2026","Application Navigation Smoke Tests > Settings Sub-navigation","specs\Smoke\2-NavigationSmoke.spec.ts","",""
"","25064","Default filter auto-applies after logout and re-login","chromium","Mon Oct 05 10:17:39 UTC 2026","passed","Mon Oct 05 10:18:04 UTC 2026","Issued Checks — Smoke > Saved Filters > Default Filter","specs\Smoke\4-IssuedChecksSmoke.spec.ts","",""
"","6216","Verify Check Only tab shows Check-specific chart sections","msedge","Mon Oct 05 10:14:47 UTC 2026","passed","Mon Oct 05 10:14:53 UTC 2026","Home Dashboard > Dashboard Chart Headings","specs\Smoke\3-HomeDashboardSmoke.spec.ts","",""
"","7780","""Edit"" link on a row navigates to the check edit form","chromium","Mon Oct 05 10:21:45 UTC 2026","passed","Mon Oct 05 10:21:53 UTC 2026","Presented Checks — Smoke > Row Actions","specs\Smoke\5-PresentedChecksSmoke.spec.ts","",""
"","11845","Grid loads with data rows and key column headers","webkit","Mon Oct 05 10:34:51 UTC 2026","passed","Mon Oct 05 10:35:03 UTC 2026","Presented Checks — Smoke > Grid","specs\Smoke\5-PresentedChecksSmoke.spec.ts","",""
"","10753","Validate Login functionality with veryLongInput","firefox","Mon Oct 05 10:14:39 UTC 2026","passed","Mon Oct 05 10:14:49 UTC 2026","Login — Smoke > Login","specs\Smoke\1-LoginSmoke.spec.ts","",""
"","7072","Last page arrow jumps to the final page","chromium","Mon Oct 05 10:19:16 UTC 2026","passed","Mon Oct 05 10:19:23 UTC 2026","Presented Checks — Smoke > Pagination","specs\Smoke\5-PresentedChecksSmoke.spec.ts","",""
"","6913","Verify Combined View shows all chart sections","chromium","Mon Oct 05 10:16:10 UTC 2026","passed","Mon Oct 05 10:16:17 UTC 2026","Home Dashboard > Dashboard Chart Headings","specs\Smoke\3-HomeDashboardSmoke.spec.ts","",""
"","6434","""Uploaded Checks"" navigates to the uploads page","msedge","Mon Oct 05 10:17:04 UTC 2026","passed","Mon Oct 05 10:17:11 UTC 2026","Presented Checks — Smoke > Navigation","specs\Smoke\5-PresentedChecksSmoke.spec.ts","",""
"","22618","Pay/Return decision badge navigates to exception history","firefox","Mon Oct 05 10:26:54 UTC 2026","passed","Mon Oct 05 10:27:17 UTC 2026","ACH — Smoke > Row Actions","specs\Smoke\7-ACHSmoke.spec.ts","",""
"","3971","Approvals page loads with either records or the empty-state message","chromium","Mon Oct 05 10:24:21 UTC 2026","passed","Mon Oct 05 10:24:25 UTC 2026","Exceptions — Smoke > Approvals","specs\Smoke\8-ExceptionsSmoke.spec.ts","",""
"","9457","System Log sub-page loads correctly","chromium","Mon Oct 05 10:15:30 UTC 2026","passed","Mon Oct 05 10:15:40 UTC 2026","Application Navigation Smoke Tests > Settings Sub-navigation","specs\Smoke\2-NavigationSmoke.spec.ts","",""
"","12764","Last page arrow jumps to the final page","webkit","Mon Oct 05 10:39:02 UTC 2026","passed","Mon Oct 05 10:39:14 UTC 2026","ACH — Smoke > Pagination","specs\Smoke\7-ACHSmoke.spec.ts","",""
"","18538","Validate teller presented-check form shows all required fields","firefox","Mon Oct 05 10:22:38 UTC 2026","passed","Mon Oct 05 10:22:57 UTC 2026","Teller — Smoke > Add Check Form","specs\Smoke\6-TellerSmoke.spec.ts","",""
"","15633","Save a filter preset, verify it is auto-selected, then delete it","firefox","Mon Oct 05 10:21:15 UTC 2026","passed","Mon Oct 05 10:21:31 UTC 2026","Issued Checks — Smoke > Saved Filters","specs\Smoke\4-IssuedChecksSmoke.spec.ts","",""
"","7050","Default filter auto-applies after logout and re-login","firefox","Mon Oct 05 10:21:31 UTC 2026","skipped","Mon Oct 05 10:21:38 UTC 2026","Issued Checks — Smoke > Saved Filters > Default Filter","specs\Smoke\4-IssuedChecksSmoke.spec.ts","",""
"","12680","Verify delayed data note and force refresh link are visible on dashboard","firefox","Mon Oct 05 10:18:07 UTC 2026","passed","Mon Oct 05 10:18:19 UTC 2026","Home Dashboard > Summary Stats","specs\Smoke\3-HomeDashboardSmoke.spec.ts","",""
"","13014","Billing Reports sub-page loads correctly","firefox","Mon Oct 05 10:15:48 UTC 2026","passed","Mon Oct 05 10:16:01 UTC 2026","Application Navigation Smoke Tests > Settings Sub-navigation","specs\Smoke\2-NavigationSmoke.spec.ts","",""
"","15258","""Delete"" on a row shows a confirm modal; Cancel dismisses it without deleting","webkit","Mon Oct 05 10:41:17 UTC 2026","passed","Mon Oct 05 10:41:32 UTC 2026","ACH — Smoke > Row Actions","specs\Smoke\7-ACHSmoke.spec.ts","",""
