"DESCRIPTION","DURATION IN MS","NAME","PARENT SUITE","START TIME","STATUS","STOP TIME","SUB SUITE","SUITE","TEST CLASS","TEST METHOD"
"","6635","""Delete"" on a row shows a confirm modal; Cancel dismisses it without deleting","chromium","Mon Sep 28 10:32:49 UTC 2026","passed","Mon Sep 28 10:32:56 UTC 2026","ACH — Smoke","specs\Smoke\7-ACHSmoke.spec.ts","",""
"","7545","Exceptions page loads correctly","webkit","Mon Sep 28 10:11:16 UTC 2026","passed","Mon Sep 28 10:11:24 UTC 2026","Application Navigation Smoke Tests","specs\Smoke\2-NavigationSmoke.spec.ts","",""
"","9587","Validate Login functionality with incorrectUsername","webkit","Mon Sep 28 10:10:58 UTC 2026","passed","Mon Sep 28 10:11:08 UTC 2026","","specs\Smoke\1-LoginSmoke.spec.ts","",""
"","5189","Last page arrow jumps to the final page","msedge","Mon Sep 28 10:17:22 UTC 2026","passed","Mon Sep 28 10:17:27 UTC 2026","ACH — Smoke","specs\Smoke\7-ACHSmoke.spec.ts","",""
"","13537","""Delete"" on a row shows a confirm modal; Cancel dismisses it without deleting","firefox","Mon Sep 28 10:20:06 UTC 2026","passed","Mon Sep 28 10:20:20 UTC 2026","Issued Checks — Smoke (Continued)","specs\Smoke\4-IssuedChecksSmoke.spec.ts","",""
"","4337","Pre-Decisions page loads with either records or the empty-state message","webkit","Mon Sep 28 10:25:27 UTC 2026","passed","Mon Sep 28 10:25:31 UTC 2026","Exceptions — Smoke > Pre-Decisions","specs\Smoke\8-ExceptionsSmoke.spec.ts","",""
"","6227","Excel export button is visible and enabled","chromium","Mon Sep 28 10:32:03 UTC 2026","passed","Mon Sep 28 10:32:09 UTC 2026","Exceptions — Smoke > Exception History > Toolbar","specs\Smoke\8-ExceptionsSmoke.spec.ts","",""
"","9384","Branding sub-page loads correctly","firefox","Mon Sep 28 10:12:31 UTC 2026","passed","Mon Sep 28 10:12:40 UTC 2026","Application Navigation Smoke Tests","specs\Smoke\2-NavigationSmoke.spec.ts","",""
"","21575","Save a filter preset, verify it is auto-selected, then delete it","firefox","Mon Sep 28 10:20:31 UTC 2026","passed","Mon Sep 28 10:20:53 UTC 2026","Presented Checks — Smoke (Continued)","specs\Smoke\5-PresentedChecksSmoke.spec.ts","",""
"","11563","Verify navigation to Presented Checks via nav menu","webkit","Mon Sep 28 10:16:53 UTC 2026","passed","Mon Sep 28 10:17:05 UTC 2026","Home Dashboard","specs\Smoke\3-HomeDashboardSmoke.spec.ts","",""
"","9726","Default Decision Log sub-page loads correctly","firefox","Mon Sep 28 10:14:46 UTC 2026","passed","Mon Sep 28 10:14:56 UTC 2026","Application Navigation Smoke Tests","specs\Smoke\2-NavigationSmoke.spec.ts","",""
"","5312","Validate Login functionality with missingPassword","firefox","Mon Sep 28 10:11:15 UTC 2026","passed","Mon Sep 28 10:11:20 UTC 2026","","specs\Smoke\1-LoginSmoke.spec.ts","",""
"","12820","Clicking a column header sorts ascending, clicking again sorts descending","webkit","Mon Sep 28 10:18:06 UTC 2026","passed","Mon Sep 28 10:18:19 UTC 2026","Issued Checks — Smoke (Continued)","specs\Smoke\4-IssuedChecksSmoke.spec.ts","",""
"","5492","Page size change to 10 updates pagination info in bottom-right pager","msedge","Mon Sep 28 10:15:03 UTC 2026","passed","Mon Sep 28 10:15:08 UTC 2026","Issued Checks — Smoke","specs\Smoke\4-IssuedChecksSmoke.spec.ts","",""
"","1959","Default filter auto-applies after logout and re-login","firefox","Mon Sep 28 10:25:14 UTC 2026","skipped","Mon Sep 28 10:25:16 UTC 2026","Exceptions — Smoke > Exception History > Saved Filters > Default Filter","specs\Smoke\8-ExceptionsSmoke.spec.ts","",""
"","18475","Previous page button returns to page 1, First page button re-enables disabled state","firefox","Mon Sep 28 10:24:18 UTC 2026","passed","Mon Sep 28 10:24:37 UTC 2026","Exceptions — Smoke > Exception History > Pagination","specs\Smoke\8-ExceptionsSmoke.spec.ts","",""
"","9205","Verify all three dashboard view tabs are visible","webkit","Mon Sep 28 10:13:25 UTC 2026","passed","Mon Sep 28 10:13:34 UTC 2026","Home Dashboard","specs\Smoke\3-HomeDashboardSmoke.spec.ts","",""
"","8783","Validate Login functionality with incorrectPassword","webkit","Mon Sep 28 10:10:50 UTC 2026","passed","Mon Sep 28 10:10:58 UTC 2026","","specs\Smoke\1-LoginSmoke.spec.ts","",""
"","10774","Holiday Schedules sub-page loads correctly","firefox","Mon Sep 28 10:13:04 UTC 2026","passed","Mon Sep 28 10:13:15 UTC 2026","Application Navigation Smoke Tests","specs\Smoke\2-NavigationSmoke.spec.ts","",""
"","11306","Save a filter preset, verify it is auto-selected, then delete it","msedge","Mon Sep 28 10:16:36 UTC 2026","passed","Mon Sep 28 10:16:47 UTC 2026","Presented Checks — Smoke (Continued)","specs\Smoke\5-PresentedChecksSmoke.spec.ts","",""
"","11353","Verify all three dashboard view tabs are visible","firefox","Mon Sep 28 10:13:04 UTC 2026","passed","Mon Sep 28 10:13:15 UTC 2026","Home Dashboard","specs\Smoke\3-HomeDashboardSmoke.spec.ts","",""
"","4369","Validate Login functionality with sqlInjection","chromium","Mon Sep 28 10:25:56 UTC 2026","passed","Mon Sep 28 10:26:00 UTC 2026","","specs\Smoke\1-LoginSmoke.spec.ts","",""
"","16552","Excel export button is visible and enabled","firefox","Mon Sep 28 10:18:36 UTC 2026","passed","Mon Sep 28 10:18:52 UTC 2026","Presented Checks — Smoke","specs\Smoke\5-PresentedChecksSmoke.spec.ts","",""
"","6500","Branding sub-page loads correctly","chromium","Mon Sep 28 10:26:13 UTC 2026","passed","Mon Sep 28 10:26:20 UTC 2026","Application Navigation Smoke Tests","specs\Smoke\2-NavigationSmoke.spec.ts","",""
"","6477","Search box filters grid and clears correctly","msedge","Mon Sep 28 10:16:59 UTC 2026","passed","Mon Sep 28 10:17:06 UTC 2026","ACH — Smoke","specs\Smoke\7-ACHSmoke.spec.ts","",""
"","9731","Notification Log sub-page loads correctly","webkit","Mon Sep 28 10:13:23 UTC 2026","passed","Mon Sep 28 10:13:33 UTC 2026","Application Navigation Smoke Tests","specs\Smoke\2-NavigationSmoke.spec.ts","",""
"","4976","Verify Total Exceptions and Total Exception Amount labels are visible","msedge","Mon Sep 28 10:14:18 UTC 2026","passed","Mon Sep 28 10:14:23 UTC 2026","Home Dashboard","specs\Smoke\3-HomeDashboardSmoke.spec.ts","",""
"","7170","Typing a page number navigates to that page","msedge","Mon Sep 28 10:18:07 UTC 2026","passed","Mon Sep 28 10:18:14 UTC 2026","Exceptions — Smoke > Exception History > Pagination","specs\Smoke\8-ExceptionsSmoke.spec.ts","",""
"","7493","Saved Filters dropdown is visible and defaults to no preset","webkit","Mon Sep 28 10:19:50 UTC 2026","passed","Mon Sep 28 10:19:57 UTC 2026","Presented Checks — Smoke","specs\Smoke\5-PresentedChecksSmoke.spec.ts","",""
"","15382","""Delete"" on a row shows a confirm modal; Cancel dismisses it without deleting","firefox","Mon Sep 28 10:21:49 UTC 2026","passed","Mon Sep 28 10:22:04 UTC 2026","Presented Checks — Smoke (Continued)","specs\Smoke\5-PresentedChecksSmoke.spec.ts","",""
"","5860","Automatic ACH Decision Rules sub-page loads correctly","webkit","Mon Sep 28 10:13:09 UTC 2026","passed","Mon Sep 28 10:13:15 UTC 2026","Application Navigation Smoke Tests","specs\Smoke\2-NavigationSmoke.spec.ts","",""
"","16355","Saved Filters dropdown is visible and defaults to no preset","firefox","Mon Sep 28 10:24:37 UTC 2026","passed","Mon Sep 28 10:24:53 UTC 2026","Exceptions — Smoke > Exception History > Saved Filters","specs\Smoke\8-ExceptionsSmoke.spec.ts","",""
"","5426","File Formats sub-page loads correctly","msedge","Mon Sep 28 10:13:26 UTC 2026","passed","Mon Sep 28 10:13:32 UTC 2026","Application Navigation Smoke Tests","specs\Smoke\2-NavigationSmoke.spec.ts","",""
"","6859","""Uploaded ACH"" navigates to the uploads page","msedge","Mon Sep 28 10:16:53 UTC 2026","passed","Mon Sep 28 10:16:59 UTC 2026","ACH — Smoke","specs\Smoke\7-ACHSmoke.spec.ts","",""
"","6761","Previous page button returns to page 1, First page button re-enables disabled state","chromium","Mon Sep 28 10:31:50 UTC 2026","passed","Mon Sep 28 10:31:56 UTC 2026","ACH — Smoke","specs\Smoke\7-ACHSmoke.spec.ts","",""
"","15531","Previous page button returns to page 1, First page button re-enables disabled state","firefox","Mon Sep 28 10:23:08 UTC 2026","passed","Mon Sep 28 10:23:24 UTC 2026","ACH — Smoke","specs\Smoke\7-ACHSmoke.spec.ts","",""
"","4891","Default filter auto-applies after logout and re-login","msedge","Mon Sep 28 10:17:44 UTC 2026","skipped","Mon Sep 28 10:17:49 UTC 2026","ACH — Smoke","specs\Smoke\7-ACHSmoke.spec.ts","",""
"","11387","Pay/Return decision badge navigates to exception history","webkit","Mon Sep 28 10:21:30 UTC 2026","passed","Mon Sep 28 10:21:42 UTC 2026","Presented Checks — Smoke (Continued)","specs\Smoke\5-PresentedChecksSmoke.spec.ts","",""
"","5348","Open Exceptions page loads with either exception cards or the empty-state message","webkit","Mon Sep 28 10:25:11 UTC 2026","passed","Mon Sep 28 10:25:16 UTC 2026","Exceptions — Smoke > Open Exceptions","specs\Smoke\8-ExceptionsSmoke.spec.ts","",""
"","13079","Validate Login functionality with caseSensitiveEmail","webkit","Mon Sep 28 10:10:36 UTC 2026","passed","Mon Sep 28 10:10:50 UTC 2026","","specs\Smoke\1-LoginSmoke.spec.ts","",""
"","5627","Last page arrow jumps to the final page","msedge","Mon Sep 28 10:15:13 UTC 2026","passed","Mon Sep 28 10:15:18 UTC 2026","Issued Checks — Smoke","specs\Smoke\4-IssuedChecksSmoke.spec.ts","",""
"","4972","Verify profile menu shows My Info and Logout links","msedge","Mon Sep 28 10:14:39 UTC 2026","passed","Mon Sep 28 10:14:44 UTC 2026","Home Dashboard","specs\Smoke\3-HomeDashboardSmoke.spec.ts","",""
"","8786","Validate Login functionality with emptyFields","webkit","Mon Sep 28 10:11:17 UTC 2026","passed","Mon Sep 28 10:11:26 UTC 2026","","specs\Smoke\1-LoginSmoke.spec.ts","",""
"","5897","Verify dashboard tab checked state updates correctly","msedge","Mon Sep 28 10:13:58 UTC 2026","passed","Mon Sep 28 10:14:04 UTC 2026","Home Dashboard","specs\Smoke\3-HomeDashboardSmoke.spec.ts","",""
"","12723","""+ Add Check"" navigates to the add-check form","firefox","Mon Sep 28 10:17:47 UTC 2026","passed","Mon Sep 28 10:18:00 UTC 2026","Presented Checks — Smoke","specs\Smoke\5-PresentedChecksSmoke.spec.ts","",""
"","4955","Branding sub-page loads correctly","msedge","Mon Sep 28 10:13:06 UTC 2026","passed","Mon Sep 28 10:13:11 UTC 2026","Application Navigation Smoke Tests","specs\Smoke\2-NavigationSmoke.spec.ts","",""
"","5731","Validate Login functionality with missingUsername","firefox","Mon Sep 28 10:11:20 UTC 2026","passed","Mon Sep 28 10:11:26 UTC 2026","","specs\Smoke\1-LoginSmoke.spec.ts","",""
"","6675","Grid loads with data rows and key column headers","chromium","Mon Sep 28 10:28:00 UTC 2026","passed","Mon Sep 28 10:28:07 UTC 2026","Issued Checks — Smoke","specs\Smoke\4-IssuedChecksSmoke.spec.ts","",""
"","7811","""+ Add ACH"" navigates to the add-ACH form","chromium","Mon Sep 28 10:30:59 UTC 2026","passed","Mon Sep 28 10:31:07 UTC 2026","ACH — Smoke","specs\Smoke\7-ACHSmoke.spec.ts","",""
"","5383","""View"" link on a row opens the Exception Details dialog","msedge","Mon Sep 28 10:18:52 UTC 2026","passed","Mon Sep 28 10:18:57 UTC 2026","Exceptions — Smoke > Exception History > Row Actions","specs\Smoke\8-ExceptionsSmoke.spec.ts","",""
"","7133","""Uploaded Checks"" navigates to the uploads page","chromium","Mon Sep 28 10:28:21 UTC 2026","passed","Mon Sep 28 10:28:28 UTC 2026","Issued Checks — Smoke","specs\Smoke\4-IssuedChecksSmoke.spec.ts","",""
"","12419","Page size change to 10 updates pagination info in bottom-right pager","firefox","Mon Sep 28 10:23:22 UTC 2026","passed","Mon Sep 28 10:23:35 UTC 2026","Exceptions — Smoke > Exception History > Pagination","specs\Smoke\8-ExceptionsSmoke.spec.ts","",""
"","8964","Default filter auto-applies after logout and re-login","webkit","Mon Sep 28 10:17:34 UTC 2026","skipped","Mon Sep 28 10:17:43 UTC 2026","Issued Checks — Default Filter (Serial)","specs\Smoke\4-IssuedChecksSmoke.spec.ts","",""
"","15301","Column filter popup applies a filter and Clear restores the full row set","firefox","Mon Sep 28 10:19:26 UTC 2026","passed","Mon Sep 28 10:19:42 UTC 2026","Issued Checks — Smoke (Continued)","specs\Smoke\4-IssuedChecksSmoke.spec.ts","",""
"","15709","Page size change to 10 updates pagination info in bottom-right pager","firefox","Mon Sep 28 10:18:53 UTC 2026","passed","Mon Sep 28 10:19:08 UTC 2026","Presented Checks — Smoke","specs\Smoke\5-PresentedChecksSmoke.spec.ts","",""
"","8078","Verify chart title changes with selected tab","msedge","Mon Sep 28 10:14:04 UTC 2026","passed","Mon Sep 28 10:14:12 UTC 2026","Home Dashboard","specs\Smoke\3-HomeDashboardSmoke.spec.ts","",""
"","13413","Saved Filters dropdown is visible and defaults to no preset","firefox","Mon Sep 28 10:23:24 UTC 2026","passed","Mon Sep 28 10:23:37 UTC 2026","ACH — Smoke","specs\Smoke\7-ACHSmoke.spec.ts","",""
"","11816","Grid loads with data rows and key column headers","webkit","Mon Sep 28 10:17:36 UTC 2026","passed","Mon Sep 28 10:17:48 UTC 2026","Presented Checks — Smoke","specs\Smoke\5-PresentedChecksSmoke.spec.ts","",""
"","11298","Users sub-page loads correctly","firefox","Mon Sep 28 10:12:09 UTC 2026","passed","Mon Sep 28 10:12:20 UTC 2026","Application Navigation Smoke Tests","specs\Smoke\2-NavigationSmoke.spec.ts","",""
"","5108","Clicking a column header sorts ascending, clicking again sorts descending","msedge","Mon Sep 28 10:18:41 UTC 2026","passed","Mon Sep 28 10:18:46 UTC 2026","Exceptions — Smoke > Exception History > Sorting","specs\Smoke\8-ExceptionsSmoke.spec.ts","",""
"","4109","Notification Templates sub-page loads correctly","chromium","Mon Sep 28 10:26:44 UTC 2026","passed","Mon Sep 28 10:26:48 UTC 2026","Application Navigation Smoke Tests","specs\Smoke\2-NavigationSmoke.spec.ts","",""
"","4686","Validate Login functionality with emptyFields","chromium","Mon Sep 28 10:25:42 UTC 2026","passed","Mon Sep 28 10:25:47 UTC 2026","","specs\Smoke\1-LoginSmoke.spec.ts","",""
"","12594","Save a filter preset, verify it is auto-selected, then delete it","msedge","Mon Sep 28 10:17:49 UTC 2026","passed","Mon Sep 28 10:18:01 UTC 2026","ACH — Smoke","specs\Smoke\7-ACHSmoke.spec.ts","",""
"","4042","Validate unauthenticated access to protected route is redirected to login","msedge","Mon Sep 28 10:13:22 UTC 2026","passed","Mon Sep 28 10:13:26 UTC 2026","","specs\Smoke\1-LoginSmoke.spec.ts","",""
"","4632","Validate Login functionality with incorrectUsername","msedge","Mon Sep 28 10:12:24 UTC 2026","passed","Mon Sep 28 10:12:28 UTC 2026","","specs\Smoke\1-LoginSmoke.spec.ts","",""
"","11970","Business Clients sub-page loads correctly","firefox","Mon Sep 28 10:11:57 UTC 2026","passed","Mon Sep 28 10:12:09 UTC 2026","Application Navigation Smoke Tests","specs\Smoke\2-NavigationSmoke.spec.ts","",""
"","5246","Pay/Return decision badge navigates to exception history","chromium","Mon Sep 28 10:31:33 UTC 2026","passed","Mon Sep 28 10:31:38 UTC 2026","Presented Checks — Smoke (Continued)","specs\Smoke\5-PresentedChecksSmoke.spec.ts","",""
"","19285","Default filter auto-applies after logout and re-login","chromium","Mon Sep 28 10:32:02 UTC 2026","passed","Mon Sep 28 10:32:21 UTC 2026","ACH — Smoke","specs\Smoke\7-ACHSmoke.spec.ts","",""
"","6461","Teller page loads correctly","webkit","Mon Sep 28 10:11:02 UTC 2026","passed","Mon Sep 28 10:11:08 UTC 2026","Application Navigation Smoke Tests","specs\Smoke\2-NavigationSmoke.spec.ts","",""
"","4986","API link is visible and points to swagger","msedge","Mon Sep 28 10:14:18 UTC 2026","passed","Mon Sep 28 10:14:23 UTC 2026","Application Navigation Smoke Tests","specs\Smoke\2-NavigationSmoke.spec.ts","",""
"","16650","Verify tab-specific charts are hidden for opposite tab","webkit","Mon Sep 28 10:15:17 UTC 2026","passed","Mon Sep 28 10:15:34 UTC 2026","Home Dashboard","specs\Smoke\3-HomeDashboardSmoke.spec.ts","",""
"","3521","Validate forgot password with unregistered email","chromium","Mon Sep 28 10:26:18 UTC 2026","passed","Mon Sep 28 10:26:22 UTC 2026","","specs\Smoke\1-LoginSmoke.spec.ts","",""
"","4762","Automatic Check Decision Rules sub-page loads correctly","msedge","Mon Sep 28 10:13:37 UTC 2026","passed","Mon Sep 28 10:13:41 UTC 2026","Application Navigation Smoke Tests","specs\Smoke\2-NavigationSmoke.spec.ts","",""
"","4674","Presented Checks breadcrumb link is visible on the page","msedge","Mon Sep 28 10:17:21 UTC 2026","passed","Mon Sep 28 10:17:26 UTC 2026","Presented Checks — Smoke (Continued)","specs\Smoke\5-PresentedChecksSmoke.spec.ts","",""
"","10389","Exception History grid loads with data rows and key column headers","webkit","Mon Sep 28 10:21:51 UTC 2026","passed","Mon Sep 28 10:22:02 UTC 2026","Exceptions — Smoke > Exception History > Grid","specs\Smoke\8-ExceptionsSmoke.spec.ts","",""
"","6282","Search box filters grid and clears correctly","msedge","Mon Sep 28 10:14:51 UTC 2026","passed","Mon Sep 28 10:14:57 UTC 2026","Issued Checks — Smoke","specs\Smoke\4-IssuedChecksSmoke.spec.ts","",""
"","9927","Validate forgot password functionality with No email","webkit","Mon Sep 28 10:12:20 UTC 2026","passed","Mon Sep 28 10:12:30 UTC 2026","","specs\Smoke\1-LoginSmoke.spec.ts","",""
"","5273","""Delete"" on a row shows a confirm modal; Cancel dismisses it without deleting","msedge","Mon Sep 28 10:18:21 UTC 2026","passed","Mon Sep 28 10:18:27 UTC 2026","ACH — Smoke","specs\Smoke\7-ACHSmoke.spec.ts","",""
"","6227","""Uploaded Checks"" navigates to the uploads page","msedge","Mon Sep 28 10:14:45 UTC 2026","passed","Mon Sep 28 10:14:51 UTC 2026","Issued Checks — Smoke","specs\Smoke\4-IssuedChecksSmoke.spec.ts","",""
"","6805","Previous page button returns to page 1, First page button re-enables disabled state","chromium","Mon Sep 28 10:30:17 UTC 2026","passed","Mon Sep 28 10:30:24 UTC 2026","Presented Checks — Smoke","specs\Smoke\5-PresentedChecksSmoke.spec.ts","",""
"","7239","Column filter popup applies a filter and Clear restores the full row set","msedge","Mon Sep 28 10:16:52 UTC 2026","passed","Mon Sep 28 10:16:59 UTC 2026","Presented Checks — Smoke (Continued)","specs\Smoke\5-PresentedChecksSmoke.spec.ts","",""
"","13065","Save a filter preset, verify it is auto-selected, then delete it","msedge","Mon Sep 28 10:18:27 UTC 2026","passed","Mon Sep 28 10:18:40 UTC 2026","Exceptions — Smoke > Exception History > Saved Filters","specs\Smoke\8-ExceptionsSmoke.spec.ts","",""
"","6862","Clicking a column header sorts ascending, clicking again sorts descending","chromium","Mon Sep 28 10:31:00 UTC 2026","passed","Mon Sep 28 10:31:07 UTC 2026","Presented Checks — Smoke (Continued)","specs\Smoke\5-PresentedChecksSmoke.spec.ts","",""
"","4176","Validate Login functionality with invalidEmailFormat","chromium","Mon Sep 28 10:25:38 UTC 2026","passed","Mon Sep 28 10:25:42 UTC 2026","","specs\Smoke\1-LoginSmoke.spec.ts","",""
"","9685","Verify navigation to Settings via nav menu","firefox","Mon Sep 28 10:17:13 UTC 2026","passed","Mon Sep 28 10:17:23 UTC 2026","Home Dashboard","specs\Smoke\3-HomeDashboardSmoke.spec.ts","",""
"","13887","Pay/Return decision badge navigates to exception history","msedge","Mon Sep 28 10:18:27 UTC 2026","passed","Mon Sep 28 10:18:40 UTC 2026","ACH — Smoke","specs\Smoke\7-ACHSmoke.spec.ts","",""
"","3958","Excel export button is visible and enabled","msedge","Mon Sep 28 10:17:45 UTC 2026","passed","Mon Sep 28 10:17:49 UTC 2026","Exceptions — Smoke > Exception History > Toolbar","specs\Smoke\8-ExceptionsSmoke.spec.ts","",""
"","7214","Next page arrow advances to page 2","msedge","Mon Sep 28 10:16:02 UTC 2026","passed","Mon Sep 28 10:16:09 UTC 2026","Presented Checks — Smoke","specs\Smoke\5-PresentedChecksSmoke.spec.ts","",""
"","7285","Verify Check Only tab shows Check-specific chart sections","chromium","Mon Sep 28 10:27:16 UTC 2026","passed","Mon Sep 28 10:27:23 UTC 2026","Home Dashboard","specs\Smoke\3-HomeDashboardSmoke.spec.ts","",""
"","10546","Decision badge on an already-reviewed row is blocked with a system message","webkit","Mon Sep 28 10:24:50 UTC 2026","passed","Mon Sep 28 10:25:00 UTC 2026","Exceptions — Smoke > Exception History > Row Actions","specs\Smoke\8-ExceptionsSmoke.spec.ts","",""
"","14433","Previous page button returns to page 1, First page button re-enables disabled state","firefox","Mon Sep 28 10:19:53 UTC 2026","passed","Mon Sep 28 10:20:07 UTC 2026","Presented Checks — Smoke","specs\Smoke\5-PresentedChecksSmoke.spec.ts","",""
"","4473","Validate Login functionality with missingPassword","msedge","Mon Sep 28 10:12:37 UTC 2026","passed","Mon Sep 28 10:12:42 UTC 2026","","specs\Smoke\1-LoginSmoke.spec.ts","",""
"","20356","Check Approval Rules sub-page loads correctly","firefox","Mon Sep 28 10:13:46 UTC 2026","passed","Mon Sep 28 10:14:06 UTC 2026","Application Navigation Smoke Tests","specs\Smoke\2-NavigationSmoke.spec.ts","",""
"","9823","""Edit"" link on a row navigates to the check edit form","webkit","Mon Sep 28 10:20:59 UTC 2026","passed","Mon Sep 28 10:21:08 UTC 2026","Presented Checks — Smoke (Continued)","specs\Smoke\5-PresentedChecksSmoke.spec.ts","",""
"","11122","Default filter auto-applies after logout and re-login","firefox","Mon Sep 28 10:20:20 UTC 2026","skipped","Mon Sep 28 10:20:31 UTC 2026","Presented Checks — Default Filter (Serial)","specs\Smoke\5-PresentedChecksSmoke.spec.ts","",""
"","13431","""Edit"" link on a row navigates to the check edit form","firefox","Mon Sep 28 10:21:23 UTC 2026","passed","Mon Sep 28 10:21:36 UTC 2026","Presented Checks — Smoke (Continued)","specs\Smoke\5-PresentedChecksSmoke.spec.ts","",""
"","12912","Column filter menu applies a filter and Clear restores the full row set","firefox","Mon Sep 28 10:25:36 UTC 2026","passed","Mon Sep 28 10:25:49 UTC 2026","Exceptions — Smoke > Exception History > Column Filter","specs\Smoke\8-ExceptionsSmoke.spec.ts","",""
"","12399","Typing a page number navigates to that page","webkit","Mon Sep 28 10:16:54 UTC 2026","passed","Mon Sep 28 10:17:06 UTC 2026","Issued Checks — Smoke","specs\Smoke\4-IssuedChecksSmoke.spec.ts","",""
"","5678","Saved Filters dropdown is visible and defaults to no preset","chromium","Mon Sep 28 10:29:15 UTC 2026","passed","Mon Sep 28 10:29:20 UTC 2026","Issued Checks — Smoke","specs\Smoke\4-IssuedChecksSmoke.spec.ts","",""
"","18363","Verify Combined View shows all chart sections","firefox","Mon Sep 28 10:13:15 UTC 2026","passed","Mon Sep 28 10:13:34 UTC 2026","Home Dashboard","specs\Smoke\3-HomeDashboardSmoke.spec.ts","",""
"","9890","Verify navigation to Settings via nav menu","webkit","Mon Sep 28 10:17:26 UTC 2026","passed","Mon Sep 28 10:17:36 UTC 2026","Home Dashboard","specs\Smoke\3-HomeDashboardSmoke.spec.ts","",""
"","8680","Verify tab-specific charts are hidden for opposite tab","chromium","Mon Sep 28 10:27:49 UTC 2026","passed","Mon Sep 28 10:27:58 UTC 2026","Home Dashboard","specs\Smoke\3-HomeDashboardSmoke.spec.ts","",""
"","4340","Validate Login functionality with veryLongInput","chromium","Mon Sep 28 10:26:05 UTC 2026","passed","Mon Sep 28 10:26:09 UTC 2026","","specs\Smoke\1-LoginSmoke.spec.ts","",""
"","12528","Page size change to 10 updates pagination info in bottom-right pager","firefox","Mon Sep 28 10:22:16 UTC 2026","passed","Mon Sep 28 10:22:29 UTC 2026","ACH — Smoke","specs\Smoke\7-ACHSmoke.spec.ts","",""
"","6447","Validate Login functionality with caseSensitiveEmail","msedge","Mon Sep 28 10:12:13 UTC 2026","passed","Mon Sep 28 10:12:19 UTC 2026","","specs\Smoke\1-LoginSmoke.spec.ts","",""
"","5091","Validate forgot password functionality with No email","msedge","Mon Sep 28 10:13:05 UTC 2026","passed","Mon Sep 28 10:13:10 UTC 2026","","specs\Smoke\1-LoginSmoke.spec.ts","",""
"","6452","""View"" (Change Log) link on a row navigates to the entity log","chromium","Mon Sep 28 10:32:43 UTC 2026","passed","Mon Sep 28 10:32:49 UTC 2026","ACH — Smoke","specs\Smoke\7-ACHSmoke.spec.ts","",""
"","4833","Validate Login functionality with veryLongInput","msedge","Mon Sep 28 10:12:55 UTC 2026","passed","Mon Sep 28 10:13:00 UTC 2026","","specs\Smoke\1-LoginSmoke.spec.ts","",""
"","5092","Open Exceptions page loads with either exception cards or the empty-state message","msedge","Mon Sep 28 10:19:11 UTC 2026","passed","Mon Sep 28 10:19:16 UTC 2026","Exceptions — Smoke > Open Exceptions","specs\Smoke\8-ExceptionsSmoke.spec.ts","",""
"","5769","Decision badge on an already-reviewed row is blocked with a system message","chromium","Mon Sep 28 10:33:44 UTC 2026","passed","Mon Sep 28 10:33:50 UTC 2026","Exceptions — Smoke > Exception History > Row Actions","specs\Smoke\8-ExceptionsSmoke.spec.ts","",""
"","6049","Excel export button is visible and enabled","chromium","Mon Sep 28 10:29:45 UTC 2026","passed","Mon Sep 28 10:29:51 UTC 2026","Presented Checks — Smoke","specs\Smoke\5-PresentedChecksSmoke.spec.ts","",""
"","10894","Verify summary KPI values have expected number formats","webkit","Mon Sep 28 10:15:44 UTC 2026","passed","Mon Sep 28 10:15:55 UTC 2026","Home Dashboard","specs\Smoke\3-HomeDashboardSmoke.spec.ts","",""
"","5146","""Uploaded Checks"" navigates to the uploads page","chromium","Mon Sep 28 10:29:33 UTC 2026","passed","Mon Sep 28 10:29:38 UTC 2026","Presented Checks — Smoke","specs\Smoke\5-PresentedChecksSmoke.spec.ts","",""
"","16804","Search box filters grid and clears correctly","firefox","Mon Sep 28 10:18:19 UTC 2026","passed","Mon Sep 28 10:18:36 UTC 2026","Presented Checks — Smoke","specs\Smoke\5-PresentedChecksSmoke.spec.ts","",""
"","712","Default filter auto-applies after logout and re-login","msedge","Mon Sep 28 10:18:40 UTC 2026","skipped","Mon Sep 28 10:18:41 UTC 2026","Exceptions — Smoke > Exception History > Saved Filters > Default Filter","specs\Smoke\8-ExceptionsSmoke.spec.ts","",""
"","4395","Presented Checks page loads correctly","msedge","Mon Sep 28 10:12:23 UTC 2026","passed","Mon Sep 28 10:12:28 UTC 2026","Application Navigation Smoke Tests","specs\Smoke\2-NavigationSmoke.spec.ts","",""
"","4415","Account Settings sub-page loads correctly","chromium","Mon Sep 28 10:25:56 UTC 2026","passed","Mon Sep 28 10:26:01 UTC 2026","Application Navigation Smoke Tests","specs\Smoke\2-NavigationSmoke.spec.ts","",""
"","11999","Last page arrow jumps to the final page","webkit","Mon Sep 28 10:23:00 UTC 2026","passed","Mon Sep 28 10:23:12 UTC 2026","Exceptions — Smoke > Exception History > Pagination","specs\Smoke\8-ExceptionsSmoke.spec.ts","",""
"","10243","Verify Total Exceptions and Total Exception Amount labels are visible","webkit","Mon Sep 28 10:15:34 UTC 2026","passed","Mon Sep 28 10:15:44 UTC 2026","Home Dashboard","specs\Smoke\3-HomeDashboardSmoke.spec.ts","",""
"","8370","Validate Login functionality with xssInUsername","webkit","Mon Sep 28 10:11:54 UTC 2026","passed","Mon Sep 28 10:12:02 UTC 2026","","specs\Smoke\1-LoginSmoke.spec.ts","",""
"","6651","Verify navigation to Settings via nav menu","chromium","Mon Sep 28 10:29:08 UTC 2026","passed","Mon Sep 28 10:29:14 UTC 2026","Home Dashboard","specs\Smoke\3-HomeDashboardSmoke.spec.ts","",""
"","10804","Web Hooks sub-page loads correctly","firefox","Mon Sep 28 10:15:43 UTC 2026","passed","Mon Sep 28 10:15:54 UTC 2026","Application Navigation Smoke Tests","specs\Smoke\2-NavigationSmoke.spec.ts","",""
"","7388","Verify profile menu shows My Info and Logout links","chromium","Mon Sep 28 10:28:28 UTC 2026","passed","Mon Sep 28 10:28:36 UTC 2026","Home Dashboard","specs\Smoke\3-HomeDashboardSmoke.spec.ts","",""
"","5307","Presented Checks breadcrumb link is visible on the page","chromium","Mon Sep 28 10:31:38 UTC 2026","passed","Mon Sep 28 10:31:44 UTC 2026","Presented Checks — Smoke (Continued)","specs\Smoke\5-PresentedChecksSmoke.spec.ts","",""
"","17249","Previous page button returns to page 1, First page button re-enables disabled state","webkit","Mon Sep 28 10:17:06 UTC 2026","passed","Mon Sep 28 10:17:23 UTC 2026","Issued Checks — Smoke","specs\Smoke\4-IssuedChecksSmoke.spec.ts","",""
"","4727","Check Approval Rules sub-page loads correctly","msedge","Mon Sep 28 10:13:41 UTC 2026","passed","Mon Sep 28 10:13:46 UTC 2026","Application Navigation Smoke Tests","specs\Smoke\2-NavigationSmoke.spec.ts","",""
"","9395","Billing Reports sub-page loads correctly","chromium","Mon Sep 28 10:26:20 UTC 2026","passed","Mon Sep 28 10:26:29 UTC 2026","Application Navigation Smoke Tests","specs\Smoke\2-NavigationSmoke.spec.ts","",""
"","14570","Excel export button is visible and enabled","firefox","Mon Sep 28 10:17:07 UTC 2026","passed","Mon Sep 28 10:17:22 UTC 2026","Issued Checks — Smoke","specs\Smoke\4-IssuedChecksSmoke.spec.ts","",""
"","11414","""View"" link on a row opens the Exception Details dialog","webkit","Mon Sep 28 10:24:38 UTC 2026","passed","Mon Sep 28 10:24:49 UTC 2026","Exceptions — Smoke > Exception History > Row Actions","specs\Smoke\8-ExceptionsSmoke.spec.ts","",""
"","7630","Verify ACH Only tab shows ACH-specific chart sections","chromium","Mon Sep 28 10:27:23 UTC 2026","passed","Mon Sep 28 10:27:31 UTC 2026","Home Dashboard","specs\Smoke\3-HomeDashboardSmoke.spec.ts","",""
"","9650","Automatic Check Decision Rules sub-page loads correctly","firefox","Mon Sep 28 10:13:36 UTC 2026","passed","Mon Sep 28 10:13:46 UTC 2026","Application Navigation Smoke Tests","specs\Smoke\2-NavigationSmoke.spec.ts","",""
"","5580","""View"" link on a row opens the Exception Details dialog","chromium","Mon Sep 28 10:33:38 UTC 2026","passed","Mon Sep 28 10:33:44 UTC 2026","Exceptions — Smoke > Exception History > Row Actions","specs\Smoke\8-ExceptionsSmoke.spec.ts","",""
"","13896","Pay/Return decision badge navigates to exception history","chromium","Mon Sep 28 10:32:56 UTC 2026","passed","Mon Sep 28 10:33:10 UTC 2026","ACH — Smoke","specs\Smoke\7-ACHSmoke.spec.ts","",""
"","8082","Exception History grid loads with data rows and key column headers","chromium","Mon Sep 28 10:31:44 UTC 2026","passed","Mon Sep 28 10:31:52 UTC 2026","Exceptions — Smoke > Exception History > Grid","specs\Smoke\8-ExceptionsSmoke.spec.ts","",""
"","12171","Verify navigation to Presented Checks via nav menu","firefox","Mon Sep 28 10:16:40 UTC 2026","passed","Mon Sep 28 10:16:52 UTC 2026","Home Dashboard","specs\Smoke\3-HomeDashboardSmoke.spec.ts","",""
"","5213","Last page arrow jumps to the final page","msedge","Mon Sep 28 10:18:02 UTC 2026","passed","Mon Sep 28 10:18:07 UTC 2026","Exceptions — Smoke > Exception History > Pagination","specs\Smoke\8-ExceptionsSmoke.spec.ts","",""
"","10229","Column filter menu applies a filter and Clear restores the full row set","webkit","Mon Sep 28 10:24:28 UTC 2026","passed","Mon Sep 28 10:24:38 UTC 2026","Exceptions — Smoke > Exception History > Column Filter","specs\Smoke\8-ExceptionsSmoke.spec.ts","",""
"","7761","Next page arrow advances to page 2","chromium","Mon Sep 28 10:29:59 UTC 2026","passed","Mon Sep 28 10:30:06 UTC 2026","Presented Checks — Smoke","specs\Smoke\5-PresentedChecksSmoke.spec.ts","",""
"","13424","""+ Add ACH"" navigates to the add-ACH form","firefox","Mon Sep 28 10:21:25 UTC 2026","passed","Mon Sep 28 10:21:38 UTC 2026","ACH — Smoke","specs\Smoke\7-ACHSmoke.spec.ts","",""
"","16540","""Uploaded Checks"" navigates to the uploads page","webkit","Mon Sep 28 10:18:14 UTC 2026","passed","Mon Sep 28 10:18:31 UTC 2026","Presented Checks — Smoke","specs\Smoke\5-PresentedChecksSmoke.spec.ts","",""
"","12698","Next page arrow advances to page 2","webkit","Mon Sep 28 10:16:30 UTC 2026","passed","Mon Sep 28 10:16:43 UTC 2026","Issued Checks — Smoke","specs\Smoke\4-IssuedChecksSmoke.spec.ts","",""
"","11049","""+ Add ACH"" navigates to the add-ACH form","webkit","Mon Sep 28 10:20:09 UTC 2026","passed","Mon Sep 28 10:20:20 UTC 2026","ACH — Smoke","specs\Smoke\7-ACHSmoke.spec.ts","",""
"","10396","Saved Filters dropdown is visible and defaults to no preset","webkit","Mon Sep 28 10:17:23 UTC 2026","passed","Mon Sep 28 10:17:34 UTC 2026","Issued Checks — Smoke","specs\Smoke\4-IssuedChecksSmoke.spec.ts","",""
"","4678","Typing a page number navigates to that page","msedge","Mon Sep 28 10:15:18 UTC 2026","passed","Mon Sep 28 10:15:23 UTC 2026","Issued Checks — Smoke","specs\Smoke\4-IssuedChecksSmoke.spec.ts","",""
"","5773","Typing a page number navigates to that page","msedge","Mon Sep 28 10:16:14 UTC 2026","passed","Mon Sep 28 10:16:20 UTC 2026","Presented Checks — Smoke","specs\Smoke\5-PresentedChecksSmoke.spec.ts","",""
"","3463","Approvals page loads with either records or the empty-state message","msedge","Mon Sep 28 10:19:21 UTC 2026","passed","Mon Sep 28 10:19:24 UTC 2026","Exceptions — Smoke > Approvals","specs\Smoke\8-ExceptionsSmoke.spec.ts","",""
"","5737","Verify navigation to Exceptions via nav menu","msedge","Mon Sep 28 10:15:08 UTC 2026","passed","Mon Sep 28 10:15:13 UTC 2026","Home Dashboard","specs\Smoke\3-HomeDashboardSmoke.spec.ts","",""
"","4017","Teller page loads correctly","msedge","Mon Sep 28 10:12:28 UTC 2026","passed","Mon Sep 28 10:12:32 UTC 2026","Application Navigation Smoke Tests","specs\Smoke\2-NavigationSmoke.spec.ts","",""
"","7065","Previous page button returns to page 1, First page button re-enables disabled state","msedge","Mon Sep 28 10:18:14 UTC 2026","passed","Mon Sep 28 10:18:21 UTC 2026","Exceptions — Smoke > Exception History > Pagination","specs\Smoke\8-ExceptionsSmoke.spec.ts","",""
"","16450","ACH breadcrumb link is visible on the page","firefox","Mon Sep 28 10:25:31 UTC 2026","passed","Mon Sep 28 10:25:48 UTC 2026","ACH — Smoke","specs\Smoke\7-ACHSmoke.spec.ts","",""
"","8968","Home page is accessible and shows dashboard","webkit","Mon Sep 28 10:10:23 UTC 2026","passed","Mon Sep 28 10:10:32 UTC 2026","Application Navigation Smoke Tests","specs\Smoke\2-NavigationSmoke.spec.ts","",""
"","12081","Verify navigation to ACH via nav menu","firefox","Mon Sep 28 10:16:52 UTC 2026","passed","Mon Sep 28 10:17:04 UTC 2026","Home Dashboard","specs\Smoke\3-HomeDashboardSmoke.spec.ts","",""
"","4977","""Edit"" link on a row navigates to the check edit form","msedge","Mon Sep 28 10:16:03 UTC 2026","passed","Mon Sep 28 10:16:08 UTC 2026","Issued Checks — Smoke (Continued)","specs\Smoke\4-IssuedChecksSmoke.spec.ts","",""
"","5193","""+ Add Check"" navigates to the add-check form","msedge","Mon Sep 28 10:15:32 UTC 2026","passed","Mon Sep 28 10:15:37 UTC 2026","Presented Checks — Smoke","specs\Smoke\5-PresentedChecksSmoke.spec.ts","",""
"","10400","Last page arrow jumps to the final page","webkit","Mon Sep 28 10:16:43 UTC 2026","passed","Mon Sep 28 10:16:54 UTC 2026","Issued Checks — Smoke","specs\Smoke\4-IssuedChecksSmoke.spec.ts","",""
"","7871","Verify dashboard footer footnote and privacy link are visible","chromium","Mon Sep 28 10:28:21 UTC 2026","passed","Mon Sep 28 10:28:28 UTC 2026","Home Dashboard","specs\Smoke\3-HomeDashboardSmoke.spec.ts","",""
"","6101","Search box filters grid and clears correctly","chromium","Mon Sep 28 10:29:38 UTC 2026","passed","Mon Sep 28 10:29:45 UTC 2026","Presented Checks — Smoke","specs\Smoke\5-PresentedChecksSmoke.spec.ts","",""
"","7645","Decision Files sub-page loads correctly","webkit","Mon Sep 28 10:12:22 UTC 2026","passed","Mon Sep 28 10:12:30 UTC 2026","Application Navigation Smoke Tests","specs\Smoke\2-NavigationSmoke.spec.ts","",""
"","12977","Validate teller presented-check form shows all required fields","firefox","Mon Sep 28 10:20:32 UTC 2026","passed","Mon Sep 28 10:20:45 UTC 2026","Teller - Smoke","specs\Smoke\6-TellerSmoke.spec.ts","",""
"","10240","Validate Login functionality with correctCredentials","msedge","Mon Sep 28 10:12:02 UTC 2026","passed","Mon Sep 28 10:12:12 UTC 2026","","specs\Smoke\1-LoginSmoke.spec.ts","",""
"","10503","Previous page button returns to page 1, First page button re-enables disabled state","firefox","Mon Sep 28 10:18:13 UTC 2026","passed","Mon Sep 28 10:18:23 UTC 2026","Issued Checks — Smoke","specs\Smoke\4-IssuedChecksSmoke.spec.ts","",""
"","18229","Previous page button returns to page 1, First page button re-enables disabled state","webkit","Mon Sep 28 10:23:25 UTC 2026","passed","Mon Sep 28 10:23:43 UTC 2026","Exceptions — Smoke > Exception History > Pagination","specs\Smoke\8-ExceptionsSmoke.spec.ts","",""
"","6341","Verify tab-specific charts are hidden for opposite tab","msedge","Mon Sep 28 10:14:12 UTC 2026","passed","Mon Sep 28 10:14:18 UTC 2026","Home Dashboard","specs\Smoke\3-HomeDashboardSmoke.spec.ts","",""
"","8652","Validate unauthenticated access to protected route is redirected to login","webkit","Mon Sep 28 10:12:54 UTC 2026","passed","Mon Sep 28 10:13:03 UTC 2026","","specs\Smoke\1-LoginSmoke.spec.ts","",""
"","11319","Issued Checks breadcrumb link is visible on the page","firefox","Mon Sep 28 10:20:20 UTC 2026","passed","Mon Sep 28 10:20:31 UTC 2026","Issued Checks — Smoke (Continued)","specs\Smoke\4-IssuedChecksSmoke.spec.ts","",""
"","17671","Search box filters grid and clears correctly","firefox","Mon Sep 28 10:22:51 UTC 2026","passed","Mon Sep 28 10:23:09 UTC 2026","Exceptions — Smoke > Exception History > Toolbar","specs\Smoke\8-ExceptionsSmoke.spec.ts","",""
"","5430","Verify Combined View shows all chart sections","msedge","Mon Sep 28 10:13:41 UTC 2026","passed","Mon Sep 28 10:13:46 UTC 2026","Home Dashboard","specs\Smoke\3-HomeDashboardSmoke.spec.ts","",""
"","8057","Users sub-page loads correctly","webkit","Mon Sep 28 10:11:50 UTC 2026","passed","Mon Sep 28 10:11:58 UTC 2026","Application Navigation Smoke Tests","specs\Smoke\2-NavigationSmoke.spec.ts","",""
"","2512","Pre-Decisions page loads with either records or the empty-state message","msedge","Mon Sep 28 10:19:24 UTC 2026","passed","Mon Sep 28 10:19:27 UTC 2026","Exceptions — Smoke > Pre-Decisions","specs\Smoke\8-ExceptionsSmoke.spec.ts","",""
"","10357","Excel export button is visible and enabled","webkit","Mon Sep 28 10:22:26 UTC 2026","passed","Mon Sep 28 10:22:36 UTC 2026","Exceptions — Smoke > Exception History > Toolbar","specs\Smoke\8-ExceptionsSmoke.spec.ts","",""
"","10578","Presented Checks breadcrumb link is visible on the page","firefox","Mon Sep 28 10:22:16 UTC 2026","passed","Mon Sep 28 10:22:27 UTC 2026","Presented Checks — Smoke (Continued)","specs\Smoke\5-PresentedChecksSmoke.spec.ts","",""
"","13191","Verify ACH Only tab shows ACH-specific chart sections","firefox","Mon Sep 28 10:13:45 UTC 2026","passed","Mon Sep 28 10:13:59 UTC 2026","Home Dashboard","specs\Smoke\3-HomeDashboardSmoke.spec.ts","",""
"","11997","""Uploaded Checks"" navigates to the uploads page","firefox","Mon Sep 28 10:16:40 UTC 2026","passed","Mon Sep 28 10:16:52 UTC 2026","Issued Checks — Smoke","specs\Smoke\4-IssuedChecksSmoke.spec.ts","",""
"","4877","Issued Checks page loads correctly","msedge","Mon Sep 28 10:12:19 UTC 2026","passed","Mon Sep 28 10:12:23 UTC 2026","Application Navigation Smoke Tests","specs\Smoke\2-NavigationSmoke.spec.ts","",""
"","18257","Previous page button returns to page 1, First page button re-enables disabled state","webkit","Mon Sep 28 10:21:42 UTC 2026","passed","Mon Sep 28 10:22:01 UTC 2026","ACH — Smoke","specs\Smoke\7-ACHSmoke.spec.ts","",""
"","10704","""Edit"" link on a row navigates to the check edit form","firefox","Mon Sep 28 10:19:42 UTC 2026","passed","Mon Sep 28 10:19:52 UTC 2026","Issued Checks — Smoke (Continued)","specs\Smoke\4-IssuedChecksSmoke.spec.ts","",""
"","5881","Validate Login functionality with incorrectPassword","firefox","Mon Sep 28 10:10:51 UTC 2026","passed","Mon Sep 28 10:10:57 UTC 2026","","specs\Smoke\1-LoginSmoke.spec.ts","",""
"","6189","Verify navigation to ACH via nav menu","chromium","Mon Sep 28 10:28:56 UTC 2026","passed","Mon Sep 28 10:29:02 UTC 2026","Home Dashboard","specs\Smoke\3-HomeDashboardSmoke.spec.ts","",""
"","4278","Teller page loads correctly","chromium","Mon Sep 28 10:25:38 UTC 2026","passed","Mon Sep 28 10:25:43 UTC 2026","Application Navigation Smoke Tests","specs\Smoke\2-NavigationSmoke.spec.ts","",""
"","5209","Typing a page number navigates to that page","msedge","Mon Sep 28 10:17:27 UTC 2026","passed","Mon Sep 28 10:17:32 UTC 2026","ACH — Smoke","specs\Smoke\7-ACHSmoke.spec.ts","",""
"","4896","""Edit"" link on a row navigates to the check edit form","chromium","Mon Sep 28 10:31:16 UTC 2026","passed","Mon Sep 28 10:31:21 UTC 2026","Presented Checks — Smoke (Continued)","specs\Smoke\5-PresentedChecksSmoke.spec.ts","",""
"","5035","Verify dashboard loads after successful login","msedge","Mon Sep 28 10:13:26 UTC 2026","passed","Mon Sep 28 10:13:31 UTC 2026","Home Dashboard","specs\Smoke\3-HomeDashboardSmoke.spec.ts","",""
"","5464","Open Exceptions page loads with either exception cards or the empty-state message","firefox","Mon Sep 28 10:26:23 UTC 2026","passed","Mon Sep 28 10:26:28 UTC 2026","Exceptions — Smoke > Open Exceptions","specs\Smoke\8-ExceptionsSmoke.spec.ts","",""
"","4926","Last page arrow jumps to the final page","msedge","Mon Sep 28 10:16:09 UTC 2026","passed","Mon Sep 28 10:16:14 UTC 2026","Presented Checks — Smoke","specs\Smoke\5-PresentedChecksSmoke.spec.ts","",""
"","4756","Page size change to 10 updates pagination info in bottom-right pager","msedge","Mon Sep 28 10:17:11 UTC 2026","passed","Mon Sep 28 10:17:15 UTC 2026","ACH — Smoke","specs\Smoke\7-ACHSmoke.spec.ts","",""
"","9707","""View"" (Change Log) link on a row navigates to the entity log","webkit","Mon Sep 28 10:21:08 UTC 2026","passed","Mon Sep 28 10:21:18 UTC 2026","Presented Checks — Smoke (Continued)","specs\Smoke\5-PresentedChecksSmoke.spec.ts","",""
"","6139","Verify delayed data note and force refresh link are visible on dashboard","msedge","Mon Sep 28 10:14:28 UTC 2026","passed","Mon Sep 28 10:14:34 UTC 2026","Home Dashboard","specs\Smoke\3-HomeDashboardSmoke.spec.ts","",""
"","5449","Open Exceptions page loads with either exception cards or the empty-state message","chromium","Mon Sep 28 10:33:58 UTC 2026","passed","Mon Sep 28 10:34:04 UTC 2026","Exceptions — Smoke > Open Exceptions","specs\Smoke\8-ExceptionsSmoke.spec.ts","",""
"","5396","Pay/Return decision badge navigates to exception history","msedge","Mon Sep 28 10:17:16 UTC 2026","passed","Mon Sep 28 10:17:21 UTC 2026","Presented Checks — Smoke (Continued)","specs\Smoke\5-PresentedChecksSmoke.spec.ts","",""
"","12489","Search box filters grid and clears correctly","webkit","Mon Sep 28 10:22:13 UTC 2026","passed","Mon Sep 28 10:22:26 UTC 2026","Exceptions — Smoke > Exception History > Toolbar","specs\Smoke\8-ExceptionsSmoke.spec.ts","",""
"","7066","Verify summary KPI values have expected number formats","chromium","Mon Sep 28 10:28:05 UTC 2026","passed","Mon Sep 28 10:28:12 UTC 2026","Home Dashboard","specs\Smoke\3-HomeDashboardSmoke.spec.ts","",""
"","9531","Validate Login functionality with sqlInjection","webkit","Mon Sep 28 10:11:45 UTC 2026","passed","Mon Sep 28 10:11:54 UTC 2026","","specs\Smoke\1-LoginSmoke.spec.ts","",""
"","12191","""Delete"" on a row shows a confirm modal; Cancel dismisses it without deleting","webkit","Mon Sep 28 10:21:18 UTC 2026","passed","Mon Sep 28 10:21:30 UTC 2026","Presented Checks — Smoke (Continued)","specs\Smoke\5-PresentedChecksSmoke.spec.ts","",""
"","13463","Next page arrow advances to page 2","firefox","Mon Sep 28 10:17:33 UTC 2026","passed","Mon Sep 28 10:17:47 UTC 2026","Issued Checks — Smoke","specs\Smoke\4-IssuedChecksSmoke.spec.ts","",""
"","6429","""View"" (Change Log) link on a row navigates to the entity log","msedge","Mon Sep 28 10:18:15 UTC 2026","passed","Mon Sep 28 10:18:21 UTC 2026","ACH — Smoke","specs\Smoke\7-ACHSmoke.spec.ts","",""
"","7488","Column filter popup applies a filter and Clear restores the full row set","chromium","Mon Sep 28 10:29:58 UTC 2026","passed","Mon Sep 28 10:30:06 UTC 2026","Issued Checks — Smoke (Continued)","specs\Smoke\4-IssuedChecksSmoke.spec.ts","",""
"","19110","Grid loads with data rows and key column headers","firefox","Mon Sep 28 10:15:54 UTC 2026","passed","Mon Sep 28 10:16:13 UTC 2026","Issued Checks — Smoke","specs\Smoke\4-IssuedChecksSmoke.spec.ts","",""
"","8686","Automatic ACH Decision Rules sub-page loads correctly","firefox","Mon Sep 28 10:14:07 UTC 2026","passed","Mon Sep 28 10:14:15 UTC 2026","Application Navigation Smoke Tests","specs\Smoke\2-NavigationSmoke.spec.ts","",""
"","8923","Verify chart title changes with selected tab","chromium","Mon Sep 28 10:27:40 UTC 2026","passed","Mon Sep 28 10:27:49 UTC 2026","Home Dashboard","specs\Smoke\3-HomeDashboardSmoke.spec.ts","",""
"","11439","Page size change to 10 updates pagination info in bottom-right pager","firefox","Mon Sep 28 10:17:22 UTC 2026","passed","Mon Sep 28 10:17:33 UTC 2026","Issued Checks — Smoke","specs\Smoke\4-IssuedChecksSmoke.spec.ts","",""
"","5485","Verify navigation to Issued Checks via nav menu","chromium","Mon Sep 28 10:28:45 UTC 2026","passed","Mon Sep 28 10:28:50 UTC 2026","Home Dashboard","specs\Smoke\3-HomeDashboardSmoke.spec.ts","",""
"","16166","Last page arrow jumps to the final page","firefox","Mon Sep 28 10:19:22 UTC 2026","passed","Mon Sep 28 10:19:38 UTC 2026","Presented Checks — Smoke","specs\Smoke\5-PresentedChecksSmoke.spec.ts","",""
"","17802","API link is visible and points to swagger","webkit","Mon Sep 28 10:14:16 UTC 2026","passed","Mon Sep 28 10:14:34 UTC 2026","Application Navigation Smoke Tests","specs\Smoke\2-NavigationSmoke.spec.ts","",""
"","9057","Account Settings sub-page loads correctly","webkit","Mon Sep 28 10:11:32 UTC 2026","passed","Mon Sep 28 10:11:41 UTC 2026","Application Navigation Smoke Tests","specs\Smoke\2-NavigationSmoke.spec.ts","",""
"","6105","Next page arrow advances to page 2","msedge","Mon Sep 28 10:17:15 UTC 2026","passed","Mon Sep 28 10:17:22 UTC 2026","ACH — Smoke","specs\Smoke\7-ACHSmoke.spec.ts","",""
"","5708","Next page arrow advances to page 2","chromium","Mon Sep 28 10:31:32 UTC 2026","passed","Mon Sep 28 10:31:38 UTC 2026","ACH — Smoke","specs\Smoke\7-ACHSmoke.spec.ts","",""
"","9046","Previous page button returns to page 1, First page button re-enables disabled state","chromium","Mon Sep 28 10:32:41 UTC 2026","passed","Mon Sep 28 10:32:50 UTC 2026","Exceptions — Smoke > Exception History > Pagination","specs\Smoke\8-ExceptionsSmoke.spec.ts","",""
"","5508","Default filter auto-applies after logout and re-login","msedge","Mon Sep 28 10:16:30 UTC 2026","skipped","Mon Sep 28 10:16:36 UTC 2026","Presented Checks — Default Filter (Serial)","specs\Smoke\5-PresentedChecksSmoke.spec.ts","",""
"","14512","Typing a page number navigates to that page","firefox","Mon Sep 28 10:19:38 UTC 2026","passed","Mon Sep 28 10:19:53 UTC 2026","Presented Checks — Smoke","specs\Smoke\5-PresentedChecksSmoke.spec.ts","",""
"","8282","Home page is accessible and shows dashboard","firefox","Mon Sep 28 10:10:24 UTC 2026","passed","Mon Sep 28 10:10:32 UTC 2026","Application Navigation Smoke Tests","specs\Smoke\2-NavigationSmoke.spec.ts","",""
"","6646","Automatic Check Decision Rules sub-page loads correctly","webkit","Mon Sep 28 10:12:56 UTC 2026","passed","Mon Sep 28 10:13:02 UTC 2026","Application Navigation Smoke Tests","specs\Smoke\2-NavigationSmoke.spec.ts","",""
"","15541","Save a filter preset, verify it is auto-selected, then delete it","firefox","Mon Sep 28 10:18:56 UTC 2026","passed","Mon Sep 28 10:19:11 UTC 2026","Issued Checks — Smoke (Continued)","specs\Smoke\4-IssuedChecksSmoke.spec.ts","",""
"","12193","Validate Login functionality with veryLongInput","firefox","Mon Sep 28 10:11:43 UTC 2026","passed","Mon Sep 28 10:11:55 UTC 2026","","specs\Smoke\1-LoginSmoke.spec.ts","",""
"","11156","Last page arrow jumps to the final page","webkit","Mon Sep 28 10:21:18 UTC 2026","passed","Mon Sep 28 10:21:29 UTC 2026","ACH — Smoke","specs\Smoke\7-ACHSmoke.spec.ts","",""
"","10302","Validate Login functionality with correctCredentials","chromium","Mon Sep 28 10:25:13 UTC 2026","passed","Mon Sep 28 10:25:23 UTC 2026","","specs\Smoke\1-LoginSmoke.spec.ts","",""
"","4499","Automatic ACH Decision Rules sub-page loads correctly","msedge","Mon Sep 28 10:13:46 UTC 2026","passed","Mon Sep 28 10:13:51 UTC 2026","Application Navigation Smoke Tests","specs\Smoke\2-NavigationSmoke.spec.ts","",""
"","8852","Column filter popup applies a filter and Clear restores the full row set","chromium","Mon Sep 28 10:31:07 UTC 2026","passed","Mon Sep 28 10:31:16 UTC 2026","Presented Checks — Smoke (Continued)","specs\Smoke\5-PresentedChecksSmoke.spec.ts","",""
"","9415","Saved Filters dropdown is visible and defaults to no preset","webkit","Mon Sep 28 10:22:01 UTC 2026","passed","Mon Sep 28 10:22:10 UTC 2026","ACH — Smoke","specs\Smoke\7-ACHSmoke.spec.ts","",""
"","4307","Validate Login functionality with missingUsername","msedge","Mon Sep 28 10:12:42 UTC 2026","passed","Mon Sep 28 10:12:46 UTC 2026","","specs\Smoke\1-LoginSmoke.spec.ts","",""
"","11051","Page size change to 10 updates pagination info in bottom-right pager","webkit","Mon Sep 28 10:22:36 UTC 2026","passed","Mon Sep 28 10:22:47 UTC 2026","Exceptions — Smoke > Exception History > Pagination","specs\Smoke\8-ExceptionsSmoke.spec.ts","",""
"","7432","Verify dashboard loads after successful login","chromium","Mon Sep 28 10:26:37 UTC 2026","passed","Mon Sep 28 10:26:45 UTC 2026","Home Dashboard","specs\Smoke\3-HomeDashboardSmoke.spec.ts","",""
"","7693","Column filter popup applies a filter and Clear restores the full row set","msedge","Mon Sep 28 10:15:56 UTC 2026","passed","Mon Sep 28 10:16:03 UTC 2026","Issued Checks — Smoke (Continued)","specs\Smoke\4-IssuedChecksSmoke.spec.ts","",""
"","4718","Validate Login functionality with incorrectPassword","msedge","Mon Sep 28 10:12:19 UTC 2026","passed","Mon Sep 28 10:12:24 UTC 2026","","specs\Smoke\1-LoginSmoke.spec.ts","",""
"","8801","Exception History grid loads with data rows and key column headers","msedge","Mon Sep 28 10:17:26 UTC 2026","passed","Mon Sep 28 10:17:35 UTC 2026","Exceptions — Smoke > Exception History > Grid","specs\Smoke\8-ExceptionsSmoke.spec.ts","",""
"","9223","Excel export button is visible and enabled","webkit","Mon Sep 28 10:16:11 UTC 2026","passed","Mon Sep 28 10:16:20 UTC 2026","Issued Checks — Smoke","specs\Smoke\4-IssuedChecksSmoke.spec.ts","",""
"","20511","Default filter auto-applies after logout and re-login","chromium","Mon Sep 28 10:30:29 UTC 2026","passed","Mon Sep 28 10:30:49 UTC 2026","Presented Checks — Default Filter (Serial)","specs\Smoke\5-PresentedChecksSmoke.spec.ts","",""
"","19269","""Uploaded Checks"" navigates to the uploads page","firefox","Mon Sep 28 10:18:00 UTC 2026","passed","Mon Sep 28 10:18:19 UTC 2026","Presented Checks — Smoke","specs\Smoke\5-PresentedChecksSmoke.spec.ts","",""
"","12681","Verify Home dashboard is restored after returning from another page","firefox","Mon Sep 28 10:16:17 UTC 2026","passed","Mon Sep 28 10:16:30 UTC 2026","Home Dashboard","specs\Smoke\3-HomeDashboardSmoke.spec.ts","",""
"","25577","Save a filter preset, verify it is auto-selected, then delete it","webkit","Mon Sep 28 10:22:19 UTC 2026","passed","Mon Sep 28 10:22:44 UTC 2026","ACH — Smoke","specs\Smoke\7-ACHSmoke.spec.ts","",""
"","6355","Validate forgot password functionality with No email","firefox","Mon Sep 28 10:12:05 UTC 2026","passed","Mon Sep 28 10:12:11 UTC 2026","","specs\Smoke\1-LoginSmoke.spec.ts","",""
"","12014","Default filter auto-applies after logout and re-login","firefox","Mon Sep 28 10:23:37 UTC 2026","skipped","Mon Sep 28 10:23:50 UTC 2026","ACH — Smoke","specs\Smoke\7-ACHSmoke.spec.ts","",""
"","6745","Next page arrow advances to page 2","msedge","Mon Sep 28 10:17:55 UTC 2026","passed","Mon Sep 28 10:18:02 UTC 2026","Exceptions — Smoke > Exception History > Pagination","specs\Smoke\8-ExceptionsSmoke.spec.ts","",""
"","8907","""+ Add Check"" navigates to the add-check form","chromium","Mon Sep 28 10:28:12 UTC 2026","passed","Mon Sep 28 10:28:20 UTC 2026","Issued Checks — Smoke","specs\Smoke\4-IssuedChecksSmoke.spec.ts","",""
"","6845","""Delete"" on a row shows a confirm modal; Cancel dismisses it without deleting","chromium","Mon Sep 28 10:30:18 UTC 2026","passed","Mon Sep 28 10:30:24 UTC 2026","Issued Checks — Smoke (Continued)","specs\Smoke\4-IssuedChecksSmoke.spec.ts","",""
"","8115","Billing Reports sub-page loads correctly","webkit","Mon Sep 28 10:12:14 UTC 2026","passed","Mon Sep 28 10:12:22 UTC 2026","Application Navigation Smoke Tests","specs\Smoke\2-NavigationSmoke.spec.ts","",""
"","3967","Validate Login functionality with emptyFields","msedge","Mon Sep 28 10:12:33 UTC 2026","passed","Mon Sep 28 10:12:37 UTC 2026","","specs\Smoke\1-LoginSmoke.spec.ts","",""
"","5615","Navigation tabs to Pre-Decisions, Approvals, and Exception History are visible","webkit","Mon Sep 28 10:25:05 UTC 2026","passed","Mon Sep 28 10:25:11 UTC 2026","Exceptions — Smoke > Open Exceptions","specs\Smoke\8-ExceptionsSmoke.spec.ts","",""
"","5776","Page size change to 10 updates pagination info in bottom-right pager","msedge","Mon Sep 28 10:15:56 UTC 2026","passed","Mon Sep 28 10:16:02 UTC 2026","Presented Checks — Smoke","specs\Smoke\5-PresentedChecksSmoke.spec.ts","",""
"","5830","Saved Filters dropdown is visible and defaults to no preset","chromium","Mon Sep 28 10:32:50 UTC 2026","passed","Mon Sep 28 10:32:56 UTC 2026","Exceptions — Smoke > Exception History > Saved Filters","specs\Smoke\8-ExceptionsSmoke.spec.ts","",""
"","4640","Excel export button is visible and enabled","msedge","Mon Sep 28 10:17:06 UTC 2026","passed","Mon Sep 28 10:17:11 UTC 2026","ACH — Smoke","specs\Smoke\7-ACHSmoke.spec.ts","",""
"","7655","Previous page button returns to page 1, First page button re-enables disabled state","msedge","Mon Sep 28 10:15:23 UTC 2026","passed","Mon Sep 28 10:15:31 UTC 2026","Issued Checks — Smoke","specs\Smoke\4-IssuedChecksSmoke.spec.ts","",""
"","9360","System Log sub-page loads correctly","chromium","Mon Sep 28 10:27:25 UTC 2026","passed","Mon Sep 28 10:27:35 UTC 2026","Application Navigation Smoke Tests","specs\Smoke\2-NavigationSmoke.spec.ts","",""
"","9439","Save a filter preset, verify it is auto-selected, then delete it","msedge","Mon Sep 28 10:15:41 UTC 2026","passed","Mon Sep 28 10:15:50 UTC 2026","Issued Checks — Smoke (Continued)","specs\Smoke\4-IssuedChecksSmoke.spec.ts","",""
"","4824","Default Decision Log sub-page loads correctly","msedge","Mon Sep 28 10:14:03 UTC 2026","passed","Mon Sep 28 10:14:08 UTC 2026","Application Navigation Smoke Tests","specs\Smoke\2-NavigationSmoke.spec.ts","",""
"","7003","Notification Log sub-page loads correctly","chromium","Mon Sep 28 10:27:11 UTC 2026","passed","Mon Sep 28 10:27:18 UTC 2026","Application Navigation Smoke Tests","specs\Smoke\2-NavigationSmoke.spec.ts","",""
"","4979","""View"" (Change Log) link on a row navigates to the entity log","chromium","Mon Sep 28 10:30:13 UTC 2026","passed","Mon Sep 28 10:30:18 UTC 2026","Issued Checks — Smoke (Continued)","specs\Smoke\4-IssuedChecksSmoke.spec.ts","",""
"","14182","Verify delayed data note and force refresh link are visible on dashboard","webkit","Mon Sep 28 10:15:55 UTC 2026","passed","Mon Sep 28 10:16:09 UTC 2026","Home Dashboard","specs\Smoke\3-HomeDashboardSmoke.spec.ts","",""
"","5611","Verify navigation to Settings via nav menu","msedge","Mon Sep 28 10:15:13 UTC 2026","passed","Mon Sep 28 10:15:19 UTC 2026","Home Dashboard","specs\Smoke\3-HomeDashboardSmoke.spec.ts","",""
"","6338","Page size change to 10 updates pagination info in bottom-right pager","msedge","Mon Sep 28 10:17:49 UTC 2026","passed","Mon Sep 28 10:17:55 UTC 2026","Exceptions — Smoke > Exception History > Pagination","specs\Smoke\8-ExceptionsSmoke.spec.ts","",""
"","5418","Verify navigation to Presented Checks via nav menu","msedge","Mon Sep 28 10:14:56 UTC 2026","passed","Mon Sep 28 10:15:02 UTC 2026","Home Dashboard","specs\Smoke\3-HomeDashboardSmoke.spec.ts","",""
"","6571","Clicking a column header sorts ascending, clicking again sorts descending","msedge","Mon Sep 28 10:18:01 UTC 2026","passed","Mon Sep 28 10:18:08 UTC 2026","ACH — Smoke","specs\Smoke\7-ACHSmoke.spec.ts","",""
"","15082","Search box filters grid and clears correctly","firefox","Mon Sep 28 10:16:52 UTC 2026","passed","Mon Sep 28 10:17:07 UTC 2026","Issued Checks — Smoke","specs\Smoke\4-IssuedChecksSmoke.spec.ts","",""
"","11361","Next page arrow advances to page 2","webkit","Mon Sep 28 10:19:02 UTC 2026","passed","Mon Sep 28 10:19:14 UTC 2026","Presented Checks — Smoke","specs\Smoke\5-PresentedChecksSmoke.spec.ts","",""
"","8370","Web Hooks sub-page loads correctly","chromium","Mon Sep 28 10:27:51 UTC 2026","passed","Mon Sep 28 10:28:00 UTC 2026","Application Navigation Smoke Tests","specs\Smoke\2-NavigationSmoke.spec.ts","",""
"","6944","Column filter popup applies a filter and Clear restores the full row set","msedge","Mon Sep 28 10:18:08 UTC 2026","passed","Mon Sep 28 10:18:15 UTC 2026","ACH — Smoke","specs\Smoke\7-ACHSmoke.spec.ts","",""
"","4072","Approvals page loads with either records or the empty-state message","webkit","Mon Sep 28 10:25:22 UTC 2026","passed","Mon Sep 28 10:25:26 UTC 2026","Exceptions — Smoke > Approvals","specs\Smoke\8-ExceptionsSmoke.spec.ts","",""
"","18929","Column filter popup applies a filter and Clear restores the full row set","webkit","Mon Sep 28 10:18:19 UTC 2026","passed","Mon Sep 28 10:18:38 UTC 2026","Issued Checks — Smoke (Continued)","specs\Smoke\4-IssuedChecksSmoke.spec.ts","",""
"","8005","Presented Checks page loads correctly","webkit","Mon Sep 28 10:10:54 UTC 2026","passed","Mon Sep 28 10:11:02 UTC 2026","Application Navigation Smoke Tests","specs\Smoke\2-NavigationSmoke.spec.ts","",""
"","5208","Excel export button is visible and enabled","msedge","Mon Sep 28 10:14:57 UTC 2026","passed","Mon Sep 28 10:15:03 UTC 2026","Issued Checks — Smoke","specs\Smoke\4-IssuedChecksSmoke.spec.ts","",""
"","11747","Verify navigation to Issued Checks via nav menu","webkit","Mon Sep 28 10:16:42 UTC 2026","passed","Mon Sep 28 10:16:53 UTC 2026","Home Dashboard","specs\Smoke\3-HomeDashboardSmoke.spec.ts","",""
"","9200","Presented Checks page loads correctly","firefox","Mon Sep 28 10:11:02 UTC 2026","passed","Mon Sep 28 10:11:12 UTC 2026","Application Navigation Smoke Tests","specs\Smoke\2-NavigationSmoke.spec.ts","",""
"","8913","Validate Login functionality with invalidEmailFormat","webkit","Mon Sep 28 10:11:08 UTC 2026","passed","Mon Sep 28 10:11:17 UTC 2026","","specs\Smoke\1-LoginSmoke.spec.ts","",""
"","4860","Web Hooks sub-page loads correctly","msedge","Mon Sep 28 10:14:23 UTC 2026","passed","Mon Sep 28 10:14:28 UTC 2026","Application Navigation Smoke Tests","specs\Smoke\2-NavigationSmoke.spec.ts","",""
"","7940","ACH Approval Rules sub-page loads correctly","webkit","Mon Sep 28 10:13:15 UTC 2026","passed","Mon Sep 28 10:13:23 UTC 2026","Application Navigation Smoke Tests","specs\Smoke\2-NavigationSmoke.spec.ts","",""
"","14000","Verify Combined View shows all chart sections","webkit","Mon Sep 28 10:13:34 UTC 2026","passed","Mon Sep 28 10:13:48 UTC 2026","Home Dashboard","specs\Smoke\3-HomeDashboardSmoke.spec.ts","",""
"","4571","Validate teller presented-check form shows all required fields","msedge","Mon Sep 28 10:16:27 UTC 2026","passed","Mon Sep 28 10:16:32 UTC 2026","Teller - Smoke","specs\Smoke\6-TellerSmoke.spec.ts","",""
"","7389","ACH breadcrumb link is visible on the page","chromium","Mon Sep 28 10:33:10 UTC 2026","passed","Mon Sep 28 10:33:17 UTC 2026","ACH — Smoke","specs\Smoke\7-ACHSmoke.spec.ts","",""
"","12641","Last page arrow jumps to the final page","firefox","Mon Sep 28 10:17:47 UTC 2026","passed","Mon Sep 28 10:18:00 UTC 2026","Issued Checks — Smoke","specs\Smoke\4-IssuedChecksSmoke.spec.ts","",""
"","5702","Verify navigation to Presented Checks via nav menu","chromium","Mon Sep 28 10:28:50 UTC 2026","passed","Mon Sep 28 10:28:56 UTC 2026","Home Dashboard","specs\Smoke\3-HomeDashboardSmoke.spec.ts","",""
"","8050","Settings page loads correctly","webkit","Mon Sep 28 10:11:24 UTC 2026","passed","Mon Sep 28 10:11:32 UTC 2026","Application Navigation Smoke Tests","specs\Smoke\2-NavigationSmoke.spec.ts","",""
"","6729","Validate unauthenticated access to protected route is redirected to login","firefox","Mon Sep 28 10:12:33 UTC 2026","passed","Mon Sep 28 10:12:40 UTC 2026","","specs\Smoke\1-LoginSmoke.spec.ts","",""
"","4685","System Log sub-page loads correctly","msedge","Mon Sep 28 10:14:08 UTC 2026","passed","Mon Sep 28 10:14:13 UTC 2026","Application Navigation Smoke Tests","specs\Smoke\2-NavigationSmoke.spec.ts","",""
"","13995","Billing Reports sub-page loads correctly","firefox","Mon Sep 28 10:12:40 UTC 2026","passed","Mon Sep 28 10:12:54 UTC 2026","Application Navigation Smoke Tests","specs\Smoke\2-NavigationSmoke.spec.ts","",""
"","10262","Decision Files sub-page loads correctly","firefox","Mon Sep 28 10:12:54 UTC 2026","passed","Mon Sep 28 10:13:04 UTC 2026","Application Navigation Smoke Tests","specs\Smoke\2-NavigationSmoke.spec.ts","",""
"","17701","Verify ACH Only tab shows ACH-specific chart sections","webkit","Mon Sep 28 10:14:10 UTC 2026","passed","Mon Sep 28 10:14:28 UTC 2026","Home Dashboard","specs\Smoke\3-HomeDashboardSmoke.spec.ts","",""
"","6671","Verify Home dashboard is restored after returning from another page","msedge","Mon Sep 28 10:14:44 UTC 2026","passed","Mon Sep 28 10:14:51 UTC 2026","Home Dashboard","specs\Smoke\3-HomeDashboardSmoke.spec.ts","",""
"","5469","Grid View toggle navigates to the open-exceptions grid and shows key column headers","chromium","Mon Sep 28 10:34:04 UTC 2026","passed","Mon Sep 28 10:34:09 UTC 2026","Exceptions — Smoke > Open Exceptions","specs\Smoke\8-ExceptionsSmoke.spec.ts","",""
"","10913","Next page arrow advances to page 2","firefox","Mon Sep 28 10:22:29 UTC 2026","passed","Mon Sep 28 10:22:40 UTC 2026","ACH — Smoke","specs\Smoke\7-ACHSmoke.spec.ts","",""
"","11747","""View"" (Change Log) link on a row navigates to the entity log","firefox","Mon Sep 28 10:24:41 UTC 2026","passed","Mon Sep 28 10:24:53 UTC 2026","ACH — Smoke","specs\Smoke\7-ACHSmoke.spec.ts","",""
"","5275","Grid View toggle navigates to the open-exceptions grid and shows key column headers","msedge","Mon Sep 28 10:19:16 UTC 2026","passed","Mon Sep 28 10:19:21 UTC 2026","Exceptions — Smoke > Open Exceptions","specs\Smoke\8-ExceptionsSmoke.spec.ts","",""
"","5090","Navigation tabs to Pre-Decisions, Approvals, and Exception History are visible","msedge","Mon Sep 28 10:19:05 UTC 2026","passed","Mon Sep 28 10:19:11 UTC 2026","Exceptions — Smoke > Open Exceptions","specs\Smoke\8-ExceptionsSmoke.spec.ts","",""
"","18237","Saved Filters dropdown is visible and defaults to no preset","firefox","Mon Sep 28 10:18:23 UTC 2026","passed","Mon Sep 28 10:18:42 UTC 2026","Issued Checks — Smoke","specs\Smoke\4-IssuedChecksSmoke.spec.ts","",""
"","13458","Next page arrow advances to page 2","firefox","Mon Sep 28 10:23:35 UTC 2026","passed","Mon Sep 28 10:23:48 UTC 2026","Exceptions — Smoke > Exception History > Pagination","specs\Smoke\8-ExceptionsSmoke.spec.ts","",""
"","14100","Exception History grid loads with data rows and key column headers","firefox","Mon Sep 28 10:22:27 UTC 2026","passed","Mon Sep 28 10:22:41 UTC 2026","Exceptions — Smoke > Exception History > Grid","specs\Smoke\8-ExceptionsSmoke.spec.ts","",""
"","9292","Validate Login functionality with missingUsername","webkit","Mon Sep 28 10:11:35 UTC 2026","passed","Mon Sep 28 10:11:45 UTC 2026","","specs\Smoke\1-LoginSmoke.spec.ts","",""
"","5603","Grid loads with data rows and key column headers","msedge","Mon Sep 28 10:16:36 UTC 2026","passed","Mon Sep 28 10:16:42 UTC 2026","ACH — Smoke","specs\Smoke\7-ACHSmoke.spec.ts","",""
"","5252","Last page arrow jumps to the final page","chromium","Mon Sep 28 10:31:38 UTC 2026","passed","Mon Sep 28 10:31:43 UTC 2026","ACH — Smoke","specs\Smoke\7-ACHSmoke.spec.ts","",""
"","5632","Grid loads with data rows and key column headers","msedge","Mon Sep 28 10:14:28 UTC 2026","passed","Mon Sep 28 10:14:33 UTC 2026","Issued Checks — Smoke","specs\Smoke\4-IssuedChecksSmoke.spec.ts","",""
"","4716","Saved Filters dropdown is visible and defaults to no preset","chromium","Mon Sep 28 10:30:24 UTC 2026","passed","Mon Sep 28 10:30:29 UTC 2026","Presented Checks — Smoke","specs\Smoke\5-PresentedChecksSmoke.spec.ts","",""
"","5250","Typing a page number navigates to that page","chromium","Mon Sep 28 10:30:12 UTC 2026","passed","Mon Sep 28 10:30:17 UTC 2026","Presented Checks — Smoke","specs\Smoke\5-PresentedChecksSmoke.spec.ts","",""
"","11925","Excel export button is visible and enabled","firefox","Mon Sep 28 10:22:04 UTC 2026","passed","Mon Sep 28 10:22:16 UTC 2026","ACH — Smoke","specs\Smoke\7-ACHSmoke.spec.ts","",""
"","4332","Settings page loads correctly","msedge","Mon Sep 28 10:12:42 UTC 2026","passed","Mon Sep 28 10:12:47 UTC 2026","Application Navigation Smoke Tests","specs\Smoke\2-NavigationSmoke.spec.ts","",""
"","8658","Search box filters grid and clears correctly","msedge","Mon Sep 28 10:15:42 UTC 2026","passed","Mon Sep 28 10:15:50 UTC 2026","Presented Checks — Smoke","specs\Smoke\5-PresentedChecksSmoke.spec.ts","",""
"","11653","Saved Filters dropdown is visible and defaults to no preset","webkit","Mon Sep 28 10:23:43 UTC 2026","passed","Mon Sep 28 10:23:55 UTC 2026","Exceptions — Smoke > Exception History > Saved Filters","specs\Smoke\8-ExceptionsSmoke.spec.ts","",""
"","13510","Next page arrow advances to page 2","firefox","Mon Sep 28 10:19:08 UTC 2026","passed","Mon Sep 28 10:19:22 UTC 2026","Presented Checks — Smoke","specs\Smoke\5-PresentedChecksSmoke.spec.ts","",""
"","5589","Validate Login functionality with incorrectUsername","firefox","Mon Sep 28 10:10:57 UTC 2026","passed","Mon Sep 28 10:11:02 UTC 2026","","specs\Smoke\1-LoginSmoke.spec.ts","",""
"","9860","Page size change to 10 updates pagination info in bottom-right pager","webkit","Mon Sep 28 10:18:52 UTC 2026","passed","Mon Sep 28 10:19:02 UTC 2026","Presented Checks — Smoke","specs\Smoke\5-PresentedChecksSmoke.spec.ts","",""
"","11524","Last page arrow jumps to the final page","firefox","Mon Sep 28 10:22:40 UTC 2026","passed","Mon Sep 28 10:22:51 UTC 2026","ACH — Smoke","specs\Smoke\7-ACHSmoke.spec.ts","",""
"","5611","""View"" (Change Log) link on a row navigates to the entity log","chromium","Mon Sep 28 10:31:21 UTC 2026","passed","Mon Sep 28 10:31:27 UTC 2026","Presented Checks — Smoke (Continued)","specs\Smoke\5-PresentedChecksSmoke.spec.ts","",""
"","4937","""View"" (Change Log) link on a row navigates to the entity log","msedge","Mon Sep 28 10:17:05 UTC 2026","passed","Mon Sep 28 10:17:10 UTC 2026","Presented Checks — Smoke (Continued)","specs\Smoke\5-PresentedChecksSmoke.spec.ts","",""
"","5133","Saved Filters dropdown is visible and defaults to no preset","msedge","Mon Sep 28 10:17:39 UTC 2026","passed","Mon Sep 28 10:17:44 UTC 2026","ACH — Smoke","specs\Smoke\7-ACHSmoke.spec.ts","",""
"","16845","Verify dashboard tab checked state updates correctly","firefox","Mon Sep 28 10:13:59 UTC 2026","passed","Mon Sep 28 10:14:15 UTC 2026","Home Dashboard","specs\Smoke\3-HomeDashboardSmoke.spec.ts","",""
"","4594","ACH breadcrumb link is visible on the page","msedge","Mon Sep 28 10:18:40 UTC 2026","passed","Mon Sep 28 10:18:45 UTC 2026","ACH — Smoke","specs\Smoke\7-ACHSmoke.spec.ts","",""
"","14581","""+ Add Check"" navigates to the add-check form","firefox","Mon Sep 28 10:16:26 UTC 2026","passed","Mon Sep 28 10:16:40 UTC 2026","Issued Checks — Smoke","specs\Smoke\4-IssuedChecksSmoke.spec.ts","",""
"","5692","Grid loads with data rows and key column headers","chromium","Mon Sep 28 10:29:14 UTC 2026","passed","Mon Sep 28 10:29:20 UTC 2026","Presented Checks — Smoke","specs\Smoke\5-PresentedChecksSmoke.spec.ts","",""
"","22432","Verify Check Only tab shows Check-specific chart sections","webkit","Mon Sep 28 10:13:48 UTC 2026","passed","Mon Sep 28 10:14:10 UTC 2026","Home Dashboard","specs\Smoke\3-HomeDashboardSmoke.spec.ts","",""
"","11558","Verify Check Only tab shows Check-specific chart sections","firefox","Mon Sep 28 10:13:34 UTC 2026","passed","Mon Sep 28 10:13:45 UTC 2026","Home Dashboard","specs\Smoke\3-HomeDashboardSmoke.spec.ts","",""
"","13911","""View"" (Change Log) link on a row navigates to the entity log","firefox","Mon Sep 28 10:19:52 UTC 2026","passed","Mon Sep 28 10:20:06 UTC 2026","Issued Checks — Smoke (Continued)","specs\Smoke\4-IssuedChecksSmoke.spec.ts","",""
"","4261","Validate forgot password functionality","chromium","Mon Sep 28 10:26:09 UTC 2026","passed","Mon Sep 28 10:26:13 UTC 2026","","specs\Smoke\1-LoginSmoke.spec.ts","",""
"","12844","""View"" (Change Log) link on a row navigates to the entity log","firefox","Mon Sep 28 10:21:36 UTC 2026","passed","Mon Sep 28 10:21:49 UTC 2026","Presented Checks — Smoke (Continued)","specs\Smoke\5-PresentedChecksSmoke.spec.ts","",""
"","9859","Validate teller presented-check form shows all required fields","webkit","Mon Sep 28 10:19:24 UTC 2026","passed","Mon Sep 28 10:19:34 UTC 2026","Teller - Smoke","specs\Smoke\6-TellerSmoke.spec.ts","",""
"","11979","Grid loads with data rows and key column headers","firefox","Mon Sep 28 10:17:23 UTC 2026","passed","Mon Sep 28 10:17:35 UTC 2026","Presented Checks — Smoke","specs\Smoke\5-PresentedChecksSmoke.spec.ts","",""
"","10634","Page size change to 10 updates pagination info in bottom-right pager","webkit","Mon Sep 28 10:16:20 UTC 2026","passed","Mon Sep 28 10:16:30 UTC 2026","Issued Checks — Smoke","specs\Smoke\4-IssuedChecksSmoke.spec.ts","",""
"","5410","""View"" (Change Log) link on a row navigates to the entity log","msedge","Mon Sep 28 10:16:08 UTC 2026","passed","Mon Sep 28 10:16:14 UTC 2026","Issued Checks — Smoke (Continued)","specs\Smoke\4-IssuedChecksSmoke.spec.ts","",""
"","8566","Verify delayed data note and force refresh link are visible on dashboard","chromium","Mon Sep 28 10:28:12 UTC 2026","passed","Mon Sep 28 10:28:21 UTC 2026","Home Dashboard","specs\Smoke\3-HomeDashboardSmoke.spec.ts","",""
"","12047","Pay/Return decision badge navigates to exception history","firefox","Mon Sep 28 10:22:04 UTC 2026","passed","Mon Sep 28 10:22:16 UTC 2026","Presented Checks — Smoke (Continued)","specs\Smoke\5-PresentedChecksSmoke.spec.ts","",""
"","10618","Clicking a column header sorts ascending, clicking again sorts descending","firefox","Mon Sep 28 10:20:53 UTC 2026","passed","Mon Sep 28 10:21:03 UTC 2026","Presented Checks — Smoke (Continued)","specs\Smoke\5-PresentedChecksSmoke.spec.ts","",""
"","3976","Business Clients sub-page loads correctly","chromium","Mon Sep 28 10:26:01 UTC 2026","passed","Mon Sep 28 10:26:05 UTC 2026","Application Navigation Smoke Tests","specs\Smoke\2-NavigationSmoke.spec.ts","",""
"","12142","System Log sub-page loads correctly","webkit","Mon Sep 28 10:13:43 UTC 2026","passed","Mon Sep 28 10:13:56 UTC 2026","Application Navigation Smoke Tests","specs\Smoke\2-NavigationSmoke.spec.ts","",""
"","15456","Validate session persists after page refresh","webkit","Mon Sep 28 10:12:39 UTC 2026","passed","Mon Sep 28 10:12:54 UTC 2026","","specs\Smoke\1-LoginSmoke.spec.ts","",""
"","5140","ACH page loads correctly","msedge","Mon Sep 28 10:12:32 UTC 2026","passed","Mon Sep 28 10:12:37 UTC 2026","Application Navigation Smoke Tests","specs\Smoke\2-NavigationSmoke.spec.ts","",""
"","9481","Validate Login functionality with missingPassword","webkit","Mon Sep 28 10:11:26 UTC 2026","passed","Mon Sep 28 10:11:35 UTC 2026","","specs\Smoke\1-LoginSmoke.spec.ts","",""
"","9275","Verify dashboard tab checked state updates correctly","chromium","Mon Sep 28 10:27:31 UTC 2026","passed","Mon Sep 28 10:27:40 UTC 2026","Home Dashboard","specs\Smoke\3-HomeDashboardSmoke.spec.ts","",""
"","4617","Validate Login functionality with xssInUsername","msedge","Mon Sep 28 10:12:50 UTC 2026","passed","Mon Sep 28 10:12:55 UTC 2026","","specs\Smoke\1-LoginSmoke.spec.ts","",""
"","7138","Validate Login functionality with invalidEmailFormat","firefox","Mon Sep 28 10:11:02 UTC 2026","passed","Mon Sep 28 10:11:10 UTC 2026","","specs\Smoke\1-LoginSmoke.spec.ts","",""
"","15895","Last page arrow jumps to the final page","firefox","Mon Sep 28 10:23:48 UTC 2026","passed","Mon Sep 28 10:24:04 UTC 2026","Exceptions — Smoke > Exception History > Pagination","specs\Smoke\8-ExceptionsSmoke.spec.ts","",""
"","22392","Default filter auto-applies after logout and re-login","chromium","Mon Sep 28 10:29:20 UTC 2026","passed","Mon Sep 28 10:29:43 UTC 2026","Issued Checks — Default Filter (Serial)","specs\Smoke\4-IssuedChecksSmoke.spec.ts","",""
"","6455","Previous page button returns to page 1, First page button re-enables disabled state","msedge","Mon Sep 28 10:17:32 UTC 2026","passed","Mon Sep 28 10:17:39 UTC 2026","ACH — Smoke","specs\Smoke\7-ACHSmoke.spec.ts","",""
"","6845","""Edit"" link on a row navigates to the check edit form","chromium","Mon Sep 28 10:30:06 UTC 2026","passed","Mon Sep 28 10:30:13 UTC 2026","Issued Checks — Smoke (Continued)","specs\Smoke\4-IssuedChecksSmoke.spec.ts","",""
"","13053","Next page arrow advances to page 2","webkit","Mon Sep 28 10:22:47 UTC 2026","passed","Mon Sep 28 10:23:00 UTC 2026","Exceptions — Smoke > Exception History > Pagination","specs\Smoke\8-ExceptionsSmoke.spec.ts","",""
"","15631","Verify dashboard footer footnote and privacy link are visible","firefox","Mon Sep 28 10:15:37 UTC 2026","passed","Mon Sep 28 10:15:53 UTC 2026","Home Dashboard","specs\Smoke\3-HomeDashboardSmoke.spec.ts","",""
"","6295","Grid View toggle navigates to the open-exceptions grid and shows key column headers","webkit","Mon Sep 28 10:25:16 UTC 2026","passed","Mon Sep 28 10:25:22 UTC 2026","Exceptions — Smoke > Open Exceptions","specs\Smoke\8-ExceptionsSmoke.spec.ts","",""
"","4022","Roles/Permissions sub-page loads correctly","chromium","Mon Sep 28 10:26:09 UTC 2026","passed","Mon Sep 28 10:26:13 UTC 2026","Application Navigation Smoke Tests","specs\Smoke\2-NavigationSmoke.spec.ts","",""
"","6682","Issued Checks breadcrumb link is visible on the page","msedge","Mon Sep 28 10:16:20 UTC 2026","passed","Mon Sep 28 10:16:27 UTC 2026","Issued Checks — Smoke (Continued)","specs\Smoke\4-IssuedChecksSmoke.spec.ts","",""
"","7357","Validate forgot password with unregistered email","firefox","Mon Sep 28 10:12:11 UTC 2026","passed","Mon Sep 28 10:12:18 UTC 2026","","specs\Smoke\1-LoginSmoke.spec.ts","",""
"","3900","Saved Filters dropdown is visible and defaults to no preset","msedge","Mon Sep 28 10:16:26 UTC 2026","passed","Mon Sep 28 10:16:30 UTC 2026","Presented Checks — Smoke","specs\Smoke\5-PresentedChecksSmoke.spec.ts","",""
"","4850","""Uploaded Checks"" navigates to the uploads page","msedge","Mon Sep 28 10:15:37 UTC 2026","passed","Mon Sep 28 10:15:42 UTC 2026","Presented Checks — Smoke","specs\Smoke\5-PresentedChecksSmoke.spec.ts","",""
"","4760","Clicking a column header sorts ascending, clicking again sorts descending","chromium","Mon Sep 28 10:29:53 UTC 2026","passed","Mon Sep 28 10:29:58 UTC 2026","Issued Checks — Smoke (Continued)","specs\Smoke\4-IssuedChecksSmoke.spec.ts","",""
"","10869","""View"" (Change Log) link on a row navigates to the entity log","webkit","Mon Sep 28 10:23:15 UTC 2026","passed","Mon Sep 28 10:23:26 UTC 2026","ACH — Smoke","specs\Smoke\7-ACHSmoke.spec.ts","",""
"","4602","Validate Login functionality with missingUsername","chromium","Mon Sep 28 10:25:51 UTC 2026","passed","Mon Sep 28 10:25:56 UTC 2026","","specs\Smoke\1-LoginSmoke.spec.ts","",""
"","9049","Validate Login functionality with caseSensitiveEmail","firefox","Mon Sep 28 10:10:42 UTC 2026","passed","Mon Sep 28 10:10:51 UTC 2026","","specs\Smoke\1-LoginSmoke.spec.ts","",""
"","4797","Decision Files sub-page loads correctly","chromium","Mon Sep 28 10:26:29 UTC 2026","passed","Mon Sep 28 10:26:34 UTC 2026","Application Navigation Smoke Tests","specs\Smoke\2-NavigationSmoke.spec.ts","",""
"","4981","""+ Add Check"" navigates to the add-check form","msedge","Mon Sep 28 10:14:40 UTC 2026","passed","Mon Sep 28 10:14:45 UTC 2026","Issued Checks — Smoke","specs\Smoke\4-IssuedChecksSmoke.spec.ts","",""
"","27305","Verify dashboard tab checked state updates correctly","webkit","Mon Sep 28 10:14:28 UTC 2026","passed","Mon Sep 28 10:14:55 UTC 2026","Home Dashboard","specs\Smoke\3-HomeDashboardSmoke.spec.ts","",""
"","7927","Exceptions breadcrumb link is visible on the page","firefox","Mon Sep 28 10:26:09 UTC 2026","passed","Mon Sep 28 10:26:17 UTC 2026","Exceptions — Smoke > Exception History > Breadcrumb","specs\Smoke\8-ExceptionsSmoke.spec.ts","",""
"","6159","Next page arrow advances to page 2","chromium","Mon Sep 28 10:28:50 UTC 2026","passed","Mon Sep 28 10:28:56 UTC 2026","Issued Checks — Smoke","specs\Smoke\4-IssuedChecksSmoke.spec.ts","",""
"","6167","ACH Approval Rules sub-page loads correctly","msedge","Mon Sep 28 10:13:51 UTC 2026","passed","Mon Sep 28 10:13:57 UTC 2026","Application Navigation Smoke Tests","specs\Smoke\2-NavigationSmoke.spec.ts","",""
"","7348","File Formats sub-page loads correctly","webkit","Mon Sep 28 10:12:38 UTC 2026","passed","Mon Sep 28 10:12:46 UTC 2026","Application Navigation Smoke Tests","specs\Smoke\2-NavigationSmoke.spec.ts","",""
"","5766","Verify navigation to ACH via nav menu","msedge","Mon Sep 28 10:15:02 UTC 2026","passed","Mon Sep 28 10:15:08 UTC 2026","Home Dashboard","specs\Smoke\3-HomeDashboardSmoke.spec.ts","",""
"","12496","""Delete"" on a row shows a confirm modal; Cancel dismisses it without deleting","webkit","Mon Sep 28 10:19:01 UTC 2026","passed","Mon Sep 28 10:19:13 UTC 2026","Issued Checks — Smoke (Continued)","specs\Smoke\4-IssuedChecksSmoke.spec.ts","",""
"","8182","""Uploaded ACH"" navigates to the uploads page","chromium","Mon Sep 28 10:31:07 UTC 2026","passed","Mon Sep 28 10:31:15 UTC 2026","ACH — Smoke","specs\Smoke\7-ACHSmoke.spec.ts","",""
"","4952","File Formats sub-page loads correctly","chromium","Mon Sep 28 10:26:39 UTC 2026","passed","Mon Sep 28 10:26:44 UTC 2026","Application Navigation Smoke Tests","specs\Smoke\2-NavigationSmoke.spec.ts","",""
"","6975","Grid loads with data rows and key column headers","msedge","Mon Sep 28 10:15:19 UTC 2026","passed","Mon Sep 28 10:15:26 UTC 2026","Presented Checks — Smoke","specs\Smoke\5-PresentedChecksSmoke.spec.ts","",""
"","19971","Verify tab-specific charts are hidden for opposite tab","firefox","Mon Sep 28 10:14:34 UTC 2026","passed","Mon Sep 28 10:14:54 UTC 2026","Home Dashboard","specs\Smoke\3-HomeDashboardSmoke.spec.ts","",""
"","7592","Excel export button is visible and enabled","chromium","Mon Sep 28 10:28:37 UTC 2026","passed","Mon Sep 28 10:28:44 UTC 2026","Issued Checks — Smoke","specs\Smoke\4-IssuedChecksSmoke.spec.ts","",""
"","20230","Clicking a column header sorts ascending, clicking again sorts descending","firefox","Mon Sep 28 10:25:16 UTC 2026","passed","Mon Sep 28 10:25:36 UTC 2026","Exceptions — Smoke > Exception History > Sorting","specs\Smoke\8-ExceptionsSmoke.spec.ts","",""
"","18967","Default filter auto-applies after logout and re-login","chromium","Mon Sep 28 10:33:10 UTC 2026","passed","Mon Sep 28 10:33:29 UTC 2026","Exceptions — Smoke > Exception History > Saved Filters > Default Filter","specs\Smoke\8-ExceptionsSmoke.spec.ts","",""
"","5618","Validate Login functionality with sqlInjection","firefox","Mon Sep 28 10:11:26 UTC 2026","passed","Mon Sep 28 10:11:31 UTC 2026","","specs\Smoke\1-LoginSmoke.spec.ts","",""
"","5064","Decision badge on an already-reviewed row is blocked with a system message","msedge","Mon Sep 28 10:18:57 UTC 2026","passed","Mon Sep 28 10:19:02 UTC 2026","Exceptions — Smoke > Exception History > Row Actions","specs\Smoke\8-ExceptionsSmoke.spec.ts","",""
"","17898","Column filter popup applies a filter and Clear restores the full row set","webkit","Mon Sep 28 10:22:57 UTC 2026","passed","Mon Sep 28 10:23:15 UTC 2026","ACH — Smoke","specs\Smoke\7-ACHSmoke.spec.ts","",""
"","2728","Pre-Decisions page loads with either records or the empty-state message","chromium","Mon Sep 28 10:34:12 UTC 2026","passed","Mon Sep 28 10:34:14 UTC 2026","Exceptions — Smoke > Pre-Decisions","specs\Smoke\8-ExceptionsSmoke.spec.ts","",""
"","6350","Validate Login functionality with caseSensitiveEmail","chromium","Mon Sep 28 10:25:23 UTC 2026","passed","Mon Sep 28 10:25:30 UTC 2026","","specs\Smoke\1-LoginSmoke.spec.ts","",""
"","14014","Default filter auto-applies after logout and re-login","firefox","Mon Sep 28 10:18:42 UTC 2026","skipped","Mon Sep 28 10:18:56 UTC 2026","Issued Checks — Default Filter (Serial)","specs\Smoke\4-IssuedChecksSmoke.spec.ts","",""
"","26334","Pay/Return decision badge navigates to exception history","webkit","Mon Sep 28 10:23:42 UTC 2026","passed","Mon Sep 28 10:24:08 UTC 2026","ACH — Smoke","specs\Smoke\7-ACHSmoke.spec.ts","",""
"","16468","Column filter popup applies a filter and Clear restores the full row set","webkit","Mon Sep 28 10:20:42 UTC 2026","passed","Mon Sep 28 10:20:59 UTC 2026","Presented Checks — Smoke (Continued)","specs\Smoke\5-PresentedChecksSmoke.spec.ts","",""
"","9465","Issued Checks page loads correctly","firefox","Mon Sep 28 10:10:53 UTC 2026","passed","Mon Sep 28 10:11:02 UTC 2026","Application Navigation Smoke Tests","specs\Smoke\2-NavigationSmoke.spec.ts","",""
"","5423","Column filter menu applies a filter and Clear restores the full row set","msedge","Mon Sep 28 10:18:46 UTC 2026","passed","Mon Sep 28 10:18:52 UTC 2026","Exceptions — Smoke > Exception History > Column Filter","specs\Smoke\8-ExceptionsSmoke.spec.ts","",""
"","5142","Navigation tabs to Pre-Decisions, Approvals, and Exception History are visible","chromium","Mon Sep 28 10:33:53 UTC 2026","passed","Mon Sep 28 10:33:58 UTC 2026","Exceptions — Smoke > Open Exceptions","specs\Smoke\8-ExceptionsSmoke.spec.ts","",""
"","4351","Validate Login functionality with xssInUsername","chromium","Mon Sep 28 10:26:00 UTC 2026","passed","Mon Sep 28 10:26:05 UTC 2026","","specs\Smoke\1-LoginSmoke.spec.ts","",""
"","12346","Search box filters grid and clears correctly","webkit","Mon Sep 28 10:18:31 UTC 2026","passed","Mon Sep 28 10:18:43 UTC 2026","Presented Checks — Smoke","specs\Smoke\5-PresentedChecksSmoke.spec.ts","",""
"","864","Default filter auto-applies after logout and re-login","webkit","Mon Sep 28 10:24:20 UTC 2026","skipped","Mon Sep 28 10:24:21 UTC 2026","Exceptions — Smoke > Exception History > Saved Filters > Default Filter","specs\Smoke\8-ExceptionsSmoke.spec.ts","",""
"","7502","Column filter popup applies a filter and Clear restores the full row set","chromium","Mon Sep 28 10:32:35 UTC 2026","passed","Mon Sep 28 10:32:43 UTC 2026","ACH — Smoke","specs\Smoke\7-ACHSmoke.spec.ts","",""
"","7954","""+ Add Check"" navigates to the add-check form","chromium","Mon Sep 28 10:29:25 UTC 2026","passed","Mon Sep 28 10:29:33 UTC 2026","Presented Checks — Smoke","specs\Smoke\5-PresentedChecksSmoke.spec.ts","",""
"","5801","Typing a page number navigates to that page","chromium","Mon Sep 28 10:29:02 UTC 2026","passed","Mon Sep 28 10:29:07 UTC 2026","Issued Checks — Smoke","specs\Smoke\4-IssuedChecksSmoke.spec.ts","",""
"","4441","Validate Login functionality with sqlInjection","msedge","Mon Sep 28 10:12:46 UTC 2026","passed","Mon Sep 28 10:12:50 UTC 2026","","specs\Smoke\1-LoginSmoke.spec.ts","",""
"","5561","ACH Approval Rules sub-page loads correctly","chromium","Mon Sep 28 10:27:05 UTC 2026","passed","Mon Sep 28 10:27:11 UTC 2026","Application Navigation Smoke Tests","specs\Smoke\2-NavigationSmoke.spec.ts","",""
"","5161","Verify navigation to Exceptions via nav menu","chromium","Mon Sep 28 10:29:02 UTC 2026","passed","Mon Sep 28 10:29:07 UTC 2026","Home Dashboard","specs\Smoke\3-HomeDashboardSmoke.spec.ts","",""
"","11748","Excel export button is visible and enabled","webkit","Mon Sep 28 10:20:44 UTC 2026","passed","Mon Sep 28 10:20:56 UTC 2026","ACH — Smoke","specs\Smoke\7-ACHSmoke.spec.ts","",""
"","16650","ACH Approval Rules sub-page loads correctly","firefox","Mon Sep 28 10:14:15 UTC 2026","passed","Mon Sep 28 10:14:32 UTC 2026","Application Navigation Smoke Tests","specs\Smoke\2-NavigationSmoke.spec.ts","",""
"","4548","Billing Reports sub-page loads correctly","msedge","Mon Sep 28 10:13:11 UTC 2026","passed","Mon Sep 28 10:13:15 UTC 2026","Application Navigation Smoke Tests","specs\Smoke\2-NavigationSmoke.spec.ts","",""
"","12751","""View"" (Change Log) link on a row navigates to the entity log","webkit","Mon Sep 28 10:18:48 UTC 2026","passed","Mon Sep 28 10:19:01 UTC 2026","Issued Checks — Smoke (Continued)","specs\Smoke\4-IssuedChecksSmoke.spec.ts","",""
"","10325","Next page arrow advances to page 2","chromium","Mon Sep 28 10:32:18 UTC 2026","passed","Mon Sep 28 10:32:29 UTC 2026","Exceptions — Smoke > Exception History > Pagination","specs\Smoke\8-ExceptionsSmoke.spec.ts","",""
"","13328","Clicking a column header sorts ascending, clicking again sorts descending","firefox","Mon Sep 28 10:24:11 UTC 2026","passed","Mon Sep 28 10:24:25 UTC 2026","ACH — Smoke","specs\Smoke\7-ACHSmoke.spec.ts","",""
"","8225","API link is visible and points to swagger","chromium","Mon Sep 28 10:27:43 UTC 2026","passed","Mon Sep 28 10:27:51 UTC 2026","Application Navigation Smoke Tests","specs\Smoke\2-NavigationSmoke.spec.ts","",""
"","8764","Validate Login functionality with veryLongInput","webkit","Mon Sep 28 10:12:02 UTC 2026","passed","Mon Sep 28 10:12:11 UTC 2026","","specs\Smoke\1-LoginSmoke.spec.ts","",""
"","5303","Approvals page loads with either records or the empty-state message","firefox","Mon Sep 28 10:26:35 UTC 2026","passed","Mon Sep 28 10:26:41 UTC 2026","Exceptions — Smoke > Approvals","specs\Smoke\8-ExceptionsSmoke.spec.ts","",""
"","10133","Verify dashboard loads after successful login","firefox","Mon Sep 28 10:12:41 UTC 2026","passed","Mon Sep 28 10:12:51 UTC 2026","Home Dashboard","specs\Smoke\3-HomeDashboardSmoke.spec.ts","",""
"","15028","Validate session persists after page refresh","firefox","Mon Sep 28 10:12:18 UTC 2026","passed","Mon Sep 28 10:12:33 UTC 2026","","specs\Smoke\1-LoginSmoke.spec.ts","",""
"","10236","Typing a page number navigates to that page","webkit","Mon Sep 28 10:19:24 UTC 2026","passed","Mon Sep 28 10:19:35 UTC 2026","Presented Checks — Smoke","specs\Smoke\5-PresentedChecksSmoke.spec.ts","",""
"","6363","Verify Check Only tab shows Check-specific chart sections","msedge","Mon Sep 28 10:13:46 UTC 2026","passed","Mon Sep 28 10:13:53 UTC 2026","Home Dashboard","specs\Smoke\3-HomeDashboardSmoke.spec.ts","",""
"","4229","Presented Checks page loads correctly","chromium","Mon Sep 28 10:25:34 UTC 2026","passed","Mon Sep 28 10:25:38 UTC 2026","Application Navigation Smoke Tests","specs\Smoke\2-NavigationSmoke.spec.ts","",""
"","16956","Validate Login functionality with correctCredentials","firefox","Mon Sep 28 10:10:24 UTC 2026","passed","Mon Sep 28 10:10:41 UTC 2026","","specs\Smoke\1-LoginSmoke.spec.ts","",""
"","8309","File Processing sub-page loads correctly","chromium","Mon Sep 28 10:27:35 UTC 2026","passed","Mon Sep 28 10:27:43 UTC 2026","Application Navigation Smoke Tests","specs\Smoke\2-NavigationSmoke.spec.ts","",""
"","10102","System Log sub-page loads correctly","firefox","Mon Sep 28 10:14:56 UTC 2026","passed","Mon Sep 28 10:15:06 UTC 2026","Application Navigation Smoke Tests","specs\Smoke\2-NavigationSmoke.spec.ts","",""
"","10603","Grid loads with data rows and key column headers","chromium","Mon Sep 28 10:30:43 UTC 2026","passed","Mon Sep 28 10:30:54 UTC 2026","ACH — Smoke","specs\Smoke\7-ACHSmoke.spec.ts","",""
"","15341","Previous page button returns to page 1, First page button re-enables disabled state","webkit","Mon Sep 28 10:19:35 UTC 2026","passed","Mon Sep 28 10:19:50 UTC 2026","Presented Checks — Smoke","specs\Smoke\5-PresentedChecksSmoke.spec.ts","",""
"","10527","Default Decision Log sub-page loads correctly","webkit","Mon Sep 28 10:13:33 UTC 2026","passed","Mon Sep 28 10:13:43 UTC 2026","Application Navigation Smoke Tests","specs\Smoke\2-NavigationSmoke.spec.ts","",""
"","5752","""Edit"" link on a row navigates to the check edit form","msedge","Mon Sep 28 10:16:59 UTC 2026","passed","Mon Sep 28 10:17:05 UTC 2026","Presented Checks — Smoke (Continued)","specs\Smoke\5-PresentedChecksSmoke.spec.ts","",""
"","3701","Validate Login functionality with incorrectPassword","chromium","Mon Sep 28 10:25:30 UTC 2026","passed","Mon Sep 28 10:25:34 UTC 2026","","specs\Smoke\1-LoginSmoke.spec.ts","",""
"","6640","Decision Files sub-page loads correctly","msedge","Mon Sep 28 10:13:15 UTC 2026","passed","Mon Sep 28 10:13:22 UTC 2026","Application Navigation Smoke Tests","specs\Smoke\2-NavigationSmoke.spec.ts","",""
"","4747","Verify summary KPI values have expected number formats","msedge","Mon Sep 28 10:14:23 UTC 2026","passed","Mon Sep 28 10:14:28 UTC 2026","Home Dashboard","specs\Smoke\3-HomeDashboardSmoke.spec.ts","",""
"","9957","Decision badge on an already-reviewed row is blocked with a system message","firefox","Mon Sep 28 10:25:59 UTC 2026","passed","Mon Sep 28 10:26:09 UTC 2026","Exceptions — Smoke > Exception History > Row Actions","specs\Smoke\8-ExceptionsSmoke.spec.ts","",""
"","6177","Search box filters grid and clears correctly","msedge","Mon Sep 28 10:17:39 UTC 2026","passed","Mon Sep 28 10:17:45 UTC 2026","Exceptions — Smoke > Exception History > Toolbar","specs\Smoke\8-ExceptionsSmoke.spec.ts","",""
"","4522","Excel export button is visible and enabled","chromium","Mon Sep 28 10:31:22 UTC 2026","passed","Mon Sep 28 10:31:27 UTC 2026","ACH — Smoke","specs\Smoke\7-ACHSmoke.spec.ts","",""
"","11163","Verify navigation to ACH via nav menu","webkit","Mon Sep 28 10:17:05 UTC 2026","passed","Mon Sep 28 10:17:16 UTC 2026","Home Dashboard","specs\Smoke\3-HomeDashboardSmoke.spec.ts","",""
"","21685","Save a filter preset, verify it is auto-selected, then delete it","firefox","Mon Sep 28 10:23:50 UTC 2026","passed","Mon Sep 28 10:24:11 UTC 2026","ACH — Smoke","specs\Smoke\7-ACHSmoke.spec.ts","",""
"","6895","Home page is accessible and shows dashboard","chromium","Mon Sep 28 10:25:13 UTC 2026","passed","Mon Sep 28 10:25:20 UTC 2026","Application Navigation Smoke Tests","specs\Smoke\2-NavigationSmoke.spec.ts","",""
"","10383","""Uploaded Checks"" navigates to the uploads page","webkit","Mon Sep 28 10:15:46 UTC 2026","passed","Mon Sep 28 10:15:57 UTC 2026","Issued Checks — Smoke","specs\Smoke\4-IssuedChecksSmoke.spec.ts","",""
"","5031","Validate Login functionality with emptyFields","firefox","Mon Sep 28 10:11:10 UTC 2026","passed","Mon Sep 28 10:11:15 UTC 2026","","specs\Smoke\1-LoginSmoke.spec.ts","",""
"","13550","File Processing sub-page loads correctly","firefox","Mon Sep 28 10:15:06 UTC 2026","passed","Mon Sep 28 10:15:20 UTC 2026","Application Navigation Smoke Tests","specs\Smoke\2-NavigationSmoke.spec.ts","",""
"","8366","Verify dashboard loads after successful login","webkit","Mon Sep 28 10:13:03 UTC 2026","passed","Mon Sep 28 10:13:11 UTC 2026","Home Dashboard","specs\Smoke\3-HomeDashboardSmoke.spec.ts","",""
"","13682","Search box filters grid and clears correctly","webkit","Mon Sep 28 10:15:57 UTC 2026","passed","Mon Sep 28 10:16:11 UTC 2026","Issued Checks — Smoke","specs\Smoke\4-IssuedChecksSmoke.spec.ts","",""
"","12136","""Uploaded ACH"" navigates to the uploads page","webkit","Mon Sep 28 10:20:20 UTC 2026","passed","Mon Sep 28 10:20:32 UTC 2026","ACH — Smoke","specs\Smoke\7-ACHSmoke.spec.ts","",""
"","8488","Save a filter preset, verify it is auto-selected, then delete it","chromium","Mon Sep 28 10:32:21 UTC 2026","passed","Mon Sep 28 10:32:30 UTC 2026","ACH — Smoke","specs\Smoke\7-ACHSmoke.spec.ts","",""
"","5011","Business Clients sub-page loads correctly","msedge","Mon Sep 28 10:12:51 UTC 2026","passed","Mon Sep 28 10:12:56 UTC 2026","Application Navigation Smoke Tests","specs\Smoke\2-NavigationSmoke.spec.ts","",""
"","13165","Typing a page number navigates to that page","firefox","Mon Sep 28 10:18:00 UTC 2026","passed","Mon Sep 28 10:18:13 UTC 2026","Issued Checks — Smoke","specs\Smoke\4-IssuedChecksSmoke.spec.ts","",""
"","22118","Web Hooks sub-page loads correctly","webkit","Mon Sep 28 10:14:34 UTC 2026","passed","Mon Sep 28 10:14:56 UTC 2026","Application Navigation Smoke Tests","specs\Smoke\2-NavigationSmoke.spec.ts","",""
"","4598","Validate forgot password with unregistered email","msedge","Mon Sep 28 10:13:10 UTC 2026","passed","Mon Sep 28 10:13:14 UTC 2026","","specs\Smoke\1-LoginSmoke.spec.ts","",""
"","5257","Holiday Schedules sub-page loads correctly","chromium","Mon Sep 28 10:26:34 UTC 2026","passed","Mon Sep 28 10:26:39 UTC 2026","Application Navigation Smoke Tests","specs\Smoke\2-NavigationSmoke.spec.ts","",""
"","4652","Verify all three dashboard view tabs are visible","msedge","Mon Sep 28 10:13:36 UTC 2026","passed","Mon Sep 28 10:13:41 UTC 2026","Home Dashboard","specs\Smoke\3-HomeDashboardSmoke.spec.ts","",""
"","13543","Excel export button is visible and enabled","firefox","Mon Sep 28 10:23:09 UTC 2026","passed","Mon Sep 28 10:23:22 UTC 2026","Exceptions — Smoke > Exception History > Toolbar","specs\Smoke\8-ExceptionsSmoke.spec.ts","",""
"","6933","Check Approval Rules sub-page loads correctly","webkit","Mon Sep 28 10:13:02 UTC 2026","passed","Mon Sep 28 10:13:09 UTC 2026","Application Navigation Smoke Tests","specs\Smoke\2-NavigationSmoke.spec.ts","",""
"","9027","Branding sub-page loads correctly","webkit","Mon Sep 28 10:12:05 UTC 2026","passed","Mon Sep 28 10:12:14 UTC 2026","Application Navigation Smoke Tests","specs\Smoke\2-NavigationSmoke.spec.ts","",""
"","8230","Teller page loads correctly","firefox","Mon Sep 28 10:11:12 UTC 2026","passed","Mon Sep 28 10:11:20 UTC 2026","Application Navigation Smoke Tests","specs\Smoke\2-NavigationSmoke.spec.ts","",""
"","7124","Verify Combined View shows all chart sections","chromium","Mon Sep 28 10:27:09 UTC 2026","passed","Mon Sep 28 10:27:16 UTC 2026","Home Dashboard","specs\Smoke\3-HomeDashboardSmoke.spec.ts","",""
"","8398","Settings page loads correctly","firefox","Mon Sep 28 10:11:39 UTC 2026","passed","Mon Sep 28 10:11:47 UTC 2026","Application Navigation Smoke Tests","specs\Smoke\2-NavigationSmoke.spec.ts","",""
"","11667","File Formats sub-page loads correctly","firefox","Mon Sep 28 10:13:15 UTC 2026","passed","Mon Sep 28 10:13:27 UTC 2026","Application Navigation Smoke Tests","specs\Smoke\2-NavigationSmoke.spec.ts","",""
"","6583","Previous page button returns to page 1, First page button re-enables disabled state","msedge","Mon Sep 28 10:16:20 UTC 2026","passed","Mon Sep 28 10:16:26 UTC 2026","Presented Checks — Smoke","specs\Smoke\5-PresentedChecksSmoke.spec.ts","",""
"","6424","""Delete"" on a row shows a confirm modal; Cancel dismisses it without deleting","msedge","Mon Sep 28 10:16:14 UTC 2026","passed","Mon Sep 28 10:16:20 UTC 2026","Issued Checks — Smoke (Continued)","specs\Smoke\4-IssuedChecksSmoke.spec.ts","",""
"","4606","Notification Templates sub-page loads correctly","msedge","Mon Sep 28 10:13:32 UTC 2026","passed","Mon Sep 28 10:13:36 UTC 2026","Application Navigation Smoke Tests","specs\Smoke\2-NavigationSmoke.spec.ts","",""
"","24077","Verify profile menu shows My Info and Logout links","firefox","Mon Sep 28 10:15:53 UTC 2026","passed","Mon Sep 28 10:16:17 UTC 2026","Home Dashboard","specs\Smoke\3-HomeDashboardSmoke.spec.ts","",""
"","19392","Column filter popup applies a filter and Clear restores the full row set","firefox","Mon Sep 28 10:21:03 UTC 2026","passed","Mon Sep 28 10:21:23 UTC 2026","Presented Checks — Smoke (Continued)","specs\Smoke\5-PresentedChecksSmoke.spec.ts","",""
"","11139","""Uploaded ACH"" navigates to the uploads page","firefox","Mon Sep 28 10:21:38 UTC 2026","passed","Mon Sep 28 10:21:49 UTC 2026","ACH — Smoke","specs\Smoke\7-ACHSmoke.spec.ts","",""
"","16996","Typing a page number navigates to that page","firefox","Mon Sep 28 10:22:51 UTC 2026","passed","Mon Sep 28 10:23:08 UTC 2026","ACH — Smoke","specs\Smoke\7-ACHSmoke.spec.ts","",""
"","5023","Issued Checks page loads correctly","chromium","Mon Sep 28 10:25:29 UTC 2026","passed","Mon Sep 28 10:25:34 UTC 2026","Application Navigation Smoke Tests","specs\Smoke\2-NavigationSmoke.spec.ts","",""
"","9673","Verify profile menu shows My Info and Logout links","webkit","Mon Sep 28 10:16:19 UTC 2026","passed","Mon Sep 28 10:16:28 UTC 2026","Home Dashboard","specs\Smoke\3-HomeDashboardSmoke.spec.ts","",""
"","17691","Verify delayed data note and force refresh link are visible on dashboard","firefox","Mon Sep 28 10:15:19 UTC 2026","passed","Mon Sep 28 10:15:37 UTC 2026","Home Dashboard","specs\Smoke\3-HomeDashboardSmoke.spec.ts","",""
"","10498","Page size change to 10 updates pagination info in bottom-right pager","webkit","Mon Sep 28 10:20:56 UTC 2026","passed","Mon Sep 28 10:21:06 UTC 2026","ACH — Smoke","specs\Smoke\7-ACHSmoke.spec.ts","",""
"","3322","Exceptions breadcrumb link is visible on the page","msedge","Mon Sep 28 10:19:02 UTC 2026","passed","Mon Sep 28 10:19:05 UTC 2026","Exceptions — Smoke > Exception History > Breadcrumb","specs\Smoke\8-ExceptionsSmoke.spec.ts","",""
"","8675","Holiday Schedules sub-page loads correctly","webkit","Mon Sep 28 10:12:30 UTC 2026","passed","Mon Sep 28 10:12:38 UTC 2026","Application Navigation Smoke Tests","specs\Smoke\2-NavigationSmoke.spec.ts","",""
"","11462","Search box filters grid and clears correctly","webkit","Mon Sep 28 10:20:32 UTC 2026","passed","Mon Sep 28 10:20:44 UTC 2026","ACH — Smoke","specs\Smoke\7-ACHSmoke.spec.ts","",""
"","4853","Validate forgot password functionality","msedge","Mon Sep 28 10:13:00 UTC 2026","passed","Mon Sep 28 10:13:05 UTC 2026","","specs\Smoke\1-LoginSmoke.spec.ts","",""
"","5385","Saved Filters dropdown is visible and defaults to no preset","chromium","Mon Sep 28 10:31:56 UTC 2026","passed","Mon Sep 28 10:32:02 UTC 2026","ACH — Smoke","specs\Smoke\7-ACHSmoke.spec.ts","",""
"","7240","Previous page button returns to page 1, First page button re-enables disabled state","chromium","Mon Sep 28 10:29:07 UTC 2026","passed","Mon Sep 28 10:29:15 UTC 2026","Issued Checks — Smoke","specs\Smoke\4-IssuedChecksSmoke.spec.ts","",""
"","15396","""Delete"" on a row shows a confirm modal; Cancel dismisses it without deleting","webkit","Mon Sep 28 10:23:26 UTC 2026","passed","Mon Sep 28 10:23:42 UTC 2026","ACH — Smoke","specs\Smoke\7-ACHSmoke.spec.ts","",""
"","6158","Automatic ACH Decision Rules sub-page loads correctly","chromium","Mon Sep 28 10:26:59 UTC 2026","passed","Mon Sep 28 10:27:05 UTC 2026","Application Navigation Smoke Tests","specs\Smoke\2-NavigationSmoke.spec.ts","",""
"","9981","Notification Templates sub-page loads correctly","webkit","Mon Sep 28 10:12:46 UTC 2026","passed","Mon Sep 28 10:12:56 UTC 2026","Application Navigation Smoke Tests","specs\Smoke\2-NavigationSmoke.spec.ts","",""
"","11220","ACH breadcrumb link is visible on the page","webkit","Mon Sep 28 10:24:08 UTC 2026","passed","Mon Sep 28 10:24:19 UTC 2026","ACH — Smoke","specs\Smoke\7-ACHSmoke.spec.ts","",""
"","10780","Save a filter preset, verify it is auto-selected, then delete it","chromium","Mon Sep 28 10:30:49 UTC 2026","passed","Mon Sep 28 10:31:00 UTC 2026","Presented Checks — Smoke (Continued)","specs\Smoke\5-PresentedChecksSmoke.spec.ts","",""
"","20822","Save a filter preset, verify it is auto-selected, then delete it","firefox","Mon Sep 28 10:24:53 UTC 2026","passed","Mon Sep 28 10:25:14 UTC 2026","Exceptions — Smoke > Exception History > Saved Filters","specs\Smoke\8-ExceptionsSmoke.spec.ts","",""
"","5398","Excel export button is visible and enabled","msedge","Mon Sep 28 10:15:50 UTC 2026","passed","Mon Sep 28 10:15:56 UTC 2026","Presented Checks — Smoke","specs\Smoke\5-PresentedChecksSmoke.spec.ts","",""
"","3735","Automatic Check Decision Rules sub-page loads correctly","chromium","Mon Sep 28 10:26:48 UTC 2026","passed","Mon Sep 28 10:26:52 UTC 2026","Application Navigation Smoke Tests","specs\Smoke\2-NavigationSmoke.spec.ts","",""
"","14174","Notification Log sub-page loads correctly","firefox","Mon Sep 28 10:14:32 UTC 2026","passed","Mon Sep 28 10:14:46 UTC 2026","Application Navigation Smoke Tests","specs\Smoke\2-NavigationSmoke.spec.ts","",""
"","14037","Typing a page number navigates to that page","firefox","Mon Sep 28 10:24:04 UTC 2026","passed","Mon Sep 28 10:24:18 UTC 2026","Exceptions — Smoke > Exception History > Pagination","specs\Smoke\8-ExceptionsSmoke.spec.ts","",""
"","5394","Page size change to 10 updates pagination info in bottom-right pager","chromium","Mon Sep 28 10:28:44 UTC 2026","passed","Mon Sep 28 10:28:50 UTC 2026","Issued Checks — Smoke","specs\Smoke\4-IssuedChecksSmoke.spec.ts","",""
"","10585","Last page arrow jumps to the final page","webkit","Mon Sep 28 10:19:14 UTC 2026","passed","Mon Sep 28 10:19:24 UTC 2026","Presented Checks — Smoke","specs\Smoke\5-PresentedChecksSmoke.spec.ts","",""
"","6947","Validate unauthenticated access to protected route is redirected to login","chromium","Mon Sep 28 10:26:30 UTC 2026","passed","Mon Sep 28 10:26:37 UTC 2026","","specs\Smoke\1-LoginSmoke.spec.ts","",""
"","8714","Verify navigation to Exceptions via nav menu","firefox","Mon Sep 28 10:17:04 UTC 2026","passed","Mon Sep 28 10:17:13 UTC 2026","Home Dashboard","specs\Smoke\3-HomeDashboardSmoke.spec.ts","",""
"","4848","Validate forgot password functionality with No email","chromium","Mon Sep 28 10:26:13 UTC 2026","passed","Mon Sep 28 10:26:18 UTC 2026","","specs\Smoke\1-LoginSmoke.spec.ts","",""
"","4332","Holiday Schedules sub-page loads correctly","msedge","Mon Sep 28 10:13:22 UTC 2026","passed","Mon Sep 28 10:13:26 UTC 2026","Application Navigation Smoke Tests","specs\Smoke\2-NavigationSmoke.spec.ts","",""
"","13728","Save a filter preset, verify it is auto-selected, then delete it","chromium","Mon Sep 28 10:32:56 UTC 2026","passed","Mon Sep 28 10:33:10 UTC 2026","Exceptions — Smoke > Exception History > Saved Filters","specs\Smoke\8-ExceptionsSmoke.spec.ts","",""
"","6336","""Delete"" on a row shows a confirm modal; Cancel dismisses it without deleting","chromium","Mon Sep 28 10:31:27 UTC 2026","passed","Mon Sep 28 10:31:33 UTC 2026","Presented Checks — Smoke (Continued)","specs\Smoke\5-PresentedChecksSmoke.spec.ts","",""
"","21752","Pay/Return decision badge navigates to exception history","firefox","Mon Sep 28 10:25:09 UTC 2026","passed","Mon Sep 28 10:25:31 UTC 2026","ACH — Smoke","specs\Smoke\7-ACHSmoke.spec.ts","",""
"","15158","Grid loads with data rows and key column headers","firefox","Mon Sep 28 10:20:59 UTC 2026","passed","Mon Sep 28 10:21:14 UTC 2026","ACH — Smoke","specs\Smoke\7-ACHSmoke.spec.ts","",""
"","5559","Navigation tabs to Pre-Decisions, Approvals, and Exception History are visible","firefox","Mon Sep 28 10:26:19 UTC 2026","passed","Mon Sep 28 10:26:25 UTC 2026","Exceptions — Smoke > Open Exceptions","specs\Smoke\8-ExceptionsSmoke.spec.ts","",""
"","5749","Page size change to 10 updates pagination info in bottom-right pager","chromium","Mon Sep 28 10:31:27 UTC 2026","passed","Mon Sep 28 10:31:32 UTC 2026","ACH — Smoke","specs\Smoke\7-ACHSmoke.spec.ts","",""
"","6939","Search box filters grid and clears correctly","chromium","Mon Sep 28 10:31:56 UTC 2026","passed","Mon Sep 28 10:32:03 UTC 2026","Exceptions — Smoke > Exception History > Toolbar","specs\Smoke\8-ExceptionsSmoke.spec.ts","",""
"","12406","Clicking a column header sorts ascending, clicking again sorts descending","webkit","Mon Sep 28 10:20:30 UTC 2026","passed","Mon Sep 28 10:20:42 UTC 2026","Presented Checks — Smoke (Continued)","specs\Smoke\5-PresentedChecksSmoke.spec.ts","",""
"","9070","Account Settings sub-page loads correctly","firefox","Mon Sep 28 10:11:47 UTC 2026","passed","Mon Sep 28 10:11:57 UTC 2026","Application Navigation Smoke Tests","specs\Smoke\2-NavigationSmoke.spec.ts","",""
"","12886","Validate Login functionality with correctCredentials","webkit","Mon Sep 28 10:10:23 UTC 2026","passed","Mon Sep 28 10:10:36 UTC 2026","","specs\Smoke\1-LoginSmoke.spec.ts","",""
"","11546","Validate Login functionality with xssInUsername","firefox","Mon Sep 28 10:11:31 UTC 2026","passed","Mon Sep 28 10:11:43 UTC 2026","","specs\Smoke\1-LoginSmoke.spec.ts","",""
"","4895","Verify ACH Only tab shows ACH-specific chart sections","msedge","Mon Sep 28 10:13:53 UTC 2026","passed","Mon Sep 28 10:13:58 UTC 2026","Home Dashboard","specs\Smoke\3-HomeDashboardSmoke.spec.ts","",""
"","20465","File Processing sub-page loads correctly","webkit","Mon Sep 28 10:13:56 UTC 2026","passed","Mon Sep 28 10:14:16 UTC 2026","Application Navigation Smoke Tests","specs\Smoke\2-NavigationSmoke.spec.ts","",""
"","11800","Next page arrow advances to page 2","webkit","Mon Sep 28 10:21:06 UTC 2026","passed","Mon Sep 28 10:21:18 UTC 2026","ACH — Smoke","specs\Smoke\7-ACHSmoke.spec.ts","",""
"","11156","Grid loads with data rows and key column headers","webkit","Mon Sep 28 10:19:45 UTC 2026","passed","Mon Sep 28 10:19:56 UTC 2026","ACH — Smoke","specs\Smoke\7-ACHSmoke.spec.ts","",""
"","7466","Default Decision Log sub-page loads correctly","chromium","Mon Sep 28 10:27:18 UTC 2026","passed","Mon Sep 28 10:27:25 UTC 2026","Application Navigation Smoke Tests","specs\Smoke\2-NavigationSmoke.spec.ts","",""
"","10545","Issued Checks breadcrumb link is visible on the page","webkit","Mon Sep 28 10:19:13 UTC 2026","passed","Mon Sep 28 10:19:24 UTC 2026","Issued Checks — Smoke (Continued)","specs\Smoke\4-IssuedChecksSmoke.spec.ts","",""
"","5073","Users sub-page loads correctly","msedge","Mon Sep 28 10:12:56 UTC 2026","passed","Mon Sep 28 10:13:01 UTC 2026","Application Navigation Smoke Tests","specs\Smoke\2-NavigationSmoke.spec.ts","",""
"","9332","Excel export button is visible and enabled","webkit","Mon Sep 28 10:18:43 UTC 2026","passed","Mon Sep 28 10:18:52 UTC 2026","Presented Checks — Smoke","specs\Smoke\5-PresentedChecksSmoke.spec.ts","",""
"","6118","Last page arrow jumps to the final page","chromium","Mon Sep 28 10:32:29 UTC 2026","passed","Mon Sep 28 10:32:35 UTC 2026","Exceptions — Smoke > Exception History > Pagination","specs\Smoke\8-ExceptionsSmoke.spec.ts","",""
"","8705","Validate forgot password functionality","webkit","Mon Sep 28 10:12:11 UTC 2026","passed","Mon Sep 28 10:12:20 UTC 2026","","specs\Smoke\1-LoginSmoke.spec.ts","",""
"","9384","Validate forgot password functionality","firefox","Mon Sep 28 10:11:55 UTC 2026","passed","Mon Sep 28 10:12:05 UTC 2026","","specs\Smoke\1-LoginSmoke.spec.ts","",""
"","8913","Search box filters grid and clears correctly","chromium","Mon Sep 28 10:28:28 UTC 2026","passed","Mon Sep 28 10:28:37 UTC 2026","Issued Checks — Smoke","specs\Smoke\4-IssuedChecksSmoke.spec.ts","",""
"","8266","Validate session persists after page refresh","chromium","Mon Sep 28 10:26:22 UTC 2026","passed","Mon Sep 28 10:26:30 UTC 2026","","specs\Smoke\1-LoginSmoke.spec.ts","",""
"","10491","Save a filter preset, verify it is auto-selected, then delete it","chromium","Mon Sep 28 10:29:43 UTC 2026","passed","Mon Sep 28 10:29:53 UTC 2026","Issued Checks — Smoke (Continued)","specs\Smoke\4-IssuedChecksSmoke.spec.ts","",""
"","8944","Page size change to 10 updates pagination info in bottom-right pager","chromium","Mon Sep 28 10:32:09 UTC 2026","passed","Mon Sep 28 10:32:18 UTC 2026","Exceptions — Smoke > Exception History > Pagination","specs\Smoke\8-ExceptionsSmoke.spec.ts","",""
"","5620","Column filter menu applies a filter and Clear restores the full row set","chromium","Mon Sep 28 10:33:33 UTC 2026","passed","Mon Sep 28 10:33:38 UTC 2026","Exceptions — Smoke > Exception History > Column Filter","specs\Smoke\8-ExceptionsSmoke.spec.ts","",""
"","8517","Default filter auto-applies after logout and re-login","webkit","Mon Sep 28 10:22:10 UTC 2026","skipped","Mon Sep 28 10:22:19 UTC 2026","ACH — Smoke","specs\Smoke\7-ACHSmoke.spec.ts","",""
"","4992","Exceptions breadcrumb link is visible on the page","webkit","Mon Sep 28 10:25:00 UTC 2026","passed","Mon Sep 28 10:25:05 UTC 2026","Exceptions — Smoke > Exception History > Breadcrumb","specs\Smoke\8-ExceptionsSmoke.spec.ts","",""
"","12912","Typing a page number navigates to that page","webkit","Mon Sep 28 10:23:12 UTC 2026","passed","Mon Sep 28 10:23:25 UTC 2026","Exceptions — Smoke > Exception History > Pagination","specs\Smoke\8-ExceptionsSmoke.spec.ts","",""
"","3399","Exceptions breadcrumb link is visible on the page","chromium","Mon Sep 28 10:33:50 UTC 2026","passed","Mon Sep 28 10:33:53 UTC 2026","Exceptions — Smoke > Exception History > Breadcrumb","specs\Smoke\8-ExceptionsSmoke.spec.ts","",""
"","2567","Approvals page loads with either records or the empty-state message","chromium","Mon Sep 28 10:34:09 UTC 2026","passed","Mon Sep 28 10:34:12 UTC 2026","Exceptions — Smoke > Approvals","specs\Smoke\8-ExceptionsSmoke.spec.ts","",""
"","14992","Clicking a column header sorts ascending, clicking again sorts descending","firefox","Mon Sep 28 10:19:11 UTC 2026","passed","Mon Sep 28 10:19:26 UTC 2026","Issued Checks — Smoke (Continued)","specs\Smoke\4-IssuedChecksSmoke.spec.ts","",""
"","4627","Validate Login functionality with invalidEmailFormat","msedge","Mon Sep 28 10:12:28 UTC 2026","passed","Mon Sep 28 10:12:33 UTC 2026","","specs\Smoke\1-LoginSmoke.spec.ts","",""
"","5773","Last page arrow jumps to the final page","chromium","Mon Sep 28 10:30:06 UTC 2026","passed","Mon Sep 28 10:30:12 UTC 2026","Presented Checks — Smoke","specs\Smoke\5-PresentedChecksSmoke.spec.ts","",""
"","4406","Settings page loads correctly","chromium","Mon Sep 28 10:25:52 UTC 2026","passed","Mon Sep 28 10:25:56 UTC 2026","Application Navigation Smoke Tests","specs\Smoke\2-NavigationSmoke.spec.ts","",""
"","5573","Clicking a column header sorts ascending, clicking again sorts descending","chromium","Mon Sep 28 10:32:30 UTC 2026","passed","Mon Sep 28 10:32:35 UTC 2026","ACH — Smoke","specs\Smoke\7-ACHSmoke.spec.ts","",""
"","9523","Verify dashboard footer footnote and privacy link are visible","webkit","Mon Sep 28 10:16:09 UTC 2026","passed","Mon Sep 28 10:16:19 UTC 2026","Home Dashboard","specs\Smoke\3-HomeDashboardSmoke.spec.ts","",""
"","7063","Check Approval Rules sub-page loads correctly","chromium","Mon Sep 28 10:26:52 UTC 2026","passed","Mon Sep 28 10:26:59 UTC 2026","Application Navigation Smoke Tests","specs\Smoke\2-NavigationSmoke.spec.ts","",""
"","16284","Grid loads with data rows and key column headers","webkit","Mon Sep 28 10:14:56 UTC 2026","passed","Mon Sep 28 10:15:12 UTC 2026","Issued Checks — Smoke","specs\Smoke\4-IssuedChecksSmoke.spec.ts","",""
"","8444","Business Clients sub-page loads correctly","webkit","Mon Sep 28 10:11:41 UTC 2026","passed","Mon Sep 28 10:11:50 UTC 2026","Application Navigation Smoke Tests","specs\Smoke\2-NavigationSmoke.spec.ts","",""
"","4133","Account Settings sub-page loads correctly","msedge","Mon Sep 28 10:12:47 UTC 2026","passed","Mon Sep 28 10:12:51 UTC 2026","Application Navigation Smoke Tests","specs\Smoke\2-NavigationSmoke.spec.ts","",""
"","16314","""Delete"" on a row shows a confirm modal; Cancel dismisses it without deleting","firefox","Mon Sep 28 10:24:53 UTC 2026","passed","Mon Sep 28 10:25:09 UTC 2026","ACH — Smoke","specs\Smoke\7-ACHSmoke.spec.ts","",""
"","6508","Home page is accessible and shows dashboard","msedge","Mon Sep 28 10:12:02 UTC 2026","passed","Mon Sep 28 10:12:08 UTC 2026","Application Navigation Smoke Tests","specs\Smoke\2-NavigationSmoke.spec.ts","",""
"","4900","Clicking a column header sorts ascending, clicking again sorts descending","msedge","Mon Sep 28 10:16:47 UTC 2026","passed","Mon Sep 28 10:16:52 UTC 2026","Presented Checks — Smoke (Continued)","specs\Smoke\5-PresentedChecksSmoke.spec.ts","",""
"","21487","Verify chart title changes with selected tab","webkit","Mon Sep 28 10:14:55 UTC 2026","passed","Mon Sep 28 10:15:17 UTC 2026","Home Dashboard","specs\Smoke\3-HomeDashboardSmoke.spec.ts","",""
"","4875","Default filter auto-applies after logout and re-login","msedge","Mon Sep 28 10:15:36 UTC 2026","skipped","Mon Sep 28 10:15:41 UTC 2026","Issued Checks — Default Filter (Serial)","specs\Smoke\4-IssuedChecksSmoke.spec.ts","",""
"","5134","File Processing sub-page loads correctly","msedge","Mon Sep 28 10:14:13 UTC 2026","passed","Mon Sep 28 10:14:18 UTC 2026","Application Navigation Smoke Tests","specs\Smoke\2-NavigationSmoke.spec.ts","",""
"","4231","Validate Login functionality with incorrectUsername","chromium","Mon Sep 28 10:25:34 UTC 2026","passed","Mon Sep 28 10:25:38 UTC 2026","","specs\Smoke\1-LoginSmoke.spec.ts","",""
"","7387","Validate teller presented-check form shows all required fields","chromium","Mon Sep 28 10:30:29 UTC 2026","passed","Mon Sep 28 10:30:36 UTC 2026","Teller - Smoke","specs\Smoke\6-TellerSmoke.spec.ts","",""
"","4674","ACH page loads correctly","chromium","Mon Sep 28 10:25:43 UTC 2026","passed","Mon Sep 28 10:25:47 UTC 2026","Application Navigation Smoke Tests","specs\Smoke\2-NavigationSmoke.spec.ts","",""
"","7586","Exceptions page loads correctly","firefox","Mon Sep 28 10:11:31 UTC 2026","passed","Mon Sep 28 10:11:39 UTC 2026","Application Navigation Smoke Tests","specs\Smoke\2-NavigationSmoke.spec.ts","",""
"","14962","Search box filters grid and clears correctly","firefox","Mon Sep 28 10:21:49 UTC 2026","passed","Mon Sep 28 10:22:04 UTC 2026","ACH — Smoke","specs\Smoke\7-ACHSmoke.spec.ts","",""
"","13178","Verify Home dashboard is restored after returning from another page","webkit","Mon Sep 28 10:16:28 UTC 2026","passed","Mon Sep 28 10:16:42 UTC 2026","Home Dashboard","specs\Smoke\3-HomeDashboardSmoke.spec.ts","",""
"","5655","Saved Filters dropdown is visible and defaults to no preset","msedge","Mon Sep 28 10:18:22 UTC 2026","passed","Mon Sep 28 10:18:27 UTC 2026","Exceptions — Smoke > Exception History > Saved Filters","specs\Smoke\8-ExceptionsSmoke.spec.ts","",""
"","9408","Presented Checks breadcrumb link is visible on the page","webkit","Mon Sep 28 10:21:42 UTC 2026","passed","Mon Sep 28 10:21:51 UTC 2026","Presented Checks — Smoke (Continued)","specs\Smoke\5-PresentedChecksSmoke.spec.ts","",""
"","5369","""+ Add ACH"" navigates to the add-ACH form","msedge","Mon Sep 28 10:16:47 UTC 2026","passed","Mon Sep 28 10:16:53 UTC 2026","ACH — Smoke","specs\Smoke\7-ACHSmoke.spec.ts","",""
"","4383","Users sub-page loads correctly","chromium","Mon Sep 28 10:26:05 UTC 2026","passed","Mon Sep 28 10:26:09 UTC 2026","Application Navigation Smoke Tests","specs\Smoke\2-NavigationSmoke.spec.ts","",""
"","9353","Issued Checks page loads correctly","webkit","Mon Sep 28 10:10:44 UTC 2026","passed","Mon Sep 28 10:10:54 UTC 2026","Application Navigation Smoke Tests","specs\Smoke\2-NavigationSmoke.spec.ts","",""
"","7045","Clicking a column header sorts ascending, clicking again sorts descending","webkit","Mon Sep 28 10:24:21 UTC 2026","passed","Mon Sep 28 10:24:28 UTC 2026","Exceptions — Smoke > Exception History > Sorting","specs\Smoke\8-ExceptionsSmoke.spec.ts","",""
"","6773","Search box filters grid and clears correctly","chromium","Mon Sep 28 10:31:15 UTC 2026","passed","Mon Sep 28 10:31:22 UTC 2026","ACH — Smoke","specs\Smoke\7-ACHSmoke.spec.ts","",""
"","9264","Notification Templates sub-page loads correctly","firefox","Mon Sep 28 10:13:27 UTC 2026","passed","Mon Sep 28 10:13:36 UTC 2026","Application Navigation Smoke Tests","specs\Smoke\2-NavigationSmoke.spec.ts","",""
"","7819","Page size change to 10 updates pagination info in bottom-right pager","chromium","Mon Sep 28 10:29:51 UTC 2026","passed","Mon Sep 28 10:29:58 UTC 2026","Presented Checks — Smoke","specs\Smoke\5-PresentedChecksSmoke.spec.ts","",""
"","6348","Typing a page number navigates to that page","chromium","Mon Sep 28 10:32:35 UTC 2026","passed","Mon Sep 28 10:32:41 UTC 2026","Exceptions — Smoke > Exception History > Pagination","specs\Smoke\8-ExceptionsSmoke.spec.ts","",""
"","22815","API link is visible and points to swagger","firefox","Mon Sep 28 10:15:20 UTC 2026","passed","Mon Sep 28 10:15:43 UTC 2026","Application Navigation Smoke Tests","specs\Smoke\2-NavigationSmoke.spec.ts","",""
"","9790","""View"" link on a row opens the Exception Details dialog","firefox","Mon Sep 28 10:25:49 UTC 2026","passed","Mon Sep 28 10:25:59 UTC 2026","Exceptions — Smoke > Exception History > Row Actions","specs\Smoke\8-ExceptionsSmoke.spec.ts","",""
"","8972","Verify Home dashboard is restored after returning from another page","chromium","Mon Sep 28 10:28:36 UTC 2026","passed","Mon Sep 28 10:28:45 UTC 2026","Home Dashboard","specs\Smoke\3-HomeDashboardSmoke.spec.ts","",""
"","4652","Pre-Decisions page loads with either records or the empty-state message","firefox","Mon Sep 28 10:26:41 UTC 2026","passed","Mon Sep 28 10:26:45 UTC 2026","Exceptions — Smoke > Pre-Decisions","specs\Smoke\8-ExceptionsSmoke.spec.ts","",""
"","5097","Clicking a column header sorts ascending, clicking again sorts descending","msedge","Mon Sep 28 10:15:51 UTC 2026","passed","Mon Sep 28 10:15:56 UTC 2026","Issued Checks — Smoke (Continued)","specs\Smoke\4-IssuedChecksSmoke.spec.ts","",""
"","13247","Clicking a column header sorts ascending, clicking again sorts descending","webkit","Mon Sep 28 10:22:44 UTC 2026","passed","Mon Sep 28 10:22:57 UTC 2026","ACH — Smoke","specs\Smoke\7-ACHSmoke.spec.ts","",""
"","6200","Typing a page number navigates to that page","chromium","Mon Sep 28 10:31:43 UTC 2026","passed","Mon Sep 28 10:31:50 UTC 2026","ACH — Smoke","specs\Smoke\7-ACHSmoke.spec.ts","",""
"","4511","Validate Login functionality with missingPassword","chromium","Mon Sep 28 10:25:47 UTC 2026","passed","Mon Sep 28 10:25:51 UTC 2026","","specs\Smoke\1-LoginSmoke.spec.ts","",""
"","24843","Save a filter preset, verify it is auto-selected, then delete it","webkit","Mon Sep 28 10:23:55 UTC 2026","passed","Mon Sep 28 10:24:20 UTC 2026","Exceptions — Smoke > Exception History > Saved Filters","specs\Smoke\8-ExceptionsSmoke.spec.ts","",""
"","11466","ACH page loads correctly","firefox","Mon Sep 28 10:11:20 UTC 2026","passed","Mon Sep 28 10:11:31 UTC 2026","Application Navigation Smoke Tests","specs\Smoke\2-NavigationSmoke.spec.ts","",""
"","6831","Verify Total Exceptions and Total Exception Amount labels are visible","chromium","Mon Sep 28 10:27:58 UTC 2026","passed","Mon Sep 28 10:28:05 UTC 2026","Home Dashboard","specs\Smoke\3-HomeDashboardSmoke.spec.ts","",""
"","9395","Default filter auto-applies after logout and re-login","webkit","Mon Sep 28 10:19:57 UTC 2026","skipped","Mon Sep 28 10:20:07 UTC 2026","Presented Checks — Default Filter (Serial)","specs\Smoke\5-PresentedChecksSmoke.spec.ts","",""
"","5158","Exceptions page loads correctly","msedge","Mon Sep 28 10:12:37 UTC 2026","passed","Mon Sep 28 10:12:42 UTC 2026","Application Navigation Smoke Tests","specs\Smoke\2-NavigationSmoke.spec.ts","",""
"","22720","Save a filter preset, verify it is auto-selected, then delete it","webkit","Mon Sep 28 10:20:07 UTC 2026","passed","Mon Sep 28 10:20:30 UTC 2026","Presented Checks — Smoke (Continued)","specs\Smoke\5-PresentedChecksSmoke.spec.ts","",""
"","10463","Verify navigation to Issued Checks via nav menu","firefox","Mon Sep 28 10:16:30 UTC 2026","passed","Mon Sep 28 10:16:40 UTC 2026","Home Dashboard","specs\Smoke\3-HomeDashboardSmoke.spec.ts","",""
"","10697","Roles/Permissions sub-page loads correctly","firefox","Mon Sep 28 10:12:20 UTC 2026","passed","Mon Sep 28 10:12:31 UTC 2026","Application Navigation Smoke Tests","specs\Smoke\2-NavigationSmoke.spec.ts","",""
"","12865","Verify Total Exceptions and Total Exception Amount labels are visible","firefox","Mon Sep 28 10:14:54 UTC 2026","passed","Mon Sep 28 10:15:07 UTC 2026","Home Dashboard","specs\Smoke\3-HomeDashboardSmoke.spec.ts","",""
"","5550","Verify navigation to Issued Checks via nav menu","msedge","Mon Sep 28 10:14:51 UTC 2026","passed","Mon Sep 28 10:14:56 UTC 2026","Home Dashboard","specs\Smoke\3-HomeDashboardSmoke.spec.ts","",""
"","9743","Verify navigation to Exceptions via nav menu","webkit","Mon Sep 28 10:17:16 UTC 2026","passed","Mon Sep 28 10:17:26 UTC 2026","Home Dashboard","specs\Smoke\3-HomeDashboardSmoke.spec.ts","",""
"","13022","Typing a page number navigates to that page","webkit","Mon Sep 28 10:21:29 UTC 2026","passed","Mon Sep 28 10:21:42 UTC 2026","ACH — Smoke","specs\Smoke\7-ACHSmoke.spec.ts","",""
"","4790","Roles/Permissions sub-page loads correctly","msedge","Mon Sep 28 10:13:01 UTC 2026","passed","Mon Sep 28 10:13:06 UTC 2026","Application Navigation Smoke Tests","specs\Smoke\2-NavigationSmoke.spec.ts","",""
"","5097","Verify dashboard footer footnote and privacy link are visible","msedge","Mon Sep 28 10:14:34 UTC 2026","passed","Mon Sep 28 10:14:39 UTC 2026","Home Dashboard","specs\Smoke\3-HomeDashboardSmoke.spec.ts","",""
"","12567","Verify summary KPI values have expected number formats","firefox","Mon Sep 28 10:15:07 UTC 2026","passed","Mon Sep 28 10:15:19 UTC 2026","Home Dashboard","specs\Smoke\3-HomeDashboardSmoke.spec.ts","",""
"","5301","Saved Filters dropdown is visible and defaults to no preset","msedge","Mon Sep 28 10:15:31 UTC 2026","passed","Mon Sep 28 10:15:36 UTC 2026","Issued Checks — Smoke","specs\Smoke\4-IssuedChecksSmoke.spec.ts","",""
"","9687","""Edit"" link on a row navigates to the check edit form","webkit","Mon Sep 28 10:18:38 UTC 2026","passed","Mon Sep 28 10:18:48 UTC 2026","Issued Checks — Smoke (Continued)","specs\Smoke\4-IssuedChecksSmoke.spec.ts","",""
"","4460","Exceptions page loads correctly","chromium","Mon Sep 28 10:25:47 UTC 2026","passed","Mon Sep 28 10:25:52 UTC 2026","Application Navigation Smoke Tests","specs\Smoke\2-NavigationSmoke.spec.ts","",""
"","5821","Last page arrow jumps to the final page","chromium","Mon Sep 28 10:28:56 UTC 2026","passed","Mon Sep 28 10:29:02 UTC 2026","Issued Checks — Smoke","specs\Smoke\4-IssuedChecksSmoke.spec.ts","",""
"","5467","""Delete"" on a row shows a confirm modal; Cancel dismisses it without deleting","msedge","Mon Sep 28 10:17:10 UTC 2026","passed","Mon Sep 28 10:17:16 UTC 2026","Presented Checks — Smoke (Continued)","specs\Smoke\5-PresentedChecksSmoke.spec.ts","",""
"","7194","Grid View toggle navigates to the open-exceptions grid and shows key column headers","firefox","Mon Sep 28 10:26:28 UTC 2026","passed","Mon Sep 28 10:26:35 UTC 2026","Exceptions — Smoke > Open Exceptions","specs\Smoke\8-ExceptionsSmoke.spec.ts","",""
"","6273","Notification Log sub-page loads correctly","msedge","Mon Sep 28 10:13:57 UTC 2026","passed","Mon Sep 28 10:14:03 UTC 2026","Application Navigation Smoke Tests","specs\Smoke\2-NavigationSmoke.spec.ts","",""
"","23567","Save a filter preset, verify it is auto-selected, then delete it","webkit","Mon Sep 28 10:17:43 UTC 2026","passed","Mon Sep 28 10:18:06 UTC 2026","Issued Checks — Smoke (Continued)","specs\Smoke\4-IssuedChecksSmoke.spec.ts","",""
"","4564","Issued Checks breadcrumb link is visible on the page","chromium","Mon Sep 28 10:30:24 UTC 2026","passed","Mon Sep 28 10:30:29 UTC 2026","Issued Checks — Smoke (Continued)","specs\Smoke\4-IssuedChecksSmoke.spec.ts","",""
"","8693","Verify all three dashboard view tabs are visible","chromium","Mon Sep 28 10:27:00 UTC 2026","passed","Mon Sep 28 10:27:09 UTC 2026","Home Dashboard","specs\Smoke\3-HomeDashboardSmoke.spec.ts","",""
"","10124","""+ Add Check"" navigates to the add-check form","webkit","Mon Sep 28 10:18:04 UTC 2026","passed","Mon Sep 28 10:18:14 UTC 2026","Presented Checks — Smoke","specs\Smoke\5-PresentedChecksSmoke.spec.ts","",""
"","8610","Validate forgot password with unregistered email","webkit","Mon Sep 28 10:12:30 UTC 2026","passed","Mon Sep 28 10:12:39 UTC 2026","","specs\Smoke\1-LoginSmoke.spec.ts","",""
"","7615","Validate session persists after page refresh","msedge","Mon Sep 28 10:13:14 UTC 2026","passed","Mon Sep 28 10:13:22 UTC 2026","","specs\Smoke\1-LoginSmoke.spec.ts","",""
"","9500","""+ Add Check"" navigates to the add-check form","webkit","Mon Sep 28 10:15:37 UTC 2026","passed","Mon Sep 28 10:15:46 UTC 2026","Issued Checks — Smoke","specs\Smoke\4-IssuedChecksSmoke.spec.ts","",""
"","16574","Column filter popup applies a filter and Clear restores the full row set","firefox","Mon Sep 28 10:24:25 UTC 2026","passed","Mon Sep 28 10:24:41 UTC 2026","ACH — Smoke","specs\Smoke\7-ACHSmoke.spec.ts","",""
"","4628","Next page arrow advances to page 2","msedge","Mon Sep 28 10:15:08 UTC 2026","passed","Mon Sep 28 10:15:13 UTC 2026","Issued Checks — Smoke","specs\Smoke\4-IssuedChecksSmoke.spec.ts","",""
"","18236","Verify chart title changes with selected tab","firefox","Mon Sep 28 10:14:16 UTC 2026","passed","Mon Sep 28 10:14:34 UTC 2026","Home Dashboard","specs\Smoke\3-HomeDashboardSmoke.spec.ts","",""
"","6821","Roles/Permissions sub-page loads correctly","webkit","Mon Sep 28 10:11:58 UTC 2026","passed","Mon Sep 28 10:12:05 UTC 2026","Application Navigation Smoke Tests","specs\Smoke\2-NavigationSmoke.spec.ts","",""
"","3713","Clicking a column header sorts ascending, clicking again sorts descending","chromium","Mon Sep 28 10:33:29 UTC 2026","passed","Mon Sep 28 10:33:33 UTC 2026","Exceptions — Smoke > Exception History > Sorting","specs\Smoke\8-ExceptionsSmoke.spec.ts","",""
"","8320","ACH page loads correctly","webkit","Mon Sep 28 10:11:08 UTC 2026","passed","Mon Sep 28 10:11:16 UTC 2026","Application Navigation Smoke Tests","specs\Smoke\2-NavigationSmoke.spec.ts","",""
"","12678","Saved Filters dropdown is visible and defaults to no preset","firefox","Mon Sep 28 10:20:07 UTC 2026","passed","Mon Sep 28 10:20:20 UTC 2026","Presented Checks — Smoke","specs\Smoke\5-PresentedChecksSmoke.spec.ts","",""
