"DESCRIPTION","DURATION IN MS","NAME","PARENT SUITE","START TIME","STATUS","STOP TIME","SUB SUITE","SUITE","TEST CLASS","TEST METHOD"
"","5301","Validate Login functionality with missingPassword","msedge","Thu Sep 10 10:30:58 UTC 2026","passed","Thu Sep 10 10:31:03 UTC 2026","","specs\Smoke\1-LoginSmoke.spec.ts","",""
"","8247","Default filter auto-applies after logout and re-login","msedge","Thu Sep 10 10:39:06 UTC 2026","skipped","Thu Sep 10 10:39:14 UTC 2026","ACH — Smoke","specs\Smoke\7-ACHSmoke.spec.ts","",""
"","15707","Default filter auto-applies after logout and re-login","webkit","Thu Sep 10 10:22:11 UTC 2026","skipped","Thu Sep 10 10:22:27 UTC 2026","Presented Checks — Default Filter (Serial)","specs\Smoke\5-PresentedChecksSmoke.spec.ts","",""
"","12903","Previous page button returns to page 1, First page button re-enables disabled state","chromium","Thu Sep 10 10:16:53 UTC 2026","passed","Thu Sep 10 10:17:06 UTC 2026","Issued Checks — Smoke","specs\Smoke\4-IssuedChecksSmoke.spec.ts","",""
"","10639","Default Decision Log sub-page loads correctly","msedge","Thu Sep 10 10:33:27 UTC 2026","passed","Thu Sep 10 10:33:37 UTC 2026","Application Navigation Smoke Tests","specs\Smoke\2-NavigationSmoke.spec.ts","",""
"","8306","Validate forgot password functionality with No email","firefox","Thu Sep 10 10:12:00 UTC 2026","passed","Thu Sep 10 10:12:08 UTC 2026","","specs\Smoke\1-LoginSmoke.spec.ts","",""
"","10485","Default Decision Log sub-page loads correctly","chromium","Thu Sep 10 10:14:04 UTC 2026","passed","Thu Sep 10 10:14:15 UTC 2026","Application Navigation Smoke Tests","specs\Smoke\2-NavigationSmoke.spec.ts","",""
"","16809","Typing a page number navigates to that page","firefox","Thu Sep 10 10:19:24 UTC 2026","passed","Thu Sep 10 10:19:41 UTC 2026","Issued Checks — Smoke","specs\Smoke\4-IssuedChecksSmoke.spec.ts","",""
"","15881","Saved Filters dropdown is visible and defaults to no preset","webkit","Thu Sep 10 10:21:56 UTC 2026","passed","Thu Sep 10 10:22:11 UTC 2026","Presented Checks — Smoke","specs\Smoke\5-PresentedChecksSmoke.spec.ts","",""
"","25501","ACH Approval Rules sub-page loads correctly","webkit","Thu Sep 10 10:15:58 UTC 2026","passed","Thu Sep 10 10:16:24 UTC 2026","Application Navigation Smoke Tests","specs\Smoke\2-NavigationSmoke.spec.ts","",""
"","18108","Page size change to 10 updates pagination info in bottom-right pager","firefox","Thu Sep 10 10:24:05 UTC 2026","passed","Thu Sep 10 10:24:23 UTC 2026","Exceptions — Smoke","specs\Smoke\8-ExceptionsSmoke.spec.ts","",""
"","4242","Pre-Decisions page loads with either records or the empty-state message","msedge","Thu Sep 10 10:40:57 UTC 2026","passed","Thu Sep 10 10:41:01 UTC 2026","Exceptions — Smoke (Continued)","specs\Smoke\8-ExceptionsSmoke.spec.ts","",""
"","10753","Last page arrow jumps to the final page","msedge","Thu Sep 10 10:35:12 UTC 2026","passed","Thu Sep 10 10:35:23 UTC 2026","Issued Checks — Smoke","specs\Smoke\4-IssuedChecksSmoke.spec.ts","",""
"","13810","Previous page button returns to page 1, First page button re-enables disabled state","msedge","Thu Sep 10 10:36:00 UTC 2026","passed","Thu Sep 10 10:36:14 UTC 2026","Presented Checks — Smoke","specs\Smoke\5-PresentedChecksSmoke.spec.ts","",""
"","10934","Typing a page number navigates to that page","chromium","Thu Sep 10 10:20:57 UTC 2026","passed","Thu Sep 10 10:21:08 UTC 2026","ACH — Smoke","specs\Smoke\7-ACHSmoke.spec.ts","",""
"","8672","Automatic Check Decision Rules sub-page loads correctly","msedge","Thu Sep 10 10:32:45 UTC 2026","passed","Thu Sep 10 10:32:54 UTC 2026","Application Navigation Smoke Tests","specs\Smoke\2-NavigationSmoke.spec.ts","",""
"","8840","Grid View toggle navigates to the open-exceptions grid and shows key column headers","chromium","Thu Sep 10 10:23:32 UTC 2026","passed","Thu Sep 10 10:23:41 UTC 2026","Exceptions — Smoke (Continued)","specs\Smoke\8-ExceptionsSmoke.spec.ts","",""
"","8648","Validate Login functionality with invalidEmailFormat","webkit","Thu Sep 10 10:11:22 UTC 2026","passed","Thu Sep 10 10:11:31 UTC 2026","","specs\Smoke\1-LoginSmoke.spec.ts","",""
"","23452","Previous page button returns to page 1, First page button re-enables disabled state","webkit","Thu Sep 10 10:27:16 UTC 2026","passed","Thu Sep 10 10:27:39 UTC 2026","Exceptions — Smoke","specs\Smoke\8-ExceptionsSmoke.spec.ts","",""
"","15026","File Formats sub-page loads correctly","webkit","Thu Sep 10 10:14:09 UTC 2026","passed","Thu Sep 10 10:14:25 UTC 2026","Application Navigation Smoke Tests","specs\Smoke\2-NavigationSmoke.spec.ts","",""
"","11412","Grid loads with data rows and key column headers","chromium","Thu Sep 10 10:19:29 UTC 2026","passed","Thu Sep 10 10:19:40 UTC 2026","ACH — Smoke","specs\Smoke\7-ACHSmoke.spec.ts","",""
"","26372","Decision badge on an already-reviewed row is blocked with a system message","webkit","Thu Sep 10 10:29:50 UTC 2026","passed","Thu Sep 10 10:30:16 UTC 2026","Exceptions — Smoke (Continued)","specs\Smoke\8-ExceptionsSmoke.spec.ts","",""
"","18472","""Delete"" on a row shows a confirm modal; Cancel dismisses it without deleting","webkit","Thu Sep 10 10:23:26 UTC 2026","passed","Thu Sep 10 10:23:44 UTC 2026","Issued Checks — Smoke (Continued)","specs\Smoke\4-IssuedChecksSmoke.spec.ts","",""
"","7125","Validate Login functionality with missingUsername","firefox","Thu Sep 10 10:11:21 UTC 2026","passed","Thu Sep 10 10:11:29 UTC 2026","","specs\Smoke\1-LoginSmoke.spec.ts","",""
"","5301","Validate Login functionality with xssInUsername","msedge","Thu Sep 10 10:31:12 UTC 2026","passed","Thu Sep 10 10:31:18 UTC 2026","","specs\Smoke\1-LoginSmoke.spec.ts","",""
"","14017","Verify navigation to Settings via nav menu","webkit","Thu Sep 10 10:18:39 UTC 2026","passed","Thu Sep 10 10:18:53 UTC 2026","Home Dashboard","specs\Smoke\3-HomeDashboardSmoke.spec.ts","",""
"","29294","Default filter auto-applies after logout and re-login","chromium","Thu Sep 10 10:21:30 UTC 2026","passed","Thu Sep 10 10:22:00 UTC 2026","ACH — Smoke","specs\Smoke\7-ACHSmoke.spec.ts","",""
"","15543","Excel export button is visible and enabled","firefox","Thu Sep 10 10:18:14 UTC 2026","passed","Thu Sep 10 10:18:30 UTC 2026","Presented Checks — Smoke","specs\Smoke\5-PresentedChecksSmoke.spec.ts","",""
"","9194","Branding sub-page loads correctly","chromium","Thu Sep 10 10:12:14 UTC 2026","passed","Thu Sep 10 10:12:23 UTC 2026","Application Navigation Smoke Tests","specs\Smoke\2-NavigationSmoke.spec.ts","",""
"","13390","Home page is accessible and shows dashboard","chromium","Thu Sep 10 10:10:35 UTC 2026","passed","Thu Sep 10 10:10:48 UTC 2026","Application Navigation Smoke Tests","specs\Smoke\2-NavigationSmoke.spec.ts","",""
"","9123","Exception History grid loads with data rows and key column headers","msedge","Thu Sep 10 10:37:52 UTC 2026","passed","Thu Sep 10 10:38:01 UTC 2026","Exceptions — Smoke","specs\Smoke\8-ExceptionsSmoke.spec.ts","",""
"","6687","Validate Login functionality with caseSensitiveEmail","msedge","Thu Sep 10 10:30:31 UTC 2026","passed","Thu Sep 10 10:30:38 UTC 2026","","specs\Smoke\1-LoginSmoke.spec.ts","",""
"","16863","Next page arrow advances to page 2","firefox","Thu Sep 10 10:18:46 UTC 2026","passed","Thu Sep 10 10:19:03 UTC 2026","Presented Checks — Smoke","specs\Smoke\5-PresentedChecksSmoke.spec.ts","",""
"","7857","Exceptions page loads correctly","chromium","Thu Sep 10 10:11:23 UTC 2026","passed","Thu Sep 10 10:11:31 UTC 2026","Application Navigation Smoke Tests","specs\Smoke\2-NavigationSmoke.spec.ts","",""
"","10771","Column filter popup applies a filter and Clear restores the full row set","msedge","Thu Sep 10 10:39:38 UTC 2026","passed","Thu Sep 10 10:39:48 UTC 2026","ACH — Smoke","specs\Smoke\7-ACHSmoke.spec.ts","",""
"","14594","""Uploaded Checks"" navigates to the uploads page","chromium","Thu Sep 10 10:15:42 UTC 2026","passed","Thu Sep 10 10:15:57 UTC 2026","Presented Checks — Smoke","specs\Smoke\5-PresentedChecksSmoke.spec.ts","",""
"","28405","Save a filter preset, verify it is auto-selected, then delete it","webkit","Thu Sep 10 10:27:53 UTC 2026","passed","Thu Sep 10 10:28:21 UTC 2026","ACH — Smoke","specs\Smoke\7-ACHSmoke.spec.ts","",""
"","11116","""Delete"" on a row shows a confirm modal; Cancel dismisses it without deleting","chromium","Thu Sep 10 10:18:57 UTC 2026","passed","Thu Sep 10 10:19:08 UTC 2026","Issued Checks — Smoke (Continued)","specs\Smoke\4-IssuedChecksSmoke.spec.ts","",""
"","7176","Navigation tabs to Pre-Decisions, Approvals, and Exception History are visible","msedge","Thu Sep 10 10:40:31 UTC 2026","passed","Thu Sep 10 10:40:38 UTC 2026","Exceptions — Smoke (Continued)","specs\Smoke\8-ExceptionsSmoke.spec.ts","",""
"","8504","Billing Reports sub-page loads correctly","msedge","Thu Sep 10 10:31:57 UTC 2026","passed","Thu Sep 10 10:32:06 UTC 2026","Application Navigation Smoke Tests","specs\Smoke\2-NavigationSmoke.spec.ts","",""
"","7842","Verify navigation to Issued Checks via nav menu","msedge","Thu Sep 10 10:34:00 UTC 2026","passed","Thu Sep 10 10:34:08 UTC 2026","Home Dashboard","specs\Smoke\3-HomeDashboardSmoke.spec.ts","",""
"","9038","Search box filters grid and clears correctly","msedge","Thu Sep 10 10:37:52 UTC 2026","passed","Thu Sep 10 10:38:01 UTC 2026","ACH — Smoke","specs\Smoke\7-ACHSmoke.spec.ts","",""
"","16190","Grid loads with data rows and key column headers","chromium","Thu Sep 10 10:15:11 UTC 2026","passed","Thu Sep 10 10:15:27 UTC 2026","Presented Checks — Smoke","specs\Smoke\5-PresentedChecksSmoke.spec.ts","",""
"","9623","Saved Filters dropdown is visible and defaults to no preset","chromium","Thu Sep 10 10:21:21 UTC 2026","passed","Thu Sep 10 10:21:30 UTC 2026","ACH — Smoke","specs\Smoke\7-ACHSmoke.spec.ts","",""
"","20011","Previous page button returns to page 1, First page button re-enables disabled state","firefox","Thu Sep 10 10:25:11 UTC 2026","passed","Thu Sep 10 10:25:31 UTC 2026","Exceptions — Smoke","specs\Smoke\8-ExceptionsSmoke.spec.ts","",""
"","15652","Exceptions breadcrumb link is visible on the page","firefox","Thu Sep 10 10:27:46 UTC 2026","passed","Thu Sep 10 10:28:02 UTC 2026","Exceptions — Smoke (Continued)","specs\Smoke\8-ExceptionsSmoke.spec.ts","",""
"","18103","Search box filters grid and clears correctly","webkit","Thu Sep 10 10:25:27 UTC 2026","passed","Thu Sep 10 10:25:45 UTC 2026","Exceptions — Smoke","specs\Smoke\8-ExceptionsSmoke.spec.ts","",""
"","18327","Page size change to 10 updates pagination info in bottom-right pager","webkit","Thu Sep 10 10:19:32 UTC 2026","passed","Thu Sep 10 10:19:50 UTC 2026","Issued Checks — Smoke","specs\Smoke\4-IssuedChecksSmoke.spec.ts","",""
"","4570","Validate Login functionality with invalidEmailFormat","chromium","Thu Sep 10 10:11:05 UTC 2026","passed","Thu Sep 10 10:11:09 UTC 2026","","specs\Smoke\1-LoginSmoke.spec.ts","",""
"","9015","Verify Check Only tab shows Check-specific chart sections","chromium","Thu Sep 10 10:12:34 UTC 2026","passed","Thu Sep 10 10:12:43 UTC 2026","Home Dashboard","specs\Smoke\3-HomeDashboardSmoke.spec.ts","",""
"","11510","File Processing sub-page loads correctly","chromium","Thu Sep 10 10:14:26 UTC 2026","passed","Thu Sep 10 10:14:37 UTC 2026","Application Navigation Smoke Tests","specs\Smoke\2-NavigationSmoke.spec.ts","",""
"","10013","Holiday Schedules sub-page loads correctly","chromium","Thu Sep 10 10:12:43 UTC 2026","passed","Thu Sep 10 10:12:53 UTC 2026","Application Navigation Smoke Tests","specs\Smoke\2-NavigationSmoke.spec.ts","",""
"","8977","Saved Filters dropdown is visible and defaults to no preset","msedge","Thu Sep 10 10:38:57 UTC 2026","passed","Thu Sep 10 10:39:06 UTC 2026","ACH — Smoke","specs\Smoke\7-ACHSmoke.spec.ts","",""
"","25849","Save a filter preset, verify it is auto-selected, then delete it","firefox","Thu Sep 10 10:20:33 UTC 2026","passed","Thu Sep 10 10:20:59 UTC 2026","Presented Checks — Smoke (Continued)","specs\Smoke\5-PresentedChecksSmoke.spec.ts","",""
"","11354","Last page arrow jumps to the final page","chromium","Thu Sep 10 10:20:46 UTC 2026","passed","Thu Sep 10 10:20:57 UTC 2026","ACH — Smoke","specs\Smoke\7-ACHSmoke.spec.ts","",""
"","9657","Excel export button is visible and enabled","msedge","Thu Sep 10 10:38:01 UTC 2026","passed","Thu Sep 10 10:38:10 UTC 2026","ACH — Smoke","specs\Smoke\7-ACHSmoke.spec.ts","",""
"","19476","""Uploaded Checks"" navigates to the uploads page","webkit","Thu Sep 10 10:19:31 UTC 2026","passed","Thu Sep 10 10:19:50 UTC 2026","Presented Checks — Smoke","specs\Smoke\5-PresentedChecksSmoke.spec.ts","",""
"","9986","Verify navigation to Exceptions via nav menu","chromium","Thu Sep 10 10:14:48 UTC 2026","passed","Thu Sep 10 10:14:58 UTC 2026","Home Dashboard","specs\Smoke\3-HomeDashboardSmoke.spec.ts","",""
"","23989","Automatic Check Decision Rules sub-page loads correctly","webkit","Thu Sep 10 10:14:41 UTC 2026","passed","Thu Sep 10 10:15:05 UTC 2026","Application Navigation Smoke Tests","specs\Smoke\2-NavigationSmoke.spec.ts","",""
"","10455","Last page arrow jumps to the final page","chromium","Thu Sep 10 10:20:35 UTC 2026","passed","Thu Sep 10 10:20:45 UTC 2026","Exceptions — Smoke","specs\Smoke\8-ExceptionsSmoke.spec.ts","",""
"","12028","Search box filters grid and clears correctly","chromium","Thu Sep 10 10:20:01 UTC 2026","passed","Thu Sep 10 10:20:13 UTC 2026","ACH — Smoke","specs\Smoke\7-ACHSmoke.spec.ts","",""
"","15520","API link is visible and points to swagger","firefox","Thu Sep 10 10:16:36 UTC 2026","passed","Thu Sep 10 10:16:51 UTC 2026","Application Navigation Smoke Tests","specs\Smoke\2-NavigationSmoke.spec.ts","",""
"","20100","Clicking a column header sorts ascending, clicking again sorts descending","webkit","Thu Sep 10 10:28:21 UTC 2026","passed","Thu Sep 10 10:28:41 UTC 2026","ACH — Smoke","specs\Smoke\7-ACHSmoke.spec.ts","",""
"","11787","Decision badge on an already-reviewed row is blocked with a system message","msedge","Thu Sep 10 10:40:11 UTC 2026","passed","Thu Sep 10 10:40:23 UTC 2026","Exceptions — Smoke (Continued)","specs\Smoke\8-ExceptionsSmoke.spec.ts","",""
"","14408","ACH Approval Rules sub-page loads correctly","firefox","Thu Sep 10 10:15:24 UTC 2026","passed","Thu Sep 10 10:15:38 UTC 2026","Application Navigation Smoke Tests","specs\Smoke\2-NavigationSmoke.spec.ts","",""
"","12983","Clicking a column header sorts ascending, clicking again sorts descending","chromium","Thu Sep 10 10:22:09 UTC 2026","passed","Thu Sep 10 10:22:22 UTC 2026","Exceptions — Smoke (Continued)","specs\Smoke\8-ExceptionsSmoke.spec.ts","",""
"","8196","Validate Login functionality with xssInUsername","webkit","Thu Sep 10 10:12:08 UTC 2026","passed","Thu Sep 10 10:12:16 UTC 2026","","specs\Smoke\1-LoginSmoke.spec.ts","",""
"","13716","Default Decision Log sub-page loads correctly","webkit","Thu Sep 10 10:16:47 UTC 2026","passed","Thu Sep 10 10:17:01 UTC 2026","Application Navigation Smoke Tests","specs\Smoke\2-NavigationSmoke.spec.ts","",""
"","7514","Validate forgot password functionality","firefox","Thu Sep 10 10:11:52 UTC 2026","passed","Thu Sep 10 10:12:00 UTC 2026","","specs\Smoke\1-LoginSmoke.spec.ts","",""
"","17248","""Delete"" on a row shows a confirm modal; Cancel dismisses it without deleting","firefox","Thu Sep 10 10:27:58 UTC 2026","passed","Thu Sep 10 10:28:16 UTC 2026","ACH — Smoke","specs\Smoke\7-ACHSmoke.spec.ts","",""
"","6889","Verify Total Exceptions and Total Exception Amount labels are visible","msedge","Thu Sep 10 10:33:10 UTC 2026","passed","Thu Sep 10 10:33:17 UTC 2026","Home Dashboard","specs\Smoke\3-HomeDashboardSmoke.spec.ts","",""
"","10911","Validate session persists after page refresh","firefox","Thu Sep 10 10:12:17 UTC 2026","passed","Thu Sep 10 10:12:28 UTC 2026","","specs\Smoke\1-LoginSmoke.spec.ts","",""
"","9505","Decision Files sub-page loads correctly","chromium","Thu Sep 10 10:12:33 UTC 2026","passed","Thu Sep 10 10:12:43 UTC 2026","Application Navigation Smoke Tests","specs\Smoke\2-NavigationSmoke.spec.ts","",""
"","8190","Account Settings sub-page loads correctly","chromium","Thu Sep 10 10:11:40 UTC 2026","passed","Thu Sep 10 10:11:48 UTC 2026","Application Navigation Smoke Tests","specs\Smoke\2-NavigationSmoke.spec.ts","",""
"","16414","Default filter auto-applies after logout and re-login","webkit","Thu Sep 10 10:21:24 UTC 2026","skipped","Thu Sep 10 10:21:40 UTC 2026","Issued Checks — Default Filter (Serial)","specs\Smoke\4-IssuedChecksSmoke.spec.ts","",""
"","15113","Pay/Return decision badge navigates to exception history","msedge","Thu Sep 10 10:40:09 UTC 2026","passed","Thu Sep 10 10:40:24 UTC 2026","ACH — Smoke","specs\Smoke\7-ACHSmoke.spec.ts","",""
"","8064","Issued Checks breadcrumb link is visible on the page","msedge","Thu Sep 10 10:37:07 UTC 2026","passed","Thu Sep 10 10:37:15 UTC 2026","Issued Checks — Smoke (Continued)","specs\Smoke\4-IssuedChecksSmoke.spec.ts","",""
"","7750","Verify navigation to Settings via nav menu","msedge","Thu Sep 10 10:34:32 UTC 2026","passed","Thu Sep 10 10:34:40 UTC 2026","Home Dashboard","specs\Smoke\3-HomeDashboardSmoke.spec.ts","",""
"","8710","Last page arrow jumps to the final page","msedge","Thu Sep 10 10:35:42 UTC 2026","passed","Thu Sep 10 10:35:51 UTC 2026","Presented Checks — Smoke","specs\Smoke\5-PresentedChecksSmoke.spec.ts","",""
"","17114","Presented Checks breadcrumb link is visible on the page","firefox","Thu Sep 10 10:22:49 UTC 2026","passed","Thu Sep 10 10:23:06 UTC 2026","Presented Checks — Smoke (Continued)","specs\Smoke\5-PresentedChecksSmoke.spec.ts","",""
"","9686","Open Exceptions page loads with either exception cards or the empty-state message","chromium","Thu Sep 10 10:23:23 UTC 2026","passed","Thu Sep 10 10:23:32 UTC 2026","Exceptions — Smoke (Continued)","specs\Smoke\8-ExceptionsSmoke.spec.ts","",""
"","7409","Pre-Decisions page loads with either records or the empty-state message","chromium","Thu Sep 10 10:23:48 UTC 2026","passed","Thu Sep 10 10:23:56 UTC 2026","Exceptions — Smoke (Continued)","specs\Smoke\8-ExceptionsSmoke.spec.ts","",""
"","10812","Column filter popup applies a filter and Clear restores the full row set","msedge","Thu Sep 10 10:36:56 UTC 2026","passed","Thu Sep 10 10:37:07 UTC 2026","Presented Checks — Smoke (Continued)","specs\Smoke\5-PresentedChecksSmoke.spec.ts","",""
"","10061","Automatic Check Decision Rules sub-page loads correctly","chromium","Thu Sep 10 10:13:13 UTC 2026","passed","Thu Sep 10 10:13:23 UTC 2026","Application Navigation Smoke Tests","specs\Smoke\2-NavigationSmoke.spec.ts","",""
"","26020","Previous page button returns to page 1, First page button re-enables disabled state","webkit","Thu Sep 10 10:26:53 UTC 2026","passed","Thu Sep 10 10:27:19 UTC 2026","ACH — Smoke","specs\Smoke\7-ACHSmoke.spec.ts","",""
"","10161","Issued Checks page loads correctly","msedge","Thu Sep 10 10:30:31 UTC 2026","passed","Thu Sep 10 10:30:41 UTC 2026","Application Navigation Smoke Tests","specs\Smoke\2-NavigationSmoke.spec.ts","",""
"","20268","""Uploaded Checks"" navigates to the uploads page","firefox","Thu Sep 10 10:17:36 UTC 2026","passed","Thu Sep 10 10:17:56 UTC 2026","Presented Checks — Smoke","specs\Smoke\5-PresentedChecksSmoke.spec.ts","",""
"","17902","Page size change to 10 updates pagination info in bottom-right pager","webkit","Thu Sep 10 10:26:01 UTC 2026","passed","Thu Sep 10 10:26:19 UTC 2026","Exceptions — Smoke","specs\Smoke\8-ExceptionsSmoke.spec.ts","",""
"","12886","""Delete"" on a row shows a confirm modal; Cancel dismisses it without deleting","msedge","Thu Sep 10 10:36:54 UTC 2026","passed","Thu Sep 10 10:37:07 UTC 2026","Issued Checks — Smoke (Continued)","specs\Smoke\4-IssuedChecksSmoke.spec.ts","",""
"","5181","Validate Login functionality with missingUsername","chromium","Thu Sep 10 10:11:21 UTC 2026","passed","Thu Sep 10 10:11:26 UTC 2026","","specs\Smoke\1-LoginSmoke.spec.ts","",""
"","13063","Web Hooks sub-page loads correctly","firefox","Thu Sep 10 10:16:51 UTC 2026","passed","Thu Sep 10 10:17:04 UTC 2026","Application Navigation Smoke Tests","specs\Smoke\2-NavigationSmoke.spec.ts","",""
"","10775","Excel export button is visible and enabled","msedge","Thu Sep 10 10:34:43 UTC 2026","passed","Thu Sep 10 10:34:54 UTC 2026","Issued Checks — Smoke","specs\Smoke\4-IssuedChecksSmoke.spec.ts","",""
"","11060","Presented Checks breadcrumb link is visible on the page","chromium","Thu Sep 10 10:19:29 UTC 2026","passed","Thu Sep 10 10:19:40 UTC 2026","Presented Checks — Smoke (Continued)","specs\Smoke\5-PresentedChecksSmoke.spec.ts","",""
"","11025","Saved Filters dropdown is visible and defaults to no preset","chromium","Thu Sep 10 10:17:06 UTC 2026","passed","Thu Sep 10 10:17:17 UTC 2026","Issued Checks — Smoke","specs\Smoke\4-IssuedChecksSmoke.spec.ts","",""
"","14793","Holiday Schedules sub-page loads correctly","webkit","Thu Sep 10 10:13:55 UTC 2026","passed","Thu Sep 10 10:14:09 UTC 2026","Application Navigation Smoke Tests","specs\Smoke\2-NavigationSmoke.spec.ts","",""
"","9830","Typing a page number navigates to that page","msedge","Thu Sep 10 10:38:46 UTC 2026","passed","Thu Sep 10 10:38:56 UTC 2026","Exceptions — Smoke","specs\Smoke\8-ExceptionsSmoke.spec.ts","",""
"","10119","Verify dashboard tab checked state updates correctly","chromium","Thu Sep 10 10:12:51 UTC 2026","passed","Thu Sep 10 10:13:01 UTC 2026","Home Dashboard","specs\Smoke\3-HomeDashboardSmoke.spec.ts","",""
"","9136","Last page arrow jumps to the final page","msedge","Thu Sep 10 10:38:37 UTC 2026","passed","Thu Sep 10 10:38:46 UTC 2026","Exceptions — Smoke","specs\Smoke\8-ExceptionsSmoke.spec.ts","",""
"","12978","Typing a page number navigates to that page","chromium","Thu Sep 10 10:16:53 UTC 2026","passed","Thu Sep 10 10:17:06 UTC 2026","Presented Checks — Smoke","specs\Smoke\5-PresentedChecksSmoke.spec.ts","",""
"","15396","Home page is accessible and shows dashboard","webkit","Thu Sep 10 10:10:38 UTC 2026","passed","Thu Sep 10 10:10:54 UTC 2026","Application Navigation Smoke Tests","specs\Smoke\2-NavigationSmoke.spec.ts","",""
"","25068","""View"" link on a row opens the Exception Details dialog","webkit","Thu Sep 10 10:29:25 UTC 2026","passed","Thu Sep 10 10:29:50 UTC 2026","Exceptions — Smoke (Continued)","specs\Smoke\8-ExceptionsSmoke.spec.ts","",""
"","13456","Account Settings sub-page loads correctly","webkit","Thu Sep 10 10:12:15 UTC 2026","passed","Thu Sep 10 10:12:29 UTC 2026","Application Navigation Smoke Tests","specs\Smoke\2-NavigationSmoke.spec.ts","",""
"","8723","Verify ACH Only tab shows ACH-specific chart sections","msedge","Thu Sep 10 10:32:35 UTC 2026","passed","Thu Sep 10 10:32:44 UTC 2026","Home Dashboard","specs\Smoke\3-HomeDashboardSmoke.spec.ts","",""
"","12574","Verify dashboard loads after successful login","webkit","Thu Sep 10 10:13:16 UTC 2026","passed","Thu Sep 10 10:13:28 UTC 2026","Home Dashboard","specs\Smoke\3-HomeDashboardSmoke.spec.ts","",""
"","16233","""+ Add ACH"" navigates to the add-ACH form","firefox","Thu Sep 10 10:23:21 UTC 2026","passed","Thu Sep 10 10:23:38 UTC 2026","ACH — Smoke","specs\Smoke\7-ACHSmoke.spec.ts","",""
"","24141","Verify Check Only tab shows Check-specific chart sections","firefox","Thu Sep 10 10:13:11 UTC 2026","passed","Thu Sep 10 10:13:35 UTC 2026","Home Dashboard","specs\Smoke\3-HomeDashboardSmoke.spec.ts","",""
"","9350","Branding sub-page loads correctly","msedge","Thu Sep 10 10:31:48 UTC 2026","passed","Thu Sep 10 10:31:57 UTC 2026","Application Navigation Smoke Tests","specs\Smoke\2-NavigationSmoke.spec.ts","",""
"","14077","System Log sub-page loads correctly","webkit","Thu Sep 10 10:17:01 UTC 2026","passed","Thu Sep 10 10:17:15 UTC 2026","Application Navigation Smoke Tests","specs\Smoke\2-NavigationSmoke.spec.ts","",""
"","12418","Approvals page loads with either records or the empty-state message","firefox","Thu Sep 10 10:28:50 UTC 2026","passed","Thu Sep 10 10:29:02 UTC 2026","Exceptions — Smoke (Continued)","specs\Smoke\8-ExceptionsSmoke.spec.ts","",""
"","9589","Last page arrow jumps to the final page","msedge","Thu Sep 10 10:38:28 UTC 2026","passed","Thu Sep 10 10:38:38 UTC 2026","ACH — Smoke","specs\Smoke\7-ACHSmoke.spec.ts","",""
"","5109","Validate Login functionality with incorrectPassword","chromium","Thu Sep 10 10:10:55 UTC 2026","passed","Thu Sep 10 10:11:00 UTC 2026","","specs\Smoke\1-LoginSmoke.spec.ts","",""
"","19116","Verify dashboard tab checked state updates correctly","webkit","Thu Sep 10 10:14:25 UTC 2026","passed","Thu Sep 10 10:14:44 UTC 2026","Home Dashboard","specs\Smoke\3-HomeDashboardSmoke.spec.ts","",""
"","14333","Verify navigation to Exceptions via nav menu","webkit","Thu Sep 10 10:18:25 UTC 2026","passed","Thu Sep 10 10:18:39 UTC 2026","Home Dashboard","specs\Smoke\3-HomeDashboardSmoke.spec.ts","",""
"","16467","""+ Add Check"" navigates to the add-check form","webkit","Thu Sep 10 10:18:17 UTC 2026","passed","Thu Sep 10 10:18:34 UTC 2026","Issued Checks — Smoke","specs\Smoke\4-IssuedChecksSmoke.spec.ts","",""
"","17665","Last page arrow jumps to the final page","webkit","Thu Sep 10 10:26:39 UTC 2026","passed","Thu Sep 10 10:26:56 UTC 2026","Exceptions — Smoke","specs\Smoke\8-ExceptionsSmoke.spec.ts","",""
"","14560","Verify ACH Only tab shows ACH-specific chart sections","firefox","Thu Sep 10 10:13:35 UTC 2026","passed","Thu Sep 10 10:13:49 UTC 2026","Home Dashboard","specs\Smoke\3-HomeDashboardSmoke.spec.ts","",""
"","13012","Business Clients sub-page loads correctly","webkit","Thu Sep 10 10:12:29 UTC 2026","passed","Thu Sep 10 10:12:42 UTC 2026","Application Navigation Smoke Tests","specs\Smoke\2-NavigationSmoke.spec.ts","",""
"","10830","Typing a page number navigates to that page","chromium","Thu Sep 10 10:16:42 UTC 2026","passed","Thu Sep 10 10:16:53 UTC 2026","Issued Checks — Smoke","specs\Smoke\4-IssuedChecksSmoke.spec.ts","",""
"","12970","Account Settings sub-page loads correctly","firefox","Thu Sep 10 10:12:07 UTC 2026","passed","Thu Sep 10 10:12:20 UTC 2026","Application Navigation Smoke Tests","specs\Smoke\2-NavigationSmoke.spec.ts","",""
"","17421","""View"" (Change Log) link on a row navigates to the entity log","webkit","Thu Sep 10 10:23:56 UTC 2026","passed","Thu Sep 10 10:24:14 UTC 2026","Presented Checks — Smoke (Continued)","specs\Smoke\5-PresentedChecksSmoke.spec.ts","",""
"","8604","Typing a page number navigates to that page","msedge","Thu Sep 10 10:38:38 UTC 2026","passed","Thu Sep 10 10:38:47 UTC 2026","ACH — Smoke","specs\Smoke\7-ACHSmoke.spec.ts","",""
"","7404","Verify all three dashboard view tabs are visible","chromium","Thu Sep 10 10:12:19 UTC 2026","passed","Thu Sep 10 10:12:27 UTC 2026","Home Dashboard","specs\Smoke\3-HomeDashboardSmoke.spec.ts","",""
"","19490","Clicking a column header sorts ascending, clicking again sorts descending","webkit","Thu Sep 10 10:28:41 UTC 2026","passed","Thu Sep 10 10:29:00 UTC 2026","Exceptions — Smoke (Continued)","specs\Smoke\8-ExceptionsSmoke.spec.ts","",""
"","17204","Last page arrow jumps to the final page","webkit","Thu Sep 10 10:26:19 UTC 2026","passed","Thu Sep 10 10:26:36 UTC 2026","ACH — Smoke","specs\Smoke\7-ACHSmoke.spec.ts","",""
"","23070","Previous page button returns to page 1, First page button re-enables disabled state","webkit","Thu Sep 10 10:21:32 UTC 2026","passed","Thu Sep 10 10:21:56 UTC 2026","Presented Checks — Smoke","specs\Smoke\5-PresentedChecksSmoke.spec.ts","",""
"","20378","Clicking a column header sorts ascending, clicking again sorts descending","firefox","Thu Sep 10 10:26:21 UTC 2026","passed","Thu Sep 10 10:26:41 UTC 2026","Exceptions — Smoke (Continued)","specs\Smoke\8-ExceptionsSmoke.spec.ts","",""
"","17832","Grid loads with data rows and key column headers","webkit","Thu Sep 10 10:18:54 UTC 2026","passed","Thu Sep 10 10:19:12 UTC 2026","Presented Checks — Smoke","specs\Smoke\5-PresentedChecksSmoke.spec.ts","",""
"","11816","Typing a page number navigates to that page","chromium","Thu Sep 10 10:20:45 UTC 2026","passed","Thu Sep 10 10:20:57 UTC 2026","Exceptions — Smoke","specs\Smoke\8-ExceptionsSmoke.spec.ts","",""
"","11136","""View"" (Change Log) link on a row navigates to the entity log","chromium","Thu Sep 10 10:18:57 UTC 2026","passed","Thu Sep 10 10:19:08 UTC 2026","Presented Checks — Smoke (Continued)","specs\Smoke\5-PresentedChecksSmoke.spec.ts","",""
"","24326","Column filter menu applies a filter and Clear restores the full row set","webkit","Thu Sep 10 10:29:00 UTC 2026","passed","Thu Sep 10 10:29:25 UTC 2026","Exceptions — Smoke (Continued)","specs\Smoke\8-ExceptionsSmoke.spec.ts","",""
"","10023","Page size change to 10 updates pagination info in bottom-right pager","msedge","Thu Sep 10 10:35:22 UTC 2026","passed","Thu Sep 10 10:35:32 UTC 2026","Presented Checks — Smoke","specs\Smoke\5-PresentedChecksSmoke.spec.ts","",""
"","11384","Column filter menu applies a filter and Clear restores the full row set","msedge","Thu Sep 10 10:39:48 UTC 2026","passed","Thu Sep 10 10:40:00 UTC 2026","Exceptions — Smoke (Continued)","specs\Smoke\8-ExceptionsSmoke.spec.ts","",""
"","23288","Notification Log sub-page loads correctly","webkit","Thu Sep 10 10:16:24 UTC 2026","passed","Thu Sep 10 10:16:47 UTC 2026","Application Navigation Smoke Tests","specs\Smoke\2-NavigationSmoke.spec.ts","",""
"","8818","Business Clients sub-page loads correctly","chromium","Thu Sep 10 10:11:48 UTC 2026","passed","Thu Sep 10 10:11:57 UTC 2026","Application Navigation Smoke Tests","specs\Smoke\2-NavigationSmoke.spec.ts","",""
"","8013","Verify chart title changes with selected tab","msedge","Thu Sep 10 10:32:53 UTC 2026","passed","Thu Sep 10 10:33:01 UTC 2026","Home Dashboard","specs\Smoke\3-HomeDashboardSmoke.spec.ts","",""
"","14758","Verify ACH Only tab shows ACH-specific chart sections","webkit","Thu Sep 10 10:14:10 UTC 2026","passed","Thu Sep 10 10:14:25 UTC 2026","Home Dashboard","specs\Smoke\3-HomeDashboardSmoke.spec.ts","",""
"","17537","""Uploaded Checks"" navigates to the uploads page","firefox","Thu Sep 10 10:17:36 UTC 2026","passed","Thu Sep 10 10:17:53 UTC 2026","Issued Checks — Smoke","specs\Smoke\4-IssuedChecksSmoke.spec.ts","",""
"","8769","Exceptions breadcrumb link is visible on the page","msedge","Thu Sep 10 10:40:23 UTC 2026","passed","Thu Sep 10 10:40:31 UTC 2026","Exceptions — Smoke (Continued)","specs\Smoke\8-ExceptionsSmoke.spec.ts","",""
"","10666","Validate Login functionality with missingUsername","webkit","Thu Sep 10 10:11:50 UTC 2026","passed","Thu Sep 10 10:12:00 UTC 2026","","specs\Smoke\1-LoginSmoke.spec.ts","",""
"","13830","Save a filter preset, verify it is auto-selected, then delete it","msedge","Thu Sep 10 10:36:01 UTC 2026","passed","Thu Sep 10 10:36:15 UTC 2026","Issued Checks — Smoke (Continued)","specs\Smoke\4-IssuedChecksSmoke.spec.ts","",""
"","6303","Validate Login functionality with incorrectPassword","firefox","Thu Sep 10 10:10:52 UTC 2026","passed","Thu Sep 10 10:10:58 UTC 2026","","specs\Smoke\1-LoginSmoke.spec.ts","",""
"","10050","Billing Reports sub-page loads correctly","chromium","Thu Sep 10 10:12:23 UTC 2026","passed","Thu Sep 10 10:12:33 UTC 2026","Application Navigation Smoke Tests","specs\Smoke\2-NavigationSmoke.spec.ts","",""
"","8213","Page size change to 10 updates pagination info in bottom-right pager","msedge","Thu Sep 10 10:38:10 UTC 2026","passed","Thu Sep 10 10:38:19 UTC 2026","ACH — Smoke","specs\Smoke\7-ACHSmoke.spec.ts","",""
"","19512","Search box filters grid and clears correctly","firefox","Thu Sep 10 10:23:25 UTC 2026","passed","Thu Sep 10 10:23:44 UTC 2026","Exceptions — Smoke","specs\Smoke\8-ExceptionsSmoke.spec.ts","",""
"","16810","""Edit"" link on a row navigates to the check edit form","firefox","Thu Sep 10 10:21:40 UTC 2026","passed","Thu Sep 10 10:21:57 UTC 2026","Presented Checks — Smoke (Continued)","specs\Smoke\5-PresentedChecksSmoke.spec.ts","",""
"","6631","Validate Login functionality with sqlInjection","firefox","Thu Sep 10 10:11:29 UTC 2026","passed","Thu Sep 10 10:11:35 UTC 2026","","specs\Smoke\1-LoginSmoke.spec.ts","",""
"","17773","ACH breadcrumb link is visible on the page","webkit","Thu Sep 10 10:30:14 UTC 2026","passed","Thu Sep 10 10:30:32 UTC 2026","ACH — Smoke","specs\Smoke\7-ACHSmoke.spec.ts","",""
"","10620","Column filter popup applies a filter and Clear restores the full row set","msedge","Thu Sep 10 10:36:24 UTC 2026","passed","Thu Sep 10 10:36:35 UTC 2026","Issued Checks — Smoke (Continued)","specs\Smoke\4-IssuedChecksSmoke.spec.ts","",""
"","17480","Grid View toggle navigates to the open-exceptions grid and shows key column headers","firefox","Thu Sep 10 10:28:33 UTC 2026","passed","Thu Sep 10 10:28:50 UTC 2026","Exceptions — Smoke (Continued)","specs\Smoke\8-ExceptionsSmoke.spec.ts","",""
"","11163","Verify profile menu shows My Info and Logout links","chromium","Thu Sep 10 10:13:50 UTC 2026","passed","Thu Sep 10 10:14:01 UTC 2026","Home Dashboard","specs\Smoke\3-HomeDashboardSmoke.spec.ts","",""
"","14357","Roles/Permissions sub-page loads correctly","firefox","Thu Sep 10 10:13:00 UTC 2026","passed","Thu Sep 10 10:13:14 UTC 2026","Application Navigation Smoke Tests","specs\Smoke\2-NavigationSmoke.spec.ts","",""
"","16761","Clicking a column header sorts ascending, clicking again sorts descending","webkit","Thu Sep 10 10:22:11 UTC 2026","passed","Thu Sep 10 10:22:27 UTC 2026","Issued Checks — Smoke (Continued)","specs\Smoke\4-IssuedChecksSmoke.spec.ts","",""
"","11107","Page size change to 10 updates pagination info in bottom-right pager","chromium","Thu Sep 10 10:20:13 UTC 2026","passed","Thu Sep 10 10:20:24 UTC 2026","Exceptions — Smoke","specs\Smoke\8-ExceptionsSmoke.spec.ts","",""
"","18890","Exception History grid loads with data rows and key column headers","webkit","Thu Sep 10 10:25:08 UTC 2026","passed","Thu Sep 10 10:25:26 UTC 2026","Exceptions — Smoke","specs\Smoke\8-ExceptionsSmoke.spec.ts","",""
"","18461","Excel export button is visible and enabled","webkit","Thu Sep 10 10:19:13 UTC 2026","passed","Thu Sep 10 10:19:32 UTC 2026","Issued Checks — Smoke","specs\Smoke\4-IssuedChecksSmoke.spec.ts","",""
"","17049","""Uploaded ACH"" navigates to the uploads page","webkit","Thu Sep 10 10:24:53 UTC 2026","passed","Thu Sep 10 10:25:10 UTC 2026","ACH — Smoke","specs\Smoke\7-ACHSmoke.spec.ts","",""
"","12732","Verify Total Exceptions and Total Exception Amount labels are visible","firefox","Thu Sep 10 10:14:33 UTC 2026","passed","Thu Sep 10 10:14:46 UTC 2026","Home Dashboard","specs\Smoke\3-HomeDashboardSmoke.spec.ts","",""
"","15109","API link is visible and points to swagger","webkit","Thu Sep 10 10:17:30 UTC 2026","passed","Thu Sep 10 10:17:45 UTC 2026","Application Navigation Smoke Tests","specs\Smoke\2-NavigationSmoke.spec.ts","",""
"","14036","Verify dashboard footer footnote and privacy link are visible","webkit","Thu Sep 10 10:16:56 UTC 2026","passed","Thu Sep 10 10:17:10 UTC 2026","Home Dashboard","specs\Smoke\3-HomeDashboardSmoke.spec.ts","",""
"","23823","Save a filter preset, verify it is auto-selected, then delete it","firefox","Thu Sep 10 10:25:57 UTC 2026","passed","Thu Sep 10 10:26:21 UTC 2026","Exceptions — Smoke (Continued)","specs\Smoke\8-ExceptionsSmoke.spec.ts","",""
"","16693","Save a filter preset, verify it is auto-selected, then delete it","chromium","Thu Sep 10 10:17:48 UTC 2026","passed","Thu Sep 10 10:18:04 UTC 2026","Issued Checks — Smoke (Continued)","specs\Smoke\4-IssuedChecksSmoke.spec.ts","",""
"","14789","Default filter auto-applies after logout and re-login","firefox","Thu Sep 10 10:26:21 UTC 2026","skipped","Thu Sep 10 10:26:36 UTC 2026","ACH — Smoke","specs\Smoke\7-ACHSmoke.spec.ts","",""
"","8655","Typing a page number navigates to that page","msedge","Thu Sep 10 10:35:23 UTC 2026","passed","Thu Sep 10 10:35:32 UTC 2026","Issued Checks — Smoke","specs\Smoke\4-IssuedChecksSmoke.spec.ts","",""
"","9575","Roles/Permissions sub-page loads correctly","msedge","Thu Sep 10 10:31:38 UTC 2026","passed","Thu Sep 10 10:31:48 UTC 2026","Application Navigation Smoke Tests","specs\Smoke\2-NavigationSmoke.spec.ts","",""
"","9417","Excel export button is visible and enabled","chromium","Thu Sep 10 10:20:04 UTC 2026","passed","Thu Sep 10 10:20:13 UTC 2026","Exceptions — Smoke","specs\Smoke\8-ExceptionsSmoke.spec.ts","",""
"","15764","Default filter auto-applies after logout and re-login","firefox","Thu Sep 10 10:20:16 UTC 2026","skipped","Thu Sep 10 10:20:32 UTC 2026","Issued Checks — Default Filter (Serial)","specs\Smoke\4-IssuedChecksSmoke.spec.ts","",""
"","19602","Next page arrow advances to page 2","webkit","Thu Sep 10 10:26:19 UTC 2026","passed","Thu Sep 10 10:26:39 UTC 2026","Exceptions — Smoke","specs\Smoke\8-ExceptionsSmoke.spec.ts","",""
"","17265","Typing a page number navigates to that page","firefox","Thu Sep 10 10:19:23 UTC 2026","passed","Thu Sep 10 10:19:41 UTC 2026","Presented Checks — Smoke","specs\Smoke\5-PresentedChecksSmoke.spec.ts","",""
"","8227","Validate Login functionality with caseSensitiveEmail","chromium","Thu Sep 10 10:10:47 UTC 2026","passed","Thu Sep 10 10:10:55 UTC 2026","","specs\Smoke\1-LoginSmoke.spec.ts","",""
"","11722","Verify Combined View shows all chart sections","firefox","Thu Sep 10 10:12:59 UTC 2026","passed","Thu Sep 10 10:13:11 UTC 2026","Home Dashboard","specs\Smoke\3-HomeDashboardSmoke.spec.ts","",""
"","8508","Pay/Return decision badge navigates to exception history","msedge","Thu Sep 10 10:37:34 UTC 2026","passed","Thu Sep 10 10:37:42 UTC 2026","Presented Checks — Smoke (Continued)","specs\Smoke\5-PresentedChecksSmoke.spec.ts","",""
"","8153","Validate unauthenticated access to protected route is redirected to login","msedge","Thu Sep 10 10:31:48 UTC 2026","passed","Thu Sep 10 10:31:57 UTC 2026","","specs\Smoke\1-LoginSmoke.spec.ts","",""
"","16552","Page size change to 10 updates pagination info in bottom-right pager","webkit","Thu Sep 10 10:25:44 UTC 2026","passed","Thu Sep 10 10:26:01 UTC 2026","ACH — Smoke","specs\Smoke\7-ACHSmoke.spec.ts","",""
"","13409","Settings page loads correctly","webkit","Thu Sep 10 10:12:02 UTC 2026","passed","Thu Sep 10 10:12:15 UTC 2026","Application Navigation Smoke Tests","specs\Smoke\2-NavigationSmoke.spec.ts","",""
"","14276","Automatic Check Decision Rules sub-page loads correctly","firefox","Thu Sep 10 10:14:41 UTC 2026","passed","Thu Sep 10 10:14:55 UTC 2026","Application Navigation Smoke Tests","specs\Smoke\2-NavigationSmoke.spec.ts","",""
"","12902","Column filter popup applies a filter and Clear restores the full row set","chromium","Thu Sep 10 10:18:33 UTC 2026","passed","Thu Sep 10 10:18:46 UTC 2026","Presented Checks — Smoke (Continued)","specs\Smoke\5-PresentedChecksSmoke.spec.ts","",""
"","18013","""Uploaded ACH"" navigates to the uploads page","firefox","Thu Sep 10 10:23:38 UTC 2026","passed","Thu Sep 10 10:23:56 UTC 2026","ACH — Smoke","specs\Smoke\7-ACHSmoke.spec.ts","",""
"","15126","Validate teller presented-check form shows all required fields","firefox","Thu Sep 10 10:22:49 UTC 2026","passed","Thu Sep 10 10:23:04 UTC 2026","Teller - Smoke","specs\Smoke\6-TellerSmoke.spec.ts","",""
"","15531","Last page arrow jumps to the final page","webkit","Thu Sep 10 10:20:59 UTC 2026","passed","Thu Sep 10 10:21:15 UTC 2026","Presented Checks — Smoke","specs\Smoke\5-PresentedChecksSmoke.spec.ts","",""
"","10456","Previous page button returns to page 1, First page button re-enables disabled state","msedge","Thu Sep 10 10:38:56 UTC 2026","passed","Thu Sep 10 10:39:07 UTC 2026","Exceptions — Smoke","specs\Smoke\8-ExceptionsSmoke.spec.ts","",""
"","11523","Notification Log sub-page loads correctly","chromium","Thu Sep 10 10:13:52 UTC 2026","passed","Thu Sep 10 10:14:04 UTC 2026","Application Navigation Smoke Tests","specs\Smoke\2-NavigationSmoke.spec.ts","",""
"","11152","Clicking a column header sorts ascending, clicking again sorts descending","chromium","Thu Sep 10 10:22:19 UTC 2026","passed","Thu Sep 10 10:22:30 UTC 2026","ACH — Smoke","specs\Smoke\7-ACHSmoke.spec.ts","",""
"","10645","Saved Filters dropdown is visible and defaults to no preset","chromium","Thu Sep 10 10:21:10 UTC 2026","passed","Thu Sep 10 10:21:20 UTC 2026","Exceptions — Smoke","specs\Smoke\8-ExceptionsSmoke.spec.ts","",""
"","12411","Previous page button returns to page 1, First page button re-enables disabled state","chromium","Thu Sep 10 10:20:57 UTC 2026","passed","Thu Sep 10 10:21:10 UTC 2026","Exceptions — Smoke","specs\Smoke\8-ExceptionsSmoke.spec.ts","",""
"","16765","Grid loads with data rows and key column headers","firefox","Thu Sep 10 10:23:05 UTC 2026","passed","Thu Sep 10 10:23:21 UTC 2026","ACH — Smoke","specs\Smoke\7-ACHSmoke.spec.ts","",""
"","15138","Last page arrow jumps to the final page","firefox","Thu Sep 10 10:24:40 UTC 2026","passed","Thu Sep 10 10:24:55 UTC 2026","Exceptions — Smoke","specs\Smoke\8-ExceptionsSmoke.spec.ts","",""
"","4407","Approvals page loads with either records or the empty-state message","msedge","Thu Sep 10 10:40:53 UTC 2026","passed","Thu Sep 10 10:40:57 UTC 2026","Exceptions — Smoke (Continued)","specs\Smoke\8-ExceptionsSmoke.spec.ts","",""
"","15910","Saved Filters dropdown is visible and defaults to no preset","firefox","Thu Sep 10 10:20:01 UTC 2026","passed","Thu Sep 10 10:20:17 UTC 2026","Presented Checks — Smoke","specs\Smoke\5-PresentedChecksSmoke.spec.ts","",""
"","14604","ACH page loads correctly","webkit","Thu Sep 10 10:11:34 UTC 2026","passed","Thu Sep 10 10:11:49 UTC 2026","Application Navigation Smoke Tests","specs\Smoke\2-NavigationSmoke.spec.ts","",""
"","15951","""Edit"" link on a row navigates to the check edit form","webkit","Thu Sep 10 10:23:40 UTC 2026","passed","Thu Sep 10 10:23:56 UTC 2026","Presented Checks — Smoke (Continued)","specs\Smoke\5-PresentedChecksSmoke.spec.ts","",""
"","17661","Search box filters grid and clears correctly","firefox","Thu Sep 10 10:17:56 UTC 2026","passed","Thu Sep 10 10:18:14 UTC 2026","Presented Checks — Smoke","specs\Smoke\5-PresentedChecksSmoke.spec.ts","",""
"","18831","""Delete"" on a row shows a confirm modal; Cancel dismisses it without deleting","webkit","Thu Sep 10 10:29:24 UTC 2026","passed","Thu Sep 10 10:29:42 UTC 2026","ACH — Smoke","specs\Smoke\7-ACHSmoke.spec.ts","",""
"","9677","Verify all three dashboard view tabs are visible","msedge","Thu Sep 10 10:32:06 UTC 2026","passed","Thu Sep 10 10:32:16 UTC 2026","Home Dashboard","specs\Smoke\3-HomeDashboardSmoke.spec.ts","",""
"","13477","Verify navigation to Settings via nav menu","firefox","Thu Sep 10 10:16:48 UTC 2026","passed","Thu Sep 10 10:17:01 UTC 2026","Home Dashboard","specs\Smoke\3-HomeDashboardSmoke.spec.ts","",""
"","11988","Next page arrow advances to page 2","chromium","Thu Sep 10 10:20:34 UTC 2026","passed","Thu Sep 10 10:20:46 UTC 2026","ACH — Smoke","specs\Smoke\7-ACHSmoke.spec.ts","",""
"","11407","Validate Login functionality with correctCredentials","chromium","Thu Sep 10 10:10:35 UTC 2026","passed","Thu Sep 10 10:10:46 UTC 2026","","specs\Smoke\1-LoginSmoke.spec.ts","",""
"","16888","Page size change to 10 updates pagination info in bottom-right pager","firefox","Thu Sep 10 10:18:33 UTC 2026","passed","Thu Sep 10 10:18:50 UTC 2026","Issued Checks — Smoke","specs\Smoke\4-IssuedChecksSmoke.spec.ts","",""
"","8697","""Edit"" link on a row navigates to the check edit form","msedge","Thu Sep 10 10:37:07 UTC 2026","passed","Thu Sep 10 10:37:16 UTC 2026","Presented Checks — Smoke (Continued)","specs\Smoke\5-PresentedChecksSmoke.spec.ts","",""
"","20485","Last page arrow jumps to the final page","firefox","Thu Sep 10 10:19:03 UTC 2026","passed","Thu Sep 10 10:19:23 UTC 2026","Presented Checks — Smoke","specs\Smoke\5-PresentedChecksSmoke.spec.ts","",""
"","13472","Save a filter preset, verify it is auto-selected, then delete it","msedge","Thu Sep 10 10:36:34 UTC 2026","passed","Thu Sep 10 10:36:48 UTC 2026","Presented Checks — Smoke (Continued)","specs\Smoke\5-PresentedChecksSmoke.spec.ts","",""
"","14718","""View"" (Change Log) link on a row navigates to the entity log","webkit","Thu Sep 10 10:23:11 UTC 2026","passed","Thu Sep 10 10:23:26 UTC 2026","Issued Checks — Smoke (Continued)","specs\Smoke\4-IssuedChecksSmoke.spec.ts","",""
"","28631","Verify Total Exceptions and Total Exception Amount labels are visible","webkit","Thu Sep 10 10:15:37 UTC 2026","passed","Thu Sep 10 10:16:06 UTC 2026","Home Dashboard","specs\Smoke\3-HomeDashboardSmoke.spec.ts","",""
"","26341","Verify chart title changes with selected tab","webkit","Thu Sep 10 10:14:44 UTC 2026","passed","Thu Sep 10 10:15:10 UTC 2026","Home Dashboard","specs\Smoke\3-HomeDashboardSmoke.spec.ts","",""
"","5693","Validate Login functionality with emptyFields","chromium","Thu Sep 10 10:11:09 UTC 2026","passed","Thu Sep 10 10:11:15 UTC 2026","","specs\Smoke\1-LoginSmoke.spec.ts","",""
"","15146","Roles/Permissions sub-page loads correctly","webkit","Thu Sep 10 10:12:55 UTC 2026","passed","Thu Sep 10 10:13:10 UTC 2026","Application Navigation Smoke Tests","specs\Smoke\2-NavigationSmoke.spec.ts","",""
"","8894","Validate forgot password with unregistered email","firefox","Thu Sep 10 10:12:08 UTC 2026","passed","Thu Sep 10 10:12:17 UTC 2026","","specs\Smoke\1-LoginSmoke.spec.ts","",""
"","10128","Excel export button is visible and enabled","chromium","Thu Sep 10 10:16:10 UTC 2026","passed","Thu Sep 10 10:16:21 UTC 2026","Presented Checks — Smoke","specs\Smoke\5-PresentedChecksSmoke.spec.ts","",""
"","16223","Page size change to 10 updates pagination info in bottom-right pager","webkit","Thu Sep 10 10:20:25 UTC 2026","passed","Thu Sep 10 10:20:41 UTC 2026","Presented Checks — Smoke","specs\Smoke\5-PresentedChecksSmoke.spec.ts","",""
"","8494","Teller page loads correctly","chromium","Thu Sep 10 10:11:06 UTC 2026","passed","Thu Sep 10 10:11:15 UTC 2026","Application Navigation Smoke Tests","specs\Smoke\2-NavigationSmoke.spec.ts","",""
"","19129","Save a filter preset, verify it is auto-selected, then delete it","chromium","Thu Sep 10 10:22:00 UTC 2026","passed","Thu Sep 10 10:22:19 UTC 2026","ACH — Smoke","specs\Smoke\7-ACHSmoke.spec.ts","",""
"","8098","""+ Add Check"" navigates to the add-check form","msedge","Thu Sep 10 10:34:18 UTC 2026","passed","Thu Sep 10 10:34:26 UTC 2026","Issued Checks — Smoke","specs\Smoke\4-IssuedChecksSmoke.spec.ts","",""
"","15648","Holiday Schedules sub-page loads correctly","firefox","Thu Sep 10 10:13:53 UTC 2026","passed","Thu Sep 10 10:14:09 UTC 2026","Application Navigation Smoke Tests","specs\Smoke\2-NavigationSmoke.spec.ts","",""
"","12398","Verify navigation to Exceptions via nav menu","firefox","Thu Sep 10 10:16:36 UTC 2026","passed","Thu Sep 10 10:16:48 UTC 2026","Home Dashboard","specs\Smoke\3-HomeDashboardSmoke.spec.ts","",""
"","16285","Page size change to 10 updates pagination info in bottom-right pager","firefox","Thu Sep 10 10:18:30 UTC 2026","passed","Thu Sep 10 10:18:46 UTC 2026","Presented Checks — Smoke","specs\Smoke\5-PresentedChecksSmoke.spec.ts","",""
"","9482","Presented Checks breadcrumb link is visible on the page","msedge","Thu Sep 10 10:37:42 UTC 2026","passed","Thu Sep 10 10:37:52 UTC 2026","Presented Checks — Smoke (Continued)","specs\Smoke\5-PresentedChecksSmoke.spec.ts","",""
"","10111","Next page arrow advances to page 2","chromium","Thu Sep 10 10:16:31 UTC 2026","passed","Thu Sep 10 10:16:41 UTC 2026","Presented Checks — Smoke","specs\Smoke\5-PresentedChecksSmoke.spec.ts","",""
"","7000","Default filter auto-applies after logout and re-login","msedge","Thu Sep 10 10:39:14 UTC 2026","skipped","Thu Sep 10 10:39:21 UTC 2026","Exceptions — Default Filter (Serial)","specs\Smoke\8-ExceptionsSmoke.spec.ts","",""
"","10085","Exceptions breadcrumb link is visible on the page","chromium","Thu Sep 10 10:23:01 UTC 2026","passed","Thu Sep 10 10:23:11 UTC 2026","Exceptions — Smoke (Continued)","specs\Smoke\8-ExceptionsSmoke.spec.ts","",""
"","4980","Validate forgot password functionality with No email","chromium","Thu Sep 10 10:11:48 UTC 2026","passed","Thu Sep 10 10:11:53 UTC 2026","","specs\Smoke\1-LoginSmoke.spec.ts","",""
"","9326","Typing a page number navigates to that page","msedge","Thu Sep 10 10:35:51 UTC 2026","passed","Thu Sep 10 10:36:00 UTC 2026","Presented Checks — Smoke","specs\Smoke\5-PresentedChecksSmoke.spec.ts","",""
"","19743","Clicking a column header sorts ascending, clicking again sorts descending","webkit","Thu Sep 10 10:22:56 UTC 2026","passed","Thu Sep 10 10:23:16 UTC 2026","Presented Checks — Smoke (Continued)","specs\Smoke\5-PresentedChecksSmoke.spec.ts","",""
"","20114","Excel export button is visible and enabled","firefox","Thu Sep 10 10:24:12 UTC 2026","passed","Thu Sep 10 10:24:33 UTC 2026","ACH — Smoke","specs\Smoke\7-ACHSmoke.spec.ts","",""
"","24199","Save a filter preset, verify it is auto-selected, then delete it","firefox","Thu Sep 10 10:26:36 UTC 2026","passed","Thu Sep 10 10:27:00 UTC 2026","ACH — Smoke","specs\Smoke\7-ACHSmoke.spec.ts","",""
"","10320","Search box filters grid and clears correctly","msedge","Thu Sep 10 10:38:01 UTC 2026","passed","Thu Sep 10 10:38:11 UTC 2026","Exceptions — Smoke","specs\Smoke\8-ExceptionsSmoke.spec.ts","",""
"","11152","System Log sub-page loads correctly","chromium","Thu Sep 10 10:14:15 UTC 2026","passed","Thu Sep 10 10:14:26 UTC 2026","Application Navigation Smoke Tests","specs\Smoke\2-NavigationSmoke.spec.ts","",""
"","18275","""Delete"" on a row shows a confirm modal; Cancel dismisses it without deleting","firefox","Thu Sep 10 10:22:15 UTC 2026","passed","Thu Sep 10 10:22:33 UTC 2026","Presented Checks — Smoke (Continued)","specs\Smoke\5-PresentedChecksSmoke.spec.ts","",""
"","4375","Validate Login functionality with incorrectPassword","msedge","Thu Sep 10 10:30:38 UTC 2026","passed","Thu Sep 10 10:30:42 UTC 2026","","specs\Smoke\1-LoginSmoke.spec.ts","",""
"","9015","Excel export button is visible and enabled","msedge","Thu Sep 10 10:35:13 UTC 2026","passed","Thu Sep 10 10:35:22 UTC 2026","Presented Checks — Smoke","specs\Smoke\5-PresentedChecksSmoke.spec.ts","",""
"","11572","Column filter menu applies a filter and Clear restores the full row set","chromium","Thu Sep 10 10:22:22 UTC 2026","passed","Thu Sep 10 10:22:34 UTC 2026","Exceptions — Smoke (Continued)","specs\Smoke\8-ExceptionsSmoke.spec.ts","",""
"","5413","Validate Login functionality with incorrectUsername","msedge","Thu Sep 10 10:30:42 UTC 2026","passed","Thu Sep 10 10:30:48 UTC 2026","","specs\Smoke\1-LoginSmoke.spec.ts","",""
"","11853","Last page arrow jumps to the final page","chromium","Thu Sep 10 10:16:41 UTC 2026","passed","Thu Sep 10 10:16:53 UTC 2026","Presented Checks — Smoke","specs\Smoke\5-PresentedChecksSmoke.spec.ts","",""
"","12903","Users sub-page loads correctly","webkit","Thu Sep 10 10:12:42 UTC 2026","passed","Thu Sep 10 10:12:55 UTC 2026","Application Navigation Smoke Tests","specs\Smoke\2-NavigationSmoke.spec.ts","",""
"","18212","Clicking a column header sorts ascending, clicking again sorts descending","firefox","Thu Sep 10 10:20:59 UTC 2026","passed","Thu Sep 10 10:21:17 UTC 2026","Presented Checks — Smoke (Continued)","specs\Smoke\5-PresentedChecksSmoke.spec.ts","",""
"","8007","Validate Login functionality with incorrectPassword","webkit","Thu Sep 10 10:11:05 UTC 2026","passed","Thu Sep 10 10:11:13 UTC 2026","","specs\Smoke\1-LoginSmoke.spec.ts","",""
"","8050","Pre-Decisions page loads with either records or the empty-state message","webkit","Thu Sep 10 10:31:09 UTC 2026","passed","Thu Sep 10 10:31:17 UTC 2026","Exceptions — Smoke (Continued)","specs\Smoke\8-ExceptionsSmoke.spec.ts","",""
"","8055","Excel export button is visible and enabled","msedge","Thu Sep 10 10:38:11 UTC 2026","passed","Thu Sep 10 10:38:19 UTC 2026","Exceptions — Smoke","specs\Smoke\8-ExceptionsSmoke.spec.ts","",""
"","16247","Saved Filters dropdown is visible and defaults to no preset","webkit","Thu Sep 10 10:27:39 UTC 2026","passed","Thu Sep 10 10:27:56 UTC 2026","Exceptions — Smoke","specs\Smoke\8-ExceptionsSmoke.spec.ts","",""
"","8720","ACH Approval Rules sub-page loads correctly","msedge","Thu Sep 10 10:33:09 UTC 2026","passed","Thu Sep 10 10:33:18 UTC 2026","Application Navigation Smoke Tests","specs\Smoke\2-NavigationSmoke.spec.ts","",""
"","17564","Typing a page number navigates to that page","webkit","Thu Sep 10 10:21:15 UTC 2026","passed","Thu Sep 10 10:21:32 UTC 2026","Presented Checks — Smoke","specs\Smoke\5-PresentedChecksSmoke.spec.ts","",""
"","15074","Web Hooks sub-page loads correctly","webkit","Thu Sep 10 10:17:45 UTC 2026","passed","Thu Sep 10 10:18:00 UTC 2026","Application Navigation Smoke Tests","specs\Smoke\2-NavigationSmoke.spec.ts","",""
"","5842","Validate Login functionality with xssInUsername","chromium","Thu Sep 10 10:11:31 UTC 2026","passed","Thu Sep 10 10:11:37 UTC 2026","","specs\Smoke\1-LoginSmoke.spec.ts","",""
"","8684","Page size change to 10 updates pagination info in bottom-right pager","msedge","Thu Sep 10 10:38:19 UTC 2026","passed","Thu Sep 10 10:38:28 UTC 2026","Exceptions — Smoke","specs\Smoke\8-ExceptionsSmoke.spec.ts","",""
"","29015","Default filter auto-applies after logout and re-login","chromium","Thu Sep 10 10:17:28 UTC 2026","passed","Thu Sep 10 10:17:57 UTC 2026","Presented Checks — Default Filter (Serial)","specs\Smoke\5-PresentedChecksSmoke.spec.ts","",""
"","8417","Web Hooks sub-page loads correctly","msedge","Thu Sep 10 10:34:01 UTC 2026","passed","Thu Sep 10 10:34:09 UTC 2026","Application Navigation Smoke Tests","specs\Smoke\2-NavigationSmoke.spec.ts","",""
"","14864","Check Approval Rules sub-page loads correctly","firefox","Thu Sep 10 10:14:55 UTC 2026","passed","Thu Sep 10 10:15:10 UTC 2026","Application Navigation Smoke Tests","specs\Smoke\2-NavigationSmoke.spec.ts","",""
"","23175","Column filter popup applies a filter and Clear restores the full row set","firefox","Thu Sep 10 10:21:17 UTC 2026","passed","Thu Sep 10 10:21:40 UTC 2026","Presented Checks — Smoke (Continued)","specs\Smoke\5-PresentedChecksSmoke.spec.ts","",""
"","19170","Last page arrow jumps to the final page","firefox","Thu Sep 10 10:25:07 UTC 2026","passed","Thu Sep 10 10:25:26 UTC 2026","ACH — Smoke","specs\Smoke\7-ACHSmoke.spec.ts","",""
"","17139","Notification Templates sub-page loads correctly","firefox","Thu Sep 10 10:14:24 UTC 2026","passed","Thu Sep 10 10:14:41 UTC 2026","Application Navigation Smoke Tests","specs\Smoke\2-NavigationSmoke.spec.ts","",""
"","9933","Pay/Return decision badge navigates to exception history","chromium","Thu Sep 10 10:19:19 UTC 2026","passed","Thu Sep 10 10:19:29 UTC 2026","Presented Checks — Smoke (Continued)","specs\Smoke\5-PresentedChecksSmoke.spec.ts","",""
"","29822","Default filter auto-applies after logout and re-login","chromium","Thu Sep 10 10:21:20 UTC 2026","passed","Thu Sep 10 10:21:50 UTC 2026","Exceptions — Default Filter (Serial)","specs\Smoke\8-ExceptionsSmoke.spec.ts","",""
"","15221","File Processing sub-page loads correctly","webkit","Thu Sep 10 10:17:15 UTC 2026","passed","Thu Sep 10 10:17:30 UTC 2026","Application Navigation Smoke Tests","specs\Smoke\2-NavigationSmoke.spec.ts","",""
"","6809","Verify dashboard loads after successful login","chromium","Thu Sep 10 10:12:13 UTC 2026","passed","Thu Sep 10 10:12:19 UTC 2026","Home Dashboard","specs\Smoke\3-HomeDashboardSmoke.spec.ts","",""
"","15287","Billing Reports sub-page loads correctly","webkit","Thu Sep 10 10:13:23 UTC 2026","passed","Thu Sep 10 10:13:38 UTC 2026","Application Navigation Smoke Tests","specs\Smoke\2-NavigationSmoke.spec.ts","",""
"","16125","Verify Home dashboard is restored after returning from another page","webkit","Thu Sep 10 10:17:23 UTC 2026","passed","Thu Sep 10 10:17:40 UTC 2026","Home Dashboard","specs\Smoke\3-HomeDashboardSmoke.spec.ts","",""
"","5588","Validate Login functionality with missingPassword","firefox","Thu Sep 10 10:11:16 UTC 2026","passed","Thu Sep 10 10:11:21 UTC 2026","","specs\Smoke\1-LoginSmoke.spec.ts","",""
"","16480","Saved Filters dropdown is visible and defaults to no preset","firefox","Thu Sep 10 10:26:05 UTC 2026","passed","Thu Sep 10 10:26:21 UTC 2026","ACH — Smoke","specs\Smoke\7-ACHSmoke.spec.ts","",""
"","7454","Approvals page loads with either records or the empty-state message","webkit","Thu Sep 10 10:31:01 UTC 2026","passed","Thu Sep 10 10:31:09 UTC 2026","Exceptions — Smoke (Continued)","specs\Smoke\8-ExceptionsSmoke.spec.ts","",""
"","17408","Next page arrow advances to page 2","firefox","Thu Sep 10 10:24:23 UTC 2026","passed","Thu Sep 10 10:24:40 UTC 2026","Exceptions — Smoke","specs\Smoke\8-ExceptionsSmoke.spec.ts","",""
"","5269","Validate forgot password functionality","chromium","Thu Sep 10 10:11:42 UTC 2026","passed","Thu Sep 10 10:11:48 UTC 2026","","specs\Smoke\1-LoginSmoke.spec.ts","",""
"","15254","Saved Filters dropdown is visible and defaults to no preset","firefox","Thu Sep 10 10:25:31 UTC 2026","passed","Thu Sep 10 10:25:47 UTC 2026","Exceptions — Smoke","specs\Smoke\8-ExceptionsSmoke.spec.ts","",""
"","8463","Verify dashboard footer footnote and privacy link are visible","msedge","Thu Sep 10 10:33:34 UTC 2026","passed","Thu Sep 10 10:33:42 UTC 2026","Home Dashboard","specs\Smoke\3-HomeDashboardSmoke.spec.ts","",""
"","19527","Typing a page number navigates to that page","webkit","Thu Sep 10 10:26:56 UTC 2026","passed","Thu Sep 10 10:27:16 UTC 2026","Exceptions — Smoke","specs\Smoke\8-ExceptionsSmoke.spec.ts","",""
"","13532","Clicking a column header sorts ascending, clicking again sorts descending","chromium","Thu Sep 10 10:18:04 UTC 2026","passed","Thu Sep 10 10:18:18 UTC 2026","Issued Checks — Smoke (Continued)","specs\Smoke\4-IssuedChecksSmoke.spec.ts","",""
"","9006","Open Exceptions page loads with either exception cards or the empty-state message","webkit","Thu Sep 10 10:30:42 UTC 2026","passed","Thu Sep 10 10:30:51 UTC 2026","Exceptions — Smoke (Continued)","specs\Smoke\8-ExceptionsSmoke.spec.ts","",""
"","26192","Check Approval Rules sub-page loads correctly","webkit","Thu Sep 10 10:15:05 UTC 2026","passed","Thu Sep 10 10:15:31 UTC 2026","Application Navigation Smoke Tests","specs\Smoke\2-NavigationSmoke.spec.ts","",""
"","5273","Validate Login functionality with veryLongInput","msedge","Thu Sep 10 10:31:18 UTC 2026","passed","Thu Sep 10 10:31:23 UTC 2026","","specs\Smoke\1-LoginSmoke.spec.ts","",""
"","22132","Search box filters grid and clears correctly","webkit","Thu Sep 10 10:18:51 UTC 2026","passed","Thu Sep 10 10:19:13 UTC 2026","Issued Checks — Smoke","specs\Smoke\4-IssuedChecksSmoke.spec.ts","",""
"","17289","""+ Add ACH"" navigates to the add-ACH form","webkit","Thu Sep 10 10:24:36 UTC 2026","passed","Thu Sep 10 10:24:53 UTC 2026","ACH — Smoke","specs\Smoke\7-ACHSmoke.spec.ts","",""
"","7612","Verify tab-specific charts are hidden for opposite tab","chromium","Thu Sep 10 10:13:10 UTC 2026","passed","Thu Sep 10 10:13:18 UTC 2026","Home Dashboard","specs\Smoke\3-HomeDashboardSmoke.spec.ts","",""
"","8691","Settings page loads correctly","chromium","Thu Sep 10 10:11:31 UTC 2026","passed","Thu Sep 10 10:11:40 UTC 2026","Application Navigation Smoke Tests","specs\Smoke\2-NavigationSmoke.spec.ts","",""
"","12563","Verify tab-specific charts are hidden for opposite tab","firefox","Thu Sep 10 10:14:21 UTC 2026","passed","Thu Sep 10 10:14:33 UTC 2026","Home Dashboard","specs\Smoke\3-HomeDashboardSmoke.spec.ts","",""
"","27298","Verify tab-specific charts are hidden for opposite tab","webkit","Thu Sep 10 10:15:10 UTC 2026","passed","Thu Sep 10 10:15:37 UTC 2026","Home Dashboard","specs\Smoke\3-HomeDashboardSmoke.spec.ts","",""
"","13620","Teller page loads correctly","firefox","Thu Sep 10 10:11:11 UTC 2026","passed","Thu Sep 10 10:11:24 UTC 2026","Application Navigation Smoke Tests","specs\Smoke\2-NavigationSmoke.spec.ts","",""
"","12869","Verify all three dashboard view tabs are visible","webkit","Thu Sep 10 10:13:29 UTC 2026","passed","Thu Sep 10 10:13:41 UTC 2026","Home Dashboard","specs\Smoke\3-HomeDashboardSmoke.spec.ts","",""
"","4844","Validate forgot password with unregistered email","chromium","Thu Sep 10 10:11:53 UTC 2026","passed","Thu Sep 10 10:11:57 UTC 2026","","specs\Smoke\1-LoginSmoke.spec.ts","",""
"","10258","Validate forgot password with unregistered email","webkit","Thu Sep 10 10:12:43 UTC 2026","passed","Thu Sep 10 10:12:53 UTC 2026","","specs\Smoke\1-LoginSmoke.spec.ts","",""
"","16478","Default filter auto-applies after logout and re-login","firefox","Thu Sep 10 10:20:17 UTC 2026","skipped","Thu Sep 10 10:20:33 UTC 2026","Presented Checks — Default Filter (Serial)","specs\Smoke\5-PresentedChecksSmoke.spec.ts","",""
"","7986","Roles/Permissions sub-page loads correctly","chromium","Thu Sep 10 10:12:06 UTC 2026","passed","Thu Sep 10 10:12:14 UTC 2026","Application Navigation Smoke Tests","specs\Smoke\2-NavigationSmoke.spec.ts","",""
"","9108","Validate teller presented-check form shows all required fields","msedge","Thu Sep 10 10:37:15 UTC 2026","passed","Thu Sep 10 10:37:25 UTC 2026","Teller - Smoke","specs\Smoke\6-TellerSmoke.spec.ts","",""
"","12705","Presented Checks page loads correctly","firefox","Thu Sep 10 10:10:58 UTC 2026","passed","Thu Sep 10 10:11:11 UTC 2026","Application Navigation Smoke Tests","specs\Smoke\2-NavigationSmoke.spec.ts","",""
"","23118","Home page is accessible and shows dashboard","firefox","Thu Sep 10 10:10:19 UTC 2026","passed","Thu Sep 10 10:10:42 UTC 2026","Application Navigation Smoke Tests","specs\Smoke\2-NavigationSmoke.spec.ts","",""
"","8581","Validate forgot password functionality","webkit","Thu Sep 10 10:12:25 UTC 2026","passed","Thu Sep 10 10:12:33 UTC 2026","","specs\Smoke\1-LoginSmoke.spec.ts","",""
"","11014","""View"" (Change Log) link on a row navigates to the entity log","chromium","Thu Sep 10 10:22:43 UTC 2026","passed","Thu Sep 10 10:22:54 UTC 2026","ACH — Smoke","specs\Smoke\7-ACHSmoke.spec.ts","",""
"","5490","Validate Login functionality with missingUsername","msedge","Thu Sep 10 10:31:03 UTC 2026","passed","Thu Sep 10 10:31:09 UTC 2026","","specs\Smoke\1-LoginSmoke.spec.ts","",""
"","8687","Verify Combined View shows all chart sections","msedge","Thu Sep 10 10:32:16 UTC 2026","passed","Thu Sep 10 10:32:25 UTC 2026","Home Dashboard","specs\Smoke\3-HomeDashboardSmoke.spec.ts","",""
"","17056","Typing a page number navigates to that page","firefox","Thu Sep 10 10:25:26 UTC 2026","passed","Thu Sep 10 10:25:43 UTC 2026","ACH — Smoke","specs\Smoke\7-ACHSmoke.spec.ts","",""
"","19770","Search box filters grid and clears correctly","firefox","Thu Sep 10 10:17:53 UTC 2026","passed","Thu Sep 10 10:18:13 UTC 2026","Issued Checks — Smoke","specs\Smoke\4-IssuedChecksSmoke.spec.ts","",""
"","7010","Account Settings sub-page loads correctly","msedge","Thu Sep 10 10:31:18 UTC 2026","passed","Thu Sep 10 10:31:25 UTC 2026","Application Navigation Smoke Tests","specs\Smoke\2-NavigationSmoke.spec.ts","",""
"","18387","Pay/Return decision badge navigates to exception history","webkit","Thu Sep 10 10:24:33 UTC 2026","passed","Thu Sep 10 10:24:52 UTC 2026","Presented Checks — Smoke (Continued)","specs\Smoke\5-PresentedChecksSmoke.spec.ts","",""
"","4844","Validate Login functionality with emptyFields","firefox","Thu Sep 10 10:11:11 UTC 2026","passed","Thu Sep 10 10:11:16 UTC 2026","","specs\Smoke\1-LoginSmoke.spec.ts","",""
"","23548","Column filter popup applies a filter and Clear restores the full row set","webkit","Thu Sep 10 10:28:41 UTC 2026","passed","Thu Sep 10 10:29:05 UTC 2026","ACH — Smoke","specs\Smoke\7-ACHSmoke.spec.ts","",""
"","17536","Next page arrow advances to page 2","firefox","Thu Sep 10 10:18:50 UTC 2026","passed","Thu Sep 10 10:19:08 UTC 2026","Issued Checks — Smoke","specs\Smoke\4-IssuedChecksSmoke.spec.ts","",""
"","9662","Navigation tabs to Pre-Decisions, Approvals, and Exception History are visible","webkit","Thu Sep 10 10:30:33 UTC 2026","passed","Thu Sep 10 10:30:42 UTC 2026","Exceptions — Smoke (Continued)","specs\Smoke\8-ExceptionsSmoke.spec.ts","",""
"","15571","Validate teller presented-check form shows all required fields","webkit","Thu Sep 10 10:24:01 UTC 2026","passed","Thu Sep 10 10:24:17 UTC 2026","Teller - Smoke","specs\Smoke\6-TellerSmoke.spec.ts","",""
"","11587","Verify navigation to ACH via nav menu","chromium","Thu Sep 10 10:14:37 UTC 2026","passed","Thu Sep 10 10:14:48 UTC 2026","Home Dashboard","specs\Smoke\3-HomeDashboardSmoke.spec.ts","",""
"","10063","Pre-Decisions page loads with either records or the empty-state message","firefox","Thu Sep 10 10:29:03 UTC 2026","passed","Thu Sep 10 10:29:13 UTC 2026","Exceptions — Smoke (Continued)","specs\Smoke\8-ExceptionsSmoke.spec.ts","",""
"","15290","Navigation tabs to Pre-Decisions, Approvals, and Exception History are visible","firefox","Thu Sep 10 10:28:02 UTC 2026","passed","Thu Sep 10 10:28:17 UTC 2026","Exceptions — Smoke (Continued)","specs\Smoke\8-ExceptionsSmoke.spec.ts","",""
"","16503","Last page arrow jumps to the final page","firefox","Thu Sep 10 10:19:08 UTC 2026","passed","Thu Sep 10 10:19:24 UTC 2026","Issued Checks — Smoke","specs\Smoke\4-IssuedChecksSmoke.spec.ts","",""
"","16325","""View"" (Change Log) link on a row navigates to the entity log","firefox","Thu Sep 10 10:27:42 UTC 2026","passed","Thu Sep 10 10:27:58 UTC 2026","ACH — Smoke","specs\Smoke\7-ACHSmoke.spec.ts","",""
"","30450","Default filter auto-applies after logout and re-login","chromium","Thu Sep 10 10:17:17 UTC 2026","passed","Thu Sep 10 10:17:48 UTC 2026","Issued Checks — Default Filter (Serial)","specs\Smoke\4-IssuedChecksSmoke.spec.ts","",""
"","11355","Home page is accessible and shows dashboard","msedge","Thu Sep 10 10:30:20 UTC 2026","passed","Thu Sep 10 10:30:31 UTC 2026","Application Navigation Smoke Tests","specs\Smoke\2-NavigationSmoke.spec.ts","",""
"","9092","Issued Checks page loads correctly","chromium","Thu Sep 10 10:10:48 UTC 2026","passed","Thu Sep 10 10:10:58 UTC 2026","Application Navigation Smoke Tests","specs\Smoke\2-NavigationSmoke.spec.ts","",""
"","19150","Verify Home dashboard is restored after returning from another page","firefox","Thu Sep 10 10:15:36 UTC 2026","passed","Thu Sep 10 10:15:56 UTC 2026","Home Dashboard","specs\Smoke\3-HomeDashboardSmoke.spec.ts","",""
"","8734","Presented Checks page loads correctly","chromium","Thu Sep 10 10:10:58 UTC 2026","passed","Thu Sep 10 10:11:06 UTC 2026","Application Navigation Smoke Tests","specs\Smoke\2-NavigationSmoke.spec.ts","",""
"","12238","Decision Files sub-page loads correctly","firefox","Thu Sep 10 10:13:41 UTC 2026","passed","Thu Sep 10 10:13:53 UTC 2026","Application Navigation Smoke Tests","specs\Smoke\2-NavigationSmoke.spec.ts","",""
"","9158","Validate Login functionality with incorrectUsername","webkit","Thu Sep 10 10:11:13 UTC 2026","passed","Thu Sep 10 10:11:22 UTC 2026","","specs\Smoke\1-LoginSmoke.spec.ts","",""
"","8956","""Edit"" link on a row navigates to the check edit form","msedge","Thu Sep 10 10:36:35 UTC 2026","passed","Thu Sep 10 10:36:44 UTC 2026","Issued Checks — Smoke (Continued)","specs\Smoke\4-IssuedChecksSmoke.spec.ts","",""
"","11299","""Delete"" on a row shows a confirm modal; Cancel dismisses it without deleting","chromium","Thu Sep 10 10:22:54 UTC 2026","passed","Thu Sep 10 10:23:06 UTC 2026","ACH — Smoke","specs\Smoke\7-ACHSmoke.spec.ts","",""
"","16220","Decision Files sub-page loads correctly","webkit","Thu Sep 10 10:13:38 UTC 2026","passed","Thu Sep 10 10:13:55 UTC 2026","Application Navigation Smoke Tests","specs\Smoke\2-NavigationSmoke.spec.ts","",""
"","6754","Open Exceptions page loads with either exception cards or the empty-state message","msedge","Thu Sep 10 10:40:39 UTC 2026","passed","Thu Sep 10 10:40:45 UTC 2026","Exceptions — Smoke (Continued)","specs\Smoke\8-ExceptionsSmoke.spec.ts","",""
"","5436","Validate forgot password functionality with No email","msedge","Thu Sep 10 10:31:27 UTC 2026","passed","Thu Sep 10 10:31:32 UTC 2026","","specs\Smoke\1-LoginSmoke.spec.ts","",""
"","10985","Previous page button returns to page 1, First page button re-enables disabled state","chromium","Thu Sep 10 10:17:06 UTC 2026","passed","Thu Sep 10 10:17:17 UTC 2026","Presented Checks — Smoke","specs\Smoke\5-PresentedChecksSmoke.spec.ts","",""
"","17818","""Delete"" on a row shows a confirm modal; Cancel dismisses it without deleting","firefox","Thu Sep 10 10:22:15 UTC 2026","passed","Thu Sep 10 10:22:33 UTC 2026","Issued Checks — Smoke (Continued)","specs\Smoke\4-IssuedChecksSmoke.spec.ts","",""
"","10307","Issued Checks breadcrumb link is visible on the page","chromium","Thu Sep 10 10:19:08 UTC 2026","passed","Thu Sep 10 10:19:19 UTC 2026","Issued Checks — Smoke (Continued)","specs\Smoke\4-IssuedChecksSmoke.spec.ts","",""
"","18944","Validate Login functionality with correctCredentials","firefox","Thu Sep 10 10:10:19 UTC 2026","passed","Thu Sep 10 10:10:38 UTC 2026","","specs\Smoke\1-LoginSmoke.spec.ts","",""
"","18592","Previous page button returns to page 1, First page button re-enables disabled state","firefox","Thu Sep 10 10:19:41 UTC 2026","passed","Thu Sep 10 10:20:00 UTC 2026","Issued Checks — Smoke","specs\Smoke\4-IssuedChecksSmoke.spec.ts","",""
"","10472","Verify dashboard loads after successful login","firefox","Thu Sep 10 10:12:36 UTC 2026","passed","Thu Sep 10 10:12:46 UTC 2026","Home Dashboard","specs\Smoke\3-HomeDashboardSmoke.spec.ts","",""
"","7802","Verify delayed data note and force refresh link are visible on dashboard","chromium","Thu Sep 10 10:13:32 UTC 2026","passed","Thu Sep 10 10:13:40 UTC 2026","Home Dashboard","specs\Smoke\3-HomeDashboardSmoke.spec.ts","",""
"","11682","Validate Login functionality with caseSensitiveEmail","firefox","Thu Sep 10 10:10:40 UTC 2026","passed","Thu Sep 10 10:10:52 UTC 2026","","specs\Smoke\1-LoginSmoke.spec.ts","",""
"","5430","Users sub-page loads correctly","msedge","Thu Sep 10 10:31:33 UTC 2026","passed","Thu Sep 10 10:31:38 UTC 2026","Application Navigation Smoke Tests","specs\Smoke\2-NavigationSmoke.spec.ts","",""
"","10328","File Formats sub-page loads correctly","chromium","Thu Sep 10 10:12:53 UTC 2026","passed","Thu Sep 10 10:13:03 UTC 2026","Application Navigation Smoke Tests","specs\Smoke\2-NavigationSmoke.spec.ts","",""
"","7384","Verify summary KPI values have expected number formats","chromium","Thu Sep 10 10:13:25 UTC 2026","passed","Thu Sep 10 10:13:32 UTC 2026","Home Dashboard","specs\Smoke\3-HomeDashboardSmoke.spec.ts","",""
"","8585","ACH page loads correctly","chromium","Thu Sep 10 10:11:15 UTC 2026","passed","Thu Sep 10 10:11:23 UTC 2026","Application Navigation Smoke Tests","specs\Smoke\2-NavigationSmoke.spec.ts","",""
"","6044","Teller page loads correctly","msedge","Thu Sep 10 10:30:49 UTC 2026","passed","Thu Sep 10 10:30:55 UTC 2026","Application Navigation Smoke Tests","specs\Smoke\2-NavigationSmoke.spec.ts","",""
"","7427","Check Approval Rules sub-page loads correctly","msedge","Thu Sep 10 10:32:54 UTC 2026","passed","Thu Sep 10 10:33:01 UTC 2026","Application Navigation Smoke Tests","specs\Smoke\2-NavigationSmoke.spec.ts","",""
"","13634","Search box filters grid and clears correctly","chromium","Thu Sep 10 10:15:57 UTC 2026","passed","Thu Sep 10 10:16:10 UTC 2026","Presented Checks — Smoke","specs\Smoke\5-PresentedChecksSmoke.spec.ts","",""
"","9958","Grid View toggle navigates to the open-exceptions grid and shows key column headers","webkit","Thu Sep 10 10:30:51 UTC 2026","passed","Thu Sep 10 10:31:01 UTC 2026","Exceptions — Smoke (Continued)","specs\Smoke\8-ExceptionsSmoke.spec.ts","",""
"","30342","Save a filter preset, verify it is auto-selected, then delete it","webkit","Thu Sep 10 10:21:40 UTC 2026","passed","Thu Sep 10 10:22:11 UTC 2026","Issued Checks — Smoke (Continued)","specs\Smoke\4-IssuedChecksSmoke.spec.ts","",""
"","7367","""Uploaded Checks"" navigates to the uploads page","msedge","Thu Sep 10 10:34:26 UTC 2026","passed","Thu Sep 10 10:34:33 UTC 2026","Issued Checks — Smoke","specs\Smoke\4-IssuedChecksSmoke.spec.ts","",""
"","9992","Validate forgot password functionality with No email","webkit","Thu Sep 10 10:12:33 UTC 2026","passed","Thu Sep 10 10:12:43 UTC 2026","","specs\Smoke\1-LoginSmoke.spec.ts","",""
"","24528","Column filter popup applies a filter and Clear restores the full row set","webkit","Thu Sep 10 10:23:16 UTC 2026","passed","Thu Sep 10 10:23:40 UTC 2026","Presented Checks — Smoke (Continued)","specs\Smoke\5-PresentedChecksSmoke.spec.ts","",""
"","10718","""View"" (Change Log) link on a row navigates to the entity log","chromium","Thu Sep 10 10:18:46 UTC 2026","passed","Thu Sep 10 10:18:57 UTC 2026","Issued Checks — Smoke (Continued)","specs\Smoke\4-IssuedChecksSmoke.spec.ts","",""
"","7451","""+ Add Check"" navigates to the add-check form","msedge","Thu Sep 10 10:34:48 UTC 2026","passed","Thu Sep 10 10:34:56 UTC 2026","Presented Checks — Smoke","specs\Smoke\5-PresentedChecksSmoke.spec.ts","",""
"","22612","Column filter menu applies a filter and Clear restores the full row set","firefox","Thu Sep 10 10:26:41 UTC 2026","passed","Thu Sep 10 10:27:04 UTC 2026","Exceptions — Smoke (Continued)","specs\Smoke\8-ExceptionsSmoke.spec.ts","",""
"","3885","Validate forgot password functionality","msedge","Thu Sep 10 10:31:23 UTC 2026","passed","Thu Sep 10 10:31:27 UTC 2026","","specs\Smoke\1-LoginSmoke.spec.ts","",""
"","10848","""View"" (Change Log) link on a row navigates to the entity log","msedge","Thu Sep 10 10:36:44 UTC 2026","passed","Thu Sep 10 10:36:54 UTC 2026","Issued Checks — Smoke (Continued)","specs\Smoke\4-IssuedChecksSmoke.spec.ts","",""
"","13725","Automatic ACH Decision Rules sub-page loads correctly","firefox","Thu Sep 10 10:15:10 UTC 2026","passed","Thu Sep 10 10:15:24 UTC 2026","Application Navigation Smoke Tests","specs\Smoke\2-NavigationSmoke.spec.ts","",""
"","17944","Next page arrow advances to page 2","webkit","Thu Sep 10 10:20:41 UTC 2026","passed","Thu Sep 10 10:20:59 UTC 2026","Presented Checks — Smoke","specs\Smoke\5-PresentedChecksSmoke.spec.ts","",""
"","9917","Validate Login functionality with missingPassword","webkit","Thu Sep 10 10:11:40 UTC 2026","passed","Thu Sep 10 10:11:50 UTC 2026","","specs\Smoke\1-LoginSmoke.spec.ts","",""
"","12913","""+ Add Check"" navigates to the add-check form","chromium","Thu Sep 10 10:15:15 UTC 2026","passed","Thu Sep 10 10:15:28 UTC 2026","Issued Checks — Smoke","specs\Smoke\4-IssuedChecksSmoke.spec.ts","",""
"","9044","Verify chart title changes with selected tab","chromium","Thu Sep 10 10:13:01 UTC 2026","passed","Thu Sep 10 10:13:10 UTC 2026","Home Dashboard","specs\Smoke\3-HomeDashboardSmoke.spec.ts","",""
"","16114","Typing a page number navigates to that page","firefox","Thu Sep 10 10:24:55 UTC 2026","passed","Thu Sep 10 10:25:11 UTC 2026","Exceptions — Smoke","specs\Smoke\8-ExceptionsSmoke.spec.ts","",""
"","31365","Pay/Return decision badge navigates to exception history","webkit","Thu Sep 10 10:29:42 UTC 2026","passed","Thu Sep 10 10:30:14 UTC 2026","ACH — Smoke","specs\Smoke\7-ACHSmoke.spec.ts","",""
"","18089","Grid loads with data rows and key column headers","firefox","Thu Sep 10 10:17:02 UTC 2026","passed","Thu Sep 10 10:17:20 UTC 2026","Issued Checks — Smoke","specs\Smoke\4-IssuedChecksSmoke.spec.ts","",""
"","12426","Teller page loads correctly","webkit","Thu Sep 10 10:11:22 UTC 2026","passed","Thu Sep 10 10:11:34 UTC 2026","Application Navigation Smoke Tests","specs\Smoke\2-NavigationSmoke.spec.ts","",""
"","17728","Next page arrow advances to page 2","webkit","Thu Sep 10 10:26:01 UTC 2026","passed","Thu Sep 10 10:26:19 UTC 2026","ACH — Smoke","specs\Smoke\7-ACHSmoke.spec.ts","",""
"","16178","Verify dashboard tab checked state updates correctly","firefox","Thu Sep 10 10:13:49 UTC 2026","passed","Thu Sep 10 10:14:06 UTC 2026","Home Dashboard","specs\Smoke\3-HomeDashboardSmoke.spec.ts","",""
"","18733","Grid loads with data rows and key column headers","webkit","Thu Sep 10 10:24:17 UTC 2026","passed","Thu Sep 10 10:24:36 UTC 2026","ACH — Smoke","specs\Smoke\7-ACHSmoke.spec.ts","",""
"","9225","Next page arrow advances to page 2","msedge","Thu Sep 10 10:38:28 UTC 2026","passed","Thu Sep 10 10:38:37 UTC 2026","Exceptions — Smoke","specs\Smoke\8-ExceptionsSmoke.spec.ts","",""
"","10038","""Uploaded ACH"" navigates to the uploads page","chromium","Thu Sep 10 10:19:51 UTC 2026","passed","Thu Sep 10 10:20:01 UTC 2026","ACH — Smoke","specs\Smoke\7-ACHSmoke.spec.ts","",""
"","9524","""Delete"" on a row shows a confirm modal; Cancel dismisses it without deleting","msedge","Thu Sep 10 10:37:24 UTC 2026","passed","Thu Sep 10 10:37:34 UTC 2026","Presented Checks — Smoke (Continued)","specs\Smoke\5-PresentedChecksSmoke.spec.ts","",""
"","16399","""+ Add Check"" navigates to the add-check form","firefox","Thu Sep 10 10:17:20 UTC 2026","passed","Thu Sep 10 10:17:36 UTC 2026","Presented Checks — Smoke","specs\Smoke\5-PresentedChecksSmoke.spec.ts","",""
"","10160","File Formats sub-page loads correctly","msedge","Thu Sep 10 10:32:25 UTC 2026","passed","Thu Sep 10 10:32:35 UTC 2026","Application Navigation Smoke Tests","specs\Smoke\2-NavigationSmoke.spec.ts","",""
"","16437","Pay/Return decision badge navigates to exception history","chromium","Thu Sep 10 10:23:06 UTC 2026","passed","Thu Sep 10 10:23:22 UTC 2026","ACH — Smoke","specs\Smoke\7-ACHSmoke.spec.ts","",""
"","8796","Verify dashboard tab checked state updates correctly","msedge","Thu Sep 10 10:32:44 UTC 2026","passed","Thu Sep 10 10:32:53 UTC 2026","Home Dashboard","specs\Smoke\3-HomeDashboardSmoke.spec.ts","",""
"","14102","System Log sub-page loads correctly","firefox","Thu Sep 10 10:16:07 UTC 2026","passed","Thu Sep 10 10:16:21 UTC 2026","Application Navigation Smoke Tests","specs\Smoke\2-NavigationSmoke.spec.ts","",""
"","7061","Approvals page loads with either records or the empty-state message","chromium","Thu Sep 10 10:23:41 UTC 2026","passed","Thu Sep 10 10:23:48 UTC 2026","Exceptions — Smoke (Continued)","specs\Smoke\8-ExceptionsSmoke.spec.ts","",""
"","11221","""+ Add ACH"" navigates to the add-ACH form","chromium","Thu Sep 10 10:19:40 UTC 2026","passed","Thu Sep 10 10:19:51 UTC 2026","ACH — Smoke","specs\Smoke\7-ACHSmoke.spec.ts","",""
"","11417","Excel export button is visible and enabled","chromium","Thu Sep 10 10:15:57 UTC 2026","passed","Thu Sep 10 10:16:09 UTC 2026","Issued Checks — Smoke","specs\Smoke\4-IssuedChecksSmoke.spec.ts","",""
"","17989","""View"" (Change Log) link on a row navigates to the entity log","firefox","Thu Sep 10 10:21:57 UTC 2026","passed","Thu Sep 10 10:22:15 UTC 2026","Issued Checks — Smoke (Continued)","specs\Smoke\4-IssuedChecksSmoke.spec.ts","",""
"","17270","""View"" (Change Log) link on a row navigates to the entity log","firefox","Thu Sep 10 10:21:57 UTC 2026","passed","Thu Sep 10 10:22:15 UTC 2026","Presented Checks — Smoke (Continued)","specs\Smoke\5-PresentedChecksSmoke.spec.ts","",""
"","16477","Issued Checks breadcrumb link is visible on the page","firefox","Thu Sep 10 10:22:33 UTC 2026","passed","Thu Sep 10 10:22:49 UTC 2026","Issued Checks — Smoke (Continued)","specs\Smoke\4-IssuedChecksSmoke.spec.ts","",""
"","13186","Billing Reports sub-page loads correctly","firefox","Thu Sep 10 10:13:28 UTC 2026","passed","Thu Sep 10 10:13:41 UTC 2026","Application Navigation Smoke Tests","specs\Smoke\2-NavigationSmoke.spec.ts","",""
"","6698","System Log sub-page loads correctly","msedge","Thu Sep 10 10:33:37 UTC 2026","passed","Thu Sep 10 10:33:44 UTC 2026","Application Navigation Smoke Tests","specs\Smoke\2-NavigationSmoke.spec.ts","",""
"","11521","Clicking a column header sorts ascending, clicking again sorts descending","msedge","Thu Sep 10 10:39:37 UTC 2026","passed","Thu Sep 10 10:39:48 UTC 2026","Exceptions — Smoke (Continued)","specs\Smoke\8-ExceptionsSmoke.spec.ts","",""
"","16843","Excel export button is visible and enabled","webkit","Thu Sep 10 10:25:27 UTC 2026","passed","Thu Sep 10 10:25:44 UTC 2026","ACH — Smoke","specs\Smoke\7-ACHSmoke.spec.ts","",""
"","9209","Default filter auto-applies after logout and re-login","msedge","Thu Sep 10 10:35:52 UTC 2026","skipped","Thu Sep 10 10:36:01 UTC 2026","Issued Checks — Default Filter (Serial)","specs\Smoke\4-IssuedChecksSmoke.spec.ts","",""
"","15343","Open Exceptions page loads with either exception cards or the empty-state message","firefox","Thu Sep 10 10:28:17 UTC 2026","passed","Thu Sep 10 10:28:33 UTC 2026","Exceptions — Smoke (Continued)","specs\Smoke\8-ExceptionsSmoke.spec.ts","",""
"","22481","Save a filter preset, verify it is auto-selected, then delete it","firefox","Thu Sep 10 10:20:32 UTC 2026","passed","Thu Sep 10 10:20:55 UTC 2026","Issued Checks — Smoke (Continued)","specs\Smoke\4-IssuedChecksSmoke.spec.ts","",""
"","19829","""Delete"" on a row shows a confirm modal; Cancel dismisses it without deleting","webkit","Thu Sep 10 10:24:14 UTC 2026","passed","Thu Sep 10 10:24:33 UTC 2026","Presented Checks — Smoke (Continued)","specs\Smoke\5-PresentedChecksSmoke.spec.ts","",""
"","15793","Clicking a column header sorts ascending, clicking again sorts descending","chromium","Thu Sep 10 10:18:17 UTC 2026","passed","Thu Sep 10 10:18:33 UTC 2026","Presented Checks — Smoke (Continued)","specs\Smoke\5-PresentedChecksSmoke.spec.ts","",""
"","9518","Validate session persists after page refresh","chromium","Thu Sep 10 10:11:57 UTC 2026","passed","Thu Sep 10 10:12:07 UTC 2026","","specs\Smoke\1-LoginSmoke.spec.ts","",""
"","20174","Excel export button is visible and enabled","firefox","Thu Sep 10 10:18:13 UTC 2026","passed","Thu Sep 10 10:18:33 UTC 2026","Issued Checks — Smoke","specs\Smoke\4-IssuedChecksSmoke.spec.ts","",""
"","10661","Page size change to 10 updates pagination info in bottom-right pager","chromium","Thu Sep 10 10:16:21 UTC 2026","passed","Thu Sep 10 10:16:31 UTC 2026","Presented Checks — Smoke","specs\Smoke\5-PresentedChecksSmoke.spec.ts","",""
"","8989","API link is visible and points to swagger","msedge","Thu Sep 10 10:33:52 UTC 2026","passed","Thu Sep 10 10:34:01 UTC 2026","Application Navigation Smoke Tests","specs\Smoke\2-NavigationSmoke.spec.ts","",""
"","15177","File Formats sub-page loads correctly","firefox","Thu Sep 10 10:14:09 UTC 2026","passed","Thu Sep 10 10:14:24 UTC 2026","Application Navigation Smoke Tests","specs\Smoke\2-NavigationSmoke.spec.ts","",""
"","10576","Previous page button returns to page 1, First page button re-enables disabled state","msedge","Thu Sep 10 10:38:47 UTC 2026","passed","Thu Sep 10 10:38:57 UTC 2026","ACH — Smoke","specs\Smoke\7-ACHSmoke.spec.ts","",""
"","6454","Validate Login functionality with invalidEmailFormat","firefox","Thu Sep 10 10:11:05 UTC 2026","passed","Thu Sep 10 10:11:11 UTC 2026","","specs\Smoke\1-LoginSmoke.spec.ts","",""
"","6452","Validate Login functionality with incorrectUsername","firefox","Thu Sep 10 10:10:58 UTC 2026","passed","Thu Sep 10 10:11:04 UTC 2026","","specs\Smoke\1-LoginSmoke.spec.ts","",""
"","5804","Validate Login functionality with missingPassword","chromium","Thu Sep 10 10:11:15 UTC 2026","passed","Thu Sep 10 10:11:21 UTC 2026","","specs\Smoke\1-LoginSmoke.spec.ts","",""
"","4758","Validate Login functionality with incorrectUsername","chromium","Thu Sep 10 10:11:00 UTC 2026","passed","Thu Sep 10 10:11:05 UTC 2026","","specs\Smoke\1-LoginSmoke.spec.ts","",""
"","15203","Verify chart title changes with selected tab","firefox","Thu Sep 10 10:14:06 UTC 2026","passed","Thu Sep 10 10:14:21 UTC 2026","Home Dashboard","specs\Smoke\3-HomeDashboardSmoke.spec.ts","",""
"","10837","Next page arrow advances to page 2","chromium","Thu Sep 10 10:20:24 UTC 2026","passed","Thu Sep 10 10:20:35 UTC 2026","Exceptions — Smoke","specs\Smoke\8-ExceptionsSmoke.spec.ts","",""
"","11454","Validate Login functionality with correctCredentials","msedge","Thu Sep 10 10:30:19 UTC 2026","passed","Thu Sep 10 10:30:31 UTC 2026","","specs\Smoke\1-LoginSmoke.spec.ts","",""
"","19688","Decision badge on an already-reviewed row is blocked with a system message","firefox","Thu Sep 10 10:27:26 UTC 2026","passed","Thu Sep 10 10:27:46 UTC 2026","Exceptions — Smoke (Continued)","specs\Smoke\8-ExceptionsSmoke.spec.ts","",""
"","14773","Settings page loads correctly","firefox","Thu Sep 10 10:11:52 UTC 2026","passed","Thu Sep 10 10:12:07 UTC 2026","Application Navigation Smoke Tests","specs\Smoke\2-NavigationSmoke.spec.ts","",""
"","32233","Save a filter preset, verify it is auto-selected, then delete it","webkit","Thu Sep 10 10:28:09 UTC 2026","passed","Thu Sep 10 10:28:41 UTC 2026","Exceptions — Smoke (Continued)","specs\Smoke\8-ExceptionsSmoke.spec.ts","",""
"","3750","Validate Login functionality with sqlInjection","msedge","Thu Sep 10 10:31:09 UTC 2026","passed","Thu Sep 10 10:31:12 UTC 2026","","specs\Smoke\1-LoginSmoke.spec.ts","",""
"","12129","""Edit"" link on a row navigates to the check edit form","chromium","Thu Sep 10 10:18:34 UTC 2026","passed","Thu Sep 10 10:18:46 UTC 2026","Issued Checks — Smoke (Continued)","specs\Smoke\4-IssuedChecksSmoke.spec.ts","",""
"","22486","""View"" link on a row opens the Exception Details dialog","firefox","Thu Sep 10 10:27:04 UTC 2026","passed","Thu Sep 10 10:27:26 UTC 2026","Exceptions — Smoke (Continued)","specs\Smoke\8-ExceptionsSmoke.spec.ts","",""
"","17671","Page size change to 10 updates pagination info in bottom-right pager","firefox","Thu Sep 10 10:24:33 UTC 2026","passed","Thu Sep 10 10:24:50 UTC 2026","ACH — Smoke","specs\Smoke\7-ACHSmoke.spec.ts","",""
"","20045","Previous page button returns to page 1, First page button re-enables disabled state","firefox","Thu Sep 10 10:19:41 UTC 2026","passed","Thu Sep 10 10:20:01 UTC 2026","Presented Checks — Smoke","specs\Smoke\5-PresentedChecksSmoke.spec.ts","",""
"","7913","Presented Checks page loads correctly","msedge","Thu Sep 10 10:30:42 UTC 2026","passed","Thu Sep 10 10:30:49 UTC 2026","Application Navigation Smoke Tests","specs\Smoke\2-NavigationSmoke.spec.ts","",""
"","12312","Validate Login functionality with caseSensitiveEmail","webkit","Thu Sep 10 10:10:53 UTC 2026","passed","Thu Sep 10 10:11:05 UTC 2026","","specs\Smoke\1-LoginSmoke.spec.ts","",""
"","5079","Validate Login functionality with veryLongInput","chromium","Thu Sep 10 10:11:37 UTC 2026","passed","Thu Sep 10 10:11:42 UTC 2026","","specs\Smoke\1-LoginSmoke.spec.ts","",""
"","14417","""Uploaded Checks"" navigates to the uploads page","chromium","Thu Sep 10 10:15:28 UTC 2026","passed","Thu Sep 10 10:15:42 UTC 2026","Issued Checks — Smoke","specs\Smoke\4-IssuedChecksSmoke.spec.ts","",""
"","16167","Column filter popup applies a filter and Clear restores the full row set","chromium","Thu Sep 10 10:18:18 UTC 2026","passed","Thu Sep 10 10:18:34 UTC 2026","Issued Checks — Smoke (Continued)","specs\Smoke\4-IssuedChecksSmoke.spec.ts","",""
"","11588","Last page arrow jumps to the final page","chromium","Thu Sep 10 10:16:31 UTC 2026","passed","Thu Sep 10 10:16:42 UTC 2026","Issued Checks — Smoke","specs\Smoke\4-IssuedChecksSmoke.spec.ts","",""
"","13371","API link is visible and points to swagger","chromium","Thu Sep 10 10:14:37 UTC 2026","passed","Thu Sep 10 10:14:51 UTC 2026","Application Navigation Smoke Tests","specs\Smoke\2-NavigationSmoke.spec.ts","",""
"","10721","Exception History grid loads with data rows and key column headers","chromium","Thu Sep 10 10:19:40 UTC 2026","passed","Thu Sep 10 10:19:51 UTC 2026","Exceptions — Smoke","specs\Smoke\8-ExceptionsSmoke.spec.ts","",""
"","11379","Web Hooks sub-page loads correctly","chromium","Thu Sep 10 10:14:51 UTC 2026","passed","Thu Sep 10 10:15:02 UTC 2026","Application Navigation Smoke Tests","specs\Smoke\2-NavigationSmoke.spec.ts","",""
"","7555","Saved Filters dropdown is visible and defaults to no preset","msedge","Thu Sep 10 10:39:07 UTC 2026","passed","Thu Sep 10 10:39:14 UTC 2026","Exceptions — Smoke","specs\Smoke\8-ExceptionsSmoke.spec.ts","",""
"","8038","Automatic ACH Decision Rules sub-page loads correctly","msedge","Thu Sep 10 10:33:01 UTC 2026","passed","Thu Sep 10 10:33:09 UTC 2026","Application Navigation Smoke Tests","specs\Smoke\2-NavigationSmoke.spec.ts","",""
"","9742","Verify delayed data note and force refresh link are visible on dashboard","msedge","Thu Sep 10 10:33:24 UTC 2026","passed","Thu Sep 10 10:33:34 UTC 2026","Home Dashboard","specs\Smoke\3-HomeDashboardSmoke.spec.ts","",""
"","15657","ACH page loads correctly","firefox","Thu Sep 10 10:11:24 UTC 2026","passed","Thu Sep 10 10:11:40 UTC 2026","Application Navigation Smoke Tests","specs\Smoke\2-NavigationSmoke.spec.ts","",""
"","9543","Search box filters grid and clears correctly","msedge","Thu Sep 10 10:35:04 UTC 2026","passed","Thu Sep 10 10:35:13 UTC 2026","Presented Checks — Smoke","specs\Smoke\5-PresentedChecksSmoke.spec.ts","",""
"","14286","ACH breadcrumb link is visible on the page","firefox","Thu Sep 10 10:28:40 UTC 2026","passed","Thu Sep 10 10:28:55 UTC 2026","ACH — Smoke","specs\Smoke\7-ACHSmoke.spec.ts","",""
"","11071","""View"" link on a row opens the Exception Details dialog","msedge","Thu Sep 10 10:40:00 UTC 2026","passed","Thu Sep 10 10:40:11 UTC 2026","Exceptions — Smoke (Continued)","specs\Smoke\8-ExceptionsSmoke.spec.ts","",""
"","17344","Search box filters grid and clears correctly","webkit","Thu Sep 10 10:25:10 UTC 2026","passed","Thu Sep 10 10:25:27 UTC 2026","ACH — Smoke","specs\Smoke\7-ACHSmoke.spec.ts","",""
"","17943","Exception History grid loads with data rows and key column headers","firefox","Thu Sep 10 10:23:07 UTC 2026","passed","Thu Sep 10 10:23:25 UTC 2026","Exceptions — Smoke","specs\Smoke\8-ExceptionsSmoke.spec.ts","",""
"","14156","Verify navigation to ACH via nav menu","firefox","Thu Sep 10 10:16:21 UTC 2026","passed","Thu Sep 10 10:16:36 UTC 2026","Home Dashboard","specs\Smoke\3-HomeDashboardSmoke.spec.ts","",""
"","16580","Grid loads with data rows and key column headers","webkit","Thu Sep 10 10:18:01 UTC 2026","passed","Thu Sep 10 10:18:17 UTC 2026","Issued Checks — Smoke","specs\Smoke\4-IssuedChecksSmoke.spec.ts","",""
"","16281","Pay/Return decision badge navigates to exception history","firefox","Thu Sep 10 10:22:33 UTC 2026","passed","Thu Sep 10 10:22:49 UTC 2026","Presented Checks — Smoke (Continued)","specs\Smoke\5-PresentedChecksSmoke.spec.ts","",""
"","16485","Saved Filters dropdown is visible and defaults to no preset","webkit","Thu Sep 10 10:27:19 UTC 2026","passed","Thu Sep 10 10:27:36 UTC 2026","ACH — Smoke","specs\Smoke\7-ACHSmoke.spec.ts","",""
"","8099","""View"" (Change Log) link on a row navigates to the entity log","msedge","Thu Sep 10 10:37:16 UTC 2026","passed","Thu Sep 10 10:37:24 UTC 2026","Presented Checks — Smoke (Continued)","specs\Smoke\5-PresentedChecksSmoke.spec.ts","",""
"","7833","Automatic ACH Decision Rules sub-page loads correctly","chromium","Thu Sep 10 10:13:34 UTC 2026","passed","Thu Sep 10 10:13:42 UTC 2026","Application Navigation Smoke Tests","specs\Smoke\2-NavigationSmoke.spec.ts","",""
"","16427","Excel export button is visible and enabled","webkit","Thu Sep 10 10:25:45 UTC 2026","passed","Thu Sep 10 10:26:01 UTC 2026","Exceptions — Smoke","specs\Smoke\8-ExceptionsSmoke.spec.ts","",""
"","23470","Verify delayed data note and force refresh link are visible on dashboard","webkit","Thu Sep 10 10:16:32 UTC 2026","passed","Thu Sep 10 10:16:56 UTC 2026","Home Dashboard","specs\Smoke\3-HomeDashboardSmoke.spec.ts","",""
"","8931","Validate Login functionality with emptyFields","webkit","Thu Sep 10 10:11:31 UTC 2026","passed","Thu Sep 10 10:11:40 UTC 2026","","specs\Smoke\1-LoginSmoke.spec.ts","",""
"","6341","Exceptions page loads correctly","msedge","Thu Sep 10 10:31:04 UTC 2026","passed","Thu Sep 10 10:31:10 UTC 2026","Application Navigation Smoke Tests","specs\Smoke\2-NavigationSmoke.spec.ts","",""
"","11432","Verify dashboard footer footnote and privacy link are visible","firefox","Thu Sep 10 10:15:12 UTC 2026","passed","Thu Sep 10 10:15:23 UTC 2026","Home Dashboard","specs\Smoke\3-HomeDashboardSmoke.spec.ts","",""
"","10236","Default filter auto-applies after logout and re-login","firefox","Thu Sep 10 10:25:47 UTC 2026","skipped","Thu Sep 10 10:25:57 UTC 2026","Exceptions — Default Filter (Serial)","specs\Smoke\8-ExceptionsSmoke.spec.ts","",""
"","9038","Saved Filters dropdown is visible and defaults to no preset","msedge","Thu Sep 10 10:35:43 UTC 2026","passed","Thu Sep 10 10:35:52 UTC 2026","Issued Checks — Smoke","specs\Smoke\4-IssuedChecksSmoke.spec.ts","",""
"","24432","Column filter popup applies a filter and Clear restores the full row set","firefox","Thu Sep 10 10:21:14 UTC 2026","passed","Thu Sep 10 10:21:38 UTC 2026","Issued Checks — Smoke (Continued)","specs\Smoke\4-IssuedChecksSmoke.spec.ts","",""
"","14714","Verify navigation to Presented Checks via nav menu","webkit","Thu Sep 10 10:17:57 UTC 2026","passed","Thu Sep 10 10:18:11 UTC 2026","Home Dashboard","specs\Smoke\3-HomeDashboardSmoke.spec.ts","",""
"","8439","""Delete"" on a row shows a confirm modal; Cancel dismisses it without deleting","msedge","Thu Sep 10 10:40:00 UTC 2026","passed","Thu Sep 10 10:40:09 UTC 2026","ACH — Smoke","specs\Smoke\7-ACHSmoke.spec.ts","",""
"","28638","Save a filter preset, verify it is auto-selected, then delete it","webkit","Thu Sep 10 10:22:27 UTC 2026","passed","Thu Sep 10 10:22:56 UTC 2026","Presented Checks — Smoke (Continued)","specs\Smoke\5-PresentedChecksSmoke.spec.ts","",""
"","8924","Excel export button is visible and enabled","chromium","Thu Sep 10 10:20:13 UTC 2026","passed","Thu Sep 10 10:20:22 UTC 2026","ACH — Smoke","specs\Smoke\7-ACHSmoke.spec.ts","",""
"","13142","Column filter popup applies a filter and Clear restores the full row set","chromium","Thu Sep 10 10:22:30 UTC 2026","passed","Thu Sep 10 10:22:43 UTC 2026","ACH — Smoke","specs\Smoke\7-ACHSmoke.spec.ts","",""
"","11943","Decision Files sub-page loads correctly","msedge","Thu Sep 10 10:32:06 UTC 2026","passed","Thu Sep 10 10:32:18 UTC 2026","Application Navigation Smoke Tests","specs\Smoke\2-NavigationSmoke.spec.ts","",""
"","26112","Verify summary KPI values have expected number formats","webkit","Thu Sep 10 10:16:06 UTC 2026","passed","Thu Sep 10 10:16:32 UTC 2026","Home Dashboard","specs\Smoke\3-HomeDashboardSmoke.spec.ts","",""
"","7795","Verify navigation to Exceptions via nav menu","msedge","Thu Sep 10 10:34:25 UTC 2026","passed","Thu Sep 10 10:34:32 UTC 2026","Home Dashboard","specs\Smoke\3-HomeDashboardSmoke.spec.ts","",""
"","12937","Search box filters grid and clears correctly","chromium","Thu Sep 10 10:19:51 UTC 2026","passed","Thu Sep 10 10:20:04 UTC 2026","Exceptions — Smoke","specs\Smoke\8-ExceptionsSmoke.spec.ts","",""
"","10031","Validate teller presented-check form shows all required fields","chromium","Thu Sep 10 10:19:19 UTC 2026","passed","Thu Sep 10 10:19:29 UTC 2026","Teller - Smoke","specs\Smoke\6-TellerSmoke.spec.ts","",""
"","9116","Next page arrow advances to page 2","msedge","Thu Sep 10 10:35:03 UTC 2026","passed","Thu Sep 10 10:35:12 UTC 2026","Issued Checks — Smoke","specs\Smoke\4-IssuedChecksSmoke.spec.ts","",""
"","7057","Verify Total Exceptions and Total Exception Amount labels are visible","chromium","Thu Sep 10 10:13:18 UTC 2026","passed","Thu Sep 10 10:13:25 UTC 2026","Home Dashboard","specs\Smoke\3-HomeDashboardSmoke.spec.ts","",""
"","9210","Clicking a column header sorts ascending, clicking again sorts descending","msedge","Thu Sep 10 10:36:15 UTC 2026","passed","Thu Sep 10 10:36:24 UTC 2026","Issued Checks — Smoke (Continued)","specs\Smoke\4-IssuedChecksSmoke.spec.ts","",""
"","11201","Default filter auto-applies after logout and re-login","msedge","Thu Sep 10 10:36:23 UTC 2026","skipped","Thu Sep 10 10:36:34 UTC 2026","Presented Checks — Default Filter (Serial)","specs\Smoke\5-PresentedChecksSmoke.spec.ts","",""
"","9154","Verify tab-specific charts are hidden for opposite tab","msedge","Thu Sep 10 10:33:01 UTC 2026","passed","Thu Sep 10 10:33:10 UTC 2026","Home Dashboard","specs\Smoke\3-HomeDashboardSmoke.spec.ts","",""
"","9544","Verify dashboard footer footnote and privacy link are visible","chromium","Thu Sep 10 10:13:40 UTC 2026","passed","Thu Sep 10 10:13:50 UTC 2026","Home Dashboard","specs\Smoke\3-HomeDashboardSmoke.spec.ts","",""
"","7636","Business Clients sub-page loads correctly","msedge","Thu Sep 10 10:31:25 UTC 2026","passed","Thu Sep 10 10:31:33 UTC 2026","Application Navigation Smoke Tests","specs\Smoke\2-NavigationSmoke.spec.ts","",""
"","7924","Settings page loads correctly","msedge","Thu Sep 10 10:31:10 UTC 2026","passed","Thu Sep 10 10:31:18 UTC 2026","Application Navigation Smoke Tests","specs\Smoke\2-NavigationSmoke.spec.ts","",""
"","7566","ACH breadcrumb link is visible on the page","msedge","Thu Sep 10 10:40:24 UTC 2026","passed","Thu Sep 10 10:40:31 UTC 2026","ACH — Smoke","specs\Smoke\7-ACHSmoke.spec.ts","",""
"","11715","""View"" (Change Log) link on a row navigates to the entity log","msedge","Thu Sep 10 10:39:48 UTC 2026","passed","Thu Sep 10 10:40:00 UTC 2026","ACH — Smoke","specs\Smoke\7-ACHSmoke.spec.ts","",""
"","16691","Clicking a column header sorts ascending, clicking again sorts descending","firefox","Thu Sep 10 10:27:00 UTC 2026","passed","Thu Sep 10 10:27:17 UTC 2026","ACH — Smoke","specs\Smoke\7-ACHSmoke.spec.ts","",""
"","8075","Validate Login functionality with veryLongInput","firefox","Thu Sep 10 10:11:44 UTC 2026","passed","Thu Sep 10 10:11:52 UTC 2026","","specs\Smoke\1-LoginSmoke.spec.ts","",""
"","9763","Next page arrow advances to page 2","msedge","Thu Sep 10 10:35:32 UTC 2026","passed","Thu Sep 10 10:35:42 UTC 2026","Presented Checks — Smoke","specs\Smoke\5-PresentedChecksSmoke.spec.ts","",""
"","10828","Previous page button returns to page 1, First page button re-enables disabled state","msedge","Thu Sep 10 10:35:32 UTC 2026","passed","Thu Sep 10 10:35:43 UTC 2026","Issued Checks — Smoke","specs\Smoke\4-IssuedChecksSmoke.spec.ts","",""
"","13180","Branding sub-page loads correctly","webkit","Thu Sep 10 10:13:10 UTC 2026","passed","Thu Sep 10 10:13:23 UTC 2026","Application Navigation Smoke Tests","specs\Smoke\2-NavigationSmoke.spec.ts","",""
"","8392","Clicking a column header sorts ascending, clicking again sorts descending","msedge","Thu Sep 10 10:36:48 UTC 2026","passed","Thu Sep 10 10:36:56 UTC 2026","Presented Checks — Smoke (Continued)","specs\Smoke\5-PresentedChecksSmoke.spec.ts","",""
"","9074","Saved Filters dropdown is visible and defaults to no preset","msedge","Thu Sep 10 10:36:14 UTC 2026","passed","Thu Sep 10 10:36:23 UTC 2026","Presented Checks — Smoke","specs\Smoke\5-PresentedChecksSmoke.spec.ts","",""
"","13529","Branding sub-page loads correctly","firefox","Thu Sep 10 10:13:14 UTC 2026","passed","Thu Sep 10 10:13:27 UTC 2026","Application Navigation Smoke Tests","specs\Smoke\2-NavigationSmoke.spec.ts","",""
"","17594","""Uploaded Checks"" navigates to the uploads page","webkit","Thu Sep 10 10:18:34 UTC 2026","passed","Thu Sep 10 10:18:51 UTC 2026","Issued Checks — Smoke","specs\Smoke\4-IssuedChecksSmoke.spec.ts","",""
"","8974","Validate Login functionality with xssInUsername","firefox","Thu Sep 10 10:11:35 UTC 2026","passed","Thu Sep 10 10:11:44 UTC 2026","","specs\Smoke\1-LoginSmoke.spec.ts","",""
"","14886","Grid loads with data rows and key column headers","firefox","Thu Sep 10 10:17:05 UTC 2026","passed","Thu Sep 10 10:17:20 UTC 2026","Presented Checks — Smoke","specs\Smoke\5-PresentedChecksSmoke.spec.ts","",""
"","14755","""View"" link on a row opens the Exception Details dialog","chromium","Thu Sep 10 10:22:34 UTC 2026","passed","Thu Sep 10 10:22:49 UTC 2026","Exceptions — Smoke (Continued)","specs\Smoke\8-ExceptionsSmoke.spec.ts","",""
"","16478","Saved Filters dropdown is visible and defaults to no preset","firefox","Thu Sep 10 10:20:00 UTC 2026","passed","Thu Sep 10 10:20:16 UTC 2026","Issued Checks — Smoke","specs\Smoke\4-IssuedChecksSmoke.spec.ts","",""
"","5940","Validate Login functionality with invalidEmailFormat","msedge","Thu Sep 10 10:30:48 UTC 2026","passed","Thu Sep 10 10:30:54 UTC 2026","","specs\Smoke\1-LoginSmoke.spec.ts","",""
"","12466","Grid loads with data rows and key column headers","chromium","Thu Sep 10 10:15:02 UTC 2026","passed","Thu Sep 10 10:15:15 UTC 2026","Issued Checks — Smoke","specs\Smoke\4-IssuedChecksSmoke.spec.ts","",""
"","7893","Verify navigation to ACH via nav menu","msedge","Thu Sep 10 10:34:17 UTC 2026","passed","Thu Sep 10 10:34:25 UTC 2026","Home Dashboard","specs\Smoke\3-HomeDashboardSmoke.spec.ts","",""
"","11308","Verify navigation to Presented Checks via nav menu","chromium","Thu Sep 10 10:14:25 UTC 2026","passed","Thu Sep 10 10:14:37 UTC 2026","Home Dashboard","specs\Smoke\3-HomeDashboardSmoke.spec.ts","",""
"","15271","Notification Log sub-page loads correctly","firefox","Thu Sep 10 10:15:38 UTC 2026","passed","Thu Sep 10 10:15:54 UTC 2026","Application Navigation Smoke Tests","specs\Smoke\2-NavigationSmoke.spec.ts","",""
"","10636","Verify Check Only tab shows Check-specific chart sections","msedge","Thu Sep 10 10:32:25 UTC 2026","passed","Thu Sep 10 10:32:35 UTC 2026","Home Dashboard","specs\Smoke\3-HomeDashboardSmoke.spec.ts","",""
"","7063","Verify Combined View shows all chart sections","chromium","Thu Sep 10 10:12:27 UTC 2026","passed","Thu Sep 10 10:12:34 UTC 2026","Home Dashboard","specs\Smoke\3-HomeDashboardSmoke.spec.ts","",""
"","10572","Next page arrow advances to page 2","chromium","Thu Sep 10 10:16:20 UTC 2026","passed","Thu Sep 10 10:16:31 UTC 2026","Issued Checks — Smoke","specs\Smoke\4-IssuedChecksSmoke.spec.ts","",""
"","12189","Verify summary KPI values have expected number formats","firefox","Thu Sep 10 10:14:46 UTC 2026","passed","Thu Sep 10 10:14:58 UTC 2026","Home Dashboard","specs\Smoke\3-HomeDashboardSmoke.spec.ts","",""
"","5281","Validate Login functionality with sqlInjection","chromium","Thu Sep 10 10:11:26 UTC 2026","passed","Thu Sep 10 10:11:31 UTC 2026","","specs\Smoke\1-LoginSmoke.spec.ts","",""
"","14783","Validate session persists after page refresh","webkit","Thu Sep 10 10:12:53 UTC 2026","passed","Thu Sep 10 10:13:08 UTC 2026","","specs\Smoke\1-LoginSmoke.spec.ts","",""
"","16891","Excel export button is visible and enabled","webkit","Thu Sep 10 10:20:08 UTC 2026","passed","Thu Sep 10 10:20:25 UTC 2026","Presented Checks — Smoke","specs\Smoke\5-PresentedChecksSmoke.spec.ts","",""
"","8447","ACH page loads correctly","msedge","Thu Sep 10 10:30:56 UTC 2026","passed","Thu Sep 10 10:31:04 UTC 2026","Application Navigation Smoke Tests","specs\Smoke\2-NavigationSmoke.spec.ts","",""
"","10821","""Edit"" link on a row navigates to the check edit form","chromium","Thu Sep 10 10:18:46 UTC 2026","passed","Thu Sep 10 10:18:57 UTC 2026","Presented Checks — Smoke (Continued)","specs\Smoke\5-PresentedChecksSmoke.spec.ts","",""
"","7847","""Uploaded Checks"" navigates to the uploads page","msedge","Thu Sep 10 10:34:56 UTC 2026","passed","Thu Sep 10 10:35:04 UTC 2026","Presented Checks — Smoke","specs\Smoke\5-PresentedChecksSmoke.spec.ts","",""
"","8637","ACH breadcrumb link is visible on the page","chromium","Thu Sep 10 10:23:22 UTC 2026","passed","Thu Sep 10 10:23:31 UTC 2026","ACH — Smoke","specs\Smoke\7-ACHSmoke.spec.ts","",""
"","17104","Verify navigation to Issued Checks via nav menu","webkit","Thu Sep 10 10:17:40 UTC 2026","passed","Thu Sep 10 10:17:57 UTC 2026","Home Dashboard","specs\Smoke\3-HomeDashboardSmoke.spec.ts","",""
"","9026","Page size change to 10 updates pagination info in bottom-right pager","msedge","Thu Sep 10 10:34:54 UTC 2026","passed","Thu Sep 10 10:35:03 UTC 2026","Issued Checks — Smoke","specs\Smoke\4-IssuedChecksSmoke.spec.ts","",""
"","20354","Excel export button is visible and enabled","firefox","Thu Sep 10 10:23:44 UTC 2026","passed","Thu Sep 10 10:24:05 UTC 2026","Exceptions — Smoke","specs\Smoke\8-ExceptionsSmoke.spec.ts","",""
"","14214","Issued Checks page loads correctly","webkit","Thu Sep 10 10:10:54 UTC 2026","passed","Thu Sep 10 10:11:08 UTC 2026","Application Navigation Smoke Tests","specs\Smoke\2-NavigationSmoke.spec.ts","",""
"","7316","File Processing sub-page loads correctly","msedge","Thu Sep 10 10:33:44 UTC 2026","passed","Thu Sep 10 10:33:52 UTC 2026","Application Navigation Smoke Tests","specs\Smoke\2-NavigationSmoke.spec.ts","",""
"","8392","Verify navigation to Presented Checks via nav menu","msedge","Thu Sep 10 10:34:08 UTC 2026","passed","Thu Sep 10 10:34:17 UTC 2026","Home Dashboard","specs\Smoke\3-HomeDashboardSmoke.spec.ts","",""
"","7434","Validate Login functionality with sqlInjection","webkit","Thu Sep 10 10:12:00 UTC 2026","passed","Thu Sep 10 10:12:08 UTC 2026","","specs\Smoke\1-LoginSmoke.spec.ts","",""
"","7206","Validate unauthenticated access to protected route is redirected to login","webkit","Thu Sep 10 10:13:08 UTC 2026","passed","Thu Sep 10 10:13:16 UTC 2026","","specs\Smoke\1-LoginSmoke.spec.ts","",""
"","5587","Validate unauthenticated access to protected route is redirected to login","chromium","Thu Sep 10 10:12:07 UTC 2026","passed","Thu Sep 10 10:12:13 UTC 2026","","specs\Smoke\1-LoginSmoke.spec.ts","",""
"","13570","Verify profile menu shows My Info and Logout links","webkit","Thu Sep 10 10:17:10 UTC 2026","passed","Thu Sep 10 10:17:23 UTC 2026","Home Dashboard","specs\Smoke\3-HomeDashboardSmoke.spec.ts","",""
"","5400","Validate forgot password with unregistered email","msedge","Thu Sep 10 10:31:32 UTC 2026","passed","Thu Sep 10 10:31:38 UTC 2026","","specs\Smoke\1-LoginSmoke.spec.ts","",""
"","18528","""Edit"" link on a row navigates to the check edit form","firefox","Thu Sep 10 10:21:38 UTC 2026","passed","Thu Sep 10 10:21:57 UTC 2026","Issued Checks — Smoke (Continued)","specs\Smoke\4-IssuedChecksSmoke.spec.ts","",""
"","24753","Pay/Return decision badge navigates to exception history","firefox","Thu Sep 10 10:28:16 UTC 2026","passed","Thu Sep 10 10:28:40 UTC 2026","ACH — Smoke","specs\Smoke\7-ACHSmoke.spec.ts","",""
"","14969","File Processing sub-page loads correctly","firefox","Thu Sep 10 10:16:21 UTC 2026","passed","Thu Sep 10 10:16:36 UTC 2026","Application Navigation Smoke Tests","specs\Smoke\2-NavigationSmoke.spec.ts","",""
"","17583","Last page arrow jumps to the final page","webkit","Thu Sep 10 10:20:09 UTC 2026","passed","Thu Sep 10 10:20:27 UTC 2026","Issued Checks — Smoke","specs\Smoke\4-IssuedChecksSmoke.spec.ts","",""
"","15251","Save a filter preset, verify it is auto-selected, then delete it","msedge","Thu Sep 10 10:39:21 UTC 2026","passed","Thu Sep 10 10:39:37 UTC 2026","Exceptions — Smoke (Continued)","specs\Smoke\8-ExceptionsSmoke.spec.ts","",""
"","14520","Verify Check Only tab shows Check-specific chart sections","webkit","Thu Sep 10 10:13:55 UTC 2026","passed","Thu Sep 10 10:14:10 UTC 2026","Home Dashboard","specs\Smoke\3-HomeDashboardSmoke.spec.ts","",""
"","12521","Verify navigation to Settings via nav menu","chromium","Thu Sep 10 10:14:58 UTC 2026","passed","Thu Sep 10 10:15:11 UTC 2026","Home Dashboard","specs\Smoke\3-HomeDashboardSmoke.spec.ts","",""
"","9092","""Uploaded ACH"" navigates to the uploads page","msedge","Thu Sep 10 10:37:43 UTC 2026","passed","Thu Sep 10 10:37:52 UTC 2026","ACH — Smoke","specs\Smoke\7-ACHSmoke.spec.ts","",""
"","22779","Previous page button returns to page 1, First page button re-enables disabled state","webkit","Thu Sep 10 10:20:44 UTC 2026","passed","Thu Sep 10 10:21:07 UTC 2026","Issued Checks — Smoke","specs\Smoke\4-IssuedChecksSmoke.spec.ts","",""
"","16730","Search box filters grid and clears correctly","firefox","Thu Sep 10 10:23:56 UTC 2026","passed","Thu Sep 10 10:24:12 UTC 2026","ACH — Smoke","specs\Smoke\7-ACHSmoke.spec.ts","",""
"","7125","Holiday Schedules sub-page loads correctly","msedge","Thu Sep 10 10:32:18 UTC 2026","passed","Thu Sep 10 10:32:25 UTC 2026","Application Navigation Smoke Tests","specs\Smoke\2-NavigationSmoke.spec.ts","",""
"","11138","Check Approval Rules sub-page loads correctly","chromium","Thu Sep 10 10:13:23 UTC 2026","passed","Thu Sep 10 10:13:34 UTC 2026","Application Navigation Smoke Tests","specs\Smoke\2-NavigationSmoke.spec.ts","",""
"","15991","""+ Add Check"" navigates to the add-check form","firefox","Thu Sep 10 10:17:20 UTC 2026","passed","Thu Sep 10 10:17:36 UTC 2026","Issued Checks — Smoke","specs\Smoke\4-IssuedChecksSmoke.spec.ts","",""
"","19803","Save a filter preset, verify it is auto-selected, then delete it","chromium","Thu Sep 10 10:17:57 UTC 2026","passed","Thu Sep 10 10:18:17 UTC 2026","Presented Checks — Smoke (Continued)","specs\Smoke\5-PresentedChecksSmoke.spec.ts","",""
"","27264","Automatic ACH Decision Rules sub-page loads correctly","webkit","Thu Sep 10 10:15:31 UTC 2026","passed","Thu Sep 10 10:15:58 UTC 2026","Application Navigation Smoke Tests","specs\Smoke\2-NavigationSmoke.spec.ts","",""
"","13310","Verify profile menu shows My Info and Logout links","firefox","Thu Sep 10 10:15:23 UTC 2026","passed","Thu Sep 10 10:15:36 UTC 2026","Home Dashboard","specs\Smoke\3-HomeDashboardSmoke.spec.ts","",""
"","13181","Save a filter preset, verify it is auto-selected, then delete it","msedge","Thu Sep 10 10:39:15 UTC 2026","passed","Thu Sep 10 10:39:28 UTC 2026","ACH — Smoke","specs\Smoke\7-ACHSmoke.spec.ts","",""
"","19039","""+ Add Check"" navigates to the add-check form","webkit","Thu Sep 10 10:19:12 UTC 2026","passed","Thu Sep 10 10:19:31 UTC 2026","Presented Checks — Smoke","specs\Smoke\5-PresentedChecksSmoke.spec.ts","",""
"","8903","Users sub-page loads correctly","chromium","Thu Sep 10 10:11:57 UTC 2026","passed","Thu Sep 10 10:12:06 UTC 2026","Application Navigation Smoke Tests","specs\Smoke\2-NavigationSmoke.spec.ts","",""
"","18704","Users sub-page loads correctly","firefox","Thu Sep 10 10:12:41 UTC 2026","passed","Thu Sep 10 10:12:59 UTC 2026","Application Navigation Smoke Tests","specs\Smoke\2-NavigationSmoke.spec.ts","",""
"","14686","Issued Checks page loads correctly","firefox","Thu Sep 10 10:10:43 UTC 2026","passed","Thu Sep 10 10:10:58 UTC 2026","Application Navigation Smoke Tests","specs\Smoke\2-NavigationSmoke.spec.ts","",""
"","7297","Grid View toggle navigates to the open-exceptions grid and shows key column headers","msedge","Thu Sep 10 10:40:45 UTC 2026","passed","Thu Sep 10 10:40:53 UTC 2026","Exceptions — Smoke (Continued)","specs\Smoke\8-ExceptionsSmoke.spec.ts","",""
"","11323","Verify navigation to Issued Checks via nav menu","chromium","Thu Sep 10 10:14:14 UTC 2026","passed","Thu Sep 10 10:14:25 UTC 2026","Home Dashboard","specs\Smoke\3-HomeDashboardSmoke.spec.ts","",""
"","9723","Verify dashboard loads after successful login","msedge","Thu Sep 10 10:31:57 UTC 2026","passed","Thu Sep 10 10:32:06 UTC 2026","Home Dashboard","specs\Smoke\3-HomeDashboardSmoke.spec.ts","",""
"","11724","Navigation tabs to Pre-Decisions, Approvals, and Exception History are visible","chromium","Thu Sep 10 10:23:11 UTC 2026","passed","Thu Sep 10 10:23:23 UTC 2026","Exceptions — Smoke (Continued)","specs\Smoke\8-ExceptionsSmoke.spec.ts","",""
"","10167","Search box filters grid and clears correctly","msedge","Thu Sep 10 10:34:33 UTC 2026","passed","Thu Sep 10 10:34:43 UTC 2026","Issued Checks — Smoke","specs\Smoke\4-IssuedChecksSmoke.spec.ts","",""
"","17495","Typing a page number navigates to that page","webkit","Thu Sep 10 10:20:27 UTC 2026","passed","Thu Sep 10 10:20:44 UTC 2026","Issued Checks — Smoke","specs\Smoke\4-IssuedChecksSmoke.spec.ts","",""
"","11175","Page size change to 10 updates pagination info in bottom-right pager","chromium","Thu Sep 10 10:20:22 UTC 2026","passed","Thu Sep 10 10:20:34 UTC 2026","ACH — Smoke","specs\Smoke\7-ACHSmoke.spec.ts","",""
"","12822","Default Decision Log sub-page loads correctly","firefox","Thu Sep 10 10:15:54 UTC 2026","passed","Thu Sep 10 10:16:07 UTC 2026","Application Navigation Smoke Tests","specs\Smoke\2-NavigationSmoke.spec.ts","",""
"","16752","Default filter auto-applies after logout and re-login","webkit","Thu Sep 10 10:27:36 UTC 2026","skipped","Thu Sep 10 10:27:53 UTC 2026","ACH — Smoke","specs\Smoke\7-ACHSmoke.spec.ts","",""
"","12539","Exceptions page loads correctly","firefox","Thu Sep 10 10:11:40 UTC 2026","passed","Thu Sep 10 10:11:52 UTC 2026","Application Navigation Smoke Tests","specs\Smoke\2-NavigationSmoke.spec.ts","",""
"","21383","Previous page button returns to page 1, First page button re-enables disabled state","firefox","Thu Sep 10 10:25:43 UTC 2026","passed","Thu Sep 10 10:26:05 UTC 2026","ACH — Smoke","specs\Smoke\7-ACHSmoke.spec.ts","",""
"","8542","""+ Add ACH"" navigates to the add-ACH form","msedge","Thu Sep 10 10:37:34 UTC 2026","passed","Thu Sep 10 10:37:43 UTC 2026","ACH — Smoke","specs\Smoke\7-ACHSmoke.spec.ts","",""
"","16220","Notification Templates sub-page loads correctly","webkit","Thu Sep 10 10:14:25 UTC 2026","passed","Thu Sep 10 10:14:41 UTC 2026","Application Navigation Smoke Tests","specs\Smoke\2-NavigationSmoke.spec.ts","",""
"","20437","Business Clients sub-page loads correctly","firefox","Thu Sep 10 10:12:20 UTC 2026","passed","Thu Sep 10 10:12:41 UTC 2026","Application Navigation Smoke Tests","specs\Smoke\2-NavigationSmoke.spec.ts","",""
"","13436","Verify navigation to ACH via nav menu","webkit","Thu Sep 10 10:18:11 UTC 2026","passed","Thu Sep 10 10:18:25 UTC 2026","Home Dashboard","specs\Smoke\3-HomeDashboardSmoke.spec.ts","",""
"","12768","Exceptions page loads correctly","webkit","Thu Sep 10 10:11:49 UTC 2026","passed","Thu Sep 10 10:12:02 UTC 2026","Application Navigation Smoke Tests","specs\Smoke\2-NavigationSmoke.spec.ts","",""
"","8073","Verify profile menu shows My Info and Logout links","msedge","Thu Sep 10 10:33:42 UTC 2026","passed","Thu Sep 10 10:33:50 UTC 2026","Home Dashboard","specs\Smoke\3-HomeDashboardSmoke.spec.ts","",""
"","18691","""View"" (Change Log) link on a row navigates to the entity log","webkit","Thu Sep 10 10:29:05 UTC 2026","passed","Thu Sep 10 10:29:24 UTC 2026","ACH — Smoke","specs\Smoke\7-ACHSmoke.spec.ts","",""
"","15156","Search box filters grid and clears correctly","chromium","Thu Sep 10 10:15:42 UTC 2026","passed","Thu Sep 10 10:15:57 UTC 2026","Issued Checks — Smoke","specs\Smoke\4-IssuedChecksSmoke.spec.ts","",""
"","8850","Notification Log sub-page loads correctly","msedge","Thu Sep 10 10:33:18 UTC 2026","passed","Thu Sep 10 10:33:27 UTC 2026","Application Navigation Smoke Tests","specs\Smoke\2-NavigationSmoke.spec.ts","",""
"","15004","""+ Add Check"" navigates to the add-check form","chromium","Thu Sep 10 10:15:27 UTC 2026","passed","Thu Sep 10 10:15:42 UTC 2026","Presented Checks — Smoke","specs\Smoke\5-PresentedChecksSmoke.spec.ts","",""
"","10259","ACH Approval Rules sub-page loads correctly","chromium","Thu Sep 10 10:13:42 UTC 2026","passed","Thu Sep 10 10:13:52 UTC 2026","Application Navigation Smoke Tests","specs\Smoke\2-NavigationSmoke.spec.ts","",""
"","8495","Validate Login functionality with veryLongInput","webkit","Thu Sep 10 10:12:16 UTC 2026","passed","Thu Sep 10 10:12:25 UTC 2026","","specs\Smoke\1-LoginSmoke.spec.ts","",""
"","9620","Next page arrow advances to page 2","msedge","Thu Sep 10 10:38:19 UTC 2026","passed","Thu Sep 10 10:38:28 UTC 2026","ACH — Smoke","specs\Smoke\7-ACHSmoke.spec.ts","",""
"","18065","Search box filters grid and clears correctly","webkit","Thu Sep 10 10:19:50 UTC 2026","passed","Thu Sep 10 10:20:08 UTC 2026","Presented Checks — Smoke","specs\Smoke\5-PresentedChecksSmoke.spec.ts","",""
"","13919","Validate Login functionality with correctCredentials","webkit","Thu Sep 10 10:10:38 UTC 2026","passed","Thu Sep 10 10:10:52 UTC 2026","","specs\Smoke\1-LoginSmoke.spec.ts","",""
"","11567","Page size change to 10 updates pagination info in bottom-right pager","chromium","Thu Sep 10 10:16:09 UTC 2026","passed","Thu Sep 10 10:16:20 UTC 2026","Issued Checks — Smoke","specs\Smoke\4-IssuedChecksSmoke.spec.ts","",""
"","12979","Default filter auto-applies after logout and re-login","webkit","Thu Sep 10 10:27:56 UTC 2026","skipped","Thu Sep 10 10:28:09 UTC 2026","Exceptions — Default Filter (Serial)","specs\Smoke\8-ExceptionsSmoke.spec.ts","",""
"","12787","Previous page button returns to page 1, First page button re-enables disabled state","chromium","Thu Sep 10 10:21:08 UTC 2026","passed","Thu Sep 10 10:21:21 UTC 2026","ACH — Smoke","specs\Smoke\7-ACHSmoke.spec.ts","",""
"","6604","Verify summary KPI values have expected number formats","msedge","Thu Sep 10 10:33:17 UTC 2026","passed","Thu Sep 10 10:33:24 UTC 2026","Home Dashboard","specs\Smoke\3-HomeDashboardSmoke.spec.ts","",""
"","9233","Grid loads with data rows and key column headers","msedge","Thu Sep 10 10:37:25 UTC 2026","passed","Thu Sep 10 10:37:34 UTC 2026","ACH — Smoke","specs\Smoke\7-ACHSmoke.spec.ts","",""
"","16859","Issued Checks breadcrumb link is visible on the page","webkit","Thu Sep 10 10:23:44 UTC 2026","passed","Thu Sep 10 10:24:01 UTC 2026","Issued Checks — Smoke (Continued)","specs\Smoke\4-IssuedChecksSmoke.spec.ts","",""
"","10255","Verify Home dashboard is restored after returning from another page","msedge","Thu Sep 10 10:33:50 UTC 2026","passed","Thu Sep 10 10:34:00 UTC 2026","Home Dashboard","specs\Smoke\3-HomeDashboardSmoke.spec.ts","",""
"","8055","Grid loads with data rows and key column headers","msedge","Thu Sep 10 10:34:40 UTC 2026","passed","Thu Sep 10 10:34:48 UTC 2026","Presented Checks — Smoke","specs\Smoke\5-PresentedChecksSmoke.spec.ts","",""
"","16916","Next page arrow advances to page 2","firefox","Thu Sep 10 10:24:50 UTC 2026","passed","Thu Sep 10 10:25:07 UTC 2026","ACH — Smoke","specs\Smoke\7-ACHSmoke.spec.ts","",""
"","8390","Grid loads with data rows and key column headers","msedge","Thu Sep 10 10:34:09 UTC 2026","passed","Thu Sep 10 10:34:17 UTC 2026","Issued Checks — Smoke","specs\Smoke\4-IssuedChecksSmoke.spec.ts","",""
"","12979","Verify Home dashboard is restored after returning from another page","chromium","Thu Sep 10 10:14:01 UTC 2026","passed","Thu Sep 10 10:14:14 UTC 2026","Home Dashboard","specs\Smoke\3-HomeDashboardSmoke.spec.ts","",""
"","9745","Notification Templates sub-page loads correctly","chromium","Thu Sep 10 10:13:03 UTC 2026","passed","Thu Sep 10 10:13:13 UTC 2026","Application Navigation Smoke Tests","specs\Smoke\2-NavigationSmoke.spec.ts","",""
"","11803","Decision badge on an already-reviewed row is blocked with a system message","chromium","Thu Sep 10 10:22:49 UTC 2026","passed","Thu Sep 10 10:23:01 UTC 2026","Exceptions — Smoke (Continued)","specs\Smoke\8-ExceptionsSmoke.spec.ts","",""
"","24759","Column filter popup applies a filter and Clear restores the full row set","firefox","Thu Sep 10 10:27:17 UTC 2026","passed","Thu Sep 10 10:27:42 UTC 2026","ACH — Smoke","specs\Smoke\7-ACHSmoke.spec.ts","",""
"","18527","""Edit"" link on a row navigates to the check edit form","webkit","Thu Sep 10 10:22:52 UTC 2026","passed","Thu Sep 10 10:23:11 UTC 2026","Issued Checks — Smoke (Continued)","specs\Smoke\4-IssuedChecksSmoke.spec.ts","",""
"","12237","Verify navigation to Issued Checks via nav menu","firefox","Thu Sep 10 10:15:56 UTC 2026","passed","Thu Sep 10 10:16:08 UTC 2026","Home Dashboard","specs\Smoke\3-HomeDashboardSmoke.spec.ts","",""
"","13763","Verify Combined View shows all chart sections","webkit","Thu Sep 10 10:13:42 UTC 2026","passed","Thu Sep 10 10:13:55 UTC 2026","Home Dashboard","specs\Smoke\3-HomeDashboardSmoke.spec.ts","",""
"","11014","Saved Filters dropdown is visible and defaults to no preset","chromium","Thu Sep 10 10:17:17 UTC 2026","passed","Thu Sep 10 10:17:28 UTC 2026","Presented Checks — Smoke","specs\Smoke\5-PresentedChecksSmoke.spec.ts","",""
"","19157","Save a filter preset, verify it is auto-selected, then delete it","chromium","Thu Sep 10 10:21:50 UTC 2026","passed","Thu Sep 10 10:22:09 UTC 2026","Exceptions — Smoke (Continued)","specs\Smoke\8-ExceptionsSmoke.spec.ts","",""
"","24967","Column filter popup applies a filter and Clear restores the full row set","webkit","Thu Sep 10 10:22:27 UTC 2026","passed","Thu Sep 10 10:22:52 UTC 2026","Issued Checks — Smoke (Continued)","specs\Smoke\4-IssuedChecksSmoke.spec.ts","",""
"","13429","Verify navigation to Presented Checks via nav menu","firefox","Thu Sep 10 10:16:08 UTC 2026","passed","Thu Sep 10 10:16:21 UTC 2026","Home Dashboard","specs\Smoke\3-HomeDashboardSmoke.spec.ts","",""
"","7271","Validate unauthenticated access to protected route is redirected to login","firefox","Thu Sep 10 10:12:28 UTC 2026","passed","Thu Sep 10 10:12:35 UTC 2026","","specs\Smoke\1-LoginSmoke.spec.ts","",""
"","13620","Presented Checks page loads correctly","webkit","Thu Sep 10 10:11:08 UTC 2026","passed","Thu Sep 10 10:11:22 UTC 2026","Application Navigation Smoke Tests","specs\Smoke\2-NavigationSmoke.spec.ts","",""
"","12463","Verify all three dashboard view tabs are visible","firefox","Thu Sep 10 10:12:46 UTC 2026","passed","Thu Sep 10 10:12:59 UTC 2026","Home Dashboard","specs\Smoke\3-HomeDashboardSmoke.spec.ts","",""
"","3924","Validate Login functionality with emptyFields","msedge","Thu Sep 10 10:30:54 UTC 2026","passed","Thu Sep 10 10:30:58 UTC 2026","","specs\Smoke\1-LoginSmoke.spec.ts","",""
"","10703","Validate session persists after page refresh","msedge","Thu Sep 10 10:31:38 UTC 2026","passed","Thu Sep 10 10:31:48 UTC 2026","","specs\Smoke\1-LoginSmoke.spec.ts","",""
"","18914","Clicking a column header sorts ascending, clicking again sorts descending","firefox","Thu Sep 10 10:20:55 UTC 2026","passed","Thu Sep 10 10:21:14 UTC 2026","Issued Checks — Smoke (Continued)","specs\Smoke\4-IssuedChecksSmoke.spec.ts","",""
"","13148","Verify delayed data note and force refresh link are visible on dashboard","firefox","Thu Sep 10 10:14:58 UTC 2026","passed","Thu Sep 10 10:15:12 UTC 2026","Home Dashboard","specs\Smoke\3-HomeDashboardSmoke.spec.ts","",""
"","9809","Clicking a column header sorts ascending, clicking again sorts descending","msedge","Thu Sep 10 10:39:28 UTC 2026","passed","Thu Sep 10 10:39:38 UTC 2026","ACH — Smoke","specs\Smoke\7-ACHSmoke.spec.ts","",""
"","18970","Next page arrow advances to page 2","webkit","Thu Sep 10 10:19:50 UTC 2026","passed","Thu Sep 10 10:20:09 UTC 2026","Issued Checks — Smoke","specs\Smoke\4-IssuedChecksSmoke.spec.ts","",""
"","17515","Typing a page number navigates to that page","webkit","Thu Sep 10 10:26:36 UTC 2026","passed","Thu Sep 10 10:26:53 UTC 2026","ACH — Smoke","specs\Smoke\7-ACHSmoke.spec.ts","",""
"","15424","Presented Checks breadcrumb link is visible on the page","webkit","Thu Sep 10 10:24:52 UTC 2026","passed","Thu Sep 10 10:25:07 UTC 2026","Presented Checks — Smoke (Continued)","specs\Smoke\5-PresentedChecksSmoke.spec.ts","",""
"","16172","Exceptions breadcrumb link is visible on the page","webkit","Thu Sep 10 10:30:16 UTC 2026","passed","Thu Sep 10 10:30:33 UTC 2026","Exceptions — Smoke (Continued)","specs\Smoke\8-ExceptionsSmoke.spec.ts","",""
"","16566","Saved Filters dropdown is visible and defaults to no preset","webkit","Thu Sep 10 10:21:07 UTC 2026","passed","Thu Sep 10 10:21:24 UTC 2026","Issued Checks — Smoke","specs\Smoke\4-IssuedChecksSmoke.spec.ts","",""
"","10700","""Delete"" on a row shows a confirm modal; Cancel dismisses it without deleting","chromium","Thu Sep 10 10:19:08 UTC 2026","passed","Thu Sep 10 10:19:19 UTC 2026","Presented Checks — Smoke (Continued)","specs\Smoke\5-PresentedChecksSmoke.spec.ts","",""
"","9665","Notification Templates sub-page loads correctly","msedge","Thu Sep 10 10:32:35 UTC 2026","passed","Thu Sep 10 10:32:45 UTC 2026","Application Navigation Smoke Tests","specs\Smoke\2-NavigationSmoke.spec.ts","",""
"","7880","Verify ACH Only tab shows ACH-specific chart sections","chromium","Thu Sep 10 10:12:43 UTC 2026","passed","Thu Sep 10 10:12:51 UTC 2026","Home Dashboard","specs\Smoke\3-HomeDashboardSmoke.spec.ts","",""
