"DESCRIPTION","DURATION IN MS","NAME","PARENT SUITE","START TIME","STATUS","STOP TIME","SUB SUITE","SUITE","TEST CLASS","TEST METHOD"
"","15313","Users sub-page loads correctly","webkit","Wed Sep 16 10:31:03 UTC 2026","passed","Wed Sep 16 10:31:18 UTC 2026","Application Navigation Smoke Tests","specs\Smoke\2-NavigationSmoke.spec.ts","",""
"","24872","""Uploaded Checks"" navigates to the uploads page","webkit","Wed Sep 16 10:37:19 UTC 2026","passed","Wed Sep 16 10:37:44 UTC 2026","Issued Checks — Smoke","specs\Smoke\4-IssuedChecksSmoke.spec.ts","",""
"","9996","Column filter menu applies a filter and Clear restores the full row set","chromium","Wed Sep 16 10:21:53 UTC 2026","passed","Wed Sep 16 10:22:03 UTC 2026","Exceptions — Smoke (Continued)","specs\Smoke\8-ExceptionsSmoke.spec.ts","",""
"","17653","Save a filter preset, verify it is auto-selected, then delete it","msedge","Wed Sep 16 10:18:33 UTC 2026","passed","Wed Sep 16 10:18:51 UTC 2026","Presented Checks — Smoke (Continued)","specs\Smoke\5-PresentedChecksSmoke.spec.ts","",""
"","6757","Holiday Schedules sub-page loads correctly","chromium","Wed Sep 16 10:13:17 UTC 2026","passed","Wed Sep 16 10:13:23 UTC 2026","Application Navigation Smoke Tests","specs\Smoke\2-NavigationSmoke.spec.ts","",""
"","14515","""Uploaded Checks"" navigates to the uploads page","firefox","Wed Sep 16 10:19:36 UTC 2026","passed","Wed Sep 16 10:19:50 UTC 2026","Issued Checks — Smoke","specs\Smoke\4-IssuedChecksSmoke.spec.ts","",""
"","8302","Exceptions breadcrumb link is visible on the page","msedge","Wed Sep 16 10:23:01 UTC 2026","passed","Wed Sep 16 10:23:10 UTC 2026","Exceptions — Smoke (Continued)","specs\Smoke\8-ExceptionsSmoke.spec.ts","",""
"","25245","Column filter popup applies a filter and Clear restores the full row set","webkit","Wed Sep 16 10:42:31 UTC 2026","passed","Wed Sep 16 10:42:56 UTC 2026","Presented Checks — Smoke (Continued)","specs\Smoke\5-PresentedChecksSmoke.spec.ts","",""
"","18483","Pay/Return decision badge navigates to exception history","webkit","Wed Sep 16 10:43:54 UTC 2026","passed","Wed Sep 16 10:44:12 UTC 2026","Presented Checks — Smoke (Continued)","specs\Smoke\5-PresentedChecksSmoke.spec.ts","",""
"","5342","Validate Login functionality with sqlInjection","firefox","Wed Sep 16 10:13:53 UTC 2026","passed","Wed Sep 16 10:13:58 UTC 2026","","specs\Smoke\1-LoginSmoke.spec.ts","",""
"","18196","""Uploaded ACH"" navigates to the uploads page","webkit","Wed Sep 16 10:44:13 UTC 2026","passed","Wed Sep 16 10:44:31 UTC 2026","ACH — Smoke","specs\Smoke\7-ACHSmoke.spec.ts","",""
"","11673","Check Approval Rules sub-page loads correctly","firefox","Wed Sep 16 10:17:00 UTC 2026","passed","Wed Sep 16 10:17:12 UTC 2026","Application Navigation Smoke Tests","specs\Smoke\2-NavigationSmoke.spec.ts","",""
"","18816","""+ Add ACH"" navigates to the add-ACH form","webkit","Wed Sep 16 10:43:54 UTC 2026","passed","Wed Sep 16 10:44:13 UTC 2026","ACH — Smoke","specs\Smoke\7-ACHSmoke.spec.ts","",""
"","4727","Validate Login functionality with veryLongInput","msedge","Wed Sep 16 10:12:47 UTC 2026","passed","Wed Sep 16 10:12:52 UTC 2026","","specs\Smoke\1-LoginSmoke.spec.ts","",""
"","9572","ACH breadcrumb link is visible on the page","chromium","Wed Sep 16 10:22:18 UTC 2026","passed","Wed Sep 16 10:22:27 UTC 2026","ACH — Smoke","specs\Smoke\7-ACHSmoke.spec.ts","",""
"","24846","Save a filter preset, verify it is auto-selected, then delete it","firefox","Wed Sep 16 10:22:21 UTC 2026","passed","Wed Sep 16 10:22:45 UTC 2026","Issued Checks — Smoke (Continued)","specs\Smoke\4-IssuedChecksSmoke.spec.ts","",""
"","15841","Previous page button returns to page 1, First page button re-enables disabled state","chromium","Wed Sep 16 10:20:39 UTC 2026","passed","Wed Sep 16 10:20:55 UTC 2026","Exceptions — Smoke","specs\Smoke\8-ExceptionsSmoke.spec.ts","",""
"","19913","Search box filters grid and clears correctly","webkit","Wed Sep 16 10:44:31 UTC 2026","passed","Wed Sep 16 10:44:51 UTC 2026","ACH — Smoke","specs\Smoke\7-ACHSmoke.spec.ts","",""
"","14134","Verify dashboard loads after successful login","webkit","Wed Sep 16 10:31:37 UTC 2026","passed","Wed Sep 16 10:31:51 UTC 2026","Home Dashboard","specs\Smoke\3-HomeDashboardSmoke.spec.ts","",""
"","11790","Verify summary KPI values have expected number formats","firefox","Wed Sep 16 10:17:00 UTC 2026","passed","Wed Sep 16 10:17:12 UTC 2026","Home Dashboard","specs\Smoke\3-HomeDashboardSmoke.spec.ts","",""
"","20363","Grid loads with data rows and key column headers","webkit","Wed Sep 16 10:36:39 UTC 2026","passed","Wed Sep 16 10:37:00 UTC 2026","Issued Checks — Smoke","specs\Smoke\4-IssuedChecksSmoke.spec.ts","",""
"","18540","Excel export button is visible and enabled","firefox","Wed Sep 16 10:25:46 UTC 2026","passed","Wed Sep 16 10:26:05 UTC 2026","ACH — Smoke","specs\Smoke\7-ACHSmoke.spec.ts","",""
"","18161","Previous page button returns to page 1, First page button re-enables disabled state","firefox","Wed Sep 16 10:21:31 UTC 2026","passed","Wed Sep 16 10:21:49 UTC 2026","Issued Checks — Smoke","specs\Smoke\4-IssuedChecksSmoke.spec.ts","",""
"","9834","""View"" (Change Log) link on a row navigates to the entity log","chromium","Wed Sep 16 10:18:53 UTC 2026","passed","Wed Sep 16 10:19:03 UTC 2026","Presented Checks — Smoke (Continued)","specs\Smoke\5-PresentedChecksSmoke.spec.ts","",""
"","9172","Issued Checks breadcrumb link is visible on the page","chromium","Wed Sep 16 10:18:43 UTC 2026","passed","Wed Sep 16 10:18:52 UTC 2026","Issued Checks — Smoke (Continued)","specs\Smoke\4-IssuedChecksSmoke.spec.ts","",""
"","9654","Verify Combined View shows all chart sections","firefox","Wed Sep 16 10:15:12 UTC 2026","passed","Wed Sep 16 10:15:22 UTC 2026","Home Dashboard","specs\Smoke\3-HomeDashboardSmoke.spec.ts","",""
"","16242","Saved Filters dropdown is visible and defaults to no preset","firefox","Wed Sep 16 10:21:49 UTC 2026","passed","Wed Sep 16 10:22:05 UTC 2026","Issued Checks — Smoke","specs\Smoke\4-IssuedChecksSmoke.spec.ts","",""
"","8869","Verify chart title changes with selected tab","msedge","Wed Sep 16 10:14:04 UTC 2026","passed","Wed Sep 16 10:14:12 UTC 2026","Home Dashboard","specs\Smoke\3-HomeDashboardSmoke.spec.ts","",""
"","8930","Validate Login functionality with xssInUsername","firefox","Wed Sep 16 10:13:58 UTC 2026","passed","Wed Sep 16 10:14:07 UTC 2026","","specs\Smoke\1-LoginSmoke.spec.ts","",""
"","7623","ACH Approval Rules sub-page loads correctly","chromium","Wed Sep 16 10:14:06 UTC 2026","passed","Wed Sep 16 10:14:13 UTC 2026","Application Navigation Smoke Tests","specs\Smoke\2-NavigationSmoke.spec.ts","",""
"","8899","Next page arrow advances to page 2","chromium","Wed Sep 16 10:19:52 UTC 2026","passed","Wed Sep 16 10:20:01 UTC 2026","ACH — Smoke","specs\Smoke\7-ACHSmoke.spec.ts","",""
"","9421","""Edit"" link on a row navigates to the check edit form","chromium","Wed Sep 16 10:18:13 UTC 2026","passed","Wed Sep 16 10:18:22 UTC 2026","Issued Checks — Smoke (Continued)","specs\Smoke\4-IssuedChecksSmoke.spec.ts","",""
"","22562","Pay/Return decision badge navigates to exception history","firefox","Wed Sep 16 10:29:37 UTC 2026","passed","Wed Sep 16 10:29:59 UTC 2026","ACH — Smoke","specs\Smoke\7-ACHSmoke.spec.ts","",""
"","11997","Teller page loads correctly","firefox","Wed Sep 16 10:13:27 UTC 2026","passed","Wed Sep 16 10:13:39 UTC 2026","Application Navigation Smoke Tests","specs\Smoke\2-NavigationSmoke.spec.ts","",""
"","4133","Validate unauthenticated access to protected route is redirected to login","chromium","Wed Sep 16 10:12:59 UTC 2026","passed","Wed Sep 16 10:13:04 UTC 2026","","specs\Smoke\1-LoginSmoke.spec.ts","",""
"","18740","""View"" (Change Log) link on a row navigates to the entity log","webkit","Wed Sep 16 10:42:18 UTC 2026","passed","Wed Sep 16 10:42:36 UTC 2026","Issued Checks — Smoke (Continued)","specs\Smoke\4-IssuedChecksSmoke.spec.ts","",""
"","16183","Typing a page number navigates to that page","firefox","Wed Sep 16 10:26:37 UTC 2026","passed","Wed Sep 16 10:26:53 UTC 2026","Exceptions — Smoke","specs\Smoke\8-ExceptionsSmoke.spec.ts","",""
"","5864","Business Clients sub-page loads correctly","chromium","Wed Sep 16 10:12:33 UTC 2026","passed","Wed Sep 16 10:12:39 UTC 2026","Application Navigation Smoke Tests","specs\Smoke\2-NavigationSmoke.spec.ts","",""
"","7464","Pay/Return decision badge navigates to exception history","chromium","Wed Sep 16 10:19:12 UTC 2026","passed","Wed Sep 16 10:19:19 UTC 2026","Presented Checks — Smoke (Continued)","specs\Smoke\5-PresentedChecksSmoke.spec.ts","",""
"","6707","Verify Combined View shows all chart sections","msedge","Wed Sep 16 10:13:34 UTC 2026","passed","Wed Sep 16 10:13:40 UTC 2026","Home Dashboard","specs\Smoke\3-HomeDashboardSmoke.spec.ts","",""
"","15218","System Log sub-page loads correctly","webkit","Wed Sep 16 10:35:30 UTC 2026","passed","Wed Sep 16 10:35:46 UTC 2026","Application Navigation Smoke Tests","specs\Smoke\2-NavigationSmoke.spec.ts","",""
"","5686","Teller page loads correctly","chromium","Wed Sep 16 10:12:01 UTC 2026","passed","Wed Sep 16 10:12:06 UTC 2026","Application Navigation Smoke Tests","specs\Smoke\2-NavigationSmoke.spec.ts","",""
"","25289","Previous page button returns to page 1, First page button re-enables disabled state","webkit","Wed Sep 16 10:40:38 UTC 2026","passed","Wed Sep 16 10:41:03 UTC 2026","Presented Checks — Smoke","specs\Smoke\5-PresentedChecksSmoke.spec.ts","",""
"","8518","Page size change to 10 updates pagination info in bottom-right pager","chromium","Wed Sep 16 10:16:45 UTC 2026","passed","Wed Sep 16 10:16:53 UTC 2026","Presented Checks — Smoke","specs\Smoke\5-PresentedChecksSmoke.spec.ts","",""
"","8828","Last page arrow jumps to the final page","chromium","Wed Sep 16 10:20:01 UTC 2026","passed","Wed Sep 16 10:20:10 UTC 2026","ACH — Smoke","specs\Smoke\7-ACHSmoke.spec.ts","",""
"","10855","Verify Home dashboard is restored after returning from another page","chromium","Wed Sep 16 10:14:50 UTC 2026","passed","Wed Sep 16 10:15:01 UTC 2026","Home Dashboard","specs\Smoke\3-HomeDashboardSmoke.spec.ts","",""
"","23815","Save a filter preset, verify it is auto-selected, then delete it","firefox","Wed Sep 16 10:27:38 UTC 2026","passed","Wed Sep 16 10:28:02 UTC 2026","Exceptions — Smoke (Continued)","specs\Smoke\8-ExceptionsSmoke.spec.ts","",""
"","6950","Verify delayed data note and force refresh link are visible on dashboard","msedge","Wed Sep 16 10:14:34 UTC 2026","passed","Wed Sep 16 10:14:41 UTC 2026","Home Dashboard","specs\Smoke\3-HomeDashboardSmoke.spec.ts","",""
"","8766","Clicking a column header sorts ascending, clicking again sorts descending","chromium","Wed Sep 16 10:18:23 UTC 2026","passed","Wed Sep 16 10:18:31 UTC 2026","Presented Checks — Smoke (Continued)","specs\Smoke\5-PresentedChecksSmoke.spec.ts","",""
"","11851","Grid loads with data rows and key column headers","msedge","Wed Sep 16 10:15:57 UTC 2026","passed","Wed Sep 16 10:16:09 UTC 2026","Presented Checks — Smoke","specs\Smoke\5-PresentedChecksSmoke.spec.ts","",""
"","8071","Issued Checks page loads correctly","msedge","Wed Sep 16 10:12:05 UTC 2026","passed","Wed Sep 16 10:12:13 UTC 2026","Application Navigation Smoke Tests","specs\Smoke\2-NavigationSmoke.spec.ts","",""
"","6656","Open Exceptions page loads with either exception cards or the empty-state message","chromium","Wed Sep 16 10:22:39 UTC 2026","passed","Wed Sep 16 10:22:46 UTC 2026","Exceptions — Smoke (Continued)","specs\Smoke\8-ExceptionsSmoke.spec.ts","",""
"","4842","Validate Login functionality with emptyFields","msedge","Wed Sep 16 10:12:24 UTC 2026","passed","Wed Sep 16 10:12:29 UTC 2026","","specs\Smoke\1-LoginSmoke.spec.ts","",""
"","13805","Default filter auto-applies after logout and re-login","firefox","Wed Sep 16 10:27:48 UTC 2026","skipped","Wed Sep 16 10:28:01 UTC 2026","ACH — Smoke","specs\Smoke\7-ACHSmoke.spec.ts","",""
"","19856","Previous page button returns to page 1, First page button re-enables disabled state","firefox","Wed Sep 16 10:21:49 UTC 2026","passed","Wed Sep 16 10:22:09 UTC 2026","Presented Checks — Smoke","specs\Smoke\5-PresentedChecksSmoke.spec.ts","",""
"","5198","Validate Login functionality with missingUsername","msedge","Wed Sep 16 10:12:33 UTC 2026","passed","Wed Sep 16 10:12:38 UTC 2026","","specs\Smoke\1-LoginSmoke.spec.ts","",""
"","11144","Validate forgot password functionality with No email","webkit","Wed Sep 16 10:30:51 UTC 2026","passed","Wed Sep 16 10:31:02 UTC 2026","","specs\Smoke\1-LoginSmoke.spec.ts","",""
"","11964","Typing a page number navigates to that page","msedge","Wed Sep 16 10:17:44 UTC 2026","passed","Wed Sep 16 10:17:56 UTC 2026","Presented Checks — Smoke","specs\Smoke\5-PresentedChecksSmoke.spec.ts","",""
"","21398","Clicking a column header sorts ascending, clicking again sorts descending","webkit","Wed Sep 16 10:41:12 UTC 2026","passed","Wed Sep 16 10:41:34 UTC 2026","Issued Checks — Smoke (Continued)","specs\Smoke\4-IssuedChecksSmoke.spec.ts","",""
"","18109","Clicking a column header sorts ascending, clicking again sorts descending","firefox","Wed Sep 16 10:28:02 UTC 2026","passed","Wed Sep 16 10:28:20 UTC 2026","Exceptions — Smoke (Continued)","specs\Smoke\8-ExceptionsSmoke.spec.ts","",""
"","6667","Verify Combined View shows all chart sections","chromium","Wed Sep 16 10:13:16 UTC 2026","passed","Wed Sep 16 10:13:23 UTC 2026","Home Dashboard","specs\Smoke\3-HomeDashboardSmoke.spec.ts","",""
"","9605","Default filter auto-applies after logout and re-login","msedge","Wed Sep 16 10:18:23 UTC 2026","skipped","Wed Sep 16 10:18:33 UTC 2026","Presented Checks — Default Filter (Serial)","specs\Smoke\5-PresentedChecksSmoke.spec.ts","",""
"","8163","File Formats sub-page loads correctly","msedge","Wed Sep 16 10:13:57 UTC 2026","passed","Wed Sep 16 10:14:05 UTC 2026","Application Navigation Smoke Tests","specs\Smoke\2-NavigationSmoke.spec.ts","",""
"","13351","Saved Filters dropdown is visible and defaults to no preset","msedge","Wed Sep 16 10:18:10 UTC 2026","passed","Wed Sep 16 10:18:23 UTC 2026","Presented Checks — Smoke","specs\Smoke\5-PresentedChecksSmoke.spec.ts","",""
"","8702","Verify dashboard loads after successful login","firefox","Wed Sep 16 10:14:58 UTC 2026","passed","Wed Sep 16 10:15:07 UTC 2026","Home Dashboard","specs\Smoke\3-HomeDashboardSmoke.spec.ts","",""
"","5361","Validate Login functionality with sqlInjection","chromium","Wed Sep 16 10:12:22 UTC 2026","passed","Wed Sep 16 10:12:27 UTC 2026","","specs\Smoke\1-LoginSmoke.spec.ts","",""
"","21370","Default filter auto-applies after logout and re-login","chromium","Wed Sep 16 10:20:40 UTC 2026","passed","Wed Sep 16 10:21:01 UTC 2026","ACH — Smoke","specs\Smoke\7-ACHSmoke.spec.ts","",""
"","19487","Save a filter preset, verify it is auto-selected, then delete it","firefox","Wed Sep 16 10:28:01 UTC 2026","passed","Wed Sep 16 10:28:21 UTC 2026","ACH — Smoke","specs\Smoke\7-ACHSmoke.spec.ts","",""
"","7553","Business Clients sub-page loads correctly","msedge","Wed Sep 16 10:13:01 UTC 2026","passed","Wed Sep 16 10:13:08 UTC 2026","Application Navigation Smoke Tests","specs\Smoke\2-NavigationSmoke.spec.ts","",""
"","17511","Home page is accessible and shows dashboard","webkit","Wed Sep 16 10:28:44 UTC 2026","passed","Wed Sep 16 10:29:02 UTC 2026","Application Navigation Smoke Tests","specs\Smoke\2-NavigationSmoke.spec.ts","",""
"","8178","Verify tab-specific charts are hidden for opposite tab","msedge","Wed Sep 16 10:14:13 UTC 2026","passed","Wed Sep 16 10:14:21 UTC 2026","Home Dashboard","specs\Smoke\3-HomeDashboardSmoke.spec.ts","",""
"","7695","Validate session persists after page refresh","chromium","Wed Sep 16 10:12:52 UTC 2026","passed","Wed Sep 16 10:12:59 UTC 2026","","specs\Smoke\1-LoginSmoke.spec.ts","",""
"","11410","Page size change to 10 updates pagination info in bottom-right pager","msedge","Wed Sep 16 10:20:28 UTC 2026","passed","Wed Sep 16 10:20:40 UTC 2026","ACH — Smoke","specs\Smoke\7-ACHSmoke.spec.ts","",""
"","13599","Verify summary KPI values have expected number formats","webkit","Wed Sep 16 10:35:13 UTC 2026","passed","Wed Sep 16 10:35:26 UTC 2026","Home Dashboard","specs\Smoke\3-HomeDashboardSmoke.spec.ts","",""
"","11687","""Uploaded Checks"" navigates to the uploads page","msedge","Wed Sep 16 10:16:21 UTC 2026","passed","Wed Sep 16 10:16:32 UTC 2026","Presented Checks — Smoke","specs\Smoke\5-PresentedChecksSmoke.spec.ts","",""
"","11475","Clicking a column header sorts ascending, clicking again sorts descending","msedge","Wed Sep 16 10:22:04 UTC 2026","passed","Wed Sep 16 10:22:15 UTC 2026","ACH — Smoke","specs\Smoke\7-ACHSmoke.spec.ts","",""
"","15805","Branding sub-page loads correctly","webkit","Wed Sep 16 10:31:35 UTC 2026","passed","Wed Sep 16 10:31:51 UTC 2026","Application Navigation Smoke Tests","specs\Smoke\2-NavigationSmoke.spec.ts","",""
"","19056","Verify navigation to Settings via nav menu","webkit","Wed Sep 16 10:37:27 UTC 2026","passed","Wed Sep 16 10:37:46 UTC 2026","Home Dashboard","specs\Smoke\3-HomeDashboardSmoke.spec.ts","",""
"","17495","Excel export button is visible and enabled","webkit","Wed Sep 16 10:38:03 UTC 2026","passed","Wed Sep 16 10:38:21 UTC 2026","Issued Checks — Smoke","specs\Smoke\4-IssuedChecksSmoke.spec.ts","",""
"","8626","Web Hooks sub-page loads correctly","msedge","Wed Sep 16 10:15:30 UTC 2026","passed","Wed Sep 16 10:15:39 UTC 2026","Application Navigation Smoke Tests","specs\Smoke\2-NavigationSmoke.spec.ts","",""
"","7754","System Log sub-page loads correctly","msedge","Wed Sep 16 10:15:03 UTC 2026","passed","Wed Sep 16 10:15:11 UTC 2026","Application Navigation Smoke Tests","specs\Smoke\2-NavigationSmoke.spec.ts","",""
"","5765","Verify summary KPI values have expected number formats","msedge","Wed Sep 16 10:14:28 UTC 2026","passed","Wed Sep 16 10:14:34 UTC 2026","Home Dashboard","specs\Smoke\3-HomeDashboardSmoke.spec.ts","",""
"","8434","Settings page loads correctly","msedge","Wed Sep 16 10:12:44 UTC 2026","passed","Wed Sep 16 10:12:53 UTC 2026","Application Navigation Smoke Tests","specs\Smoke\2-NavigationSmoke.spec.ts","",""
"","13163","Default filter auto-applies after logout and re-login","msedge","Wed Sep 16 10:17:57 UTC 2026","skipped","Wed Sep 16 10:18:10 UTC 2026","Issued Checks — Default Filter (Serial)","specs\Smoke\4-IssuedChecksSmoke.spec.ts","",""
"","21620","""Uploaded Checks"" navigates to the uploads page","firefox","Wed Sep 16 10:19:50 UTC 2026","passed","Wed Sep 16 10:20:12 UTC 2026","Presented Checks — Smoke","specs\Smoke\5-PresentedChecksSmoke.spec.ts","",""
"","4396","Validate Login functionality with missingPassword","chromium","Wed Sep 16 10:12:14 UTC 2026","passed","Wed Sep 16 10:12:18 UTC 2026","","specs\Smoke\1-LoginSmoke.spec.ts","",""
"","14794","Notification Templates sub-page loads correctly","firefox","Wed Sep 16 10:16:32 UTC 2026","passed","Wed Sep 16 10:16:47 UTC 2026","Application Navigation Smoke Tests","specs\Smoke\2-NavigationSmoke.spec.ts","",""
"","9720","Check Approval Rules sub-page loads correctly","chromium","Wed Sep 16 10:13:48 UTC 2026","passed","Wed Sep 16 10:13:58 UTC 2026","Application Navigation Smoke Tests","specs\Smoke\2-NavigationSmoke.spec.ts","",""
"","8403","Verify navigation to ACH via nav menu","msedge","Wed Sep 16 10:15:30 UTC 2026","passed","Wed Sep 16 10:15:38 UTC 2026","Home Dashboard","specs\Smoke\3-HomeDashboardSmoke.spec.ts","",""
"","18171","""+ Add Check"" navigates to the add-check form","webkit","Wed Sep 16 10:38:06 UTC 2026","passed","Wed Sep 16 10:38:24 UTC 2026","Presented Checks — Smoke","specs\Smoke\5-PresentedChecksSmoke.spec.ts","",""
"","5391","Validate Login functionality with emptyFields","firefox","Wed Sep 16 10:13:34 UTC 2026","passed","Wed Sep 16 10:13:39 UTC 2026","","specs\Smoke\1-LoginSmoke.spec.ts","",""
"","13519","Open Exceptions page loads with either exception cards or the empty-state message","firefox","Wed Sep 16 10:29:54 UTC 2026","passed","Wed Sep 16 10:30:07 UTC 2026","Exceptions — Smoke (Continued)","specs\Smoke\8-ExceptionsSmoke.spec.ts","",""
"","8123","Automatic Check Decision Rules sub-page loads correctly","msedge","Wed Sep 16 10:14:14 UTC 2026","passed","Wed Sep 16 10:14:22 UTC 2026","Application Navigation Smoke Tests","specs\Smoke\2-NavigationSmoke.spec.ts","",""
"","5376","Validate Login functionality with veryLongInput","firefox","Wed Sep 16 10:14:07 UTC 2026","passed","Wed Sep 16 10:14:13 UTC 2026","","specs\Smoke\1-LoginSmoke.spec.ts","",""
"","9453","Typing a page number navigates to that page","chromium","Wed Sep 16 10:20:10 UTC 2026","passed","Wed Sep 16 10:20:20 UTC 2026","ACH — Smoke","specs\Smoke\7-ACHSmoke.spec.ts","",""
"","4955","Validate forgot password functionality with No email","chromium","Wed Sep 16 10:12:42 UTC 2026","passed","Wed Sep 16 10:12:47 UTC 2026","","specs\Smoke\1-LoginSmoke.spec.ts","",""
"","7719","ACH Approval Rules sub-page loads correctly","msedge","Wed Sep 16 10:14:37 UTC 2026","passed","Wed Sep 16 10:14:45 UTC 2026","Application Navigation Smoke Tests","specs\Smoke\2-NavigationSmoke.spec.ts","",""
"","4688","Validate forgot password functionality","chromium","Wed Sep 16 10:12:37 UTC 2026","passed","Wed Sep 16 10:12:42 UTC 2026","","specs\Smoke\1-LoginSmoke.spec.ts","",""
"","13049","Verify Total Exceptions and Total Exception Amount labels are visible","firefox","Wed Sep 16 10:16:47 UTC 2026","passed","Wed Sep 16 10:17:00 UTC 2026","Home Dashboard","specs\Smoke\3-HomeDashboardSmoke.spec.ts","",""
"","4586","Validate forgot password functionality with No email","msedge","Wed Sep 16 10:12:56 UTC 2026","passed","Wed Sep 16 10:13:01 UTC 2026","","specs\Smoke\1-LoginSmoke.spec.ts","",""
"","10475","Web Hooks sub-page loads correctly","chromium","Wed Sep 16 10:15:01 UTC 2026","passed","Wed Sep 16 10:15:12 UTC 2026","Application Navigation Smoke Tests","specs\Smoke\2-NavigationSmoke.spec.ts","",""
"","12045","Next page arrow advances to page 2","chromium","Wed Sep 16 10:16:24 UTC 2026","passed","Wed Sep 16 10:16:36 UTC 2026","Issued Checks — Smoke","specs\Smoke\4-IssuedChecksSmoke.spec.ts","",""
"","8360","ACH breadcrumb link is visible on the page","msedge","Wed Sep 16 10:23:02 UTC 2026","passed","Wed Sep 16 10:23:11 UTC 2026","ACH — Smoke","specs\Smoke\7-ACHSmoke.spec.ts","",""
"","19786","ACH Approval Rules sub-page loads correctly","webkit","Wed Sep 16 10:34:41 UTC 2026","passed","Wed Sep 16 10:35:00 UTC 2026","Application Navigation Smoke Tests","specs\Smoke\2-NavigationSmoke.spec.ts","",""
"","8319","Grid View toggle navigates to the open-exceptions grid and shows key column headers","msedge","Wed Sep 16 10:23:25 UTC 2026","passed","Wed Sep 16 10:23:34 UTC 2026","Exceptions — Smoke (Continued)","specs\Smoke\8-ExceptionsSmoke.spec.ts","",""
"","10812","Validate Login functionality with xssInUsername","webkit","Wed Sep 16 10:30:22 UTC 2026","passed","Wed Sep 16 10:30:33 UTC 2026","","specs\Smoke\1-LoginSmoke.spec.ts","",""
"","25508","Decision badge on an already-reviewed row is blocked with a system message","webkit","Wed Sep 16 10:49:33 UTC 2026","passed","Wed Sep 16 10:49:58 UTC 2026","Exceptions — Smoke (Continued)","specs\Smoke\8-ExceptionsSmoke.spec.ts","",""
"","11705","Column filter menu applies a filter and Clear restores the full row set","msedge","Wed Sep 16 10:22:23 UTC 2026","passed","Wed Sep 16 10:22:35 UTC 2026","Exceptions — Smoke (Continued)","specs\Smoke\8-ExceptionsSmoke.spec.ts","",""
"","12719","Clicking a column header sorts ascending, clicking again sorts descending","chromium","Wed Sep 16 10:17:47 UTC 2026","passed","Wed Sep 16 10:18:00 UTC 2026","Issued Checks — Smoke (Continued)","specs\Smoke\4-IssuedChecksSmoke.spec.ts","",""
"","7098","Grid View toggle navigates to the open-exceptions grid and shows key column headers","chromium","Wed Sep 16 10:22:46 UTC 2026","passed","Wed Sep 16 10:22:53 UTC 2026","Exceptions — Smoke (Continued)","specs\Smoke\8-ExceptionsSmoke.spec.ts","",""
"","20971","""+ Add Check"" navigates to the add-check form","firefox","Wed Sep 16 10:19:29 UTC 2026","passed","Wed Sep 16 10:19:50 UTC 2026","Presented Checks — Smoke","specs\Smoke\5-PresentedChecksSmoke.spec.ts","",""
"","20315","Previous page button returns to page 1, First page button re-enables disabled state","firefox","Wed Sep 16 10:27:11 UTC 2026","passed","Wed Sep 16 10:27:31 UTC 2026","ACH — Smoke","specs\Smoke\7-ACHSmoke.spec.ts","",""
"","5296","Validate Login functionality with veryLongInput","chromium","Wed Sep 16 10:12:32 UTC 2026","passed","Wed Sep 16 10:12:37 UTC 2026","","specs\Smoke\1-LoginSmoke.spec.ts","",""
"","17782","Verify Check Only tab shows Check-specific chart sections","firefox","Wed Sep 16 10:15:22 UTC 2026","passed","Wed Sep 16 10:15:40 UTC 2026","Home Dashboard","specs\Smoke\3-HomeDashboardSmoke.spec.ts","",""
"","11688","Home page is accessible and shows dashboard","chromium","Wed Sep 16 10:11:36 UTC 2026","passed","Wed Sep 16 10:11:48 UTC 2026","Application Navigation Smoke Tests","specs\Smoke\2-NavigationSmoke.spec.ts","",""
"","5168","Validate unauthenticated access to protected route is redirected to login","msedge","Wed Sep 16 10:13:14 UTC 2026","passed","Wed Sep 16 10:13:19 UTC 2026","","specs\Smoke\1-LoginSmoke.spec.ts","",""
"","6720","Verify all three dashboard view tabs are visible","chromium","Wed Sep 16 10:13:09 UTC 2026","passed","Wed Sep 16 10:13:16 UTC 2026","Home Dashboard","specs\Smoke\3-HomeDashboardSmoke.spec.ts","",""
"","10762","""+ Add Check"" navigates to the add-check form","chromium","Wed Sep 16 10:16:04 UTC 2026","passed","Wed Sep 16 10:16:14 UTC 2026","Presented Checks — Smoke","specs\Smoke\5-PresentedChecksSmoke.spec.ts","",""
"","9643","""View"" (Change Log) link on a row navigates to the entity log","msedge","Wed Sep 16 10:22:27 UTC 2026","passed","Wed Sep 16 10:22:37 UTC 2026","ACH — Smoke","specs\Smoke\7-ACHSmoke.spec.ts","",""
"","8895","Pay/Return decision badge navigates to exception history","msedge","Wed Sep 16 10:19:49 UTC 2026","passed","Wed Sep 16 10:19:57 UTC 2026","Presented Checks — Smoke (Continued)","specs\Smoke\5-PresentedChecksSmoke.spec.ts","",""
"","28123","Users sub-page loads correctly","firefox","Wed Sep 16 10:14:48 UTC 2026","passed","Wed Sep 16 10:15:16 UTC 2026","Application Navigation Smoke Tests","specs\Smoke\2-NavigationSmoke.spec.ts","",""
"","19828","Column filter popup applies a filter and Clear restores the full row set","firefox","Wed Sep 16 10:23:21 UTC 2026","passed","Wed Sep 16 10:23:41 UTC 2026","Presented Checks — Smoke (Continued)","specs\Smoke\5-PresentedChecksSmoke.spec.ts","",""
"","11607","Last page arrow jumps to the final page","msedge","Wed Sep 16 10:20:53 UTC 2026","passed","Wed Sep 16 10:21:04 UTC 2026","ACH — Smoke","specs\Smoke\7-ACHSmoke.spec.ts","",""
"","9937","Verify navigation to Issued Checks via nav menu","chromium","Wed Sep 16 10:15:01 UTC 2026","passed","Wed Sep 16 10:15:11 UTC 2026","Home Dashboard","specs\Smoke\3-HomeDashboardSmoke.spec.ts","",""
"","9590","Clicking a column header sorts ascending, clicking again sorts descending","msedge","Wed Sep 16 10:18:23 UTC 2026","passed","Wed Sep 16 10:18:33 UTC 2026","Issued Checks — Smoke (Continued)","specs\Smoke\4-IssuedChecksSmoke.spec.ts","",""
"","14229","Page size change to 10 updates pagination info in bottom-right pager","msedge","Wed Sep 16 10:16:33 UTC 2026","passed","Wed Sep 16 10:16:47 UTC 2026","Issued Checks — Smoke","specs\Smoke\4-IssuedChecksSmoke.spec.ts","",""
"","7855","""Edit"" link on a row navigates to the check edit form","chromium","Wed Sep 16 10:18:45 UTC 2026","passed","Wed Sep 16 10:18:53 UTC 2026","Presented Checks — Smoke (Continued)","specs\Smoke\5-PresentedChecksSmoke.spec.ts","",""
"","17835","ACH page loads correctly","firefox","Wed Sep 16 10:13:39 UTC 2026","passed","Wed Sep 16 10:13:57 UTC 2026","Application Navigation Smoke Tests","specs\Smoke\2-NavigationSmoke.spec.ts","",""
"","11584","Verify profile menu shows My Info and Logout links","firefox","Wed Sep 16 10:17:32 UTC 2026","passed","Wed Sep 16 10:17:44 UTC 2026","Home Dashboard","specs\Smoke\3-HomeDashboardSmoke.spec.ts","",""
"","7901","Verify dashboard loads after successful login","msedge","Wed Sep 16 10:13:19 UTC 2026","passed","Wed Sep 16 10:13:27 UTC 2026","Home Dashboard","specs\Smoke\3-HomeDashboardSmoke.spec.ts","",""
"","17097","Grid loads with data rows and key column headers","firefox","Wed Sep 16 10:19:12 UTC 2026","passed","Wed Sep 16 10:19:29 UTC 2026","Presented Checks — Smoke","specs\Smoke\5-PresentedChecksSmoke.spec.ts","",""
"","6065","Settings page loads correctly","chromium","Wed Sep 16 10:12:22 UTC 2026","passed","Wed Sep 16 10:12:28 UTC 2026","Application Navigation Smoke Tests","specs\Smoke\2-NavigationSmoke.spec.ts","",""
"","15326","Grid loads with data rows and key column headers","firefox","Wed Sep 16 10:24:41 UTC 2026","passed","Wed Sep 16 10:24:57 UTC 2026","ACH — Smoke","specs\Smoke\7-ACHSmoke.spec.ts","",""
"","4695","Validate Login functionality with sqlInjection","msedge","Wed Sep 16 10:12:38 UTC 2026","passed","Wed Sep 16 10:12:43 UTC 2026","","specs\Smoke\1-LoginSmoke.spec.ts","",""
"","16249","Verify navigation to Presented Checks via nav menu","webkit","Wed Sep 16 10:36:40 UTC 2026","passed","Wed Sep 16 10:36:56 UTC 2026","Home Dashboard","specs\Smoke\3-HomeDashboardSmoke.spec.ts","",""
"","9695","Verify navigation to ACH via nav menu","chromium","Wed Sep 16 10:15:22 UTC 2026","passed","Wed Sep 16 10:15:32 UTC 2026","Home Dashboard","specs\Smoke\3-HomeDashboardSmoke.spec.ts","",""
"","9285","Verify delayed data note and force refresh link are visible on dashboard","chromium","Wed Sep 16 10:14:19 UTC 2026","passed","Wed Sep 16 10:14:29 UTC 2026","Home Dashboard","specs\Smoke\3-HomeDashboardSmoke.spec.ts","",""
"","6166","Verify all three dashboard view tabs are visible","msedge","Wed Sep 16 10:13:27 UTC 2026","passed","Wed Sep 16 10:13:34 UTC 2026","Home Dashboard","specs\Smoke\3-HomeDashboardSmoke.spec.ts","",""
"","17234","Excel export button is visible and enabled","webkit","Wed Sep 16 10:39:04 UTC 2026","passed","Wed Sep 16 10:39:21 UTC 2026","Presented Checks — Smoke","specs\Smoke\5-PresentedChecksSmoke.spec.ts","",""
"","16718","Last page arrow jumps to the final page","firefox","Wed Sep 16 10:26:20 UTC 2026","passed","Wed Sep 16 10:26:37 UTC 2026","Exceptions — Smoke","specs\Smoke\8-ExceptionsSmoke.spec.ts","",""
"","13130","Next page arrow advances to page 2","msedge","Wed Sep 16 10:16:47 UTC 2026","passed","Wed Sep 16 10:17:00 UTC 2026","Issued Checks — Smoke","specs\Smoke\4-IssuedChecksSmoke.spec.ts","",""
"","14825","Exceptions page loads correctly","webkit","Wed Sep 16 10:30:03 UTC 2026","passed","Wed Sep 16 10:30:18 UTC 2026","Application Navigation Smoke Tests","specs\Smoke\2-NavigationSmoke.spec.ts","",""
"","16411","Typing a page number navigates to that page","firefox","Wed Sep 16 10:21:14 UTC 2026","passed","Wed Sep 16 10:21:31 UTC 2026","Issued Checks — Smoke","specs\Smoke\4-IssuedChecksSmoke.spec.ts","",""
"","19836","Last page arrow jumps to the final page","webkit","Wed Sep 16 10:39:59 UTC 2026","passed","Wed Sep 16 10:40:18 UTC 2026","Presented Checks — Smoke","specs\Smoke\5-PresentedChecksSmoke.spec.ts","",""
"","17972","Excel export button is visible and enabled","webkit","Wed Sep 16 10:45:11 UTC 2026","passed","Wed Sep 16 10:45:29 UTC 2026","Exceptions — Smoke","specs\Smoke\8-ExceptionsSmoke.spec.ts","",""
"","7749","Verify navigation to Settings via nav menu","chromium","Wed Sep 16 10:15:43 UTC 2026","passed","Wed Sep 16 10:15:50 UTC 2026","Home Dashboard","specs\Smoke\3-HomeDashboardSmoke.spec.ts","",""
"","9477","Validate Login functionality with caseSensitiveEmail","firefox","Wed Sep 16 10:13:06 UTC 2026","passed","Wed Sep 16 10:13:15 UTC 2026","","specs\Smoke\1-LoginSmoke.spec.ts","",""
"","7561","Pre-Decisions page loads with either records or the empty-state message","firefox","Wed Sep 16 10:30:28 UTC 2026","passed","Wed Sep 16 10:30:36 UTC 2026","Exceptions — Smoke (Continued)","specs\Smoke\8-ExceptionsSmoke.spec.ts","",""
"","6838","Verify Check Only tab shows Check-specific chart sections","msedge","Wed Sep 16 10:13:40 UTC 2026","passed","Wed Sep 16 10:13:47 UTC 2026","Home Dashboard","specs\Smoke\3-HomeDashboardSmoke.spec.ts","",""
"","11025","Excel export button is visible and enabled","chromium","Wed Sep 16 10:19:50 UTC 2026","passed","Wed Sep 16 10:20:01 UTC 2026","Exceptions — Smoke","specs\Smoke\8-ExceptionsSmoke.spec.ts","",""
"","30245","Verify chart title changes with selected tab","webkit","Wed Sep 16 10:34:10 UTC 2026","passed","Wed Sep 16 10:34:40 UTC 2026","Home Dashboard","specs\Smoke\3-HomeDashboardSmoke.spec.ts","",""
"","17099","Validate teller presented-check form shows all required fields","webkit","Wed Sep 16 10:43:16 UTC 2026","passed","Wed Sep 16 10:43:33 UTC 2026","Teller - Smoke","specs\Smoke\6-TellerSmoke.spec.ts","",""
"","4847","Pre-Decisions page loads with either records or the empty-state message","msedge","Wed Sep 16 10:23:39 UTC 2026","passed","Wed Sep 16 10:23:44 UTC 2026","Exceptions — Smoke (Continued)","specs\Smoke\8-ExceptionsSmoke.spec.ts","",""
"","9029","Decision Files sub-page loads correctly","chromium","Wed Sep 16 10:13:08 UTC 2026","passed","Wed Sep 16 10:13:17 UTC 2026","Application Navigation Smoke Tests","specs\Smoke\2-NavigationSmoke.spec.ts","",""
"","9189","Typing a page number navigates to that page","chromium","Wed Sep 16 10:20:30 UTC 2026","passed","Wed Sep 16 10:20:39 UTC 2026","Exceptions — Smoke","specs\Smoke\8-ExceptionsSmoke.spec.ts","",""
"","8744","Last page arrow jumps to the final page","chromium","Wed Sep 16 10:16:36 UTC 2026","passed","Wed Sep 16 10:16:45 UTC 2026","Issued Checks — Smoke","specs\Smoke\4-IssuedChecksSmoke.spec.ts","",""
"","7606","Open Exceptions page loads with either exception cards or the empty-state message","msedge","Wed Sep 16 10:23:18 UTC 2026","passed","Wed Sep 16 10:23:25 UTC 2026","Exceptions — Smoke (Continued)","specs\Smoke\8-ExceptionsSmoke.spec.ts","",""
"","11237","Issued Checks breadcrumb link is visible on the page","msedge","Wed Sep 16 10:19:14 UTC 2026","passed","Wed Sep 16 10:19:25 UTC 2026","Issued Checks — Smoke (Continued)","specs\Smoke\4-IssuedChecksSmoke.spec.ts","",""
"","16638","Next page arrow advances to page 2","firefox","Wed Sep 16 10:26:20 UTC 2026","passed","Wed Sep 16 10:26:37 UTC 2026","ACH — Smoke","specs\Smoke\7-ACHSmoke.spec.ts","",""
"","15310","Notification Log sub-page loads correctly","webkit","Wed Sep 16 10:35:00 UTC 2026","passed","Wed Sep 16 10:35:16 UTC 2026","Application Navigation Smoke Tests","specs\Smoke\2-NavigationSmoke.spec.ts","",""
"","15080","Presented Checks page loads correctly","webkit","Wed Sep 16 10:29:19 UTC 2026","passed","Wed Sep 16 10:29:34 UTC 2026","Application Navigation Smoke Tests","specs\Smoke\2-NavigationSmoke.spec.ts","",""
"","8870","Excel export button is visible and enabled","chromium","Wed Sep 16 10:16:36 UTC 2026","passed","Wed Sep 16 10:16:45 UTC 2026","Presented Checks — Smoke","specs\Smoke\5-PresentedChecksSmoke.spec.ts","",""
"","20956","Typing a page number navigates to that page","webkit","Wed Sep 16 10:46:10 UTC 2026","passed","Wed Sep 16 10:46:31 UTC 2026","ACH — Smoke","specs\Smoke\7-ACHSmoke.spec.ts","",""
"","19895","Clicking a column header sorts ascending, clicking again sorts descending","webkit","Wed Sep 16 10:48:20 UTC 2026","passed","Wed Sep 16 10:48:40 UTC 2026","ACH — Smoke","specs\Smoke\7-ACHSmoke.spec.ts","",""
"","5812","Presented Checks page loads correctly","chromium","Wed Sep 16 10:11:55 UTC 2026","passed","Wed Sep 16 10:12:01 UTC 2026","Application Navigation Smoke Tests","specs\Smoke\2-NavigationSmoke.spec.ts","",""
"","7519","Default filter auto-applies after logout and re-login","msedge","Wed Sep 16 10:21:48 UTC 2026","skipped","Wed Sep 16 10:21:55 UTC 2026","Exceptions — Default Filter (Serial)","specs\Smoke\8-ExceptionsSmoke.spec.ts","",""
"","12411","Open Exceptions page loads with either exception cards or the empty-state message","webkit","Wed Sep 16 10:50:36 UTC 2026","passed","Wed Sep 16 10:50:49 UTC 2026","Exceptions — Smoke (Continued)","specs\Smoke\8-ExceptionsSmoke.spec.ts","",""
"","16272","Issued Checks breadcrumb link is visible on the page","firefox","Wed Sep 16 10:24:11 UTC 2026","passed","Wed Sep 16 10:24:27 UTC 2026","Issued Checks — Smoke (Continued)","specs\Smoke\4-IssuedChecksSmoke.spec.ts","",""
"","15191","Search box filters grid and clears correctly","msedge","Wed Sep 16 10:16:32 UTC 2026","passed","Wed Sep 16 10:16:48 UTC 2026","Presented Checks — Smoke","specs\Smoke\5-PresentedChecksSmoke.spec.ts","",""
"","12733","Verify navigation to ACH via nav menu","firefox","Wed Sep 16 10:18:28 UTC 2026","passed","Wed Sep 16 10:18:41 UTC 2026","Home Dashboard","specs\Smoke\3-HomeDashboardSmoke.spec.ts","",""
"","20432","Next page arrow advances to page 2","webkit","Wed Sep 16 10:38:39 UTC 2026","passed","Wed Sep 16 10:39:00 UTC 2026","Issued Checks — Smoke","specs\Smoke\4-IssuedChecksSmoke.spec.ts","",""
"","8043","Account Settings sub-page loads correctly","msedge","Wed Sep 16 10:12:53 UTC 2026","passed","Wed Sep 16 10:13:01 UTC 2026","Application Navigation Smoke Tests","specs\Smoke\2-NavigationSmoke.spec.ts","",""
"","18290","Page size change to 10 updates pagination info in bottom-right pager","webkit","Wed Sep 16 10:38:21 UTC 2026","passed","Wed Sep 16 10:38:39 UTC 2026","Issued Checks — Smoke","specs\Smoke\4-IssuedChecksSmoke.spec.ts","",""
"","14790","Pay/Return decision badge navigates to exception history","firefox","Wed Sep 16 10:24:27 UTC 2026","passed","Wed Sep 16 10:24:42 UTC 2026","Presented Checks — Smoke (Continued)","specs\Smoke\5-PresentedChecksSmoke.spec.ts","",""
"","16837","Validate session persists after page refresh","webkit","Wed Sep 16 10:31:10 UTC 2026","passed","Wed Sep 16 10:31:27 UTC 2026","","specs\Smoke\1-LoginSmoke.spec.ts","",""
"","15395","Search box filters grid and clears correctly","firefox","Wed Sep 16 10:20:12 UTC 2026","passed","Wed Sep 16 10:20:27 UTC 2026","Presented Checks — Smoke","specs\Smoke\5-PresentedChecksSmoke.spec.ts","",""
"","14940","""Delete"" on a row shows a confirm modal; Cancel dismisses it without deleting","firefox","Wed Sep 16 10:24:12 UTC 2026","passed","Wed Sep 16 10:24:27 UTC 2026","Presented Checks — Smoke (Continued)","specs\Smoke\5-PresentedChecksSmoke.spec.ts","",""
"","27688","Column filter menu applies a filter and Clear restores the full row set","webkit","Wed Sep 16 10:48:38 UTC 2026","passed","Wed Sep 16 10:49:05 UTC 2026","Exceptions — Smoke (Continued)","specs\Smoke\8-ExceptionsSmoke.spec.ts","",""
"","20580","Next page arrow advances to page 2","webkit","Wed Sep 16 10:45:29 UTC 2026","passed","Wed Sep 16 10:45:50 UTC 2026","ACH — Smoke","specs\Smoke\7-ACHSmoke.spec.ts","",""
"","19479","Verify navigation to Presented Checks via nav menu","msedge","Wed Sep 16 10:15:11 UTC 2026","passed","Wed Sep 16 10:15:30 UTC 2026","Home Dashboard","specs\Smoke\3-HomeDashboardSmoke.spec.ts","",""
"","14740","Next page arrow advances to page 2","msedge","Wed Sep 16 10:17:13 UTC 2026","passed","Wed Sep 16 10:17:28 UTC 2026","Presented Checks — Smoke","specs\Smoke\5-PresentedChecksSmoke.spec.ts","",""
"","8145","Presented Checks page loads correctly","msedge","Wed Sep 16 10:12:13 UTC 2026","passed","Wed Sep 16 10:12:21 UTC 2026","Application Navigation Smoke Tests","specs\Smoke\2-NavigationSmoke.spec.ts","",""
"","14346","File Processing sub-page loads correctly","firefox","Wed Sep 16 10:18:25 UTC 2026","passed","Wed Sep 16 10:18:40 UTC 2026","Application Navigation Smoke Tests","specs\Smoke\2-NavigationSmoke.spec.ts","",""
"","11289","Validate Login functionality with missingPassword","webkit","Wed Sep 16 10:29:52 UTC 2026","passed","Wed Sep 16 10:30:03 UTC 2026","","specs\Smoke\1-LoginSmoke.spec.ts","",""
"","8858","Verify tab-specific charts are hidden for opposite tab","chromium","Wed Sep 16 10:13:56 UTC 2026","passed","Wed Sep 16 10:14:05 UTC 2026","Home Dashboard","specs\Smoke\3-HomeDashboardSmoke.spec.ts","",""
"","9126","""+ Add Check"" navigates to the add-check form","msedge","Wed Sep 16 10:15:49 UTC 2026","passed","Wed Sep 16 10:15:58 UTC 2026","Issued Checks — Smoke","specs\Smoke\4-IssuedChecksSmoke.spec.ts","",""
"","14383","""Edit"" link on a row navigates to the check edit form","firefox","Wed Sep 16 10:23:41 UTC 2026","passed","Wed Sep 16 10:23:55 UTC 2026","Presented Checks — Smoke (Continued)","specs\Smoke\5-PresentedChecksSmoke.spec.ts","",""
"","7021","Billing Reports sub-page loads correctly","msedge","Wed Sep 16 10:13:33 UTC 2026","passed","Wed Sep 16 10:13:40 UTC 2026","Application Navigation Smoke Tests","specs\Smoke\2-NavigationSmoke.spec.ts","",""
"","8775","Clicking a column header sorts ascending, clicking again sorts descending","chromium","Wed Sep 16 10:21:19 UTC 2026","passed","Wed Sep 16 10:21:27 UTC 2026","ACH — Smoke","specs\Smoke\7-ACHSmoke.spec.ts","",""
"","7536","Check Approval Rules sub-page loads correctly","msedge","Wed Sep 16 10:14:23 UTC 2026","passed","Wed Sep 16 10:14:30 UTC 2026","Application Navigation Smoke Tests","specs\Smoke\2-NavigationSmoke.spec.ts","",""
"","19359","Last page arrow jumps to the final page","webkit","Wed Sep 16 10:46:08 UTC 2026","passed","Wed Sep 16 10:46:27 UTC 2026","Exceptions — Smoke","specs\Smoke\8-ExceptionsSmoke.spec.ts","",""
"","17818","Page size change to 10 updates pagination info in bottom-right pager","webkit","Wed Sep 16 10:39:21 UTC 2026","passed","Wed Sep 16 10:39:39 UTC 2026","Presented Checks — Smoke","specs\Smoke\5-PresentedChecksSmoke.spec.ts","",""
"","15106","Next page arrow advances to page 2","firefox","Wed Sep 16 10:26:05 UTC 2026","passed","Wed Sep 16 10:26:20 UTC 2026","Exceptions — Smoke","specs\Smoke\8-ExceptionsSmoke.spec.ts","",""
"","8532","Clicking a column header sorts ascending, clicking again sorts descending","msedge","Wed Sep 16 10:22:15 UTC 2026","passed","Wed Sep 16 10:22:23 UTC 2026","Exceptions — Smoke (Continued)","specs\Smoke\8-ExceptionsSmoke.spec.ts","",""
"","17246","Save a filter preset, verify it is auto-selected, then delete it","chromium","Wed Sep 16 10:21:01 UTC 2026","passed","Wed Sep 16 10:21:19 UTC 2026","ACH — Smoke","specs\Smoke\7-ACHSmoke.spec.ts","",""
"","9269","Grid loads with data rows and key column headers","msedge","Wed Sep 16 10:15:39 UTC 2026","passed","Wed Sep 16 10:15:49 UTC 2026","Issued Checks — Smoke","specs\Smoke\4-IssuedChecksSmoke.spec.ts","",""
"","8866","Validate session persists after page refresh","msedge","Wed Sep 16 10:13:05 UTC 2026","passed","Wed Sep 16 10:13:14 UTC 2026","","specs\Smoke\1-LoginSmoke.spec.ts","",""
"","31356","Save a filter preset, verify it is auto-selected, then delete it","webkit","Wed Sep 16 10:40:41 UTC 2026","passed","Wed Sep 16 10:41:12 UTC 2026","Issued Checks — Smoke (Continued)","specs\Smoke\4-IssuedChecksSmoke.spec.ts","",""
"","14627","Saved Filters dropdown is visible and defaults to no preset","firefox","Wed Sep 16 10:27:14 UTC 2026","passed","Wed Sep 16 10:27:29 UTC 2026","Exceptions — Smoke","specs\Smoke\8-ExceptionsSmoke.spec.ts","",""
"","14124","Search box filters grid and clears correctly","msedge","Wed Sep 16 10:16:09 UTC 2026","passed","Wed Sep 16 10:16:23 UTC 2026","Issued Checks — Smoke","specs\Smoke\4-IssuedChecksSmoke.spec.ts","",""
"","9067","Validate forgot password functionality","firefox","Wed Sep 16 10:14:13 UTC 2026","passed","Wed Sep 16 10:14:22 UTC 2026","","specs\Smoke\1-LoginSmoke.spec.ts","",""
"","9077","Validate unauthenticated access to protected route is redirected to login","webkit","Wed Sep 16 10:31:27 UTC 2026","passed","Wed Sep 16 10:31:36 UTC 2026","","specs\Smoke\1-LoginSmoke.spec.ts","",""
"","11496","""Uploaded Checks"" navigates to the uploads page","chromium","Wed Sep 16 10:16:14 UTC 2026","passed","Wed Sep 16 10:16:26 UTC 2026","Presented Checks — Smoke","specs\Smoke\5-PresentedChecksSmoke.spec.ts","",""
"","17142","ACH breadcrumb link is visible on the page","webkit","Wed Sep 16 10:50:23 UTC 2026","passed","Wed Sep 16 10:50:40 UTC 2026","ACH — Smoke","specs\Smoke\7-ACHSmoke.spec.ts","",""
"","13514","Settings page loads correctly","firefox","Wed Sep 16 10:14:08 UTC 2026","passed","Wed Sep 16 10:14:22 UTC 2026","Application Navigation Smoke Tests","specs\Smoke\2-NavigationSmoke.spec.ts","",""
"","15369","Clicking a column header sorts ascending, clicking again sorts descending","firefox","Wed Sep 16 10:22:45 UTC 2026","passed","Wed Sep 16 10:23:01 UTC 2026","Issued Checks — Smoke (Continued)","specs\Smoke\4-IssuedChecksSmoke.spec.ts","",""
"","18168","Clicking a column header sorts ascending, clicking again sorts descending","firefox","Wed Sep 16 10:28:21 UTC 2026","passed","Wed Sep 16 10:28:39 UTC 2026","ACH — Smoke","specs\Smoke\7-ACHSmoke.spec.ts","",""
"","11442","Column filter popup applies a filter and Clear restores the full row set","chromium","Wed Sep 16 10:21:27 UTC 2026","passed","Wed Sep 16 10:21:39 UTC 2026","ACH — Smoke","specs\Smoke\7-ACHSmoke.spec.ts","",""
"","8821","Notification Log sub-page loads correctly","msedge","Wed Sep 16 10:14:45 UTC 2026","passed","Wed Sep 16 10:14:54 UTC 2026","Application Navigation Smoke Tests","specs\Smoke\2-NavigationSmoke.spec.ts","",""
"","8793","""Edit"" link on a row navigates to the check edit form","msedge","Wed Sep 16 10:18:45 UTC 2026","passed","Wed Sep 16 10:18:53 UTC 2026","Issued Checks — Smoke (Continued)","specs\Smoke\4-IssuedChecksSmoke.spec.ts","",""
"","9560","""+ Add ACH"" navigates to the add-ACH form","msedge","Wed Sep 16 10:19:48 UTC 2026","passed","Wed Sep 16 10:19:57 UTC 2026","ACH — Smoke","specs\Smoke\7-ACHSmoke.spec.ts","",""
"","17570","""View"" (Change Log) link on a row navigates to the entity log","firefox","Wed Sep 16 10:29:01 UTC 2026","passed","Wed Sep 16 10:29:18 UTC 2026","ACH — Smoke","specs\Smoke\7-ACHSmoke.spec.ts","",""
"","22936","Column filter popup applies a filter and Clear restores the full row set","firefox","Wed Sep 16 10:23:01 UTC 2026","passed","Wed Sep 16 10:23:24 UTC 2026","Issued Checks — Smoke (Continued)","specs\Smoke\4-IssuedChecksSmoke.spec.ts","",""
"","18484","Excel export button is visible and enabled","firefox","Wed Sep 16 10:20:07 UTC 2026","passed","Wed Sep 16 10:20:26 UTC 2026","Issued Checks — Smoke","specs\Smoke\4-IssuedChecksSmoke.spec.ts","",""
"","15734","Last page arrow jumps to the final page","firefox","Wed Sep 16 10:21:16 UTC 2026","passed","Wed Sep 16 10:21:32 UTC 2026","Presented Checks — Smoke","specs\Smoke\5-PresentedChecksSmoke.spec.ts","",""
"","13489","Page size change to 10 updates pagination info in bottom-right pager","firefox","Wed Sep 16 10:25:51 UTC 2026","passed","Wed Sep 16 10:26:05 UTC 2026","Exceptions — Smoke","specs\Smoke\8-ExceptionsSmoke.spec.ts","",""
"","5772","Validate Login functionality with missingUsername","firefox","Wed Sep 16 10:13:47 UTC 2026","passed","Wed Sep 16 10:13:53 UTC 2026","","specs\Smoke\1-LoginSmoke.spec.ts","",""
"","16552","Search box filters grid and clears correctly","firefox","Wed Sep 16 10:25:30 UTC 2026","passed","Wed Sep 16 10:25:46 UTC 2026","ACH — Smoke","specs\Smoke\7-ACHSmoke.spec.ts","",""
"","8629","Presented Checks breadcrumb link is visible on the page","msedge","Wed Sep 16 10:19:57 UTC 2026","passed","Wed Sep 16 10:20:06 UTC 2026","Presented Checks — Smoke (Continued)","specs\Smoke\5-PresentedChecksSmoke.spec.ts","",""
"","4850","Validate Login functionality with incorrectPassword","chromium","Wed Sep 16 10:11:55 UTC 2026","passed","Wed Sep 16 10:11:59 UTC 2026","","specs\Smoke\1-LoginSmoke.spec.ts","",""
"","14596","Verify profile menu shows My Info and Logout links","webkit","Wed Sep 16 10:35:54 UTC 2026","passed","Wed Sep 16 10:36:09 UTC 2026","Home Dashboard","specs\Smoke\3-HomeDashboardSmoke.spec.ts","",""
"","11910","""View"" (Change Log) link on a row navigates to the entity log","chromium","Wed Sep 16 10:21:39 UTC 2026","passed","Wed Sep 16 10:21:51 UTC 2026","ACH — Smoke","specs\Smoke\7-ACHSmoke.spec.ts","",""
"","9966","Next page arrow advances to page 2","chromium","Wed Sep 16 10:16:53 UTC 2026","passed","Wed Sep 16 10:17:03 UTC 2026","Presented Checks — Smoke","specs\Smoke\5-PresentedChecksSmoke.spec.ts","",""
"","3970","Pre-Decisions page loads with either records or the empty-state message","chromium","Wed Sep 16 10:22:57 UTC 2026","passed","Wed Sep 16 10:23:01 UTC 2026","Exceptions — Smoke (Continued)","specs\Smoke\8-ExceptionsSmoke.spec.ts","",""
"","10097","Page size change to 10 updates pagination info in bottom-right pager","chromium","Wed Sep 16 10:16:14 UTC 2026","passed","Wed Sep 16 10:16:24 UTC 2026","Issued Checks — Smoke","specs\Smoke\4-IssuedChecksSmoke.spec.ts","",""
"","20115","Last page arrow jumps to the final page","webkit","Wed Sep 16 10:39:00 UTC 2026","passed","Wed Sep 16 10:39:20 UTC 2026","Issued Checks — Smoke","specs\Smoke\4-IssuedChecksSmoke.spec.ts","",""
"","34521","Pay/Return decision badge navigates to exception history","webkit","Wed Sep 16 10:49:48 UTC 2026","passed","Wed Sep 16 10:50:23 UTC 2026","ACH — Smoke","specs\Smoke\7-ACHSmoke.spec.ts","",""
"","15476","Page size change to 10 updates pagination info in bottom-right pager","firefox","Wed Sep 16 10:26:05 UTC 2026","passed","Wed Sep 16 10:26:20 UTC 2026","ACH — Smoke","specs\Smoke\7-ACHSmoke.spec.ts","",""
"","17421","Next page arrow advances to page 2","firefox","Wed Sep 16 10:20:40 UTC 2026","passed","Wed Sep 16 10:20:57 UTC 2026","Issued Checks — Smoke","specs\Smoke\4-IssuedChecksSmoke.spec.ts","",""
"","11120","Previous page button returns to page 1, First page button re-enables disabled state","chromium","Wed Sep 16 10:20:20 UTC 2026","passed","Wed Sep 16 10:20:31 UTC 2026","ACH — Smoke","specs\Smoke\7-ACHSmoke.spec.ts","",""
"","4544","Validate Login functionality with incorrectPassword","msedge","Wed Sep 16 10:12:11 UTC 2026","passed","Wed Sep 16 10:12:15 UTC 2026","","specs\Smoke\1-LoginSmoke.spec.ts","",""
"","14476","Default Decision Log sub-page loads correctly","webkit","Wed Sep 16 10:35:16 UTC 2026","passed","Wed Sep 16 10:35:30 UTC 2026","Application Navigation Smoke Tests","specs\Smoke\2-NavigationSmoke.spec.ts","",""
"","6301","Validate Login functionality with caseSensitiveEmail","msedge","Wed Sep 16 10:12:04 UTC 2026","passed","Wed Sep 16 10:12:11 UTC 2026","","specs\Smoke\1-LoginSmoke.spec.ts","",""
"","15851","Saved Filters dropdown is visible and defaults to no preset","firefox","Wed Sep 16 10:22:09 UTC 2026","passed","Wed Sep 16 10:22:25 UTC 2026","Presented Checks — Smoke","specs\Smoke\5-PresentedChecksSmoke.spec.ts","",""
"","29145","Automatic ACH Decision Rules sub-page loads correctly","webkit","Wed Sep 16 10:34:12 UTC 2026","passed","Wed Sep 16 10:34:41 UTC 2026","Application Navigation Smoke Tests","specs\Smoke\2-NavigationSmoke.spec.ts","",""
"","16731","""+ Add ACH"" navigates to the add-ACH form","firefox","Wed Sep 16 10:24:57 UTC 2026","passed","Wed Sep 16 10:25:14 UTC 2026","ACH — Smoke","specs\Smoke\7-ACHSmoke.spec.ts","",""
"","19469","""Uploaded Checks"" navigates to the uploads page","webkit","Wed Sep 16 10:38:24 UTC 2026","passed","Wed Sep 16 10:38:44 UTC 2026","Presented Checks — Smoke","specs\Smoke\5-PresentedChecksSmoke.spec.ts","",""
"","7195","Approvals page loads with either records or the empty-state message","firefox","Wed Sep 16 10:30:21 UTC 2026","passed","Wed Sep 16 10:30:28 UTC 2026","Exceptions — Smoke (Continued)","specs\Smoke\8-ExceptionsSmoke.spec.ts","",""
"","15946","""Uploaded ACH"" navigates to the uploads page","firefox","Wed Sep 16 10:25:14 UTC 2026","passed","Wed Sep 16 10:25:30 UTC 2026","ACH — Smoke","specs\Smoke\7-ACHSmoke.spec.ts","",""
"","13483","Validate session persists after page refresh","firefox","Wed Sep 16 10:14:37 UTC 2026","passed","Wed Sep 16 10:14:51 UTC 2026","","specs\Smoke\1-LoginSmoke.spec.ts","",""
"","9346","Verify dashboard footer footnote and privacy link are visible","firefox","Wed Sep 16 10:17:23 UTC 2026","passed","Wed Sep 16 10:17:32 UTC 2026","Home Dashboard","specs\Smoke\3-HomeDashboardSmoke.spec.ts","",""
"","7001","Navigation tabs to Pre-Decisions, Approvals, and Exception History are visible","chromium","Wed Sep 16 10:22:32 UTC 2026","passed","Wed Sep 16 10:22:39 UTC 2026","Exceptions — Smoke (Continued)","specs\Smoke\8-ExceptionsSmoke.spec.ts","",""
"","6369","Verify Total Exceptions and Total Exception Amount labels are visible","chromium","Wed Sep 16 10:14:05 UTC 2026","passed","Wed Sep 16 10:14:12 UTC 2026","Home Dashboard","specs\Smoke\3-HomeDashboardSmoke.spec.ts","",""
"","10515","Verify navigation to Exceptions via nav menu","firefox","Wed Sep 16 10:18:41 UTC 2026","passed","Wed Sep 16 10:18:52 UTC 2026","Home Dashboard","specs\Smoke\3-HomeDashboardSmoke.spec.ts","",""
"","4749","Validate Login functionality with incorrectUsername","msedge","Wed Sep 16 10:12:15 UTC 2026","passed","Wed Sep 16 10:12:20 UTC 2026","","specs\Smoke\1-LoginSmoke.spec.ts","",""
"","9015","Notification Templates sub-page loads correctly","msedge","Wed Sep 16 10:14:05 UTC 2026","passed","Wed Sep 16 10:14:14 UTC 2026","Application Navigation Smoke Tests","specs\Smoke\2-NavigationSmoke.spec.ts","",""
"","18026","""View"" (Change Log) link on a row navigates to the entity log","webkit","Wed Sep 16 10:43:16 UTC 2026","passed","Wed Sep 16 10:43:34 UTC 2026","Presented Checks — Smoke (Continued)","specs\Smoke\5-PresentedChecksSmoke.spec.ts","",""
"","19310","""Edit"" link on a row navigates to the check edit form","webkit","Wed Sep 16 10:42:56 UTC 2026","passed","Wed Sep 16 10:43:16 UTC 2026","Presented Checks — Smoke (Continued)","specs\Smoke\5-PresentedChecksSmoke.spec.ts","",""
"","9878","Typing a page number navigates to that page","chromium","Wed Sep 16 10:17:12 UTC 2026","passed","Wed Sep 16 10:17:22 UTC 2026","Presented Checks — Smoke","specs\Smoke\5-PresentedChecksSmoke.spec.ts","",""
"","11776","Validate Login functionality with correctCredentials","chromium","Wed Sep 16 10:11:36 UTC 2026","passed","Wed Sep 16 10:11:48 UTC 2026","","specs\Smoke\1-LoginSmoke.spec.ts","",""
"","10196","Clicking a column header sorts ascending, clicking again sorts descending","msedge","Wed Sep 16 10:18:51 UTC 2026","passed","Wed Sep 16 10:19:01 UTC 2026","Presented Checks — Smoke (Continued)","specs\Smoke\5-PresentedChecksSmoke.spec.ts","",""
"","23553","Default filter auto-applies after logout and re-login","chromium","Wed Sep 16 10:21:03 UTC 2026","passed","Wed Sep 16 10:21:26 UTC 2026","Exceptions — Default Filter (Serial)","specs\Smoke\8-ExceptionsSmoke.spec.ts","",""
"","10748","Default Decision Log sub-page loads correctly","firefox","Wed Sep 16 10:17:59 UTC 2026","passed","Wed Sep 16 10:18:09 UTC 2026","Application Navigation Smoke Tests","specs\Smoke\2-NavigationSmoke.spec.ts","",""
"","8162","Validate forgot password with unregistered email","webkit","Wed Sep 16 10:31:02 UTC 2026","passed","Wed Sep 16 10:31:10 UTC 2026","","specs\Smoke\1-LoginSmoke.spec.ts","",""
"","16969","Last page arrow jumps to the final page","firefox","Wed Sep 16 10:20:57 UTC 2026","passed","Wed Sep 16 10:21:14 UTC 2026","Issued Checks — Smoke","specs\Smoke\4-IssuedChecksSmoke.spec.ts","",""
"","6164","Roles/Permissions sub-page loads correctly","chromium","Wed Sep 16 10:12:46 UTC 2026","passed","Wed Sep 16 10:12:52 UTC 2026","Application Navigation Smoke Tests","specs\Smoke\2-NavigationSmoke.spec.ts","",""
"","11326","Typing a page number navigates to that page","msedge","Wed Sep 16 10:21:04 UTC 2026","passed","Wed Sep 16 10:21:16 UTC 2026","ACH — Smoke","specs\Smoke\7-ACHSmoke.spec.ts","",""
"","8357","Typing a page number navigates to that page","chromium","Wed Sep 16 10:16:45 UTC 2026","passed","Wed Sep 16 10:16:53 UTC 2026","Issued Checks — Smoke","specs\Smoke\4-IssuedChecksSmoke.spec.ts","",""
"","19278","Decision badge on an already-reviewed row is blocked with a system message","firefox","Wed Sep 16 10:29:03 UTC 2026","passed","Wed Sep 16 10:29:22 UTC 2026","Exceptions — Smoke (Continued)","specs\Smoke\8-ExceptionsSmoke.spec.ts","",""
"","19288","Notification Templates sub-page loads correctly","webkit","Wed Sep 16 10:32:50 UTC 2026","passed","Wed Sep 16 10:33:09 UTC 2026","Application Navigation Smoke Tests","specs\Smoke\2-NavigationSmoke.spec.ts","",""
"","9389","Exception History grid loads with data rows and key column headers","msedge","Wed Sep 16 10:20:06 UTC 2026","passed","Wed Sep 16 10:20:16 UTC 2026","Exceptions — Smoke","specs\Smoke\8-ExceptionsSmoke.spec.ts","",""
"","8813","""View"" (Change Log) link on a row navigates to the entity log","chromium","Wed Sep 16 10:18:22 UTC 2026","passed","Wed Sep 16 10:18:31 UTC 2026","Issued Checks — Smoke (Continued)","specs\Smoke\4-IssuedChecksSmoke.spec.ts","",""
"","19720","Verify tab-specific charts are hidden for opposite tab","webkit","Wed Sep 16 10:34:40 UTC 2026","passed","Wed Sep 16 10:35:00 UTC 2026","Home Dashboard","specs\Smoke\3-HomeDashboardSmoke.spec.ts","",""
"","11683","Column filter popup applies a filter and Clear restores the full row set","msedge","Wed Sep 16 10:18:33 UTC 2026","passed","Wed Sep 16 10:18:45 UTC 2026","Issued Checks — Smoke (Continued)","specs\Smoke\4-IssuedChecksSmoke.spec.ts","",""
"","5841","Validate Login functionality with incorrectUsername","chromium","Wed Sep 16 10:12:00 UTC 2026","passed","Wed Sep 16 10:12:05 UTC 2026","","specs\Smoke\1-LoginSmoke.spec.ts","",""
"","12160","Excel export button is visible and enabled","msedge","Wed Sep 16 10:16:48 UTC 2026","passed","Wed Sep 16 10:17:00 UTC 2026","Presented Checks — Smoke","specs\Smoke\5-PresentedChecksSmoke.spec.ts","",""
"","14528","Pay/Return decision badge navigates to exception history","chromium","Wed Sep 16 10:22:03 UTC 2026","passed","Wed Sep 16 10:22:18 UTC 2026","ACH — Smoke","specs\Smoke\7-ACHSmoke.spec.ts","",""
"","10272","Last page arrow jumps to the final page","chromium","Wed Sep 16 10:20:20 UTC 2026","passed","Wed Sep 16 10:20:30 UTC 2026","Exceptions — Smoke","specs\Smoke\8-ExceptionsSmoke.spec.ts","",""
"","15407","ACH page loads correctly","webkit","Wed Sep 16 10:29:48 UTC 2026","passed","Wed Sep 16 10:30:03 UTC 2026","Application Navigation Smoke Tests","specs\Smoke\2-NavigationSmoke.spec.ts","",""
"","4502","Validate forgot password functionality","msedge","Wed Sep 16 10:12:52 UTC 2026","passed","Wed Sep 16 10:12:56 UTC 2026","","specs\Smoke\1-LoginSmoke.spec.ts","",""
"","14226","Save a filter preset, verify it is auto-selected, then delete it","msedge","Wed Sep 16 10:21:49 UTC 2026","passed","Wed Sep 16 10:22:04 UTC 2026","ACH — Smoke","specs\Smoke\7-ACHSmoke.spec.ts","",""
"","20040","""View"" (Change Log) link on a row navigates to the entity log","webkit","Wed Sep 16 10:49:06 UTC 2026","passed","Wed Sep 16 10:49:26 UTC 2026","ACH — Smoke","specs\Smoke\7-ACHSmoke.spec.ts","",""
"","19823","Grid loads with data rows and key column headers","webkit","Wed Sep 16 10:37:46 UTC 2026","passed","Wed Sep 16 10:38:06 UTC 2026","Presented Checks — Smoke","specs\Smoke\5-PresentedChecksSmoke.spec.ts","",""
"","11057","""Edit"" link on a row navigates to the check edit form","msedge","Wed Sep 16 10:19:13 UTC 2026","passed","Wed Sep 16 10:19:24 UTC 2026","Presented Checks — Smoke (Continued)","specs\Smoke\5-PresentedChecksSmoke.spec.ts","",""
"","16005","""View"" (Change Log) link on a row navigates to the entity log","firefox","Wed Sep 16 10:23:39 UTC 2026","passed","Wed Sep 16 10:23:55 UTC 2026","Issued Checks — Smoke (Continued)","specs\Smoke\4-IssuedChecksSmoke.spec.ts","",""
"","19775","""+ Add Check"" navigates to the add-check form","webkit","Wed Sep 16 10:37:00 UTC 2026","passed","Wed Sep 16 10:37:19 UTC 2026","Issued Checks — Smoke","specs\Smoke\4-IssuedChecksSmoke.spec.ts","",""
"","9707","Decision Files sub-page loads correctly","msedge","Wed Sep 16 10:13:40 UTC 2026","passed","Wed Sep 16 10:13:50 UTC 2026","Application Navigation Smoke Tests","specs\Smoke\2-NavigationSmoke.spec.ts","",""
"","14594","""View"" (Change Log) link on a row navigates to the entity log","msedge","Wed Sep 16 10:19:24 UTC 2026","passed","Wed Sep 16 10:19:39 UTC 2026","Presented Checks — Smoke (Continued)","specs\Smoke\5-PresentedChecksSmoke.spec.ts","",""
"","14263","Issued Checks page loads correctly","firefox","Wed Sep 16 10:12:58 UTC 2026","passed","Wed Sep 16 10:13:12 UTC 2026","Application Navigation Smoke Tests","specs\Smoke\2-NavigationSmoke.spec.ts","",""
"","12152","Column filter popup applies a filter and Clear restores the full row set","msedge","Wed Sep 16 10:22:15 UTC 2026","passed","Wed Sep 16 10:22:27 UTC 2026","ACH — Smoke","specs\Smoke\7-ACHSmoke.spec.ts","",""
"","6930","Issued Checks page loads correctly","chromium","Wed Sep 16 10:11:48 UTC 2026","passed","Wed Sep 16 10:11:55 UTC 2026","Application Navigation Smoke Tests","specs\Smoke\2-NavigationSmoke.spec.ts","",""
"","17580","Presented Checks breadcrumb link is visible on the page","webkit","Wed Sep 16 10:44:12 UTC 2026","passed","Wed Sep 16 10:44:30 UTC 2026","Presented Checks — Smoke (Continued)","specs\Smoke\5-PresentedChecksSmoke.spec.ts","",""
"","13040","Grid View toggle navigates to the open-exceptions grid and shows key column headers","webkit","Wed Sep 16 10:50:49 UTC 2026","passed","Wed Sep 16 10:51:02 UTC 2026","Exceptions — Smoke (Continued)","specs\Smoke\8-ExceptionsSmoke.spec.ts","",""
"","9537","Validate Login functionality with invalidEmailFormat","webkit","Wed Sep 16 10:29:34 UTC 2026","passed","Wed Sep 16 10:29:43 UTC 2026","","specs\Smoke\1-LoginSmoke.spec.ts","",""
"","21376","Previous page button returns to page 1, First page button re-enables disabled state","firefox","Wed Sep 16 10:26:53 UTC 2026","passed","Wed Sep 16 10:27:14 UTC 2026","Exceptions — Smoke","specs\Smoke\8-ExceptionsSmoke.spec.ts","",""
"","12606","Verify navigation to Issued Checks via nav menu","firefox","Wed Sep 16 10:18:04 UTC 2026","passed","Wed Sep 16 10:18:16 UTC 2026","Home Dashboard","specs\Smoke\3-HomeDashboardSmoke.spec.ts","",""
"","8989","Verify navigation to Settings via nav menu","msedge","Wed Sep 16 10:15:47 UTC 2026","passed","Wed Sep 16 10:15:56 UTC 2026","Home Dashboard","specs\Smoke\3-HomeDashboardSmoke.spec.ts","",""
"","9061","Validate Login functionality with incorrectPassword","webkit","Wed Sep 16 10:29:15 UTC 2026","passed","Wed Sep 16 10:29:24 UTC 2026","","specs\Smoke\1-LoginSmoke.spec.ts","",""
"","7645","Branding sub-page loads correctly","chromium","Wed Sep 16 10:12:52 UTC 2026","passed","Wed Sep 16 10:13:00 UTC 2026","Application Navigation Smoke Tests","specs\Smoke\2-NavigationSmoke.spec.ts","",""
"","3972","Validate Login functionality with invalidEmailFormat","msedge","Wed Sep 16 10:12:20 UTC 2026","passed","Wed Sep 16 10:12:24 UTC 2026","","specs\Smoke\1-LoginSmoke.spec.ts","",""
"","18931","Saved Filters dropdown is visible and defaults to no preset","webkit","Wed Sep 16 10:40:04 UTC 2026","passed","Wed Sep 16 10:40:23 UTC 2026","Issued Checks — Smoke","specs\Smoke\4-IssuedChecksSmoke.spec.ts","",""
"","11088","Last page arrow jumps to the final page","msedge","Wed Sep 16 10:21:05 UTC 2026","passed","Wed Sep 16 10:21:16 UTC 2026","Exceptions — Smoke","specs\Smoke\8-ExceptionsSmoke.spec.ts","",""
"","14338","Decision badge on an already-reviewed row is blocked with a system message","msedge","Wed Sep 16 10:22:47 UTC 2026","passed","Wed Sep 16 10:23:01 UTC 2026","Exceptions — Smoke (Continued)","specs\Smoke\8-ExceptionsSmoke.spec.ts","",""
"","15271","Default filter auto-applies after logout and re-login","firefox","Wed Sep 16 10:22:05 UTC 2026","skipped","Wed Sep 16 10:22:21 UTC 2026","Issued Checks — Default Filter (Serial)","specs\Smoke\4-IssuedChecksSmoke.spec.ts","",""
"","6745","Page size change to 10 updates pagination info in bottom-right pager","chromium","Wed Sep 16 10:19:46 UTC 2026","passed","Wed Sep 16 10:19:52 UTC 2026","ACH — Smoke","specs\Smoke\7-ACHSmoke.spec.ts","",""
"","6873","File Formats sub-page loads correctly","chromium","Wed Sep 16 10:13:23 UTC 2026","passed","Wed Sep 16 10:13:30 UTC 2026","Application Navigation Smoke Tests","specs\Smoke\2-NavigationSmoke.spec.ts","",""
"","17436","Default filter auto-applies after logout and re-login","webkit","Wed Sep 16 10:40:23 UTC 2026","skipped","Wed Sep 16 10:40:41 UTC 2026","Issued Checks — Default Filter (Serial)","specs\Smoke\4-IssuedChecksSmoke.spec.ts","",""
"","12837","Next page arrow advances to page 2","msedge","Wed Sep 16 10:20:40 UTC 2026","passed","Wed Sep 16 10:20:53 UTC 2026","ACH — Smoke","specs\Smoke\7-ACHSmoke.spec.ts","",""
"","9447","Default Decision Log sub-page loads correctly","chromium","Wed Sep 16 10:14:25 UTC 2026","passed","Wed Sep 16 10:14:34 UTC 2026","Application Navigation Smoke Tests","specs\Smoke\2-NavigationSmoke.spec.ts","",""
"","11220","Verify navigation to Presented Checks via nav menu","chromium","Wed Sep 16 10:15:11 UTC 2026","passed","Wed Sep 16 10:15:22 UTC 2026","Home Dashboard","specs\Smoke\3-HomeDashboardSmoke.spec.ts","",""
"","8589","Last page arrow jumps to the final page","chromium","Wed Sep 16 10:17:03 UTC 2026","passed","Wed Sep 16 10:17:12 UTC 2026","Presented Checks — Smoke","specs\Smoke\5-PresentedChecksSmoke.spec.ts","",""
"","14587","Verify tab-specific charts are hidden for opposite tab","firefox","Wed Sep 16 10:16:32 UTC 2026","passed","Wed Sep 16 10:16:47 UTC 2026","Home Dashboard","specs\Smoke\3-HomeDashboardSmoke.spec.ts","",""
"","6637","Validate Login functionality with caseSensitiveEmail","chromium","Wed Sep 16 10:11:48 UTC 2026","passed","Wed Sep 16 10:11:55 UTC 2026","","specs\Smoke\1-LoginSmoke.spec.ts","",""
"","16885","Default filter auto-applies after logout and re-login","webkit","Wed Sep 16 10:41:21 UTC 2026","skipped","Wed Sep 16 10:41:38 UTC 2026","Presented Checks — Default Filter (Serial)","specs\Smoke\5-PresentedChecksSmoke.spec.ts","",""
"","9822","Search box filters grid and clears correctly","chromium","Wed Sep 16 10:16:26 UTC 2026","passed","Wed Sep 16 10:16:36 UTC 2026","Presented Checks — Smoke","specs\Smoke\5-PresentedChecksSmoke.spec.ts","",""
"","13014","Verify all three dashboard view tabs are visible","webkit","Wed Sep 16 10:31:51 UTC 2026","passed","Wed Sep 16 10:32:04 UTC 2026","Home Dashboard","specs\Smoke\3-HomeDashboardSmoke.spec.ts","",""
"","11999","Column filter popup applies a filter and Clear restores the full row set","msedge","Wed Sep 16 10:19:01 UTC 2026","passed","Wed Sep 16 10:19:13 UTC 2026","Presented Checks — Smoke (Continued)","specs\Smoke\5-PresentedChecksSmoke.spec.ts","",""
"","8808","Validate Login functionality with emptyFields","webkit","Wed Sep 16 10:29:43 UTC 2026","passed","Wed Sep 16 10:29:52 UTC 2026","","specs\Smoke\1-LoginSmoke.spec.ts","",""
"","26154","Previous page button returns to page 1, First page button re-enables disabled state","webkit","Wed Sep 16 10:46:49 UTC 2026","passed","Wed Sep 16 10:47:15 UTC 2026","Exceptions — Smoke","specs\Smoke\8-ExceptionsSmoke.spec.ts","",""
"","8093","Presented Checks breadcrumb link is visible on the page","chromium","Wed Sep 16 10:19:19 UTC 2026","passed","Wed Sep 16 10:19:28 UTC 2026","Presented Checks — Smoke (Continued)","specs\Smoke\5-PresentedChecksSmoke.spec.ts","",""
"","9728","Approvals page loads with either records or the empty-state message","webkit","Wed Sep 16 10:51:02 UTC 2026","passed","Wed Sep 16 10:51:12 UTC 2026","Exceptions — Smoke (Continued)","specs\Smoke\8-ExceptionsSmoke.spec.ts","",""
"","16856","Decision Files sub-page loads correctly","webkit","Wed Sep 16 10:32:07 UTC 2026","passed","Wed Sep 16 10:32:23 UTC 2026","Application Navigation Smoke Tests","specs\Smoke\2-NavigationSmoke.spec.ts","",""
"","13969","Validate teller presented-check form shows all required fields","firefox","Wed Sep 16 10:24:27 UTC 2026","passed","Wed Sep 16 10:24:41 UTC 2026","Teller - Smoke","specs\Smoke\6-TellerSmoke.spec.ts","",""
"","14684","Account Settings sub-page loads correctly","webkit","Wed Sep 16 10:30:33 UTC 2026","passed","Wed Sep 16 10:30:48 UTC 2026","Application Navigation Smoke Tests","specs\Smoke\2-NavigationSmoke.spec.ts","",""
"","10160","""Delete"" on a row shows a confirm modal; Cancel dismisses it without deleting","msedge","Wed Sep 16 10:22:37 UTC 2026","passed","Wed Sep 16 10:22:47 UTC 2026","ACH — Smoke","specs\Smoke\7-ACHSmoke.spec.ts","",""
"","25427","Previous page button returns to page 1, First page button re-enables disabled state","webkit","Wed Sep 16 10:39:39 UTC 2026","passed","Wed Sep 16 10:40:04 UTC 2026","Issued Checks — Smoke","specs\Smoke\4-IssuedChecksSmoke.spec.ts","",""
"","15707","""Delete"" on a row shows a confirm modal; Cancel dismisses it without deleting","firefox","Wed Sep 16 10:23:55 UTC 2026","passed","Wed Sep 16 10:24:11 UTC 2026","Issued Checks — Smoke (Continued)","specs\Smoke\4-IssuedChecksSmoke.spec.ts","",""
"","16779","Search box filters grid and clears correctly","firefox","Wed Sep 16 10:19:50 UTC 2026","passed","Wed Sep 16 10:20:07 UTC 2026","Issued Checks — Smoke","specs\Smoke\4-IssuedChecksSmoke.spec.ts","",""
"","29031","Verify ACH Only tab shows ACH-specific chart sections","webkit","Wed Sep 16 10:33:06 UTC 2026","passed","Wed Sep 16 10:33:35 UTC 2026","Home Dashboard","specs\Smoke\3-HomeDashboardSmoke.spec.ts","",""
"","9523","Decision Files sub-page loads correctly","firefox","Wed Sep 16 10:16:00 UTC 2026","passed","Wed Sep 16 10:16:10 UTC 2026","Application Navigation Smoke Tests","specs\Smoke\2-NavigationSmoke.spec.ts","",""
"","5712","Validate Login functionality with invalidEmailFormat","firefox","Wed Sep 16 10:13:28 UTC 2026","passed","Wed Sep 16 10:13:33 UTC 2026","","specs\Smoke\1-LoginSmoke.spec.ts","",""
"","6914","Users sub-page loads correctly","chromium","Wed Sep 16 10:12:39 UTC 2026","passed","Wed Sep 16 10:12:46 UTC 2026","Application Navigation Smoke Tests","specs\Smoke\2-NavigationSmoke.spec.ts","",""
"","21804","Clicking a column header sorts ascending, clicking again sorts descending","webkit","Wed Sep 16 10:48:16 UTC 2026","passed","Wed Sep 16 10:48:38 UTC 2026","Exceptions — Smoke (Continued)","specs\Smoke\8-ExceptionsSmoke.spec.ts","",""
"","8969","Default filter auto-applies after logout and re-login","firefox","Wed Sep 16 10:27:29 UTC 2026","skipped","Wed Sep 16 10:27:38 UTC 2026","Exceptions — Default Filter (Serial)","specs\Smoke\8-ExceptionsSmoke.spec.ts","",""
"","17922","""Edit"" link on a row navigates to the check edit form","webkit","Wed Sep 16 10:42:00 UTC 2026","passed","Wed Sep 16 10:42:18 UTC 2026","Issued Checks — Smoke (Continued)","specs\Smoke\4-IssuedChecksSmoke.spec.ts","",""
"","19203","Typing a page number navigates to that page","webkit","Wed Sep 16 10:40:19 UTC 2026","passed","Wed Sep 16 10:40:38 UTC 2026","Presented Checks — Smoke","specs\Smoke\5-PresentedChecksSmoke.spec.ts","",""
"","19625","Excel export button is visible and enabled","webkit","Wed Sep 16 10:44:51 UTC 2026","passed","Wed Sep 16 10:45:11 UTC 2026","ACH — Smoke","specs\Smoke\7-ACHSmoke.spec.ts","",""
"","9987","Excel export button is visible and enabled","msedge","Wed Sep 16 10:20:28 UTC 2026","passed","Wed Sep 16 10:20:38 UTC 2026","Exceptions — Smoke","specs\Smoke\8-ExceptionsSmoke.spec.ts","",""
"","14321","Verify dashboard footer footnote and privacy link are visible","webkit","Wed Sep 16 10:35:40 UTC 2026","passed","Wed Sep 16 10:35:54 UTC 2026","Home Dashboard","specs\Smoke\3-HomeDashboardSmoke.spec.ts","",""
"","5507","Exceptions breadcrumb link is visible on the page","chromium","Wed Sep 16 10:22:27 UTC 2026","passed","Wed Sep 16 10:22:32 UTC 2026","Exceptions — Smoke (Continued)","specs\Smoke\8-ExceptionsSmoke.spec.ts","",""
"","4825","Validate Login functionality with xssInUsername","chromium","Wed Sep 16 10:12:27 UTC 2026","passed","Wed Sep 16 10:12:32 UTC 2026","","specs\Smoke\1-LoginSmoke.spec.ts","",""
"","11681","Validate Login functionality with correctCredentials","msedge","Wed Sep 16 10:11:52 UTC 2026","passed","Wed Sep 16 10:12:04 UTC 2026","","specs\Smoke\1-LoginSmoke.spec.ts","",""
"","15740","Page size change to 10 updates pagination info in bottom-right pager","firefox","Wed Sep 16 10:20:45 UTC 2026","passed","Wed Sep 16 10:21:00 UTC 2026","Presented Checks — Smoke","specs\Smoke\5-PresentedChecksSmoke.spec.ts","",""
"","14108","Verify navigation to Issued Checks via nav menu","webkit","Wed Sep 16 10:36:26 UTC 2026","passed","Wed Sep 16 10:36:40 UTC 2026","Home Dashboard","specs\Smoke\3-HomeDashboardSmoke.spec.ts","",""
"","8907","""Delete"" on a row shows a confirm modal; Cancel dismisses it without deleting","chromium","Wed Sep 16 10:19:03 UTC 2026","passed","Wed Sep 16 10:19:12 UTC 2026","Presented Checks — Smoke (Continued)","specs\Smoke\5-PresentedChecksSmoke.spec.ts","",""
"","14307","Teller page loads correctly","webkit","Wed Sep 16 10:29:34 UTC 2026","passed","Wed Sep 16 10:29:48 UTC 2026","Application Navigation Smoke Tests","specs\Smoke\2-NavigationSmoke.spec.ts","",""
"","7696","Exceptions page loads correctly","chromium","Wed Sep 16 10:12:14 UTC 2026","passed","Wed Sep 16 10:12:22 UTC 2026","Application Navigation Smoke Tests","specs\Smoke\2-NavigationSmoke.spec.ts","",""
"","12864","Save a filter preset, verify it is auto-selected, then delete it","chromium","Wed Sep 16 10:17:35 UTC 2026","passed","Wed Sep 16 10:17:47 UTC 2026","Issued Checks — Smoke (Continued)","specs\Smoke\4-IssuedChecksSmoke.spec.ts","",""
"","17080","Typing a page number navigates to that page","firefox","Wed Sep 16 10:21:32 UTC 2026","passed","Wed Sep 16 10:21:49 UTC 2026","Presented Checks — Smoke","specs\Smoke\5-PresentedChecksSmoke.spec.ts","",""
"","13801","Grid View toggle navigates to the open-exceptions grid and shows key column headers","firefox","Wed Sep 16 10:30:07 UTC 2026","passed","Wed Sep 16 10:30:21 UTC 2026","Exceptions — Smoke (Continued)","specs\Smoke\8-ExceptionsSmoke.spec.ts","",""
"","13030","""Uploaded Checks"" navigates to the uploads page","chromium","Wed Sep 16 10:15:35 UTC 2026","passed","Wed Sep 16 10:15:48 UTC 2026","Issued Checks — Smoke","specs\Smoke\4-IssuedChecksSmoke.spec.ts","",""
"","7696","Verify summary KPI values have expected number formats","chromium","Wed Sep 16 10:14:12 UTC 2026","passed","Wed Sep 16 10:14:19 UTC 2026","Home Dashboard","specs\Smoke\3-HomeDashboardSmoke.spec.ts","",""
"","14479","Saved Filters dropdown is visible and defaults to no preset","msedge","Wed Sep 16 10:17:42 UTC 2026","passed","Wed Sep 16 10:17:57 UTC 2026","Issued Checks — Smoke","specs\Smoke\4-IssuedChecksSmoke.spec.ts","",""
"","8848","Grid loads with data rows and key column headers","chromium","Wed Sep 16 10:19:03 UTC 2026","passed","Wed Sep 16 10:19:12 UTC 2026","ACH — Smoke","specs\Smoke\7-ACHSmoke.spec.ts","",""
"","12919","Verify Total Exceptions and Total Exception Amount labels are visible","webkit","Wed Sep 16 10:35:00 UTC 2026","passed","Wed Sep 16 10:35:13 UTC 2026","Home Dashboard","specs\Smoke\3-HomeDashboardSmoke.spec.ts","",""
"","3989","Validate Login functionality with xssInUsername","msedge","Wed Sep 16 10:12:43 UTC 2026","passed","Wed Sep 16 10:12:47 UTC 2026","","specs\Smoke\1-LoginSmoke.spec.ts","",""
"","15970","ACH breadcrumb link is visible on the page","firefox","Wed Sep 16 10:29:59 UTC 2026","passed","Wed Sep 16 10:30:15 UTC 2026","ACH — Smoke","specs\Smoke\7-ACHSmoke.spec.ts","",""
"","20004","Search box filters grid and clears correctly","webkit","Wed Sep 16 10:38:44 UTC 2026","passed","Wed Sep 16 10:39:04 UTC 2026","Presented Checks — Smoke","specs\Smoke\5-PresentedChecksSmoke.spec.ts","",""
"","29571","Save a filter preset, verify it is auto-selected, then delete it","webkit","Wed Sep 16 10:47:46 UTC 2026","passed","Wed Sep 16 10:48:16 UTC 2026","Exceptions — Smoke (Continued)","specs\Smoke\8-ExceptionsSmoke.spec.ts","",""
"","15523","Presented Checks breadcrumb link is visible on the page","firefox","Wed Sep 16 10:24:42 UTC 2026","passed","Wed Sep 16 10:24:57 UTC 2026","Presented Checks — Smoke (Continued)","specs\Smoke\5-PresentedChecksSmoke.spec.ts","",""
"","5561","Account Settings sub-page loads correctly","chromium","Wed Sep 16 10:12:28 UTC 2026","passed","Wed Sep 16 10:12:33 UTC 2026","Application Navigation Smoke Tests","specs\Smoke\2-NavigationSmoke.spec.ts","",""
"","6652","Verify profile menu shows My Info and Logout links","msedge","Wed Sep 16 10:14:47 UTC 2026","passed","Wed Sep 16 10:14:54 UTC 2026","Home Dashboard","specs\Smoke\3-HomeDashboardSmoke.spec.ts","",""
"","9179","Verify Home dashboard is restored after returning from another page","msedge","Wed Sep 16 10:14:54 UTC 2026","passed","Wed Sep 16 10:15:03 UTC 2026","Home Dashboard","specs\Smoke\3-HomeDashboardSmoke.spec.ts","",""
"","13861","Previous page button returns to page 1, First page button re-enables disabled state","msedge","Wed Sep 16 10:17:56 UTC 2026","passed","Wed Sep 16 10:18:10 UTC 2026","Presented Checks — Smoke","specs\Smoke\5-PresentedChecksSmoke.spec.ts","",""
"","7486","ACH page loads correctly","chromium","Wed Sep 16 10:12:06 UTC 2026","passed","Wed Sep 16 10:12:14 UTC 2026","Application Navigation Smoke Tests","specs\Smoke\2-NavigationSmoke.spec.ts","",""
"","13476","Default filter auto-applies after logout and re-login","webkit","Wed Sep 16 10:47:33 UTC 2026","skipped","Wed Sep 16 10:47:46 UTC 2026","Exceptions — Default Filter (Serial)","specs\Smoke\8-ExceptionsSmoke.spec.ts","",""
"","14260","Default filter auto-applies after logout and re-login","firefox","Wed Sep 16 10:22:25 UTC 2026","skipped","Wed Sep 16 10:22:39 UTC 2026","Presented Checks — Default Filter (Serial)","specs\Smoke\5-PresentedChecksSmoke.spec.ts","",""
"","11982","Account Settings sub-page loads correctly","firefox","Wed Sep 16 10:14:22 UTC 2026","passed","Wed Sep 16 10:14:34 UTC 2026","Application Navigation Smoke Tests","specs\Smoke\2-NavigationSmoke.spec.ts","",""
"","10434","Verify navigation to Exceptions via nav menu","chromium","Wed Sep 16 10:15:32 UTC 2026","passed","Wed Sep 16 10:15:43 UTC 2026","Home Dashboard","specs\Smoke\3-HomeDashboardSmoke.spec.ts","",""
"","8515","Excel export button is visible and enabled","chromium","Wed Sep 16 10:19:37 UTC 2026","passed","Wed Sep 16 10:19:46 UTC 2026","ACH — Smoke","specs\Smoke\7-ACHSmoke.spec.ts","",""
"","4206","Validate Login functionality with missingPassword","msedge","Wed Sep 16 10:12:29 UTC 2026","passed","Wed Sep 16 10:12:33 UTC 2026","","specs\Smoke\1-LoginSmoke.spec.ts","",""
"","18930","Page size change to 10 updates pagination info in bottom-right pager","webkit","Wed Sep 16 10:45:29 UTC 2026","passed","Wed Sep 16 10:45:48 UTC 2026","Exceptions — Smoke","specs\Smoke\8-ExceptionsSmoke.spec.ts","",""
"","11128","Validate Login functionality with missingUsername","webkit","Wed Sep 16 10:30:03 UTC 2026","passed","Wed Sep 16 10:30:15 UTC 2026","","specs\Smoke\1-LoginSmoke.spec.ts","",""
"","5230","Approvals page loads with either records or the empty-state message","msedge","Wed Sep 16 10:23:34 UTC 2026","passed","Wed Sep 16 10:23:39 UTC 2026","Exceptions — Smoke (Continued)","specs\Smoke\8-ExceptionsSmoke.spec.ts","",""
"","8120","System Log sub-page loads correctly","chromium","Wed Sep 16 10:14:34 UTC 2026","passed","Wed Sep 16 10:14:43 UTC 2026","Application Navigation Smoke Tests","specs\Smoke\2-NavigationSmoke.spec.ts","",""
"","27327","""View"" link on a row opens the Exception Details dialog","webkit","Wed Sep 16 10:49:05 UTC 2026","passed","Wed Sep 16 10:49:33 UTC 2026","Exceptions — Smoke (Continued)","specs\Smoke\8-ExceptionsSmoke.spec.ts","",""
"","12651","Grid loads with data rows and key column headers","chromium","Wed Sep 16 10:15:51 UTC 2026","passed","Wed Sep 16 10:16:03 UTC 2026","Presented Checks — Smoke","specs\Smoke\5-PresentedChecksSmoke.spec.ts","",""
"","27372","Save a filter preset, verify it is auto-selected, then delete it","firefox","Wed Sep 16 10:22:39 UTC 2026","passed","Wed Sep 16 10:23:06 UTC 2026","Presented Checks — Smoke (Continued)","specs\Smoke\5-PresentedChecksSmoke.spec.ts","",""
"","12244","Previous page button returns to page 1, First page button re-enables disabled state","chromium","Wed Sep 16 10:17:22 UTC 2026","passed","Wed Sep 16 10:17:34 UTC 2026","Presented Checks — Smoke","specs\Smoke\5-PresentedChecksSmoke.spec.ts","",""
"","16680","Navigation tabs to Pre-Decisions, Approvals, and Exception History are visible","webkit","Wed Sep 16 10:50:20 UTC 2026","passed","Wed Sep 16 10:50:36 UTC 2026","Exceptions — Smoke (Continued)","specs\Smoke\8-ExceptionsSmoke.spec.ts","",""
"","17230","Excel export button is visible and enabled","firefox","Wed Sep 16 10:20:27 UTC 2026","passed","Wed Sep 16 10:20:45 UTC 2026","Presented Checks — Smoke","specs\Smoke\5-PresentedChecksSmoke.spec.ts","",""
"","9694","Pre-Decisions page loads with either records or the empty-state message","webkit","Wed Sep 16 10:51:12 UTC 2026","passed","Wed Sep 16 10:51:21 UTC 2026","Exceptions — Smoke (Continued)","specs\Smoke\8-ExceptionsSmoke.spec.ts","",""
"","10002","Validate Login functionality with incorrectUsername","webkit","Wed Sep 16 10:29:24 UTC 2026","passed","Wed Sep 16 10:29:34 UTC 2026","","specs\Smoke\1-LoginSmoke.spec.ts","",""
"","10040","Excel export button is visible and enabled","chromium","Wed Sep 16 10:16:04 UTC 2026","passed","Wed Sep 16 10:16:14 UTC 2026","Issued Checks — Smoke","specs\Smoke\4-IssuedChecksSmoke.spec.ts","",""
"","9546","Verify navigation to Settings via nav menu","firefox","Wed Sep 16 10:18:52 UTC 2026","passed","Wed Sep 16 10:19:01 UTC 2026","Home Dashboard","specs\Smoke\3-HomeDashboardSmoke.spec.ts","",""
"","22752","Default filter auto-applies after logout and re-login","chromium","Wed Sep 16 10:17:43 UTC 2026","passed","Wed Sep 16 10:18:06 UTC 2026","Presented Checks — Default Filter (Serial)","specs\Smoke\5-PresentedChecksSmoke.spec.ts","",""
"","14542","Settings page loads correctly","webkit","Wed Sep 16 10:30:18 UTC 2026","passed","Wed Sep 16 10:30:33 UTC 2026","Application Navigation Smoke Tests","specs\Smoke\2-NavigationSmoke.spec.ts","",""
"","16755","Verify Home dashboard is restored after returning from another page","webkit","Wed Sep 16 10:36:09 UTC 2026","passed","Wed Sep 16 10:36:26 UTC 2026","Home Dashboard","specs\Smoke\3-HomeDashboardSmoke.spec.ts","",""
"","18675","Saved Filters dropdown is visible and defaults to no preset","webkit","Wed Sep 16 10:46:59 UTC 2026","passed","Wed Sep 16 10:47:17 UTC 2026","ACH — Smoke","specs\Smoke\7-ACHSmoke.spec.ts","",""
"","11258","Verify delayed data note and force refresh link are visible on dashboard","firefox","Wed Sep 16 10:17:12 UTC 2026","passed","Wed Sep 16 10:17:23 UTC 2026","Home Dashboard","specs\Smoke\3-HomeDashboardSmoke.spec.ts","",""
"","12914","File Formats sub-page loads correctly","firefox","Wed Sep 16 10:16:19 UTC 2026","passed","Wed Sep 16 10:16:32 UTC 2026","Application Navigation Smoke Tests","specs\Smoke\2-NavigationSmoke.spec.ts","",""
"","8944","Verify navigation to Exceptions via nav menu","msedge","Wed Sep 16 10:15:38 UTC 2026","passed","Wed Sep 16 10:15:47 UTC 2026","Home Dashboard","specs\Smoke\3-HomeDashboardSmoke.spec.ts","",""
"","21711","Column filter popup applies a filter and Clear restores the full row set","firefox","Wed Sep 16 10:28:39 UTC 2026","passed","Wed Sep 16 10:29:01 UTC 2026","ACH — Smoke","specs\Smoke\7-ACHSmoke.spec.ts","",""
"","9766","Verify dashboard tab checked state updates correctly","msedge","Wed Sep 16 10:13:54 UTC 2026","passed","Wed Sep 16 10:14:04 UTC 2026","Home Dashboard","specs\Smoke\3-HomeDashboardSmoke.spec.ts","",""
"","9260","Verify chart title changes with selected tab","chromium","Wed Sep 16 10:13:47 UTC 2026","passed","Wed Sep 16 10:13:56 UTC 2026","Home Dashboard","specs\Smoke\3-HomeDashboardSmoke.spec.ts","",""
"","9574","Page size change to 10 updates pagination info in bottom-right pager","chromium","Wed Sep 16 10:20:01 UTC 2026","passed","Wed Sep 16 10:20:11 UTC 2026","Exceptions — Smoke","specs\Smoke\8-ExceptionsSmoke.spec.ts","",""
"","14933","""Edit"" link on a row navigates to the check edit form","firefox","Wed Sep 16 10:23:24 UTC 2026","passed","Wed Sep 16 10:23:39 UTC 2026","Issued Checks — Smoke (Continued)","specs\Smoke\4-IssuedChecksSmoke.spec.ts","",""
"","20189","Last page arrow jumps to the final page","webkit","Wed Sep 16 10:45:50 UTC 2026","passed","Wed Sep 16 10:46:10 UTC 2026","ACH — Smoke","specs\Smoke\7-ACHSmoke.spec.ts","",""
"","10651","Previous page button returns to page 1, First page button re-enables disabled state","chromium","Wed Sep 16 10:16:53 UTC 2026","passed","Wed Sep 16 10:17:04 UTC 2026","Issued Checks — Smoke","specs\Smoke\4-IssuedChecksSmoke.spec.ts","",""
"","10970","Exceptions page loads correctly","firefox","Wed Sep 16 10:13:57 UTC 2026","passed","Wed Sep 16 10:14:08 UTC 2026","Application Navigation Smoke Tests","specs\Smoke\2-NavigationSmoke.spec.ts","",""
"","9120","Validate Login functionality with veryLongInput","webkit","Wed Sep 16 10:30:33 UTC 2026","passed","Wed Sep 16 10:30:42 UTC 2026","","specs\Smoke\1-LoginSmoke.spec.ts","",""
"","8848","Validate forgot password functionality with No email","firefox","Wed Sep 16 10:14:22 UTC 2026","passed","Wed Sep 16 10:14:31 UTC 2026","","specs\Smoke\1-LoginSmoke.spec.ts","",""
"","11174","Verify profile menu shows My Info and Logout links","chromium","Wed Sep 16 10:14:39 UTC 2026","passed","Wed Sep 16 10:14:50 UTC 2026","Home Dashboard","specs\Smoke\3-HomeDashboardSmoke.spec.ts","",""
"","21841","""Delete"" on a row shows a confirm modal; Cancel dismisses it without deleting","webkit","Wed Sep 16 10:49:26 UTC 2026","passed","Wed Sep 16 10:49:48 UTC 2026","ACH — Smoke","specs\Smoke\7-ACHSmoke.spec.ts","",""
"","11495","Notification Log sub-page loads correctly","chromium","Wed Sep 16 10:14:13 UTC 2026","passed","Wed Sep 16 10:14:25 UTC 2026","Application Navigation Smoke Tests","specs\Smoke\2-NavigationSmoke.spec.ts","",""
"","17799","Roles/Permissions sub-page loads correctly","firefox","Wed Sep 16 10:15:16 UTC 2026","passed","Wed Sep 16 10:15:33 UTC 2026","Application Navigation Smoke Tests","specs\Smoke\2-NavigationSmoke.spec.ts","",""
"","6688","Verify ACH Only tab shows ACH-specific chart sections","msedge","Wed Sep 16 10:13:47 UTC 2026","passed","Wed Sep 16 10:13:54 UTC 2026","Home Dashboard","specs\Smoke\3-HomeDashboardSmoke.spec.ts","",""
"","13787","Holiday Schedules sub-page loads correctly","webkit","Wed Sep 16 10:32:23 UTC 2026","passed","Wed Sep 16 10:32:37 UTC 2026","Application Navigation Smoke Tests","specs\Smoke\2-NavigationSmoke.spec.ts","",""
"","7506","Verify Total Exceptions and Total Exception Amount labels are visible","msedge","Wed Sep 16 10:14:21 UTC 2026","passed","Wed Sep 16 10:14:28 UTC 2026","Home Dashboard","specs\Smoke\3-HomeDashboardSmoke.spec.ts","",""
"","22125","Default filter auto-applies after logout and re-login","chromium","Wed Sep 16 10:17:12 UTC 2026","passed","Wed Sep 16 10:17:34 UTC 2026","Issued Checks — Default Filter (Serial)","specs\Smoke\4-IssuedChecksSmoke.spec.ts","",""
"","8165","Validate Login functionality with missingPassword","firefox","Wed Sep 16 10:13:39 UTC 2026","passed","Wed Sep 16 10:13:47 UTC 2026","","specs\Smoke\1-LoginSmoke.spec.ts","",""
"","9040","Default filter auto-applies after logout and re-login","msedge","Wed Sep 16 10:21:40 UTC 2026","skipped","Wed Sep 16 10:21:49 UTC 2026","ACH — Smoke","specs\Smoke\7-ACHSmoke.spec.ts","",""
"","7218","Verify navigation to Issued Checks via nav menu","msedge","Wed Sep 16 10:15:03 UTC 2026","passed","Wed Sep 16 10:15:11 UTC 2026","Home Dashboard","specs\Smoke\3-HomeDashboardSmoke.spec.ts","",""
"","13490","ACH Approval Rules sub-page loads correctly","firefox","Wed Sep 16 10:17:31 UTC 2026","passed","Wed Sep 16 10:17:44 UTC 2026","Application Navigation Smoke Tests","specs\Smoke\2-NavigationSmoke.spec.ts","",""
"","17800","Saved Filters dropdown is visible and defaults to no preset","webkit","Wed Sep 16 10:41:03 UTC 2026","passed","Wed Sep 16 10:41:21 UTC 2026","Presented Checks — Smoke","specs\Smoke\5-PresentedChecksSmoke.spec.ts","",""
"","9896","Excel export button is visible and enabled","msedge","Wed Sep 16 10:16:23 UTC 2026","passed","Wed Sep 16 10:16:33 UTC 2026","Issued Checks — Smoke","specs\Smoke\4-IssuedChecksSmoke.spec.ts","",""
"","8420","""View"" (Change Log) link on a row navigates to the entity log","msedge","Wed Sep 16 10:18:53 UTC 2026","passed","Wed Sep 16 10:19:02 UTC 2026","Issued Checks — Smoke (Continued)","specs\Smoke\4-IssuedChecksSmoke.spec.ts","",""
"","19689","Verify Home dashboard is restored after returning from another page","firefox","Wed Sep 16 10:17:44 UTC 2026","passed","Wed Sep 16 10:18:04 UTC 2026","Home Dashboard","specs\Smoke\3-HomeDashboardSmoke.spec.ts","",""
"","16525","Issued Checks page loads correctly","webkit","Wed Sep 16 10:29:02 UTC 2026","passed","Wed Sep 16 10:29:19 UTC 2026","Application Navigation Smoke Tests","specs\Smoke\2-NavigationSmoke.spec.ts","",""
"","15212","Business Clients sub-page loads correctly","webkit","Wed Sep 16 10:30:48 UTC 2026","passed","Wed Sep 16 10:31:03 UTC 2026","Application Navigation Smoke Tests","specs\Smoke\2-NavigationSmoke.spec.ts","",""
"","18144","""Delete"" on a row shows a confirm modal; Cancel dismisses it without deleting","firefox","Wed Sep 16 10:29:18 UTC 2026","passed","Wed Sep 16 10:29:37 UTC 2026","ACH — Smoke","specs\Smoke\7-ACHSmoke.spec.ts","",""
"","14879","Pay/Return decision badge navigates to exception history","msedge","Wed Sep 16 10:22:47 UTC 2026","passed","Wed Sep 16 10:23:02 UTC 2026","ACH — Smoke","specs\Smoke\7-ACHSmoke.spec.ts","",""
"","4419","Validate forgot password with unregistered email","msedge","Wed Sep 16 10:13:01 UTC 2026","passed","Wed Sep 16 10:13:05 UTC 2026","","specs\Smoke\1-LoginSmoke.spec.ts","",""
"","10848","""Uploaded Checks"" navigates to the uploads page","msedge","Wed Sep 16 10:15:58 UTC 2026","passed","Wed Sep 16 10:16:09 UTC 2026","Issued Checks — Smoke","specs\Smoke\4-IssuedChecksSmoke.spec.ts","",""
"","16744","Navigation tabs to Pre-Decisions, Approvals, and Exception History are visible","firefox","Wed Sep 16 10:29:37 UTC 2026","passed","Wed Sep 16 10:29:54 UTC 2026","Exceptions — Smoke (Continued)","specs\Smoke\8-ExceptionsSmoke.spec.ts","",""
"","11941","File Processing sub-page loads correctly","msedge","Wed Sep 16 10:15:11 UTC 2026","passed","Wed Sep 16 10:15:23 UTC 2026","Application Navigation Smoke Tests","specs\Smoke\2-NavigationSmoke.spec.ts","",""
"","17211","Default filter auto-applies after logout and re-login","webkit","Wed Sep 16 10:47:17 UTC 2026","skipped","Wed Sep 16 10:47:35 UTC 2026","ACH — Smoke","specs\Smoke\7-ACHSmoke.spec.ts","",""
"","13069","Verify ACH Only tab shows ACH-specific chart sections","firefox","Wed Sep 16 10:15:40 UTC 2026","passed","Wed Sep 16 10:15:53 UTC 2026","Home Dashboard","specs\Smoke\3-HomeDashboardSmoke.spec.ts","",""
"","17609","Typing a page number navigates to that page","firefox","Wed Sep 16 10:26:53 UTC 2026","passed","Wed Sep 16 10:27:11 UTC 2026","ACH — Smoke","specs\Smoke\7-ACHSmoke.spec.ts","",""
"","17412","Search box filters grid and clears correctly","firefox","Wed Sep 16 10:25:13 UTC 2026","passed","Wed Sep 16 10:25:31 UTC 2026","Exceptions — Smoke","specs\Smoke\8-ExceptionsSmoke.spec.ts","",""
"","15989","Exception History grid loads with data rows and key column headers","firefox","Wed Sep 16 10:24:57 UTC 2026","passed","Wed Sep 16 10:25:13 UTC 2026","Exceptions — Smoke","specs\Smoke\8-ExceptionsSmoke.spec.ts","",""
"","17422","""+ Add Check"" navigates to the add-check form","firefox","Wed Sep 16 10:19:18 UTC 2026","passed","Wed Sep 16 10:19:36 UTC 2026","Issued Checks — Smoke","specs\Smoke\4-IssuedChecksSmoke.spec.ts","",""
"","9405","Holiday Schedules sub-page loads correctly","firefox","Wed Sep 16 10:16:10 UTC 2026","passed","Wed Sep 16 10:16:19 UTC 2026","Application Navigation Smoke Tests","specs\Smoke\2-NavigationSmoke.spec.ts","",""
"","11107","Search box filters grid and clears correctly","msedge","Wed Sep 16 10:20:08 UTC 2026","passed","Wed Sep 16 10:20:19 UTC 2026","ACH — Smoke","specs\Smoke\7-ACHSmoke.spec.ts","",""
"","18628","Page size change to 10 updates pagination info in bottom-right pager","webkit","Wed Sep 16 10:45:11 UTC 2026","passed","Wed Sep 16 10:45:29 UTC 2026","ACH — Smoke","specs\Smoke\7-ACHSmoke.spec.ts","",""
"","18097","""View"" link on a row opens the Exception Details dialog","firefox","Wed Sep 16 10:28:45 UTC 2026","passed","Wed Sep 16 10:29:03 UTC 2026","Exceptions — Smoke (Continued)","specs\Smoke\8-ExceptionsSmoke.spec.ts","",""
"","9732","Grid loads with data rows and key column headers","msedge","Wed Sep 16 10:19:38 UTC 2026","passed","Wed Sep 16 10:19:48 UTC 2026","ACH — Smoke","specs\Smoke\7-ACHSmoke.spec.ts","",""
"","30174","Automatic Check Decision Rules sub-page loads correctly","webkit","Wed Sep 16 10:33:09 UTC 2026","passed","Wed Sep 16 10:33:39 UTC 2026","Application Navigation Smoke Tests","specs\Smoke\2-NavigationSmoke.spec.ts","",""
"","6972","Holiday Schedules sub-page loads correctly","msedge","Wed Sep 16 10:13:50 UTC 2026","passed","Wed Sep 16 10:13:57 UTC 2026","Application Navigation Smoke Tests","specs\Smoke\2-NavigationSmoke.spec.ts","",""
"","12071","Grid loads with data rows and key column headers","chromium","Wed Sep 16 10:15:13 UTC 2026","passed","Wed Sep 16 10:15:25 UTC 2026","Issued Checks — Smoke","specs\Smoke\4-IssuedChecksSmoke.spec.ts","",""
"","15655","Verify chart title changes with selected tab","firefox","Wed Sep 16 10:16:16 UTC 2026","passed","Wed Sep 16 10:16:32 UTC 2026","Home Dashboard","specs\Smoke\3-HomeDashboardSmoke.spec.ts","",""
"","9386","""Uploaded ACH"" navigates to the uploads page","chromium","Wed Sep 16 10:19:19 UTC 2026","passed","Wed Sep 16 10:19:29 UTC 2026","ACH — Smoke","specs\Smoke\7-ACHSmoke.spec.ts","",""
"","13354","Verify navigation to Exceptions via nav menu","webkit","Wed Sep 16 10:37:13 UTC 2026","passed","Wed Sep 16 10:37:27 UTC 2026","Home Dashboard","specs\Smoke\3-HomeDashboardSmoke.spec.ts","",""
"","12282","File Formats sub-page loads correctly","webkit","Wed Sep 16 10:32:37 UTC 2026","passed","Wed Sep 16 10:32:49 UTC 2026","Application Navigation Smoke Tests","specs\Smoke\2-NavigationSmoke.spec.ts","",""
"","12589","Previous page button returns to page 1, First page button re-enables disabled state","msedge","Wed Sep 16 10:21:27 UTC 2026","passed","Wed Sep 16 10:21:40 UTC 2026","Exceptions — Smoke","specs\Smoke\8-ExceptionsSmoke.spec.ts","",""
"","7614","""+ Add ACH"" navigates to the add-ACH form","chromium","Wed Sep 16 10:19:12 UTC 2026","passed","Wed Sep 16 10:19:19 UTC 2026","ACH — Smoke","specs\Smoke\7-ACHSmoke.spec.ts","",""
"","6636","Validate unauthenticated access to protected route is redirected to login","firefox","Wed Sep 16 10:14:51 UTC 2026","passed","Wed Sep 16 10:14:57 UTC 2026","","specs\Smoke\1-LoginSmoke.spec.ts","",""
"","16470","Save a filter preset, verify it is auto-selected, then delete it","chromium","Wed Sep 16 10:18:06 UTC 2026","passed","Wed Sep 16 10:18:23 UTC 2026","Presented Checks — Smoke (Continued)","specs\Smoke\5-PresentedChecksSmoke.spec.ts","",""
"","10366","Verify dashboard footer footnote and privacy link are visible","chromium","Wed Sep 16 10:14:29 UTC 2026","passed","Wed Sep 16 10:14:39 UTC 2026","Home Dashboard","specs\Smoke\3-HomeDashboardSmoke.spec.ts","",""
"","9610","Verify dashboard tab checked state updates correctly","chromium","Wed Sep 16 10:13:38 UTC 2026","passed","Wed Sep 16 10:13:47 UTC 2026","Home Dashboard","specs\Smoke\3-HomeDashboardSmoke.spec.ts","",""
"","8380","Search box filters grid and clears correctly","chromium","Wed Sep 16 10:19:29 UTC 2026","passed","Wed Sep 16 10:19:37 UTC 2026","ACH — Smoke","specs\Smoke\7-ACHSmoke.spec.ts","",""
"","7136","Validate Login functionality with sqlInjection","webkit","Wed Sep 16 10:30:15 UTC 2026","passed","Wed Sep 16 10:30:22 UTC 2026","","specs\Smoke\1-LoginSmoke.spec.ts","",""
"","4223","Approvals page loads with either records or the empty-state message","chromium","Wed Sep 16 10:22:53 UTC 2026","passed","Wed Sep 16 10:22:57 UTC 2026","Exceptions — Smoke (Continued)","specs\Smoke\8-ExceptionsSmoke.spec.ts","",""
"","24382","Column filter menu applies a filter and Clear restores the full row set","firefox","Wed Sep 16 10:28:20 UTC 2026","passed","Wed Sep 16 10:28:45 UTC 2026","Exceptions — Smoke (Continued)","specs\Smoke\8-ExceptionsSmoke.spec.ts","",""
"","6383","Exceptions page loads correctly","msedge","Wed Sep 16 10:12:38 UTC 2026","passed","Wed Sep 16 10:12:44 UTC 2026","Application Navigation Smoke Tests","specs\Smoke\2-NavigationSmoke.spec.ts","",""
"","20237","Search box filters grid and clears correctly","webkit","Wed Sep 16 10:44:51 UTC 2026","passed","Wed Sep 16 10:45:11 UTC 2026","Exceptions — Smoke","specs\Smoke\8-ExceptionsSmoke.spec.ts","",""
"","17758","Saved Filters dropdown is visible and defaults to no preset","webkit","Wed Sep 16 10:47:15 UTC 2026","passed","Wed Sep 16 10:47:33 UTC 2026","Exceptions — Smoke","specs\Smoke\8-ExceptionsSmoke.spec.ts","",""
"","8096","Saved Filters dropdown is visible and defaults to no preset","msedge","Wed Sep 16 10:21:40 UTC 2026","passed","Wed Sep 16 10:21:48 UTC 2026","Exceptions — Smoke","specs\Smoke\8-ExceptionsSmoke.spec.ts","",""
"","7366","Notification Templates sub-page loads correctly","chromium","Wed Sep 16 10:13:30 UTC 2026","passed","Wed Sep 16 10:13:38 UTC 2026","Application Navigation Smoke Tests","specs\Smoke\2-NavigationSmoke.spec.ts","",""
"","12000","""View"" link on a row opens the Exception Details dialog","msedge","Wed Sep 16 10:22:35 UTC 2026","passed","Wed Sep 16 10:22:47 UTC 2026","Exceptions — Smoke (Continued)","specs\Smoke\8-ExceptionsSmoke.spec.ts","",""
"","16274","Last page arrow jumps to the final page","msedge","Wed Sep 16 10:17:28 UTC 2026","passed","Wed Sep 16 10:17:44 UTC 2026","Presented Checks — Smoke","specs\Smoke\5-PresentedChecksSmoke.spec.ts","",""
"","11404","Typing a page number navigates to that page","msedge","Wed Sep 16 10:17:15 UTC 2026","passed","Wed Sep 16 10:17:27 UTC 2026","Issued Checks — Smoke","specs\Smoke\4-IssuedChecksSmoke.spec.ts","",""
"","11957","Saved Filters dropdown is visible and defaults to no preset","msedge","Wed Sep 16 10:21:28 UTC 2026","passed","Wed Sep 16 10:21:40 UTC 2026","ACH — Smoke","specs\Smoke\7-ACHSmoke.spec.ts","",""
"","16392","Billing Reports sub-page loads correctly","firefox","Wed Sep 16 10:15:44 UTC 2026","passed","Wed Sep 16 10:16:00 UTC 2026","Application Navigation Smoke Tests","specs\Smoke\2-NavigationSmoke.spec.ts","",""
"","3328","Validate Login functionality with missingUsername","chromium","Wed Sep 16 10:12:18 UTC 2026","passed","Wed Sep 16 10:12:22 UTC 2026","","specs\Smoke\1-LoginSmoke.spec.ts","",""
"","5700","Validate Login functionality with incorrectUsername","firefox","Wed Sep 16 10:13:22 UTC 2026","passed","Wed Sep 16 10:13:28 UTC 2026","","specs\Smoke\1-LoginSmoke.spec.ts","",""
"","7644","ACH page loads correctly","msedge","Wed Sep 16 10:12:30 UTC 2026","passed","Wed Sep 16 10:12:38 UTC 2026","Application Navigation Smoke Tests","specs\Smoke\2-NavigationSmoke.spec.ts","",""
"","19623","Next page arrow advances to page 2","webkit","Wed Sep 16 10:45:48 UTC 2026","passed","Wed Sep 16 10:46:08 UTC 2026","Exceptions — Smoke","specs\Smoke\8-ExceptionsSmoke.spec.ts","",""
"","7006","Automatic ACH Decision Rules sub-page loads correctly","msedge","Wed Sep 16 10:14:30 UTC 2026","passed","Wed Sep 16 10:14:37 UTC 2026","Application Navigation Smoke Tests","specs\Smoke\2-NavigationSmoke.spec.ts","",""
"","12667","Exception History grid loads with data rows and key column headers","chromium","Wed Sep 16 10:19:28 UTC 2026","passed","Wed Sep 16 10:19:40 UTC 2026","Exceptions — Smoke","specs\Smoke\8-ExceptionsSmoke.spec.ts","",""
"","14443","Notification Log sub-page loads correctly","firefox","Wed Sep 16 10:17:44 UTC 2026","passed","Wed Sep 16 10:17:59 UTC 2026","Application Navigation Smoke Tests","specs\Smoke\2-NavigationSmoke.spec.ts","",""
"","13483","Verify delayed data note and force refresh link are visible on dashboard","webkit","Wed Sep 16 10:35:26 UTC 2026","passed","Wed Sep 16 10:35:40 UTC 2026","Home Dashboard","specs\Smoke\3-HomeDashboardSmoke.spec.ts","",""
"","22010","""Delete"" on a row shows a confirm modal; Cancel dismisses it without deleting","webkit","Wed Sep 16 10:42:36 UTC 2026","passed","Wed Sep 16 10:42:58 UTC 2026","Issued Checks — Smoke (Continued)","specs\Smoke\4-IssuedChecksSmoke.spec.ts","",""
"","13347","Page size change to 10 updates pagination info in bottom-right pager","msedge","Wed Sep 16 10:17:00 UTC 2026","passed","Wed Sep 16 10:17:13 UTC 2026","Presented Checks — Smoke","specs\Smoke\5-PresentedChecksSmoke.spec.ts","",""
"","7439","Verify Check Only tab shows Check-specific chart sections","chromium","Wed Sep 16 10:13:23 UTC 2026","passed","Wed Sep 16 10:13:30 UTC 2026","Home Dashboard","specs\Smoke\3-HomeDashboardSmoke.spec.ts","",""
"","8522","Saved Filters dropdown is visible and defaults to no preset","chromium","Wed Sep 16 10:17:04 UTC 2026","passed","Wed Sep 16 10:17:12 UTC 2026","Issued Checks — Smoke","specs\Smoke\4-IssuedChecksSmoke.spec.ts","",""
"","14542","API link is visible and points to swagger","firefox","Wed Sep 16 10:18:40 UTC 2026","passed","Wed Sep 16 10:18:54 UTC 2026","Application Navigation Smoke Tests","specs\Smoke\2-NavigationSmoke.spec.ts","",""
"","6388","Verify dashboard footer footnote and privacy link are visible","msedge","Wed Sep 16 10:14:41 UTC 2026","passed","Wed Sep 16 10:14:47 UTC 2026","Home Dashboard","specs\Smoke\3-HomeDashboardSmoke.spec.ts","",""
"","6696","Validate forgot password with unregistered email","firefox","Wed Sep 16 10:14:31 UTC 2026","passed","Wed Sep 16 10:14:37 UTC 2026","","specs\Smoke\1-LoginSmoke.spec.ts","",""
"","10076","Automatic Check Decision Rules sub-page loads correctly","chromium","Wed Sep 16 10:13:38 UTC 2026","passed","Wed Sep 16 10:13:48 UTC 2026","Application Navigation Smoke Tests","specs\Smoke\2-NavigationSmoke.spec.ts","",""
"","7478","Billing Reports sub-page loads correctly","chromium","Wed Sep 16 10:13:00 UTC 2026","passed","Wed Sep 16 10:13:07 UTC 2026","Application Navigation Smoke Tests","specs\Smoke\2-NavigationSmoke.spec.ts","",""
"","9153","API link is visible and points to swagger","chromium","Wed Sep 16 10:14:52 UTC 2026","passed","Wed Sep 16 10:15:01 UTC 2026","Application Navigation Smoke Tests","specs\Smoke\2-NavigationSmoke.spec.ts","",""
"","8950","Teller page loads correctly","msedge","Wed Sep 16 10:12:21 UTC 2026","passed","Wed Sep 16 10:12:30 UTC 2026","Application Navigation Smoke Tests","specs\Smoke\2-NavigationSmoke.spec.ts","",""
"","12669","Column filter popup applies a filter and Clear restores the full row set","chromium","Wed Sep 16 10:18:00 UTC 2026","passed","Wed Sep 16 10:18:13 UTC 2026","Issued Checks — Smoke (Continued)","specs\Smoke\4-IssuedChecksSmoke.spec.ts","",""
"","12031","Home page is accessible and shows dashboard","msedge","Wed Sep 16 10:11:52 UTC 2026","passed","Wed Sep 16 10:12:04 UTC 2026","Application Navigation Smoke Tests","specs\Smoke\2-NavigationSmoke.spec.ts","",""
"","16828","""View"" (Change Log) link on a row navigates to the entity log","firefox","Wed Sep 16 10:23:55 UTC 2026","passed","Wed Sep 16 10:24:12 UTC 2026","Presented Checks — Smoke (Continued)","specs\Smoke\5-PresentedChecksSmoke.spec.ts","",""
"","15560","Next page arrow advances to page 2","firefox","Wed Sep 16 10:21:00 UTC 2026","passed","Wed Sep 16 10:21:16 UTC 2026","Presented Checks — Smoke","specs\Smoke\5-PresentedChecksSmoke.spec.ts","",""
"","18877","Save a filter preset, verify it is auto-selected, then delete it","chromium","Wed Sep 16 10:21:26 UTC 2026","passed","Wed Sep 16 10:21:45 UTC 2026","Exceptions — Smoke (Continued)","specs\Smoke\8-ExceptionsSmoke.spec.ts","",""
"","9109","Default Decision Log sub-page loads correctly","msedge","Wed Sep 16 10:14:54 UTC 2026","passed","Wed Sep 16 10:15:03 UTC 2026","Application Navigation Smoke Tests","specs\Smoke\2-NavigationSmoke.spec.ts","",""
"","10368","""+ Add Check"" navigates to the add-check form","chromium","Wed Sep 16 10:15:25 UTC 2026","passed","Wed Sep 16 10:15:35 UTC 2026","Issued Checks — Smoke","specs\Smoke\4-IssuedChecksSmoke.spec.ts","",""
"","8070","Clicking a column header sorts ascending, clicking again sorts descending","chromium","Wed Sep 16 10:21:45 UTC 2026","passed","Wed Sep 16 10:21:53 UTC 2026","Exceptions — Smoke (Continued)","specs\Smoke\8-ExceptionsSmoke.spec.ts","",""
"","26018","Column filter popup applies a filter and Clear restores the full row set","webkit","Wed Sep 16 10:41:34 UTC 2026","passed","Wed Sep 16 10:42:00 UTC 2026","Issued Checks — Smoke (Continued)","specs\Smoke\4-IssuedChecksSmoke.spec.ts","",""
"","9414","Saved Filters dropdown is visible and defaults to no preset","chromium","Wed Sep 16 10:17:34 UTC 2026","passed","Wed Sep 16 10:17:43 UTC 2026","Presented Checks — Smoke","specs\Smoke\5-PresentedChecksSmoke.spec.ts","",""
"","4239","Validate Login functionality with emptyFields","chromium","Wed Sep 16 10:12:10 UTC 2026","passed","Wed Sep 16 10:12:14 UTC 2026","","specs\Smoke\1-LoginSmoke.spec.ts","",""
"","19048","Search box filters grid and clears correctly","webkit","Wed Sep 16 10:37:44 UTC 2026","passed","Wed Sep 16 10:38:03 UTC 2026","Issued Checks — Smoke","specs\Smoke\4-IssuedChecksSmoke.spec.ts","",""
"","8108","Navigation tabs to Pre-Decisions, Approvals, and Exception History are visible","msedge","Wed Sep 16 10:23:10 UTC 2026","passed","Wed Sep 16 10:23:18 UTC 2026","Exceptions — Smoke (Continued)","specs\Smoke\8-ExceptionsSmoke.spec.ts","",""
"","11437","Typing a page number navigates to that page","msedge","Wed Sep 16 10:21:16 UTC 2026","passed","Wed Sep 16 10:21:27 UTC 2026","Exceptions — Smoke","specs\Smoke\8-ExceptionsSmoke.spec.ts","",""
"","7670","API link is visible and points to swagger","msedge","Wed Sep 16 10:15:23 UTC 2026","passed","Wed Sep 16 10:15:30 UTC 2026","Application Navigation Smoke Tests","specs\Smoke\2-NavigationSmoke.spec.ts","",""
"","6907","Validate Login functionality with incorrectPassword","firefox","Wed Sep 16 10:13:15 UTC 2026","passed","Wed Sep 16 10:13:22 UTC 2026","","specs\Smoke\1-LoginSmoke.spec.ts","",""
"","32491","Check Approval Rules sub-page loads correctly","webkit","Wed Sep 16 10:33:39 UTC 2026","passed","Wed Sep 16 10:34:12 UTC 2026","Application Navigation Smoke Tests","specs\Smoke\2-NavigationSmoke.spec.ts","",""
"","17282","File Processing sub-page loads correctly","webkit","Wed Sep 16 10:35:46 UTC 2026","passed","Wed Sep 16 10:36:03 UTC 2026","Application Navigation Smoke Tests","specs\Smoke\2-NavigationSmoke.spec.ts","",""
"","13128","Automatic Check Decision Rules sub-page loads correctly","firefox","Wed Sep 16 10:16:47 UTC 2026","passed","Wed Sep 16 10:17:00 UTC 2026","Application Navigation Smoke Tests","specs\Smoke\2-NavigationSmoke.spec.ts","",""
"","27620","Previous page button returns to page 1, First page button re-enables disabled state","webkit","Wed Sep 16 10:46:31 UTC 2026","passed","Wed Sep 16 10:46:59 UTC 2026","ACH — Smoke","specs\Smoke\7-ACHSmoke.spec.ts","",""
"","8975","Next page arrow advances to page 2","chromium","Wed Sep 16 10:20:11 UTC 2026","passed","Wed Sep 16 10:20:20 UTC 2026","Exceptions — Smoke","specs\Smoke\8-ExceptionsSmoke.spec.ts","",""
"","45165","Save a filter preset, verify it is auto-selected, then delete it","webkit","Wed Sep 16 10:47:35 UTC 2026","passed","Wed Sep 16 10:48:20 UTC 2026","ACH — Smoke","specs\Smoke\7-ACHSmoke.spec.ts","",""
"","20630","Excel export button is visible and enabled","firefox","Wed Sep 16 10:25:31 UTC 2026","passed","Wed Sep 16 10:25:51 UTC 2026","Exceptions — Smoke","specs\Smoke\8-ExceptionsSmoke.spec.ts","",""
"","16696","Roles/Permissions sub-page loads correctly","webkit","Wed Sep 16 10:31:18 UTC 2026","passed","Wed Sep 16 10:31:35 UTC 2026","Application Navigation Smoke Tests","specs\Smoke\2-NavigationSmoke.spec.ts","",""
"","23252","Verify dashboard tab checked state updates correctly","firefox","Wed Sep 16 10:15:53 UTC 2026","passed","Wed Sep 16 10:16:16 UTC 2026","Home Dashboard","specs\Smoke\3-HomeDashboardSmoke.spec.ts","",""
"","21333","Typing a page number navigates to that page","webkit","Wed Sep 16 10:46:27 UTC 2026","passed","Wed Sep 16 10:46:49 UTC 2026","Exceptions — Smoke","specs\Smoke\8-ExceptionsSmoke.spec.ts","",""
"","17151","Verify navigation to ACH via nav menu","webkit","Wed Sep 16 10:36:56 UTC 2026","passed","Wed Sep 16 10:37:13 UTC 2026","Home Dashboard","specs\Smoke\3-HomeDashboardSmoke.spec.ts","",""
"","10104","Branding sub-page loads correctly","firefox","Wed Sep 16 10:15:34 UTC 2026","passed","Wed Sep 16 10:15:44 UTC 2026","Application Navigation Smoke Tests","specs\Smoke\2-NavigationSmoke.spec.ts","",""
"","14380","Clicking a column header sorts ascending, clicking again sorts descending","firefox","Wed Sep 16 10:23:06 UTC 2026","passed","Wed Sep 16 10:23:21 UTC 2026","Presented Checks — Smoke (Continued)","specs\Smoke\5-PresentedChecksSmoke.spec.ts","",""
"","7715","Users sub-page loads correctly","msedge","Wed Sep 16 10:13:08 UTC 2026","passed","Wed Sep 16 10:13:16 UTC 2026","Application Navigation Smoke Tests","specs\Smoke\2-NavigationSmoke.spec.ts","",""
"","11995","Next page arrow advances to page 2","msedge","Wed Sep 16 10:20:53 UTC 2026","passed","Wed Sep 16 10:21:05 UTC 2026","Exceptions — Smoke","specs\Smoke\8-ExceptionsSmoke.spec.ts","",""
"","11935","Verify navigation to Presented Checks via nav menu","firefox","Wed Sep 16 10:18:16 UTC 2026","passed","Wed Sep 16 10:18:28 UTC 2026","Home Dashboard","specs\Smoke\3-HomeDashboardSmoke.spec.ts","",""
"","8286","Automatic ACH Decision Rules sub-page loads correctly","chromium","Wed Sep 16 10:13:58 UTC 2026","passed","Wed Sep 16 10:14:06 UTC 2026","Application Navigation Smoke Tests","specs\Smoke\2-NavigationSmoke.spec.ts","",""
"","17045","Validate Login functionality with correctCredentials","webkit","Wed Sep 16 10:28:44 UTC 2026","passed","Wed Sep 16 10:29:01 UTC 2026","","specs\Smoke\1-LoginSmoke.spec.ts","",""
"","14213","Page size change to 10 updates pagination info in bottom-right pager","msedge","Wed Sep 16 10:20:38 UTC 2026","passed","Wed Sep 16 10:20:53 UTC 2026","Exceptions — Smoke","specs\Smoke\8-ExceptionsSmoke.spec.ts","",""
"","13485","Save a filter preset, verify it is auto-selected, then delete it","msedge","Wed Sep 16 10:18:10 UTC 2026","passed","Wed Sep 16 10:18:23 UTC 2026","Issued Checks — Smoke (Continued)","specs\Smoke\4-IssuedChecksSmoke.spec.ts","",""
"","12089","""+ Add Check"" navigates to the add-check form","msedge","Wed Sep 16 10:16:09 UTC 2026","passed","Wed Sep 16 10:16:21 UTC 2026","Presented Checks — Smoke","specs\Smoke\5-PresentedChecksSmoke.spec.ts","",""
"","46819","Verify Check Only tab shows Check-specific chart sections","webkit","Wed Sep 16 10:32:19 UTC 2026","passed","Wed Sep 16 10:33:06 UTC 2026","Home Dashboard","specs\Smoke\3-HomeDashboardSmoke.spec.ts","",""
"","19947","""Delete"" on a row shows a confirm modal; Cancel dismisses it without deleting","webkit","Wed Sep 16 10:43:34 UTC 2026","passed","Wed Sep 16 10:43:54 UTC 2026","Presented Checks — Smoke (Continued)","specs\Smoke\5-PresentedChecksSmoke.spec.ts","",""
"","17435","Issued Checks breadcrumb link is visible on the page","webkit","Wed Sep 16 10:42:58 UTC 2026","passed","Wed Sep 16 10:43:16 UTC 2026","Issued Checks — Smoke (Continued)","specs\Smoke\4-IssuedChecksSmoke.spec.ts","",""
"","9538","Excel export button is visible and enabled","msedge","Wed Sep 16 10:20:19 UTC 2026","passed","Wed Sep 16 10:20:28 UTC 2026","ACH — Smoke","specs\Smoke\7-ACHSmoke.spec.ts","",""
"","5567","Verify dashboard loads after successful login","chromium","Wed Sep 16 10:13:04 UTC 2026","passed","Wed Sep 16 10:13:09 UTC 2026","Home Dashboard","specs\Smoke\3-HomeDashboardSmoke.spec.ts","",""
"","4201","Validate Login functionality with invalidEmailFormat","chromium","Wed Sep 16 10:12:05 UTC 2026","passed","Wed Sep 16 10:12:10 UTC 2026","","specs\Smoke\1-LoginSmoke.spec.ts","",""
"","9748","Search box filters grid and clears correctly","chromium","Wed Sep 16 10:19:40 UTC 2026","passed","Wed Sep 16 10:19:50 UTC 2026","Exceptions — Smoke","specs\Smoke\8-ExceptionsSmoke.spec.ts","",""
"","16495","Grid loads with data rows and key column headers","firefox","Wed Sep 16 10:19:02 UTC 2026","passed","Wed Sep 16 10:19:18 UTC 2026","Issued Checks — Smoke","specs\Smoke\4-IssuedChecksSmoke.spec.ts","",""
"","15206","Presented Checks page loads correctly","firefox","Wed Sep 16 10:13:12 UTC 2026","passed","Wed Sep 16 10:13:27 UTC 2026","Application Navigation Smoke Tests","specs\Smoke\2-NavigationSmoke.spec.ts","",""
"","9611","Decision badge on an already-reviewed row is blocked with a system message","chromium","Wed Sep 16 10:22:17 UTC 2026","passed","Wed Sep 16 10:22:27 UTC 2026","Exceptions — Smoke (Continued)","specs\Smoke\8-ExceptionsSmoke.spec.ts","",""
"","21408","Exceptions breadcrumb link is visible on the page","webkit","Wed Sep 16 10:49:58 UTC 2026","passed","Wed Sep 16 10:50:20 UTC 2026","Exceptions — Smoke (Continued)","specs\Smoke\8-ExceptionsSmoke.spec.ts","",""
"","9100","Saved Filters dropdown is visible and defaults to no preset","chromium","Wed Sep 16 10:20:31 UTC 2026","passed","Wed Sep 16 10:20:40 UTC 2026","ACH — Smoke","specs\Smoke\7-ACHSmoke.spec.ts","",""
"","18069","Home page is accessible and shows dashboard","firefox","Wed Sep 16 10:12:38 UTC 2026","passed","Wed Sep 16 10:12:56 UTC 2026","Application Navigation Smoke Tests","specs\Smoke\2-NavigationSmoke.spec.ts","",""
"","9305","Validate forgot password functionality","webkit","Wed Sep 16 10:30:42 UTC 2026","passed","Wed Sep 16 10:30:51 UTC 2026","","specs\Smoke\1-LoginSmoke.spec.ts","",""
"","10211","Validate teller presented-check form shows all required fields","chromium","Wed Sep 16 10:18:52 UTC 2026","passed","Wed Sep 16 10:19:03 UTC 2026","Teller - Smoke","specs\Smoke\6-TellerSmoke.spec.ts","",""
"","7901","Roles/Permissions sub-page loads correctly","msedge","Wed Sep 16 10:13:16 UTC 2026","passed","Wed Sep 16 10:13:24 UTC 2026","Application Navigation Smoke Tests","specs\Smoke\2-NavigationSmoke.spec.ts","",""
"","14232","Page size change to 10 updates pagination info in bottom-right pager","firefox","Wed Sep 16 10:20:26 UTC 2026","passed","Wed Sep 16 10:20:40 UTC 2026","Issued Checks — Smoke","specs\Smoke\4-IssuedChecksSmoke.spec.ts","",""
"","9650","File Processing sub-page loads correctly","chromium","Wed Sep 16 10:14:43 UTC 2026","passed","Wed Sep 16 10:14:52 UTC 2026","Application Navigation Smoke Tests","specs\Smoke\2-NavigationSmoke.spec.ts","",""
"","13882","Column filter popup applies a filter and Clear restores the full row set","chromium","Wed Sep 16 10:18:31 UTC 2026","passed","Wed Sep 16 10:18:45 UTC 2026","Presented Checks — Smoke (Continued)","specs\Smoke\5-PresentedChecksSmoke.spec.ts","",""
"","12079","""Delete"" on a row shows a confirm modal; Cancel dismisses it without deleting","chromium","Wed Sep 16 10:18:31 UTC 2026","passed","Wed Sep 16 10:18:43 UTC 2026","Issued Checks — Smoke (Continued)","specs\Smoke\4-IssuedChecksSmoke.spec.ts","",""
"","34974","Verify dashboard tab checked state updates correctly","webkit","Wed Sep 16 10:33:35 UTC 2026","passed","Wed Sep 16 10:34:10 UTC 2026","Home Dashboard","specs\Smoke\3-HomeDashboardSmoke.spec.ts","",""
"","14895","Exceptions breadcrumb link is visible on the page","firefox","Wed Sep 16 10:29:22 UTC 2026","passed","Wed Sep 16 10:29:37 UTC 2026","Exceptions — Smoke (Continued)","specs\Smoke\8-ExceptionsSmoke.spec.ts","",""
"","7352","Verify ACH Only tab shows ACH-specific chart sections","chromium","Wed Sep 16 10:13:30 UTC 2026","passed","Wed Sep 16 10:13:38 UTC 2026","Home Dashboard","specs\Smoke\3-HomeDashboardSmoke.spec.ts","",""
"","13696","Business Clients sub-page loads correctly","firefox","Wed Sep 16 10:14:34 UTC 2026","passed","Wed Sep 16 10:14:47 UTC 2026","Application Navigation Smoke Tests","specs\Smoke\2-NavigationSmoke.spec.ts","",""
"","14971","Last page arrow jumps to the final page","msedge","Wed Sep 16 10:17:00 UTC 2026","passed","Wed Sep 16 10:17:15 UTC 2026","Issued Checks — Smoke","specs\Smoke\4-IssuedChecksSmoke.spec.ts","",""
"","15771","Billing Reports sub-page loads correctly","webkit","Wed Sep 16 10:31:51 UTC 2026","passed","Wed Sep 16 10:32:06 UTC 2026","Application Navigation Smoke Tests","specs\Smoke\2-NavigationSmoke.spec.ts","",""
"","13038","Validate Login functionality with caseSensitiveEmail","webkit","Wed Sep 16 10:29:02 UTC 2026","passed","Wed Sep 16 10:29:15 UTC 2026","","specs\Smoke\1-LoginSmoke.spec.ts","",""
"","13712","""View"" link on a row opens the Exception Details dialog","chromium","Wed Sep 16 10:22:03 UTC 2026","passed","Wed Sep 16 10:22:17 UTC 2026","Exceptions — Smoke (Continued)","specs\Smoke\8-ExceptionsSmoke.spec.ts","",""
"","17811","API link is visible and points to swagger","webkit","Wed Sep 16 10:36:03 UTC 2026","passed","Wed Sep 16 10:36:21 UTC 2026","Application Navigation Smoke Tests","specs\Smoke\2-NavigationSmoke.spec.ts","",""
"","18955","Automatic ACH Decision Rules sub-page loads correctly","firefox","Wed Sep 16 10:17:12 UTC 2026","passed","Wed Sep 16 10:17:31 UTC 2026","Application Navigation Smoke Tests","specs\Smoke\2-NavigationSmoke.spec.ts","",""
"","26504","Column filter popup applies a filter and Clear restores the full row set","webkit","Wed Sep 16 10:48:40 UTC 2026","passed","Wed Sep 16 10:49:06 UTC 2026","ACH — Smoke","specs\Smoke\7-ACHSmoke.spec.ts","",""
"","12956","Validate teller presented-check form shows all required fields","msedge","Wed Sep 16 10:19:25 UTC 2026","passed","Wed Sep 16 10:19:38 UTC 2026","Teller - Smoke","specs\Smoke\6-TellerSmoke.spec.ts","",""
"","5715","Verify all three dashboard view tabs are visible","firefox","Wed Sep 16 10:15:07 UTC 2026","passed","Wed Sep 16 10:15:12 UTC 2026","Home Dashboard","specs\Smoke\3-HomeDashboardSmoke.spec.ts","",""
"","12599","Previous page button returns to page 1, First page button re-enables disabled state","msedge","Wed Sep 16 10:21:16 UTC 2026","passed","Wed Sep 16 10:21:28 UTC 2026","ACH — Smoke","specs\Smoke\7-ACHSmoke.spec.ts","",""
"","17343","Web Hooks sub-page loads correctly","firefox","Wed Sep 16 10:18:54 UTC 2026","passed","Wed Sep 16 10:19:12 UTC 2026","Application Navigation Smoke Tests","specs\Smoke\2-NavigationSmoke.spec.ts","",""
"","15359","Previous page button returns to page 1, First page button re-enables disabled state","msedge","Wed Sep 16 10:17:27 UTC 2026","passed","Wed Sep 16 10:17:42 UTC 2026","Issued Checks — Smoke","specs\Smoke\4-IssuedChecksSmoke.spec.ts","",""
"","9784","""Delete"" on a row shows a confirm modal; Cancel dismisses it without deleting","msedge","Wed Sep 16 10:19:39 UTC 2026","passed","Wed Sep 16 10:19:48 UTC 2026","Presented Checks — Smoke (Continued)","specs\Smoke\5-PresentedChecksSmoke.spec.ts","",""
"","32840","Save a filter preset, verify it is auto-selected, then delete it","webkit","Wed Sep 16 10:41:38 UTC 2026","passed","Wed Sep 16 10:42:11 UTC 2026","Presented Checks — Smoke (Continued)","specs\Smoke\5-PresentedChecksSmoke.spec.ts","",""
"","15403","Search box filters grid and clears correctly","chromium","Wed Sep 16 10:15:48 UTC 2026","passed","Wed Sep 16 10:16:04 UTC 2026","Issued Checks — Smoke","specs\Smoke\4-IssuedChecksSmoke.spec.ts","",""
"","4887","Validate forgot password with unregistered email","chromium","Wed Sep 16 10:12:47 UTC 2026","passed","Wed Sep 16 10:12:52 UTC 2026","","specs\Smoke\1-LoginSmoke.spec.ts","",""
"","12710","Search box filters grid and clears correctly","msedge","Wed Sep 16 10:20:16 UTC 2026","passed","Wed Sep 16 10:20:28 UTC 2026","Exceptions — Smoke","specs\Smoke\8-ExceptionsSmoke.spec.ts","",""
"","20174","Clicking a column header sorts ascending, clicking again sorts descending","webkit","Wed Sep 16 10:42:11 UTC 2026","passed","Wed Sep 16 10:42:31 UTC 2026","Presented Checks — Smoke (Continued)","specs\Smoke\5-PresentedChecksSmoke.spec.ts","",""
"","9407","Branding sub-page loads correctly","msedge","Wed Sep 16 10:13:24 UTC 2026","passed","Wed Sep 16 10:13:33 UTC 2026","Application Navigation Smoke Tests","specs\Smoke\2-NavigationSmoke.spec.ts","",""
"","11882","""Delete"" on a row shows a confirm modal; Cancel dismisses it without deleting","msedge","Wed Sep 16 10:19:02 UTC 2026","passed","Wed Sep 16 10:19:14 UTC 2026","Issued Checks — Smoke (Continued)","specs\Smoke\4-IssuedChecksSmoke.spec.ts","",""
"","10386","""Uploaded ACH"" navigates to the uploads page","msedge","Wed Sep 16 10:19:57 UTC 2026","passed","Wed Sep 16 10:20:08 UTC 2026","ACH — Smoke","specs\Smoke\7-ACHSmoke.spec.ts","",""
"","15935","System Log sub-page loads correctly","firefox","Wed Sep 16 10:18:10 UTC 2026","passed","Wed Sep 16 10:18:25 UTC 2026","Application Navigation Smoke Tests","specs\Smoke\2-NavigationSmoke.spec.ts","",""
"","18216","Web Hooks sub-page loads correctly","webkit","Wed Sep 16 10:36:21 UTC 2026","passed","Wed Sep 16 10:36:39 UTC 2026","Application Navigation Smoke Tests","specs\Smoke\2-NavigationSmoke.spec.ts","",""
"","14947","Verify Combined View shows all chart sections","webkit","Wed Sep 16 10:32:04 UTC 2026","passed","Wed Sep 16 10:32:19 UTC 2026","Home Dashboard","specs\Smoke\3-HomeDashboardSmoke.spec.ts","",""
"","19133","Save a filter preset, verify it is auto-selected, then delete it","msedge","Wed Sep 16 10:21:55 UTC 2026","passed","Wed Sep 16 10:22:15 UTC 2026","Exceptions — Smoke (Continued)","specs\Smoke\8-ExceptionsSmoke.spec.ts","",""
"","7539","Saved Filters dropdown is visible and defaults to no preset","chromium","Wed Sep 16 10:20:55 UTC 2026","passed","Wed Sep 16 10:21:03 UTC 2026","Exceptions — Smoke","specs\Smoke\8-ExceptionsSmoke.spec.ts","",""
"","19108","Typing a page number navigates to that page","webkit","Wed Sep 16 10:39:20 UTC 2026","passed","Wed Sep 16 10:39:39 UTC 2026","Issued Checks — Smoke","specs\Smoke\4-IssuedChecksSmoke.spec.ts","",""
"","19918","Next page arrow advances to page 2","webkit","Wed Sep 16 10:39:39 UTC 2026","passed","Wed Sep 16 10:39:59 UTC 2026","Presented Checks — Smoke","specs\Smoke\5-PresentedChecksSmoke.spec.ts","",""
"","21050","Exception History grid loads with data rows and key column headers","webkit","Wed Sep 16 10:44:30 UTC 2026","passed","Wed Sep 16 10:44:51 UTC 2026","Exceptions — Smoke","specs\Smoke\8-ExceptionsSmoke.spec.ts","",""
"","16460","Saved Filters dropdown is visible and defaults to no preset","firefox","Wed Sep 16 10:27:31 UTC 2026","passed","Wed Sep 16 10:27:48 UTC 2026","ACH — Smoke","specs\Smoke\7-ACHSmoke.spec.ts","",""
"","16185","Last page arrow jumps to the final page","firefox","Wed Sep 16 10:26:37 UTC 2026","passed","Wed Sep 16 10:26:53 UTC 2026","ACH — Smoke","specs\Smoke\7-ACHSmoke.spec.ts","",""
"","20565","Grid loads with data rows and key column headers","webkit","Wed Sep 16 10:43:33 UTC 2026","passed","Wed Sep 16 10:43:54 UTC 2026","ACH — Smoke","specs\Smoke\7-ACHSmoke.spec.ts","",""
"","24817","Validate Login functionality with correctCredentials","firefox","Wed Sep 16 10:12:38 UTC 2026","passed","Wed Sep 16 10:13:03 UTC 2026","","specs\Smoke\1-LoginSmoke.spec.ts","",""
"","12407","""Delete"" on a row shows a confirm modal; Cancel dismisses it without deleting","chromium","Wed Sep 16 10:21:51 UTC 2026","passed","Wed Sep 16 10:22:03 UTC 2026","ACH — Smoke","specs\Smoke\7-ACHSmoke.spec.ts","",""
