"DESCRIPTION","DURATION IN MS","NAME","PARENT SUITE","START TIME","STATUS","STOP TIME","SUB SUITE","SUITE","TEST CLASS","TEST METHOD"
"","6001","Saved Filters dropdown is visible and defaults to no preset","chromium","Wed Oct 07 10:15:45 UTC 2026","passed","Wed Oct 07 10:15:51 UTC 2026","Presented Checks — Smoke > Saved Filters","specs\Smoke\5-PresentedChecksSmoke.spec.ts","",""
"","5255","Issued Checks page loads correctly","chromium","Wed Oct 07 10:10:44 UTC 2026","passed","Wed Oct 07 10:10:49 UTC 2026","Application Navigation Smoke Tests > Top-level Navigation","specs\Smoke\2-NavigationSmoke.spec.ts","",""
"","7311","Notification Templates sub-page loads correctly","webkit","Wed Oct 07 10:13:56 UTC 2026","passed","Wed Oct 07 10:14:03 UTC 2026","Application Navigation Smoke Tests > Settings Sub-navigation","specs\Smoke\2-NavigationSmoke.spec.ts","",""
"","24926","Default filter auto-applies after logout and re-login","chromium","Wed Oct 07 10:17:47 UTC 2026","passed","Wed Oct 07 10:18:12 UTC 2026","ACH — Smoke > Saved Filters > Default Filter","specs\Smoke\7-ACHSmoke.spec.ts","",""
"","7234","Verify navigation to Settings via nav menu","chromium","Wed Oct 07 10:13:54 UTC 2026","passed","Wed Oct 07 10:14:01 UTC 2026","Home Dashboard > Navigation from Dashboard","specs\Smoke\3-HomeDashboardSmoke.spec.ts","",""
"","5690","ACH Approval Rules sub-page loads correctly","msedge","Wed Oct 07 10:27:43 UTC 2026","passed","Wed Oct 07 10:27:48 UTC 2026","Application Navigation Smoke Tests > Settings Sub-navigation","specs\Smoke\2-NavigationSmoke.spec.ts","",""
"","13880","Validate Login functionality with correctCredentials","webkit","Wed Oct 07 10:11:16 UTC 2026","passed","Wed Oct 07 10:11:29 UTC 2026","Login — Smoke > Login","specs\Smoke\1-LoginSmoke.spec.ts","",""
"","11235","Validate Login functionality with correctCredentials","msedge","Wed Oct 07 10:25:44 UTC 2026","passed","Wed Oct 07 10:25:55 UTC 2026","Login — Smoke > Login","specs\Smoke\1-LoginSmoke.spec.ts","",""
"","10539","Default filter auto-applies after logout and re-login","webkit","Wed Oct 07 10:20:35 UTC 2026","skipped","Wed Oct 07 10:20:45 UTC 2026","Presented Checks — Smoke > Saved Filters > Default Filter","specs\Smoke\5-PresentedChecksSmoke.spec.ts","",""
"","10513","""Edit"" link on a row navigates to the check edit form","webkit","Wed Oct 07 10:21:16 UTC 2026","passed","Wed Oct 07 10:21:26 UTC 2026","Presented Checks — Smoke > Row Actions","specs\Smoke\5-PresentedChecksSmoke.spec.ts","",""
"","20618","Pay/Return decision badge navigates to exception history","firefox","Wed Oct 07 10:27:31 UTC 2026","passed","Wed Oct 07 10:27:52 UTC 2026","ACH — Smoke > Row Actions","specs\Smoke\7-ACHSmoke.spec.ts","",""
"","7601","Validate Login functionality with caseSensitiveEmail","msedge","Wed Oct 07 10:25:56 UTC 2026","passed","Wed Oct 07 10:26:03 UTC 2026","Login — Smoke > Login","specs\Smoke\1-LoginSmoke.spec.ts","",""
"","5093","Verify delayed data note and force refresh link are visible on dashboard","chromium","Wed Oct 07 10:12:58 UTC 2026","passed","Wed Oct 07 10:13:03 UTC 2026","Home Dashboard > Summary Stats","specs\Smoke\3-HomeDashboardSmoke.spec.ts","",""
"","10829","Branding sub-page loads correctly","firefox","Wed Oct 07 10:16:42 UTC 2026","passed","Wed Oct 07 10:16:53 UTC 2026","Application Navigation Smoke Tests > Settings Sub-navigation","specs\Smoke\2-NavigationSmoke.spec.ts","",""
"","6280","Next page arrow advances to page 2","msedge","Wed Oct 07 10:29:13 UTC 2026","passed","Wed Oct 07 10:29:20 UTC 2026","Issued Checks — Smoke > Pagination","specs\Smoke\4-IssuedChecksSmoke.spec.ts","",""
"","7758","Search box filters grid and clears correctly","msedge","Wed Oct 07 10:28:55 UTC 2026","passed","Wed Oct 07 10:29:02 UTC 2026","Issued Checks — Smoke > Toolbar","specs\Smoke\4-IssuedChecksSmoke.spec.ts","",""
"","6864","Next page arrow advances to page 2","msedge","Wed Oct 07 10:32:21 UTC 2026","passed","Wed Oct 07 10:32:28 UTC 2026","Exceptions — Smoke > Exception History > Pagination","specs\Smoke\8-ExceptionsSmoke.spec.ts","",""
"","13809","Last page arrow jumps to the final page","firefox","Wed Oct 07 10:21:12 UTC 2026","passed","Wed Oct 07 10:21:26 UTC 2026","Presented Checks — Smoke > Pagination","specs\Smoke\5-PresentedChecksSmoke.spec.ts","",""
"","5238","Validate Login functionality with incorrectPassword","msedge","Wed Oct 07 10:26:03 UTC 2026","passed","Wed Oct 07 10:26:08 UTC 2026","Login — Smoke > Login","specs\Smoke\1-LoginSmoke.spec.ts","",""
"","8649","Typing a page number navigates to that page","chromium","Wed Oct 07 10:14:04 UTC 2026","passed","Wed Oct 07 10:14:12 UTC 2026","Issued Checks — Smoke > Pagination","specs\Smoke\4-IssuedChecksSmoke.spec.ts","",""
"","18515","Grid loads with data rows and key column headers","firefox","Wed Oct 07 10:23:28 UTC 2026","passed","Wed Oct 07 10:23:46 UTC 2026","ACH — Smoke > Grid","specs\Smoke\7-ACHSmoke.spec.ts","",""
"","6770","Next page arrow advances to page 2","chromium","Wed Oct 07 10:16:54 UTC 2026","passed","Wed Oct 07 10:17:01 UTC 2026","ACH — Smoke > Pagination","specs\Smoke\7-ACHSmoke.spec.ts","",""
"","14863","""Delete"" on a row shows a confirm modal; Cancel dismisses it without deleting","firefox","Wed Oct 07 10:27:16 UTC 2026","passed","Wed Oct 07 10:27:31 UTC 2026","ACH — Smoke > Row Actions","specs\Smoke\7-ACHSmoke.spec.ts","",""
"","7840","Branding sub-page loads correctly","webkit","Wed Oct 07 10:13:14 UTC 2026","passed","Wed Oct 07 10:13:21 UTC 2026","Application Navigation Smoke Tests > Settings Sub-navigation","specs\Smoke\2-NavigationSmoke.spec.ts","",""
"","5231","Business Clients sub-page loads correctly","msedge","Wed Oct 07 10:26:38 UTC 2026","passed","Wed Oct 07 10:26:43 UTC 2026","Application Navigation Smoke Tests > Settings Sub-navigation","specs\Smoke\2-NavigationSmoke.spec.ts","",""
"","5514","Clicking a column header sorts ascending, clicking again sorts descending","msedge","Wed Oct 07 10:30:00 UTC 2026","passed","Wed Oct 07 10:30:06 UTC 2026","Issued Checks — Smoke > Sorting","specs\Smoke\4-IssuedChecksSmoke.spec.ts","",""
"","6496","Verify profile menu shows My Info and Logout links","msedge","Wed Oct 07 10:28:48 UTC 2026","passed","Wed Oct 07 10:28:54 UTC 2026","Home Dashboard > Summary Stats","specs\Smoke\3-HomeDashboardSmoke.spec.ts","",""
"","9213","Column filter popup applies a filter and Clear restores the full row set","msedge","Wed Oct 07 10:32:28 UTC 2026","passed","Wed Oct 07 10:32:37 UTC 2026","ACH — Smoke > Column Filter","specs\Smoke\7-ACHSmoke.spec.ts","",""
"","13710","Page size change to 10 updates pagination info in bottom-right pager","chromium","Wed Oct 07 10:14:57 UTC 2026","passed","Wed Oct 07 10:15:10 UTC 2026","Presented Checks — Smoke > Pagination","specs\Smoke\5-PresentedChecksSmoke.spec.ts","",""
"","5331","Open Exceptions page loads with either exception cards or the empty-state message","webkit","Wed Oct 07 10:26:13 UTC 2026","passed","Wed Oct 07 10:26:18 UTC 2026","Exceptions — Smoke > Open Exceptions","specs\Smoke\8-ExceptionsSmoke.spec.ts","",""
"","7803","API link is visible and points to swagger","msedge","Wed Oct 07 10:28:17 UTC 2026","passed","Wed Oct 07 10:28:25 UTC 2026","Application Navigation Smoke Tests > Settings Sub-navigation","specs\Smoke\2-NavigationSmoke.spec.ts","",""
"","5303","Page size change to 10 updates pagination info in bottom-right pager","chromium","Wed Oct 07 10:17:37 UTC 2026","passed","Wed Oct 07 10:17:42 UTC 2026","Exceptions — Smoke > Exception History > Pagination","specs\Smoke\8-ExceptionsSmoke.spec.ts","",""
"","5471","Validate forgot password functionality with No email","msedge","Wed Oct 07 10:26:57 UTC 2026","passed","Wed Oct 07 10:27:03 UTC 2026","Login — Smoke > Forgot Password","specs\Smoke\1-LoginSmoke.spec.ts","",""
"","13404","Typing a page number navigates to that page","firefox","Wed Oct 07 10:25:19 UTC 2026","passed","Wed Oct 07 10:25:33 UTC 2026","ACH — Smoke > Pagination","specs\Smoke\7-ACHSmoke.spec.ts","",""
"","5991","Default Decision Log sub-page loads correctly","firefox","Wed Oct 07 10:18:41 UTC 2026","passed","Wed Oct 07 10:18:47 UTC 2026","Application Navigation Smoke Tests > Settings Sub-navigation","specs\Smoke\2-NavigationSmoke.spec.ts","",""
"","4468","Check Approval Rules sub-page loads correctly","chromium","Wed Oct 07 10:12:08 UTC 2026","passed","Wed Oct 07 10:12:12 UTC 2026","Application Navigation Smoke Tests > Settings Sub-navigation","specs\Smoke\2-NavigationSmoke.spec.ts","",""
"","12979","""View"" (Change Log) link on a row navigates to the entity log","firefox","Wed Oct 07 10:22:34 UTC 2026","passed","Wed Oct 07 10:22:47 UTC 2026","Issued Checks — Smoke > Row Actions","specs\Smoke\4-IssuedChecksSmoke.spec.ts","",""
"","14414","ACH page loads correctly","firefox","Wed Oct 07 10:14:57 UTC 2026","passed","Wed Oct 07 10:15:12 UTC 2026","Application Navigation Smoke Tests > Top-level Navigation","specs\Smoke\2-NavigationSmoke.spec.ts","",""
"","3401","Validate Login functionality with incorrectUsername","firefox","Wed Oct 07 10:13:35 UTC 2026","passed","Wed Oct 07 10:13:39 UTC 2026","Login — Smoke > Login","specs\Smoke\1-LoginSmoke.spec.ts","",""
"","7315","Typing a page number navigates to that page","msedge","Wed Oct 07 10:32:35 UTC 2026","passed","Wed Oct 07 10:32:43 UTC 2026","Exceptions — Smoke > Exception History > Pagination","specs\Smoke\8-ExceptionsSmoke.spec.ts","",""
"","5081","""Edit"" link on a row navigates to the check edit form","msedge","Wed Oct 07 10:31:19 UTC 2026","passed","Wed Oct 07 10:31:24 UTC 2026","Presented Checks — Smoke > Row Actions","specs\Smoke\5-PresentedChecksSmoke.spec.ts","",""
"","4518","Saved Filters dropdown is visible and defaults to no preset","msedge","Wed Oct 07 10:30:44 UTC 2026","passed","Wed Oct 07 10:30:49 UTC 2026","Presented Checks — Smoke > Saved Filters","specs\Smoke\5-PresentedChecksSmoke.spec.ts","",""
"","6298","Last page arrow jumps to the final page","chromium","Wed Oct 07 10:17:01 UTC 2026","passed","Wed Oct 07 10:17:07 UTC 2026","ACH — Smoke > Pagination","specs\Smoke\7-ACHSmoke.spec.ts","",""
"","10826","Validate unauthenticated access to protected route is redirected to login","webkit","Wed Oct 07 10:13:52 UTC 2026","passed","Wed Oct 07 10:14:03 UTC 2026","Login — Smoke > Session & Security","specs\Smoke\1-LoginSmoke.spec.ts","",""
"","6154","Clicking a column header sorts ascending, clicking again sorts descending","msedge","Wed Oct 07 10:31:04 UTC 2026","passed","Wed Oct 07 10:31:11 UTC 2026","Presented Checks — Smoke > Sorting","specs\Smoke\5-PresentedChecksSmoke.spec.ts","",""
"","12108","Page size change to 10 updates pagination info in bottom-right pager","webkit","Wed Oct 07 10:16:45 UTC 2026","passed","Wed Oct 07 10:16:57 UTC 2026","Issued Checks — Smoke > Pagination","specs\Smoke\4-IssuedChecksSmoke.spec.ts","",""
"","4916","Billing Reports sub-page loads correctly","msedge","Wed Oct 07 10:27:00 UTC 2026","passed","Wed Oct 07 10:27:05 UTC 2026","Application Navigation Smoke Tests > Settings Sub-navigation","specs\Smoke\2-NavigationSmoke.spec.ts","",""
"","10820","Typing a page number navigates to that page","webkit","Wed Oct 07 10:19:36 UTC 2026","passed","Wed Oct 07 10:19:47 UTC 2026","Presented Checks — Smoke > Pagination","specs\Smoke\5-PresentedChecksSmoke.spec.ts","",""
"","13164","Verify Home dashboard is restored after returning from another page","firefox","Wed Oct 07 10:17:45 UTC 2026","passed","Wed Oct 07 10:17:59 UTC 2026","Home Dashboard > Summary Stats","specs\Smoke\3-HomeDashboardSmoke.spec.ts","",""
"","11850","Roles/Permissions sub-page loads correctly","firefox","Wed Oct 07 10:16:30 UTC 2026","passed","Wed Oct 07 10:16:42 UTC 2026","Application Navigation Smoke Tests > Settings Sub-navigation","specs\Smoke\2-NavigationSmoke.spec.ts","",""
"","11177","Saved Filters dropdown is visible and defaults to no preset","webkit","Wed Oct 07 10:24:09 UTC 2026","passed","Wed Oct 07 10:24:20 UTC 2026","Exceptions — Smoke > Exception History > Saved Filters","specs\Smoke\8-ExceptionsSmoke.spec.ts","",""
"","11033","Page size change to 10 updates pagination info in bottom-right pager","firefox","Wed Oct 07 10:24:43 UTC 2026","passed","Wed Oct 07 10:24:54 UTC 2026","ACH — Smoke > Pagination","specs\Smoke\7-ACHSmoke.spec.ts","",""
"","10013","Validate Login functionality with correctCredentials","chromium","Wed Oct 07 10:10:29 UTC 2026","passed","Wed Oct 07 10:10:39 UTC 2026","Login — Smoke > Login","specs\Smoke\1-LoginSmoke.spec.ts","",""
"","4548","Validate Login functionality with sqlInjection","chromium","Wed Oct 07 10:11:13 UTC 2026","passed","Wed Oct 07 10:11:18 UTC 2026","Login — Smoke > Login","specs\Smoke\1-LoginSmoke.spec.ts","",""
"","6052","Typing a page number navigates to that page","chromium","Wed Oct 07 10:17:07 UTC 2026","passed","Wed Oct 07 10:17:13 UTC 2026","ACH — Smoke > Pagination","specs\Smoke\7-ACHSmoke.spec.ts","",""
"","5297","Check Approval Rules sub-page loads correctly","msedge","Wed Oct 07 10:27:35 UTC 2026","passed","Wed Oct 07 10:27:40 UTC 2026","Application Navigation Smoke Tests > Settings Sub-navigation","specs\Smoke\2-NavigationSmoke.spec.ts","",""
"","5575","Verify ACH Only tab shows ACH-specific chart sections","chromium","Wed Oct 07 10:12:21 UTC 2026","passed","Wed Oct 07 10:12:27 UTC 2026","Home Dashboard > Dashboard Chart Headings","specs\Smoke\3-HomeDashboardSmoke.spec.ts","",""
"","7143","""Delete"" on a row shows a confirm modal; Cancel dismisses it without deleting","chromium","Wed Oct 07 10:18:39 UTC 2026","passed","Wed Oct 07 10:18:46 UTC 2026","ACH — Smoke > Row Actions","specs\Smoke\7-ACHSmoke.spec.ts","",""
"","5676","Decision Files sub-page loads correctly","chromium","Wed Oct 07 10:11:41 UTC 2026","passed","Wed Oct 07 10:11:47 UTC 2026","Application Navigation Smoke Tests > Settings Sub-navigation","specs\Smoke\2-NavigationSmoke.spec.ts","",""
"","11803","Holiday Schedules sub-page loads correctly","firefox","Wed Oct 07 10:17:16 UTC 2026","passed","Wed Oct 07 10:17:28 UTC 2026","Application Navigation Smoke Tests > Settings Sub-navigation","specs\Smoke\2-NavigationSmoke.spec.ts","",""
"","11010","Issued Checks breadcrumb link is visible on the page","webkit","Wed Oct 07 10:20:59 UTC 2026","passed","Wed Oct 07 10:21:10 UTC 2026","Issued Checks — Smoke > Breadcrumb","specs\Smoke\4-IssuedChecksSmoke.spec.ts","",""
"","4383","Validate forgot password functionality with No email","chromium","Wed Oct 07 10:11:31 UTC 2026","passed","Wed Oct 07 10:11:36 UTC 2026","Login — Smoke > Forgot Password","specs\Smoke\1-LoginSmoke.spec.ts","",""
"","43031","Exceptions page loads correctly","firefox","Wed Oct 07 10:15:12 UTC 2026","passed","Wed Oct 07 10:15:55 UTC 2026","Application Navigation Smoke Tests > Top-level Navigation","specs\Smoke\2-NavigationSmoke.spec.ts","",""
"","8722","Next page arrow advances to page 2","chromium","Wed Oct 07 10:15:10 UTC 2026","passed","Wed Oct 07 10:15:19 UTC 2026","Presented Checks — Smoke > Pagination","specs\Smoke\5-PresentedChecksSmoke.spec.ts","",""
"","8852","File Formats sub-page loads correctly","webkit","Wed Oct 07 10:13:47 UTC 2026","passed","Wed Oct 07 10:13:56 UTC 2026","Application Navigation Smoke Tests > Settings Sub-navigation","specs\Smoke\2-NavigationSmoke.spec.ts","",""
"","11921","Last page arrow jumps to the final page","firefox","Wed Oct 07 10:20:25 UTC 2026","passed","Wed Oct 07 10:20:37 UTC 2026","Issued Checks — Smoke > Pagination","specs\Smoke\4-IssuedChecksSmoke.spec.ts","",""
"","4430","Validate forgot password with unregistered email","chromium","Wed Oct 07 10:11:36 UTC 2026","passed","Wed Oct 07 10:11:40 UTC 2026","Login — Smoke > Forgot Password","specs\Smoke\1-LoginSmoke.spec.ts","",""
"","5930","""+ Add ACH"" navigates to the add-ACH form","chromium","Wed Oct 07 10:16:21 UTC 2026","passed","Wed Oct 07 10:16:27 UTC 2026","ACH — Smoke > Navigation","specs\Smoke\7-ACHSmoke.spec.ts","",""
"","5370","Holiday Schedules sub-page loads correctly","chromium","Wed Oct 07 10:11:47 UTC 2026","passed","Wed Oct 07 10:11:52 UTC 2026","Application Navigation Smoke Tests > Settings Sub-navigation","specs\Smoke\2-NavigationSmoke.spec.ts","",""
"","25587","Save a filter preset, verify it is auto-selected, then delete it","webkit","Wed Oct 07 10:24:20 UTC 2026","passed","Wed Oct 07 10:24:46 UTC 2026","Exceptions — Smoke > Exception History > Saved Filters","specs\Smoke\8-ExceptionsSmoke.spec.ts","",""
"","11841","Page size change to 10 updates pagination info in bottom-right pager","webkit","Wed Oct 07 10:22:33 UTC 2026","passed","Wed Oct 07 10:22:45 UTC 2026","ACH — Smoke > Pagination","specs\Smoke\7-ACHSmoke.spec.ts","",""
"","3977","Pre-Decisions page loads with either records or the empty-state message","msedge","Wed Oct 07 10:34:00 UTC 2026","passed","Wed Oct 07 10:34:04 UTC 2026","Exceptions — Smoke > Pre-Decisions","specs\Smoke\8-ExceptionsSmoke.spec.ts","",""
"","6720","Validate Login functionality with caseSensitiveEmail","firefox","Wed Oct 07 10:13:25 UTC 2026","passed","Wed Oct 07 10:13:32 UTC 2026","Login — Smoke > Login","specs\Smoke\1-LoginSmoke.spec.ts","",""
"","17260","Column filter popup applies a filter and Clear restores the full row set","webkit","Wed Oct 07 10:20:58 UTC 2026","passed","Wed Oct 07 10:21:16 UTC 2026","Presented Checks — Smoke > Column Filter","specs\Smoke\5-PresentedChecksSmoke.spec.ts","",""
"","11188","Page size change to 10 updates pagination info in bottom-right pager","firefox","Wed Oct 07 10:19:59 UTC 2026","passed","Wed Oct 07 10:20:10 UTC 2026","Issued Checks — Smoke > Pagination","specs\Smoke\4-IssuedChecksSmoke.spec.ts","",""
"","4816","Validate Login functionality with invalidEmailFormat","msedge","Wed Oct 07 10:26:14 UTC 2026","passed","Wed Oct 07 10:26:18 UTC 2026","Login — Smoke > Login","specs\Smoke\1-LoginSmoke.spec.ts","",""
"","4436","Validate Login functionality with xssInUsername","chromium","Wed Oct 07 10:11:18 UTC 2026","passed","Wed Oct 07 10:11:22 UTC 2026","Login — Smoke > Login","specs\Smoke\1-LoginSmoke.spec.ts","",""
"","18109","Default filter auto-applies after logout and re-login","firefox","Wed Oct 07 10:21:37 UTC 2026","skipped","Wed Oct 07 10:21:55 UTC 2026","Issued Checks — Smoke > Saved Filters > Default Filter","specs\Smoke\4-IssuedChecksSmoke.spec.ts","",""
"","26449","Save a filter preset, verify it is auto-selected, then delete it","webkit","Wed Oct 07 10:20:08 UTC 2026","passed","Wed Oct 07 10:20:35 UTC 2026","Presented Checks — Smoke > Saved Filters","specs\Smoke\5-PresentedChecksSmoke.spec.ts","",""
"","11276","Clicking a column header sorts ascending, clicking again sorts descending","firefox","Wed Oct 07 10:21:55 UTC 2026","passed","Wed Oct 07 10:22:06 UTC 2026","Issued Checks — Smoke > Sorting","specs\Smoke\4-IssuedChecksSmoke.spec.ts","",""
"","9536","Default filter auto-applies after logout and re-login","firefox","Wed Oct 07 10:26:27 UTC 2026","skipped","Wed Oct 07 10:26:37 UTC 2026","ACH — Smoke > Saved Filters > Default Filter","specs\Smoke\7-ACHSmoke.spec.ts","",""
"","5744","Last page arrow jumps to the final page","msedge","Wed Oct 07 10:29:20 UTC 2026","passed","Wed Oct 07 10:29:26 UTC 2026","Issued Checks — Smoke > Pagination","specs\Smoke\4-IssuedChecksSmoke.spec.ts","",""
"","7439","Validate Login functionality with veryLongInput","webkit","Wed Oct 07 10:12:59 UTC 2026","passed","Wed Oct 07 10:13:07 UTC 2026","Login — Smoke > Login","specs\Smoke\1-LoginSmoke.spec.ts","",""
"","6700","Verify dashboard tab checked state updates correctly","chromium","Wed Oct 07 10:12:27 UTC 2026","passed","Wed Oct 07 10:12:33 UTC 2026","Home Dashboard > Dashboard Chart Headings","specs\Smoke\3-HomeDashboardSmoke.spec.ts","",""
"","13353","Clicking a column header sorts ascending, clicking again sorts descending","webkit","Wed Oct 07 10:24:29 UTC 2026","passed","Wed Oct 07 10:24:42 UTC 2026","ACH — Smoke > Sorting","specs\Smoke\7-ACHSmoke.spec.ts","",""
"","9210","Presented Checks breadcrumb link is visible on the page","webkit","Wed Oct 07 10:22:00 UTC 2026","passed","Wed Oct 07 10:22:09 UTC 2026","Presented Checks — Smoke > Breadcrumb","specs\Smoke\5-PresentedChecksSmoke.spec.ts","",""
"","3011","Automatic ACH Decision Rules sub-page loads correctly","chromium","Wed Oct 07 10:12:12 UTC 2026","passed","Wed Oct 07 10:12:15 UTC 2026","Application Navigation Smoke Tests > Settings Sub-navigation","specs\Smoke\2-NavigationSmoke.spec.ts","",""
"","6072","""Edit"" link on a row navigates to the check edit form","msedge","Wed Oct 07 10:30:14 UTC 2026","passed","Wed Oct 07 10:30:20 UTC 2026","Issued Checks — Smoke > Row Actions","specs\Smoke\4-IssuedChecksSmoke.spec.ts","",""
"","8993","Validate Login functionality with incorrectUsername","webkit","Wed Oct 07 10:11:54 UTC 2026","passed","Wed Oct 07 10:12:03 UTC 2026","Login — Smoke > Login","specs\Smoke\1-LoginSmoke.spec.ts","",""
"","4089","Teller page loads correctly","chromium","Wed Oct 07 10:10:55 UTC 2026","passed","Wed Oct 07 10:10:59 UTC 2026","Application Navigation Smoke Tests > Top-level Navigation","specs\Smoke\2-NavigationSmoke.spec.ts","",""
"","6011","Grid loads with data rows and key column headers","chromium","Wed Oct 07 10:12:59 UTC 2026","passed","Wed Oct 07 10:13:05 UTC 2026","Issued Checks — Smoke > Grid","specs\Smoke\4-IssuedChecksSmoke.spec.ts","",""
"","8060","Exceptions page loads correctly","webkit","Wed Oct 07 10:12:22 UTC 2026","passed","Wed Oct 07 10:12:31 UTC 2026","Application Navigation Smoke Tests > Top-level Navigation","specs\Smoke\2-NavigationSmoke.spec.ts","",""
"","4711","File Formats sub-page loads correctly","chromium","Wed Oct 07 10:11:52 UTC 2026","passed","Wed Oct 07 10:11:57 UTC 2026","Application Navigation Smoke Tests > Settings Sub-navigation","specs\Smoke\2-NavigationSmoke.spec.ts","",""
"","10614","""Edit"" link on a row navigates to the check edit form","webkit","Wed Oct 07 10:20:26 UTC 2026","passed","Wed Oct 07 10:20:37 UTC 2026","Issued Checks — Smoke > Row Actions","specs\Smoke\4-IssuedChecksSmoke.spec.ts","",""
"","11888","Clicking a column header sorts ascending, clicking again sorts descending","webkit","Wed Oct 07 10:19:36 UTC 2026","passed","Wed Oct 07 10:19:47 UTC 2026","Issued Checks — Smoke > Sorting","specs\Smoke\4-IssuedChecksSmoke.spec.ts","",""
"","7870","Page size change to 10 updates pagination info in bottom-right pager","chromium","Wed Oct 07 10:13:39 UTC 2026","passed","Wed Oct 07 10:13:47 UTC 2026","Issued Checks — Smoke > Pagination","specs\Smoke\4-IssuedChecksSmoke.spec.ts","",""
"","10842","Billing Reports sub-page loads correctly","firefox","Wed Oct 07 10:16:53 UTC 2026","passed","Wed Oct 07 10:17:04 UTC 2026","Application Navigation Smoke Tests > Settings Sub-navigation","specs\Smoke\2-NavigationSmoke.spec.ts","",""
"","4951","ACH page loads correctly","chromium","Wed Oct 07 10:10:59 UTC 2026","passed","Wed Oct 07 10:11:04 UTC 2026","Application Navigation Smoke Tests > Top-level Navigation","specs\Smoke\2-NavigationSmoke.spec.ts","",""
"","6812","Excel export button is visible and enabled","chromium","Wed Oct 07 10:17:30 UTC 2026","passed","Wed Oct 07 10:17:37 UTC 2026","Exceptions — Smoke > Exception History > Toolbar","specs\Smoke\8-ExceptionsSmoke.spec.ts","",""
"","6646","Excel export button is visible and enabled","chromium","Wed Oct 07 10:16:41 UTC 2026","passed","Wed Oct 07 10:16:47 UTC 2026","ACH — Smoke > Toolbar","specs\Smoke\7-ACHSmoke.spec.ts","",""
"","11892","Verify chart title changes with selected tab","firefox","Wed Oct 07 10:16:18 UTC 2026","passed","Wed Oct 07 10:16:30 UTC 2026","Home Dashboard > Dashboard Chart Headings","specs\Smoke\3-HomeDashboardSmoke.spec.ts","",""
"","7695","Last page arrow jumps to the final page","msedge","Wed Oct 07 10:32:28 UTC 2026","passed","Wed Oct 07 10:32:35 UTC 2026","Exceptions — Smoke > Exception History > Pagination","specs\Smoke\8-ExceptionsSmoke.spec.ts","",""
"","9910","Automatic Check Decision Rules sub-page loads correctly","firefox","Wed Oct 07 10:17:46 UTC 2026","passed","Wed Oct 07 10:17:56 UTC 2026","Application Navigation Smoke Tests > Settings Sub-navigation","specs\Smoke\2-NavigationSmoke.spec.ts","",""
"","9616","File Formats sub-page loads correctly","firefox","Wed Oct 07 10:17:28 UTC 2026","passed","Wed Oct 07 10:17:38 UTC 2026","Application Navigation Smoke Tests > Settings Sub-navigation","specs\Smoke\2-NavigationSmoke.spec.ts","",""
"","27802","Pay/Return decision badge navigates to exception history","webkit","Wed Oct 07 10:25:27 UTC 2026","passed","Wed Oct 07 10:25:54 UTC 2026","ACH — Smoke > Row Actions","specs\Smoke\7-ACHSmoke.spec.ts","",""
"","11086","Clicking a column header sorts ascending, clicking again sorts descending","firefox","Wed Oct 07 10:26:37 UTC 2026","passed","Wed Oct 07 10:26:48 UTC 2026","ACH — Smoke > Sorting","specs\Smoke\7-ACHSmoke.spec.ts","",""
"","25421","Save a filter preset, verify it is auto-selected, then delete it","webkit","Wed Oct 07 10:23:53 UTC 2026","passed","Wed Oct 07 10:24:18 UTC 2026","ACH — Smoke > Saved Filters","specs\Smoke\7-ACHSmoke.spec.ts","",""
"","16091","Previous page button returns to page 1, First page button re-enables disabled state","firefox","Wed Oct 07 10:20:52 UTC 2026","passed","Wed Oct 07 10:21:08 UTC 2026","Issued Checks — Smoke > Pagination","specs\Smoke\4-IssuedChecksSmoke.spec.ts","",""
"","11352","""+ Add Check"" navigates to the add-check form","webkit","Wed Oct 07 10:15:58 UTC 2026","passed","Wed Oct 07 10:16:10 UTC 2026","Issued Checks — Smoke > Navigation","specs\Smoke\4-IssuedChecksSmoke.spec.ts","",""
"","7477","Clicking a column header sorts ascending, clicking again sorts descending","chromium","Wed Oct 07 10:18:12 UTC 2026","passed","Wed Oct 07 10:18:19 UTC 2026","ACH — Smoke > Sorting","specs\Smoke\7-ACHSmoke.spec.ts","",""
"","5155","Clicking a column header sorts ascending, clicking again sorts descending","msedge","Wed Oct 07 10:33:11 UTC 2026","passed","Wed Oct 07 10:33:16 UTC 2026","Exceptions — Smoke > Exception History > Sorting","specs\Smoke\8-ExceptionsSmoke.spec.ts","",""
"","3653","Exceptions breadcrumb link is visible on the page","chromium","Wed Oct 07 10:19:32 UTC 2026","passed","Wed Oct 07 10:19:35 UTC 2026","Exceptions — Smoke > Exception History > Breadcrumb","specs\Smoke\8-ExceptionsSmoke.spec.ts","",""
"","4997","Presented Checks page loads correctly","msedge","Wed Oct 07 10:26:06 UTC 2026","passed","Wed Oct 07 10:26:11 UTC 2026","Application Navigation Smoke Tests > Top-level Navigation","specs\Smoke\2-NavigationSmoke.spec.ts","",""
"","8248","Notification Templates sub-page loads correctly","firefox","Wed Oct 07 10:17:38 UTC 2026","passed","Wed Oct 07 10:17:46 UTC 2026","Application Navigation Smoke Tests > Settings Sub-navigation","specs\Smoke\2-NavigationSmoke.spec.ts","",""
"","11678","Save a filter preset, verify it is auto-selected, then delete it","chromium","Wed Oct 07 10:18:28 UTC 2026","passed","Wed Oct 07 10:18:40 UTC 2026","Exceptions — Smoke > Exception History > Saved Filters","specs\Smoke\8-ExceptionsSmoke.spec.ts","",""
"","12315","Exception History grid loads with data rows and key column headers","firefox","Wed Oct 07 10:24:05 UTC 2026","passed","Wed Oct 07 10:24:17 UTC 2026","Exceptions — Smoke > Exception History > Grid","specs\Smoke\8-ExceptionsSmoke.spec.ts","",""
"","5434","Web Hooks sub-page loads correctly","msedge","Wed Oct 07 10:28:25 UTC 2026","passed","Wed Oct 07 10:28:30 UTC 2026","Application Navigation Smoke Tests > Settings Sub-navigation","specs\Smoke\2-NavigationSmoke.spec.ts","",""
"","27448","Default filter auto-applies after logout and re-login","chromium","Wed Oct 07 10:18:40 UTC 2026","passed","Wed Oct 07 10:19:07 UTC 2026","Exceptions — Smoke > Exception History > Saved Filters > Default Filter","specs\Smoke\8-ExceptionsSmoke.spec.ts","",""
"","13634","Business Clients sub-page loads correctly","firefox","Wed Oct 07 10:16:07 UTC 2026","passed","Wed Oct 07 10:16:21 UTC 2026","Application Navigation Smoke Tests > Settings Sub-navigation","specs\Smoke\2-NavigationSmoke.spec.ts","",""
"","12554","""+ Add Check"" navigates to the add-check form","firefox","Wed Oct 07 10:19:08 UTC 2026","passed","Wed Oct 07 10:19:21 UTC 2026","Issued Checks — Smoke > Navigation","specs\Smoke\4-IssuedChecksSmoke.spec.ts","",""
"","9875","Validate Login functionality with missingUsername","webkit","Wed Oct 07 10:12:33 UTC 2026","passed","Wed Oct 07 10:12:43 UTC 2026","Login — Smoke > Login","specs\Smoke\1-LoginSmoke.spec.ts","",""
"","4354","Validate Login functionality with missingPassword","chromium","Wed Oct 07 10:11:04 UTC 2026","passed","Wed Oct 07 10:11:09 UTC 2026","Login — Smoke > Login","specs\Smoke\1-LoginSmoke.spec.ts","",""
"","6024","Validate Login functionality with xssInUsername","firefox","Wed Oct 07 10:13:55 UTC 2026","passed","Wed Oct 07 10:14:01 UTC 2026","Login — Smoke > Login","specs\Smoke\1-LoginSmoke.spec.ts","",""
"","18326","Column filter menu applies a filter and Clear restores the full row set","webkit","Wed Oct 07 10:25:01 UTC 2026","passed","Wed Oct 07 10:25:20 UTC 2026","Exceptions — Smoke > Exception History > Column Filter","specs\Smoke\8-ExceptionsSmoke.spec.ts","",""
"","17670","Previous page button returns to page 1, First page button re-enables disabled state","webkit","Wed Oct 07 10:17:37 UTC 2026","passed","Wed Oct 07 10:17:54 UTC 2026","Issued Checks — Smoke > Pagination","specs\Smoke\4-IssuedChecksSmoke.spec.ts","",""
"","10217","Verify Check Only tab shows Check-specific chart sections","webkit","Wed Oct 07 10:14:44 UTC 2026","passed","Wed Oct 07 10:14:54 UTC 2026","Home Dashboard > Dashboard Chart Headings","specs\Smoke\3-HomeDashboardSmoke.spec.ts","",""
"","5785","Home page is accessible and shows dashboard","chromium","Wed Oct 07 10:10:29 UTC 2026","passed","Wed Oct 07 10:10:35 UTC 2026","Application Navigation Smoke Tests > Top-level Navigation","specs\Smoke\2-NavigationSmoke.spec.ts","",""
"","2849","Validate Login functionality with missingPassword","firefox","Wed Oct 07 10:13:45 UTC 2026","passed","Wed Oct 07 10:13:48 UTC 2026","Login — Smoke > Login","specs\Smoke\1-LoginSmoke.spec.ts","",""
"","11558","Issued Checks page loads correctly","webkit","Wed Oct 07 10:11:39 UTC 2026","passed","Wed Oct 07 10:11:51 UTC 2026","Application Navigation Smoke Tests > Top-level Navigation","specs\Smoke\2-NavigationSmoke.spec.ts","",""
"","5702","Verify all three dashboard view tabs are visible","msedge","Wed Oct 07 10:27:34 UTC 2026","passed","Wed Oct 07 10:27:40 UTC 2026","Home Dashboard > Page Load","specs\Smoke\3-HomeDashboardSmoke.spec.ts","",""
"","19722","""Uploaded Checks"" navigates to the uploads page","firefox","Wed Oct 07 10:19:21 UTC 2026","passed","Wed Oct 07 10:19:41 UTC 2026","Issued Checks — Smoke > Navigation","specs\Smoke\4-IssuedChecksSmoke.spec.ts","",""
"","11470","Excel export button is visible and enabled","webkit","Wed Oct 07 10:16:34 UTC 2026","passed","Wed Oct 07 10:16:45 UTC 2026","Issued Checks — Smoke > Toolbar","specs\Smoke\4-IssuedChecksSmoke.spec.ts","",""
"","5961","Verify profile menu shows My Info and Logout links","chromium","Wed Oct 07 10:13:09 UTC 2026","passed","Wed Oct 07 10:13:15 UTC 2026","Home Dashboard > Summary Stats","specs\Smoke\3-HomeDashboardSmoke.spec.ts","",""
"","6717","""Uploaded Checks"" navigates to the uploads page","msedge","Wed Oct 07 10:28:48 UTC 2026","passed","Wed Oct 07 10:28:55 UTC 2026","Issued Checks — Smoke > Navigation","specs\Smoke\4-IssuedChecksSmoke.spec.ts","",""
"","17402","Column filter popup applies a filter and Clear restores the full row set","firefox","Wed Oct 07 10:22:48 UTC 2026","passed","Wed Oct 07 10:23:05 UTC 2026","Presented Checks — Smoke > Column Filter","specs\Smoke\5-PresentedChecksSmoke.spec.ts","",""
"","10890","Search box filters grid and clears correctly","firefox","Wed Oct 07 10:19:41 UTC 2026","passed","Wed Oct 07 10:19:51 UTC 2026","Issued Checks — Smoke > Toolbar","specs\Smoke\4-IssuedChecksSmoke.spec.ts","",""
"","5418","Validate Login functionality with sqlInjection","msedge","Wed Oct 07 10:26:35 UTC 2026","passed","Wed Oct 07 10:26:40 UTC 2026","Login — Smoke > Login","specs\Smoke\1-LoginSmoke.spec.ts","",""
"","7446","Grid loads with data rows and key column headers","chromium","Wed Oct 07 10:14:01 UTC 2026","passed","Wed Oct 07 10:14:09 UTC 2026","Presented Checks — Smoke > Grid","specs\Smoke\5-PresentedChecksSmoke.spec.ts","",""
"","6629","Last page arrow jumps to the final page","msedge","Wed Oct 07 10:30:25 UTC 2026","passed","Wed Oct 07 10:30:32 UTC 2026","Presented Checks — Smoke > Pagination","specs\Smoke\5-PresentedChecksSmoke.spec.ts","",""
"","7143","Search box filters grid and clears correctly","chromium","Wed Oct 07 10:17:23 UTC 2026","passed","Wed Oct 07 10:17:30 UTC 2026","Exceptions — Smoke > Exception History > Toolbar","specs\Smoke\8-ExceptionsSmoke.spec.ts","",""
"","11252","Verify profile menu shows My Info and Logout links","webkit","Wed Oct 07 10:16:34 UTC 2026","passed","Wed Oct 07 10:16:46 UTC 2026","Home Dashboard > Summary Stats","specs\Smoke\3-HomeDashboardSmoke.spec.ts","",""
"","11878","Verify delayed data note and force refresh link are visible on dashboard","webkit","Wed Oct 07 10:16:09 UTC 2026","passed","Wed Oct 07 10:16:21 UTC 2026","Home Dashboard > Summary Stats","specs\Smoke\3-HomeDashboardSmoke.spec.ts","",""
"","11196","Previous page button returns to page 1, First page button re-enables disabled state","chromium","Wed Oct 07 10:18:08 UTC 2026","passed","Wed Oct 07 10:18:19 UTC 2026","Exceptions — Smoke > Exception History > Pagination","specs\Smoke\8-ExceptionsSmoke.spec.ts","",""
"","6224","Verify navigation to Settings via nav menu","msedge","Wed Oct 07 10:29:25 UTC 2026","passed","Wed Oct 07 10:29:32 UTC 2026","Home Dashboard > Navigation from Dashboard","specs\Smoke\3-HomeDashboardSmoke.spec.ts","",""
"","5382","Excel export button is visible and enabled","msedge","Wed Oct 07 10:29:02 UTC 2026","passed","Wed Oct 07 10:29:08 UTC 2026","Issued Checks — Smoke > Toolbar","specs\Smoke\4-IssuedChecksSmoke.spec.ts","",""
"","5244","Branding sub-page loads correctly","chromium","Wed Oct 07 10:11:32 UTC 2026","passed","Wed Oct 07 10:11:37 UTC 2026","Application Navigation Smoke Tests > Settings Sub-navigation","specs\Smoke\2-NavigationSmoke.spec.ts","",""
"","5136","Automatic Check Decision Rules sub-page loads correctly","chromium","Wed Oct 07 10:12:02 UTC 2026","passed","Wed Oct 07 10:12:07 UTC 2026","Application Navigation Smoke Tests > Settings Sub-navigation","specs\Smoke\2-NavigationSmoke.spec.ts","",""
"","13444","Issued Checks page loads correctly","firefox","Wed Oct 07 10:14:19 UTC 2026","passed","Wed Oct 07 10:14:32 UTC 2026","Application Navigation Smoke Tests > Top-level Navigation","specs\Smoke\2-NavigationSmoke.spec.ts","",""
"","13734","Home page is accessible and shows dashboard","firefox","Wed Oct 07 10:12:59 UTC 2026","passed","Wed Oct 07 10:13:12 UTC 2026","Application Navigation Smoke Tests > Top-level Navigation","specs\Smoke\2-NavigationSmoke.spec.ts","",""
"","5942","ACH Approval Rules sub-page loads correctly","firefox","Wed Oct 07 10:18:22 UTC 2026","passed","Wed Oct 07 10:18:28 UTC 2026","Application Navigation Smoke Tests > Settings Sub-navigation","specs\Smoke\2-NavigationSmoke.spec.ts","",""
"","8791","Verify dashboard loads after successful login","webkit","Wed Oct 07 10:14:03 UTC 2026","passed","Wed Oct 07 10:14:12 UTC 2026","Home Dashboard > Page Load","specs\Smoke\3-HomeDashboardSmoke.spec.ts","",""
"","16499","Previous page button returns to page 1, First page button re-enables disabled state","firefox","Wed Oct 07 10:25:47 UTC 2026","passed","Wed Oct 07 10:26:03 UTC 2026","Exceptions — Smoke > Exception History > Pagination","specs\Smoke\8-ExceptionsSmoke.spec.ts","",""
"","12660","""Uploaded Checks"" navigates to the uploads page","webkit","Wed Oct 07 10:18:30 UTC 2026","passed","Wed Oct 07 10:18:42 UTC 2026","Presented Checks — Smoke > Navigation","specs\Smoke\5-PresentedChecksSmoke.spec.ts","",""
"","5750","Verify dashboard footer footnote and privacy link are visible","msedge","Wed Oct 07 10:28:42 UTC 2026","passed","Wed Oct 07 10:28:48 UTC 2026","Home Dashboard > Summary Stats","specs\Smoke\3-HomeDashboardSmoke.spec.ts","",""
"","14172","Save a filter preset, verify it is auto-selected, then delete it","chromium","Wed Oct 07 10:14:31 UTC 2026","passed","Wed Oct 07 10:14:45 UTC 2026","Issued Checks — Smoke > Saved Filters","specs\Smoke\4-IssuedChecksSmoke.spec.ts","",""
"","9522","Verify navigation to Exceptions via nav menu","firefox","Wed Oct 07 10:18:25 UTC 2026","passed","Wed Oct 07 10:18:34 UTC 2026","Home Dashboard > Navigation from Dashboard","specs\Smoke\3-HomeDashboardSmoke.spec.ts","",""
"","21778","Validate Login functionality with correctCredentials","firefox","Wed Oct 07 10:12:59 UTC 2026","passed","Wed Oct 07 10:13:20 UTC 2026","Login — Smoke > Login","specs\Smoke\1-LoginSmoke.spec.ts","",""
"","4838","""Uploaded ACH"" navigates to the uploads page","chromium","Wed Oct 07 10:16:27 UTC 2026","passed","Wed Oct 07 10:16:32 UTC 2026","ACH — Smoke > Navigation","specs\Smoke\7-ACHSmoke.spec.ts","",""
"","7091","Verify navigation to Issued Checks via nav menu","firefox","Wed Oct 07 10:17:59 UTC 2026","passed","Wed Oct 07 10:18:06 UTC 2026","Home Dashboard > Navigation from Dashboard","specs\Smoke\3-HomeDashboardSmoke.spec.ts","",""
"","7638","Exceptions breadcrumb link is visible on the page","webkit","Wed Oct 07 10:26:00 UTC 2026","passed","Wed Oct 07 10:26:08 UTC 2026","Exceptions — Smoke > Exception History > Breadcrumb","specs\Smoke\8-ExceptionsSmoke.spec.ts","",""
"","10138","""Uploaded ACH"" navigates to the uploads page","webkit","Wed Oct 07 10:22:01 UTC 2026","passed","Wed Oct 07 10:22:11 UTC 2026","ACH — Smoke > Navigation","specs\Smoke\7-ACHSmoke.spec.ts","",""
"","12252","Last page arrow jumps to the final page","firefox","Wed Oct 07 10:25:07 UTC 2026","passed","Wed Oct 07 10:25:19 UTC 2026","ACH — Smoke > Pagination","specs\Smoke\7-ACHSmoke.spec.ts","",""
"","6339","Automatic ACH Decision Rules sub-page loads correctly","webkit","Wed Oct 07 10:14:20 UTC 2026","passed","Wed Oct 07 10:14:27 UTC 2026","Application Navigation Smoke Tests > Settings Sub-navigation","specs\Smoke\2-NavigationSmoke.spec.ts","",""
"","6191","Grid loads with data rows and key column headers","msedge","Wed Oct 07 10:28:30 UTC 2026","passed","Wed Oct 07 10:28:36 UTC 2026","Issued Checks — Smoke > Grid","specs\Smoke\4-IssuedChecksSmoke.spec.ts","",""
"","20561","""View"" link on a row opens the Exception Details dialog","webkit","Wed Oct 07 10:25:20 UTC 2026","passed","Wed Oct 07 10:25:40 UTC 2026","Exceptions — Smoke > Exception History > Row Actions","specs\Smoke\8-ExceptionsSmoke.spec.ts","",""
"","10030","Previous page button returns to page 1, First page button re-enables disabled state","chromium","Wed Oct 07 10:14:12 UTC 2026","passed","Wed Oct 07 10:14:22 UTC 2026","Issued Checks — Smoke > Pagination","specs\Smoke\4-IssuedChecksSmoke.spec.ts","",""
"","15250","Next page arrow advances to page 2","firefox","Wed Oct 07 10:20:10 UTC 2026","passed","Wed Oct 07 10:20:25 UTC 2026","Issued Checks — Smoke > Pagination","specs\Smoke\4-IssuedChecksSmoke.spec.ts","",""
"","5305","Default filter auto-applies after logout and re-login","msedge","Wed Oct 07 10:29:55 UTC 2026","skipped","Wed Oct 07 10:30:00 UTC 2026","Issued Checks — Smoke > Saved Filters > Default Filter","specs\Smoke\4-IssuedChecksSmoke.spec.ts","",""
"","15003","""Delete"" on a row shows a confirm modal; Cancel dismisses it without deleting","firefox","Wed Oct 07 10:23:28 UTC 2026","passed","Wed Oct 07 10:23:43 UTC 2026","Presented Checks — Smoke > Row Actions","specs\Smoke\5-PresentedChecksSmoke.spec.ts","",""
"","10897","Last page arrow jumps to the final page","chromium","Wed Oct 07 10:17:50 UTC 2026","passed","Wed Oct 07 10:18:01 UTC 2026","Exceptions — Smoke > Exception History > Pagination","specs\Smoke\8-ExceptionsSmoke.spec.ts","",""
"","10966","""+ Add Check"" navigates to the add-check form","webkit","Wed Oct 07 10:18:19 UTC 2026","passed","Wed Oct 07 10:18:30 UTC 2026","Presented Checks — Smoke > Navigation","specs\Smoke\5-PresentedChecksSmoke.spec.ts","",""
"","10869","API link is visible and points to swagger","firefox","Wed Oct 07 10:19:08 UTC 2026","passed","Wed Oct 07 10:19:18 UTC 2026","Application Navigation Smoke Tests > Settings Sub-navigation","specs\Smoke\2-NavigationSmoke.spec.ts","",""
"","21313","Grid loads with data rows and key column headers","firefox","Wed Oct 07 10:19:30 UTC 2026","passed","Wed Oct 07 10:19:51 UTC 2026","Presented Checks — Smoke > Grid","specs\Smoke\5-PresentedChecksSmoke.spec.ts","",""
"","12611","Verify navigation to Issued Checks via nav menu","webkit","Wed Oct 07 10:17:00 UTC 2026","passed","Wed Oct 07 10:17:13 UTC 2026","Home Dashboard > Navigation from Dashboard","specs\Smoke\3-HomeDashboardSmoke.spec.ts","",""
"","5798","Page size change to 10 updates pagination info in bottom-right pager","msedge","Wed Oct 07 10:32:15 UTC 2026","passed","Wed Oct 07 10:32:21 UTC 2026","Exceptions — Smoke > Exception History > Pagination","specs\Smoke\8-ExceptionsSmoke.spec.ts","",""
"","6635","Validate teller presented-check form shows all required fields","chromium","Wed Oct 07 10:15:58 UTC 2026","passed","Wed Oct 07 10:16:05 UTC 2026","Teller — Smoke > Add Check Form","specs\Smoke\6-TellerSmoke.spec.ts","",""
"","10264","API link is visible and points to swagger","webkit","Wed Oct 07 10:15:14 UTC 2026","passed","Wed Oct 07 10:15:24 UTC 2026","Application Navigation Smoke Tests > Settings Sub-navigation","specs\Smoke\2-NavigationSmoke.spec.ts","",""
"","9010","Default Decision Log sub-page loads correctly","webkit","Wed Oct 07 10:14:44 UTC 2026","passed","Wed Oct 07 10:14:53 UTC 2026","Application Navigation Smoke Tests > Settings Sub-navigation","specs\Smoke\2-NavigationSmoke.spec.ts","",""
"","11781","Verify navigation to Presented Checks via nav menu","webkit","Wed Oct 07 10:17:13 UTC 2026","passed","Wed Oct 07 10:17:24 UTC 2026","Home Dashboard > Navigation from Dashboard","specs\Smoke\3-HomeDashboardSmoke.spec.ts","",""
"","7290","Verify tab-specific charts are hidden for opposite tab","chromium","Wed Oct 07 10:12:40 UTC 2026","passed","Wed Oct 07 10:12:47 UTC 2026","Home Dashboard > Dashboard Chart Headings","specs\Smoke\3-HomeDashboardSmoke.spec.ts","",""
"","18892","Column filter popup applies a filter and Clear restores the full row set","webkit","Wed Oct 07 10:24:42 UTC 2026","passed","Wed Oct 07 10:25:01 UTC 2026","ACH — Smoke > Column Filter","specs\Smoke\7-ACHSmoke.spec.ts","",""
"","11153","Typing a page number navigates to that page","firefox","Wed Oct 07 10:21:26 UTC 2026","passed","Wed Oct 07 10:21:37 UTC 2026","Presented Checks — Smoke > Pagination","specs\Smoke\5-PresentedChecksSmoke.spec.ts","",""
"","4966","API link is visible and points to swagger","chromium","Wed Oct 07 10:12:48 UTC 2026","passed","Wed Oct 07 10:12:53 UTC 2026","Application Navigation Smoke Tests > Settings Sub-navigation","specs\Smoke\2-NavigationSmoke.spec.ts","",""
"","20227","Previous page button returns to page 1, First page button re-enables disabled state","webkit","Wed Oct 07 10:23:49 UTC 2026","passed","Wed Oct 07 10:24:09 UTC 2026","Exceptions — Smoke > Exception History > Pagination","specs\Smoke\8-ExceptionsSmoke.spec.ts","",""
"","5633","Page size change to 10 updates pagination info in bottom-right pager","msedge","Wed Oct 07 10:30:13 UTC 2026","passed","Wed Oct 07 10:30:18 UTC 2026","Presented Checks — Smoke > Pagination","specs\Smoke\5-PresentedChecksSmoke.spec.ts","",""
"","12915","Verify dashboard tab checked state updates correctly","firefox","Wed Oct 07 10:16:05 UTC 2026","passed","Wed Oct 07 10:16:18 UTC 2026","Home Dashboard > Dashboard Chart Headings","specs\Smoke\3-HomeDashboardSmoke.spec.ts","",""
"","4761","Pre-Decisions page loads with either records or the empty-state message","webkit","Wed Oct 07 10:26:30 UTC 2026","passed","Wed Oct 07 10:26:34 UTC 2026","Exceptions — Smoke > Pre-Decisions","specs\Smoke\8-ExceptionsSmoke.spec.ts","",""
"","7621","ACH breadcrumb link is visible on the page","chromium","Wed Oct 07 10:19:00 UTC 2026","passed","Wed Oct 07 10:19:08 UTC 2026","ACH — Smoke > Breadcrumb","specs\Smoke\7-ACHSmoke.spec.ts","",""
"","10890","Verify navigation to Exceptions via nav menu","webkit","Wed Oct 07 10:17:37 UTC 2026","passed","Wed Oct 07 10:17:48 UTC 2026","Home Dashboard > Navigation from Dashboard","specs\Smoke\3-HomeDashboardSmoke.spec.ts","",""
"","3065","Default filter auto-applies after logout and re-login","firefox","Wed Oct 07 10:26:40 UTC 2026","skipped","Wed Oct 07 10:26:43 UTC 2026","Exceptions — Smoke > Exception History > Saved Filters > Default Filter","specs\Smoke\8-ExceptionsSmoke.spec.ts","",""
"","5417","Teller page loads correctly","msedge","Wed Oct 07 10:26:11 UTC 2026","passed","Wed Oct 07 10:26:17 UTC 2026","Application Navigation Smoke Tests > Top-level Navigation","specs\Smoke\2-NavigationSmoke.spec.ts","",""
"","4457","Billing Reports sub-page loads correctly","chromium","Wed Oct 07 10:11:37 UTC 2026","passed","Wed Oct 07 10:11:41 UTC 2026","Application Navigation Smoke Tests > Settings Sub-navigation","specs\Smoke\2-NavigationSmoke.spec.ts","",""
"","12075","Typing a page number navigates to that page","webkit","Wed Oct 07 10:23:37 UTC 2026","passed","Wed Oct 07 10:23:49 UTC 2026","Exceptions — Smoke > Exception History > Pagination","specs\Smoke\8-ExceptionsSmoke.spec.ts","",""
"","16592","Previous page button returns to page 1, First page button re-enables disabled state","firefox","Wed Oct 07 10:25:33 UTC 2026","passed","Wed Oct 07 10:25:49 UTC 2026","ACH — Smoke > Pagination","specs\Smoke\7-ACHSmoke.spec.ts","",""
"","12225","Verify navigation to ACH via nav menu","webkit","Wed Oct 07 10:17:24 UTC 2026","passed","Wed Oct 07 10:17:37 UTC 2026","Home Dashboard > Navigation from Dashboard","specs\Smoke\3-HomeDashboardSmoke.spec.ts","",""
"","3537","Validate Login functionality with invalidEmailFormat","firefox","Wed Oct 07 10:13:39 UTC 2026","passed","Wed Oct 07 10:13:42 UTC 2026","Login — Smoke > Login","specs\Smoke\1-LoginSmoke.spec.ts","",""
"","11546","Exceptions breadcrumb link is visible on the page","firefox","Wed Oct 07 10:27:51 UTC 2026","passed","Wed Oct 07 10:28:02 UTC 2026","Exceptions — Smoke > Exception History > Breadcrumb","specs\Smoke\8-ExceptionsSmoke.spec.ts","",""
"","12058","Last page arrow jumps to the final page","webkit","Wed Oct 07 10:19:24 UTC 2026","passed","Wed Oct 07 10:19:36 UTC 2026","Presented Checks — Smoke > Pagination","specs\Smoke\5-PresentedChecksSmoke.spec.ts","",""
"","11847","""View"" (Change Log) link on a row navigates to the entity log","firefox","Wed Oct 07 10:27:04 UTC 2026","passed","Wed Oct 07 10:27:16 UTC 2026","ACH — Smoke > Row Actions","specs\Smoke\7-ACHSmoke.spec.ts","",""
"","8159","Saved Filters dropdown is visible and defaults to no preset","chromium","Wed Oct 07 10:14:22 UTC 2026","passed","Wed Oct 07 10:14:31 UTC 2026","Issued Checks — Smoke > Saved Filters","specs\Smoke\4-IssuedChecksSmoke.spec.ts","",""
"","7607","Billing Reports sub-page loads correctly","webkit","Wed Oct 07 10:13:21 UTC 2026","passed","Wed Oct 07 10:13:29 UTC 2026","Application Navigation Smoke Tests > Settings Sub-navigation","specs\Smoke\2-NavigationSmoke.spec.ts","",""
"","10679","Validate forgot password functionality with No email","firefox","Wed Oct 07 10:14:19 UTC 2026","passed","Wed Oct 07 10:14:29 UTC 2026","Login — Smoke > Forgot Password","specs\Smoke\1-LoginSmoke.spec.ts","",""
"","11086","Web Hooks sub-page loads correctly","firefox","Wed Oct 07 10:19:18 UTC 2026","passed","Wed Oct 07 10:19:29 UTC 2026","Application Navigation Smoke Tests > Settings Sub-navigation","specs\Smoke\2-NavigationSmoke.spec.ts","",""
"","5553","""+ Add ACH"" navigates to the add-ACH form","msedge","Wed Oct 07 10:31:02 UTC 2026","passed","Wed Oct 07 10:31:07 UTC 2026","ACH — Smoke > Navigation","specs\Smoke\7-ACHSmoke.spec.ts","",""
"","16262","Validate session persists after page refresh","firefox","Wed Oct 07 10:14:37 UTC 2026","passed","Wed Oct 07 10:14:53 UTC 2026","Login — Smoke > Session & Security","specs\Smoke\1-LoginSmoke.spec.ts","",""
"","8506","Validate Login functionality with xssInUsername","webkit","Wed Oct 07 10:12:51 UTC 2026","passed","Wed Oct 07 10:12:59 UTC 2026","Login — Smoke > Login","specs\Smoke\1-LoginSmoke.spec.ts","",""
"","5021","Pre-Decisions page loads with either records or the empty-state message","firefox","Wed Oct 07 10:28:26 UTC 2026","passed","Wed Oct 07 10:28:31 UTC 2026","Exceptions — Smoke > Pre-Decisions","specs\Smoke\8-ExceptionsSmoke.spec.ts","",""
"","12002","Grid loads with data rows and key column headers","firefox","Wed Oct 07 10:18:47 UTC 2026","passed","Wed Oct 07 10:18:59 UTC 2026","Issued Checks — Smoke > Grid","specs\Smoke\4-IssuedChecksSmoke.spec.ts","",""
"","7679","Verify navigation to Exceptions via nav menu","chromium","Wed Oct 07 10:13:46 UTC 2026","passed","Wed Oct 07 10:13:54 UTC 2026","Home Dashboard > Navigation from Dashboard","specs\Smoke\3-HomeDashboardSmoke.spec.ts","",""
"","5029","Validate unauthenticated access to protected route is redirected to login","chromium","Wed Oct 07 10:11:49 UTC 2026","passed","Wed Oct 07 10:11:54 UTC 2026","Login — Smoke > Session & Security","specs\Smoke\1-LoginSmoke.spec.ts","",""
"","12354","Search box filters grid and clears correctly","firefox","Wed Oct 07 10:24:31 UTC 2026","passed","Wed Oct 07 10:24:43 UTC 2026","Exceptions — Smoke > Exception History > Toolbar","specs\Smoke\8-ExceptionsSmoke.spec.ts","",""
"","9386","Check Approval Rules sub-page loads correctly","webkit","Wed Oct 07 10:14:11 UTC 2026","passed","Wed Oct 07 10:14:20 UTC 2026","Application Navigation Smoke Tests > Settings Sub-navigation","specs\Smoke\2-NavigationSmoke.spec.ts","",""
"","8192","Users sub-page loads correctly","webkit","Wed Oct 07 10:12:57 UTC 2026","passed","Wed Oct 07 10:13:05 UTC 2026","Application Navigation Smoke Tests > Settings Sub-navigation","specs\Smoke\2-NavigationSmoke.spec.ts","",""
"","13700","Last page arrow jumps to the final page","firefox","Wed Oct 07 10:25:19 UTC 2026","passed","Wed Oct 07 10:25:33 UTC 2026","Exceptions — Smoke > Exception History > Pagination","specs\Smoke\8-ExceptionsSmoke.spec.ts","",""
"","7759","ACH breadcrumb link is visible on the page","msedge","Wed Oct 07 10:33:04 UTC 2026","passed","Wed Oct 07 10:33:12 UTC 2026","ACH — Smoke > Breadcrumb","specs\Smoke\7-ACHSmoke.spec.ts","",""
"","5447","Navigation tabs to Pre-Decisions, Approvals, and Exception History are visible","firefox","Wed Oct 07 10:28:02 UTC 2026","passed","Wed Oct 07 10:28:08 UTC 2026","Exceptions — Smoke > Open Exceptions","specs\Smoke\8-ExceptionsSmoke.spec.ts","",""
"","11244","""Uploaded Checks"" navigates to the uploads page","webkit","Wed Oct 07 10:16:10 UTC 2026","passed","Wed Oct 07 10:16:21 UTC 2026","Issued Checks — Smoke > Navigation","specs\Smoke\4-IssuedChecksSmoke.spec.ts","",""
"","3757","Exceptions breadcrumb link is visible on the page","msedge","Wed Oct 07 10:33:36 UTC 2026","passed","Wed Oct 07 10:33:40 UTC 2026","Exceptions — Smoke > Exception History > Breadcrumb","specs\Smoke\8-ExceptionsSmoke.spec.ts","",""
"","7300","Clicking a column header sorts ascending, clicking again sorts descending","msedge","Wed Oct 07 10:32:21 UTC 2026","passed","Wed Oct 07 10:32:28 UTC 2026","ACH — Smoke > Sorting","specs\Smoke\7-ACHSmoke.spec.ts","",""
"","5107","""View"" (Change Log) link on a row navigates to the entity log","msedge","Wed Oct 07 10:31:24 UTC 2026","passed","Wed Oct 07 10:31:29 UTC 2026","Presented Checks — Smoke > Row Actions","specs\Smoke\5-PresentedChecksSmoke.spec.ts","",""
"","8892","Holiday Schedules sub-page loads correctly","webkit","Wed Oct 07 10:13:38 UTC 2026","passed","Wed Oct 07 10:13:47 UTC 2026","Application Navigation Smoke Tests > Settings Sub-navigation","specs\Smoke\2-NavigationSmoke.spec.ts","",""
"","12939","Search box filters grid and clears correctly","webkit","Wed Oct 07 10:22:32 UTC 2026","passed","Wed Oct 07 10:22:45 UTC 2026","Exceptions — Smoke > Exception History > Toolbar","specs\Smoke\8-ExceptionsSmoke.spec.ts","",""
"","6932","Verify chart title changes with selected tab","msedge","Wed Oct 07 10:28:10 UTC 2026","passed","Wed Oct 07 10:28:16 UTC 2026","Home Dashboard > Dashboard Chart Headings","specs\Smoke\3-HomeDashboardSmoke.spec.ts","",""
"","26595","Save a filter preset, verify it is auto-selected, then delete it","firefox","Wed Oct 07 10:26:14 UTC 2026","passed","Wed Oct 07 10:26:40 UTC 2026","Exceptions — Smoke > Exception History > Saved Filters","specs\Smoke\8-ExceptionsSmoke.spec.ts","",""
"","7609","File Processing sub-page loads correctly","msedge","Wed Oct 07 10:28:09 UTC 2026","passed","Wed Oct 07 10:28:17 UTC 2026","Application Navigation Smoke Tests > Settings Sub-navigation","specs\Smoke\2-NavigationSmoke.spec.ts","",""
"","9709","Validate forgot password functionality with No email","webkit","Wed Oct 07 10:13:16 UTC 2026","passed","Wed Oct 07 10:13:25 UTC 2026","Login — Smoke > Forgot Password","specs\Smoke\1-LoginSmoke.spec.ts","",""
"","19558","Decision badge on an already-reviewed row is blocked with a system message","webkit","Wed Oct 07 10:25:40 UTC 2026","passed","Wed Oct 07 10:26:00 UTC 2026","Exceptions — Smoke > Exception History > Row Actions","specs\Smoke\8-ExceptionsSmoke.spec.ts","",""
"","4910","ACH page loads correctly","msedge","Wed Oct 07 10:26:17 UTC 2026","passed","Wed Oct 07 10:26:22 UTC 2026","Application Navigation Smoke Tests > Top-level Navigation","specs\Smoke\2-NavigationSmoke.spec.ts","",""
"","12455","Search box filters grid and clears correctly","webkit","Wed Oct 07 10:22:11 UTC 2026","passed","Wed Oct 07 10:22:24 UTC 2026","ACH — Smoke > Toolbar","specs\Smoke\7-ACHSmoke.spec.ts","",""
"","5204","Account Settings sub-page loads correctly","msedge","Wed Oct 07 10:26:33 UTC 2026","passed","Wed Oct 07 10:26:38 UTC 2026","Application Navigation Smoke Tests > Settings Sub-navigation","specs\Smoke\2-NavigationSmoke.spec.ts","",""
"","5549","Saved Filters dropdown is visible and defaults to no preset","chromium","Wed Oct 07 10:17:22 UTC 2026","passed","Wed Oct 07 10:17:28 UTC 2026","ACH — Smoke > Saved Filters","specs\Smoke\7-ACHSmoke.spec.ts","",""
"","11074","File Processing sub-page loads correctly","webkit","Wed Oct 07 10:15:03 UTC 2026","passed","Wed Oct 07 10:15:14 UTC 2026","Application Navigation Smoke Tests > Settings Sub-navigation","specs\Smoke\2-NavigationSmoke.spec.ts","",""
"","19519","Check Approval Rules sub-page loads correctly","firefox","Wed Oct 07 10:17:56 UTC 2026","passed","Wed Oct 07 10:18:15 UTC 2026","Application Navigation Smoke Tests > Settings Sub-navigation","specs\Smoke\2-NavigationSmoke.spec.ts","",""
"","10784","Default filter auto-applies after logout and re-login","webkit","Wed Oct 07 10:19:25 UTC 2026","skipped","Wed Oct 07 10:19:36 UTC 2026","Issued Checks — Smoke > Saved Filters > Default Filter","specs\Smoke\4-IssuedChecksSmoke.spec.ts","",""
"","8135","Verify navigation to Presented Checks via nav menu","firefox","Wed Oct 07 10:18:06 UTC 2026","passed","Wed Oct 07 10:18:14 UTC 2026","Home Dashboard > Navigation from Dashboard","specs\Smoke\3-HomeDashboardSmoke.spec.ts","",""
"","5319","Roles/Permissions sub-page loads correctly","msedge","Wed Oct 07 10:26:49 UTC 2026","passed","Wed Oct 07 10:26:55 UTC 2026","Application Navigation Smoke Tests > Settings Sub-navigation","specs\Smoke\2-NavigationSmoke.spec.ts","",""
"","5015","Validate Login functionality with incorrectPassword","chromium","Wed Oct 07 10:10:46 UTC 2026","passed","Wed Oct 07 10:10:51 UTC 2026","Login — Smoke > Login","specs\Smoke\1-LoginSmoke.spec.ts","",""
"","6444","Holiday Schedules sub-page loads correctly","msedge","Wed Oct 07 10:27:11 UTC 2026","passed","Wed Oct 07 10:27:18 UTC 2026","Application Navigation Smoke Tests > Settings Sub-navigation","specs\Smoke\2-NavigationSmoke.spec.ts","",""
"","5938","""+ Add Check"" navigates to the add-check form","chromium","Wed Oct 07 10:13:10 UTC 2026","passed","Wed Oct 07 10:13:16 UTC 2026","Issued Checks — Smoke > Navigation","specs\Smoke\4-IssuedChecksSmoke.spec.ts","",""
"","5054","Navigation tabs to Pre-Decisions, Approvals, and Exception History are visible","msedge","Wed Oct 07 10:33:40 UTC 2026","passed","Wed Oct 07 10:33:45 UTC 2026","Exceptions — Smoke > Open Exceptions","specs\Smoke\8-ExceptionsSmoke.spec.ts","",""
"","10522","Presented Checks page loads correctly","webkit","Wed Oct 07 10:11:51 UTC 2026","passed","Wed Oct 07 10:12:01 UTC 2026","Application Navigation Smoke Tests > Top-level Navigation","specs\Smoke\2-NavigationSmoke.spec.ts","",""
"","6216","Page size change to 10 updates pagination info in bottom-right pager","chromium","Wed Oct 07 10:16:47 UTC 2026","passed","Wed Oct 07 10:16:54 UTC 2026","ACH — Smoke > Pagination","specs\Smoke\7-ACHSmoke.spec.ts","",""
"","7140","Excel export button is visible and enabled","firefox","Wed Oct 07 10:19:51 UTC 2026","passed","Wed Oct 07 10:19:59 UTC 2026","Issued Checks — Smoke > Toolbar","specs\Smoke\4-IssuedChecksSmoke.spec.ts","",""
"","9299","Previous page button returns to page 1, First page button re-enables disabled state","chromium","Wed Oct 07 10:17:13 UTC 2026","passed","Wed Oct 07 10:17:22 UTC 2026","ACH — Smoke > Pagination","specs\Smoke\7-ACHSmoke.spec.ts","",""
"","8011","Verify navigation to Presented Checks via nav menu","chromium","Wed Oct 07 10:13:31 UTC 2026","passed","Wed Oct 07 10:13:39 UTC 2026","Home Dashboard > Navigation from Dashboard","specs\Smoke\3-HomeDashboardSmoke.spec.ts","",""
"","6584","System Log sub-page loads correctly","chromium","Wed Oct 07 10:12:34 UTC 2026","passed","Wed Oct 07 10:12:40 UTC 2026","Application Navigation Smoke Tests > Settings Sub-navigation","specs\Smoke\2-NavigationSmoke.spec.ts","",""
"","5556","Validate forgot password functionality","msedge","Wed Oct 07 10:26:52 UTC 2026","passed","Wed Oct 07 10:26:57 UTC 2026","Login — Smoke > Forgot Password","specs\Smoke\1-LoginSmoke.spec.ts","",""
"","8841","Validate Login functionality with missingPassword","webkit","Wed Oct 07 10:12:24 UTC 2026","passed","Wed Oct 07 10:12:33 UTC 2026","Login — Smoke > Login","specs\Smoke\1-LoginSmoke.spec.ts","",""
"","15435","Saved Filters dropdown is visible and defaults to no preset","firefox","Wed Oct 07 10:21:51 UTC 2026","passed","Wed Oct 07 10:22:07 UTC 2026","Presented Checks — Smoke > Saved Filters","specs\Smoke\5-PresentedChecksSmoke.spec.ts","",""
"","4962","Exceptions page loads correctly","chromium","Wed Oct 07 10:11:04 UTC 2026","passed","Wed Oct 07 10:11:09 UTC 2026","Application Navigation Smoke Tests > Top-level Navigation","specs\Smoke\2-NavigationSmoke.spec.ts","",""
"","13033","""Edit"" link on a row navigates to the check edit form","firefox","Wed Oct 07 10:22:21 UTC 2026","passed","Wed Oct 07 10:22:34 UTC 2026","Issued Checks — Smoke > Row Actions","specs\Smoke\4-IssuedChecksSmoke.spec.ts","",""
"","7682","""Uploaded Checks"" navigates to the uploads page","chromium","Wed Oct 07 10:13:16 UTC 2026","passed","Wed Oct 07 10:13:23 UTC 2026","Issued Checks — Smoke > Navigation","specs\Smoke\4-IssuedChecksSmoke.spec.ts","",""
"","7383","Verify Check Only tab shows Check-specific chart sections","firefox","Wed Oct 07 10:15:40 UTC 2026","passed","Wed Oct 07 10:15:47 UTC 2026","Home Dashboard > Dashboard Chart Headings","specs\Smoke\3-HomeDashboardSmoke.spec.ts","",""
"","5483","Grid View toggle navigates to the open-exceptions grid and shows key column headers","msedge","Wed Oct 07 10:33:50 UTC 2026","passed","Wed Oct 07 10:33:56 UTC 2026","Exceptions — Smoke > Open Exceptions","specs\Smoke\8-ExceptionsSmoke.spec.ts","",""
"","9343","Settings page loads correctly","webkit","Wed Oct 07 10:12:31 UTC 2026","passed","Wed Oct 07 10:12:40 UTC 2026","Application Navigation Smoke Tests > Top-level Navigation","specs\Smoke\2-NavigationSmoke.spec.ts","",""
"","7582","Next page arrow advances to page 2","chromium","Wed Oct 07 10:17:42 UTC 2026","passed","Wed Oct 07 10:17:50 UTC 2026","Exceptions — Smoke > Exception History > Pagination","specs\Smoke\8-ExceptionsSmoke.spec.ts","",""
"","6162","Verify Combined View shows all chart sections","msedge","Wed Oct 07 10:27:40 UTC 2026","passed","Wed Oct 07 10:27:46 UTC 2026","Home Dashboard > Dashboard Chart Headings","specs\Smoke\3-HomeDashboardSmoke.spec.ts","",""
"","8486","Column filter popup applies a filter and Clear restores the full row set","chromium","Wed Oct 07 10:16:32 UTC 2026","passed","Wed Oct 07 10:16:41 UTC 2026","Presented Checks — Smoke > Column Filter","specs\Smoke\5-PresentedChecksSmoke.spec.ts","",""
"","7898","Business Clients sub-page loads correctly","webkit","Wed Oct 07 10:12:49 UTC 2026","passed","Wed Oct 07 10:12:57 UTC 2026","Application Navigation Smoke Tests > Settings Sub-navigation","specs\Smoke\2-NavigationSmoke.spec.ts","",""
"","11624","""+ Add ACH"" navigates to the add-ACH form","firefox","Wed Oct 07 10:23:56 UTC 2026","passed","Wed Oct 07 10:24:07 UTC 2026","ACH — Smoke > Navigation","specs\Smoke\7-ACHSmoke.spec.ts","",""
"","9551","Save a filter preset, verify it is auto-selected, then delete it","msedge","Wed Oct 07 10:32:05 UTC 2026","passed","Wed Oct 07 10:32:15 UTC 2026","ACH — Smoke > Saved Filters","specs\Smoke\7-ACHSmoke.spec.ts","",""
"","5003","Open Exceptions page loads with either exception cards or the empty-state message","chromium","Wed Oct 07 10:19:40 UTC 2026","passed","Wed Oct 07 10:19:45 UTC 2026","Exceptions — Smoke > Open Exceptions","specs\Smoke\8-ExceptionsSmoke.spec.ts","",""
"","8472","Column filter popup applies a filter and Clear restores the full row set","msedge","Wed Oct 07 10:31:11 UTC 2026","passed","Wed Oct 07 10:31:19 UTC 2026","Presented Checks — Smoke > Column Filter","specs\Smoke\5-PresentedChecksSmoke.spec.ts","",""
"","11331","Grid loads with data rows and key column headers","webkit","Wed Oct 07 10:15:35 UTC 2026","passed","Wed Oct 07 10:15:47 UTC 2026","Issued Checks — Smoke > Grid","specs\Smoke\4-IssuedChecksSmoke.spec.ts","",""
"","8224","""+ Add Check"" navigates to the add-check form","chromium","Wed Oct 07 10:14:15 UTC 2026","passed","Wed Oct 07 10:14:23 UTC 2026","Presented Checks — Smoke > Navigation","specs\Smoke\5-PresentedChecksSmoke.spec.ts","",""
"","3247","Pre-Decisions page loads with either records or the empty-state message","chromium","Wed Oct 07 10:19:54 UTC 2026","passed","Wed Oct 07 10:19:57 UTC 2026","Exceptions — Smoke > Pre-Decisions","specs\Smoke\8-ExceptionsSmoke.spec.ts","",""
"","9277","""View"" (Change Log) link on a row navigates to the entity log","webkit","Wed Oct 07 10:20:37 UTC 2026","passed","Wed Oct 07 10:20:46 UTC 2026","Issued Checks — Smoke > Row Actions","specs\Smoke\4-IssuedChecksSmoke.spec.ts","",""
"","11482","Verify all three dashboard view tabs are visible","webkit","Wed Oct 07 10:14:22 UTC 2026","passed","Wed Oct 07 10:14:33 UTC 2026","Home Dashboard > Page Load","specs\Smoke\3-HomeDashboardSmoke.spec.ts","",""
"","13320","Page size change to 10 updates pagination info in bottom-right pager","firefox","Wed Oct 07 10:20:47 UTC 2026","passed","Wed Oct 07 10:21:00 UTC 2026","Presented Checks — Smoke > Pagination","specs\Smoke\5-PresentedChecksSmoke.spec.ts","",""
"","5019","File Formats sub-page loads correctly","msedge","Wed Oct 07 10:27:18 UTC 2026","passed","Wed Oct 07 10:27:23 UTC 2026","Application Navigation Smoke Tests > Settings Sub-navigation","specs\Smoke\2-NavigationSmoke.spec.ts","",""
"","11492","""+ Add ACH"" navigates to the add-ACH form","webkit","Wed Oct 07 10:21:49 UTC 2026","passed","Wed Oct 07 10:22:01 UTC 2026","ACH — Smoke > Navigation","specs\Smoke\7-ACHSmoke.spec.ts","",""
"","11284","Verify summary KPI values have expected number formats","webkit","Wed Oct 07 10:15:58 UTC 2026","passed","Wed Oct 07 10:16:09 UTC 2026","Home Dashboard > Summary Stats","specs\Smoke\3-HomeDashboardSmoke.spec.ts","",""
"","6356","Verify navigation to Exceptions via nav menu","msedge","Wed Oct 07 10:29:19 UTC 2026","passed","Wed Oct 07 10:29:25 UTC 2026","Home Dashboard > Navigation from Dashboard","specs\Smoke\3-HomeDashboardSmoke.spec.ts","",""
"","7693","Previous page button returns to page 1, First page button re-enables disabled state","msedge","Wed Oct 07 10:29:32 UTC 2026","passed","Wed Oct 07 10:29:39 UTC 2026","Issued Checks — Smoke > Pagination","specs\Smoke\4-IssuedChecksSmoke.spec.ts","",""
"","5726","Clicking a column header sorts ascending, clicking again sorts descending","chromium","Wed Oct 07 10:19:07 UTC 2026","passed","Wed Oct 07 10:19:13 UTC 2026","Exceptions — Smoke > Exception History > Sorting","specs\Smoke\8-ExceptionsSmoke.spec.ts","",""
"","7219","Clicking a column header sorts ascending, clicking again sorts descending","chromium","Wed Oct 07 10:16:25 UTC 2026","passed","Wed Oct 07 10:16:32 UTC 2026","Presented Checks — Smoke > Sorting","specs\Smoke\5-PresentedChecksSmoke.spec.ts","",""
"","25409","Default filter auto-applies after logout and re-login","chromium","Wed Oct 07 10:14:45 UTC 2026","passed","Wed Oct 07 10:15:10 UTC 2026","Issued Checks — Smoke > Saved Filters > Default Filter","specs\Smoke\4-IssuedChecksSmoke.spec.ts","",""
"","6772","Verify navigation to ACH via nav menu","msedge","Wed Oct 07 10:29:12 UTC 2026","passed","Wed Oct 07 10:29:19 UTC 2026","Home Dashboard > Navigation from Dashboard","specs\Smoke\3-HomeDashboardSmoke.spec.ts","",""
"","4439","Account Settings sub-page loads correctly","chromium","Wed Oct 07 10:11:13 UTC 2026","passed","Wed Oct 07 10:11:17 UTC 2026","Application Navigation Smoke Tests > Settings Sub-navigation","specs\Smoke\2-NavigationSmoke.spec.ts","",""
"","18319","Save a filter preset, verify it is auto-selected, then delete it","firefox","Wed Oct 07 10:22:07 UTC 2026","passed","Wed Oct 07 10:22:25 UTC 2026","Presented Checks — Smoke > Saved Filters","specs\Smoke\5-PresentedChecksSmoke.spec.ts","",""
"","6214","Users sub-page loads correctly","msedge","Wed Oct 07 10:26:43 UTC 2026","passed","Wed Oct 07 10:26:49 UTC 2026","Application Navigation Smoke Tests > Settings Sub-navigation","specs\Smoke\2-NavigationSmoke.spec.ts","",""
"","12284","Verify dashboard footer footnote and privacy link are visible","firefox","Wed Oct 07 10:17:16 UTC 2026","passed","Wed Oct 07 10:17:28 UTC 2026","Home Dashboard > Summary Stats","specs\Smoke\3-HomeDashboardSmoke.spec.ts","",""
"","11235","Teller page loads correctly","webkit","Wed Oct 07 10:12:01 UTC 2026","passed","Wed Oct 07 10:12:13 UTC 2026","Application Navigation Smoke Tests > Top-level Navigation","specs\Smoke\2-NavigationSmoke.spec.ts","",""
"","12101","Page size change to 10 updates pagination info in bottom-right pager","webkit","Wed Oct 07 10:22:57 UTC 2026","passed","Wed Oct 07 10:23:09 UTC 2026","Exceptions — Smoke > Exception History > Pagination","specs\Smoke\8-ExceptionsSmoke.spec.ts","",""
"","16945","Verify profile menu shows My Info and Logout links","firefox","Wed Oct 07 10:17:28 UTC 2026","passed","Wed Oct 07 10:17:45 UTC 2026","Home Dashboard > Summary Stats","specs\Smoke\3-HomeDashboardSmoke.spec.ts","",""
"","2879","Automatic ACH Decision Rules sub-page loads correctly","msedge","Wed Oct 07 10:27:40 UTC 2026","passed","Wed Oct 07 10:27:43 UTC 2026","Application Navigation Smoke Tests > Settings Sub-navigation","specs\Smoke\2-NavigationSmoke.spec.ts","",""
"","5233","Excel export button is visible and enabled","msedge","Wed Oct 07 10:31:21 UTC 2026","passed","Wed Oct 07 10:31:26 UTC 2026","ACH — Smoke > Toolbar","specs\Smoke\7-ACHSmoke.spec.ts","",""
"","10625","Default filter auto-applies after logout and re-login","webkit","Wed Oct 07 10:24:18 UTC 2026","skipped","Wed Oct 07 10:24:29 UTC 2026","ACH — Smoke > Saved Filters > Default Filter","specs\Smoke\7-ACHSmoke.spec.ts","",""
"","5844","Grid View toggle navigates to the open-exceptions grid and shows key column headers","chromium","Wed Oct 07 10:19:45 UTC 2026","passed","Wed Oct 07 10:19:51 UTC 2026","Exceptions — Smoke > Open Exceptions","specs\Smoke\8-ExceptionsSmoke.spec.ts","",""
"","7618","""Delete"" on a row shows a confirm modal; Cancel dismisses it without deleting","msedge","Wed Oct 07 10:32:43 UTC 2026","passed","Wed Oct 07 10:32:51 UTC 2026","ACH — Smoke > Row Actions","specs\Smoke\7-ACHSmoke.spec.ts","",""
"","5997","Validate teller presented-check form shows all required fields","msedge","Wed Oct 07 10:30:37 UTC 2026","passed","Wed Oct 07 10:30:43 UTC 2026","Teller — Smoke > Add Check Form","specs\Smoke\6-TellerSmoke.spec.ts","",""
"","13363","Typing a page number navigates to that page","webkit","Wed Oct 07 10:17:23 UTC 2026","passed","Wed Oct 07 10:17:37 UTC 2026","Issued Checks — Smoke > Pagination","specs\Smoke\4-IssuedChecksSmoke.spec.ts","",""
"","6060","Validate Login functionality with veryLongInput","msedge","Wed Oct 07 10:26:45 UTC 2026","passed","Wed Oct 07 10:26:52 UTC 2026","Login — Smoke > Login","specs\Smoke\1-LoginSmoke.spec.ts","",""
"","5675","Page size change to 10 updates pagination info in bottom-right pager","msedge","Wed Oct 07 10:29:08 UTC 2026","passed","Wed Oct 07 10:29:13 UTC 2026","Issued Checks — Smoke > Pagination","specs\Smoke\4-IssuedChecksSmoke.spec.ts","",""
"","12992","Issued Checks breadcrumb link is visible on the page","firefox","Wed Oct 07 10:23:01 UTC 2026","passed","Wed Oct 07 10:23:14 UTC 2026","Issued Checks — Smoke > Breadcrumb","specs\Smoke\4-IssuedChecksSmoke.spec.ts","",""
"","6328","Pay/Return decision badge navigates to exception history","chromium","Wed Oct 07 10:17:00 UTC 2026","passed","Wed Oct 07 10:17:06 UTC 2026","Presented Checks — Smoke > Row Actions","specs\Smoke\5-PresentedChecksSmoke.spec.ts","",""
"","9035","Column filter popup applies a filter and Clear restores the full row set","chromium","Wed Oct 07 10:18:20 UTC 2026","passed","Wed Oct 07 10:18:29 UTC 2026","ACH — Smoke > Column Filter","specs\Smoke\7-ACHSmoke.spec.ts","",""
"","14338","Previous page button returns to page 1, First page button re-enables disabled state","firefox","Wed Oct 07 10:21:37 UTC 2026","passed","Wed Oct 07 10:21:51 UTC 2026","Presented Checks — Smoke > Pagination","specs\Smoke\5-PresentedChecksSmoke.spec.ts","",""
"","11527","Next page arrow advances to page 2","firefox","Wed Oct 07 10:21:00 UTC 2026","passed","Wed Oct 07 10:21:12 UTC 2026","Presented Checks — Smoke > Pagination","specs\Smoke\5-PresentedChecksSmoke.spec.ts","",""
"","10428","Validate Login functionality with invalidEmailFormat","webkit","Wed Oct 07 10:12:03 UTC 2026","passed","Wed Oct 07 10:12:14 UTC 2026","Login — Smoke > Login","specs\Smoke\1-LoginSmoke.spec.ts","",""
"","22854","Default filter auto-applies after logout and re-login","chromium","Wed Oct 07 10:16:02 UTC 2026","passed","Wed Oct 07 10:16:25 UTC 2026","Presented Checks — Smoke > Saved Filters > Default Filter","specs\Smoke\5-PresentedChecksSmoke.spec.ts","",""
"","5108","Saved Filters dropdown is visible and defaults to no preset","msedge","Wed Oct 07 10:29:39 UTC 2026","passed","Wed Oct 07 10:29:44 UTC 2026","Issued Checks — Smoke > Saved Filters","specs\Smoke\4-IssuedChecksSmoke.spec.ts","",""
"","9106","Validate session persists after page refresh","chromium","Wed Oct 07 10:11:40 UTC 2026","passed","Wed Oct 07 10:11:49 UTC 2026","Login — Smoke > Session & Security","specs\Smoke\1-LoginSmoke.spec.ts","",""
"","7931","System Log sub-page loads correctly","msedge","Wed Oct 07 10:28:01 UTC 2026","passed","Wed Oct 07 10:28:09 UTC 2026","Application Navigation Smoke Tests > Settings Sub-navigation","specs\Smoke\2-NavigationSmoke.spec.ts","",""
"","5497","Validate Login functionality with emptyFields","msedge","Wed Oct 07 10:26:18 UTC 2026","passed","Wed Oct 07 10:26:24 UTC 2026","Login — Smoke > Login","specs\Smoke\1-LoginSmoke.spec.ts","",""
"","8259","Excel export button is visible and enabled","webkit","Wed Oct 07 10:18:53 UTC 2026","passed","Wed Oct 07 10:19:01 UTC 2026","Presented Checks — Smoke > Toolbar","specs\Smoke\5-PresentedChecksSmoke.spec.ts","",""
"","5601","""+ Add Check"" navigates to the add-check form","msedge","Wed Oct 07 10:28:42 UTC 2026","passed","Wed Oct 07 10:28:48 UTC 2026","Issued Checks — Smoke > Navigation","specs\Smoke\4-IssuedChecksSmoke.spec.ts","",""
"","2887","Validate Login functionality with emptyFields","firefox","Wed Oct 07 10:13:42 UTC 2026","passed","Wed Oct 07 10:13:45 UTC 2026","Login — Smoke > Login","specs\Smoke\1-LoginSmoke.spec.ts","",""
"","8478","Verify tab-specific charts are hidden for opposite tab","msedge","Wed Oct 07 10:28:16 UTC 2026","passed","Wed Oct 07 10:28:25 UTC 2026","Home Dashboard > Dashboard Chart Headings","specs\Smoke\3-HomeDashboardSmoke.spec.ts","",""
"","6460","Validate Login functionality with caseSensitiveEmail","chromium","Wed Oct 07 10:10:40 UTC 2026","passed","Wed Oct 07 10:10:46 UTC 2026","Login — Smoke > Login","specs\Smoke\1-LoginSmoke.spec.ts","",""
"","10675","Search box filters grid and clears correctly","webkit","Wed Oct 07 10:18:42 UTC 2026","passed","Wed Oct 07 10:18:53 UTC 2026","Presented Checks — Smoke > Toolbar","specs\Smoke\5-PresentedChecksSmoke.spec.ts","",""
"","11202","Pay/Return decision badge navigates to exception history","webkit","Wed Oct 07 10:21:49 UTC 2026","passed","Wed Oct 07 10:22:00 UTC 2026","Presented Checks — Smoke > Row Actions","specs\Smoke\5-PresentedChecksSmoke.spec.ts","",""
"","12526","""View"" (Change Log) link on a row navigates to the entity log","firefox","Wed Oct 07 10:23:16 UTC 2026","passed","Wed Oct 07 10:23:28 UTC 2026","Presented Checks — Smoke > Row Actions","specs\Smoke\5-PresentedChecksSmoke.spec.ts","",""
"","5940","Open Exceptions page loads with either exception cards or the empty-state message","firefox","Wed Oct 07 10:28:08 UTC 2026","passed","Wed Oct 07 10:28:14 UTC 2026","Exceptions — Smoke > Open Exceptions","specs\Smoke\8-ExceptionsSmoke.spec.ts","",""
"","8432","Grid loads with data rows and key column headers","msedge","Wed Oct 07 10:30:48 UTC 2026","passed","Wed Oct 07 10:30:57 UTC 2026","ACH — Smoke > Grid","specs\Smoke\7-ACHSmoke.spec.ts","",""
"","9763","Validate Login functionality with incorrectPassword","webkit","Wed Oct 07 10:11:44 UTC 2026","passed","Wed Oct 07 10:11:54 UTC 2026","Login — Smoke > Login","specs\Smoke\1-LoginSmoke.spec.ts","",""
"","11026","Verify navigation to ACH via nav menu","firefox","Wed Oct 07 10:18:14 UTC 2026","passed","Wed Oct 07 10:18:25 UTC 2026","Home Dashboard > Navigation from Dashboard","specs\Smoke\3-HomeDashboardSmoke.spec.ts","",""
"","4148","Validate Login functionality with incorrectUsername","chromium","Wed Oct 07 10:10:51 UTC 2026","passed","Wed Oct 07 10:10:55 UTC 2026","Login — Smoke > Login","specs\Smoke\1-LoginSmoke.spec.ts","",""
"","2814","Validate Login functionality with missingUsername","firefox","Wed Oct 07 10:13:48 UTC 2026","passed","Wed Oct 07 10:13:51 UTC 2026","Login — Smoke > Login","specs\Smoke\1-LoginSmoke.spec.ts","",""
"","6584","""Delete"" on a row shows a confirm modal; Cancel dismisses it without deleting","msedge","Wed Oct 07 10:30:25 UTC 2026","passed","Wed Oct 07 10:30:32 UTC 2026","Issued Checks — Smoke > Row Actions","specs\Smoke\4-IssuedChecksSmoke.spec.ts","",""
"","13988","Typing a page number navigates to that page","firefox","Wed Oct 07 10:25:33 UTC 2026","passed","Wed Oct 07 10:25:47 UTC 2026","Exceptions — Smoke > Exception History > Pagination","specs\Smoke\8-ExceptionsSmoke.spec.ts","",""
"","6225","""View"" link on a row opens the Exception Details dialog","chromium","Wed Oct 07 10:19:19 UTC 2026","passed","Wed Oct 07 10:19:25 UTC 2026","Exceptions — Smoke > Exception History > Row Actions","specs\Smoke\8-ExceptionsSmoke.spec.ts","",""
"","6898","Verify Home dashboard is restored after returning from another page","msedge","Wed Oct 07 10:28:54 UTC 2026","passed","Wed Oct 07 10:29:01 UTC 2026","Home Dashboard > Summary Stats","specs\Smoke\3-HomeDashboardSmoke.spec.ts","",""
"","12551","Page size change to 10 updates pagination info in bottom-right pager","firefox","Wed Oct 07 10:24:54 UTC 2026","passed","Wed Oct 07 10:25:07 UTC 2026","Exceptions — Smoke > Exception History > Pagination","specs\Smoke\8-ExceptionsSmoke.spec.ts","",""
"","5695","""View"" (Change Log) link on a row navigates to the entity log","msedge","Wed Oct 07 10:30:20 UTC 2026","passed","Wed Oct 07 10:30:25 UTC 2026","Issued Checks — Smoke > Row Actions","specs\Smoke\4-IssuedChecksSmoke.spec.ts","",""
"","5167","Notification Templates sub-page loads correctly","chromium","Wed Oct 07 10:11:57 UTC 2026","passed","Wed Oct 07 10:12:02 UTC 2026","Application Navigation Smoke Tests > Settings Sub-navigation","specs\Smoke\2-NavigationSmoke.spec.ts","",""
"","4709","Roles/Permissions sub-page loads correctly","chromium","Wed Oct 07 10:11:27 UTC 2026","passed","Wed Oct 07 10:11:32 UTC 2026","Application Navigation Smoke Tests > Settings Sub-navigation","specs\Smoke\2-NavigationSmoke.spec.ts","",""
"","11593","Verify ACH Only tab shows ACH-specific chart sections","webkit","Wed Oct 07 10:14:54 UTC 2026","passed","Wed Oct 07 10:15:06 UTC 2026","Home Dashboard > Dashboard Chart Headings","specs\Smoke\3-HomeDashboardSmoke.spec.ts","",""
"","9755","Pay/Return decision badge navigates to exception history","firefox","Wed Oct 07 10:23:43 UTC 2026","passed","Wed Oct 07 10:23:53 UTC 2026","Presented Checks — Smoke > Row Actions","specs\Smoke\5-PresentedChecksSmoke.spec.ts","",""
"","5890","Verify dashboard loads after successful login","msedge","Wed Oct 07 10:27:23 UTC 2026","passed","Wed Oct 07 10:27:28 UTC 2026","Home Dashboard > Page Load","specs\Smoke\3-HomeDashboardSmoke.spec.ts","",""
"","8921","""Uploaded Checks"" navigates to the uploads page","chromium","Wed Oct 07 10:14:23 UTC 2026","passed","Wed Oct 07 10:14:32 UTC 2026","Presented Checks — Smoke > Navigation","specs\Smoke\5-PresentedChecksSmoke.spec.ts","",""
"","3899","Validate Login functionality with sqlInjection","firefox","Wed Oct 07 10:13:51 UTC 2026","passed","Wed Oct 07 10:13:55 UTC 2026","Login — Smoke > Login","specs\Smoke\1-LoginSmoke.spec.ts","",""
"","5863","Verify summary KPI values have expected number formats","msedge","Wed Oct 07 10:28:30 UTC 2026","passed","Wed Oct 07 10:28:36 UTC 2026","Home Dashboard > Summary Stats","specs\Smoke\3-HomeDashboardSmoke.spec.ts","",""
"","5575","Verify navigation to Presented Checks via nav menu","msedge","Wed Oct 07 10:29:07 UTC 2026","passed","Wed Oct 07 10:29:12 UTC 2026","Home Dashboard > Navigation from Dashboard","specs\Smoke\3-HomeDashboardSmoke.spec.ts","",""
"","12238","Verify navigation to Settings via nav menu","firefox","Wed Oct 07 10:18:34 UTC 2026","passed","Wed Oct 07 10:18:47 UTC 2026","Home Dashboard > Navigation from Dashboard","specs\Smoke\3-HomeDashboardSmoke.spec.ts","",""
"","6626","""Delete"" on a row shows a confirm modal; Cancel dismisses it without deleting","chromium","Wed Oct 07 10:16:53 UTC 2026","passed","Wed Oct 07 10:17:00 UTC 2026","Presented Checks — Smoke > Row Actions","specs\Smoke\5-PresentedChecksSmoke.spec.ts","",""
"","5131","Validate Login functionality with incorrectUsername","msedge","Wed Oct 07 10:26:08 UTC 2026","passed","Wed Oct 07 10:26:14 UTC 2026","Login — Smoke > Login","specs\Smoke\1-LoginSmoke.spec.ts","",""
"","5618","Web Hooks sub-page loads correctly","chromium","Wed Oct 07 10:12:53 UTC 2026","passed","Wed Oct 07 10:12:58 UTC 2026","Application Navigation Smoke Tests > Settings Sub-navigation","specs\Smoke\2-NavigationSmoke.spec.ts","",""
"","11920","ACH breadcrumb link is visible on the page","firefox","Wed Oct 07 10:27:52 UTC 2026","passed","Wed Oct 07 10:28:04 UTC 2026","ACH — Smoke > Breadcrumb","specs\Smoke\7-ACHSmoke.spec.ts","",""
"","10764","Verify Combined View shows all chart sections","firefox","Wed Oct 07 10:15:29 UTC 2026","passed","Wed Oct 07 10:15:40 UTC 2026","Home Dashboard > Dashboard Chart Headings","specs\Smoke\3-HomeDashboardSmoke.spec.ts","",""
"","10927","Verify Total Exceptions and Total Exception Amount labels are visible","firefox","Wed Oct 07 10:16:42 UTC 2026","passed","Wed Oct 07 10:16:53 UTC 2026","Home Dashboard > Summary Stats","specs\Smoke\3-HomeDashboardSmoke.spec.ts","",""
"","38491","Column filter popup applies a filter and Clear restores the full row set","webkit","Wed Oct 07 10:19:48 UTC 2026","passed","Wed Oct 07 10:20:26 UTC 2026","Issued Checks — Smoke > Column Filter","specs\Smoke\4-IssuedChecksSmoke.spec.ts","",""
"","7956","""View"" (Change Log) link on a row navigates to the entity log","chromium","Wed Oct 07 10:15:38 UTC 2026","passed","Wed Oct 07 10:15:46 UTC 2026","Issued Checks — Smoke > Row Actions","specs\Smoke\4-IssuedChecksSmoke.spec.ts","",""
"","12183","Next page arrow advances to page 2","webkit","Wed Oct 07 10:22:45 UTC 2026","passed","Wed Oct 07 10:22:57 UTC 2026","ACH — Smoke > Pagination","specs\Smoke\7-ACHSmoke.spec.ts","",""
"","12077","Last page arrow jumps to the final page","webkit","Wed Oct 07 10:22:57 UTC 2026","passed","Wed Oct 07 10:23:09 UTC 2026","ACH — Smoke > Pagination","specs\Smoke\7-ACHSmoke.spec.ts","",""
"","6052","Settings page loads correctly","firefox","Wed Oct 07 10:15:55 UTC 2026","passed","Wed Oct 07 10:16:01 UTC 2026","Application Navigation Smoke Tests > Top-level Navigation","specs\Smoke\2-NavigationSmoke.spec.ts","",""
"","6111","Notification Templates sub-page loads correctly","msedge","Wed Oct 07 10:27:23 UTC 2026","passed","Wed Oct 07 10:27:29 UTC 2026","Application Navigation Smoke Tests > Settings Sub-navigation","specs\Smoke\2-NavigationSmoke.spec.ts","",""
"","14758","Typing a page number navigates to that page","firefox","Wed Oct 07 10:20:37 UTC 2026","passed","Wed Oct 07 10:20:52 UTC 2026","Issued Checks — Smoke > Pagination","specs\Smoke\4-IssuedChecksSmoke.spec.ts","",""
"","12942","Search box filters grid and clears correctly","webkit","Wed Oct 07 10:16:21 UTC 2026","passed","Wed Oct 07 10:16:34 UTC 2026","Issued Checks — Smoke > Toolbar","specs\Smoke\4-IssuedChecksSmoke.spec.ts","",""
"","12867","Verify dashboard loads after successful login","firefox","Wed Oct 07 10:15:00 UTC 2026","passed","Wed Oct 07 10:15:12 UTC 2026","Home Dashboard > Page Load","specs\Smoke\3-HomeDashboardSmoke.spec.ts","",""
"","18407","Verify ACH Only tab shows ACH-specific chart sections","firefox","Wed Oct 07 10:15:47 UTC 2026","passed","Wed Oct 07 10:16:05 UTC 2026","Home Dashboard > Dashboard Chart Headings","specs\Smoke\3-HomeDashboardSmoke.spec.ts","",""
"","6505","Column filter menu applies a filter and Clear restores the full row set","msedge","Wed Oct 07 10:33:17 UTC 2026","passed","Wed Oct 07 10:33:23 UTC 2026","Exceptions — Smoke > Exception History > Column Filter","specs\Smoke\8-ExceptionsSmoke.spec.ts","",""
"","13870","Typing a page number navigates to that page","webkit","Wed Oct 07 10:23:09 UTC 2026","passed","Wed Oct 07 10:23:23 UTC 2026","ACH — Smoke > Pagination","specs\Smoke\7-ACHSmoke.spec.ts","",""
"","10697","Verify Total Exceptions and Total Exception Amount labels are visible","webkit","Wed Oct 07 10:15:47 UTC 2026","passed","Wed Oct 07 10:15:58 UTC 2026","Home Dashboard > Summary Stats","specs\Smoke\3-HomeDashboardSmoke.spec.ts","",""
"","10633","Verify Combined View shows all chart sections","webkit","Wed Oct 07 10:14:33 UTC 2026","passed","Wed Oct 07 10:14:44 UTC 2026","Home Dashboard > Dashboard Chart Headings","specs\Smoke\3-HomeDashboardSmoke.spec.ts","",""
"","6339","Account Settings sub-page loads correctly","firefox","Wed Oct 07 10:16:01 UTC 2026","passed","Wed Oct 07 10:16:07 UTC 2026","Application Navigation Smoke Tests > Settings Sub-navigation","specs\Smoke\2-NavigationSmoke.spec.ts","",""
"","6869","Default Decision Log sub-page loads correctly","msedge","Wed Oct 07 10:27:54 UTC 2026","passed","Wed Oct 07 10:28:01 UTC 2026","Application Navigation Smoke Tests > Settings Sub-navigation","specs\Smoke\2-NavigationSmoke.spec.ts","",""
"","9889","ACH page loads correctly","webkit","Wed Oct 07 10:12:13 UTC 2026","passed","Wed Oct 07 10:12:22 UTC 2026","Application Navigation Smoke Tests > Top-level Navigation","specs\Smoke\2-NavigationSmoke.spec.ts","",""
"","4064","Approvals page loads with either records or the empty-state message","msedge","Wed Oct 07 10:33:56 UTC 2026","passed","Wed Oct 07 10:34:00 UTC 2026","Exceptions — Smoke > Approvals","specs\Smoke\8-ExceptionsSmoke.spec.ts","",""
"","9468","Excel export button is visible and enabled","chromium","Wed Oct 07 10:14:47 UTC 2026","passed","Wed Oct 07 10:14:56 UTC 2026","Presented Checks — Smoke > Toolbar","specs\Smoke\5-PresentedChecksSmoke.spec.ts","",""
"","5281","Issued Checks breadcrumb link is visible on the page","msedge","Wed Oct 07 10:30:32 UTC 2026","passed","Wed Oct 07 10:30:37 UTC 2026","Issued Checks — Smoke > Breadcrumb","specs\Smoke\4-IssuedChecksSmoke.spec.ts","",""
"","5428","Validate Login functionality with missingUsername","msedge","Wed Oct 07 10:26:29 UTC 2026","passed","Wed Oct 07 10:26:35 UTC 2026","Login — Smoke > Login","specs\Smoke\1-LoginSmoke.spec.ts","",""
"","17949","Column filter menu applies a filter and Clear restores the full row set","firefox","Wed Oct 07 10:26:58 UTC 2026","passed","Wed Oct 07 10:27:16 UTC 2026","Exceptions — Smoke > Exception History > Column Filter","specs\Smoke\8-ExceptionsSmoke.spec.ts","",""
"","5154","Verify all three dashboard view tabs are visible","chromium","Wed Oct 07 10:12:05 UTC 2026","passed","Wed Oct 07 10:12:10 UTC 2026","Home Dashboard > Page Load","specs\Smoke\3-HomeDashboardSmoke.spec.ts","",""
"","9647","""View"" (Change Log) link on a row navigates to the entity log","webkit","Wed Oct 07 10:21:26 UTC 2026","passed","Wed Oct 07 10:21:36 UTC 2026","Presented Checks — Smoke > Row Actions","specs\Smoke\5-PresentedChecksSmoke.spec.ts","",""
"","16268","Verify dashboard tab checked state updates correctly","webkit","Wed Oct 07 10:15:06 UTC 2026","passed","Wed Oct 07 10:15:22 UTC 2026","Home Dashboard > Dashboard Chart Headings","specs\Smoke\3-HomeDashboardSmoke.spec.ts","",""
"","9262","Validate teller presented-check form shows all required fields","webkit","Wed Oct 07 10:21:10 UTC 2026","passed","Wed Oct 07 10:21:19 UTC 2026","Teller — Smoke > Add Check Form","specs\Smoke\6-TellerSmoke.spec.ts","",""
"","9614","Validate forgot password with unregistered email","webkit","Wed Oct 07 10:13:25 UTC 2026","passed","Wed Oct 07 10:13:35 UTC 2026","Login — Smoke > Forgot Password","specs\Smoke\1-LoginSmoke.spec.ts","",""
"","8530","Excel export button is visible and enabled","msedge","Wed Oct 07 10:32:06 UTC 2026","passed","Wed Oct 07 10:32:15 UTC 2026","Exceptions — Smoke > Exception History > Toolbar","specs\Smoke\8-ExceptionsSmoke.spec.ts","",""
"","11195","File Processing sub-page loads correctly","firefox","Wed Oct 07 10:18:56 UTC 2026","passed","Wed Oct 07 10:19:07 UTC 2026","Application Navigation Smoke Tests > Settings Sub-navigation","specs\Smoke\2-NavigationSmoke.spec.ts","",""
"","5172","Navigation tabs to Pre-Decisions, Approvals, and Exception History are visible","webkit","Wed Oct 07 10:26:08 UTC 2026","passed","Wed Oct 07 10:26:13 UTC 2026","Exceptions — Smoke > Open Exceptions","specs\Smoke\8-ExceptionsSmoke.spec.ts","",""
"","11957","Saved Filters dropdown is visible and defaults to no preset","firefox","Wed Oct 07 10:21:08 UTC 2026","passed","Wed Oct 07 10:21:20 UTC 2026","Issued Checks — Smoke > Saved Filters","specs\Smoke\4-IssuedChecksSmoke.spec.ts","",""
"","6175","Typing a page number navigates to that page","msedge","Wed Oct 07 10:31:44 UTC 2026","passed","Wed Oct 07 10:31:50 UTC 2026","ACH — Smoke > Pagination","specs\Smoke\7-ACHSmoke.spec.ts","",""
"","11972","""View"" (Change Log) link on a row navigates to the entity log","webkit","Wed Oct 07 10:25:01 UTC 2026","passed","Wed Oct 07 10:25:13 UTC 2026","ACH — Smoke > Row Actions","specs\Smoke\7-ACHSmoke.spec.ts","",""
"","6482","Grid loads with data rows and key column headers","msedge","Wed Oct 07 10:29:32 UTC 2026","passed","Wed Oct 07 10:29:38 UTC 2026","Presented Checks — Smoke > Grid","specs\Smoke\5-PresentedChecksSmoke.spec.ts","",""
"","5887","""Uploaded ACH"" navigates to the uploads page","msedge","Wed Oct 07 10:31:07 UTC 2026","passed","Wed Oct 07 10:31:13 UTC 2026","ACH — Smoke > Navigation","specs\Smoke\7-ACHSmoke.spec.ts","",""
"","9336","Saved Filters dropdown is visible and defaults to no preset","chromium","Wed Oct 07 10:18:19 UTC 2026","passed","Wed Oct 07 10:18:28 UTC 2026","Exceptions — Smoke > Exception History > Saved Filters","specs\Smoke\8-ExceptionsSmoke.spec.ts","",""
"","5517","Presented Checks page loads correctly","chromium","Wed Oct 07 10:10:49 UTC 2026","passed","Wed Oct 07 10:10:54 UTC 2026","Application Navigation Smoke Tests > Top-level Navigation","specs\Smoke\2-NavigationSmoke.spec.ts","",""
"","11944","Verify tab-specific charts are hidden for opposite tab","firefox","Wed Oct 07 10:16:30 UTC 2026","passed","Wed Oct 07 10:16:42 UTC 2026","Home Dashboard > Dashboard Chart Headings","specs\Smoke\3-HomeDashboardSmoke.spec.ts","",""
"","11047","Verify summary KPI values have expected number formats","firefox","Wed Oct 07 10:16:53 UTC 2026","passed","Wed Oct 07 10:17:04 UTC 2026","Home Dashboard > Summary Stats","specs\Smoke\3-HomeDashboardSmoke.spec.ts","",""
"","14490","Clicking a column header sorts ascending, clicking again sorts descending","firefox","Wed Oct 07 10:26:43 UTC 2026","passed","Wed Oct 07 10:26:58 UTC 2026","Exceptions — Smoke > Exception History > Sorting","specs\Smoke\8-ExceptionsSmoke.spec.ts","",""
"","6302","ACH Approval Rules sub-page loads correctly","chromium","Wed Oct 07 10:12:15 UTC 2026","passed","Wed Oct 07 10:12:21 UTC 2026","Application Navigation Smoke Tests > Settings Sub-navigation","specs\Smoke\2-NavigationSmoke.spec.ts","",""
"","11928","Next page arrow advances to page 2","webkit","Wed Oct 07 10:16:57 UTC 2026","passed","Wed Oct 07 10:17:09 UTC 2026","Issued Checks — Smoke > Pagination","specs\Smoke\4-IssuedChecksSmoke.spec.ts","",""
"","6594","Pay/Return decision badge navigates to exception history","msedge","Wed Oct 07 10:31:35 UTC 2026","passed","Wed Oct 07 10:31:42 UTC 2026","Presented Checks — Smoke > Row Actions","specs\Smoke\5-PresentedChecksSmoke.spec.ts","",""
"","8491","Search box filters grid and clears correctly","chromium","Wed Oct 07 10:16:32 UTC 2026","passed","Wed Oct 07 10:16:41 UTC 2026","ACH — Smoke > Toolbar","specs\Smoke\7-ACHSmoke.spec.ts","",""
"","11289","Web Hooks sub-page loads correctly","webkit","Wed Oct 07 10:15:24 UTC 2026","passed","Wed Oct 07 10:15:35 UTC 2026","Application Navigation Smoke Tests > Settings Sub-navigation","specs\Smoke\2-NavigationSmoke.spec.ts","",""
"","15440","""View"" link on a row opens the Exception Details dialog","firefox","Wed Oct 07 10:27:16 UTC 2026","passed","Wed Oct 07 10:27:31 UTC 2026","Exceptions — Smoke > Exception History > Row Actions","specs\Smoke\8-ExceptionsSmoke.spec.ts","",""
"","10443","Save a filter preset, verify it is auto-selected, then delete it","msedge","Wed Oct 07 10:29:44 UTC 2026","passed","Wed Oct 07 10:29:55 UTC 2026","Issued Checks — Smoke > Saved Filters","specs\Smoke\4-IssuedChecksSmoke.spec.ts","",""
"","7228","Verify ACH Only tab shows ACH-specific chart sections","msedge","Wed Oct 07 10:27:54 UTC 2026","passed","Wed Oct 07 10:28:01 UTC 2026","Home Dashboard > Dashboard Chart Headings","specs\Smoke\3-HomeDashboardSmoke.spec.ts","",""
"","9079","""Edit"" link on a row navigates to the check edit form","chromium","Wed Oct 07 10:15:29 UTC 2026","passed","Wed Oct 07 10:15:38 UTC 2026","Issued Checks — Smoke > Row Actions","specs\Smoke\4-IssuedChecksSmoke.spec.ts","",""
"","15277","Previous page button returns to page 1, First page button re-enables disabled state","webkit","Wed Oct 07 10:19:47 UTC 2026","passed","Wed Oct 07 10:20:02 UTC 2026","Presented Checks — Smoke > Pagination","specs\Smoke\5-PresentedChecksSmoke.spec.ts","",""
"","15113","Presented Checks page loads correctly","firefox","Wed Oct 07 10:14:32 UTC 2026","passed","Wed Oct 07 10:14:48 UTC 2026","Application Navigation Smoke Tests > Top-level Navigation","specs\Smoke\2-NavigationSmoke.spec.ts","",""
"","5092","Validate unauthenticated access to protected route is redirected to login","msedge","Wed Oct 07 10:27:17 UTC 2026","passed","Wed Oct 07 10:27:22 UTC 2026","Login — Smoke > Session & Security","specs\Smoke\1-LoginSmoke.spec.ts","",""
"","11145","Save a filter preset, verify it is auto-selected, then delete it","msedge","Wed Oct 07 10:30:49 UTC 2026","passed","Wed Oct 07 10:31:00 UTC 2026","Presented Checks — Smoke > Saved Filters","specs\Smoke\5-PresentedChecksSmoke.spec.ts","",""
"","8970","Decision Files sub-page loads correctly","webkit","Wed Oct 07 10:13:29 UTC 2026","passed","Wed Oct 07 10:13:38 UTC 2026","Application Navigation Smoke Tests > Settings Sub-navigation","specs\Smoke\2-NavigationSmoke.spec.ts","",""
"","5940","Validate unauthenticated access to protected route is redirected to login","firefox","Wed Oct 07 10:14:53 UTC 2026","passed","Wed Oct 07 10:14:59 UTC 2026","Login — Smoke > Session & Security","specs\Smoke\1-LoginSmoke.spec.ts","",""
"","6185","Saved Filters dropdown is visible and defaults to no preset","webkit","Wed Oct 07 10:20:02 UTC 2026","passed","Wed Oct 07 10:20:08 UTC 2026","Presented Checks — Smoke > Saved Filters","specs\Smoke\5-PresentedChecksSmoke.spec.ts","",""
"","19187","Save a filter preset, verify it is auto-selected, then delete it","chromium","Wed Oct 07 10:17:28 UTC 2026","passed","Wed Oct 07 10:17:47 UTC 2026","ACH — Smoke > Saved Filters","specs\Smoke\7-ACHSmoke.spec.ts","",""
"","8851","Previous page button returns to page 1, First page button re-enables disabled state","msedge","Wed Oct 07 10:32:43 UTC 2026","passed","Wed Oct 07 10:32:52 UTC 2026","Exceptions — Smoke > Exception History > Pagination","specs\Smoke\8-ExceptionsSmoke.spec.ts","",""
"","6492","Approvals page loads with either records or the empty-state message","firefox","Wed Oct 07 10:28:19 UTC 2026","passed","Wed Oct 07 10:28:26 UTC 2026","Exceptions — Smoke > Approvals","specs\Smoke\8-ExceptionsSmoke.spec.ts","",""
"","7945","Search box filters grid and clears correctly","chromium","Wed Oct 07 10:13:23 UTC 2026","passed","Wed Oct 07 10:13:31 UTC 2026","Issued Checks — Smoke > Toolbar","specs\Smoke\4-IssuedChecksSmoke.spec.ts","",""
"","11747","Excel export button is visible and enabled","firefox","Wed Oct 07 10:20:35 UTC 2026","passed","Wed Oct 07 10:20:47 UTC 2026","Presented Checks — Smoke > Toolbar","specs\Smoke\5-PresentedChecksSmoke.spec.ts","",""
"","14634","Clicking a column header sorts ascending, clicking again sorts descending","webkit","Wed Oct 07 10:24:47 UTC 2026","passed","Wed Oct 07 10:25:01 UTC 2026","Exceptions — Smoke > Exception History > Sorting","specs\Smoke\8-ExceptionsSmoke.spec.ts","",""
"","10618","Validate Login functionality with emptyFields","webkit","Wed Oct 07 10:12:14 UTC 2026","passed","Wed Oct 07 10:12:24 UTC 2026","Login — Smoke > Login","specs\Smoke\1-LoginSmoke.spec.ts","",""
"","9997","""View"" (Change Log) link on a row navigates to the entity log","chromium","Wed Oct 07 10:18:29 UTC 2026","passed","Wed Oct 07 10:18:39 UTC 2026","ACH — Smoke > Row Actions","specs\Smoke\7-ACHSmoke.spec.ts","",""
"","11701","Last page arrow jumps to the final page","chromium","Wed Oct 07 10:15:19 UTC 2026","passed","Wed Oct 07 10:15:31 UTC 2026","Presented Checks — Smoke > Pagination","specs\Smoke\5-PresentedChecksSmoke.spec.ts","",""
"","870","Default filter auto-applies after logout and re-login","webkit","Wed Oct 07 10:24:46 UTC 2026","skipped","Wed Oct 07 10:24:47 UTC 2026","Exceptions — Smoke > Exception History > Saved Filters > Default Filter","specs\Smoke\8-ExceptionsSmoke.spec.ts","",""
"","6097","Next page arrow advances to page 2","msedge","Wed Oct 07 10:31:32 UTC 2026","passed","Wed Oct 07 10:31:38 UTC 2026","ACH — Smoke > Pagination","specs\Smoke\7-ACHSmoke.spec.ts","",""
"","9705","Validate session persists after page refresh","msedge","Wed Oct 07 10:27:08 UTC 2026","passed","Wed Oct 07 10:27:17 UTC 2026","Login — Smoke > Session & Security","specs\Smoke\1-LoginSmoke.spec.ts","",""
"","10154","""Edit"" link on a row navigates to the check edit form","firefox","Wed Oct 07 10:23:05 UTC 2026","passed","Wed Oct 07 10:23:16 UTC 2026","Presented Checks — Smoke > Row Actions","specs\Smoke\5-PresentedChecksSmoke.spec.ts","",""
"","11677","Excel export button is visible and enabled","webkit","Wed Oct 07 10:22:45 UTC 2026","passed","Wed Oct 07 10:22:57 UTC 2026","Exceptions — Smoke > Exception History > Toolbar","specs\Smoke\8-ExceptionsSmoke.spec.ts","",""
"","9297","Users sub-page loads correctly","firefox","Wed Oct 07 10:16:21 UTC 2026","passed","Wed Oct 07 10:16:30 UTC 2026","Application Navigation Smoke Tests > Settings Sub-navigation","specs\Smoke\2-NavigationSmoke.spec.ts","",""
"","6091","Issued Checks breadcrumb link is visible on the page","chromium","Wed Oct 07 10:15:52 UTC 2026","passed","Wed Oct 07 10:15:58 UTC 2026","Issued Checks — Smoke > Breadcrumb","specs\Smoke\4-IssuedChecksSmoke.spec.ts","",""
"","15304","Search box filters grid and clears correctly","chromium","Wed Oct 07 10:14:32 UTC 2026","passed","Wed Oct 07 10:14:47 UTC 2026","Presented Checks — Smoke > Toolbar","specs\Smoke\5-PresentedChecksSmoke.spec.ts","",""
"","5808","Page size change to 10 updates pagination info in bottom-right pager","msedge","Wed Oct 07 10:31:26 UTC 2026","passed","Wed Oct 07 10:31:32 UTC 2026","ACH — Smoke > Pagination","specs\Smoke\7-ACHSmoke.spec.ts","",""
"","4822","Verify Total Exceptions and Total Exception Amount labels are visible","chromium","Wed Oct 07 10:12:47 UTC 2026","passed","Wed Oct 07 10:12:52 UTC 2026","Home Dashboard > Summary Stats","specs\Smoke\3-HomeDashboardSmoke.spec.ts","",""
"","11937","Grid loads with data rows and key column headers","webkit","Wed Oct 07 10:21:29 UTC 2026","passed","Wed Oct 07 10:21:41 UTC 2026","ACH — Smoke > Grid","specs\Smoke\7-ACHSmoke.spec.ts","",""
"","4740","Navigation tabs to Pre-Decisions, Approvals, and Exception History are visible","chromium","Wed Oct 07 10:19:35 UTC 2026","passed","Wed Oct 07 10:19:40 UTC 2026","Exceptions — Smoke > Open Exceptions","specs\Smoke\8-ExceptionsSmoke.spec.ts","",""
"","10122","Column filter popup applies a filter and Clear restores the full row set","chromium","Wed Oct 07 10:15:19 UTC 2026","passed","Wed Oct 07 10:15:29 UTC 2026","Issued Checks — Smoke > Column Filter","specs\Smoke\4-IssuedChecksSmoke.spec.ts","",""
"","7772","Last page arrow jumps to the final page","chromium","Wed Oct 07 10:13:56 UTC 2026","passed","Wed Oct 07 10:14:04 UTC 2026","Issued Checks — Smoke > Pagination","specs\Smoke\4-IssuedChecksSmoke.spec.ts","",""
"","10277","Saved Filters dropdown is visible and defaults to no preset","firefox","Wed Oct 07 10:26:03 UTC 2026","passed","Wed Oct 07 10:26:14 UTC 2026","Exceptions — Smoke > Exception History > Saved Filters","specs\Smoke\8-ExceptionsSmoke.spec.ts","",""
"","3868","Validate Login functionality with incorrectPassword","firefox","Wed Oct 07 10:13:32 UTC 2026","passed","Wed Oct 07 10:13:35 UTC 2026","Login — Smoke > Login","specs\Smoke\1-LoginSmoke.spec.ts","",""
"","6836","Automatic ACH Decision Rules sub-page loads correctly","firefox","Wed Oct 07 10:18:16 UTC 2026","passed","Wed Oct 07 10:18:22 UTC 2026","Application Navigation Smoke Tests > Settings Sub-navigation","specs\Smoke\2-NavigationSmoke.spec.ts","",""
"","7025","Search box filters grid and clears correctly","msedge","Wed Oct 07 10:31:59 UTC 2026","passed","Wed Oct 07 10:32:06 UTC 2026","Exceptions — Smoke > Exception History > Toolbar","specs\Smoke\8-ExceptionsSmoke.spec.ts","",""
"","14427","Validate Login functionality with caseSensitiveEmail","webkit","Wed Oct 07 10:11:30 UTC 2026","passed","Wed Oct 07 10:11:44 UTC 2026","Login — Smoke > Login","specs\Smoke\1-LoginSmoke.spec.ts","",""
"","16664","Save a filter preset, verify it is auto-selected, then delete it","firefox","Wed Oct 07 10:21:20 UTC 2026","passed","Wed Oct 07 10:21:37 UTC 2026","Issued Checks — Smoke > Saved Filters","specs\Smoke\4-IssuedChecksSmoke.spec.ts","",""
"","6272","Verify dashboard footer footnote and privacy link are visible","chromium","Wed Oct 07 10:13:03 UTC 2026","passed","Wed Oct 07 10:13:09 UTC 2026","Home Dashboard > Summary Stats","specs\Smoke\3-HomeDashboardSmoke.spec.ts","",""
"","10387","Page size change to 10 updates pagination info in bottom-right pager","webkit","Wed Oct 07 10:19:01 UTC 2026","passed","Wed Oct 07 10:19:12 UTC 2026","Presented Checks — Smoke > Pagination","specs\Smoke\5-PresentedChecksSmoke.spec.ts","",""
"","6001","Verify all three dashboard view tabs are visible","firefox","Wed Oct 07 10:15:23 UTC 2026","passed","Wed Oct 07 10:15:29 UTC 2026","Home Dashboard > Page Load","specs\Smoke\3-HomeDashboardSmoke.spec.ts","",""
"","17086","Saved Filters dropdown is visible and defaults to no preset","firefox","Wed Oct 07 10:25:49 UTC 2026","passed","Wed Oct 07 10:26:06 UTC 2026","ACH — Smoke > Saved Filters","specs\Smoke\7-ACHSmoke.spec.ts","",""
"","8912","Validate Login functionality with veryLongInput","firefox","Wed Oct 07 10:14:01 UTC 2026","passed","Wed Oct 07 10:14:10 UTC 2026","Login — Smoke > Login","specs\Smoke\1-LoginSmoke.spec.ts","",""
"","5005","Validate forgot password with unregistered email","msedge","Wed Oct 07 10:27:03 UTC 2026","passed","Wed Oct 07 10:27:08 UTC 2026","Login — Smoke > Forgot Password","specs\Smoke\1-LoginSmoke.spec.ts","",""
"","8103","Verify dashboard tab checked state updates correctly","msedge","Wed Oct 07 10:28:01 UTC 2026","passed","Wed Oct 07 10:28:10 UTC 2026","Home Dashboard > Dashboard Chart Headings","specs\Smoke\3-HomeDashboardSmoke.spec.ts","",""
"","6921","""View"" link on a row opens the Exception Details dialog","msedge","Wed Oct 07 10:33:23 UTC 2026","passed","Wed Oct 07 10:33:30 UTC 2026","Exceptions — Smoke > Exception History > Row Actions","specs\Smoke\8-ExceptionsSmoke.spec.ts","",""
"","12726","""Delete"" on a row shows a confirm modal; Cancel dismisses it without deleting","webkit","Wed Oct 07 10:20:46 UTC 2026","passed","Wed Oct 07 10:20:59 UTC 2026","Issued Checks — Smoke > Row Actions","specs\Smoke\4-IssuedChecksSmoke.spec.ts","",""
"","10563","Verify navigation to Settings via nav menu","webkit","Wed Oct 07 10:17:48 UTC 2026","passed","Wed Oct 07 10:17:58 UTC 2026","Home Dashboard > Navigation from Dashboard","specs\Smoke\3-HomeDashboardSmoke.spec.ts","",""
"","4602","Validate Login functionality with veryLongInput","chromium","Wed Oct 07 10:11:22 UTC 2026","passed","Wed Oct 07 10:11:27 UTC 2026","Login — Smoke > Login","specs\Smoke\1-LoginSmoke.spec.ts","",""
"","10374","Default filter auto-applies after logout and re-login","firefox","Wed Oct 07 10:22:25 UTC 2026","skipped","Wed Oct 07 10:22:36 UTC 2026","Presented Checks — Smoke > Saved Filters > Default Filter","specs\Smoke\5-PresentedChecksSmoke.spec.ts","",""
"","11773","""+ Add Check"" navigates to the add-check form","firefox","Wed Oct 07 10:19:58 UTC 2026","passed","Wed Oct 07 10:20:10 UTC 2026","Presented Checks — Smoke > Navigation","specs\Smoke\5-PresentedChecksSmoke.spec.ts","",""
"","6162","Column filter menu applies a filter and Clear restores the full row set","chromium","Wed Oct 07 10:19:13 UTC 2026","passed","Wed Oct 07 10:19:19 UTC 2026","Exceptions — Smoke > Exception History > Column Filter","specs\Smoke\8-ExceptionsSmoke.spec.ts","",""
"","4483","Validate Login functionality with emptyFields","chromium","Wed Oct 07 10:11:00 UTC 2026","passed","Wed Oct 07 10:11:04 UTC 2026","Login — Smoke > Login","specs\Smoke\1-LoginSmoke.spec.ts","",""
"","12798","""Delete"" on a row shows a confirm modal; Cancel dismisses it without deleting","webkit","Wed Oct 07 10:21:36 UTC 2026","passed","Wed Oct 07 10:21:49 UTC 2026","Presented Checks — Smoke > Row Actions","specs\Smoke\5-PresentedChecksSmoke.spec.ts","",""
"","4997","Users sub-page loads correctly","chromium","Wed Oct 07 10:11:22 UTC 2026","passed","Wed Oct 07 10:11:27 UTC 2026","Application Navigation Smoke Tests > Settings Sub-navigation","specs\Smoke\2-NavigationSmoke.spec.ts","",""
"","12349","Notification Log sub-page loads correctly","firefox","Wed Oct 07 10:18:28 UTC 2026","passed","Wed Oct 07 10:18:41 UTC 2026","Application Navigation Smoke Tests > Settings Sub-navigation","specs\Smoke\2-NavigationSmoke.spec.ts","",""
"","7386","Excel export button is visible and enabled","chromium","Wed Oct 07 10:13:31 UTC 2026","passed","Wed Oct 07 10:13:39 UTC 2026","Issued Checks — Smoke > Toolbar","specs\Smoke\4-IssuedChecksSmoke.spec.ts","",""
"","22188","Save a filter preset, verify it is auto-selected, then delete it","webkit","Wed Oct 07 10:18:52 UTC 2026","passed","Wed Oct 07 10:19:14 UTC 2026","Issued Checks — Smoke > Saved Filters","specs\Smoke\4-IssuedChecksSmoke.spec.ts","",""
"","5833","""View"" (Change Log) link on a row navigates to the entity log","chromium","Wed Oct 07 10:16:47 UTC 2026","passed","Wed Oct 07 10:16:53 UTC 2026","Presented Checks — Smoke > Row Actions","specs\Smoke\5-PresentedChecksSmoke.spec.ts","",""
"","5288","Validate Login functionality with missingPassword","msedge","Wed Oct 07 10:26:24 UTC 2026","passed","Wed Oct 07 10:26:29 UTC 2026","Login — Smoke > Login","specs\Smoke\1-LoginSmoke.spec.ts","",""
"","12613","Save a filter preset, verify it is auto-selected, then delete it","msedge","Wed Oct 07 10:32:58 UTC 2026","passed","Wed Oct 07 10:33:11 UTC 2026","Exceptions — Smoke > Exception History > Saved Filters","specs\Smoke\8-ExceptionsSmoke.spec.ts","",""
"","11917","Excel export button is visible and enabled","firefox","Wed Oct 07 10:24:31 UTC 2026","passed","Wed Oct 07 10:24:43 UTC 2026","ACH — Smoke > Toolbar","specs\Smoke\7-ACHSmoke.spec.ts","",""
"","7341","Verify navigation to ACH via nav menu","chromium","Wed Oct 07 10:13:39 UTC 2026","passed","Wed Oct 07 10:13:46 UTC 2026","Home Dashboard > Navigation from Dashboard","specs\Smoke\3-HomeDashboardSmoke.spec.ts","",""
"","5213","Verify dashboard loads after successful login","chromium","Wed Oct 07 10:11:54 UTC 2026","passed","Wed Oct 07 10:12:00 UTC 2026","Home Dashboard > Page Load","specs\Smoke\3-HomeDashboardSmoke.spec.ts","",""
"","7004","Typing a page number navigates to that page","chromium","Wed Oct 07 10:18:01 UTC 2026","passed","Wed Oct 07 10:18:08 UTC 2026","Exceptions — Smoke > Exception History > Pagination","specs\Smoke\8-ExceptionsSmoke.spec.ts","",""
"","4797","Approvals page loads with either records or the empty-state message","webkit","Wed Oct 07 10:26:25 UTC 2026","passed","Wed Oct 07 10:26:30 UTC 2026","Exceptions — Smoke > Approvals","specs\Smoke\8-ExceptionsSmoke.spec.ts","",""
"","6086","Decision Files sub-page loads correctly","msedge","Wed Oct 07 10:27:05 UTC 2026","passed","Wed Oct 07 10:27:11 UTC 2026","Application Navigation Smoke Tests > Settings Sub-navigation","specs\Smoke\2-NavigationSmoke.spec.ts","",""
"","6673","Verify chart title changes with selected tab","chromium","Wed Oct 07 10:12:33 UTC 2026","passed","Wed Oct 07 10:12:40 UTC 2026","Home Dashboard > Dashboard Chart Headings","specs\Smoke\3-HomeDashboardSmoke.spec.ts","",""
"","6719","Next page arrow advances to page 2","msedge","Wed Oct 07 10:30:18 UTC 2026","passed","Wed Oct 07 10:30:25 UTC 2026","Presented Checks — Smoke > Pagination","specs\Smoke\5-PresentedChecksSmoke.spec.ts","",""
"","4526","Validate forgot password functionality","chromium","Wed Oct 07 10:11:27 UTC 2026","passed","Wed Oct 07 10:11:31 UTC 2026","Login — Smoke > Forgot Password","specs\Smoke\1-LoginSmoke.spec.ts","",""
"","5366","Presented Checks breadcrumb link is visible on the page","chromium","Wed Oct 07 10:17:06 UTC 2026","passed","Wed Oct 07 10:17:11 UTC 2026","Presented Checks — Smoke > Breadcrumb","specs\Smoke\5-PresentedChecksSmoke.spec.ts","",""
"","5709","""View"" (Change Log) link on a row navigates to the entity log","msedge","Wed Oct 07 10:32:37 UTC 2026","passed","Wed Oct 07 10:32:43 UTC 2026","ACH — Smoke > Row Actions","specs\Smoke\7-ACHSmoke.spec.ts","",""
"","12644","Next page arrow advances to page 2","firefox","Wed Oct 07 10:24:54 UTC 2026","passed","Wed Oct 07 10:25:07 UTC 2026","ACH — Smoke > Pagination","specs\Smoke\7-ACHSmoke.spec.ts","",""
"","8665","ACH Approval Rules sub-page loads correctly","webkit","Wed Oct 07 10:14:27 UTC 2026","passed","Wed Oct 07 10:14:35 UTC 2026","Application Navigation Smoke Tests > Settings Sub-navigation","specs\Smoke\2-NavigationSmoke.spec.ts","",""
"","7101","Previous page button returns to page 1, First page button re-enables disabled state","msedge","Wed Oct 07 10:30:37 UTC 2026","passed","Wed Oct 07 10:30:44 UTC 2026","Presented Checks — Smoke > Pagination","specs\Smoke\5-PresentedChecksSmoke.spec.ts","",""
"","7493","File Processing sub-page loads correctly","chromium","Wed Oct 07 10:12:40 UTC 2026","passed","Wed Oct 07 10:12:48 UTC 2026","Application Navigation Smoke Tests > Settings Sub-navigation","specs\Smoke\2-NavigationSmoke.spec.ts","",""
"","13117","""Delete"" on a row shows a confirm modal; Cancel dismisses it without deleting","firefox","Wed Oct 07 10:22:47 UTC 2026","passed","Wed Oct 07 10:23:01 UTC 2026","Issued Checks — Smoke > Row Actions","specs\Smoke\4-IssuedChecksSmoke.spec.ts","",""
"","7642","Validate Login functionality with sqlInjection","webkit","Wed Oct 07 10:12:43 UTC 2026","passed","Wed Oct 07 10:12:51 UTC 2026","Login — Smoke > Login","specs\Smoke\1-LoginSmoke.spec.ts","",""
"","5525","Issued Checks page loads correctly","msedge","Wed Oct 07 10:26:01 UTC 2026","passed","Wed Oct 07 10:26:06 UTC 2026","Application Navigation Smoke Tests > Top-level Navigation","specs\Smoke\2-NavigationSmoke.spec.ts","",""
"","13221","Pay/Return decision badge navigates to exception history","msedge","Wed Oct 07 10:32:51 UTC 2026","passed","Wed Oct 07 10:33:04 UTC 2026","ACH — Smoke > Row Actions","specs\Smoke\7-ACHSmoke.spec.ts","",""
"","12407","Next page arrow advances to page 2","firefox","Wed Oct 07 10:25:07 UTC 2026","passed","Wed Oct 07 10:25:19 UTC 2026","Exceptions — Smoke > Exception History > Pagination","specs\Smoke\8-ExceptionsSmoke.spec.ts","",""
"","11454","Presented Checks breadcrumb link is visible on the page","firefox","Wed Oct 07 10:23:53 UTC 2026","passed","Wed Oct 07 10:24:04 UTC 2026","Presented Checks — Smoke > Breadcrumb","specs\Smoke\5-PresentedChecksSmoke.spec.ts","",""
"","19255","Decision badge on an already-reviewed row is blocked with a system message","firefox","Wed Oct 07 10:27:31 UTC 2026","passed","Wed Oct 07 10:27:51 UTC 2026","Exceptions — Smoke > Exception History > Row Actions","specs\Smoke\8-ExceptionsSmoke.spec.ts","",""
"","3141","Approvals page loads with either records or the empty-state message","chromium","Wed Oct 07 10:19:51 UTC 2026","passed","Wed Oct 07 10:19:54 UTC 2026","Exceptions — Smoke > Approvals","specs\Smoke\8-ExceptionsSmoke.spec.ts","",""
"","9433","Teller page loads correctly","firefox","Wed Oct 07 10:14:48 UTC 2026","passed","Wed Oct 07 10:14:57 UTC 2026","Application Navigation Smoke Tests > Top-level Navigation","specs\Smoke\2-NavigationSmoke.spec.ts","",""
"","6448","""Uploaded Checks"" navigates to the uploads page","msedge","Wed Oct 07 10:29:51 UTC 2026","passed","Wed Oct 07 10:29:57 UTC 2026","Presented Checks — Smoke > Navigation","specs\Smoke\5-PresentedChecksSmoke.spec.ts","",""
"","8222","Roles/Permissions sub-page loads correctly","webkit","Wed Oct 07 10:13:05 UTC 2026","passed","Wed Oct 07 10:13:14 UTC 2026","Application Navigation Smoke Tests > Settings Sub-navigation","specs\Smoke\2-NavigationSmoke.spec.ts","",""
"","6516","""Edit"" link on a row navigates to the check edit form","chromium","Wed Oct 07 10:16:41 UTC 2026","passed","Wed Oct 07 10:16:47 UTC 2026","Presented Checks — Smoke > Row Actions","specs\Smoke\5-PresentedChecksSmoke.spec.ts","",""
"","5249","Exceptions page loads correctly","msedge","Wed Oct 07 10:26:22 UTC 2026","passed","Wed Oct 07 10:26:27 UTC 2026","Application Navigation Smoke Tests > Top-level Navigation","specs\Smoke\2-NavigationSmoke.spec.ts","",""
"","6458","Decision badge on an already-reviewed row is blocked with a system message","msedge","Wed Oct 07 10:33:30 UTC 2026","passed","Wed Oct 07 10:33:36 UTC 2026","Exceptions — Smoke > Exception History > Row Actions","specs\Smoke\8-ExceptionsSmoke.spec.ts","",""
"","9040","ACH breadcrumb link is visible on the page","webkit","Wed Oct 07 10:25:54 UTC 2026","passed","Wed Oct 07 10:26:03 UTC 2026","ACH — Smoke > Breadcrumb","specs\Smoke\7-ACHSmoke.spec.ts","",""
"","4636","Default filter auto-applies after logout and re-login","msedge","Wed Oct 07 10:31:00 UTC 2026","skipped","Wed Oct 07 10:31:04 UTC 2026","Presented Checks — Smoke > Saved Filters > Default Filter","specs\Smoke\5-PresentedChecksSmoke.spec.ts","",""
"","359","Default filter auto-applies after logout and re-login","msedge","Wed Oct 07 10:33:11 UTC 2026","skipped","Wed Oct 07 10:33:11 UTC 2026","Exceptions — Smoke > Exception History > Saved Filters > Default Filter","specs\Smoke\8-ExceptionsSmoke.spec.ts","",""
"","10070","Validate teller presented-check form shows all required fields","firefox","Wed Oct 07 10:23:14 UTC 2026","passed","Wed Oct 07 10:23:24 UTC 2026","Teller — Smoke > Add Check Form","specs\Smoke\6-TellerSmoke.spec.ts","",""
"","20745","Save a filter preset, verify it is auto-selected, then delete it","firefox","Wed Oct 07 10:26:06 UTC 2026","passed","Wed Oct 07 10:26:27 UTC 2026","ACH — Smoke > Saved Filters","specs\Smoke\7-ACHSmoke.spec.ts","",""
"","9497","Saved Filters dropdown is visible and defaults to no preset","webkit","Wed Oct 07 10:23:43 UTC 2026","passed","Wed Oct 07 10:23:53 UTC 2026","ACH — Smoke > Saved Filters","specs\Smoke\7-ACHSmoke.spec.ts","",""
"","4054","Settings page loads correctly","chromium","Wed Oct 07 10:11:09 UTC 2026","passed","Wed Oct 07 10:11:13 UTC 2026","Application Navigation Smoke Tests > Top-level Navigation","specs\Smoke\2-NavigationSmoke.spec.ts","",""
"","15163","Column filter popup applies a filter and Clear restores the full row set","firefox","Wed Oct 07 10:22:06 UTC 2026","passed","Wed Oct 07 10:22:21 UTC 2026","Issued Checks — Smoke > Column Filter","specs\Smoke\4-IssuedChecksSmoke.spec.ts","",""
"","5275","Verify navigation to Issued Checks via nav menu","msedge","Wed Oct 07 10:29:01 UTC 2026","passed","Wed Oct 07 10:29:07 UTC 2026","Home Dashboard > Navigation from Dashboard","specs\Smoke\3-HomeDashboardSmoke.spec.ts","",""
"","7933","Verify navigation to Issued Checks via nav menu","chromium","Wed Oct 07 10:13:23 UTC 2026","passed","Wed Oct 07 10:13:31 UTC 2026","Home Dashboard > Navigation from Dashboard","specs\Smoke\3-HomeDashboardSmoke.spec.ts","",""
"","6669","Grid View toggle navigates to the open-exceptions grid and shows key column headers","webkit","Wed Oct 07 10:26:18 UTC 2026","passed","Wed Oct 07 10:26:25 UTC 2026","Exceptions — Smoke > Open Exceptions","specs\Smoke\8-ExceptionsSmoke.spec.ts","",""
"","7622","Automatic Check Decision Rules sub-page loads correctly","webkit","Wed Oct 07 10:14:03 UTC 2026","passed","Wed Oct 07 10:14:11 UTC 2026","Application Navigation Smoke Tests > Settings Sub-navigation","specs\Smoke\2-NavigationSmoke.spec.ts","",""
"","12442","Exception History grid loads with data rows and key column headers","webkit","Wed Oct 07 10:22:09 UTC 2026","passed","Wed Oct 07 10:22:22 UTC 2026","Exceptions — Smoke > Exception History > Grid","specs\Smoke\8-ExceptionsSmoke.spec.ts","",""
"","19761","Previous page button returns to page 1, First page button re-enables disabled state","webkit","Wed Oct 07 10:23:23 UTC 2026","passed","Wed Oct 07 10:23:43 UTC 2026","ACH — Smoke > Pagination","specs\Smoke\7-ACHSmoke.spec.ts","",""
"","7108","Excel export button is visible and enabled","msedge","Wed Oct 07 10:30:05 UTC 2026","passed","Wed Oct 07 10:30:12 UTC 2026","Presented Checks — Smoke > Toolbar","specs\Smoke\5-PresentedChecksSmoke.spec.ts","",""
"","6671","Exception History grid loads with data rows and key column headers","chromium","Wed Oct 07 10:17:11 UTC 2026","passed","Wed Oct 07 10:17:18 UTC 2026","Exceptions — Smoke > Exception History > Grid","specs\Smoke\8-ExceptionsSmoke.spec.ts","",""
"","11347","""Uploaded ACH"" navigates to the uploads page","firefox","Wed Oct 07 10:24:07 UTC 2026","passed","Wed Oct 07 10:24:19 UTC 2026","ACH — Smoke > Navigation","specs\Smoke\7-ACHSmoke.spec.ts","",""
"","13066","Verify dashboard footer footnote and privacy link are visible","webkit","Wed Oct 07 10:16:21 UTC 2026","passed","Wed Oct 07 10:16:34 UTC 2026","Home Dashboard > Summary Stats","specs\Smoke\3-HomeDashboardSmoke.spec.ts","",""
"","9368","System Log sub-page loads correctly","firefox","Wed Oct 07 10:18:47 UTC 2026","passed","Wed Oct 07 10:18:56 UTC 2026","Application Navigation Smoke Tests > Settings Sub-navigation","specs\Smoke\2-NavigationSmoke.spec.ts","",""
"","14364","Verify Home dashboard is restored after returning from another page","webkit","Wed Oct 07 10:16:46 UTC 2026","passed","Wed Oct 07 10:17:00 UTC 2026","Home Dashboard > Summary Stats","specs\Smoke\3-HomeDashboardSmoke.spec.ts","",""
"","7782","Previous page button returns to page 1, First page button re-enables disabled state","chromium","Wed Oct 07 10:15:37 UTC 2026","passed","Wed Oct 07 10:15:45 UTC 2026","Presented Checks — Smoke > Pagination","specs\Smoke\5-PresentedChecksSmoke.spec.ts","",""
"","16415","Column filter popup applies a filter and Clear restores the full row set","firefox","Wed Oct 07 10:26:48 UTC 2026","passed","Wed Oct 07 10:27:04 UTC 2026","ACH — Smoke > Column Filter","specs\Smoke\7-ACHSmoke.spec.ts","",""
"","13827","Last page arrow jumps to the final page","webkit","Wed Oct 07 10:17:09 UTC 2026","passed","Wed Oct 07 10:17:23 UTC 2026","Issued Checks — Smoke > Pagination","specs\Smoke\4-IssuedChecksSmoke.spec.ts","",""
"","5999","""Delete"" on a row shows a confirm modal; Cancel dismisses it without deleting","chromium","Wed Oct 07 10:15:46 UTC 2026","passed","Wed Oct 07 10:15:52 UTC 2026","Issued Checks — Smoke > Row Actions","specs\Smoke\4-IssuedChecksSmoke.spec.ts","",""
"","4157","Validate Login functionality with missingUsername","chromium","Wed Oct 07 10:11:09 UTC 2026","passed","Wed Oct 07 10:11:13 UTC 2026","Login — Smoke > Login","specs\Smoke\1-LoginSmoke.spec.ts","",""
"","11669","Grid loads with data rows and key column headers","webkit","Wed Oct 07 10:17:58 UTC 2026","passed","Wed Oct 07 10:18:10 UTC 2026","Presented Checks — Smoke > Grid","specs\Smoke\5-PresentedChecksSmoke.spec.ts","",""
"","13732","Last page arrow jumps to the final page","webkit","Wed Oct 07 10:23:23 UTC 2026","passed","Wed Oct 07 10:23:37 UTC 2026","Exceptions — Smoke > Exception History > Pagination","specs\Smoke\8-ExceptionsSmoke.spec.ts","",""
"","12399","Clicking a column header sorts ascending, clicking again sorts descending","firefox","Wed Oct 07 10:22:36 UTC 2026","passed","Wed Oct 07 10:22:48 UTC 2026","Presented Checks — Smoke > Sorting","specs\Smoke\5-PresentedChecksSmoke.spec.ts","",""
"","10603","Save a filter preset, verify it is auto-selected, then delete it","chromium","Wed Oct 07 10:15:51 UTC 2026","passed","Wed Oct 07 10:16:02 UTC 2026","Presented Checks — Smoke > Saved Filters","specs\Smoke\5-PresentedChecksSmoke.spec.ts","",""
"","5541","Branding sub-page loads correctly","msedge","Wed Oct 07 10:26:55 UTC 2026","passed","Wed Oct 07 10:27:00 UTC 2026","Application Navigation Smoke Tests > Settings Sub-navigation","specs\Smoke\2-NavigationSmoke.spec.ts","",""
"","14556","Pay/Return decision badge navigates to exception history","chromium","Wed Oct 07 10:18:46 UTC 2026","passed","Wed Oct 07 10:19:00 UTC 2026","ACH — Smoke > Row Actions","specs\Smoke\7-ACHSmoke.spec.ts","",""
"","8870","Notification Log sub-page loads correctly","webkit","Wed Oct 07 10:14:35 UTC 2026","passed","Wed Oct 07 10:14:44 UTC 2026","Application Navigation Smoke Tests > Settings Sub-navigation","specs\Smoke\2-NavigationSmoke.spec.ts","",""
"","5968","Notification Log sub-page loads correctly","chromium","Wed Oct 07 10:12:21 UTC 2026","passed","Wed Oct 07 10:12:27 UTC 2026","Application Navigation Smoke Tests > Settings Sub-navigation","specs\Smoke\2-NavigationSmoke.spec.ts","",""
"","4981","Verify Combined View shows all chart sections","chromium","Wed Oct 07 10:12:10 UTC 2026","passed","Wed Oct 07 10:12:15 UTC 2026","Home Dashboard > Dashboard Chart Headings","specs\Smoke\3-HomeDashboardSmoke.spec.ts","",""
"","12576","Search box filters grid and clears correctly","firefox","Wed Oct 07 10:24:19 UTC 2026","passed","Wed Oct 07 10:24:31 UTC 2026","ACH — Smoke > Toolbar","specs\Smoke\7-ACHSmoke.spec.ts","",""
"","8443","Clicking a column header sorts ascending, clicking again sorts descending","chromium","Wed Oct 07 10:15:10 UTC 2026","passed","Wed Oct 07 10:15:19 UTC 2026","Issued Checks — Smoke > Sorting","specs\Smoke\4-IssuedChecksSmoke.spec.ts","",""
"","7992","Verify Check Only tab shows Check-specific chart sections","msedge","Wed Oct 07 10:27:46 UTC 2026","passed","Wed Oct 07 10:27:54 UTC 2026","Home Dashboard > Dashboard Chart Headings","specs\Smoke\3-HomeDashboardSmoke.spec.ts","",""
"","5542","Home page is accessible and shows dashboard","msedge","Wed Oct 07 10:25:44 UTC 2026","passed","Wed Oct 07 10:25:49 UTC 2026","Application Navigation Smoke Tests > Top-level Navigation","specs\Smoke\2-NavigationSmoke.spec.ts","",""
"","16959","Validate session persists after page refresh","webkit","Wed Oct 07 10:13:35 UTC 2026","passed","Wed Oct 07 10:13:52 UTC 2026","Login — Smoke > Session & Security","specs\Smoke\1-LoginSmoke.spec.ts","",""
"","11732","Verify delayed data note and force refresh link are visible on dashboard","firefox","Wed Oct 07 10:17:04 UTC 2026","passed","Wed Oct 07 10:17:16 UTC 2026","Home Dashboard > Summary Stats","specs\Smoke\3-HomeDashboardSmoke.spec.ts","",""
"","4597","Validate Login functionality with invalidEmailFormat","chromium","Wed Oct 07 10:10:55 UTC 2026","passed","Wed Oct 07 10:11:00 UTC 2026","Login — Smoke > Login","specs\Smoke\1-LoginSmoke.spec.ts","",""
"","10528","Excel export button is visible and enabled","firefox","Wed Oct 07 10:24:43 UTC 2026","passed","Wed Oct 07 10:24:54 UTC 2026","Exceptions — Smoke > Exception History > Toolbar","specs\Smoke\8-ExceptionsSmoke.spec.ts","",""
"","12458","Decision Files sub-page loads correctly","firefox","Wed Oct 07 10:17:04 UTC 2026","passed","Wed Oct 07 10:17:16 UTC 2026","Application Navigation Smoke Tests > Settings Sub-navigation","specs\Smoke\2-NavigationSmoke.spec.ts","",""
"","9375","System Log sub-page loads correctly","webkit","Wed Oct 07 10:14:53 UTC 2026","passed","Wed Oct 07 10:15:03 UTC 2026","Application Navigation Smoke Tests > Settings Sub-navigation","specs\Smoke\2-NavigationSmoke.spec.ts","",""
"","5996","""Delete"" on a row shows a confirm modal; Cancel dismisses it without deleting","msedge","Wed Oct 07 10:31:29 UTC 2026","passed","Wed Oct 07 10:31:35 UTC 2026","Presented Checks — Smoke > Row Actions","specs\Smoke\5-PresentedChecksSmoke.spec.ts","",""
"","5970","Typing a page number navigates to that page","msedge","Wed Oct 07 10:29:26 UTC 2026","passed","Wed Oct 07 10:29:32 UTC 2026","Issued Checks — Smoke > Pagination","specs\Smoke\4-IssuedChecksSmoke.spec.ts","",""
"","6194","Saved Filters dropdown is visible and defaults to no preset","msedge","Wed Oct 07 10:31:59 UTC 2026","passed","Wed Oct 07 10:32:05 UTC 2026","ACH — Smoke > Saved Filters","specs\Smoke\7-ACHSmoke.spec.ts","",""
"","10653","""Uploaded Checks"" navigates to the uploads page","firefox","Wed Oct 07 10:20:10 UTC 2026","passed","Wed Oct 07 10:20:21 UTC 2026","Presented Checks — Smoke > Navigation","specs\Smoke\5-PresentedChecksSmoke.spec.ts","",""
"","6709","Typing a page number navigates to that page","chromium","Wed Oct 07 10:15:31 UTC 2026","passed","Wed Oct 07 10:15:37 UTC 2026","Presented Checks — Smoke > Pagination","specs\Smoke\5-PresentedChecksSmoke.spec.ts","",""
"","5796","Verify delayed data note and force refresh link are visible on dashboard","msedge","Wed Oct 07 10:28:36 UTC 2026","passed","Wed Oct 07 10:28:42 UTC 2026","Home Dashboard > Summary Stats","specs\Smoke\3-HomeDashboardSmoke.spec.ts","",""
"","8592","Validate forgot password functionality","firefox","Wed Oct 07 10:14:10 UTC 2026","passed","Wed Oct 07 10:14:19 UTC 2026","Login — Smoke > Forgot Password","specs\Smoke\1-LoginSmoke.spec.ts","",""
"","6789","""+ Add Check"" navigates to the add-check form","msedge","Wed Oct 07 10:29:44 UTC 2026","passed","Wed Oct 07 10:29:51 UTC 2026","Presented Checks — Smoke > Navigation","specs\Smoke\5-PresentedChecksSmoke.spec.ts","",""
"","6219","Decision badge on an already-reviewed row is blocked with a system message","chromium","Wed Oct 07 10:19:25 UTC 2026","passed","Wed Oct 07 10:19:32 UTC 2026","Exceptions — Smoke > Exception History > Row Actions","specs\Smoke\8-ExceptionsSmoke.spec.ts","",""
"","6675","Saved Filters dropdown is visible and defaults to no preset","msedge","Wed Oct 07 10:32:52 UTC 2026","passed","Wed Oct 07 10:32:58 UTC 2026","Exceptions — Smoke > Exception History > Saved Filters","specs\Smoke\8-ExceptionsSmoke.spec.ts","",""
"","13128","Clicking a column header sorts ascending, clicking again sorts descending","webkit","Wed Oct 07 10:20:45 UTC 2026","passed","Wed Oct 07 10:20:58 UTC 2026","Presented Checks — Smoke > Sorting","specs\Smoke\5-PresentedChecksSmoke.spec.ts","",""
"","7877","Column filter popup applies a filter and Clear restores the full row set","msedge","Wed Oct 07 10:30:06 UTC 2026","passed","Wed Oct 07 10:30:14 UTC 2026","Issued Checks — Smoke > Column Filter","specs\Smoke\4-IssuedChecksSmoke.spec.ts","",""
"","13727","Next page arrow advances to page 2","webkit","Wed Oct 07 10:23:09 UTC 2026","passed","Wed Oct 07 10:23:23 UTC 2026","Exceptions — Smoke > Exception History > Pagination","specs\Smoke\8-ExceptionsSmoke.spec.ts","",""
"","7576","Search box filters grid and clears correctly","msedge","Wed Oct 07 10:31:13 UTC 2026","passed","Wed Oct 07 10:31:21 UTC 2026","ACH — Smoke > Toolbar","specs\Smoke\7-ACHSmoke.spec.ts","",""
"","12051","Next page arrow advances to page 2","webkit","Wed Oct 07 10:19:12 UTC 2026","passed","Wed Oct 07 10:19:24 UTC 2026","Presented Checks — Smoke > Pagination","specs\Smoke\5-PresentedChecksSmoke.spec.ts","",""
"","8423","Previous page button returns to page 1, First page button re-enables disabled state","msedge","Wed Oct 07 10:31:50 UTC 2026","passed","Wed Oct 07 10:31:59 UTC 2026","ACH — Smoke > Pagination","specs\Smoke\7-ACHSmoke.spec.ts","",""
"","9045","Validate forgot password functionality","webkit","Wed Oct 07 10:13:07 UTC 2026","passed","Wed Oct 07 10:13:16 UTC 2026","Login — Smoke > Forgot Password","specs\Smoke\1-LoginSmoke.spec.ts","",""
"","11748","Verify tab-specific charts are hidden for opposite tab","webkit","Wed Oct 07 10:15:35 UTC 2026","passed","Wed Oct 07 10:15:47 UTC 2026","Home Dashboard > Dashboard Chart Headings","specs\Smoke\3-HomeDashboardSmoke.spec.ts","",""
"","5436","Presented Checks breadcrumb link is visible on the page","msedge","Wed Oct 07 10:31:42 UTC 2026","passed","Wed Oct 07 10:31:47 UTC 2026","Presented Checks — Smoke > Breadcrumb","specs\Smoke\5-PresentedChecksSmoke.spec.ts","",""
"","13200","Verify chart title changes with selected tab","webkit","Wed Oct 07 10:15:22 UTC 2026","passed","Wed Oct 07 10:15:35 UTC 2026","Home Dashboard > Dashboard Chart Headings","specs\Smoke\3-HomeDashboardSmoke.spec.ts","",""
"","9240","Account Settings sub-page loads correctly","webkit","Wed Oct 07 10:12:40 UTC 2026","passed","Wed Oct 07 10:12:49 UTC 2026","Application Navigation Smoke Tests > Settings Sub-navigation","specs\Smoke\2-NavigationSmoke.spec.ts","",""
"","5516","Verify summary KPI values have expected number formats","chromium","Wed Oct 07 10:12:52 UTC 2026","passed","Wed Oct 07 10:12:58 UTC 2026","Home Dashboard > Summary Stats","specs\Smoke\3-HomeDashboardSmoke.spec.ts","",""
"","6656","Exception History grid loads with data rows and key column headers","msedge","Wed Oct 07 10:31:48 UTC 2026","passed","Wed Oct 07 10:31:54 UTC 2026","Exceptions — Smoke > Exception History > Grid","specs\Smoke\8-ExceptionsSmoke.spec.ts","",""
"","6135","Last page arrow jumps to the final page","msedge","Wed Oct 07 10:31:38 UTC 2026","passed","Wed Oct 07 10:31:44 UTC 2026","ACH — Smoke > Pagination","specs\Smoke\7-ACHSmoke.spec.ts","",""
"","9346","Next page arrow advances to page 2","chromium","Wed Oct 07 10:13:47 UTC 2026","passed","Wed Oct 07 10:13:56 UTC 2026","Issued Checks — Smoke > Pagination","specs\Smoke\4-IssuedChecksSmoke.spec.ts","",""
"","4651","Business Clients sub-page loads correctly","chromium","Wed Oct 07 10:11:17 UTC 2026","passed","Wed Oct 07 10:11:22 UTC 2026","Application Navigation Smoke Tests > Settings Sub-navigation","specs\Smoke\2-NavigationSmoke.spec.ts","",""
"","7655","Validate forgot password with unregistered email","firefox","Wed Oct 07 10:14:29 UTC 2026","passed","Wed Oct 07 10:14:37 UTC 2026","Login — Smoke > Forgot Password","specs\Smoke\1-LoginSmoke.spec.ts","",""
"","5966","Verify Check Only tab shows Check-specific chart sections","chromium","Wed Oct 07 10:12:15 UTC 2026","passed","Wed Oct 07 10:12:21 UTC 2026","Home Dashboard > Dashboard Chart Headings","specs\Smoke\3-HomeDashboardSmoke.spec.ts","",""
"","5636","Settings page loads correctly","msedge","Wed Oct 07 10:26:27 UTC 2026","passed","Wed Oct 07 10:26:32 UTC 2026","Application Navigation Smoke Tests > Top-level Navigation","specs\Smoke\2-NavigationSmoke.spec.ts","",""
"","13378","""Delete"" on a row shows a confirm modal; Cancel dismisses it without deleting","webkit","Wed Oct 07 10:25:13 UTC 2026","passed","Wed Oct 07 10:25:27 UTC 2026","ACH — Smoke > Row Actions","specs\Smoke\7-ACHSmoke.spec.ts","",""
"","8066","Search box filters grid and clears correctly","msedge","Wed Oct 07 10:29:57 UTC 2026","passed","Wed Oct 07 10:30:05 UTC 2026","Presented Checks — Smoke > Toolbar","specs\Smoke\5-PresentedChecksSmoke.spec.ts","",""
"","5368","Verify Total Exceptions and Total Exception Amount labels are visible","msedge","Wed Oct 07 10:28:25 UTC 2026","passed","Wed Oct 07 10:28:30 UTC 2026","Home Dashboard > Summary Stats","specs\Smoke\3-HomeDashboardSmoke.spec.ts","",""
"","5857","Notification Log sub-page loads correctly","msedge","Wed Oct 07 10:27:49 UTC 2026","passed","Wed Oct 07 10:27:54 UTC 2026","Application Navigation Smoke Tests > Settings Sub-navigation","specs\Smoke\2-NavigationSmoke.spec.ts","",""
"","10654","Home page is accessible and shows dashboard","webkit","Wed Oct 07 10:11:16 UTC 2026","passed","Wed Oct 07 10:11:26 UTC 2026","Application Navigation Smoke Tests > Top-level Navigation","specs\Smoke\2-NavigationSmoke.spec.ts","",""
"","5331","Grid View toggle navigates to the open-exceptions grid and shows key column headers","firefox","Wed Oct 07 10:28:14 UTC 2026","passed","Wed Oct 07 10:28:19 UTC 2026","Exceptions — Smoke > Open Exceptions","specs\Smoke\8-ExceptionsSmoke.spec.ts","",""
"","5830","Default filter auto-applies after logout and re-login","msedge","Wed Oct 07 10:32:15 UTC 2026","skipped","Wed Oct 07 10:32:21 UTC 2026","ACH — Smoke > Saved Filters > Default Filter","specs\Smoke\7-ACHSmoke.spec.ts","",""
"","6097","Grid loads with data rows and key column headers","chromium","Wed Oct 07 10:16:11 UTC 2026","passed","Wed Oct 07 10:16:17 UTC 2026","ACH — Smoke > Grid","specs\Smoke\7-ACHSmoke.spec.ts","",""
"","5277","Validate Login functionality with xssInUsername","msedge","Wed Oct 07 10:26:40 UTC 2026","passed","Wed Oct 07 10:26:45 UTC 2026","Login — Smoke > Login","specs\Smoke\1-LoginSmoke.spec.ts","",""
"","7671","Verify Home dashboard is restored after returning from another page","chromium","Wed Oct 07 10:13:15 UTC 2026","passed","Wed Oct 07 10:13:23 UTC 2026","Home Dashboard > Summary Stats","specs\Smoke\3-HomeDashboardSmoke.spec.ts","",""
"","5418","Typing a page number navigates to that page","msedge","Wed Oct 07 10:30:32 UTC 2026","passed","Wed Oct 07 10:30:37 UTC 2026","Presented Checks — Smoke > Pagination","specs\Smoke\5-PresentedChecksSmoke.spec.ts","",""
"","14494","Search box filters grid and clears correctly","firefox","Wed Oct 07 10:20:21 UTC 2026","passed","Wed Oct 07 10:20:35 UTC 2026","Presented Checks — Smoke > Toolbar","specs\Smoke\5-PresentedChecksSmoke.spec.ts","",""
"","9581","Excel export button is visible and enabled","webkit","Wed Oct 07 10:22:24 UTC 2026","passed","Wed Oct 07 10:22:33 UTC 2026","ACH — Smoke > Toolbar","specs\Smoke\7-ACHSmoke.spec.ts","",""
"","4945","Open Exceptions page loads with either exception cards or the empty-state message","msedge","Wed Oct 07 10:33:45 UTC 2026","passed","Wed Oct 07 10:33:50 UTC 2026","Exceptions — Smoke > Open Exceptions","specs\Smoke\8-ExceptionsSmoke.spec.ts","",""
"","6336","Default Decision Log sub-page loads correctly","chromium","Wed Oct 07 10:12:27 UTC 2026","passed","Wed Oct 07 10:12:34 UTC 2026","Application Navigation Smoke Tests > Settings Sub-navigation","specs\Smoke\2-NavigationSmoke.spec.ts","",""
"","5630","Automatic Check Decision Rules sub-page loads correctly","msedge","Wed Oct 07 10:27:29 UTC 2026","passed","Wed Oct 07 10:27:35 UTC 2026","Application Navigation Smoke Tests > Settings Sub-navigation","specs\Smoke\2-NavigationSmoke.spec.ts","",""
"","9477","Saved Filters dropdown is visible and defaults to no preset","webkit","Wed Oct 07 10:17:54 UTC 2026","passed","Wed Oct 07 10:18:04 UTC 2026","Issued Checks — Smoke > Saved Filters","specs\Smoke\4-IssuedChecksSmoke.spec.ts","",""
