"DESCRIPTION","DURATION IN MS","NAME","PARENT SUITE","START TIME","STATUS","STOP TIME","SUB SUITE","SUITE","TEST CLASS","TEST METHOD"
"","17812","Presented Checks breadcrumb link is visible on the page","webkit","Mon Sep 14 10:44:24 UTC 2026","passed","Mon Sep 14 10:44:42 UTC 2026","Presented Checks — Smoke (Continued)","specs\Smoke\5-PresentedChecksSmoke.spec.ts","",""
"","14091","API link is visible and points to swagger","firefox","Mon Sep 14 10:17:52 UTC 2026","passed","Mon Sep 14 10:18:06 UTC 2026","Application Navigation Smoke Tests","specs\Smoke\2-NavigationSmoke.spec.ts","",""
"","9710","Approvals page loads with either records or the empty-state message","webkit","Mon Sep 14 10:51:28 UTC 2026","passed","Mon Sep 14 10:51:38 UTC 2026","Exceptions — Smoke (Continued)","specs\Smoke\8-ExceptionsSmoke.spec.ts","",""
"","18359","Saved Filters dropdown is visible and defaults to no preset","webkit","Mon Sep 14 10:40:48 UTC 2026","passed","Mon Sep 14 10:41:07 UTC 2026","Issued Checks — Smoke","specs\Smoke\4-IssuedChecksSmoke.spec.ts","",""
"","9327","Saved Filters dropdown is visible and defaults to no preset","msedge","Mon Sep 14 10:18:40 UTC 2026","passed","Mon Sep 14 10:18:49 UTC 2026","Presented Checks — Smoke","specs\Smoke\5-PresentedChecksSmoke.spec.ts","",""
"","5216","Validate Login functionality with invalidEmailFormat","msedge","Mon Sep 14 10:11:55 UTC 2026","passed","Mon Sep 14 10:12:00 UTC 2026","","specs\Smoke\1-LoginSmoke.spec.ts","",""
"","18802","Navigation tabs to Pre-Decisions, Approvals, and Exception History are visible","webkit","Mon Sep 14 10:50:33 UTC 2026","passed","Mon Sep 14 10:50:52 UTC 2026","Exceptions — Smoke (Continued)","specs\Smoke\8-ExceptionsSmoke.spec.ts","",""
"","8072","File Formats sub-page loads correctly","chromium","Mon Sep 14 10:12:51 UTC 2026","passed","Mon Sep 14 10:12:59 UTC 2026","Application Navigation Smoke Tests","specs\Smoke\2-NavigationSmoke.spec.ts","",""
"","17522","Home page is accessible and shows dashboard","firefox","Mon Sep 14 10:11:33 UTC 2026","passed","Mon Sep 14 10:11:50 UTC 2026","Application Navigation Smoke Tests","specs\Smoke\2-NavigationSmoke.spec.ts","",""
"","8597","Account Settings sub-page loads correctly","msedge","Mon Sep 14 10:12:33 UTC 2026","passed","Mon Sep 14 10:12:41 UTC 2026","Application Navigation Smoke Tests","specs\Smoke\2-NavigationSmoke.spec.ts","",""
"","11242","Last page arrow jumps to the final page","msedge","Mon Sep 14 10:21:38 UTC 2026","passed","Mon Sep 14 10:21:50 UTC 2026","Exceptions — Smoke","specs\Smoke\8-ExceptionsSmoke.spec.ts","",""
"","5755","Branding sub-page loads correctly","chromium","Mon Sep 14 10:12:25 UTC 2026","passed","Mon Sep 14 10:12:31 UTC 2026","Application Navigation Smoke Tests","specs\Smoke\2-NavigationSmoke.spec.ts","",""
"","10453","Page size change to 10 updates pagination info in bottom-right pager","chromium","Mon Sep 14 10:16:07 UTC 2026","passed","Mon Sep 14 10:16:18 UTC 2026","Presented Checks — Smoke","specs\Smoke\5-PresentedChecksSmoke.spec.ts","",""
"","10904","Next page arrow advances to page 2","msedge","Mon Sep 14 10:21:27 UTC 2026","passed","Mon Sep 14 10:21:38 UTC 2026","Exceptions — Smoke","specs\Smoke\8-ExceptionsSmoke.spec.ts","",""
"","24680","Validate Login functionality with correctCredentials","firefox","Mon Sep 14 10:11:33 UTC 2026","passed","Mon Sep 14 10:11:58 UTC 2026","","specs\Smoke\1-LoginSmoke.spec.ts","",""
"","8009","ACH page loads correctly","chromium","Mon Sep 14 10:11:39 UTC 2026","passed","Mon Sep 14 10:11:47 UTC 2026","Application Navigation Smoke Tests","specs\Smoke\2-NavigationSmoke.spec.ts","",""
"","18438","Excel export button is visible and enabled","webkit","Mon Sep 14 10:45:41 UTC 2026","passed","Mon Sep 14 10:46:00 UTC 2026","ACH — Smoke","specs\Smoke\7-ACHSmoke.spec.ts","",""
"","5475","Validate Login functionality with incorrectPassword","msedge","Mon Sep 14 10:11:44 UTC 2026","passed","Mon Sep 14 10:11:49 UTC 2026","","specs\Smoke\1-LoginSmoke.spec.ts","",""
"","19380","""+ Add ACH"" navigates to the add-ACH form","webkit","Mon Sep 14 10:44:42 UTC 2026","passed","Mon Sep 14 10:45:01 UTC 2026","ACH — Smoke","specs\Smoke\7-ACHSmoke.spec.ts","",""
"","14007","Roles/Permissions sub-page loads correctly","webkit","Mon Sep 14 10:32:35 UTC 2026","passed","Mon Sep 14 10:32:49 UTC 2026","Application Navigation Smoke Tests","specs\Smoke\2-NavigationSmoke.spec.ts","",""
"","12450","Clicking a column header sorts ascending, clicking again sorts descending","msedge","Mon Sep 14 10:19:09 UTC 2026","passed","Mon Sep 14 10:19:21 UTC 2026","Issued Checks — Smoke (Continued)","specs\Smoke\4-IssuedChecksSmoke.spec.ts","",""
"","9991","""Uploaded Checks"" navigates to the uploads page","chromium","Mon Sep 14 10:15:29 UTC 2026","passed","Mon Sep 14 10:15:39 UTC 2026","Presented Checks — Smoke","specs\Smoke\5-PresentedChecksSmoke.spec.ts","",""
"","10850","Grid loads with data rows and key column headers","msedge","Mon Sep 14 10:20:31 UTC 2026","passed","Mon Sep 14 10:20:42 UTC 2026","ACH — Smoke","specs\Smoke\7-ACHSmoke.spec.ts","",""
"","17644","Verify tab-specific charts are hidden for opposite tab","webkit","Mon Sep 14 10:34:41 UTC 2026","passed","Mon Sep 14 10:34:58 UTC 2026","Home Dashboard","specs\Smoke\3-HomeDashboardSmoke.spec.ts","",""
"","25849","Column filter popup applies a filter and Clear restores the full row set","webkit","Mon Sep 14 10:42:39 UTC 2026","passed","Mon Sep 14 10:43:05 UTC 2026","Presented Checks — Smoke (Continued)","specs\Smoke\5-PresentedChecksSmoke.spec.ts","",""
"","12569","""View"" (Change Log) link on a row navigates to the entity log","msedge","Mon Sep 14 10:23:37 UTC 2026","passed","Mon Sep 14 10:23:49 UTC 2026","ACH — Smoke","specs\Smoke\7-ACHSmoke.spec.ts","",""
"","9321","Presented Checks page loads correctly","msedge","Mon Sep 14 10:11:47 UTC 2026","passed","Mon Sep 14 10:11:56 UTC 2026","Application Navigation Smoke Tests","specs\Smoke\2-NavigationSmoke.spec.ts","",""
"","16676","Verify dashboard footer footnote and privacy link are visible","firefox","Mon Sep 14 10:16:29 UTC 2026","passed","Mon Sep 14 10:16:45 UTC 2026","Home Dashboard","specs\Smoke\3-HomeDashboardSmoke.spec.ts","",""
"","10931","ACH page loads correctly","firefox","Mon Sep 14 10:12:27 UTC 2026","passed","Mon Sep 14 10:12:37 UTC 2026","Application Navigation Smoke Tests","specs\Smoke\2-NavigationSmoke.spec.ts","",""
"","17768","""View"" link on a row opens the Exception Details dialog","firefox","Mon Sep 14 10:27:34 UTC 2026","passed","Mon Sep 14 10:27:52 UTC 2026","Exceptions — Smoke (Continued)","specs\Smoke\8-ExceptionsSmoke.spec.ts","",""
"","6840","Verify profile menu shows My Info and Logout links","chromium","Mon Sep 14 10:14:05 UTC 2026","passed","Mon Sep 14 10:14:12 UTC 2026","Home Dashboard","specs\Smoke\3-HomeDashboardSmoke.spec.ts","",""
"","10467","Next page arrow advances to page 2","chromium","Mon Sep 14 10:19:17 UTC 2026","passed","Mon Sep 14 10:19:27 UTC 2026","ACH — Smoke","specs\Smoke\7-ACHSmoke.spec.ts","",""
"","10489","Search box filters grid and clears correctly","chromium","Mon Sep 14 10:18:50 UTC 2026","passed","Mon Sep 14 10:19:00 UTC 2026","ACH — Smoke","specs\Smoke\7-ACHSmoke.spec.ts","",""
"","15150","Default Decision Log sub-page loads correctly","webkit","Mon Sep 14 10:36:01 UTC 2026","passed","Mon Sep 14 10:36:16 UTC 2026","Application Navigation Smoke Tests","specs\Smoke\2-NavigationSmoke.spec.ts","",""
"","21535","Next page arrow advances to page 2","webkit","Mon Sep 14 10:46:18 UTC 2026","passed","Mon Sep 14 10:46:39 UTC 2026","ACH — Smoke","specs\Smoke\7-ACHSmoke.spec.ts","",""
"","19413","""View"" (Change Log) link on a row navigates to the entity log","webkit","Mon Sep 14 10:49:47 UTC 2026","passed","Mon Sep 14 10:50:07 UTC 2026","ACH — Smoke","specs\Smoke\7-ACHSmoke.spec.ts","",""
"","13314","File Formats sub-page loads correctly","msedge","Mon Sep 14 10:13:59 UTC 2026","passed","Mon Sep 14 10:14:13 UTC 2026","Application Navigation Smoke Tests","specs\Smoke\2-NavigationSmoke.spec.ts","",""
"","16744","Previous page button returns to page 1, First page button re-enables disabled state","firefox","Mon Sep 14 10:20:52 UTC 2026","passed","Mon Sep 14 10:21:08 UTC 2026","Presented Checks — Smoke","specs\Smoke\5-PresentedChecksSmoke.spec.ts","",""
"","9390","ACH breadcrumb link is visible on the page","msedge","Mon Sep 14 10:24:16 UTC 2026","passed","Mon Sep 14 10:24:25 UTC 2026","ACH — Smoke","specs\Smoke\7-ACHSmoke.spec.ts","",""
"","16744","Decision Files sub-page loads correctly","webkit","Mon Sep 14 10:33:23 UTC 2026","passed","Mon Sep 14 10:33:39 UTC 2026","Application Navigation Smoke Tests","specs\Smoke\2-NavigationSmoke.spec.ts","",""
"","5599","Validate forgot password functionality with No email","msedge","Mon Sep 14 10:12:38 UTC 2026","passed","Mon Sep 14 10:12:44 UTC 2026","","specs\Smoke\1-LoginSmoke.spec.ts","",""
"","13926","Branding sub-page loads correctly","msedge","Mon Sep 14 10:13:08 UTC 2026","passed","Mon Sep 14 10:13:22 UTC 2026","Application Navigation Smoke Tests","specs\Smoke\2-NavigationSmoke.spec.ts","",""
"","31596","Save a filter preset, verify it is auto-selected, then delete it","webkit","Mon Sep 14 10:41:25 UTC 2026","passed","Mon Sep 14 10:41:57 UTC 2026","Issued Checks — Smoke (Continued)","specs\Smoke\4-IssuedChecksSmoke.spec.ts","",""
"","10385","Pay/Return decision badge navigates to exception history","msedge","Mon Sep 14 10:20:21 UTC 2026","passed","Mon Sep 14 10:20:31 UTC 2026","Presented Checks — Smoke (Continued)","specs\Smoke\5-PresentedChecksSmoke.spec.ts","",""
"","18416","Previous page button returns to page 1, First page button re-enables disabled state","firefox","Mon Sep 14 10:20:50 UTC 2026","passed","Mon Sep 14 10:21:09 UTC 2026","Issued Checks — Smoke","specs\Smoke\4-IssuedChecksSmoke.spec.ts","",""
"","7017","Presented Checks breadcrumb link is visible on the page","chromium","Mon Sep 14 10:18:58 UTC 2026","passed","Mon Sep 14 10:19:05 UTC 2026","Presented Checks — Smoke (Continued)","specs\Smoke\5-PresentedChecksSmoke.spec.ts","",""
"","19011","Save a filter preset, verify it is auto-selected, then delete it","chromium","Mon Sep 14 10:16:51 UTC 2026","passed","Mon Sep 14 10:17:10 UTC 2026","Issued Checks — Smoke (Continued)","specs\Smoke\4-IssuedChecksSmoke.spec.ts","",""
"","15082","Previous page button returns to page 1, First page button re-enables disabled state","msedge","Mon Sep 14 10:22:00 UTC 2026","passed","Mon Sep 14 10:22:15 UTC 2026","Exceptions — Smoke","specs\Smoke\8-ExceptionsSmoke.spec.ts","",""
"","34579","Save a filter preset, verify it is auto-selected, then delete it","webkit","Mon Sep 14 10:48:25 UTC 2026","passed","Mon Sep 14 10:48:59 UTC 2026","ACH — Smoke","specs\Smoke\7-ACHSmoke.spec.ts","",""
"","10512","Page size change to 10 updates pagination info in bottom-right pager","msedge","Mon Sep 14 10:17:43 UTC 2026","passed","Mon Sep 14 10:17:53 UTC 2026","Presented Checks — Smoke","specs\Smoke\5-PresentedChecksSmoke.spec.ts","",""
"","11521","Next page arrow advances to page 2","msedge","Mon Sep 14 10:17:42 UTC 2026","passed","Mon Sep 14 10:17:54 UTC 2026","Issued Checks — Smoke","specs\Smoke\4-IssuedChecksSmoke.spec.ts","",""
"","15188","Clicking a column header sorts ascending, clicking again sorts descending","msedge","Mon Sep 14 10:22:54 UTC 2026","passed","Mon Sep 14 10:23:09 UTC 2026","Exceptions — Smoke (Continued)","specs\Smoke\8-ExceptionsSmoke.spec.ts","",""
"","11880","Validate Login functionality with invalidEmailFormat","webkit","Mon Sep 14 10:30:36 UTC 2026","passed","Mon Sep 14 10:30:48 UTC 2026","","specs\Smoke\1-LoginSmoke.spec.ts","",""
"","33027","Save a filter preset, verify it is auto-selected, then delete it","webkit","Mon Sep 14 10:41:44 UTC 2026","passed","Mon Sep 14 10:42:17 UTC 2026","Presented Checks — Smoke (Continued)","specs\Smoke\5-PresentedChecksSmoke.spec.ts","",""
"","12343","Previous page button returns to page 1, First page button re-enables disabled state","chromium","Mon Sep 14 10:20:16 UTC 2026","passed","Mon Sep 14 10:20:28 UTC 2026","Exceptions — Smoke","specs\Smoke\8-ExceptionsSmoke.spec.ts","",""
"","5019","Validate Login functionality with xssInUsername","msedge","Mon Sep 14 10:12:22 UTC 2026","passed","Mon Sep 14 10:12:27 UTC 2026","","specs\Smoke\1-LoginSmoke.spec.ts","",""
"","7880","Verify delayed data note and force refresh link are visible on dashboard","chromium","Mon Sep 14 10:13:49 UTC 2026","passed","Mon Sep 14 10:13:57 UTC 2026","Home Dashboard","specs\Smoke\3-HomeDashboardSmoke.spec.ts","",""
"","18148","Default filter auto-applies after logout and re-login","webkit","Mon Sep 14 10:41:26 UTC 2026","skipped","Mon Sep 14 10:41:44 UTC 2026","Presented Checks — Default Filter (Serial)","specs\Smoke\5-PresentedChecksSmoke.spec.ts","",""
"","7462","Verify dashboard footer footnote and privacy link are visible","chromium","Mon Sep 14 10:13:57 UTC 2026","passed","Mon Sep 14 10:14:05 UTC 2026","Home Dashboard","specs\Smoke\3-HomeDashboardSmoke.spec.ts","",""
"","17683","Excel export button is visible and enabled","webkit","Mon Sep 14 10:39:07 UTC 2026","passed","Mon Sep 14 10:39:25 UTC 2026","Presented Checks — Smoke","specs\Smoke\5-PresentedChecksSmoke.spec.ts","",""
"","16758","""Delete"" on a row shows a confirm modal; Cancel dismisses it without deleting","firefox","Mon Sep 14 10:23:08 UTC 2026","passed","Mon Sep 14 10:23:25 UTC 2026","Presented Checks — Smoke (Continued)","specs\Smoke\5-PresentedChecksSmoke.spec.ts","",""
"","13296","""Delete"" on a row shows a confirm modal; Cancel dismisses it without deleting","firefox","Mon Sep 14 10:28:34 UTC 2026","passed","Mon Sep 14 10:28:47 UTC 2026","ACH — Smoke","specs\Smoke\7-ACHSmoke.spec.ts","",""
"","22420","Decision badge on an already-reviewed row is blocked with a system message","firefox","Mon Sep 14 10:27:52 UTC 2026","passed","Mon Sep 14 10:28:14 UTC 2026","Exceptions — Smoke (Continued)","specs\Smoke\8-ExceptionsSmoke.spec.ts","",""
"","10474","Default filter auto-applies after logout and re-login","msedge","Mon Sep 14 10:22:38 UTC 2026","skipped","Mon Sep 14 10:22:49 UTC 2026","ACH — Smoke","specs\Smoke\7-ACHSmoke.spec.ts","",""
"","11951","Search box filters grid and clears correctly","msedge","Mon Sep 14 10:20:53 UTC 2026","passed","Mon Sep 14 10:21:05 UTC 2026","Exceptions — Smoke","specs\Smoke\8-ExceptionsSmoke.spec.ts","",""
"","25016","Column filter popup applies a filter and Clear restores the full row set","webkit","Mon Sep 14 10:42:18 UTC 2026","passed","Mon Sep 14 10:42:43 UTC 2026","Issued Checks — Smoke (Continued)","specs\Smoke\4-IssuedChecksSmoke.spec.ts","",""
"","16221","Search box filters grid and clears correctly","firefox","Mon Sep 14 10:24:13 UTC 2026","passed","Mon Sep 14 10:24:29 UTC 2026","Exceptions — Smoke","specs\Smoke\8-ExceptionsSmoke.spec.ts","",""
"","14033","Exceptions page loads correctly","firefox","Mon Sep 14 10:12:37 UTC 2026","passed","Mon Sep 14 10:12:51 UTC 2026","Application Navigation Smoke Tests","specs\Smoke\2-NavigationSmoke.spec.ts","",""
"","6588","Verify Total Exceptions and Total Exception Amount labels are visible","chromium","Mon Sep 14 10:13:32 UTC 2026","passed","Mon Sep 14 10:13:38 UTC 2026","Home Dashboard","specs\Smoke\3-HomeDashboardSmoke.spec.ts","",""
"","15974","ACH breadcrumb link is visible on the page","firefox","Mon Sep 14 10:29:11 UTC 2026","passed","Mon Sep 14 10:29:27 UTC 2026","ACH — Smoke","specs\Smoke\7-ACHSmoke.spec.ts","",""
"","16761","Verify delayed data note and force refresh link are visible on dashboard","webkit","Mon Sep 14 10:35:26 UTC 2026","passed","Mon Sep 14 10:35:43 UTC 2026","Home Dashboard","specs\Smoke\3-HomeDashboardSmoke.spec.ts","",""
"","11655","Page size change to 10 updates pagination info in bottom-right pager","msedge","Mon Sep 14 10:21:16 UTC 2026","passed","Mon Sep 14 10:21:27 UTC 2026","Exceptions — Smoke","specs\Smoke\8-ExceptionsSmoke.spec.ts","",""
"","11768","Business Clients sub-page loads correctly","firefox","Mon Sep 14 10:13:14 UTC 2026","passed","Mon Sep 14 10:13:26 UTC 2026","Application Navigation Smoke Tests","specs\Smoke\2-NavigationSmoke.spec.ts","",""
"","17582","Verify navigation to ACH via nav menu","webkit","Mon Sep 14 10:37:03 UTC 2026","passed","Mon Sep 14 10:37:20 UTC 2026","Home Dashboard","specs\Smoke\3-HomeDashboardSmoke.spec.ts","",""
"","10209","Validate Login functionality with xssInUsername","webkit","Mon Sep 14 10:31:31 UTC 2026","passed","Mon Sep 14 10:31:41 UTC 2026","","specs\Smoke\1-LoginSmoke.spec.ts","",""
"","18447","Verify tab-specific charts are hidden for opposite tab","firefox","Mon Sep 14 10:15:26 UTC 2026","passed","Mon Sep 14 10:15:45 UTC 2026","Home Dashboard","specs\Smoke\3-HomeDashboardSmoke.spec.ts","",""
"","12271","Last page arrow jumps to the final page","msedge","Mon Sep 14 10:17:54 UTC 2026","passed","Mon Sep 14 10:18:06 UTC 2026","Issued Checks — Smoke","specs\Smoke\4-IssuedChecksSmoke.spec.ts","",""
"","13298","Verify navigation to Exceptions via nav menu","webkit","Mon Sep 14 10:37:20 UTC 2026","passed","Mon Sep 14 10:37:34 UTC 2026","Home Dashboard","specs\Smoke\3-HomeDashboardSmoke.spec.ts","",""
"","7850","""View"" (Change Log) link on a row navigates to the entity log","chromium","Mon Sep 14 10:17:43 UTC 2026","passed","Mon Sep 14 10:17:51 UTC 2026","Issued Checks — Smoke (Continued)","specs\Smoke\4-IssuedChecksSmoke.spec.ts","",""
"","16671","""Edit"" link on a row navigates to the check edit form","firefox","Mon Sep 14 10:22:37 UTC 2026","passed","Mon Sep 14 10:22:54 UTC 2026","Presented Checks — Smoke (Continued)","specs\Smoke\5-PresentedChecksSmoke.spec.ts","",""
"","16465","Page size change to 10 updates pagination info in bottom-right pager","firefox","Mon Sep 14 10:19:49 UTC 2026","passed","Mon Sep 14 10:20:05 UTC 2026","Presented Checks — Smoke","specs\Smoke\5-PresentedChecksSmoke.spec.ts","",""
"","5235","Validate Login functionality with veryLongInput","msedge","Mon Sep 14 10:12:27 UTC 2026","passed","Mon Sep 14 10:12:32 UTC 2026","","specs\Smoke\1-LoginSmoke.spec.ts","",""
"","11394","Web Hooks sub-page loads correctly","msedge","Mon Sep 14 10:16:18 UTC 2026","passed","Mon Sep 14 10:16:29 UTC 2026","Application Navigation Smoke Tests","specs\Smoke\2-NavigationSmoke.spec.ts","",""
"","9835","""Uploaded Checks"" navigates to the uploads page","msedge","Mon Sep 14 10:17:10 UTC 2026","passed","Mon Sep 14 10:17:19 UTC 2026","Presented Checks — Smoke","specs\Smoke\5-PresentedChecksSmoke.spec.ts","",""
"","10278","""+ Add ACH"" navigates to the add-ACH form","chromium","Mon Sep 14 10:18:31 UTC 2026","passed","Mon Sep 14 10:18:41 UTC 2026","ACH — Smoke","specs\Smoke\7-ACHSmoke.spec.ts","",""
"","6924","Presented Checks page loads correctly","chromium","Mon Sep 14 10:11:27 UTC 2026","passed","Mon Sep 14 10:11:33 UTC 2026","Application Navigation Smoke Tests","specs\Smoke\2-NavigationSmoke.spec.ts","",""
"","14097","Grid loads with data rows and key column headers","chromium","Mon Sep 14 10:15:04 UTC 2026","passed","Mon Sep 14 10:15:18 UTC 2026","Presented Checks — Smoke","specs\Smoke\5-PresentedChecksSmoke.spec.ts","",""
"","3899","Approvals page loads with either records or the empty-state message","chromium","Mon Sep 14 10:22:26 UTC 2026","passed","Mon Sep 14 10:22:29 UTC 2026","Exceptions — Smoke (Continued)","specs\Smoke\8-ExceptionsSmoke.spec.ts","",""
"","10343","Holiday Schedules sub-page loads correctly","firefox","Mon Sep 14 10:14:44 UTC 2026","passed","Mon Sep 14 10:14:54 UTC 2026","Application Navigation Smoke Tests","specs\Smoke\2-NavigationSmoke.spec.ts","",""
"","10823","Exceptions breadcrumb link is visible on the page","msedge","Mon Sep 14 10:23:50 UTC 2026","passed","Mon Sep 14 10:24:01 UTC 2026","Exceptions — Smoke (Continued)","specs\Smoke\8-ExceptionsSmoke.spec.ts","",""
"","22587","Verify ACH Only tab shows ACH-specific chart sections","firefox","Mon Sep 14 10:14:29 UTC 2026","passed","Mon Sep 14 10:14:51 UTC 2026","Home Dashboard","specs\Smoke\3-HomeDashboardSmoke.spec.ts","",""
"","22888","Default filter auto-applies after logout and re-login","chromium","Mon Sep 14 10:17:24 UTC 2026","passed","Mon Sep 14 10:17:47 UTC 2026","Presented Checks — Default Filter (Serial)","specs\Smoke\5-PresentedChecksSmoke.spec.ts","",""
"","9944","""Edit"" link on a row navigates to the check edit form","chromium","Mon Sep 14 10:17:33 UTC 2026","passed","Mon Sep 14 10:17:43 UTC 2026","Issued Checks — Smoke (Continued)","specs\Smoke\4-IssuedChecksSmoke.spec.ts","",""
"","4237","Validate Login functionality with missingPassword","firefox","Mon Sep 14 10:12:32 UTC 2026","passed","Mon Sep 14 10:12:36 UTC 2026","","specs\Smoke\1-LoginSmoke.spec.ts","",""
"","11665","Account Settings sub-page loads correctly","firefox","Mon Sep 14 10:13:03 UTC 2026","passed","Mon Sep 14 10:13:14 UTC 2026","Application Navigation Smoke Tests","specs\Smoke\2-NavigationSmoke.spec.ts","",""
"","10842","Verify navigation to Exceptions via nav menu","firefox","Mon Sep 14 10:18:06 UTC 2026","passed","Mon Sep 14 10:18:17 UTC 2026","Home Dashboard","specs\Smoke\3-HomeDashboardSmoke.spec.ts","",""
"","7202","Web Hooks sub-page loads correctly","chromium","Mon Sep 14 10:14:20 UTC 2026","passed","Mon Sep 14 10:14:27 UTC 2026","Application Navigation Smoke Tests","specs\Smoke\2-NavigationSmoke.spec.ts","",""
"","6000","Validate Login functionality with invalidEmailFormat","firefox","Mon Sep 14 10:12:22 UTC 2026","passed","Mon Sep 14 10:12:28 UTC 2026","","specs\Smoke\1-LoginSmoke.spec.ts","",""
"","11796","Verify navigation to Issued Checks via nav menu","msedge","Mon Sep 14 10:15:54 UTC 2026","passed","Mon Sep 14 10:16:05 UTC 2026","Home Dashboard","specs\Smoke\3-HomeDashboardSmoke.spec.ts","",""
"","14581","Saved Filters dropdown is visible and defaults to no preset","firefox","Mon Sep 14 10:21:09 UTC 2026","passed","Mon Sep 14 10:21:23 UTC 2026","Issued Checks — Smoke","specs\Smoke\4-IssuedChecksSmoke.spec.ts","",""
"","20960","Search box filters grid and clears correctly","webkit","Mon Sep 14 10:45:20 UTC 2026","passed","Mon Sep 14 10:45:41 UTC 2026","ACH — Smoke","specs\Smoke\7-ACHSmoke.spec.ts","",""
"","19627","Typing a page number navigates to that page","webkit","Mon Sep 14 10:40:24 UTC 2026","passed","Mon Sep 14 10:40:43 UTC 2026","Presented Checks — Smoke","specs\Smoke\5-PresentedChecksSmoke.spec.ts","",""
"","12226","Web Hooks sub-page loads correctly","firefox","Mon Sep 14 10:18:06 UTC 2026","passed","Mon Sep 14 10:18:18 UTC 2026","Application Navigation Smoke Tests","specs\Smoke\2-NavigationSmoke.spec.ts","",""
"","16046","Exceptions page loads correctly","webkit","Mon Sep 14 10:31:14 UTC 2026","passed","Mon Sep 14 10:31:30 UTC 2026","Application Navigation Smoke Tests","specs\Smoke\2-NavigationSmoke.spec.ts","",""
"","18456","Default Decision Log sub-page loads correctly","firefox","Mon Sep 14 10:17:04 UTC 2026","passed","Mon Sep 14 10:17:22 UTC 2026","Application Navigation Smoke Tests","specs\Smoke\2-NavigationSmoke.spec.ts","",""
"","13029","Search box filters grid and clears correctly","chromium","Mon Sep 14 10:14:54 UTC 2026","passed","Mon Sep 14 10:15:07 UTC 2026","Issued Checks — Smoke","specs\Smoke\4-IssuedChecksSmoke.spec.ts","",""
"","13798","Clicking a column header sorts ascending, clicking again sorts descending","firefox","Mon Sep 14 10:21:59 UTC 2026","passed","Mon Sep 14 10:22:12 UTC 2026","Presented Checks — Smoke (Continued)","specs\Smoke\5-PresentedChecksSmoke.spec.ts","",""
"","7774","Roles/Permissions sub-page loads correctly","chromium","Mon Sep 14 10:12:17 UTC 2026","passed","Mon Sep 14 10:12:25 UTC 2026","Application Navigation Smoke Tests","specs\Smoke\2-NavigationSmoke.spec.ts","",""
"","8677","""Delete"" on a row shows a confirm modal; Cancel dismisses it without deleting","chromium","Mon Sep 14 10:18:40 UTC 2026","passed","Mon Sep 14 10:18:49 UTC 2026","Presented Checks — Smoke (Continued)","specs\Smoke\5-PresentedChecksSmoke.spec.ts","",""
"","22138","Last page arrow jumps to the final page","chromium","Mon Sep 14 10:16:29 UTC 2026","passed","Mon Sep 14 10:16:51 UTC 2026","Presented Checks — Smoke","specs\Smoke\5-PresentedChecksSmoke.spec.ts","",""
"","18546","Verify chart title changes with selected tab","firefox","Mon Sep 14 10:15:08 UTC 2026","passed","Mon Sep 14 10:15:26 UTC 2026","Home Dashboard","specs\Smoke\3-HomeDashboardSmoke.spec.ts","",""
"","6068","Issued Checks page loads correctly","chromium","Mon Sep 14 10:11:20 UTC 2026","passed","Mon Sep 14 10:11:26 UTC 2026","Application Navigation Smoke Tests","specs\Smoke\2-NavigationSmoke.spec.ts","",""
"","18323","Default filter auto-applies after logout and re-login","webkit","Mon Sep 14 10:41:07 UTC 2026","skipped","Mon Sep 14 10:41:25 UTC 2026","Issued Checks — Default Filter (Serial)","specs\Smoke\4-IssuedChecksSmoke.spec.ts","",""
"","14580","Verify chart title changes with selected tab","msedge","Mon Sep 14 10:14:24 UTC 2026","passed","Mon Sep 14 10:14:39 UTC 2026","Home Dashboard","specs\Smoke\3-HomeDashboardSmoke.spec.ts","",""
"","28880","Previous page button returns to page 1, First page button re-enables disabled state","webkit","Mon Sep 14 10:47:20 UTC 2026","passed","Mon Sep 14 10:47:49 UTC 2026","ACH — Smoke","specs\Smoke\7-ACHSmoke.spec.ts","",""
"","8938","Typing a page number navigates to that page","chromium","Mon Sep 14 10:20:07 UTC 2026","passed","Mon Sep 14 10:20:16 UTC 2026","Exceptions — Smoke","specs\Smoke\8-ExceptionsSmoke.spec.ts","",""
"","11417","""Delete"" on a row shows a confirm modal; Cancel dismisses it without deleting","msedge","Mon Sep 14 10:20:09 UTC 2026","passed","Mon Sep 14 10:20:21 UTC 2026","Presented Checks — Smoke (Continued)","specs\Smoke\5-PresentedChecksSmoke.spec.ts","",""
"","11741","ACH Approval Rules sub-page loads correctly","msedge","Mon Sep 14 10:15:04 UTC 2026","passed","Mon Sep 14 10:15:16 UTC 2026","Application Navigation Smoke Tests","specs\Smoke\2-NavigationSmoke.spec.ts","",""
"","10379","Clicking a column header sorts ascending, clicking again sorts descending","chromium","Mon Sep 14 10:20:41 UTC 2026","passed","Mon Sep 14 10:20:52 UTC 2026","ACH — Smoke","specs\Smoke\7-ACHSmoke.spec.ts","",""
"","19295","Column filter menu applies a filter and Clear restores the full row set","firefox","Mon Sep 14 10:27:15 UTC 2026","passed","Mon Sep 14 10:27:34 UTC 2026","Exceptions — Smoke (Continued)","specs\Smoke\8-ExceptionsSmoke.spec.ts","",""
"","8296","Validate session persists after page refresh","chromium","Mon Sep 14 10:12:17 UTC 2026","passed","Mon Sep 14 10:12:26 UTC 2026","","specs\Smoke\1-LoginSmoke.spec.ts","",""
"","7165","Validate forgot password with unregistered email","firefox","Mon Sep 14 10:13:23 UTC 2026","passed","Mon Sep 14 10:13:30 UTC 2026","","specs\Smoke\1-LoginSmoke.spec.ts","",""
"","4081","Validate Login functionality with xssInUsername","chromium","Mon Sep 14 10:11:56 UTC 2026","passed","Mon Sep 14 10:12:00 UTC 2026","","specs\Smoke\1-LoginSmoke.spec.ts","",""
"","17494","Save a filter preset, verify it is auto-selected, then delete it","chromium","Mon Sep 14 10:21:03 UTC 2026","passed","Mon Sep 14 10:21:21 UTC 2026","Exceptions — Smoke (Continued)","specs\Smoke\8-ExceptionsSmoke.spec.ts","",""
"","8990","Validate Login functionality with missingUsername","firefox","Mon Sep 14 10:12:36 UTC 2026","passed","Mon Sep 14 10:12:45 UTC 2026","","specs\Smoke\1-LoginSmoke.spec.ts","",""
"","18072","Exceptions breadcrumb link is visible on the page","webkit","Mon Sep 14 10:50:15 UTC 2026","passed","Mon Sep 14 10:50:33 UTC 2026","Exceptions — Smoke (Continued)","specs\Smoke\8-ExceptionsSmoke.spec.ts","",""
"","11555","Validate Login functionality with missingUsername","webkit","Mon Sep 14 10:31:10 UTC 2026","passed","Mon Sep 14 10:31:22 UTC 2026","","specs\Smoke\1-LoginSmoke.spec.ts","",""
"","4984","Validate Login functionality with incorrectUsername","msedge","Mon Sep 14 10:11:50 UTC 2026","passed","Mon Sep 14 10:11:54 UTC 2026","","specs\Smoke\1-LoginSmoke.spec.ts","",""
"","9695","""View"" (Change Log) link on a row navigates to the entity log","chromium","Mon Sep 14 10:21:04 UTC 2026","passed","Mon Sep 14 10:21:13 UTC 2026","ACH — Smoke","specs\Smoke\7-ACHSmoke.spec.ts","",""
"","10010","Validate teller presented-check form shows all required fields","chromium","Mon Sep 14 10:18:11 UTC 2026","passed","Mon Sep 14 10:18:21 UTC 2026","Teller - Smoke","specs\Smoke\6-TellerSmoke.spec.ts","",""
"","12887","Save a filter preset, verify it is auto-selected, then delete it","chromium","Mon Sep 14 10:20:28 UTC 2026","passed","Mon Sep 14 10:20:41 UTC 2026","ACH — Smoke","specs\Smoke\7-ACHSmoke.spec.ts","",""
"","9549","Validate Login functionality with incorrectPassword","webkit","Mon Sep 14 10:30:14 UTC 2026","passed","Mon Sep 14 10:30:24 UTC 2026","","specs\Smoke\1-LoginSmoke.spec.ts","",""
"","11205","Settings page loads correctly","firefox","Mon Sep 14 10:12:52 UTC 2026","passed","Mon Sep 14 10:13:03 UTC 2026","Application Navigation Smoke Tests","specs\Smoke\2-NavigationSmoke.spec.ts","",""
"","7318","Default Decision Log sub-page loads correctly","chromium","Mon Sep 14 10:13:51 UTC 2026","passed","Mon Sep 14 10:13:58 UTC 2026","Application Navigation Smoke Tests","specs\Smoke\2-NavigationSmoke.spec.ts","",""
"","18391","Teller page loads correctly","webkit","Mon Sep 14 10:30:39 UTC 2026","passed","Mon Sep 14 10:30:57 UTC 2026","Application Navigation Smoke Tests","specs\Smoke\2-NavigationSmoke.spec.ts","",""
"","6884","Navigation tabs to Pre-Decisions, Approvals, and Exception History are visible","chromium","Mon Sep 14 10:22:04 UTC 2026","passed","Mon Sep 14 10:22:11 UTC 2026","Exceptions — Smoke (Continued)","specs\Smoke\8-ExceptionsSmoke.spec.ts","",""
"","16681","System Log sub-page loads correctly","webkit","Mon Sep 14 10:36:16 UTC 2026","passed","Mon Sep 14 10:36:33 UTC 2026","Application Navigation Smoke Tests","specs\Smoke\2-NavigationSmoke.spec.ts","",""
"","6687","Validate unauthenticated access to protected route is redirected to login","msedge","Mon Sep 14 10:13:00 UTC 2026","passed","Mon Sep 14 10:13:06 UTC 2026","","specs\Smoke\1-LoginSmoke.spec.ts","",""
"","19179","Issued Checks page loads correctly","webkit","Mon Sep 14 10:30:01 UTC 2026","passed","Mon Sep 14 10:30:20 UTC 2026","Application Navigation Smoke Tests","specs\Smoke\2-NavigationSmoke.spec.ts","",""
"","23239","Save a filter preset, verify it is auto-selected, then delete it","firefox","Mon Sep 14 10:26:34 UTC 2026","passed","Mon Sep 14 10:26:57 UTC 2026","Exceptions — Smoke (Continued)","specs\Smoke\8-ExceptionsSmoke.spec.ts","",""
"","10531","Excel export button is visible and enabled","msedge","Mon Sep 14 10:17:32 UTC 2026","passed","Mon Sep 14 10:17:43 UTC 2026","Presented Checks — Smoke","specs\Smoke\5-PresentedChecksSmoke.spec.ts","",""
"","7205","Saved Filters dropdown is visible and defaults to no preset","chromium","Mon Sep 14 10:17:17 UTC 2026","passed","Mon Sep 14 10:17:24 UTC 2026","Presented Checks — Smoke","specs\Smoke\5-PresentedChecksSmoke.spec.ts","",""
"","12685","Search box filters grid and clears correctly","msedge","Mon Sep 14 10:21:05 UTC 2026","passed","Mon Sep 14 10:21:18 UTC 2026","ACH — Smoke","specs\Smoke\7-ACHSmoke.spec.ts","",""
"","9355","Verify navigation to Exceptions via nav menu","chromium","Mon Sep 14 10:14:44 UTC 2026","passed","Mon Sep 14 10:14:53 UTC 2026","Home Dashboard","specs\Smoke\3-HomeDashboardSmoke.spec.ts","",""
"","25001","Previous page button returns to page 1, First page button re-enables disabled state","webkit","Mon Sep 14 10:40:23 UTC 2026","passed","Mon Sep 14 10:40:48 UTC 2026","Issued Checks — Smoke","specs\Smoke\4-IssuedChecksSmoke.spec.ts","",""
"","16943","Verify profile menu shows My Info and Logout links","firefox","Mon Sep 14 10:16:45 UTC 2026","passed","Mon Sep 14 10:17:02 UTC 2026","Home Dashboard","specs\Smoke\3-HomeDashboardSmoke.spec.ts","",""
"","5255","Exceptions page loads correctly","chromium","Mon Sep 14 10:11:47 UTC 2026","passed","Mon Sep 14 10:11:52 UTC 2026","Application Navigation Smoke Tests","specs\Smoke\2-NavigationSmoke.spec.ts","",""
"","6913","Approvals page loads with either records or the empty-state message","msedge","Mon Sep 14 10:24:33 UTC 2026","passed","Mon Sep 14 10:24:40 UTC 2026","Exceptions — Smoke (Continued)","specs\Smoke\8-ExceptionsSmoke.spec.ts","",""
"","15205","Typing a page number navigates to that page","firefox","Mon Sep 14 10:20:36 UTC 2026","passed","Mon Sep 14 10:20:52 UTC 2026","Presented Checks — Smoke","specs\Smoke\5-PresentedChecksSmoke.spec.ts","",""
"","16045","Verify dashboard tab checked state updates correctly","firefox","Mon Sep 14 10:14:51 UTC 2026","passed","Mon Sep 14 10:15:08 UTC 2026","Home Dashboard","specs\Smoke\3-HomeDashboardSmoke.spec.ts","",""
"","9504","Excel export button is visible and enabled","chromium","Mon Sep 14 10:19:28 UTC 2026","passed","Mon Sep 14 10:19:38 UTC 2026","Exceptions — Smoke","specs\Smoke\8-ExceptionsSmoke.spec.ts","",""
"","5447","Validate Login functionality with incorrectUsername","firefox","Mon Sep 14 10:12:16 UTC 2026","passed","Mon Sep 14 10:12:22 UTC 2026","","specs\Smoke\1-LoginSmoke.spec.ts","",""
"","14317","Column filter menu applies a filter and Clear restores the full row set","msedge","Mon Sep 14 10:23:09 UTC 2026","passed","Mon Sep 14 10:23:24 UTC 2026","Exceptions — Smoke (Continued)","specs\Smoke\8-ExceptionsSmoke.spec.ts","",""
"","7139","Verify Check Only tab shows Check-specific chart sections","chromium","Mon Sep 14 10:12:51 UTC 2026","passed","Mon Sep 14 10:12:58 UTC 2026","Home Dashboard","specs\Smoke\3-HomeDashboardSmoke.spec.ts","",""
"","16985","API link is visible and points to swagger","webkit","Mon Sep 14 10:36:50 UTC 2026","passed","Mon Sep 14 10:37:07 UTC 2026","Application Navigation Smoke Tests","specs\Smoke\2-NavigationSmoke.spec.ts","",""
"","18736","""View"" (Change Log) link on a row navigates to the entity log","webkit","Mon Sep 14 10:43:03 UTC 2026","passed","Mon Sep 14 10:43:22 UTC 2026","Issued Checks — Smoke (Continued)","specs\Smoke\4-IssuedChecksSmoke.spec.ts","",""
"","15297","Home page is accessible and shows dashboard","msedge","Mon Sep 14 10:11:20 UTC 2026","passed","Mon Sep 14 10:11:35 UTC 2026","Application Navigation Smoke Tests","specs\Smoke\2-NavigationSmoke.spec.ts","",""
"","12982","""Delete"" on a row shows a confirm modal; Cancel dismisses it without deleting","msedge","Mon Sep 14 10:19:55 UTC 2026","passed","Mon Sep 14 10:20:08 UTC 2026","Issued Checks — Smoke (Continued)","specs\Smoke\4-IssuedChecksSmoke.spec.ts","",""
"","11995","""Edit"" link on a row navigates to the check edit form","msedge","Mon Sep 14 10:19:47 UTC 2026","passed","Mon Sep 14 10:19:59 UTC 2026","Presented Checks — Smoke (Continued)","specs\Smoke\5-PresentedChecksSmoke.spec.ts","",""
"","11584","Next page arrow advances to page 2","msedge","Mon Sep 14 10:21:39 UTC 2026","passed","Mon Sep 14 10:21:50 UTC 2026","ACH — Smoke","specs\Smoke\7-ACHSmoke.spec.ts","",""
"","33193","Save a filter preset, verify it is auto-selected, then delete it","webkit","Mon Sep 14 10:47:59 UTC 2026","passed","Mon Sep 14 10:48:32 UTC 2026","Exceptions — Smoke (Continued)","specs\Smoke\8-ExceptionsSmoke.spec.ts","",""
"","5641","Validate Login functionality with incorrectPassword","firefox","Mon Sep 14 10:12:10 UTC 2026","passed","Mon Sep 14 10:12:16 UTC 2026","","specs\Smoke\1-LoginSmoke.spec.ts","",""
"","21093","Typing a page number navigates to that page","webkit","Mon Sep 14 10:46:59 UTC 2026","passed","Mon Sep 14 10:47:20 UTC 2026","ACH — Smoke","specs\Smoke\7-ACHSmoke.spec.ts","",""
"","7817","Verify all three dashboard view tabs are visible","firefox","Mon Sep 14 10:13:53 UTC 2026","passed","Mon Sep 14 10:14:00 UTC 2026","Home Dashboard","specs\Smoke\3-HomeDashboardSmoke.spec.ts","",""
"","5937","Validate forgot password functionality","msedge","Mon Sep 14 10:12:32 UTC 2026","passed","Mon Sep 14 10:12:38 UTC 2026","","specs\Smoke\1-LoginSmoke.spec.ts","",""
"","15772","Exception History grid loads with data rows and key column headers","firefox","Mon Sep 14 10:23:57 UTC 2026","passed","Mon Sep 14 10:24:13 UTC 2026","Exceptions — Smoke","specs\Smoke\8-ExceptionsSmoke.spec.ts","",""
"","15571","Pay/Return decision badge navigates to exception history","msedge","Mon Sep 14 10:24:00 UTC 2026","passed","Mon Sep 14 10:24:16 UTC 2026","ACH — Smoke","specs\Smoke\7-ACHSmoke.spec.ts","",""
"","10789","Column filter menu applies a filter and Clear restores the full row set","chromium","Mon Sep 14 10:21:33 UTC 2026","passed","Mon Sep 14 10:21:44 UTC 2026","Exceptions — Smoke (Continued)","specs\Smoke\8-ExceptionsSmoke.spec.ts","",""
"","26536","Column filter menu applies a filter and Clear restores the full row set","webkit","Mon Sep 14 10:48:54 UTC 2026","passed","Mon Sep 14 10:49:20 UTC 2026","Exceptions — Smoke (Continued)","specs\Smoke\8-ExceptionsSmoke.spec.ts","",""
"","9254","Validate forgot password with unregistered email","webkit","Mon Sep 14 10:32:11 UTC 2026","passed","Mon Sep 14 10:32:20 UTC 2026","","specs\Smoke\1-LoginSmoke.spec.ts","",""
"","11947","Column filter popup applies a filter and Clear restores the full row set","chromium","Mon Sep 14 10:20:52 UTC 2026","passed","Mon Sep 14 10:21:04 UTC 2026","ACH — Smoke","specs\Smoke\7-ACHSmoke.spec.ts","",""
"","8112","Check Approval Rules sub-page loads correctly","chromium","Mon Sep 14 10:13:15 UTC 2026","passed","Mon Sep 14 10:13:23 UTC 2026","Application Navigation Smoke Tests","specs\Smoke\2-NavigationSmoke.spec.ts","",""
"","6654","Validate forgot password functionality","firefox","Mon Sep 14 10:13:08 UTC 2026","passed","Mon Sep 14 10:13:14 UTC 2026","","specs\Smoke\1-LoginSmoke.spec.ts","",""
"","13322","Verify dashboard loads after successful login","msedge","Mon Sep 14 10:13:06 UTC 2026","passed","Mon Sep 14 10:13:20 UTC 2026","Home Dashboard","specs\Smoke\3-HomeDashboardSmoke.spec.ts","",""
"","12524","Verify Combined View shows all chart sections","msedge","Mon Sep 14 10:13:30 UTC 2026","passed","Mon Sep 14 10:13:43 UTC 2026","Home Dashboard","specs\Smoke\3-HomeDashboardSmoke.spec.ts","",""
"","6523","Validate Login functionality with veryLongInput","firefox","Mon Sep 14 10:13:01 UTC 2026","passed","Mon Sep 14 10:13:07 UTC 2026","","specs\Smoke\1-LoginSmoke.spec.ts","",""
"","12810","File Processing sub-page loads correctly","firefox","Mon Sep 14 10:17:39 UTC 2026","passed","Mon Sep 14 10:17:52 UTC 2026","Application Navigation Smoke Tests","specs\Smoke\2-NavigationSmoke.spec.ts","",""
"","8714","Typing a page number navigates to that page","msedge","Mon Sep 14 10:18:17 UTC 2026","passed","Mon Sep 14 10:18:25 UTC 2026","Presented Checks — Smoke","specs\Smoke\5-PresentedChecksSmoke.spec.ts","",""
"","16253","Pay/Return decision badge navigates to exception history","firefox","Mon Sep 14 10:23:25 UTC 2026","passed","Mon Sep 14 10:23:41 UTC 2026","Presented Checks — Smoke (Continued)","specs\Smoke\5-PresentedChecksSmoke.spec.ts","",""
"","6174","Pre-Decisions page loads with either records or the empty-state message","msedge","Mon Sep 14 10:24:40 UTC 2026","passed","Mon Sep 14 10:24:46 UTC 2026","Exceptions — Smoke (Continued)","specs\Smoke\8-ExceptionsSmoke.spec.ts","",""
"","17107","ACH Approval Rules sub-page loads correctly","firefox","Mon Sep 14 10:16:30 UTC 2026","passed","Mon Sep 14 10:16:47 UTC 2026","Application Navigation Smoke Tests","specs\Smoke\2-NavigationSmoke.spec.ts","",""
"","9092","Teller page loads correctly","msedge","Mon Sep 14 10:11:56 UTC 2026","passed","Mon Sep 14 10:12:05 UTC 2026","Application Navigation Smoke Tests","specs\Smoke\2-NavigationSmoke.spec.ts","",""
"","7594","""+ Add Check"" navigates to the add-check form","chromium","Mon Sep 14 10:14:36 UTC 2026","passed","Mon Sep 14 10:14:44 UTC 2026","Issued Checks — Smoke","specs\Smoke\4-IssuedChecksSmoke.spec.ts","",""
"","5031","Validate unauthenticated access to protected route is redirected to login","chromium","Mon Sep 14 10:12:26 UTC 2026","passed","Mon Sep 14 10:12:31 UTC 2026","","specs\Smoke\1-LoginSmoke.spec.ts","",""
"","8290","Pre-Decisions page loads with either records or the empty-state message","firefox","Mon Sep 14 10:29:27 UTC 2026","passed","Mon Sep 14 10:29:35 UTC 2026","Exceptions — Smoke (Continued)","specs\Smoke\8-ExceptionsSmoke.spec.ts","",""
"","17665","ACH breadcrumb link is visible on the page","webkit","Mon Sep 14 10:51:05 UTC 2026","passed","Mon Sep 14 10:51:23 UTC 2026","ACH — Smoke","specs\Smoke\7-ACHSmoke.spec.ts","",""
"","6024","Validate Login functionality with sqlInjection","firefox","Mon Sep 14 10:12:45 UTC 2026","passed","Mon Sep 14 10:12:51 UTC 2026","","specs\Smoke\1-LoginSmoke.spec.ts","",""
"","7769","""View"" link on a row opens the Exception Details dialog","chromium","Mon Sep 14 10:21:44 UTC 2026","passed","Mon Sep 14 10:21:52 UTC 2026","Exceptions — Smoke (Continued)","specs\Smoke\8-ExceptionsSmoke.spec.ts","",""
"","19950","Exception History grid loads with data rows and key column headers","webkit","Mon Sep 14 10:44:42 UTC 2026","passed","Mon Sep 14 10:45:02 UTC 2026","Exceptions — Smoke","specs\Smoke\8-ExceptionsSmoke.spec.ts","",""
"","12311","Clicking a column header sorts ascending, clicking again sorts descending","msedge","Mon Sep 14 10:19:18 UTC 2026","passed","Mon Sep 14 10:19:30 UTC 2026","Presented Checks — Smoke (Continued)","specs\Smoke\5-PresentedChecksSmoke.spec.ts","",""
"","8360","Verify dashboard footer footnote and privacy link are visible","msedge","Mon Sep 14 10:15:23 UTC 2026","passed","Mon Sep 14 10:15:31 UTC 2026","Home Dashboard","specs\Smoke\3-HomeDashboardSmoke.spec.ts","",""
"","20048","Pay/Return decision badge navigates to exception history","webkit","Mon Sep 14 10:44:04 UTC 2026","passed","Mon Sep 14 10:44:24 UTC 2026","Presented Checks — Smoke (Continued)","specs\Smoke\5-PresentedChecksSmoke.spec.ts","",""
"","10684","Validate Login functionality with emptyFields","webkit","Mon Sep 14 10:30:48 UTC 2026","passed","Mon Sep 14 10:30:59 UTC 2026","","specs\Smoke\1-LoginSmoke.spec.ts","",""
"","16777","Typing a page number navigates to that page","firefox","Mon Sep 14 10:26:08 UTC 2026","passed","Mon Sep 14 10:26:25 UTC 2026","ACH — Smoke","specs\Smoke\7-ACHSmoke.spec.ts","",""
"","7628","Grid View toggle navigates to the open-exceptions grid and shows key column headers","chromium","Mon Sep 14 10:22:18 UTC 2026","passed","Mon Sep 14 10:22:26 UTC 2026","Exceptions — Smoke (Continued)","specs\Smoke\8-ExceptionsSmoke.spec.ts","",""
"","18246","Presented Checks page loads correctly","webkit","Mon Sep 14 10:30:21 UTC 2026","passed","Mon Sep 14 10:30:39 UTC 2026","Application Navigation Smoke Tests","specs\Smoke\2-NavigationSmoke.spec.ts","",""
"","21677","Clicking a column header sorts ascending, clicking again sorts descending","webkit","Mon Sep 14 10:48:32 UTC 2026","passed","Mon Sep 14 10:48:54 UTC 2026","Exceptions — Smoke (Continued)","specs\Smoke\8-ExceptionsSmoke.spec.ts","",""
"","16864","Search box filters grid and clears correctly","firefox","Mon Sep 14 10:19:09 UTC 2026","passed","Mon Sep 14 10:19:26 UTC 2026","Presented Checks — Smoke","specs\Smoke\5-PresentedChecksSmoke.spec.ts","",""
"","13074","""View"" link on a row opens the Exception Details dialog","msedge","Mon Sep 14 10:23:24 UTC 2026","passed","Mon Sep 14 10:23:37 UTC 2026","Exceptions — Smoke (Continued)","specs\Smoke\8-ExceptionsSmoke.spec.ts","",""
"","10739","Verify all three dashboard view tabs are visible","msedge","Mon Sep 14 10:13:20 UTC 2026","passed","Mon Sep 14 10:13:30 UTC 2026","Home Dashboard","specs\Smoke\3-HomeDashboardSmoke.spec.ts","",""
"","15972","Grid View toggle navigates to the open-exceptions grid and shows key column headers","firefox","Mon Sep 14 10:29:01 UTC 2026","passed","Mon Sep 14 10:29:17 UTC 2026","Exceptions — Smoke (Continued)","specs\Smoke\8-ExceptionsSmoke.spec.ts","",""
"","10116","Validate forgot password functionality with No email","webkit","Mon Sep 14 10:32:01 UTC 2026","passed","Mon Sep 14 10:32:11 UTC 2026","","specs\Smoke\1-LoginSmoke.spec.ts","",""
"","12856","Column filter popup applies a filter and Clear restores the full row set","msedge","Mon Sep 14 10:19:21 UTC 2026","passed","Mon Sep 14 10:19:34 UTC 2026","Issued Checks — Smoke (Continued)","specs\Smoke\4-IssuedChecksSmoke.spec.ts","",""
"","6090","Billing Reports sub-page loads correctly","chromium","Mon Sep 14 10:12:31 UTC 2026","passed","Mon Sep 14 10:12:37 UTC 2026","Application Navigation Smoke Tests","specs\Smoke\2-NavigationSmoke.spec.ts","",""
"","5020","Validate Login functionality with veryLongInput","chromium","Mon Sep 14 10:12:00 UTC 2026","passed","Mon Sep 14 10:12:05 UTC 2026","","specs\Smoke\1-LoginSmoke.spec.ts","",""
"","18481","Verify chart title changes with selected tab","webkit","Mon Sep 14 10:34:22 UTC 2026","passed","Mon Sep 14 10:34:41 UTC 2026","Home Dashboard","specs\Smoke\3-HomeDashboardSmoke.spec.ts","",""
"","16805","Notification Log sub-page loads correctly","webkit","Mon Sep 14 10:35:44 UTC 2026","passed","Mon Sep 14 10:36:01 UTC 2026","Application Navigation Smoke Tests","specs\Smoke\2-NavigationSmoke.spec.ts","",""
"","15760","Page size change to 10 updates pagination info in bottom-right pager","firefox","Mon Sep 14 10:25:21 UTC 2026","passed","Mon Sep 14 10:25:37 UTC 2026","ACH — Smoke","specs\Smoke\7-ACHSmoke.spec.ts","",""
"","9211","Verify navigation to Exceptions via nav menu","msedge","Mon Sep 14 10:16:26 UTC 2026","passed","Mon Sep 14 10:16:35 UTC 2026","Home Dashboard","specs\Smoke\3-HomeDashboardSmoke.spec.ts","",""
"","3794","Validate unauthenticated access to protected route is redirected to login","firefox","Mon Sep 14 10:13:43 UTC 2026","passed","Mon Sep 14 10:13:47 UTC 2026","","specs\Smoke\1-LoginSmoke.spec.ts","",""
"","8904","Verify navigation to Presented Checks via nav menu","chromium","Mon Sep 14 10:14:26 UTC 2026","passed","Mon Sep 14 10:14:35 UTC 2026","Home Dashboard","specs\Smoke\3-HomeDashboardSmoke.spec.ts","",""
"","10663","Presented Checks breadcrumb link is visible on the page","msedge","Mon Sep 14 10:20:31 UTC 2026","passed","Mon Sep 14 10:20:42 UTC 2026","Presented Checks — Smoke (Continued)","specs\Smoke\5-PresentedChecksSmoke.spec.ts","",""
"","12036","API link is visible and points to swagger","msedge","Mon Sep 14 10:16:06 UTC 2026","passed","Mon Sep 14 10:16:18 UTC 2026","Application Navigation Smoke Tests","specs\Smoke\2-NavigationSmoke.spec.ts","",""
"","11554","Last page arrow jumps to the final page","msedge","Mon Sep 14 10:18:05 UTC 2026","passed","Mon Sep 14 10:18:17 UTC 2026","Presented Checks — Smoke","specs\Smoke\5-PresentedChecksSmoke.spec.ts","",""
"","19967","Next page arrow advances to page 2","webkit","Mon Sep 14 10:39:24 UTC 2026","passed","Mon Sep 14 10:39:44 UTC 2026","Issued Checks — Smoke","specs\Smoke\4-IssuedChecksSmoke.spec.ts","",""
"","11195","Navigation tabs to Pre-Decisions, Approvals, and Exception History are visible","msedge","Mon Sep 14 10:24:01 UTC 2026","passed","Mon Sep 14 10:24:12 UTC 2026","Exceptions — Smoke (Continued)","specs\Smoke\8-ExceptionsSmoke.spec.ts","",""
"","19998","Users sub-page loads correctly","firefox","Mon Sep 14 10:13:26 UTC 2026","passed","Mon Sep 14 10:13:46 UTC 2026","Application Navigation Smoke Tests","specs\Smoke\2-NavigationSmoke.spec.ts","",""
"","11406","Home page is accessible and shows dashboard","chromium","Mon Sep 14 10:11:09 UTC 2026","passed","Mon Sep 14 10:11:20 UTC 2026","Application Navigation Smoke Tests","specs\Smoke\2-NavigationSmoke.spec.ts","",""
"","13102","Holiday Schedules sub-page loads correctly","msedge","Mon Sep 14 10:13:46 UTC 2026","passed","Mon Sep 14 10:13:59 UTC 2026","Application Navigation Smoke Tests","specs\Smoke\2-NavigationSmoke.spec.ts","",""
"","19779","Page size change to 10 updates pagination info in bottom-right pager","webkit","Mon Sep 14 10:39:04 UTC 2026","passed","Mon Sep 14 10:39:24 UTC 2026","Issued Checks — Smoke","specs\Smoke\4-IssuedChecksSmoke.spec.ts","",""
"","13710","Verify Total Exceptions and Total Exception Amount labels are visible","firefox","Mon Sep 14 10:15:45 UTC 2026","passed","Mon Sep 14 10:15:58 UTC 2026","Home Dashboard","specs\Smoke\3-HomeDashboardSmoke.spec.ts","",""
"","10836","Validate forgot password functionality","webkit","Mon Sep 14 10:31:50 UTC 2026","passed","Mon Sep 14 10:32:01 UTC 2026","","specs\Smoke\1-LoginSmoke.spec.ts","",""
"","18057","Verify Check Only tab shows Check-specific chart sections","firefox","Mon Sep 14 10:14:11 UTC 2026","passed","Mon Sep 14 10:14:29 UTC 2026","Home Dashboard","specs\Smoke\3-HomeDashboardSmoke.spec.ts","",""
"","10618","Automatic ACH Decision Rules sub-page loads correctly","msedge","Mon Sep 14 10:14:54 UTC 2026","passed","Mon Sep 14 10:15:04 UTC 2026","Application Navigation Smoke Tests","specs\Smoke\2-NavigationSmoke.spec.ts","",""
"","19487","Excel export button is visible and enabled","webkit","Mon Sep 14 10:38:45 UTC 2026","passed","Mon Sep 14 10:39:04 UTC 2026","Issued Checks — Smoke","specs\Smoke\4-IssuedChecksSmoke.spec.ts","",""
"","16913","Saved Filters dropdown is visible and defaults to no preset","webkit","Mon Sep 14 10:41:09 UTC 2026","passed","Mon Sep 14 10:41:26 UTC 2026","Presented Checks — Smoke","specs\Smoke\5-PresentedChecksSmoke.spec.ts","",""
"","8266","Validate forgot password functionality with No email","firefox","Mon Sep 14 10:13:14 UTC 2026","passed","Mon Sep 14 10:13:23 UTC 2026","","specs\Smoke\1-LoginSmoke.spec.ts","",""
"","20261","Grid loads with data rows and key column headers","webkit","Mon Sep 14 10:37:24 UTC 2026","passed","Mon Sep 14 10:37:45 UTC 2026","Issued Checks — Smoke","specs\Smoke\4-IssuedChecksSmoke.spec.ts","",""
"","22076","Search box filters grid and clears correctly","webkit","Mon Sep 14 10:45:02 UTC 2026","passed","Mon Sep 14 10:45:24 UTC 2026","Exceptions — Smoke","specs\Smoke\8-ExceptionsSmoke.spec.ts","",""
"","17500","Clicking a column header sorts ascending, clicking again sorts descending","firefox","Mon Sep 14 10:26:57 UTC 2026","passed","Mon Sep 14 10:27:15 UTC 2026","Exceptions — Smoke (Continued)","specs\Smoke\8-ExceptionsSmoke.spec.ts","",""
"","10018","Excel export button is visible and enabled","msedge","Mon Sep 14 10:17:22 UTC 2026","passed","Mon Sep 14 10:17:32 UTC 2026","Issued Checks — Smoke","specs\Smoke\4-IssuedChecksSmoke.spec.ts","",""
"","19255","Grid loads with data rows and key column headers","webkit","Mon Sep 14 10:37:48 UTC 2026","passed","Mon Sep 14 10:38:07 UTC 2026","Presented Checks — Smoke","specs\Smoke\5-PresentedChecksSmoke.spec.ts","",""
"","18978","Save a filter preset, verify it is auto-selected, then delete it","msedge","Mon Sep 14 10:22:35 UTC 2026","passed","Mon Sep 14 10:22:54 UTC 2026","Exceptions — Smoke (Continued)","specs\Smoke\8-ExceptionsSmoke.spec.ts","",""
"","14063","Issued Checks breadcrumb link is visible on the page","firefox","Mon Sep 14 10:23:27 UTC 2026","passed","Mon Sep 14 10:23:41 UTC 2026","Issued Checks — Smoke (Continued)","specs\Smoke\4-IssuedChecksSmoke.spec.ts","",""
"","14615","Validate Login functionality with caseSensitiveEmail","webkit","Mon Sep 14 10:29:59 UTC 2026","passed","Mon Sep 14 10:30:14 UTC 2026","","specs\Smoke\1-LoginSmoke.spec.ts","",""
"","19785","""Edit"" link on a row navigates to the check edit form","webkit","Mon Sep 14 10:42:43 UTC 2026","passed","Mon Sep 14 10:43:03 UTC 2026","Issued Checks — Smoke (Continued)","specs\Smoke\4-IssuedChecksSmoke.spec.ts","",""
"","8835","Automatic Check Decision Rules sub-page loads correctly","chromium","Mon Sep 14 10:13:06 UTC 2026","passed","Mon Sep 14 10:13:15 UTC 2026","Application Navigation Smoke Tests","specs\Smoke\2-NavigationSmoke.spec.ts","",""
"","19723","Verify dashboard tab checked state updates correctly","webkit","Mon Sep 14 10:34:02 UTC 2026","passed","Mon Sep 14 10:34:22 UTC 2026","Home Dashboard","specs\Smoke\3-HomeDashboardSmoke.spec.ts","",""
"","7380","Holiday Schedules sub-page loads correctly","chromium","Mon Sep 14 10:12:44 UTC 2026","passed","Mon Sep 14 10:12:51 UTC 2026","Application Navigation Smoke Tests","specs\Smoke\2-NavigationSmoke.spec.ts","",""
"","5216","Business Clients sub-page loads correctly","chromium","Mon Sep 14 10:12:05 UTC 2026","passed","Mon Sep 14 10:12:10 UTC 2026","Application Navigation Smoke Tests","specs\Smoke\2-NavigationSmoke.spec.ts","",""
"","7904","Verify chart title changes with selected tab","chromium","Mon Sep 14 10:13:15 UTC 2026","passed","Mon Sep 14 10:13:22 UTC 2026","Home Dashboard","specs\Smoke\3-HomeDashboardSmoke.spec.ts","",""
"","13080","Decision badge on an already-reviewed row is blocked with a system message","msedge","Mon Sep 14 10:23:37 UTC 2026","passed","Mon Sep 14 10:23:50 UTC 2026","Exceptions — Smoke (Continued)","specs\Smoke\8-ExceptionsSmoke.spec.ts","",""
"","12318","""+ Add Check"" navigates to the add-check form","msedge","Mon Sep 14 10:16:57 UTC 2026","passed","Mon Sep 14 10:17:10 UTC 2026","Presented Checks — Smoke","specs\Smoke\5-PresentedChecksSmoke.spec.ts","",""
"","9733","Verify navigation to Presented Checks via nav menu","msedge","Mon Sep 14 10:16:06 UTC 2026","passed","Mon Sep 14 10:16:15 UTC 2026","Home Dashboard","specs\Smoke\3-HomeDashboardSmoke.spec.ts","",""
"","15510","Default filter auto-applies after logout and re-login","firefox","Mon Sep 14 10:26:59 UTC 2026","skipped","Mon Sep 14 10:27:15 UTC 2026","ACH — Smoke","specs\Smoke\7-ACHSmoke.spec.ts","",""
"","13122","Last page arrow jumps to the final page","chromium","Mon Sep 14 10:15:39 UTC 2026","passed","Mon Sep 14 10:15:52 UTC 2026","Issued Checks — Smoke","specs\Smoke\4-IssuedChecksSmoke.spec.ts","",""
"","18300","Page size change to 10 updates pagination info in bottom-right pager","webkit","Mon Sep 14 10:45:42 UTC 2026","passed","Mon Sep 14 10:46:01 UTC 2026","Exceptions — Smoke","specs\Smoke\8-ExceptionsSmoke.spec.ts","",""
"","6819","System Log sub-page loads correctly","chromium","Mon Sep 14 10:13:58 UTC 2026","passed","Mon Sep 14 10:14:05 UTC 2026","Application Navigation Smoke Tests","specs\Smoke\2-NavigationSmoke.spec.ts","",""
"","16762","Column filter popup applies a filter and Clear restores the full row set","firefox","Mon Sep 14 10:28:01 UTC 2026","passed","Mon Sep 14 10:28:18 UTC 2026","ACH — Smoke","specs\Smoke\7-ACHSmoke.spec.ts","",""
"","18664","Issued Checks breadcrumb link is visible on the page","webkit","Mon Sep 14 10:43:43 UTC 2026","passed","Mon Sep 14 10:44:02 UTC 2026","Issued Checks — Smoke (Continued)","specs\Smoke\4-IssuedChecksSmoke.spec.ts","",""
"","20592","Default filter auto-applies after logout and re-login","chromium","Mon Sep 14 10:20:08 UTC 2026","passed","Mon Sep 14 10:20:28 UTC 2026","ACH — Smoke","specs\Smoke\7-ACHSmoke.spec.ts","",""
"","19079","Validate teller presented-check form shows all required fields","webkit","Mon Sep 14 10:44:02 UTC 2026","passed","Mon Sep 14 10:44:21 UTC 2026","Teller - Smoke","specs\Smoke\6-TellerSmoke.spec.ts","",""
"","18525","""+ Add Check"" navigates to the add-check form","webkit","Mon Sep 14 10:38:08 UTC 2026","passed","Mon Sep 14 10:38:26 UTC 2026","Presented Checks — Smoke","specs\Smoke\5-PresentedChecksSmoke.spec.ts","",""
"","11831","Verify Home dashboard is restored after returning from another page","msedge","Mon Sep 14 10:15:42 UTC 2026","passed","Mon Sep 14 10:15:54 UTC 2026","Home Dashboard","specs\Smoke\3-HomeDashboardSmoke.spec.ts","",""
"","15832","""View"" (Change Log) link on a row navigates to the entity log","firefox","Mon Sep 14 10:28:18 UTC 2026","passed","Mon Sep 14 10:28:33 UTC 2026","ACH — Smoke","specs\Smoke\7-ACHSmoke.spec.ts","",""
"","11595","""Uploaded ACH"" navigates to the uploads page","msedge","Mon Sep 14 10:20:53 UTC 2026","passed","Mon Sep 14 10:21:05 UTC 2026","ACH — Smoke","specs\Smoke\7-ACHSmoke.spec.ts","",""
"","11125","Validate unauthenticated access to protected route is redirected to login","webkit","Mon Sep 14 10:32:38 UTC 2026","passed","Mon Sep 14 10:32:49 UTC 2026","","specs\Smoke\1-LoginSmoke.spec.ts","",""
"","10915","Default Decision Log sub-page loads correctly","msedge","Mon Sep 14 10:15:30 UTC 2026","passed","Mon Sep 14 10:15:41 UTC 2026","Application Navigation Smoke Tests","specs\Smoke\2-NavigationSmoke.spec.ts","",""
"","9716","""Uploaded Checks"" navigates to the uploads page","chromium","Mon Sep 14 10:14:44 UTC 2026","passed","Mon Sep 14 10:14:54 UTC 2026","Issued Checks — Smoke","specs\Smoke\4-IssuedChecksSmoke.spec.ts","",""
"","10945","Default filter auto-applies after logout and re-login","firefox","Mon Sep 14 10:26:23 UTC 2026","skipped","Mon Sep 14 10:26:34 UTC 2026","Exceptions — Default Filter (Serial)","specs\Smoke\8-ExceptionsSmoke.spec.ts","",""
"","21316","Search box filters grid and clears correctly","webkit","Mon Sep 14 10:38:46 UTC 2026","passed","Mon Sep 14 10:39:07 UTC 2026","Presented Checks — Smoke","specs\Smoke\5-PresentedChecksSmoke.spec.ts","",""
"","11026","Previous page button returns to page 1, First page button re-enables disabled state","chromium","Mon Sep 14 10:19:46 UTC 2026","passed","Mon Sep 14 10:19:57 UTC 2026","ACH — Smoke","specs\Smoke\7-ACHSmoke.spec.ts","",""
"","6310","Verify all three dashboard view tabs are visible","chromium","Mon Sep 14 10:12:37 UTC 2026","passed","Mon Sep 14 10:12:43 UTC 2026","Home Dashboard","specs\Smoke\3-HomeDashboardSmoke.spec.ts","",""
"","12504","Presented Checks page loads correctly","firefox","Mon Sep 14 10:12:02 UTC 2026","passed","Mon Sep 14 10:12:15 UTC 2026","Application Navigation Smoke Tests","specs\Smoke\2-NavigationSmoke.spec.ts","",""
"","19882","Next page arrow advances to page 2","webkit","Mon Sep 14 10:39:44 UTC 2026","passed","Mon Sep 14 10:40:04 UTC 2026","Presented Checks — Smoke","specs\Smoke\5-PresentedChecksSmoke.spec.ts","",""
"","6895","ACH breadcrumb link is visible on the page","chromium","Mon Sep 14 10:21:39 UTC 2026","passed","Mon Sep 14 10:21:46 UTC 2026","ACH — Smoke","specs\Smoke\7-ACHSmoke.spec.ts","",""
"","12459","Previous page button returns to page 1, First page button re-enables disabled state","msedge","Mon Sep 14 10:18:17 UTC 2026","passed","Mon Sep 14 10:18:29 UTC 2026","Issued Checks — Smoke","specs\Smoke\4-IssuedChecksSmoke.spec.ts","",""
"","8743","Verify navigation to Settings via nav menu","msedge","Mon Sep 14 10:16:35 UTC 2026","passed","Mon Sep 14 10:16:44 UTC 2026","Home Dashboard","specs\Smoke\3-HomeDashboardSmoke.spec.ts","",""
"","9644","Approvals page loads with either records or the empty-state message","firefox","Mon Sep 14 10:29:17 UTC 2026","passed","Mon Sep 14 10:29:27 UTC 2026","Exceptions — Smoke (Continued)","specs\Smoke\8-ExceptionsSmoke.spec.ts","",""
"","3729","Pre-Decisions page loads with either records or the empty-state message","chromium","Mon Sep 14 10:22:29 UTC 2026","passed","Mon Sep 14 10:22:33 UTC 2026","Exceptions — Smoke (Continued)","specs\Smoke\8-ExceptionsSmoke.spec.ts","",""
"","13066","""+ Add Check"" navigates to the add-check form","msedge","Mon Sep 14 10:16:43 UTC 2026","passed","Mon Sep 14 10:16:56 UTC 2026","Issued Checks — Smoke","specs\Smoke\4-IssuedChecksSmoke.spec.ts","",""
"","10471","Last page arrow jumps to the final page","chromium","Mon Sep 14 10:19:27 UTC 2026","passed","Mon Sep 14 10:19:38 UTC 2026","ACH — Smoke","specs\Smoke\7-ACHSmoke.spec.ts","",""
"","11680","Page size change to 10 updates pagination info in bottom-right pager","firefox","Mon Sep 14 10:24:42 UTC 2026","passed","Mon Sep 14 10:24:54 UTC 2026","Exceptions — Smoke","specs\Smoke\8-ExceptionsSmoke.spec.ts","",""
"","9862","Validate session persists after page refresh","msedge","Mon Sep 14 10:12:50 UTC 2026","passed","Mon Sep 14 10:13:00 UTC 2026","","specs\Smoke\1-LoginSmoke.spec.ts","",""
"","6694","Account Settings sub-page loads correctly","chromium","Mon Sep 14 10:11:59 UTC 2026","passed","Mon Sep 14 10:12:05 UTC 2026","Application Navigation Smoke Tests","specs\Smoke\2-NavigationSmoke.spec.ts","",""
"","11808","System Log sub-page loads correctly","msedge","Mon Sep 14 10:15:41 UTC 2026","passed","Mon Sep 14 10:15:53 UTC 2026","Application Navigation Smoke Tests","specs\Smoke\2-NavigationSmoke.spec.ts","",""
"","12123","Decision Files sub-page loads correctly","msedge","Mon Sep 14 10:13:34 UTC 2026","passed","Mon Sep 14 10:13:46 UTC 2026","Application Navigation Smoke Tests","specs\Smoke\2-NavigationSmoke.spec.ts","",""
"","9864","Users sub-page loads correctly","msedge","Mon Sep 14 10:12:50 UTC 2026","passed","Mon Sep 14 10:12:59 UTC 2026","Application Navigation Smoke Tests","specs\Smoke\2-NavigationSmoke.spec.ts","",""
"","6112","Excel export button is visible and enabled","chromium","Mon Sep 14 10:19:00 UTC 2026","passed","Mon Sep 14 10:19:06 UTC 2026","ACH — Smoke","specs\Smoke\7-ACHSmoke.spec.ts","",""
"","16861","System Log sub-page loads correctly","firefox","Mon Sep 14 10:17:22 UTC 2026","passed","Mon Sep 14 10:17:39 UTC 2026","Application Navigation Smoke Tests","specs\Smoke\2-NavigationSmoke.spec.ts","",""
"","15029","""Edit"" link on a row navigates to the check edit form","firefox","Mon Sep 14 10:22:40 UTC 2026","passed","Mon Sep 14 10:22:55 UTC 2026","Issued Checks — Smoke (Continued)","specs\Smoke\4-IssuedChecksSmoke.spec.ts","",""
"","3399","Validate forgot password with unregistered email","chromium","Mon Sep 14 10:12:14 UTC 2026","passed","Mon Sep 14 10:12:17 UTC 2026","","specs\Smoke\1-LoginSmoke.spec.ts","",""
"","7333","Verify Combined View shows all chart sections","chromium","Mon Sep 14 10:12:43 UTC 2026","passed","Mon Sep 14 10:12:51 UTC 2026","Home Dashboard","specs\Smoke\3-HomeDashboardSmoke.spec.ts","",""
"","18069","Typing a page number navigates to that page","firefox","Mon Sep 14 10:25:31 UTC 2026","passed","Mon Sep 14 10:25:49 UTC 2026","Exceptions — Smoke","specs\Smoke\8-ExceptionsSmoke.spec.ts","",""
"","17489","Grid View toggle navigates to the open-exceptions grid and shows key column headers","webkit","Mon Sep 14 10:51:11 UTC 2026","passed","Mon Sep 14 10:51:28 UTC 2026","Exceptions — Smoke (Continued)","specs\Smoke\8-ExceptionsSmoke.spec.ts","",""
"","4646","Exceptions breadcrumb link is visible on the page","chromium","Mon Sep 14 10:21:59 UTC 2026","passed","Mon Sep 14 10:22:04 UTC 2026","Exceptions — Smoke (Continued)","specs\Smoke\8-ExceptionsSmoke.spec.ts","",""
"","10549","Previous page button returns to page 1, First page button re-enables disabled state","chromium","Mon Sep 14 10:17:06 UTC 2026","passed","Mon Sep 14 10:17:17 UTC 2026","Presented Checks — Smoke","specs\Smoke\5-PresentedChecksSmoke.spec.ts","",""
"","25729","Previous page button returns to page 1, First page button re-enables disabled state","webkit","Mon Sep 14 10:40:43 UTC 2026","passed","Mon Sep 14 10:41:09 UTC 2026","Presented Checks — Smoke","specs\Smoke\5-PresentedChecksSmoke.spec.ts","",""
"","18767","""Edit"" link on a row navigates to the check edit form","webkit","Mon Sep 14 10:43:05 UTC 2026","passed","Mon Sep 14 10:43:23 UTC 2026","Presented Checks — Smoke (Continued)","specs\Smoke\5-PresentedChecksSmoke.spec.ts","",""
"","14852","Verify all three dashboard view tabs are visible","webkit","Mon Sep 14 10:33:03 UTC 2026","passed","Mon Sep 14 10:33:18 UTC 2026","Home Dashboard","specs\Smoke\3-HomeDashboardSmoke.spec.ts","",""
"","4028","Validate Login functionality with incorrectPassword","chromium","Mon Sep 14 10:11:26 UTC 2026","passed","Mon Sep 14 10:11:30 UTC 2026","","specs\Smoke\1-LoginSmoke.spec.ts","",""
"","21347","Automatic Check Decision Rules sub-page loads correctly","firefox","Mon Sep 14 10:15:28 UTC 2026","passed","Mon Sep 14 10:15:50 UTC 2026","Application Navigation Smoke Tests","specs\Smoke\2-NavigationSmoke.spec.ts","",""
"","14178","Verify navigation to Issued Checks via nav menu","firefox","Mon Sep 14 10:17:25 UTC 2026","passed","Mon Sep 14 10:17:39 UTC 2026","Home Dashboard","specs\Smoke\3-HomeDashboardSmoke.spec.ts","",""
"","20010","Clicking a column header sorts ascending, clicking again sorts descending","firefox","Mon Sep 14 10:27:41 UTC 2026","passed","Mon Sep 14 10:28:01 UTC 2026","ACH — Smoke","specs\Smoke\7-ACHSmoke.spec.ts","",""
"","15501","Grid loads with data rows and key column headers","firefox","Mon Sep 14 10:23:54 UTC 2026","passed","Mon Sep 14 10:24:09 UTC 2026","ACH — Smoke","specs\Smoke\7-ACHSmoke.spec.ts","",""
"","18100","""Uploaded Checks"" navigates to the uploads page","firefox","Mon Sep 14 10:18:52 UTC 2026","passed","Mon Sep 14 10:19:10 UTC 2026","Issued Checks — Smoke","specs\Smoke\4-IssuedChecksSmoke.spec.ts","",""
"","10665","Page size change to 10 updates pagination info in bottom-right pager","chromium","Mon Sep 14 10:15:16 UTC 2026","passed","Mon Sep 14 10:15:27 UTC 2026","Issued Checks — Smoke","specs\Smoke\4-IssuedChecksSmoke.spec.ts","",""
"","9596","Issued Checks breadcrumb link is visible on the page","chromium","Mon Sep 14 10:18:02 UTC 2026","passed","Mon Sep 14 10:18:11 UTC 2026","Issued Checks — Smoke (Continued)","specs\Smoke\4-IssuedChecksSmoke.spec.ts","",""
"","8578","Page size change to 10 updates pagination info in bottom-right pager","chromium","Mon Sep 14 10:19:38 UTC 2026","passed","Mon Sep 14 10:19:47 UTC 2026","Exceptions — Smoke","specs\Smoke\8-ExceptionsSmoke.spec.ts","",""
"","14414","Check Approval Rules sub-page loads correctly","msedge","Mon Sep 14 10:14:39 UTC 2026","passed","Mon Sep 14 10:14:54 UTC 2026","Application Navigation Smoke Tests","specs\Smoke\2-NavigationSmoke.spec.ts","",""
"","13271","Excel export button is visible and enabled","chromium","Mon Sep 14 10:15:54 UTC 2026","passed","Mon Sep 14 10:16:07 UTC 2026","Presented Checks — Smoke","specs\Smoke\5-PresentedChecksSmoke.spec.ts","",""
"","16836","Notification Log sub-page loads correctly","firefox","Mon Sep 14 10:16:47 UTC 2026","passed","Mon Sep 14 10:17:04 UTC 2026","Application Navigation Smoke Tests","specs\Smoke\2-NavigationSmoke.spec.ts","",""
"","17345","Validate session persists after page refresh","webkit","Mon Sep 14 10:32:20 UTC 2026","passed","Mon Sep 14 10:32:38 UTC 2026","","specs\Smoke\1-LoginSmoke.spec.ts","",""
"","8597","Saved Filters dropdown is visible and defaults to no preset","chromium","Mon Sep 14 10:20:28 UTC 2026","passed","Mon Sep 14 10:20:37 UTC 2026","Exceptions — Smoke","specs\Smoke\8-ExceptionsSmoke.spec.ts","",""
"","3913","Validate Login functionality with incorrectUsername","chromium","Mon Sep 14 10:11:30 UTC 2026","passed","Mon Sep 14 10:11:34 UTC 2026","","specs\Smoke\1-LoginSmoke.spec.ts","",""
"","12176","Validate teller presented-check form shows all required fields","firefox","Mon Sep 14 10:23:41 UTC 2026","passed","Mon Sep 14 10:23:53 UTC 2026","Teller - Smoke","specs\Smoke\6-TellerSmoke.spec.ts","",""
"","11521","Next page arrow advances to page 2","chromium","Mon Sep 14 10:19:47 UTC 2026","passed","Mon Sep 14 10:19:58 UTC 2026","Exceptions — Smoke","specs\Smoke\8-ExceptionsSmoke.spec.ts","",""
"","19648","""Uploaded Checks"" navigates to the uploads page","webkit","Mon Sep 14 10:38:26 UTC 2026","passed","Mon Sep 14 10:38:46 UTC 2026","Presented Checks — Smoke","specs\Smoke\5-PresentedChecksSmoke.spec.ts","",""
"","18994","Last page arrow jumps to the final page","webkit","Mon Sep 14 10:39:44 UTC 2026","passed","Mon Sep 14 10:40:03 UTC 2026","Issued Checks — Smoke","specs\Smoke\4-IssuedChecksSmoke.spec.ts","",""
"","14192","Notification Log sub-page loads correctly","msedge","Mon Sep 14 10:15:16 UTC 2026","passed","Mon Sep 14 10:15:30 UTC 2026","Application Navigation Smoke Tests","specs\Smoke\2-NavigationSmoke.spec.ts","",""
"","14582","Default filter auto-applies after logout and re-login","firefox","Mon Sep 14 10:21:23 UTC 2026","skipped","Mon Sep 14 10:21:38 UTC 2026","Issued Checks — Default Filter (Serial)","specs\Smoke\4-IssuedChecksSmoke.spec.ts","",""
"","15808","Verify dashboard tab checked state updates correctly","msedge","Mon Sep 14 10:14:08 UTC 2026","passed","Mon Sep 14 10:14:24 UTC 2026","Home Dashboard","specs\Smoke\3-HomeDashboardSmoke.spec.ts","",""
"","9011","ACH page loads correctly","msedge","Mon Sep 14 10:12:05 UTC 2026","passed","Mon Sep 14 10:12:14 UTC 2026","Application Navigation Smoke Tests","specs\Smoke\2-NavigationSmoke.spec.ts","",""
"","18145","Default filter auto-applies after logout and re-login","webkit","Mon Sep 14 10:48:07 UTC 2026","skipped","Mon Sep 14 10:48:25 UTC 2026","ACH — Smoke","specs\Smoke\7-ACHSmoke.spec.ts","",""
"","10453","Default filter auto-applies after logout and re-login","msedge","Mon Sep 14 10:18:41 UTC 2026","skipped","Mon Sep 14 10:18:51 UTC 2026","Issued Checks — Default Filter (Serial)","specs\Smoke\4-IssuedChecksSmoke.spec.ts","",""
"","12591","Verify navigation to ACH via nav menu","firefox","Mon Sep 14 10:17:53 UTC 2026","passed","Mon Sep 14 10:18:06 UTC 2026","Home Dashboard","specs\Smoke\3-HomeDashboardSmoke.spec.ts","",""
"","12072","Notification Templates sub-page loads correctly","msedge","Mon Sep 14 10:14:13 UTC 2026","passed","Mon Sep 14 10:14:25 UTC 2026","Application Navigation Smoke Tests","specs\Smoke\2-NavigationSmoke.spec.ts","",""
"","15768","Navigation tabs to Pre-Decisions, Approvals, and Exception History are visible","firefox","Mon Sep 14 10:28:31 UTC 2026","passed","Mon Sep 14 10:28:47 UTC 2026","Exceptions — Smoke (Continued)","specs\Smoke\8-ExceptionsSmoke.spec.ts","",""
"","10526","Typing a page number navigates to that page","chromium","Mon Sep 14 10:15:52 UTC 2026","passed","Mon Sep 14 10:16:03 UTC 2026","Issued Checks — Smoke","specs\Smoke\4-IssuedChecksSmoke.spec.ts","",""
"","10828","""Delete"" on a row shows a confirm modal; Cancel dismisses it without deleting","chromium","Mon Sep 14 10:17:51 UTC 2026","passed","Mon Sep 14 10:18:02 UTC 2026","Issued Checks — Smoke (Continued)","specs\Smoke\4-IssuedChecksSmoke.spec.ts","",""
"","17618","Branding sub-page loads correctly","webkit","Mon Sep 14 10:32:49 UTC 2026","passed","Mon Sep 14 10:33:06 UTC 2026","Application Navigation Smoke Tests","specs\Smoke\2-NavigationSmoke.spec.ts","",""
"","8658","Validate Login functionality with veryLongInput","webkit","Mon Sep 14 10:31:41 UTC 2026","passed","Mon Sep 14 10:31:50 UTC 2026","","specs\Smoke\1-LoginSmoke.spec.ts","",""
"","12623","Column filter popup applies a filter and Clear restores the full row set","chromium","Mon Sep 14 10:17:20 UTC 2026","passed","Mon Sep 14 10:17:33 UTC 2026","Issued Checks — Smoke (Continued)","specs\Smoke\4-IssuedChecksSmoke.spec.ts","",""
"","18922","Page size change to 10 updates pagination info in bottom-right pager","webkit","Mon Sep 14 10:39:25 UTC 2026","passed","Mon Sep 14 10:39:44 UTC 2026","Presented Checks — Smoke","specs\Smoke\5-PresentedChecksSmoke.spec.ts","",""
"","21313","Clicking a column header sorts ascending, clicking again sorts descending","firefox","Mon Sep 14 10:22:03 UTC 2026","passed","Mon Sep 14 10:22:24 UTC 2026","Issued Checks — Smoke (Continued)","specs\Smoke\4-IssuedChecksSmoke.spec.ts","",""
"","20101","Next page arrow advances to page 2","webkit","Mon Sep 14 10:46:01 UTC 2026","passed","Mon Sep 14 10:46:21 UTC 2026","Exceptions — Smoke","specs\Smoke\8-ExceptionsSmoke.spec.ts","",""
"","13561","Verify dashboard loads after successful login","webkit","Mon Sep 14 10:32:49 UTC 2026","passed","Mon Sep 14 10:33:03 UTC 2026","Home Dashboard","specs\Smoke\3-HomeDashboardSmoke.spec.ts","",""
"","7672","ACH Approval Rules sub-page loads correctly","chromium","Mon Sep 14 10:13:31 UTC 2026","passed","Mon Sep 14 10:13:39 UTC 2026","Application Navigation Smoke Tests","specs\Smoke\2-NavigationSmoke.spec.ts","",""
"","14566","Verify summary KPI values have expected number formats","firefox","Mon Sep 14 10:15:59 UTC 2026","passed","Mon Sep 14 10:16:13 UTC 2026","Home Dashboard","specs\Smoke\3-HomeDashboardSmoke.spec.ts","",""
"","14168","Save a filter preset, verify it is auto-selected, then delete it","chromium","Mon Sep 14 10:17:47 UTC 2026","passed","Mon Sep 14 10:18:01 UTC 2026","Presented Checks — Smoke (Continued)","specs\Smoke\5-PresentedChecksSmoke.spec.ts","",""
"","18910","Validate Login functionality with correctCredentials","webkit","Mon Sep 14 10:29:40 UTC 2026","passed","Mon Sep 14 10:29:59 UTC 2026","","specs\Smoke\1-LoginSmoke.spec.ts","",""
"","19388","Notification Templates sub-page loads correctly","webkit","Mon Sep 14 10:34:12 UTC 2026","passed","Mon Sep 14 10:34:31 UTC 2026","Application Navigation Smoke Tests","specs\Smoke\2-NavigationSmoke.spec.ts","",""
"","12989","Saved Filters dropdown is visible and defaults to no preset","chromium","Mon Sep 14 10:16:16 UTC 2026","passed","Mon Sep 14 10:16:29 UTC 2026","Issued Checks — Smoke","specs\Smoke\4-IssuedChecksSmoke.spec.ts","",""
"","15881","Next page arrow advances to page 2","firefox","Mon Sep 14 10:20:05 UTC 2026","passed","Mon Sep 14 10:20:21 UTC 2026","Presented Checks — Smoke","specs\Smoke\5-PresentedChecksSmoke.spec.ts","",""
"","14304","Verify Total Exceptions and Total Exception Amount labels are visible","webkit","Mon Sep 14 10:34:58 UTC 2026","passed","Mon Sep 14 10:35:13 UTC 2026","Home Dashboard","specs\Smoke\3-HomeDashboardSmoke.spec.ts","",""
"","9462","Validate Login functionality with xssInUsername","firefox","Mon Sep 14 10:12:51 UTC 2026","passed","Mon Sep 14 10:13:01 UTC 2026","","specs\Smoke\1-LoginSmoke.spec.ts","",""
"","12189","Next page arrow advances to page 2","chromium","Mon Sep 14 10:15:27 UTC 2026","passed","Mon Sep 14 10:15:39 UTC 2026","Issued Checks — Smoke","specs\Smoke\4-IssuedChecksSmoke.spec.ts","",""
"","6624","Decision Files sub-page loads correctly","chromium","Mon Sep 14 10:12:37 UTC 2026","passed","Mon Sep 14 10:12:44 UTC 2026","Application Navigation Smoke Tests","specs\Smoke\2-NavigationSmoke.spec.ts","",""
"","16413","Holiday Schedules sub-page loads correctly","webkit","Mon Sep 14 10:33:39 UTC 2026","passed","Mon Sep 14 10:33:56 UTC 2026","Application Navigation Smoke Tests","specs\Smoke\2-NavigationSmoke.spec.ts","",""
"","24459","Roles/Permissions sub-page loads correctly","firefox","Mon Sep 14 10:13:46 UTC 2026","passed","Mon Sep 14 10:14:11 UTC 2026","Application Navigation Smoke Tests","specs\Smoke\2-NavigationSmoke.spec.ts","",""
"","15046","Validate Login functionality with correctCredentials","msedge","Mon Sep 14 10:11:20 UTC 2026","passed","Mon Sep 14 10:11:35 UTC 2026","","specs\Smoke\1-LoginSmoke.spec.ts","",""
"","20066","Last page arrow jumps to the final page","webkit","Mon Sep 14 10:40:04 UTC 2026","passed","Mon Sep 14 10:40:24 UTC 2026","Presented Checks — Smoke","specs\Smoke\5-PresentedChecksSmoke.spec.ts","",""
"","8024","Automatic ACH Decision Rules sub-page loads correctly","chromium","Mon Sep 14 10:13:23 UTC 2026","passed","Mon Sep 14 10:13:31 UTC 2026","Application Navigation Smoke Tests","specs\Smoke\2-NavigationSmoke.spec.ts","",""
"","3785","Validate Login functionality with emptyFields","chromium","Mon Sep 14 10:11:39 UTC 2026","passed","Mon Sep 14 10:11:43 UTC 2026","","specs\Smoke\1-LoginSmoke.spec.ts","",""
"","12519","Saved Filters dropdown is visible and defaults to no preset","firefox","Mon Sep 14 10:26:46 UTC 2026","passed","Mon Sep 14 10:26:59 UTC 2026","ACH — Smoke","specs\Smoke\7-ACHSmoke.spec.ts","",""
"","19438","""View"" (Change Log) link on a row navigates to the entity log","webkit","Mon Sep 14 10:43:24 UTC 2026","passed","Mon Sep 14 10:43:43 UTC 2026","Presented Checks — Smoke (Continued)","specs\Smoke\5-PresentedChecksSmoke.spec.ts","",""
"","13142","Excel export button is visible and enabled","firefox","Mon Sep 14 10:24:29 UTC 2026","passed","Mon Sep 14 10:24:42 UTC 2026","Exceptions — Smoke","specs\Smoke\8-ExceptionsSmoke.spec.ts","",""
"","18221","Grid loads with data rows and key column headers","firefox","Mon Sep 14 10:18:19 UTC 2026","passed","Mon Sep 14 10:18:37 UTC 2026","Issued Checks — Smoke","specs\Smoke\4-IssuedChecksSmoke.spec.ts","",""
"","15467","Page size change to 10 updates pagination info in bottom-right pager","firefox","Mon Sep 14 10:19:42 UTC 2026","passed","Mon Sep 14 10:19:57 UTC 2026","Issued Checks — Smoke","specs\Smoke\4-IssuedChecksSmoke.spec.ts","",""
"","8833","Typing a page number navigates to that page","chromium","Mon Sep 14 10:19:38 UTC 2026","passed","Mon Sep 14 10:19:46 UTC 2026","ACH — Smoke","specs\Smoke\7-ACHSmoke.spec.ts","",""
"","12522","Saved Filters dropdown is visible and defaults to no preset","msedge","Mon Sep 14 10:22:15 UTC 2026","passed","Mon Sep 14 10:22:28 UTC 2026","Exceptions — Smoke","specs\Smoke\8-ExceptionsSmoke.spec.ts","",""
"","7841","Validate Login functionality with caseSensitiveEmail","msedge","Mon Sep 14 10:11:36 UTC 2026","passed","Mon Sep 14 10:11:44 UTC 2026","","specs\Smoke\1-LoginSmoke.spec.ts","",""
"","15323","Search box filters grid and clears correctly","chromium","Mon Sep 14 10:15:39 UTC 2026","passed","Mon Sep 14 10:15:54 UTC 2026","Presented Checks — Smoke","specs\Smoke\5-PresentedChecksSmoke.spec.ts","",""
"","8712","Settings page loads correctly","msedge","Mon Sep 14 10:12:24 UTC 2026","passed","Mon Sep 14 10:12:33 UTC 2026","Application Navigation Smoke Tests","specs\Smoke\2-NavigationSmoke.spec.ts","",""
"","15126","""Delete"" on a row shows a confirm modal; Cancel dismisses it without deleting","firefox","Mon Sep 14 10:23:12 UTC 2026","passed","Mon Sep 14 10:23:27 UTC 2026","Issued Checks — Smoke (Continued)","specs\Smoke\4-IssuedChecksSmoke.spec.ts","",""
"","16415","Last page arrow jumps to the final page","firefox","Mon Sep 14 10:25:15 UTC 2026","passed","Mon Sep 14 10:25:31 UTC 2026","Exceptions — Smoke","specs\Smoke\8-ExceptionsSmoke.spec.ts","",""
"","15516","Verify delayed data note and force refresh link are visible on dashboard","firefox","Mon Sep 14 10:16:13 UTC 2026","passed","Mon Sep 14 10:16:29 UTC 2026","Home Dashboard","specs\Smoke\3-HomeDashboardSmoke.spec.ts","",""
"","14864","Verify navigation to Issued Checks via nav menu","webkit","Mon Sep 14 10:36:32 UTC 2026","passed","Mon Sep 14 10:36:46 UTC 2026","Home Dashboard","specs\Smoke\3-HomeDashboardSmoke.spec.ts","",""
"","10006","Verify Total Exceptions and Total Exception Amount labels are visible","msedge","Mon Sep 14 10:14:52 UTC 2026","passed","Mon Sep 14 10:15:02 UTC 2026","Home Dashboard","specs\Smoke\3-HomeDashboardSmoke.spec.ts","",""
"","19364","Automatic Check Decision Rules sub-page loads correctly","webkit","Mon Sep 14 10:34:31 UTC 2026","passed","Mon Sep 14 10:34:51 UTC 2026","Application Navigation Smoke Tests","specs\Smoke\2-NavigationSmoke.spec.ts","",""
"","13735","Verify Check Only tab shows Check-specific chart sections","msedge","Mon Sep 14 10:13:43 UTC 2026","passed","Mon Sep 14 10:13:57 UTC 2026","Home Dashboard","specs\Smoke\3-HomeDashboardSmoke.spec.ts","",""
"","9281","Verify navigation to Settings via nav menu","firefox","Mon Sep 14 10:18:17 UTC 2026","passed","Mon Sep 14 10:18:26 UTC 2026","Home Dashboard","specs\Smoke\3-HomeDashboardSmoke.spec.ts","",""
"","14447","Automatic Check Decision Rules sub-page loads correctly","msedge","Mon Sep 14 10:14:25 UTC 2026","passed","Mon Sep 14 10:14:39 UTC 2026","Application Navigation Smoke Tests","specs\Smoke\2-NavigationSmoke.spec.ts","",""
"","10393","Issued Checks page loads correctly","msedge","Mon Sep 14 10:11:36 UTC 2026","passed","Mon Sep 14 10:11:47 UTC 2026","Application Navigation Smoke Tests","specs\Smoke\2-NavigationSmoke.spec.ts","",""
"","16107","Verify navigation to Presented Checks via nav menu","webkit","Mon Sep 14 10:36:46 UTC 2026","passed","Mon Sep 14 10:37:03 UTC 2026","Home Dashboard","specs\Smoke\3-HomeDashboardSmoke.spec.ts","",""
"","9259","Issued Checks page loads correctly","firefox","Mon Sep 14 10:11:53 UTC 2026","passed","Mon Sep 14 10:12:02 UTC 2026","Application Navigation Smoke Tests","specs\Smoke\2-NavigationSmoke.spec.ts","",""
"","11999","Search box filters grid and clears correctly","chromium","Mon Sep 14 10:19:16 UTC 2026","passed","Mon Sep 14 10:19:28 UTC 2026","Exceptions — Smoke","specs\Smoke\8-ExceptionsSmoke.spec.ts","",""
"","18607","Open Exceptions page loads with either exception cards or the empty-state message","webkit","Mon Sep 14 10:50:52 UTC 2026","passed","Mon Sep 14 10:51:10 UTC 2026","Exceptions — Smoke (Continued)","specs\Smoke\8-ExceptionsSmoke.spec.ts","",""
"","14048","Verify Combined View shows all chart sections","webkit","Mon Sep 14 10:33:18 UTC 2026","passed","Mon Sep 14 10:33:32 UTC 2026","Home Dashboard","specs\Smoke\3-HomeDashboardSmoke.spec.ts","",""
"","11754","""+ Add ACH"" navigates to the add-ACH form","msedge","Mon Sep 14 10:20:42 UTC 2026","passed","Mon Sep 14 10:20:53 UTC 2026","ACH — Smoke","specs\Smoke\7-ACHSmoke.spec.ts","",""
"","16875","Check Approval Rules sub-page loads correctly","firefox","Mon Sep 14 10:15:50 UTC 2026","passed","Mon Sep 14 10:16:06 UTC 2026","Application Navigation Smoke Tests","specs\Smoke\2-NavigationSmoke.spec.ts","",""
"","23029","Automatic ACH Decision Rules sub-page loads correctly","firefox","Mon Sep 14 10:16:07 UTC 2026","passed","Mon Sep 14 10:16:30 UTC 2026","Application Navigation Smoke Tests","specs\Smoke\2-NavigationSmoke.spec.ts","",""
"","14911","Typing a page number navigates to that page","chromium","Mon Sep 14 10:16:51 UTC 2026","passed","Mon Sep 14 10:17:06 UTC 2026","Presented Checks — Smoke","specs\Smoke\5-PresentedChecksSmoke.spec.ts","",""
"","7031","Default filter auto-applies after logout and re-login","msedge","Mon Sep 14 10:22:28 UTC 2026","skipped","Mon Sep 14 10:22:35 UTC 2026","Exceptions — Default Filter (Serial)","specs\Smoke\8-ExceptionsSmoke.spec.ts","",""
"","12590","Search box filters grid and clears correctly","msedge","Mon Sep 14 10:17:19 UTC 2026","passed","Mon Sep 14 10:17:32 UTC 2026","Presented Checks — Smoke","specs\Smoke\5-PresentedChecksSmoke.spec.ts","",""
"","13590","Verify summary KPI values have expected number formats","webkit","Mon Sep 14 10:35:13 UTC 2026","passed","Mon Sep 14 10:35:26 UTC 2026","Home Dashboard","specs\Smoke\3-HomeDashboardSmoke.spec.ts","",""
"","16953","Users sub-page loads correctly","webkit","Mon Sep 14 10:32:18 UTC 2026","passed","Mon Sep 14 10:32:35 UTC 2026","Application Navigation Smoke Tests","specs\Smoke\2-NavigationSmoke.spec.ts","",""
"","8315","Verify ACH Only tab shows ACH-specific chart sections","chromium","Mon Sep 14 10:12:58 UTC 2026","passed","Mon Sep 14 10:13:06 UTC 2026","Home Dashboard","specs\Smoke\3-HomeDashboardSmoke.spec.ts","",""
"","11490","Exception History grid loads with data rows and key column headers","chromium","Mon Sep 14 10:19:05 UTC 2026","passed","Mon Sep 14 10:19:16 UTC 2026","Exceptions — Smoke","specs\Smoke\8-ExceptionsSmoke.spec.ts","",""
"","4302","Validate forgot password functionality with No email","chromium","Mon Sep 14 10:12:10 UTC 2026","passed","Mon Sep 14 10:12:14 UTC 2026","","specs\Smoke\1-LoginSmoke.spec.ts","",""
"","17864","Automatic ACH Decision Rules sub-page loads correctly","webkit","Mon Sep 14 10:35:09 UTC 2026","passed","Mon Sep 14 10:35:26 UTC 2026","Application Navigation Smoke Tests","specs\Smoke\2-NavigationSmoke.spec.ts","",""
"","16150","File Formats sub-page loads correctly","webkit","Mon Sep 14 10:33:56 UTC 2026","passed","Mon Sep 14 10:34:12 UTC 2026","Application Navigation Smoke Tests","specs\Smoke\2-NavigationSmoke.spec.ts","",""
"","5904","Verify dashboard loads after successful login","firefox","Mon Sep 14 10:13:47 UTC 2026","passed","Mon Sep 14 10:13:53 UTC 2026","Home Dashboard","specs\Smoke\3-HomeDashboardSmoke.spec.ts","",""
"","12802","Default filter auto-applies after logout and re-login","webkit","Mon Sep 14 10:47:46 UTC 2026","skipped","Mon Sep 14 10:47:59 UTC 2026","Exceptions — Default Filter (Serial)","specs\Smoke\8-ExceptionsSmoke.spec.ts","",""
"","16191","Account Settings sub-page loads correctly","webkit","Mon Sep 14 10:31:45 UTC 2026","passed","Mon Sep 14 10:32:02 UTC 2026","Application Navigation Smoke Tests","specs\Smoke\2-NavigationSmoke.spec.ts","",""
"","5043","Validate Login functionality with invalidEmailFormat","chromium","Mon Sep 14 10:11:34 UTC 2026","passed","Mon Sep 14 10:11:39 UTC 2026","","specs\Smoke\1-LoginSmoke.spec.ts","",""
"","14006","Grid loads with data rows and key column headers","msedge","Mon Sep 14 10:16:29 UTC 2026","passed","Mon Sep 14 10:16:43 UTC 2026","Issued Checks — Smoke","specs\Smoke\4-IssuedChecksSmoke.spec.ts","",""
"","11187","Validate Login functionality with missingPassword","webkit","Mon Sep 14 10:30:59 UTC 2026","passed","Mon Sep 14 10:31:10 UTC 2026","","specs\Smoke\1-LoginSmoke.spec.ts","",""
"","10317","Verify Combined View shows all chart sections","firefox","Mon Sep 14 10:14:00 UTC 2026","passed","Mon Sep 14 10:14:11 UTC 2026","Home Dashboard","specs\Smoke\3-HomeDashboardSmoke.spec.ts","",""
"","21709","""Delete"" on a row shows a confirm modal; Cancel dismisses it without deleting","webkit","Mon Sep 14 10:50:07 UTC 2026","passed","Mon Sep 14 10:50:29 UTC 2026","ACH — Smoke","specs\Smoke\7-ACHSmoke.spec.ts","",""
"","16495","Pay/Return decision badge navigates to exception history","chromium","Mon Sep 14 10:21:22 UTC 2026","passed","Mon Sep 14 10:21:39 UTC 2026","ACH — Smoke","specs\Smoke\7-ACHSmoke.spec.ts","",""
"","14431","Saved Filters dropdown is visible and defaults to no preset","firefox","Mon Sep 14 10:26:09 UTC 2026","passed","Mon Sep 14 10:26:23 UTC 2026","Exceptions — Smoke","specs\Smoke\8-ExceptionsSmoke.spec.ts","",""
"","14831","""Uploaded Checks"" navigates to the uploads page","firefox","Mon Sep 14 10:18:54 UTC 2026","passed","Mon Sep 14 10:19:09 UTC 2026","Presented Checks — Smoke","specs\Smoke\5-PresentedChecksSmoke.spec.ts","",""
"","11921","Billing Reports sub-page loads correctly","msedge","Mon Sep 14 10:13:22 UTC 2026","passed","Mon Sep 14 10:13:34 UTC 2026","Application Navigation Smoke Tests","specs\Smoke\2-NavigationSmoke.spec.ts","",""
"","15199","Saved Filters dropdown is visible and defaults to no preset","firefox","Mon Sep 14 10:21:08 UTC 2026","passed","Mon Sep 14 10:21:24 UTC 2026","Presented Checks — Smoke","specs\Smoke\5-PresentedChecksSmoke.spec.ts","",""
"","10888","""Delete"" on a row shows a confirm modal; Cancel dismisses it without deleting","msedge","Mon Sep 14 10:23:49 UTC 2026","passed","Mon Sep 14 10:24:00 UTC 2026","ACH — Smoke","specs\Smoke\7-ACHSmoke.spec.ts","",""
"","10256","Column filter popup applies a filter and Clear restores the full row set","chromium","Mon Sep 14 10:18:11 UTC 2026","passed","Mon Sep 14 10:18:21 UTC 2026","Presented Checks — Smoke (Continued)","specs\Smoke\5-PresentedChecksSmoke.spec.ts","",""
"","17539","Save a filter preset, verify it is auto-selected, then delete it","msedge","Mon Sep 14 10:18:51 UTC 2026","passed","Mon Sep 14 10:19:09 UTC 2026","Issued Checks — Smoke (Continued)","specs\Smoke\4-IssuedChecksSmoke.spec.ts","",""
"","12759","Grid loads with data rows and key column headers","firefox","Mon Sep 14 10:18:26 UTC 2026","passed","Mon Sep 14 10:18:39 UTC 2026","Presented Checks — Smoke","specs\Smoke\5-PresentedChecksSmoke.spec.ts","",""
"","15253","Last page arrow jumps to the final page","firefox","Mon Sep 14 10:20:21 UTC 2026","passed","Mon Sep 14 10:20:36 UTC 2026","Presented Checks — Smoke","specs\Smoke\5-PresentedChecksSmoke.spec.ts","",""
"","22352","Verify Home dashboard is restored after returning from another page","firefox","Mon Sep 14 10:17:02 UTC 2026","passed","Mon Sep 14 10:17:25 UTC 2026","Home Dashboard","specs\Smoke\3-HomeDashboardSmoke.spec.ts","",""
"","20263","Grid loads with data rows and key column headers","webkit","Mon Sep 14 10:44:21 UTC 2026","passed","Mon Sep 14 10:44:42 UTC 2026","ACH — Smoke","specs\Smoke\7-ACHSmoke.spec.ts","",""
"","9918","""View"" (Change Log) link on a row navigates to the entity log","chromium","Mon Sep 14 10:18:30 UTC 2026","passed","Mon Sep 14 10:18:40 UTC 2026","Presented Checks — Smoke (Continued)","specs\Smoke\5-PresentedChecksSmoke.spec.ts","",""
"","10903","Verify summary KPI values have expected number formats","chromium","Mon Sep 14 10:13:38 UTC 2026","passed","Mon Sep 14 10:13:49 UTC 2026","Home Dashboard","specs\Smoke\3-HomeDashboardSmoke.spec.ts","",""
"","19220","Verify Home dashboard is restored after returning from another page","webkit","Mon Sep 14 10:36:12 UTC 2026","passed","Mon Sep 14 10:36:32 UTC 2026","Home Dashboard","specs\Smoke\3-HomeDashboardSmoke.spec.ts","",""
"","11928","Next page arrow advances to page 2","msedge","Mon Sep 14 10:17:53 UTC 2026","passed","Mon Sep 14 10:18:05 UTC 2026","Presented Checks — Smoke","specs\Smoke\5-PresentedChecksSmoke.spec.ts","",""
"","6092","Validate Login functionality with caseSensitiveEmail","chromium","Mon Sep 14 10:11:20 UTC 2026","passed","Mon Sep 14 10:11:26 UTC 2026","","specs\Smoke\1-LoginSmoke.spec.ts","",""
"","5878","Verify dashboard loads after successful login","chromium","Mon Sep 14 10:12:31 UTC 2026","passed","Mon Sep 14 10:12:37 UTC 2026","Home Dashboard","specs\Smoke\3-HomeDashboardSmoke.spec.ts","",""
"","12179","Last page arrow jumps to the final page","msedge","Mon Sep 14 10:21:50 UTC 2026","passed","Mon Sep 14 10:22:02 UTC 2026","ACH — Smoke","specs\Smoke\7-ACHSmoke.spec.ts","",""
"","8296","Verify navigation to ACH via nav menu","chromium","Mon Sep 14 10:14:35 UTC 2026","passed","Mon Sep 14 10:14:44 UTC 2026","Home Dashboard","specs\Smoke\3-HomeDashboardSmoke.spec.ts","",""
"","14150","Next page arrow advances to page 2","firefox","Mon Sep 14 10:25:37 UTC 2026","passed","Mon Sep 14 10:25:51 UTC 2026","ACH — Smoke","specs\Smoke\7-ACHSmoke.spec.ts","",""
"","9876","Excel export button is visible and enabled","msedge","Mon Sep 14 10:21:18 UTC 2026","passed","Mon Sep 14 10:21:28 UTC 2026","ACH — Smoke","specs\Smoke\7-ACHSmoke.spec.ts","",""
"","36314","Pay/Return decision badge navigates to exception history","webkit","Mon Sep 14 10:50:29 UTC 2026","passed","Mon Sep 14 10:51:05 UTC 2026","ACH — Smoke","specs\Smoke\7-ACHSmoke.spec.ts","",""
"","21385","Clicking a column header sorts ascending, clicking again sorts descending","webkit","Mon Sep 14 10:42:17 UTC 2026","passed","Mon Sep 14 10:42:39 UTC 2026","Presented Checks — Smoke (Continued)","specs\Smoke\5-PresentedChecksSmoke.spec.ts","",""
"","10848","Validate teller presented-check form shows all required fields","msedge","Mon Sep 14 10:20:20 UTC 2026","passed","Mon Sep 14 10:20:31 UTC 2026","Teller - Smoke","specs\Smoke\6-TellerSmoke.spec.ts","",""
"","10202","Page size change to 10 updates pagination info in bottom-right pager","chromium","Mon Sep 14 10:19:06 UTC 2026","passed","Mon Sep 14 10:19:17 UTC 2026","ACH — Smoke","specs\Smoke\7-ACHSmoke.spec.ts","",""
"","6988","Open Exceptions page loads with either exception cards or the empty-state message","chromium","Mon Sep 14 10:22:11 UTC 2026","passed","Mon Sep 14 10:22:18 UTC 2026","Exceptions — Smoke (Continued)","specs\Smoke\8-ExceptionsSmoke.spec.ts","",""
"","4403","Validate Login functionality with emptyFields","firefox","Mon Sep 14 10:12:28 UTC 2026","passed","Mon Sep 14 10:12:32 UTC 2026","","specs\Smoke\1-LoginSmoke.spec.ts","",""
"","7375","File Processing sub-page loads correctly","chromium","Mon Sep 14 10:14:05 UTC 2026","passed","Mon Sep 14 10:14:13 UTC 2026","Application Navigation Smoke Tests","specs\Smoke\2-NavigationSmoke.spec.ts","",""
"","12867","Previous page button returns to page 1, First page button re-enables disabled state","msedge","Mon Sep 14 10:22:15 UTC 2026","passed","Mon Sep 14 10:22:28 UTC 2026","ACH — Smoke","specs\Smoke\7-ACHSmoke.spec.ts","",""
"","12763","Typing a page number navigates to that page","msedge","Mon Sep 14 10:22:03 UTC 2026","passed","Mon Sep 14 10:22:15 UTC 2026","ACH — Smoke","specs\Smoke\7-ACHSmoke.spec.ts","",""
"","16774","""View"" (Change Log) link on a row navigates to the entity log","firefox","Mon Sep 14 10:22:55 UTC 2026","passed","Mon Sep 14 10:23:12 UTC 2026","Issued Checks — Smoke (Continued)","specs\Smoke\4-IssuedChecksSmoke.spec.ts","",""
"","17715","Check Approval Rules sub-page loads correctly","webkit","Mon Sep 14 10:34:51 UTC 2026","passed","Mon Sep 14 10:35:09 UTC 2026","Application Navigation Smoke Tests","specs\Smoke\2-NavigationSmoke.spec.ts","",""
"","11251","Next page arrow advances to page 2","chromium","Mon Sep 14 10:16:18 UTC 2026","passed","Mon Sep 14 10:16:29 UTC 2026","Presented Checks — Smoke","specs\Smoke\5-PresentedChecksSmoke.spec.ts","",""
"","8918","Last page arrow jumps to the final page","chromium","Mon Sep 14 10:19:58 UTC 2026","passed","Mon Sep 14 10:20:07 UTC 2026","Exceptions — Smoke","specs\Smoke\8-ExceptionsSmoke.spec.ts","",""
"","14657","""View"" (Change Log) link on a row navigates to the entity log","firefox","Mon Sep 14 10:22:54 UTC 2026","passed","Mon Sep 14 10:23:08 UTC 2026","Presented Checks — Smoke (Continued)","specs\Smoke\5-PresentedChecksSmoke.spec.ts","",""
"","16130","Excel export button is visible and enabled","firefox","Mon Sep 14 10:19:26 UTC 2026","passed","Mon Sep 14 10:19:42 UTC 2026","Issued Checks — Smoke","specs\Smoke\4-IssuedChecksSmoke.spec.ts","",""
"","23986","Pay/Return decision badge navigates to exception history","firefox","Mon Sep 14 10:28:47 UTC 2026","passed","Mon Sep 14 10:29:11 UTC 2026","ACH — Smoke","specs\Smoke\7-ACHSmoke.spec.ts","",""
"","16796","Web Hooks sub-page loads correctly","webkit","Mon Sep 14 10:37:07 UTC 2026","passed","Mon Sep 14 10:37:24 UTC 2026","Application Navigation Smoke Tests","specs\Smoke\2-NavigationSmoke.spec.ts","",""
"","15177","""+ Add Check"" navigates to the add-check form","firefox","Mon Sep 14 10:18:37 UTC 2026","passed","Mon Sep 14 10:18:52 UTC 2026","Issued Checks — Smoke","specs\Smoke\4-IssuedChecksSmoke.spec.ts","",""
"","10603","Decision Files sub-page loads correctly","firefox","Mon Sep 14 10:14:33 UTC 2026","passed","Mon Sep 14 10:14:44 UTC 2026","Application Navigation Smoke Tests","specs\Smoke\2-NavigationSmoke.spec.ts","",""
"","11386","Saved Filters dropdown is visible and defaults to no preset","msedge","Mon Sep 14 10:18:29 UTC 2026","passed","Mon Sep 14 10:18:41 UTC 2026","Issued Checks — Smoke","specs\Smoke\4-IssuedChecksSmoke.spec.ts","",""
"","15241","Search box filters grid and clears correctly","firefox","Mon Sep 14 10:19:10 UTC 2026","passed","Mon Sep 14 10:19:26 UTC 2026","Issued Checks — Smoke","specs\Smoke\4-IssuedChecksSmoke.spec.ts","",""
"","14615","Last page arrow jumps to the final page","firefox","Mon Sep 14 10:20:18 UTC 2026","passed","Mon Sep 14 10:20:32 UTC 2026","Issued Checks — Smoke","specs\Smoke\4-IssuedChecksSmoke.spec.ts","",""
"","9116","""Edit"" link on a row navigates to the check edit form","chromium","Mon Sep 14 10:18:21 UTC 2026","passed","Mon Sep 14 10:18:30 UTC 2026","Presented Checks — Smoke (Continued)","specs\Smoke\5-PresentedChecksSmoke.spec.ts","",""
"","19911","Typing a page number navigates to that page","webkit","Mon Sep 14 10:46:40 UTC 2026","passed","Mon Sep 14 10:47:00 UTC 2026","Exceptions — Smoke","specs\Smoke\8-ExceptionsSmoke.spec.ts","",""
"","5693","Validate forgot password with unregistered email","msedge","Mon Sep 14 10:12:44 UTC 2026","passed","Mon Sep 14 10:12:50 UTC 2026","","specs\Smoke\1-LoginSmoke.spec.ts","",""
"","20980","""Delete"" on a row shows a confirm modal; Cancel dismisses it without deleting","webkit","Mon Sep 14 10:43:43 UTC 2026","passed","Mon Sep 14 10:44:04 UTC 2026","Presented Checks — Smoke (Continued)","specs\Smoke\5-PresentedChecksSmoke.spec.ts","",""
"","9398","Verify delayed data note and force refresh link are visible on dashboard","msedge","Mon Sep 14 10:15:13 UTC 2026","passed","Mon Sep 14 10:15:23 UTC 2026","Home Dashboard","specs\Smoke\3-HomeDashboardSmoke.spec.ts","",""
"","12427","Clicking a column header sorts ascending, clicking again sorts descending","chromium","Mon Sep 14 10:21:21 UTC 2026","passed","Mon Sep 14 10:21:33 UTC 2026","Exceptions — Smoke (Continued)","specs\Smoke\8-ExceptionsSmoke.spec.ts","",""
"","11508","Branding sub-page loads correctly","firefox","Mon Sep 14 10:14:11 UTC 2026","passed","Mon Sep 14 10:14:22 UTC 2026","Application Navigation Smoke Tests","specs\Smoke\2-NavigationSmoke.spec.ts","",""
"","22876","Excel export button is visible and enabled","firefox","Mon Sep 14 10:19:26 UTC 2026","passed","Mon Sep 14 10:19:49 UTC 2026","Presented Checks — Smoke","specs\Smoke\5-PresentedChecksSmoke.spec.ts","",""
"","19139","Previous page button returns to page 1, First page button re-enables disabled state","firefox","Mon Sep 14 10:25:50 UTC 2026","passed","Mon Sep 14 10:26:09 UTC 2026","Exceptions — Smoke","specs\Smoke\8-ExceptionsSmoke.spec.ts","",""
"","4103","Validate Login functionality with missingPassword","chromium","Mon Sep 14 10:11:43 UTC 2026","passed","Mon Sep 14 10:11:47 UTC 2026","","specs\Smoke\1-LoginSmoke.spec.ts","",""
"","8427","Verify dashboard tab checked state updates correctly","chromium","Mon Sep 14 10:13:06 UTC 2026","passed","Mon Sep 14 10:13:15 UTC 2026","Home Dashboard","specs\Smoke\3-HomeDashboardSmoke.spec.ts","",""
"","19133","Save a filter preset, verify it is auto-selected, then delete it","firefox","Mon Sep 14 10:21:39 UTC 2026","passed","Mon Sep 14 10:21:59 UTC 2026","Presented Checks — Smoke (Continued)","specs\Smoke\5-PresentedChecksSmoke.spec.ts","",""
"","6765","Users sub-page loads correctly","chromium","Mon Sep 14 10:12:11 UTC 2026","passed","Mon Sep 14 10:12:17 UTC 2026","Application Navigation Smoke Tests","specs\Smoke\2-NavigationSmoke.spec.ts","",""
"","19994","Save a filter preset, verify it is auto-selected, then delete it","msedge","Mon Sep 14 10:22:49 UTC 2026","passed","Mon Sep 14 10:23:09 UTC 2026","ACH — Smoke","specs\Smoke\7-ACHSmoke.spec.ts","",""
"","10041","""View"" (Change Log) link on a row navigates to the entity log","msedge","Mon Sep 14 10:19:45 UTC 2026","passed","Mon Sep 14 10:19:55 UTC 2026","Issued Checks — Smoke (Continued)","specs\Smoke\4-IssuedChecksSmoke.spec.ts","",""
"","16407","""+ Add ACH"" navigates to the add-ACH form","firefox","Mon Sep 14 10:24:09 UTC 2026","passed","Mon Sep 14 10:24:26 UTC 2026","ACH — Smoke","specs\Smoke\7-ACHSmoke.spec.ts","",""
"","19935","Last page arrow jumps to the final page","webkit","Mon Sep 14 10:46:39 UTC 2026","passed","Mon Sep 14 10:46:59 UTC 2026","ACH — Smoke","specs\Smoke\7-ACHSmoke.spec.ts","",""
"","13002","Verify tab-specific charts are hidden for opposite tab","msedge","Mon Sep 14 10:14:39 UTC 2026","passed","Mon Sep 14 10:14:52 UTC 2026","Home Dashboard","specs\Smoke\3-HomeDashboardSmoke.spec.ts","",""
"","21419","""Delete"" on a row shows a confirm modal; Cancel dismisses it without deleting","webkit","Mon Sep 14 10:43:22 UTC 2026","passed","Mon Sep 14 10:43:43 UTC 2026","Issued Checks — Smoke (Continued)","specs\Smoke\4-IssuedChecksSmoke.spec.ts","",""
"","17542","ACH Approval Rules sub-page loads correctly","webkit","Mon Sep 14 10:35:26 UTC 2026","passed","Mon Sep 14 10:35:44 UTC 2026","Application Navigation Smoke Tests","specs\Smoke\2-NavigationSmoke.spec.ts","",""
"","15319","Presented Checks breadcrumb link is visible on the page","firefox","Mon Sep 14 10:23:41 UTC 2026","passed","Mon Sep 14 10:23:57 UTC 2026","Presented Checks — Smoke (Continued)","specs\Smoke\5-PresentedChecksSmoke.spec.ts","",""
"","14110","Verify navigation to Presented Checks via nav menu","firefox","Mon Sep 14 10:17:39 UTC 2026","passed","Mon Sep 14 10:17:53 UTC 2026","Home Dashboard","specs\Smoke\3-HomeDashboardSmoke.spec.ts","",""
"","14742","""+ Add Check"" navigates to the add-check form","firefox","Mon Sep 14 10:18:39 UTC 2026","passed","Mon Sep 14 10:18:54 UTC 2026","Presented Checks — Smoke","specs\Smoke\5-PresentedChecksSmoke.spec.ts","",""
"","11400","Exception History grid loads with data rows and key column headers","msedge","Mon Sep 14 10:20:42 UTC 2026","passed","Mon Sep 14 10:20:53 UTC 2026","Exceptions — Smoke","specs\Smoke\8-ExceptionsSmoke.spec.ts","",""
"","9551","Validate Login functionality with sqlInjection","webkit","Mon Sep 14 10:31:22 UTC 2026","passed","Mon Sep 14 10:31:31 UTC 2026","","specs\Smoke\1-LoginSmoke.spec.ts","",""
"","13002","Search box filters grid and clears correctly","msedge","Mon Sep 14 10:17:09 UTC 2026","passed","Mon Sep 14 10:17:22 UTC 2026","Issued Checks — Smoke","specs\Smoke\4-IssuedChecksSmoke.spec.ts","",""
"","9704","Exceptions page loads correctly","msedge","Mon Sep 14 10:12:14 UTC 2026","passed","Mon Sep 14 10:12:24 UTC 2026","Application Navigation Smoke Tests","specs\Smoke\2-NavigationSmoke.spec.ts","",""
"","4199","Validate Login functionality with sqlInjection","chromium","Mon Sep 14 10:11:51 UTC 2026","passed","Mon Sep 14 10:11:56 UTC 2026","","specs\Smoke\1-LoginSmoke.spec.ts","",""
"","7380","Verify Home dashboard is restored after returning from another page","chromium","Mon Sep 14 10:14:12 UTC 2026","passed","Mon Sep 14 10:14:19 UTC 2026","Home Dashboard","specs\Smoke\3-HomeDashboardSmoke.spec.ts","",""
"","9550","Clicking a column header sorts ascending, clicking again sorts descending","chromium","Mon Sep 14 10:18:01 UTC 2026","passed","Mon Sep 14 10:18:11 UTC 2026","Presented Checks — Smoke (Continued)","specs\Smoke\5-PresentedChecksSmoke.spec.ts","",""
"","5672","Teller page loads correctly","chromium","Mon Sep 14 10:11:33 UTC 2026","passed","Mon Sep 14 10:11:39 UTC 2026","Application Navigation Smoke Tests","specs\Smoke\2-NavigationSmoke.spec.ts","",""
"","12497","File Processing sub-page loads correctly","msedge","Mon Sep 14 10:15:53 UTC 2026","passed","Mon Sep 14 10:16:06 UTC 2026","Application Navigation Smoke Tests","specs\Smoke\2-NavigationSmoke.spec.ts","",""
"","10173","Saved Filters dropdown is visible and defaults to no preset","chromium","Mon Sep 14 10:19:57 UTC 2026","passed","Mon Sep 14 10:20:08 UTC 2026","ACH — Smoke","specs\Smoke\7-ACHSmoke.spec.ts","",""
"","18850","Save a filter preset, verify it is auto-selected, then delete it","msedge","Mon Sep 14 10:18:59 UTC 2026","passed","Mon Sep 14 10:19:18 UTC 2026","Presented Checks — Smoke (Continued)","specs\Smoke\5-PresentedChecksSmoke.spec.ts","",""
"","9195","Pay/Return decision badge navigates to exception history","chromium","Mon Sep 14 10:18:49 UTC 2026","passed","Mon Sep 14 10:18:58 UTC 2026","Presented Checks — Smoke (Continued)","specs\Smoke\5-PresentedChecksSmoke.spec.ts","",""
"","16243","Business Clients sub-page loads correctly","webkit","Mon Sep 14 10:32:02 UTC 2026","passed","Mon Sep 14 10:32:18 UTC 2026","Application Navigation Smoke Tests","specs\Smoke\2-NavigationSmoke.spec.ts","",""
"","5536","Validate Login functionality with missingPassword","msedge","Mon Sep 14 10:12:05 UTC 2026","passed","Mon Sep 14 10:12:11 UTC 2026","","specs\Smoke\1-LoginSmoke.spec.ts","",""
"","5733","Validate Login functionality with sqlInjection","msedge","Mon Sep 14 10:12:16 UTC 2026","passed","Mon Sep 14 10:12:22 UTC 2026","","specs\Smoke\1-LoginSmoke.spec.ts","",""
"","17962","Typing a page number navigates to that page","firefox","Mon Sep 14 10:20:32 UTC 2026","passed","Mon Sep 14 10:20:50 UTC 2026","Issued Checks — Smoke","specs\Smoke\4-IssuedChecksSmoke.spec.ts","",""
"","22858","Default filter auto-applies after logout and re-login","chromium","Mon Sep 14 10:16:29 UTC 2026","passed","Mon Sep 14 10:16:51 UTC 2026","Issued Checks — Default Filter (Serial)","specs\Smoke\4-IssuedChecksSmoke.spec.ts","",""
"","26980","Previous page button returns to page 1, First page button re-enables disabled state","webkit","Mon Sep 14 10:47:00 UTC 2026","passed","Mon Sep 14 10:47:27 UTC 2026","Exceptions — Smoke","specs\Smoke\8-ExceptionsSmoke.spec.ts","",""
"","15455","Column filter popup applies a filter and Clear restores the full row set","msedge","Mon Sep 14 10:23:21 UTC 2026","passed","Mon Sep 14 10:23:37 UTC 2026","ACH — Smoke","specs\Smoke\7-ACHSmoke.spec.ts","",""
"","11984","Notification Log sub-page loads correctly","chromium","Mon Sep 14 10:13:39 UTC 2026","passed","Mon Sep 14 10:13:51 UTC 2026","Application Navigation Smoke Tests","specs\Smoke\2-NavigationSmoke.spec.ts","",""
"","18078","Notification Templates sub-page loads correctly","firefox","Mon Sep 14 10:15:10 UTC 2026","passed","Mon Sep 14 10:15:28 UTC 2026","Application Navigation Smoke Tests","specs\Smoke\2-NavigationSmoke.spec.ts","",""
"","18734","""Uploaded Checks"" navigates to the uploads page","webkit","Mon Sep 14 10:38:05 UTC 2026","passed","Mon Sep 14 10:38:24 UTC 2026","Issued Checks — Smoke","specs\Smoke\4-IssuedChecksSmoke.spec.ts","",""
"","10351","Default filter auto-applies after logout and re-login","msedge","Mon Sep 14 10:18:49 UTC 2026","skipped","Mon Sep 14 10:18:59 UTC 2026","Presented Checks — Default Filter (Serial)","specs\Smoke\5-PresentedChecksSmoke.spec.ts","",""
"","20865","Search box filters grid and clears correctly","firefox","Mon Sep 14 10:24:47 UTC 2026","passed","Mon Sep 14 10:25:08 UTC 2026","ACH — Smoke","specs\Smoke\7-ACHSmoke.spec.ts","",""
"","11460","Verify summary KPI values have expected number formats","msedge","Mon Sep 14 10:15:02 UTC 2026","passed","Mon Sep 14 10:15:13 UTC 2026","Home Dashboard","specs\Smoke\3-HomeDashboardSmoke.spec.ts","",""
"","15008","Verify ACH Only tab shows ACH-specific chart sections","webkit","Mon Sep 14 10:33:47 UTC 2026","passed","Mon Sep 14 10:34:02 UTC 2026","Home Dashboard","specs\Smoke\3-HomeDashboardSmoke.spec.ts","",""
"","9047","Grid loads with data rows and key column headers","chromium","Mon Sep 14 10:14:27 UTC 2026","passed","Mon Sep 14 10:14:36 UTC 2026","Issued Checks — Smoke","specs\Smoke\4-IssuedChecksSmoke.spec.ts","",""
"","21431","Clicking a column header sorts ascending, clicking again sorts descending","webkit","Mon Sep 14 10:41:57 UTC 2026","passed","Mon Sep 14 10:42:18 UTC 2026","Issued Checks — Smoke (Continued)","specs\Smoke\4-IssuedChecksSmoke.spec.ts","",""
"","14539","Verify navigation to Settings via nav menu","webkit","Mon Sep 14 10:37:34 UTC 2026","passed","Mon Sep 14 10:37:48 UTC 2026","Home Dashboard","specs\Smoke\3-HomeDashboardSmoke.spec.ts","",""
"","13282","Grid loads with data rows and key column headers","msedge","Mon Sep 14 10:16:44 UTC 2026","passed","Mon Sep 14 10:16:57 UTC 2026","Presented Checks — Smoke","specs\Smoke\5-PresentedChecksSmoke.spec.ts","",""
"","19321","""Uploaded ACH"" navigates to the uploads page","webkit","Mon Sep 14 10:45:01 UTC 2026","passed","Mon Sep 14 10:45:20 UTC 2026","ACH — Smoke","specs\Smoke\7-ACHSmoke.spec.ts","",""
"","8098","Business Clients sub-page loads correctly","msedge","Mon Sep 14 10:12:41 UTC 2026","passed","Mon Sep 14 10:12:50 UTC 2026","Application Navigation Smoke Tests","specs\Smoke\2-NavigationSmoke.spec.ts","",""
"","10822","Validate Login functionality with correctCredentials","chromium","Mon Sep 14 10:11:09 UTC 2026","passed","Mon Sep 14 10:11:20 UTC 2026","","specs\Smoke\1-LoginSmoke.spec.ts","",""
"","11537","Validate Login functionality with caseSensitiveEmail","firefox","Mon Sep 14 10:11:59 UTC 2026","passed","Mon Sep 14 10:12:10 UTC 2026","","specs\Smoke\1-LoginSmoke.spec.ts","",""
"","20219","""+ Add Check"" navigates to the add-check form","webkit","Mon Sep 14 10:37:45 UTC 2026","passed","Mon Sep 14 10:38:05 UTC 2026","Issued Checks — Smoke","specs\Smoke\4-IssuedChecksSmoke.spec.ts","",""
"","4995","Validate forgot password functionality","chromium","Mon Sep 14 10:12:05 UTC 2026","passed","Mon Sep 14 10:12:10 UTC 2026","","specs\Smoke\1-LoginSmoke.spec.ts","",""
"","10489","Excel export button is visible and enabled","msedge","Mon Sep 14 10:21:05 UTC 2026","passed","Mon Sep 14 10:21:16 UTC 2026","Exceptions — Smoke","specs\Smoke\8-ExceptionsSmoke.spec.ts","",""
"","4426","Validate Login functionality with missingUsername","chromium","Mon Sep 14 10:11:47 UTC 2026","passed","Mon Sep 14 10:11:51 UTC 2026","","specs\Smoke\1-LoginSmoke.spec.ts","",""
"","20372","Next page arrow advances to page 2","firefox","Mon Sep 14 10:19:57 UTC 2026","passed","Mon Sep 14 10:20:18 UTC 2026","Issued Checks — Smoke","specs\Smoke\4-IssuedChecksSmoke.spec.ts","",""
"","19606","Last page arrow jumps to the final page","webkit","Mon Sep 14 10:46:21 UTC 2026","passed","Mon Sep 14 10:46:40 UTC 2026","Exceptions — Smoke","specs\Smoke\8-ExceptionsSmoke.spec.ts","",""
"","25001","Save a filter preset, verify it is auto-selected, then delete it","firefox","Mon Sep 14 10:21:38 UTC 2026","passed","Mon Sep 14 10:22:03 UTC 2026","Issued Checks — Smoke (Continued)","specs\Smoke\4-IssuedChecksSmoke.spec.ts","",""
"","5580","Validate Login functionality with emptyFields","msedge","Mon Sep 14 10:12:00 UTC 2026","passed","Mon Sep 14 10:12:05 UTC 2026","","specs\Smoke\1-LoginSmoke.spec.ts","",""
"","9530","Excel export button is visible and enabled","chromium","Mon Sep 14 10:15:07 UTC 2026","passed","Mon Sep 14 10:15:16 UTC 2026","Issued Checks — Smoke","specs\Smoke\4-IssuedChecksSmoke.spec.ts","",""
"","21645","""Uploaded ACH"" navigates to the uploads page","firefox","Mon Sep 14 10:24:26 UTC 2026","passed","Mon Sep 14 10:24:47 UTC 2026","ACH — Smoke","specs\Smoke\7-ACHSmoke.spec.ts","",""
"","21148","Previous page button returns to page 1, First page button re-enables disabled state","firefox","Mon Sep 14 10:26:25 UTC 2026","passed","Mon Sep 14 10:26:46 UTC 2026","ACH — Smoke","specs\Smoke\7-ACHSmoke.spec.ts","",""
"","8954","""Delete"" on a row shows a confirm modal; Cancel dismisses it without deleting","chromium","Mon Sep 14 10:21:13 UTC 2026","passed","Mon Sep 14 10:21:22 UTC 2026","ACH — Smoke","specs\Smoke\7-ACHSmoke.spec.ts","",""
"","14351","Verify dashboard footer footnote and privacy link are visible","webkit","Mon Sep 14 10:35:43 UTC 2026","passed","Mon Sep 14 10:35:57 UTC 2026","Home Dashboard","specs\Smoke\3-HomeDashboardSmoke.spec.ts","",""
"","17508","Saved Filters dropdown is visible and defaults to no preset","webkit","Mon Sep 14 10:47:49 UTC 2026","passed","Mon Sep 14 10:48:07 UTC 2026","ACH — Smoke","specs\Smoke\7-ACHSmoke.spec.ts","",""
"","28010","""View"" link on a row opens the Exception Details dialog","webkit","Mon Sep 14 10:49:21 UTC 2026","passed","Mon Sep 14 10:49:49 UTC 2026","Exceptions — Smoke (Continued)","specs\Smoke\8-ExceptionsSmoke.spec.ts","",""
"","17860","Page size change to 10 updates pagination info in bottom-right pager","webkit","Mon Sep 14 10:46:00 UTC 2026","passed","Mon Sep 14 10:46:18 UTC 2026","ACH — Smoke","specs\Smoke\7-ACHSmoke.spec.ts","",""
"","10792","Verify navigation to Settings via nav menu","chromium","Mon Sep 14 10:14:53 UTC 2026","passed","Mon Sep 14 10:15:04 UTC 2026","Home Dashboard","specs\Smoke\3-HomeDashboardSmoke.spec.ts","",""
"","11501","Issued Checks breadcrumb link is visible on the page","msedge","Mon Sep 14 10:20:08 UTC 2026","passed","Mon Sep 14 10:20:20 UTC 2026","Issued Checks — Smoke (Continued)","specs\Smoke\4-IssuedChecksSmoke.spec.ts","",""
"","12692","""Uploaded Checks"" navigates to the uploads page","msedge","Mon Sep 14 10:16:56 UTC 2026","passed","Mon Sep 14 10:17:09 UTC 2026","Issued Checks — Smoke","specs\Smoke\4-IssuedChecksSmoke.spec.ts","",""
"","7239","Decision badge on an already-reviewed row is blocked with a system message","chromium","Mon Sep 14 10:21:52 UTC 2026","passed","Mon Sep 14 10:21:59 UTC 2026","Exceptions — Smoke (Continued)","specs\Smoke\8-ExceptionsSmoke.spec.ts","",""
"","10800","Verify profile menu shows My Info and Logout links","msedge","Mon Sep 14 10:15:31 UTC 2026","passed","Mon Sep 14 10:15:42 UTC 2026","Home Dashboard","specs\Smoke\3-HomeDashboardSmoke.spec.ts","",""
"","24498","Column filter popup applies a filter and Clear restores the full row set","firefox","Mon Sep 14 10:22:12 UTC 2026","passed","Mon Sep 14 10:22:37 UTC 2026","Presented Checks — Smoke (Continued)","specs\Smoke\5-PresentedChecksSmoke.spec.ts","",""
"","14138","Previous page button returns to page 1, First page button re-enables disabled state","msedge","Mon Sep 14 10:18:25 UTC 2026","passed","Mon Sep 14 10:18:40 UTC 2026","Presented Checks — Smoke","specs\Smoke\5-PresentedChecksSmoke.spec.ts","",""
"","15551","File Formats sub-page loads correctly","firefox","Mon Sep 14 10:14:54 UTC 2026","passed","Mon Sep 14 10:15:10 UTC 2026","Application Navigation Smoke Tests","specs\Smoke\2-NavigationSmoke.spec.ts","",""
"","9857","Clicking a column header sorts ascending, clicking again sorts descending","chromium","Mon Sep 14 10:17:10 UTC 2026","passed","Mon Sep 14 10:17:20 UTC 2026","Issued Checks — Smoke (Continued)","specs\Smoke\4-IssuedChecksSmoke.spec.ts","",""
"","15805","Default filter auto-applies after logout and re-login","firefox","Mon Sep 14 10:21:24 UTC 2026","skipped","Mon Sep 14 10:21:39 UTC 2026","Presented Checks — Default Filter (Serial)","specs\Smoke\5-PresentedChecksSmoke.spec.ts","",""
"","26559","Column filter popup applies a filter and Clear restores the full row set","webkit","Mon Sep 14 10:49:21 UTC 2026","passed","Mon Sep 14 10:49:47 UTC 2026","ACH — Smoke","specs\Smoke\7-ACHSmoke.spec.ts","",""
"","7044","API link is visible and points to swagger","chromium","Mon Sep 14 10:14:13 UTC 2026","passed","Mon Sep 14 10:14:20 UTC 2026","Application Navigation Smoke Tests","specs\Smoke\2-NavigationSmoke.spec.ts","",""
"","9497","Grid View toggle navigates to the open-exceptions grid and shows key column headers","msedge","Mon Sep 14 10:24:23 UTC 2026","passed","Mon Sep 14 10:24:33 UTC 2026","Exceptions — Smoke (Continued)","specs\Smoke\8-ExceptionsSmoke.spec.ts","",""
"","9162","Grid loads with data rows and key column headers","chromium","Mon Sep 14 10:18:21 UTC 2026","passed","Mon Sep 14 10:18:31 UTC 2026","ACH — Smoke","specs\Smoke\7-ACHSmoke.spec.ts","",""
"","11412","Verify ACH Only tab shows ACH-specific chart sections","msedge","Mon Sep 14 10:13:57 UTC 2026","passed","Mon Sep 14 10:14:08 UTC 2026","Home Dashboard","specs\Smoke\3-HomeDashboardSmoke.spec.ts","",""
"","21227","Search box filters grid and clears correctly","webkit","Mon Sep 14 10:38:24 UTC 2026","passed","Mon Sep 14 10:38:45 UTC 2026","Issued Checks — Smoke","specs\Smoke\4-IssuedChecksSmoke.spec.ts","",""
"","10175","Page size change to 10 updates pagination info in bottom-right pager","msedge","Mon Sep 14 10:17:32 UTC 2026","passed","Mon Sep 14 10:17:42 UTC 2026","Issued Checks — Smoke","specs\Smoke\4-IssuedChecksSmoke.spec.ts","",""
"","20683","Next page arrow advances to page 2","firefox","Mon Sep 14 10:24:54 UTC 2026","passed","Mon Sep 14 10:25:15 UTC 2026","Exceptions — Smoke","specs\Smoke\8-ExceptionsSmoke.spec.ts","",""
"","11146","Billing Reports sub-page loads correctly","firefox","Mon Sep 14 10:14:22 UTC 2026","passed","Mon Sep 14 10:14:33 UTC 2026","Application Navigation Smoke Tests","specs\Smoke\2-NavigationSmoke.spec.ts","",""
"","6997","Notification Templates sub-page loads correctly","chromium","Mon Sep 14 10:12:59 UTC 2026","passed","Mon Sep 14 10:13:06 UTC 2026","Application Navigation Smoke Tests","specs\Smoke\2-NavigationSmoke.spec.ts","",""
"","11105","Page size change to 10 updates pagination info in bottom-right pager","msedge","Mon Sep 14 10:21:28 UTC 2026","passed","Mon Sep 14 10:21:39 UTC 2026","ACH — Smoke","specs\Smoke\7-ACHSmoke.spec.ts","",""
"","14896","Settings page loads correctly","webkit","Mon Sep 14 10:31:30 UTC 2026","passed","Mon Sep 14 10:31:45 UTC 2026","Application Navigation Smoke Tests","specs\Smoke\2-NavigationSmoke.spec.ts","",""
"","8708","""Uploaded ACH"" navigates to the uploads page","chromium","Mon Sep 14 10:18:41 UTC 2026","passed","Mon Sep 14 10:18:50 UTC 2026","ACH — Smoke","specs\Smoke\7-ACHSmoke.spec.ts","",""
"","9770","Pre-Decisions page loads with either records or the empty-state message","webkit","Mon Sep 14 10:51:38 UTC 2026","passed","Mon Sep 14 10:51:48 UTC 2026","Exceptions — Smoke (Continued)","specs\Smoke\8-ExceptionsSmoke.spec.ts","",""
"","11874","Teller page loads correctly","firefox","Mon Sep 14 10:12:15 UTC 2026","passed","Mon Sep 14 10:12:26 UTC 2026","Application Navigation Smoke Tests","specs\Smoke\2-NavigationSmoke.spec.ts","",""
"","26380","Default filter auto-applies after logout and re-login","chromium","Mon Sep 14 10:20:37 UTC 2026","passed","Mon Sep 14 10:21:03 UTC 2026","Exceptions — Default Filter (Serial)","specs\Smoke\8-ExceptionsSmoke.spec.ts","",""
"","18757","Saved Filters dropdown is visible and defaults to no preset","webkit","Mon Sep 14 10:47:27 UTC 2026","passed","Mon Sep 14 10:47:46 UTC 2026","Exceptions — Smoke","specs\Smoke\8-ExceptionsSmoke.spec.ts","",""
"","12664","Clicking a column header sorts ascending, clicking again sorts descending","msedge","Mon Sep 14 10:23:09 UTC 2026","passed","Mon Sep 14 10:23:21 UTC 2026","ACH — Smoke","specs\Smoke\7-ACHSmoke.spec.ts","",""
"","11067","Open Exceptions page loads with either exception cards or the empty-state message","msedge","Mon Sep 14 10:24:12 UTC 2026","passed","Mon Sep 14 10:24:23 UTC 2026","Exceptions — Smoke (Continued)","specs\Smoke\8-ExceptionsSmoke.spec.ts","",""
"","17124","ACH page loads correctly","webkit","Mon Sep 14 10:30:57 UTC 2026","passed","Mon Sep 14 10:31:14 UTC 2026","Application Navigation Smoke Tests","specs\Smoke\2-NavigationSmoke.spec.ts","",""
"","10582","Typing a page number navigates to that page","msedge","Mon Sep 14 10:18:06 UTC 2026","passed","Mon Sep 14 10:18:17 UTC 2026","Issued Checks — Smoke","specs\Smoke\4-IssuedChecksSmoke.spec.ts","",""
"","20595","Home page is accessible and shows dashboard","webkit","Mon Sep 14 10:29:40 UTC 2026","passed","Mon Sep 14 10:30:01 UTC 2026","Application Navigation Smoke Tests","specs\Smoke\2-NavigationSmoke.spec.ts","",""
"","10944","""Edit"" link on a row navigates to the check edit form","msedge","Mon Sep 14 10:19:34 UTC 2026","passed","Mon Sep 14 10:19:45 UTC 2026","Issued Checks — Smoke (Continued)","specs\Smoke\4-IssuedChecksSmoke.spec.ts","",""
"","13155","Excel export button is visible and enabled","firefox","Mon Sep 14 10:25:08 UTC 2026","passed","Mon Sep 14 10:25:21 UTC 2026","ACH — Smoke","specs\Smoke\7-ACHSmoke.spec.ts","",""
"","17058","Last page arrow jumps to the final page","firefox","Mon Sep 14 10:25:51 UTC 2026","passed","Mon Sep 14 10:26:08 UTC 2026","ACH — Smoke","specs\Smoke\7-ACHSmoke.spec.ts","",""
"","18282","Excel export button is visible and enabled","webkit","Mon Sep 14 10:45:24 UTC 2026","passed","Mon Sep 14 10:45:42 UTC 2026","Exceptions — Smoke","specs\Smoke\8-ExceptionsSmoke.spec.ts","",""
"","16292","Exceptions breadcrumb link is visible on the page","firefox","Mon Sep 14 10:28:15 UTC 2026","passed","Mon Sep 14 10:28:31 UTC 2026","Exceptions — Smoke (Continued)","specs\Smoke\8-ExceptionsSmoke.spec.ts","",""
"","26405","Decision badge on an already-reviewed row is blocked with a system message","webkit","Mon Sep 14 10:49:49 UTC 2026","passed","Mon Sep 14 10:50:15 UTC 2026","Exceptions — Smoke (Continued)","specs\Smoke\8-ExceptionsSmoke.spec.ts","",""
"","13031","Validate session persists after page refresh","firefox","Mon Sep 14 10:13:30 UTC 2026","passed","Mon Sep 14 10:13:43 UTC 2026","","specs\Smoke\1-LoginSmoke.spec.ts","",""
"","26007","Save a filter preset, verify it is auto-selected, then delete it","firefox","Mon Sep 14 10:27:15 UTC 2026","passed","Mon Sep 14 10:27:41 UTC 2026","ACH — Smoke","specs\Smoke\7-ACHSmoke.spec.ts","",""
"","10595","Verify navigation to ACH via nav menu","msedge","Mon Sep 14 10:16:15 UTC 2026","passed","Mon Sep 14 10:16:26 UTC 2026","Home Dashboard","specs\Smoke\3-HomeDashboardSmoke.spec.ts","",""
"","9945","Saved Filters dropdown is visible and defaults to no preset","msedge","Mon Sep 14 10:22:28 UTC 2026","passed","Mon Sep 14 10:22:38 UTC 2026","ACH — Smoke","specs\Smoke\7-ACHSmoke.spec.ts","",""
"","6018","Settings page loads correctly","chromium","Mon Sep 14 10:11:52 UTC 2026","passed","Mon Sep 14 10:11:59 UTC 2026","Application Navigation Smoke Tests","specs\Smoke\2-NavigationSmoke.spec.ts","",""
"","16190","Billing Reports sub-page loads correctly","webkit","Mon Sep 14 10:33:06 UTC 2026","passed","Mon Sep 14 10:33:23 UTC 2026","Application Navigation Smoke Tests","specs\Smoke\2-NavigationSmoke.spec.ts","",""
"","21331","Clicking a column header sorts ascending, clicking again sorts descending","webkit","Mon Sep 14 10:48:59 UTC 2026","passed","Mon Sep 14 10:49:21 UTC 2026","ACH — Smoke","specs\Smoke\7-ACHSmoke.spec.ts","",""
"","5458","Validate Login functionality with missingUsername","msedge","Mon Sep 14 10:12:11 UTC 2026","passed","Mon Sep 14 10:12:16 UTC 2026","","specs\Smoke\1-LoginSmoke.spec.ts","",""
"","17242","File Processing sub-page loads correctly","webkit","Mon Sep 14 10:36:33 UTC 2026","passed","Mon Sep 14 10:36:50 UTC 2026","Application Navigation Smoke Tests","specs\Smoke\2-NavigationSmoke.spec.ts","",""
"","14805","Open Exceptions page loads with either exception cards or the empty-state message","firefox","Mon Sep 14 10:28:47 UTC 2026","passed","Mon Sep 14 10:29:01 UTC 2026","Exceptions — Smoke (Continued)","specs\Smoke\8-ExceptionsSmoke.spec.ts","",""
"","7329","Verify navigation to Issued Checks via nav menu","chromium","Mon Sep 14 10:14:19 UTC 2026","passed","Mon Sep 14 10:14:26 UTC 2026","Home Dashboard","specs\Smoke\3-HomeDashboardSmoke.spec.ts","",""
"","10621","""+ Add Check"" navigates to the add-check form","chromium","Mon Sep 14 10:15:18 UTC 2026","passed","Mon Sep 14 10:15:29 UTC 2026","Presented Checks — Smoke","specs\Smoke\5-PresentedChecksSmoke.spec.ts","",""
"","10744","Typing a page number navigates to that page","msedge","Mon Sep 14 10:21:50 UTC 2026","passed","Mon Sep 14 10:22:00 UTC 2026","Exceptions — Smoke","specs\Smoke\8-ExceptionsSmoke.spec.ts","",""
"","20205","Typing a page number navigates to that page","webkit","Mon Sep 14 10:40:03 UTC 2026","passed","Mon Sep 14 10:40:23 UTC 2026","Issued Checks — Smoke","specs\Smoke\4-IssuedChecksSmoke.spec.ts","",""
"","15441","Column filter popup applies a filter and Clear restores the full row set","firefox","Mon Sep 14 10:22:24 UTC 2026","passed","Mon Sep 14 10:22:40 UTC 2026","Issued Checks — Smoke (Continued)","specs\Smoke\4-IssuedChecksSmoke.spec.ts","",""
"","10002","""View"" (Change Log) link on a row navigates to the entity log","msedge","Mon Sep 14 10:19:59 UTC 2026","passed","Mon Sep 14 10:20:09 UTC 2026","Presented Checks — Smoke (Continued)","specs\Smoke\5-PresentedChecksSmoke.spec.ts","",""
"","14987","Verify profile menu shows My Info and Logout links","webkit","Mon Sep 14 10:35:57 UTC 2026","passed","Mon Sep 14 10:36:12 UTC 2026","Home Dashboard","specs\Smoke\3-HomeDashboardSmoke.spec.ts","",""
"","15646","Verify Check Only tab shows Check-specific chart sections","webkit","Mon Sep 14 10:33:32 UTC 2026","passed","Mon Sep 14 10:33:47 UTC 2026","Home Dashboard","specs\Smoke\3-HomeDashboardSmoke.spec.ts","",""
"","12435","Validate Login functionality with incorrectUsername","webkit","Mon Sep 14 10:30:24 UTC 2026","passed","Mon Sep 14 10:30:36 UTC 2026","","specs\Smoke\1-LoginSmoke.spec.ts","",""
"","16546","Column filter popup applies a filter and Clear restores the full row set","msedge","Mon Sep 14 10:19:31 UTC 2026","passed","Mon Sep 14 10:19:47 UTC 2026","Presented Checks — Smoke (Continued)","specs\Smoke\5-PresentedChecksSmoke.spec.ts","",""
"","8776","Roles/Permissions sub-page loads correctly","msedge","Mon Sep 14 10:12:59 UTC 2026","passed","Mon Sep 14 10:13:08 UTC 2026","Application Navigation Smoke Tests","specs\Smoke\2-NavigationSmoke.spec.ts","",""
"","9262","Verify tab-specific charts are hidden for opposite tab","chromium","Mon Sep 14 10:13:23 UTC 2026","passed","Mon Sep 14 10:13:32 UTC 2026","Home Dashboard","specs\Smoke\3-HomeDashboardSmoke.spec.ts","",""
"","12773","Previous page button returns to page 1, First page button re-enables disabled state","chromium","Mon Sep 14 10:16:03 UTC 2026","passed","Mon Sep 14 10:16:15 UTC 2026","Issued Checks — Smoke","specs\Smoke\4-IssuedChecksSmoke.spec.ts","",""
