"DESCRIPTION","DURATION IN MS","NAME","PARENT SUITE","START TIME","STATUS","STOP TIME","SUB SUITE","SUITE","TEST CLASS","TEST METHOD"
"","20471","ACH Approval Rules sub-page loads correctly","firefox","Tue Sep 15 10:33:28 UTC 2026","passed","Tue Sep 15 10:33:49 UTC 2026","Application Navigation Smoke Tests","specs\Smoke\2-NavigationSmoke.spec.ts","",""
"","7729","Verify navigation to Exceptions via nav menu","chromium","Tue Sep 15 10:15:48 UTC 2026","passed","Tue Sep 15 10:15:56 UTC 2026","Home Dashboard","specs\Smoke\3-HomeDashboardSmoke.spec.ts","",""
"","16914","Check Approval Rules sub-page loads correctly","chromium","Tue Sep 15 10:14:21 UTC 2026","passed","Tue Sep 15 10:14:38 UTC 2026","Application Navigation Smoke Tests","specs\Smoke\2-NavigationSmoke.spec.ts","",""
"","34695","Notification Templates sub-page loads correctly","webkit","Tue Sep 15 10:15:50 UTC 2026","passed","Tue Sep 15 10:16:25 UTC 2026","Application Navigation Smoke Tests","specs\Smoke\2-NavigationSmoke.spec.ts","",""
"","8613","Validate Login functionality with missingUsername","webkit","Tue Sep 15 10:12:26 UTC 2026","passed","Tue Sep 15 10:12:34 UTC 2026","","specs\Smoke\1-LoginSmoke.spec.ts","",""
"","6090","Verify profile menu shows My Info and Logout links","msedge","Tue Sep 15 10:14:34 UTC 2026","passed","Tue Sep 15 10:14:40 UTC 2026","Home Dashboard","specs\Smoke\3-HomeDashboardSmoke.spec.ts","",""
"","4508","Validate forgot password functionality","msedge","Tue Sep 15 10:12:32 UTC 2026","passed","Tue Sep 15 10:12:37 UTC 2026","","specs\Smoke\1-LoginSmoke.spec.ts","",""
"","11159","Verify dashboard tab checked state updates correctly","chromium","Tue Sep 15 10:13:29 UTC 2026","passed","Tue Sep 15 10:13:40 UTC 2026","Home Dashboard","specs\Smoke\3-HomeDashboardSmoke.spec.ts","",""
"","9789","Branding sub-page loads correctly","chromium","Tue Sep 15 10:12:53 UTC 2026","passed","Tue Sep 15 10:13:03 UTC 2026","Application Navigation Smoke Tests","specs\Smoke\2-NavigationSmoke.spec.ts","",""
"","11147","Users sub-page loads correctly","chromium","Tue Sep 15 10:12:32 UTC 2026","passed","Tue Sep 15 10:12:43 UTC 2026","Application Navigation Smoke Tests","specs\Smoke\2-NavigationSmoke.spec.ts","",""
"","18327","Last page arrow jumps to the final page","firefox","Tue Sep 15 10:43:47 UTC 2026","passed","Tue Sep 15 10:44:05 UTC 2026","ACH — Smoke","specs\Smoke\7-ACHSmoke.spec.ts","",""
"","9231","Branding sub-page loads correctly","msedge","Tue Sep 15 10:13:03 UTC 2026","passed","Tue Sep 15 10:13:13 UTC 2026","Application Navigation Smoke Tests","specs\Smoke\2-NavigationSmoke.spec.ts","",""
"","17870","File Formats sub-page loads correctly","chromium","Tue Sep 15 10:13:35 UTC 2026","passed","Tue Sep 15 10:13:53 UTC 2026","Application Navigation Smoke Tests","specs\Smoke\2-NavigationSmoke.spec.ts","",""
"","13396","Previous page button returns to page 1, First page button re-enables disabled state","chromium","Tue Sep 15 10:22:19 UTC 2026","passed","Tue Sep 15 10:22:32 UTC 2026","Exceptions — Smoke","specs\Smoke\8-ExceptionsSmoke.spec.ts","",""
"","7844","Validate teller presented-check form shows all required fields","msedge","Tue Sep 15 10:18:27 UTC 2026","passed","Tue Sep 15 10:18:35 UTC 2026","Teller - Smoke","specs\Smoke\6-TellerSmoke.spec.ts","",""
"","8877","Grid loads with data rows and key column headers","msedge","Tue Sep 15 10:15:23 UTC 2026","passed","Tue Sep 15 10:15:32 UTC 2026","Issued Checks — Smoke","specs\Smoke\4-IssuedChecksSmoke.spec.ts","",""
"","11980","Verify dashboard footer footnote and privacy link are visible","chromium","Tue Sep 15 10:14:40 UTC 2026","passed","Tue Sep 15 10:14:52 UTC 2026","Home Dashboard","specs\Smoke\3-HomeDashboardSmoke.spec.ts","",""
"","11727","Clicking a column header sorts ascending, clicking again sorts descending","chromium","Tue Sep 15 10:23:44 UTC 2026","passed","Tue Sep 15 10:23:55 UTC 2026","ACH — Smoke","specs\Smoke\7-ACHSmoke.spec.ts","",""
"","6814","Verify dashboard footer footnote and privacy link are visible","msedge","Tue Sep 15 10:14:27 UTC 2026","passed","Tue Sep 15 10:14:34 UTC 2026","Home Dashboard","specs\Smoke\3-HomeDashboardSmoke.spec.ts","",""
"","15640","Account Settings sub-page loads correctly","webkit","Tue Sep 15 10:13:00 UTC 2026","passed","Tue Sep 15 10:13:16 UTC 2026","Application Navigation Smoke Tests","specs\Smoke\2-NavigationSmoke.spec.ts","",""
"","15171","Check Approval Rules sub-page loads correctly","firefox","Tue Sep 15 10:32:49 UTC 2026","passed","Tue Sep 15 10:33:05 UTC 2026","Application Navigation Smoke Tests","specs\Smoke\2-NavigationSmoke.spec.ts","",""
"","9707","Verify navigation to ACH via nav menu","chromium","Tue Sep 15 10:15:38 UTC 2026","passed","Tue Sep 15 10:15:48 UTC 2026","Home Dashboard","specs\Smoke\3-HomeDashboardSmoke.spec.ts","",""
"","18195","""Delete"" on a row shows a confirm modal; Cancel dismisses it without deleting","firefox","Tue Sep 15 10:46:46 UTC 2026","passed","Tue Sep 15 10:47:04 UTC 2026","ACH — Smoke","specs\Smoke\7-ACHSmoke.spec.ts","",""
"","15399","Validate teller presented-check form shows all required fields","firefox","Tue Sep 15 10:41:24 UTC 2026","passed","Tue Sep 15 10:41:39 UTC 2026","Teller - Smoke","specs\Smoke\6-TellerSmoke.spec.ts","",""
"","19337","Verify delayed data note and force refresh link are visible on dashboard","firefox","Tue Sep 15 10:33:02 UTC 2026","passed","Tue Sep 15 10:33:21 UTC 2026","Home Dashboard","specs\Smoke\3-HomeDashboardSmoke.spec.ts","",""
"","15900","Users sub-page loads correctly","firefox","Tue Sep 15 10:30:16 UTC 2026","passed","Tue Sep 15 10:30:32 UTC 2026","Application Navigation Smoke Tests","specs\Smoke\2-NavigationSmoke.spec.ts","",""
"","13216","Verify all three dashboard view tabs are visible","firefox","Tue Sep 15 10:30:37 UTC 2026","passed","Tue Sep 15 10:30:50 UTC 2026","Home Dashboard","specs\Smoke\3-HomeDashboardSmoke.spec.ts","",""
"","18066","""Edit"" link on a row navigates to the check edit form","webkit","Tue Sep 15 10:24:48 UTC 2026","passed","Tue Sep 15 10:25:06 UTC 2026","Presented Checks — Smoke (Continued)","specs\Smoke\5-PresentedChecksSmoke.spec.ts","",""
"","14522","Verify delayed data note and force refresh link are visible on dashboard","webkit","Tue Sep 15 10:17:19 UTC 2026","passed","Tue Sep 15 10:17:34 UTC 2026","Home Dashboard","specs\Smoke\3-HomeDashboardSmoke.spec.ts","",""
"","12938","Previous page button returns to page 1, First page button re-enables disabled state","msedge","Tue Sep 15 10:16:51 UTC 2026","passed","Tue Sep 15 10:17:04 UTC 2026","Presented Checks — Smoke","specs\Smoke\5-PresentedChecksSmoke.spec.ts","",""
"","9576","""Delete"" on a row shows a confirm modal; Cancel dismisses it without deleting","msedge","Tue Sep 15 10:21:24 UTC 2026","passed","Tue Sep 15 10:21:34 UTC 2026","ACH — Smoke","specs\Smoke\7-ACHSmoke.spec.ts","",""
"","11584","Grid loads with data rows and key column headers","chromium","Tue Sep 15 10:16:17 UTC 2026","passed","Tue Sep 15 10:16:29 UTC 2026","Presented Checks — Smoke","specs\Smoke\5-PresentedChecksSmoke.spec.ts","",""
"","18156","Page size change to 10 updates pagination info in bottom-right pager","webkit","Tue Sep 15 10:27:53 UTC 2026","passed","Tue Sep 15 10:28:11 UTC 2026","ACH — Smoke","specs\Smoke\7-ACHSmoke.spec.ts","",""
"","11767","Exceptions page loads correctly","firefox","Tue Sep 15 10:29:14 UTC 2026","passed","Tue Sep 15 10:29:26 UTC 2026","Application Navigation Smoke Tests","specs\Smoke\2-NavigationSmoke.spec.ts","",""
"","20309","""Delete"" on a row shows a confirm modal; Cancel dismisses it without deleting","webkit","Tue Sep 15 10:25:19 UTC 2026","passed","Tue Sep 15 10:25:39 UTC 2026","Issued Checks — Smoke (Continued)","specs\Smoke\4-IssuedChecksSmoke.spec.ts","",""
"","11132","Excel export button is visible and enabled","chromium","Tue Sep 15 10:16:54 UTC 2026","passed","Tue Sep 15 10:17:05 UTC 2026","Issued Checks — Smoke","specs\Smoke\4-IssuedChecksSmoke.spec.ts","",""
"","12631","ACH Approval Rules sub-page loads correctly","chromium","Tue Sep 15 10:14:51 UTC 2026","passed","Tue Sep 15 10:15:04 UTC 2026","Application Navigation Smoke Tests","specs\Smoke\2-NavigationSmoke.spec.ts","",""
"","14228","Save a filter preset, verify it is auto-selected, then delete it","msedge","Tue Sep 15 10:20:21 UTC 2026","passed","Tue Sep 15 10:20:35 UTC 2026","Exceptions — Smoke (Continued)","specs\Smoke\8-ExceptionsSmoke.spec.ts","",""
"","11258","Page size change to 10 updates pagination info in bottom-right pager","chromium","Tue Sep 15 10:21:38 UTC 2026","passed","Tue Sep 15 10:21:49 UTC 2026","ACH — Smoke","specs\Smoke\7-ACHSmoke.spec.ts","",""
"","19640","Clicking a column header sorts ascending, clicking again sorts descending","firefox","Tue Sep 15 10:44:59 UTC 2026","passed","Tue Sep 15 10:45:19 UTC 2026","Exceptions — Smoke (Continued)","specs\Smoke\8-ExceptionsSmoke.spec.ts","",""
"","9251","Validate Login functionality with invalidEmailFormat","webkit","Tue Sep 15 10:11:55 UTC 2026","passed","Tue Sep 15 10:12:04 UTC 2026","","specs\Smoke\1-LoginSmoke.spec.ts","",""
"","18801","Typing a page number navigates to that page","webkit","Tue Sep 15 10:22:10 UTC 2026","passed","Tue Sep 15 10:22:29 UTC 2026","Presented Checks — Smoke","specs\Smoke\5-PresentedChecksSmoke.spec.ts","",""
"","14710","Column filter popup applies a filter and Clear restores the full row set","chromium","Tue Sep 15 10:19:40 UTC 2026","passed","Tue Sep 15 10:19:55 UTC 2026","Presented Checks — Smoke (Continued)","specs\Smoke\5-PresentedChecksSmoke.spec.ts","",""
"","16635","Decision Files sub-page loads correctly","webkit","Tue Sep 15 10:14:37 UTC 2026","passed","Tue Sep 15 10:14:54 UTC 2026","Application Navigation Smoke Tests","specs\Smoke\2-NavigationSmoke.spec.ts","",""
"","26718","Save a filter preset, verify it is auto-selected, then delete it","firefox","Tue Sep 15 10:39:05 UTC 2026","passed","Tue Sep 15 10:39:31 UTC 2026","Presented Checks — Smoke (Continued)","specs\Smoke\5-PresentedChecksSmoke.spec.ts","",""
"","13273","Search box filters grid and clears correctly","chromium","Tue Sep 15 10:21:12 UTC 2026","passed","Tue Sep 15 10:21:26 UTC 2026","ACH — Smoke","specs\Smoke\7-ACHSmoke.spec.ts","",""
"","10535","Validate Login functionality with emptyFields","webkit","Tue Sep 15 10:12:05 UTC 2026","passed","Tue Sep 15 10:12:15 UTC 2026","","specs\Smoke\1-LoginSmoke.spec.ts","",""
"","8440","Verify dashboard tab checked state updates correctly","msedge","Tue Sep 15 10:13:38 UTC 2026","passed","Tue Sep 15 10:13:46 UTC 2026","Home Dashboard","specs\Smoke\3-HomeDashboardSmoke.spec.ts","",""
"","17447","""View"" (Change Log) link on a row navigates to the entity log","firefox","Tue Sep 15 10:40:29 UTC 2026","passed","Tue Sep 15 10:40:46 UTC 2026","Presented Checks — Smoke (Continued)","specs\Smoke\5-PresentedChecksSmoke.spec.ts","",""
"","8443","Default filter auto-applies after logout and re-login","msedge","Tue Sep 15 10:17:12 UTC 2026","skipped","Tue Sep 15 10:17:21 UTC 2026","Presented Checks — Default Filter (Serial)","specs\Smoke\5-PresentedChecksSmoke.spec.ts","",""
"","11869","""Edit"" link on a row navigates to the check edit form","chromium","Tue Sep 15 10:19:37 UTC 2026","passed","Tue Sep 15 10:19:48 UTC 2026","Issued Checks — Smoke (Continued)","specs\Smoke\4-IssuedChecksSmoke.spec.ts","",""
"","24783","Holiday Schedules sub-page loads correctly","webkit","Tue Sep 15 10:14:54 UTC 2026","passed","Tue Sep 15 10:15:18 UTC 2026","Application Navigation Smoke Tests","specs\Smoke\2-NavigationSmoke.spec.ts","",""
"","18341","Search box filters grid and clears correctly","firefox","Tue Sep 15 10:42:33 UTC 2026","passed","Tue Sep 15 10:42:51 UTC 2026","ACH — Smoke","specs\Smoke\7-ACHSmoke.spec.ts","",""
"","12534","Issued Checks breadcrumb link is visible on the page","chromium","Tue Sep 15 10:20:12 UTC 2026","passed","Tue Sep 15 10:20:25 UTC 2026","Issued Checks — Smoke (Continued)","specs\Smoke\4-IssuedChecksSmoke.spec.ts","",""
"","19485","Last page arrow jumps to the final page","webkit","Tue Sep 15 10:21:45 UTC 2026","passed","Tue Sep 15 10:22:04 UTC 2026","Issued Checks — Smoke","specs\Smoke\4-IssuedChecksSmoke.spec.ts","",""
"","18073","Pay/Return decision badge navigates to exception history","firefox","Tue Sep 15 10:41:06 UTC 2026","passed","Tue Sep 15 10:41:24 UTC 2026","Presented Checks — Smoke (Continued)","specs\Smoke\5-PresentedChecksSmoke.spec.ts","",""
"","20759","Previous page button returns to page 1, First page button re-enables disabled state","firefox","Tue Sep 15 10:38:13 UTC 2026","passed","Tue Sep 15 10:38:34 UTC 2026","Issued Checks — Smoke","specs\Smoke\4-IssuedChecksSmoke.spec.ts","",""
"","19541","Next page arrow advances to page 2","webkit","Tue Sep 15 10:21:25 UTC 2026","passed","Tue Sep 15 10:21:45 UTC 2026","Issued Checks — Smoke","specs\Smoke\4-IssuedChecksSmoke.spec.ts","",""
"","12014","Grid loads with data rows and key column headers","chromium","Tue Sep 15 10:16:04 UTC 2026","passed","Tue Sep 15 10:16:16 UTC 2026","Issued Checks — Smoke","specs\Smoke\4-IssuedChecksSmoke.spec.ts","",""
"","8989","Pre-Decisions page loads with either records or the empty-state message","chromium","Tue Sep 15 10:25:33 UTC 2026","passed","Tue Sep 15 10:25:42 UTC 2026","Exceptions — Smoke (Continued)","specs\Smoke\8-ExceptionsSmoke.spec.ts","",""
"","12540","Verify all three dashboard view tabs are visible","webkit","Tue Sep 15 10:14:09 UTC 2026","passed","Tue Sep 15 10:14:22 UTC 2026","Home Dashboard","specs\Smoke\3-HomeDashboardSmoke.spec.ts","",""
"","15330","Approvals page loads with either records or the empty-state message","firefox","Tue Sep 15 10:47:33 UTC 2026","passed","Tue Sep 15 10:47:48 UTC 2026","Exceptions — Smoke (Continued)","specs\Smoke\8-ExceptionsSmoke.spec.ts","",""
"","32176","Pay/Return decision badge navigates to exception history","firefox","Tue Sep 15 10:47:04 UTC 2026","passed","Tue Sep 15 10:47:36 UTC 2026","ACH — Smoke","specs\Smoke\7-ACHSmoke.spec.ts","",""
"","4448","Validate Login functionality with invalidEmailFormat","msedge","Tue Sep 15 10:11:58 UTC 2026","passed","Tue Sep 15 10:12:03 UTC 2026","","specs\Smoke\1-LoginSmoke.spec.ts","",""
"","25804","Column filter popup applies a filter and Clear restores the full row set","webkit","Tue Sep 15 10:24:22 UTC 2026","passed","Tue Sep 15 10:24:48 UTC 2026","Presented Checks — Smoke (Continued)","specs\Smoke\5-PresentedChecksSmoke.spec.ts","",""
"","9792","Business Clients sub-page loads correctly","chromium","Tue Sep 15 10:12:22 UTC 2026","passed","Tue Sep 15 10:12:32 UTC 2026","Application Navigation Smoke Tests","specs\Smoke\2-NavigationSmoke.spec.ts","",""
"","17900","""+ Add ACH"" navigates to the add-ACH form","webkit","Tue Sep 15 10:26:37 UTC 2026","passed","Tue Sep 15 10:26:55 UTC 2026","ACH — Smoke","specs\Smoke\7-ACHSmoke.spec.ts","",""
"","21699","Clicking a column header sorts ascending, clicking again sorts descending","webkit","Tue Sep 15 10:30:04 UTC 2026","passed","Tue Sep 15 10:30:26 UTC 2026","Exceptions — Smoke (Continued)","specs\Smoke\8-ExceptionsSmoke.spec.ts","",""
"","19553","""Uploaded ACH"" navigates to the uploads page","webkit","Tue Sep 15 10:26:55 UTC 2026","passed","Tue Sep 15 10:27:15 UTC 2026","ACH — Smoke","specs\Smoke\7-ACHSmoke.spec.ts","",""
"","21133","Save a filter preset, verify it is auto-selected, then delete it","chromium","Tue Sep 15 10:23:18 UTC 2026","passed","Tue Sep 15 10:23:39 UTC 2026","Exceptions — Smoke (Continued)","specs\Smoke\8-ExceptionsSmoke.spec.ts","",""
"","15517","Open Exceptions page loads with either exception cards or the empty-state message","firefox","Tue Sep 15 10:47:00 UTC 2026","passed","Tue Sep 15 10:47:16 UTC 2026","Exceptions — Smoke (Continued)","specs\Smoke\8-ExceptionsSmoke.spec.ts","",""
"","4219","Validate forgot password with unregistered email","msedge","Tue Sep 15 10:12:42 UTC 2026","passed","Tue Sep 15 10:12:46 UTC 2026","","specs\Smoke\1-LoginSmoke.spec.ts","",""
"","13296","Verify ACH Only tab shows ACH-specific chart sections","webkit","Tue Sep 15 10:14:52 UTC 2026","passed","Tue Sep 15 10:15:05 UTC 2026","Home Dashboard","specs\Smoke\3-HomeDashboardSmoke.spec.ts","",""
"","13510","Automatic Check Decision Rules sub-page loads correctly","chromium","Tue Sep 15 10:14:07 UTC 2026","passed","Tue Sep 15 10:14:21 UTC 2026","Application Navigation Smoke Tests","specs\Smoke\2-NavigationSmoke.spec.ts","",""
"","13044","Previous page button returns to page 1, First page button re-enables disabled state","msedge","Tue Sep 15 10:19:50 UTC 2026","passed","Tue Sep 15 10:20:03 UTC 2026","Exceptions — Smoke","specs\Smoke\8-ExceptionsSmoke.spec.ts","",""
"","18297","Typing a page number navigates to that page","firefox","Tue Sep 15 10:44:05 UTC 2026","passed","Tue Sep 15 10:44:23 UTC 2026","ACH — Smoke","specs\Smoke\7-ACHSmoke.spec.ts","",""
"","11897","Navigation tabs to Pre-Decisions, Approvals, and Exception History are visible","chromium","Tue Sep 15 10:24:51 UTC 2026","passed","Tue Sep 15 10:25:03 UTC 2026","Exceptions — Smoke (Continued)","specs\Smoke\8-ExceptionsSmoke.spec.ts","",""
"","9316","""View"" (Change Log) link on a row navigates to the entity log","msedge","Tue Sep 15 10:18:00 UTC 2026","passed","Tue Sep 15 10:18:09 UTC 2026","Issued Checks — Smoke (Continued)","specs\Smoke\4-IssuedChecksSmoke.spec.ts","",""
"","20346","Automatic Check Decision Rules sub-page loads correctly","firefox","Tue Sep 15 10:32:29 UTC 2026","passed","Tue Sep 15 10:32:49 UTC 2026","Application Navigation Smoke Tests","specs\Smoke\2-NavigationSmoke.spec.ts","",""
"","14754","Verify Combined View shows all chart sections","webkit","Tue Sep 15 10:14:22 UTC 2026","passed","Tue Sep 15 10:14:36 UTC 2026","Home Dashboard","specs\Smoke\3-HomeDashboardSmoke.spec.ts","",""
"","7581","Validate unauthenticated access to protected route is redirected to login","firefox","Tue Sep 15 10:30:18 UTC 2026","passed","Tue Sep 15 10:30:26 UTC 2026","","specs\Smoke\1-LoginSmoke.spec.ts","",""
"","13557","Pay/Return decision badge navigates to exception history","msedge","Tue Sep 15 10:21:34 UTC 2026","passed","Tue Sep 15 10:21:47 UTC 2026","ACH — Smoke","specs\Smoke\7-ACHSmoke.spec.ts","",""
"","25178","Previous page button returns to page 1, First page button re-enables disabled state","webkit","Tue Sep 15 10:22:29 UTC 2026","passed","Tue Sep 15 10:22:54 UTC 2026","Presented Checks — Smoke","specs\Smoke\5-PresentedChecksSmoke.spec.ts","",""
"","9311","Exception History grid loads with data rows and key column headers","msedge","Tue Sep 15 10:18:43 UTC 2026","passed","Tue Sep 15 10:18:52 UTC 2026","Exceptions — Smoke","specs\Smoke\8-ExceptionsSmoke.spec.ts","",""
"","4699","Validate Login functionality with incorrectUsername","msedge","Tue Sep 15 10:11:54 UTC 2026","passed","Tue Sep 15 10:11:58 UTC 2026","","specs\Smoke\1-LoginSmoke.spec.ts","",""
"","8436","Check Approval Rules sub-page loads correctly","msedge","Tue Sep 15 10:14:08 UTC 2026","passed","Tue Sep 15 10:14:17 UTC 2026","Application Navigation Smoke Tests","specs\Smoke\2-NavigationSmoke.spec.ts","",""
"","12100","Next page arrow advances to page 2","chromium","Tue Sep 15 10:17:30 UTC 2026","passed","Tue Sep 15 10:17:42 UTC 2026","Presented Checks — Smoke","specs\Smoke\5-PresentedChecksSmoke.spec.ts","",""
"","13048","Verify dashboard loads after successful login","webkit","Tue Sep 15 10:13:56 UTC 2026","passed","Tue Sep 15 10:14:09 UTC 2026","Home Dashboard","specs\Smoke\3-HomeDashboardSmoke.spec.ts","",""
"","11776","Last page arrow jumps to the final page","chromium","Tue Sep 15 10:21:56 UTC 2026","passed","Tue Sep 15 10:22:07 UTC 2026","Exceptions — Smoke","specs\Smoke\8-ExceptionsSmoke.spec.ts","",""
"","5594","Validate Login functionality with sqlInjection","chromium","Tue Sep 15 10:11:51 UTC 2026","passed","Tue Sep 15 10:11:56 UTC 2026","","specs\Smoke\1-LoginSmoke.spec.ts","",""
"","11379","""Delete"" on a row shows a confirm modal; Cancel dismisses it without deleting","chromium","Tue Sep 15 10:20:01 UTC 2026","passed","Tue Sep 15 10:20:12 UTC 2026","Issued Checks — Smoke (Continued)","specs\Smoke\4-IssuedChecksSmoke.spec.ts","",""
"","13636","Branding sub-page loads correctly","firefox","Tue Sep 15 10:30:48 UTC 2026","passed","Tue Sep 15 10:31:02 UTC 2026","Application Navigation Smoke Tests","specs\Smoke\2-NavigationSmoke.spec.ts","",""
"","16481","Presented Checks breadcrumb link is visible on the page","firefox","Tue Sep 15 10:41:24 UTC 2026","passed","Tue Sep 15 10:41:40 UTC 2026","Presented Checks — Smoke (Continued)","specs\Smoke\5-PresentedChecksSmoke.spec.ts","",""
"","12998","""Delete"" on a row shows a confirm modal; Cancel dismisses it without deleting","webkit","Tue Sep 15 10:33:04 UTC 2026","passed","Tue Sep 15 10:33:17 UTC 2026","ACH — Smoke","specs\Smoke\7-ACHSmoke.spec.ts","",""
"","25714","Validate Login functionality with correctCredentials","firefox","Tue Sep 15 10:27:57 UTC 2026","passed","Tue Sep 15 10:28:23 UTC 2026","","specs\Smoke\1-LoginSmoke.spec.ts","",""
"","12140","""+ Add Check"" navigates to the add-check form","chromium","Tue Sep 15 10:16:16 UTC 2026","passed","Tue Sep 15 10:16:28 UTC 2026","Issued Checks — Smoke","specs\Smoke\4-IssuedChecksSmoke.spec.ts","",""
"","7195","Verify tab-specific charts are hidden for opposite tab","msedge","Tue Sep 15 10:14:01 UTC 2026","passed","Tue Sep 15 10:14:08 UTC 2026","Home Dashboard","specs\Smoke\3-HomeDashboardSmoke.spec.ts","",""
"","8498","Automatic ACH Decision Rules sub-page loads correctly","msedge","Tue Sep 15 10:14:17 UTC 2026","passed","Tue Sep 15 10:14:25 UTC 2026","Application Navigation Smoke Tests","specs\Smoke\2-NavigationSmoke.spec.ts","",""
"","19104","""Delete"" on a row shows a confirm modal; Cancel dismisses it without deleting","firefox","Tue Sep 15 10:40:46 UTC 2026","passed","Tue Sep 15 10:41:06 UTC 2026","Presented Checks — Smoke (Continued)","specs\Smoke\5-PresentedChecksSmoke.spec.ts","",""
"","10138","Validate forgot password with unregistered email","webkit","Tue Sep 15 10:13:21 UTC 2026","passed","Tue Sep 15 10:13:31 UTC 2026","","specs\Smoke\1-LoginSmoke.spec.ts","",""
"","16719","Pre-Decisions page loads with either records or the empty-state message","webkit","Tue Sep 15 10:32:52 UTC 2026","passed","Tue Sep 15 10:33:08 UTC 2026","Exceptions — Smoke (Continued)","specs\Smoke\8-ExceptionsSmoke.spec.ts","",""
"","11593","API link is visible and points to swagger","chromium","Tue Sep 15 10:15:54 UTC 2026","passed","Tue Sep 15 10:16:06 UTC 2026","Application Navigation Smoke Tests","specs\Smoke\2-NavigationSmoke.spec.ts","",""
"","13295","Web Hooks sub-page loads correctly","firefox","Tue Sep 15 10:35:14 UTC 2026","passed","Tue Sep 15 10:35:28 UTC 2026","Application Navigation Smoke Tests","specs\Smoke\2-NavigationSmoke.spec.ts","",""
"","22258","Business Clients sub-page loads correctly","firefox","Tue Sep 15 10:29:53 UTC 2026","passed","Tue Sep 15 10:30:16 UTC 2026","Application Navigation Smoke Tests","specs\Smoke\2-NavigationSmoke.spec.ts","",""
"","15127","Column filter popup applies a filter and Clear restores the full row set","chromium","Tue Sep 15 10:23:55 UTC 2026","passed","Tue Sep 15 10:24:11 UTC 2026","ACH — Smoke","specs\Smoke\7-ACHSmoke.spec.ts","",""
"","16508","System Log sub-page loads correctly","webkit","Tue Sep 15 10:18:20 UTC 2026","passed","Tue Sep 15 10:18:37 UTC 2026","Application Navigation Smoke Tests","specs\Smoke\2-NavigationSmoke.spec.ts","",""
"","10167","""Edit"" link on a row navigates to the check edit form","msedge","Tue Sep 15 10:17:49 UTC 2026","passed","Tue Sep 15 10:17:59 UTC 2026","Issued Checks — Smoke (Continued)","specs\Smoke\4-IssuedChecksSmoke.spec.ts","",""
"","16231","File Processing sub-page loads correctly","webkit","Tue Sep 15 10:18:37 UTC 2026","passed","Tue Sep 15 10:18:53 UTC 2026","Application Navigation Smoke Tests","specs\Smoke\2-NavigationSmoke.spec.ts","",""
"","7874","Presented Checks breadcrumb link is visible on the page","msedge","Tue Sep 15 10:18:35 UTC 2026","passed","Tue Sep 15 10:18:43 UTC 2026","Presented Checks — Smoke (Continued)","specs\Smoke\5-PresentedChecksSmoke.spec.ts","",""
"","5874","Verify navigation to Issued Checks via nav menu","msedge","Tue Sep 15 10:14:48 UTC 2026","passed","Tue Sep 15 10:14:54 UTC 2026","Home Dashboard","specs\Smoke\3-HomeDashboardSmoke.spec.ts","",""
"","20054","Verify tab-specific charts are hidden for opposite tab","firefox","Tue Sep 15 10:32:10 UTC 2026","passed","Tue Sep 15 10:32:30 UTC 2026","Home Dashboard","specs\Smoke\3-HomeDashboardSmoke.spec.ts","",""
"","7859","Validate unauthenticated access to protected route is redirected to login","webkit","Tue Sep 15 10:13:48 UTC 2026","passed","Tue Sep 15 10:13:56 UTC 2026","","specs\Smoke\1-LoginSmoke.spec.ts","",""
"","5513","Pre-Decisions page loads with either records or the empty-state message","msedge","Tue Sep 15 10:22:08 UTC 2026","passed","Tue Sep 15 10:22:13 UTC 2026","Exceptions — Smoke (Continued)","specs\Smoke\8-ExceptionsSmoke.spec.ts","",""
"","16997","Save a filter preset, verify it is auto-selected, then delete it","chromium","Tue Sep 15 10:18:52 UTC 2026","passed","Tue Sep 15 10:19:09 UTC 2026","Issued Checks — Smoke (Continued)","specs\Smoke\4-IssuedChecksSmoke.spec.ts","",""
"","17983","Verify chart title changes with selected tab","firefox","Tue Sep 15 10:31:52 UTC 2026","passed","Tue Sep 15 10:32:10 UTC 2026","Home Dashboard","specs\Smoke\3-HomeDashboardSmoke.spec.ts","",""
"","12574","Verify delayed data note and force refresh link are visible on dashboard","chromium","Tue Sep 15 10:14:27 UTC 2026","passed","Tue Sep 15 10:14:40 UTC 2026","Home Dashboard","specs\Smoke\3-HomeDashboardSmoke.spec.ts","",""
"","18220","Exception History grid loads with data rows and key column headers","webkit","Tue Sep 15 10:26:21 UTC 2026","passed","Tue Sep 15 10:26:39 UTC 2026","Exceptions — Smoke","specs\Smoke\8-ExceptionsSmoke.spec.ts","",""
"","13050","""Uploaded Checks"" navigates to the uploads page","chromium","Tue Sep 15 10:16:28 UTC 2026","passed","Tue Sep 15 10:16:41 UTC 2026","Issued Checks — Smoke","specs\Smoke\4-IssuedChecksSmoke.spec.ts","",""
"","9464","""Delete"" on a row shows a confirm modal; Cancel dismisses it without deleting","msedge","Tue Sep 15 10:18:17 UTC 2026","passed","Tue Sep 15 10:18:26 UTC 2026","Presented Checks — Smoke (Continued)","specs\Smoke\5-PresentedChecksSmoke.spec.ts","",""
"","14778","Default filter auto-applies after logout and re-login","webkit","Tue Sep 15 10:23:07 UTC 2026","skipped","Tue Sep 15 10:23:21 UTC 2026","Issued Checks — Default Filter (Serial)","specs\Smoke\4-IssuedChecksSmoke.spec.ts","",""
"","17338","Page size change to 10 updates pagination info in bottom-right pager","firefox","Tue Sep 15 10:43:12 UTC 2026","passed","Tue Sep 15 10:43:29 UTC 2026","ACH — Smoke","specs\Smoke\7-ACHSmoke.spec.ts","",""
"","19079","Excel export button is visible and enabled","webkit","Tue Sep 15 10:27:34 UTC 2026","passed","Tue Sep 15 10:27:53 UTC 2026","ACH — Smoke","specs\Smoke\7-ACHSmoke.spec.ts","",""
"","7412","API link is visible and points to swagger","msedge","Tue Sep 15 10:15:10 UTC 2026","passed","Tue Sep 15 10:15:18 UTC 2026","Application Navigation Smoke Tests","specs\Smoke\2-NavigationSmoke.spec.ts","",""
"","10317","Validate session persists after page refresh","msedge","Tue Sep 15 10:12:46 UTC 2026","passed","Tue Sep 15 10:12:56 UTC 2026","","specs\Smoke\1-LoginSmoke.spec.ts","",""
"","10367","Decision Files sub-page loads correctly","chromium","Tue Sep 15 10:13:14 UTC 2026","passed","Tue Sep 15 10:13:24 UTC 2026","Application Navigation Smoke Tests","specs\Smoke\2-NavigationSmoke.spec.ts","",""
"","19053","Page size change to 10 updates pagination info in bottom-right pager","webkit","Tue Sep 15 10:21:06 UTC 2026","passed","Tue Sep 15 10:21:25 UTC 2026","Issued Checks — Smoke","specs\Smoke\4-IssuedChecksSmoke.spec.ts","",""
"","17309","Next page arrow advances to page 2","firefox","Tue Sep 15 10:37:16 UTC 2026","passed","Tue Sep 15 10:37:34 UTC 2026","Presented Checks — Smoke","specs\Smoke\5-PresentedChecksSmoke.spec.ts","",""
"","6733","Validate Login functionality with invalidEmailFormat","firefox","Tue Sep 15 10:28:49 UTC 2026","passed","Tue Sep 15 10:28:56 UTC 2026","","specs\Smoke\1-LoginSmoke.spec.ts","",""
"","7697","Saved Filters dropdown is visible and defaults to no preset","msedge","Tue Sep 15 10:20:15 UTC 2026","passed","Tue Sep 15 10:20:23 UTC 2026","ACH — Smoke","specs\Smoke\7-ACHSmoke.spec.ts","",""
"","20735","Typing a page number navigates to that page","webkit","Tue Sep 15 10:28:12 UTC 2026","passed","Tue Sep 15 10:28:33 UTC 2026","Exceptions — Smoke","specs\Smoke\8-ExceptionsSmoke.spec.ts","",""
"","14537","Verify profile menu shows My Info and Logout links","firefox","Tue Sep 15 10:33:35 UTC 2026","passed","Tue Sep 15 10:33:50 UTC 2026","Home Dashboard","specs\Smoke\3-HomeDashboardSmoke.spec.ts","",""
"","20929","Clicking a column header sorts ascending, clicking again sorts descending","firefox","Tue Sep 15 10:45:42 UTC 2026","passed","Tue Sep 15 10:46:03 UTC 2026","ACH — Smoke","specs\Smoke\7-ACHSmoke.spec.ts","",""
"","21556","Grid loads with data rows and key column headers","webkit","Tue Sep 15 10:26:16 UTC 2026","passed","Tue Sep 15 10:26:37 UTC 2026","ACH — Smoke","specs\Smoke\7-ACHSmoke.spec.ts","",""
"","5133","Validate Login functionality with emptyFields","msedge","Tue Sep 15 10:12:03 UTC 2026","passed","Tue Sep 15 10:12:08 UTC 2026","","specs\Smoke\1-LoginSmoke.spec.ts","",""
"","22075","Previous page button returns to page 1, First page button re-enables disabled state","firefox","Tue Sep 15 10:43:46 UTC 2026","passed","Tue Sep 15 10:44:08 UTC 2026","Exceptions — Smoke","specs\Smoke\8-ExceptionsSmoke.spec.ts","",""
"","13531","Save a filter preset, verify it is auto-selected, then delete it","msedge","Tue Sep 15 10:17:13 UTC 2026","passed","Tue Sep 15 10:17:26 UTC 2026","Issued Checks — Smoke (Continued)","specs\Smoke\4-IssuedChecksSmoke.spec.ts","",""
"","23805","Verify Home dashboard is restored after returning from another page","firefox","Tue Sep 15 10:33:50 UTC 2026","passed","Tue Sep 15 10:34:14 UTC 2026","Home Dashboard","specs\Smoke\3-HomeDashboardSmoke.spec.ts","",""
"","8831","""View"" (Change Log) link on a row navigates to the entity log","msedge","Tue Sep 15 10:18:08 UTC 2026","passed","Tue Sep 15 10:18:17 UTC 2026","Presented Checks — Smoke (Continued)","specs\Smoke\5-PresentedChecksSmoke.spec.ts","",""
"","14949","Verify profile menu shows My Info and Logout links","webkit","Tue Sep 15 10:17:48 UTC 2026","passed","Tue Sep 15 10:18:03 UTC 2026","Home Dashboard","specs\Smoke\3-HomeDashboardSmoke.spec.ts","",""
"","19708","Navigation tabs to Pre-Decisions, Approvals, and Exception History are visible","webkit","Tue Sep 15 10:31:36 UTC 2026","passed","Tue Sep 15 10:31:56 UTC 2026","Exceptions — Smoke (Continued)","specs\Smoke\8-ExceptionsSmoke.spec.ts","",""
"","18340","Issued Checks breadcrumb link is visible on the page","webkit","Tue Sep 15 10:25:39 UTC 2026","passed","Tue Sep 15 10:25:58 UTC 2026","Issued Checks — Smoke (Continued)","specs\Smoke\4-IssuedChecksSmoke.spec.ts","",""
"","20109","Save a filter preset, verify it is auto-selected, then delete it","chromium","Tue Sep 15 10:23:24 UTC 2026","passed","Tue Sep 15 10:23:44 UTC 2026","ACH — Smoke","specs\Smoke\7-ACHSmoke.spec.ts","",""
"","11001","Web Hooks sub-page loads correctly","chromium","Tue Sep 15 10:16:06 UTC 2026","passed","Tue Sep 15 10:16:17 UTC 2026","Application Navigation Smoke Tests","specs\Smoke\2-NavigationSmoke.spec.ts","",""
"","5794","Validate forgot password functionality","chromium","Tue Sep 15 10:12:08 UTC 2026","passed","Tue Sep 15 10:12:14 UTC 2026","","specs\Smoke\1-LoginSmoke.spec.ts","",""
"","9701","Search box filters grid and clears correctly","msedge","Tue Sep 15 10:18:52 UTC 2026","passed","Tue Sep 15 10:19:02 UTC 2026","Exceptions — Smoke","specs\Smoke\8-ExceptionsSmoke.spec.ts","",""
"","6402","Validate Login functionality with incorrectPassword","chromium","Tue Sep 15 10:11:14 UTC 2026","passed","Tue Sep 15 10:11:21 UTC 2026","","specs\Smoke\1-LoginSmoke.spec.ts","",""
"","9681","Verify summary KPI values have expected number formats","chromium","Tue Sep 15 10:14:18 UTC 2026","passed","Tue Sep 15 10:14:27 UTC 2026","Home Dashboard","specs\Smoke\3-HomeDashboardSmoke.spec.ts","",""
"","18561","Page size change to 10 updates pagination info in bottom-right pager","webkit","Tue Sep 15 10:27:16 UTC 2026","passed","Tue Sep 15 10:27:34 UTC 2026","Exceptions — Smoke","specs\Smoke\8-ExceptionsSmoke.spec.ts","",""
"","9251","Presented Checks page loads correctly","msedge","Tue Sep 15 10:11:51 UTC 2026","passed","Tue Sep 15 10:12:00 UTC 2026","Application Navigation Smoke Tests","specs\Smoke\2-NavigationSmoke.spec.ts","",""
"","17678","Page size change to 10 updates pagination info in bottom-right pager","webkit","Tue Sep 15 10:21:14 UTC 2026","passed","Tue Sep 15 10:21:32 UTC 2026","Presented Checks — Smoke","specs\Smoke\5-PresentedChecksSmoke.spec.ts","",""
"","5365","Validate Login functionality with missingPassword","chromium","Tue Sep 15 10:11:39 UTC 2026","passed","Tue Sep 15 10:11:44 UTC 2026","","specs\Smoke\1-LoginSmoke.spec.ts","",""
"","19179","Search box filters grid and clears correctly","webkit","Tue Sep 15 10:27:15 UTC 2026","passed","Tue Sep 15 10:27:34 UTC 2026","ACH — Smoke","specs\Smoke\7-ACHSmoke.spec.ts","",""
"","15845","ACH page loads correctly","firefox","Tue Sep 15 10:28:58 UTC 2026","passed","Tue Sep 15 10:29:14 UTC 2026","Application Navigation Smoke Tests","specs\Smoke\2-NavigationSmoke.spec.ts","",""
"","4659","Validate Login functionality with incorrectPassword","msedge","Tue Sep 15 10:11:49 UTC 2026","passed","Tue Sep 15 10:11:53 UTC 2026","","specs\Smoke\1-LoginSmoke.spec.ts","",""
"","13752","Validate Login functionality with correctCredentials","webkit","Tue Sep 15 10:11:10 UTC 2026","passed","Tue Sep 15 10:11:23 UTC 2026","","specs\Smoke\1-LoginSmoke.spec.ts","",""
"","11279","Page size change to 10 updates pagination info in bottom-right pager","chromium","Tue Sep 15 10:17:05 UTC 2026","passed","Tue Sep 15 10:17:17 UTC 2026","Issued Checks — Smoke","specs\Smoke\4-IssuedChecksSmoke.spec.ts","",""
"","16386","Saved Filters dropdown is visible and defaults to no preset","firefox","Tue Sep 15 10:38:34 UTC 2026","passed","Tue Sep 15 10:38:50 UTC 2026","Issued Checks — Smoke","specs\Smoke\4-IssuedChecksSmoke.spec.ts","",""
"","14318","Issued Checks page loads correctly","firefox","Tue Sep 15 10:28:16 UTC 2026","passed","Tue Sep 15 10:28:30 UTC 2026","Application Navigation Smoke Tests","specs\Smoke\2-NavigationSmoke.spec.ts","",""
"","32204","Verify dashboard tab checked state updates correctly","webkit","Tue Sep 15 10:15:05 UTC 2026","passed","Tue Sep 15 10:15:37 UTC 2026","Home Dashboard","specs\Smoke\3-HomeDashboardSmoke.spec.ts","",""
"","8609","Validate forgot password functionality","firefox","Tue Sep 15 10:29:40 UTC 2026","passed","Tue Sep 15 10:29:49 UTC 2026","","specs\Smoke\1-LoginSmoke.spec.ts","",""
"","7432","Validate Login functionality with xssInUsername","webkit","Tue Sep 15 10:12:44 UTC 2026","passed","Tue Sep 15 10:12:51 UTC 2026","","specs\Smoke\1-LoginSmoke.spec.ts","",""
"","16408","Home page is accessible and shows dashboard","chromium","Tue Sep 15 10:10:52 UTC 2026","passed","Tue Sep 15 10:11:08 UTC 2026","Application Navigation Smoke Tests","specs\Smoke\2-NavigationSmoke.spec.ts","",""
"","15030","Column filter popup applies a filter and Clear restores the full row set","chromium","Tue Sep 15 10:19:22 UTC 2026","passed","Tue Sep 15 10:19:37 UTC 2026","Issued Checks — Smoke (Continued)","specs\Smoke\4-IssuedChecksSmoke.spec.ts","",""
"","13015","Search box filters grid and clears correctly","chromium","Tue Sep 15 10:16:41 UTC 2026","passed","Tue Sep 15 10:16:54 UTC 2026","Issued Checks — Smoke","specs\Smoke\4-IssuedChecksSmoke.spec.ts","",""
"","14268","Validate session persists after page refresh","firefox","Tue Sep 15 10:30:04 UTC 2026","passed","Tue Sep 15 10:30:18 UTC 2026","","specs\Smoke\1-LoginSmoke.spec.ts","",""
"","9159","Next page arrow advances to page 2","msedge","Tue Sep 15 10:16:16 UTC 2026","passed","Tue Sep 15 10:16:25 UTC 2026","Issued Checks — Smoke","specs\Smoke\4-IssuedChecksSmoke.spec.ts","",""
"","9447","Next page arrow advances to page 2","msedge","Tue Sep 15 10:19:21 UTC 2026","passed","Tue Sep 15 10:19:31 UTC 2026","Exceptions — Smoke","specs\Smoke\8-ExceptionsSmoke.spec.ts","",""
"","15589","Previous page button returns to page 1, First page button re-enables disabled state","chromium","Tue Sep 15 10:22:27 UTC 2026","passed","Tue Sep 15 10:22:43 UTC 2026","ACH — Smoke","specs\Smoke\7-ACHSmoke.spec.ts","",""
"","13991","Verify chart title changes with selected tab","chromium","Tue Sep 15 10:13:40 UTC 2026","passed","Tue Sep 15 10:13:54 UTC 2026","Home Dashboard","specs\Smoke\3-HomeDashboardSmoke.spec.ts","",""
"","26039","Column filter popup applies a filter and Clear restores the full row set","firefox","Tue Sep 15 10:39:50 UTC 2026","passed","Tue Sep 15 10:40:16 UTC 2026","Issued Checks — Smoke (Continued)","specs\Smoke\4-IssuedChecksSmoke.spec.ts","",""
"","12162","Clicking a column header sorts ascending, clicking again sorts descending","chromium","Tue Sep 15 10:19:09 UTC 2026","passed","Tue Sep 15 10:19:22 UTC 2026","Issued Checks — Smoke (Continued)","specs\Smoke\4-IssuedChecksSmoke.spec.ts","",""
"","16840","Grid loads with data rows and key column headers","firefox","Tue Sep 15 10:35:28 UTC 2026","passed","Tue Sep 15 10:35:45 UTC 2026","Presented Checks — Smoke","specs\Smoke\5-PresentedChecksSmoke.spec.ts","",""
"","13087","Previous page button returns to page 1, First page button re-enables disabled state","chromium","Tue Sep 15 10:17:54 UTC 2026","passed","Tue Sep 15 10:18:07 UTC 2026","Issued Checks — Smoke","specs\Smoke\4-IssuedChecksSmoke.spec.ts","",""
"","15661","Presented Checks page loads correctly","firefox","Tue Sep 15 10:28:30 UTC 2026","passed","Tue Sep 15 10:28:46 UTC 2026","Application Navigation Smoke Tests","specs\Smoke\2-NavigationSmoke.spec.ts","",""
"","16914","Saved Filters dropdown is visible and defaults to no preset","webkit","Tue Sep 15 10:22:50 UTC 2026","passed","Tue Sep 15 10:23:06 UTC 2026","Issued Checks — Smoke","specs\Smoke\4-IssuedChecksSmoke.spec.ts","",""
"","26752","Previous page button returns to page 1, First page button re-enables disabled state","webkit","Tue Sep 15 10:28:33 UTC 2026","passed","Tue Sep 15 10:28:59 UTC 2026","Exceptions — Smoke","specs\Smoke\8-ExceptionsSmoke.spec.ts","",""
"","8419","Holiday Schedules sub-page loads correctly","msedge","Tue Sep 15 10:13:31 UTC 2026","passed","Tue Sep 15 10:13:39 UTC 2026","Application Navigation Smoke Tests","specs\Smoke\2-NavigationSmoke.spec.ts","",""
"","16591","Exception History grid loads with data rows and key column headers","firefox","Tue Sep 15 10:41:41 UTC 2026","passed","Tue Sep 15 10:41:57 UTC 2026","Exceptions — Smoke","specs\Smoke\8-ExceptionsSmoke.spec.ts","",""
"","14515","Save a filter preset, verify it is auto-selected, then delete it","msedge","Tue Sep 15 10:20:35 UTC 2026","passed","Tue Sep 15 10:20:49 UTC 2026","ACH — Smoke","specs\Smoke\7-ACHSmoke.spec.ts","",""
"","14941","Verify summary KPI values have expected number formats","firefox","Tue Sep 15 10:32:47 UTC 2026","passed","Tue Sep 15 10:33:02 UTC 2026","Home Dashboard","specs\Smoke\3-HomeDashboardSmoke.spec.ts","",""
"","6333","Verify navigation to Settings via nav menu","msedge","Tue Sep 15 10:15:17 UTC 2026","passed","Tue Sep 15 10:15:23 UTC 2026","Home Dashboard","specs\Smoke\3-HomeDashboardSmoke.spec.ts","",""
"","26973","Previous page button returns to page 1, First page button re-enables disabled state","webkit","Tue Sep 15 10:29:12 UTC 2026","passed","Tue Sep 15 10:29:39 UTC 2026","ACH — Smoke","specs\Smoke\7-ACHSmoke.spec.ts","",""
"","16688","""View"" (Change Log) link on a row navigates to the entity log","firefox","Tue Sep 15 10:40:32 UTC 2026","passed","Tue Sep 15 10:40:49 UTC 2026","Issued Checks — Smoke (Continued)","specs\Smoke\4-IssuedChecksSmoke.spec.ts","",""
"","7817","Notification Log sub-page loads correctly","msedge","Tue Sep 15 10:14:36 UTC 2026","passed","Tue Sep 15 10:14:44 UTC 2026","Application Navigation Smoke Tests","specs\Smoke\2-NavigationSmoke.spec.ts","",""
"","14930","Notification Log sub-page loads correctly","webkit","Tue Sep 15 10:17:49 UTC 2026","passed","Tue Sep 15 10:18:04 UTC 2026","Application Navigation Smoke Tests","specs\Smoke\2-NavigationSmoke.spec.ts","",""
"","14569","Verify chart title changes with selected tab","msedge","Tue Sep 15 10:13:46 UTC 2026","passed","Tue Sep 15 10:14:01 UTC 2026","Home Dashboard","specs\Smoke\3-HomeDashboardSmoke.spec.ts","",""
"","22562","Save a filter preset, verify it is auto-selected, then delete it","firefox","Tue Sep 15 10:39:08 UTC 2026","passed","Tue Sep 15 10:39:31 UTC 2026","Issued Checks — Smoke (Continued)","specs\Smoke\4-IssuedChecksSmoke.spec.ts","",""
"","13130","Validate Login functionality with correctCredentials","msedge","Tue Sep 15 10:11:29 UTC 2026","passed","Tue Sep 15 10:11:42 UTC 2026","","specs\Smoke\1-LoginSmoke.spec.ts","",""
"","6450","Validate Login functionality with incorrectUsername","firefox","Tue Sep 15 10:28:43 UTC 2026","passed","Tue Sep 15 10:28:49 UTC 2026","","specs\Smoke\1-LoginSmoke.spec.ts","",""
"","13765","Search box filters grid and clears correctly","chromium","Tue Sep 15 10:21:06 UTC 2026","passed","Tue Sep 15 10:21:20 UTC 2026","Exceptions — Smoke","specs\Smoke\8-ExceptionsSmoke.spec.ts","",""
"","19378","""+ Add Check"" navigates to the add-check form","webkit","Tue Sep 15 10:19:58 UTC 2026","passed","Tue Sep 15 10:20:18 UTC 2026","Presented Checks — Smoke","specs\Smoke\5-PresentedChecksSmoke.spec.ts","",""
"","11391","Validate session persists after page refresh","chromium","Tue Sep 15 10:12:26 UTC 2026","passed","Tue Sep 15 10:12:37 UTC 2026","","specs\Smoke\1-LoginSmoke.spec.ts","",""
"","11210","Verify dashboard loads after successful login","firefox","Tue Sep 15 10:30:26 UTC 2026","passed","Tue Sep 15 10:30:37 UTC 2026","Home Dashboard","specs\Smoke\3-HomeDashboardSmoke.spec.ts","",""
"","4894","Validate Login functionality with veryLongInput","msedge","Tue Sep 15 10:12:27 UTC 2026","passed","Tue Sep 15 10:12:32 UTC 2026","","specs\Smoke\1-LoginSmoke.spec.ts","",""
"","6258","Validate Login functionality with missingPassword","firefox","Tue Sep 15 10:29:04 UTC 2026","passed","Tue Sep 15 10:29:11 UTC 2026","","specs\Smoke\1-LoginSmoke.spec.ts","",""
"","7959","File Processing sub-page loads correctly","msedge","Tue Sep 15 10:15:02 UTC 2026","passed","Tue Sep 15 10:15:10 UTC 2026","Application Navigation Smoke Tests","specs\Smoke\2-NavigationSmoke.spec.ts","",""
"","24328","Column filter popup applies a filter and Clear restores the full row set","webkit","Tue Sep 15 10:32:21 UTC 2026","passed","Tue Sep 15 10:32:46 UTC 2026","ACH — Smoke","specs\Smoke\7-ACHSmoke.spec.ts","",""
"","14335","Verify navigation to Settings via nav menu","webkit","Tue Sep 15 10:19:20 UTC 2026","passed","Tue Sep 15 10:19:34 UTC 2026","Home Dashboard","specs\Smoke\3-HomeDashboardSmoke.spec.ts","",""
"","33207","Save a filter preset, verify it is auto-selected, then delete it","webkit","Tue Sep 15 10:29:31 UTC 2026","passed","Tue Sep 15 10:30:04 UTC 2026","Exceptions — Smoke (Continued)","specs\Smoke\8-ExceptionsSmoke.spec.ts","",""
"","11196","Open Exceptions page loads with either exception cards or the empty-state message","msedge","Tue Sep 15 10:21:40 UTC 2026","passed","Tue Sep 15 10:21:51 UTC 2026","Exceptions — Smoke (Continued)","specs\Smoke\8-ExceptionsSmoke.spec.ts","",""
"","17094","Next page arrow advances to page 2","firefox","Tue Sep 15 10:43:30 UTC 2026","passed","Tue Sep 15 10:43:47 UTC 2026","ACH — Smoke","specs\Smoke\7-ACHSmoke.spec.ts","",""
"","15994","Verify dashboard tab checked state updates correctly","firefox","Tue Sep 15 10:31:36 UTC 2026","passed","Tue Sep 15 10:31:52 UTC 2026","Home Dashboard","specs\Smoke\3-HomeDashboardSmoke.spec.ts","",""
"","16031","API link is visible and points to swagger","firefox","Tue Sep 15 10:34:58 UTC 2026","passed","Tue Sep 15 10:35:14 UTC 2026","Application Navigation Smoke Tests","specs\Smoke\2-NavigationSmoke.spec.ts","",""
"","16812","Automatic ACH Decision Rules sub-page loads correctly","webkit","Tue Sep 15 10:17:16 UTC 2026","passed","Tue Sep 15 10:17:33 UTC 2026","Application Navigation Smoke Tests","specs\Smoke\2-NavigationSmoke.spec.ts","",""
"","13408","Home page is accessible and shows dashboard","msedge","Tue Sep 15 10:11:29 UTC 2026","passed","Tue Sep 15 10:11:42 UTC 2026","Application Navigation Smoke Tests","specs\Smoke\2-NavigationSmoke.spec.ts","",""
"","10737","Validate forgot password functionality with No email","webkit","Tue Sep 15 10:13:10 UTC 2026","passed","Tue Sep 15 10:13:21 UTC 2026","","specs\Smoke\1-LoginSmoke.spec.ts","",""
"","11287","Clicking a column header sorts ascending, clicking again sorts descending","msedge","Tue Sep 15 10:20:49 UTC 2026","passed","Tue Sep 15 10:21:01 UTC 2026","ACH — Smoke","specs\Smoke\7-ACHSmoke.spec.ts","",""
"","19103","Grid loads with data rows and key column headers","firefox","Tue Sep 15 10:35:25 UTC 2026","passed","Tue Sep 15 10:35:44 UTC 2026","Issued Checks — Smoke","specs\Smoke\4-IssuedChecksSmoke.spec.ts","",""
"","8675","Validate Login functionality with veryLongInput","firefox","Tue Sep 15 10:29:32 UTC 2026","passed","Tue Sep 15 10:29:40 UTC 2026","","specs\Smoke\1-LoginSmoke.spec.ts","",""
"","13290","Exceptions breadcrumb link is visible on the page","chromium","Tue Sep 15 10:24:38 UTC 2026","passed","Tue Sep 15 10:24:51 UTC 2026","Exceptions — Smoke (Continued)","specs\Smoke\8-ExceptionsSmoke.spec.ts","",""
"","5434","Validate forgot password with unregistered email","chromium","Tue Sep 15 10:12:20 UTC 2026","passed","Tue Sep 15 10:12:26 UTC 2026","","specs\Smoke\1-LoginSmoke.spec.ts","",""
"","18128","Typing a page number navigates to that page","firefox","Tue Sep 15 10:43:27 UTC 2026","passed","Tue Sep 15 10:43:46 UTC 2026","Exceptions — Smoke","specs\Smoke\8-ExceptionsSmoke.spec.ts","",""
"","12310","""+ Add Check"" navigates to the add-check form","chromium","Tue Sep 15 10:16:29 UTC 2026","passed","Tue Sep 15 10:16:41 UTC 2026","Presented Checks — Smoke","specs\Smoke\5-PresentedChecksSmoke.spec.ts","",""
"","10231","Teller page loads correctly","chromium","Tue Sep 15 10:11:30 UTC 2026","passed","Tue Sep 15 10:11:40 UTC 2026","Application Navigation Smoke Tests","specs\Smoke\2-NavigationSmoke.spec.ts","",""
"","18356","Exceptions breadcrumb link is visible on the page","firefox","Tue Sep 15 10:46:26 UTC 2026","passed","Tue Sep 15 10:46:45 UTC 2026","Exceptions — Smoke (Continued)","specs\Smoke\8-ExceptionsSmoke.spec.ts","",""
"","19549","Search box filters grid and clears correctly","webkit","Tue Sep 15 10:20:28 UTC 2026","passed","Tue Sep 15 10:20:48 UTC 2026","Issued Checks — Smoke","specs\Smoke\4-IssuedChecksSmoke.spec.ts","",""
"","15410","Verify navigation to Issued Checks via nav menu","webkit","Tue Sep 15 10:18:21 UTC 2026","passed","Tue Sep 15 10:18:36 UTC 2026","Home Dashboard","specs\Smoke\3-HomeDashboardSmoke.spec.ts","",""
"","14671","Column filter menu applies a filter and Clear restores the full row set","chromium","Tue Sep 15 10:23:52 UTC 2026","passed","Tue Sep 15 10:24:06 UTC 2026","Exceptions — Smoke (Continued)","specs\Smoke\8-ExceptionsSmoke.spec.ts","",""
"","19002","Last page arrow jumps to the final page","webkit","Tue Sep 15 10:21:51 UTC 2026","passed","Tue Sep 15 10:22:10 UTC 2026","Presented Checks — Smoke","specs\Smoke\5-PresentedChecksSmoke.spec.ts","",""
"","11075","Automatic Check Decision Rules sub-page loads correctly","msedge","Tue Sep 15 10:13:57 UTC 2026","passed","Tue Sep 15 10:14:08 UTC 2026","Application Navigation Smoke Tests","specs\Smoke\2-NavigationSmoke.spec.ts","",""
"","11800","Exception History grid loads with data rows and key column headers","chromium","Tue Sep 15 10:20:54 UTC 2026","passed","Tue Sep 15 10:21:06 UTC 2026","Exceptions — Smoke","specs\Smoke\8-ExceptionsSmoke.spec.ts","",""
"","9938","Next page arrow advances to page 2","msedge","Tue Sep 15 10:16:23 UTC 2026","passed","Tue Sep 15 10:16:32 UTC 2026","Presented Checks — Smoke","specs\Smoke\5-PresentedChecksSmoke.spec.ts","",""
"","13574","Verify navigation to Settings via nav menu","firefox","Tue Sep 15 10:35:11 UTC 2026","passed","Tue Sep 15 10:35:25 UTC 2026","Home Dashboard","specs\Smoke\3-HomeDashboardSmoke.spec.ts","",""
"","11445","Validate teller presented-check form shows all required fields","chromium","Tue Sep 15 10:20:25 UTC 2026","passed","Tue Sep 15 10:20:36 UTC 2026","Teller - Smoke","specs\Smoke\6-TellerSmoke.spec.ts","",""
"","9776","""View"" (Change Log) link on a row navigates to the entity log","msedge","Tue Sep 15 10:21:14 UTC 2026","passed","Tue Sep 15 10:21:24 UTC 2026","ACH — Smoke","specs\Smoke\7-ACHSmoke.spec.ts","",""
"","18353","Default Decision Log sub-page loads correctly","firefox","Tue Sep 15 10:34:08 UTC 2026","passed","Tue Sep 15 10:34:27 UTC 2026","Application Navigation Smoke Tests","specs\Smoke\2-NavigationSmoke.spec.ts","",""
"","9562","""Uploaded Checks"" navigates to the uploads page","msedge","Tue Sep 15 10:15:40 UTC 2026","passed","Tue Sep 15 10:15:50 UTC 2026","Issued Checks — Smoke","specs\Smoke\4-IssuedChecksSmoke.spec.ts","",""
"","12051","""Delete"" on a row shows a confirm modal; Cancel dismisses it without deleting","chromium","Tue Sep 15 10:20:18 UTC 2026","passed","Tue Sep 15 10:20:30 UTC 2026","Presented Checks — Smoke (Continued)","specs\Smoke\5-PresentedChecksSmoke.spec.ts","",""
"","13483","Column filter popup applies a filter and Clear restores the full row set","msedge","Tue Sep 15 10:21:01 UTC 2026","passed","Tue Sep 15 10:21:14 UTC 2026","ACH — Smoke","specs\Smoke\7-ACHSmoke.spec.ts","",""
"","21639","Typing a page number navigates to that page","webkit","Tue Sep 15 10:28:50 UTC 2026","passed","Tue Sep 15 10:29:12 UTC 2026","ACH — Smoke","specs\Smoke\7-ACHSmoke.spec.ts","",""
"","19869","Excel export button is visible and enabled","firefox","Tue Sep 15 10:42:16 UTC 2026","passed","Tue Sep 15 10:42:36 UTC 2026","Exceptions — Smoke","specs\Smoke\8-ExceptionsSmoke.spec.ts","",""
"","19601","Last page arrow jumps to the final page","webkit","Tue Sep 15 10:28:30 UTC 2026","passed","Tue Sep 15 10:28:50 UTC 2026","ACH — Smoke","specs\Smoke\7-ACHSmoke.spec.ts","",""
"","16836","Saved Filters dropdown is visible and defaults to no preset","firefox","Tue Sep 15 10:38:30 UTC 2026","passed","Tue Sep 15 10:38:47 UTC 2026","Presented Checks — Smoke","specs\Smoke\5-PresentedChecksSmoke.spec.ts","",""
"","19340","Verify navigation to Issued Checks via nav menu","firefox","Tue Sep 15 10:34:14 UTC 2026","passed","Tue Sep 15 10:34:33 UTC 2026","Home Dashboard","specs\Smoke\3-HomeDashboardSmoke.spec.ts","",""
"","17083","Decision Files sub-page loads correctly","firefox","Tue Sep 15 10:31:17 UTC 2026","passed","Tue Sep 15 10:31:34 UTC 2026","Application Navigation Smoke Tests","specs\Smoke\2-NavigationSmoke.spec.ts","",""
"","9818","Validate Login functionality with veryLongInput","webkit","Tue Sep 15 10:12:51 UTC 2026","passed","Tue Sep 15 10:13:01 UTC 2026","","specs\Smoke\1-LoginSmoke.spec.ts","",""
"","8146","Verify all three dashboard view tabs are visible","chromium","Tue Sep 15 10:12:53 UTC 2026","passed","Tue Sep 15 10:13:01 UTC 2026","Home Dashboard","specs\Smoke\3-HomeDashboardSmoke.spec.ts","",""
"","12085","Verify navigation to ACH via nav menu","firefox","Tue Sep 15 10:34:46 UTC 2026","passed","Tue Sep 15 10:34:58 UTC 2026","Home Dashboard","specs\Smoke\3-HomeDashboardSmoke.spec.ts","",""
"","23996","Save a filter preset, verify it is auto-selected, then delete it","firefox","Tue Sep 15 10:44:35 UTC 2026","passed","Tue Sep 15 10:44:59 UTC 2026","Exceptions — Smoke (Continued)","specs\Smoke\8-ExceptionsSmoke.spec.ts","",""
"","20718","Typing a page number navigates to that page","webkit","Tue Sep 15 10:22:04 UTC 2026","passed","Tue Sep 15 10:22:25 UTC 2026","Issued Checks — Smoke","specs\Smoke\4-IssuedChecksSmoke.spec.ts","",""
"","19115","Search box filters grid and clears correctly","firefox","Tue Sep 15 10:36:24 UTC 2026","passed","Tue Sep 15 10:36:43 UTC 2026","Presented Checks — Smoke","specs\Smoke\5-PresentedChecksSmoke.spec.ts","",""
"","14667","Previous page button returns to page 1, First page button re-enables disabled state","chromium","Tue Sep 15 10:18:07 UTC 2026","passed","Tue Sep 15 10:18:22 UTC 2026","Presented Checks — Smoke","specs\Smoke\5-PresentedChecksSmoke.spec.ts","",""
"","15825","File Processing sub-page loads correctly","firefox","Tue Sep 15 10:34:42 UTC 2026","passed","Tue Sep 15 10:34:58 UTC 2026","Application Navigation Smoke Tests","specs\Smoke\2-NavigationSmoke.spec.ts","",""
"","12920","Verify Home dashboard is restored after returning from another page","chromium","Tue Sep 15 10:15:05 UTC 2026","passed","Tue Sep 15 10:15:18 UTC 2026","Home Dashboard","specs\Smoke\3-HomeDashboardSmoke.spec.ts","",""
"","17337","""+ Add ACH"" navigates to the add-ACH form","firefox","Tue Sep 15 10:41:58 UTC 2026","passed","Tue Sep 15 10:42:15 UTC 2026","ACH — Smoke","specs\Smoke\7-ACHSmoke.spec.ts","",""
"","18794","""Edit"" link on a row navigates to the check edit form","webkit","Tue Sep 15 10:24:41 UTC 2026","passed","Tue Sep 15 10:25:00 UTC 2026","Issued Checks — Smoke (Continued)","specs\Smoke\4-IssuedChecksSmoke.spec.ts","",""
"","6020","Validate Login functionality with veryLongInput","chromium","Tue Sep 15 10:12:02 UTC 2026","passed","Tue Sep 15 10:12:08 UTC 2026","","specs\Smoke\1-LoginSmoke.spec.ts","",""
"","12055","Excel export button is visible and enabled","chromium","Tue Sep 15 10:21:26 UTC 2026","passed","Tue Sep 15 10:21:38 UTC 2026","ACH — Smoke","specs\Smoke\7-ACHSmoke.spec.ts","",""
"","11329","Typing a page number navigates to that page","chromium","Tue Sep 15 10:22:07 UTC 2026","passed","Tue Sep 15 10:22:19 UTC 2026","Exceptions — Smoke","specs\Smoke\8-ExceptionsSmoke.spec.ts","",""
"","6291","Verify summary KPI values have expected number formats","msedge","Tue Sep 15 10:14:14 UTC 2026","passed","Tue Sep 15 10:14:21 UTC 2026","Home Dashboard","specs\Smoke\3-HomeDashboardSmoke.spec.ts","",""
"","9097","Typing a page number navigates to that page","msedge","Tue Sep 15 10:16:35 UTC 2026","passed","Tue Sep 15 10:16:44 UTC 2026","Issued Checks — Smoke","specs\Smoke\4-IssuedChecksSmoke.spec.ts","",""
"","8393","Exceptions breadcrumb link is visible on the page","msedge","Tue Sep 15 10:21:22 UTC 2026","passed","Tue Sep 15 10:21:30 UTC 2026","Exceptions — Smoke (Continued)","specs\Smoke\8-ExceptionsSmoke.spec.ts","",""
"","9774","ACH page loads correctly","chromium","Tue Sep 15 10:11:40 UTC 2026","passed","Tue Sep 15 10:11:50 UTC 2026","Application Navigation Smoke Tests","specs\Smoke\2-NavigationSmoke.spec.ts","",""
"","18354","Pay/Return decision badge navigates to exception history","webkit","Tue Sep 15 10:25:46 UTC 2026","passed","Tue Sep 15 10:26:04 UTC 2026","Presented Checks — Smoke (Continued)","specs\Smoke\5-PresentedChecksSmoke.spec.ts","",""
"","14952","Billing Reports sub-page loads correctly","firefox","Tue Sep 15 10:31:02 UTC 2026","passed","Tue Sep 15 10:31:17 UTC 2026","Application Navigation Smoke Tests","specs\Smoke\2-NavigationSmoke.spec.ts","",""
"","16263","Exceptions page loads correctly","webkit","Tue Sep 15 10:12:29 UTC 2026","passed","Tue Sep 15 10:12:46 UTC 2026","Application Navigation Smoke Tests","specs\Smoke\2-NavigationSmoke.spec.ts","",""
"","6046","Validate Login functionality with xssInUsername","chromium","Tue Sep 15 10:11:56 UTC 2026","passed","Tue Sep 15 10:12:02 UTC 2026","","specs\Smoke\1-LoginSmoke.spec.ts","",""
"","11388","Search box filters grid and clears correctly","msedge","Tue Sep 15 10:15:54 UTC 2026","passed","Tue Sep 15 10:16:06 UTC 2026","Presented Checks — Smoke","specs\Smoke\5-PresentedChecksSmoke.spec.ts","",""
"","9096","Issued Checks breadcrumb link is visible on the page","msedge","Tue Sep 15 10:18:18 UTC 2026","passed","Tue Sep 15 10:18:27 UTC 2026","Issued Checks — Smoke (Continued)","specs\Smoke\4-IssuedChecksSmoke.spec.ts","",""
"","12556","Teller page loads correctly","firefox","Tue Sep 15 10:28:46 UTC 2026","passed","Tue Sep 15 10:28:58 UTC 2026","Application Navigation Smoke Tests","specs\Smoke\2-NavigationSmoke.spec.ts","",""
"","9157","Validate forgot password functionality","webkit","Tue Sep 15 10:13:01 UTC 2026","passed","Tue Sep 15 10:13:10 UTC 2026","","specs\Smoke\1-LoginSmoke.spec.ts","",""
"","9051","Page size change to 10 updates pagination info in bottom-right pager","msedge","Tue Sep 15 10:16:13 UTC 2026","passed","Tue Sep 15 10:16:23 UTC 2026","Presented Checks — Smoke","specs\Smoke\5-PresentedChecksSmoke.spec.ts","",""
"","8827","Pay/Return decision badge navigates to exception history","msedge","Tue Sep 15 10:18:26 UTC 2026","passed","Tue Sep 15 10:18:35 UTC 2026","Presented Checks — Smoke (Continued)","specs\Smoke\5-PresentedChecksSmoke.spec.ts","",""
"","10271","Grid View toggle navigates to the open-exceptions grid and shows key column headers","msedge","Tue Sep 15 10:21:51 UTC 2026","passed","Tue Sep 15 10:22:02 UTC 2026","Exceptions — Smoke (Continued)","specs\Smoke\8-ExceptionsSmoke.spec.ts","",""
"","11572","Excel export button is visible and enabled","chromium","Tue Sep 15 10:21:20 UTC 2026","passed","Tue Sep 15 10:21:31 UTC 2026","Exceptions — Smoke","specs\Smoke\8-ExceptionsSmoke.spec.ts","",""
"","9081","Verify ACH Only tab shows ACH-specific chart sections","chromium","Tue Sep 15 10:13:19 UTC 2026","passed","Tue Sep 15 10:13:29 UTC 2026","Home Dashboard","specs\Smoke\3-HomeDashboardSmoke.spec.ts","",""
"","11162","Previous page button returns to page 1, First page button re-enables disabled state","msedge","Tue Sep 15 10:20:04 UTC 2026","passed","Tue Sep 15 10:20:15 UTC 2026","ACH — Smoke","specs\Smoke\7-ACHSmoke.spec.ts","",""
"","9016","ACH breadcrumb link is visible on the page","webkit","Tue Sep 15 10:33:35 UTC 2026","passed","Tue Sep 15 10:33:44 UTC 2026","ACH — Smoke","specs\Smoke\7-ACHSmoke.spec.ts","",""
"","15949","""View"" link on a row opens the Exception Details dialog","chromium","Tue Sep 15 10:24:06 UTC 2026","passed","Tue Sep 15 10:24:22 UTC 2026","Exceptions — Smoke (Continued)","specs\Smoke\8-ExceptionsSmoke.spec.ts","",""
"","13195","Automatic ACH Decision Rules sub-page loads correctly","chromium","Tue Sep 15 10:14:38 UTC 2026","passed","Tue Sep 15 10:14:51 UTC 2026","Application Navigation Smoke Tests","specs\Smoke\2-NavigationSmoke.spec.ts","",""
"","31397","Save a filter preset, verify it is auto-selected, then delete it","webkit","Tue Sep 15 10:31:29 UTC 2026","passed","Tue Sep 15 10:32:01 UTC 2026","ACH — Smoke","specs\Smoke\7-ACHSmoke.spec.ts","",""
"","8268","Verify dashboard loads after successful login","chromium","Tue Sep 15 10:12:45 UTC 2026","passed","Tue Sep 15 10:12:53 UTC 2026","Home Dashboard","specs\Smoke\3-HomeDashboardSmoke.spec.ts","",""
"","15556","Web Hooks sub-page loads correctly","webkit","Tue Sep 15 10:19:09 UTC 2026","passed","Tue Sep 15 10:19:25 UTC 2026","Application Navigation Smoke Tests","specs\Smoke\2-NavigationSmoke.spec.ts","",""
"","10726","Validate Login functionality with missingPassword","webkit","Tue Sep 15 10:12:15 UTC 2026","passed","Tue Sep 15 10:12:26 UTC 2026","","specs\Smoke\1-LoginSmoke.spec.ts","",""
"","7601","ACH breadcrumb link is visible on the page","msedge","Tue Sep 15 10:21:47 UTC 2026","passed","Tue Sep 15 10:21:55 UTC 2026","ACH — Smoke","specs\Smoke\7-ACHSmoke.spec.ts","",""
"","17866","Last page arrow jumps to the final page","firefox","Tue Sep 15 10:43:10 UTC 2026","passed","Tue Sep 15 10:43:27 UTC 2026","Exceptions — Smoke","specs\Smoke\8-ExceptionsSmoke.spec.ts","",""
"","14634","Business Clients sub-page loads correctly","webkit","Tue Sep 15 10:13:16 UTC 2026","passed","Tue Sep 15 10:13:31 UTC 2026","Application Navigation Smoke Tests","specs\Smoke\2-NavigationSmoke.spec.ts","",""
"","7614","Validate unauthenticated access to protected route is redirected to login","chromium","Tue Sep 15 10:12:37 UTC 2026","passed","Tue Sep 15 10:12:45 UTC 2026","","specs\Smoke\1-LoginSmoke.spec.ts","",""
"","8033","Validate forgot password with unregistered email","firefox","Tue Sep 15 10:29:56 UTC 2026","passed","Tue Sep 15 10:30:04 UTC 2026","","specs\Smoke\1-LoginSmoke.spec.ts","",""
"","6501","Validate Login functionality with caseSensitiveEmail","msedge","Tue Sep 15 10:11:42 UTC 2026","passed","Tue Sep 15 10:11:49 UTC 2026","","specs\Smoke\1-LoginSmoke.spec.ts","",""
"","8191","Verify navigation to Exceptions via nav menu","msedge","Tue Sep 15 10:15:08 UTC 2026","passed","Tue Sep 15 10:15:17 UTC 2026","Home Dashboard","specs\Smoke\3-HomeDashboardSmoke.spec.ts","",""
"","14136","Verify ACH Only tab shows ACH-specific chart sections","firefox","Tue Sep 15 10:31:22 UTC 2026","passed","Tue Sep 15 10:31:36 UTC 2026","Home Dashboard","specs\Smoke\3-HomeDashboardSmoke.spec.ts","",""
"","15530","Verify Check Only tab shows Check-specific chart sections","webkit","Tue Sep 15 10:14:36 UTC 2026","passed","Tue Sep 15 10:14:52 UTC 2026","Home Dashboard","specs\Smoke\3-HomeDashboardSmoke.spec.ts","",""
"","15159","Issued Checks breadcrumb link is visible on the page","firefox","Tue Sep 15 10:41:09 UTC 2026","passed","Tue Sep 15 10:41:24 UTC 2026","Issued Checks — Smoke (Continued)","specs\Smoke\4-IssuedChecksSmoke.spec.ts","",""
"","14030","Settings page loads correctly","firefox","Tue Sep 15 10:29:26 UTC 2026","passed","Tue Sep 15 10:29:40 UTC 2026","Application Navigation Smoke Tests","specs\Smoke\2-NavigationSmoke.spec.ts","",""
"","8723","System Log sub-page loads correctly","msedge","Tue Sep 15 10:14:53 UTC 2026","passed","Tue Sep 15 10:15:02 UTC 2026","Application Navigation Smoke Tests","specs\Smoke\2-NavigationSmoke.spec.ts","",""
"","19926","Verify Total Exceptions and Total Exception Amount labels are visible","webkit","Tue Sep 15 10:16:46 UTC 2026","passed","Tue Sep 15 10:17:06 UTC 2026","Home Dashboard","specs\Smoke\3-HomeDashboardSmoke.spec.ts","",""
"","21934","Grid View toggle navigates to the open-exceptions grid and shows key column headers","webkit","Tue Sep 15 10:32:14 UTC 2026","passed","Tue Sep 15 10:32:36 UTC 2026","Exceptions — Smoke (Continued)","specs\Smoke\8-ExceptionsSmoke.spec.ts","",""
"","12415","System Log sub-page loads correctly","chromium","Tue Sep 15 10:15:31 UTC 2026","passed","Tue Sep 15 10:15:44 UTC 2026","Application Navigation Smoke Tests","specs\Smoke\2-NavigationSmoke.spec.ts","",""
"","24200","Save a filter preset, verify it is auto-selected, then delete it","firefox","Tue Sep 15 10:45:18 UTC 2026","passed","Tue Sep 15 10:45:42 UTC 2026","ACH — Smoke","specs\Smoke\7-ACHSmoke.spec.ts","",""
"","7269","Excel export button is visible and enabled","msedge","Tue Sep 15 10:16:01 UTC 2026","passed","Tue Sep 15 10:16:08 UTC 2026","Issued Checks — Smoke","specs\Smoke\4-IssuedChecksSmoke.spec.ts","",""
"","12062","""View"" (Change Log) link on a row navigates to the entity log","chromium","Tue Sep 15 10:24:11 UTC 2026","passed","Tue Sep 15 10:24:23 UTC 2026","ACH — Smoke","specs\Smoke\7-ACHSmoke.spec.ts","",""
"","15371","ACH breadcrumb link is visible on the page","firefox","Tue Sep 15 10:47:36 UTC 2026","passed","Tue Sep 15 10:47:52 UTC 2026","ACH — Smoke","specs\Smoke\7-ACHSmoke.spec.ts","",""
"","15367","Navigation tabs to Pre-Decisions, Approvals, and Exception History are visible","firefox","Tue Sep 15 10:46:45 UTC 2026","passed","Tue Sep 15 10:47:00 UTC 2026","Exceptions — Smoke (Continued)","specs\Smoke\8-ExceptionsSmoke.spec.ts","",""
"","11447","Issued Checks page loads correctly","chromium","Tue Sep 15 10:11:09 UTC 2026","passed","Tue Sep 15 10:11:20 UTC 2026","Application Navigation Smoke Tests","specs\Smoke\2-NavigationSmoke.spec.ts","",""
"","13788","Default filter auto-applies after logout and re-login","webkit","Tue Sep 15 10:29:17 UTC 2026","skipped","Tue Sep 15 10:29:31 UTC 2026","Exceptions — Default Filter (Serial)","specs\Smoke\8-ExceptionsSmoke.spec.ts","",""
"","8221","Users sub-page loads correctly","msedge","Tue Sep 15 10:12:47 UTC 2026","passed","Tue Sep 15 10:12:55 UTC 2026","Application Navigation Smoke Tests","specs\Smoke\2-NavigationSmoke.spec.ts","",""
"","16756","Roles/Permissions sub-page loads correctly","firefox","Tue Sep 15 10:30:32 UTC 2026","passed","Tue Sep 15 10:30:48 UTC 2026","Application Navigation Smoke Tests","specs\Smoke\2-NavigationSmoke.spec.ts","",""
"","16374","Page size change to 10 updates pagination info in bottom-right pager","firefox","Tue Sep 15 10:37:05 UTC 2026","passed","Tue Sep 15 10:37:21 UTC 2026","Issued Checks — Smoke","specs\Smoke\4-IssuedChecksSmoke.spec.ts","",""
"","10456","Account Settings sub-page loads correctly","chromium","Tue Sep 15 10:12:11 UTC 2026","passed","Tue Sep 15 10:12:22 UTC 2026","Application Navigation Smoke Tests","specs\Smoke\2-NavigationSmoke.spec.ts","",""
"","8753","Last page arrow jumps to the final page","msedge","Tue Sep 15 10:19:43 UTC 2026","passed","Tue Sep 15 10:19:52 UTC 2026","ACH — Smoke","specs\Smoke\7-ACHSmoke.spec.ts","",""
"","7224","ACH page loads correctly","msedge","Tue Sep 15 10:12:08 UTC 2026","passed","Tue Sep 15 10:12:15 UTC 2026","Application Navigation Smoke Tests","specs\Smoke\2-NavigationSmoke.spec.ts","",""
"","5359","Validate unauthenticated access to protected route is redirected to login","msedge","Tue Sep 15 10:12:57 UTC 2026","passed","Tue Sep 15 10:13:02 UTC 2026","","specs\Smoke\1-LoginSmoke.spec.ts","",""
"","11731","Page size change to 10 updates pagination info in bottom-right pager","chromium","Tue Sep 15 10:21:31 UTC 2026","passed","Tue Sep 15 10:21:43 UTC 2026","Exceptions — Smoke","specs\Smoke\8-ExceptionsSmoke.spec.ts","",""
"","14731","Roles/Permissions sub-page loads correctly","webkit","Tue Sep 15 10:13:48 UTC 2026","passed","Tue Sep 15 10:14:03 UTC 2026","Application Navigation Smoke Tests","specs\Smoke\2-NavigationSmoke.spec.ts","",""
"","24635","Previous page button returns to page 1, First page button re-enables disabled state","webkit","Tue Sep 15 10:22:25 UTC 2026","passed","Tue Sep 15 10:22:50 UTC 2026","Issued Checks — Smoke","specs\Smoke\4-IssuedChecksSmoke.spec.ts","",""
"","18117","Last page arrow jumps to the final page","firefox","Tue Sep 15 10:37:38 UTC 2026","passed","Tue Sep 15 10:37:56 UTC 2026","Issued Checks — Smoke","specs\Smoke\4-IssuedChecksSmoke.spec.ts","",""
"","9683","Presented Checks page loads correctly","chromium","Tue Sep 15 10:11:20 UTC 2026","passed","Tue Sep 15 10:11:30 UTC 2026","Application Navigation Smoke Tests","specs\Smoke\2-NavigationSmoke.spec.ts","",""
"","19080","Next page arrow advances to page 2","webkit","Tue Sep 15 10:21:32 UTC 2026","passed","Tue Sep 15 10:21:51 UTC 2026","Presented Checks — Smoke","specs\Smoke\5-PresentedChecksSmoke.spec.ts","",""
"","17722","""View"" (Change Log) link on a row navigates to the entity log","firefox","Tue Sep 15 10:46:28 UTC 2026","passed","Tue Sep 15 10:46:46 UTC 2026","ACH — Smoke","specs\Smoke\7-ACHSmoke.spec.ts","",""
"","10761","Verify Total Exceptions and Total Exception Amount labels are visible","chromium","Tue Sep 15 10:14:07 UTC 2026","passed","Tue Sep 15 10:14:18 UTC 2026","Home Dashboard","specs\Smoke\3-HomeDashboardSmoke.spec.ts","",""
"","15621","Page size change to 10 updates pagination info in bottom-right pager","firefox","Tue Sep 15 10:37:01 UTC 2026","passed","Tue Sep 15 10:37:16 UTC 2026","Presented Checks — Smoke","specs\Smoke\5-PresentedChecksSmoke.spec.ts","",""
"","11966","Verify Combined View shows all chart sections","firefox","Tue Sep 15 10:30:50 UTC 2026","passed","Tue Sep 15 10:31:02 UTC 2026","Home Dashboard","specs\Smoke\3-HomeDashboardSmoke.spec.ts","",""
"","16266","""Edit"" link on a row navigates to the check edit form","firefox","Tue Sep 15 10:40:16 UTC 2026","passed","Tue Sep 15 10:40:32 UTC 2026","Issued Checks — Smoke (Continued)","specs\Smoke\4-IssuedChecksSmoke.spec.ts","",""
"","21084","Previous page button returns to page 1, First page button re-enables disabled state","firefox","Tue Sep 15 10:38:09 UTC 2026","passed","Tue Sep 15 10:38:30 UTC 2026","Presented Checks — Smoke","specs\Smoke\5-PresentedChecksSmoke.spec.ts","",""
"","12305","""View"" link on a row opens the Exception Details dialog","msedge","Tue Sep 15 10:20:58 UTC 2026","passed","Tue Sep 15 10:21:10 UTC 2026","Exceptions — Smoke (Continued)","specs\Smoke\8-ExceptionsSmoke.spec.ts","",""
"","10043","File Formats sub-page loads correctly","msedge","Tue Sep 15 10:13:39 UTC 2026","passed","Tue Sep 15 10:13:49 UTC 2026","Application Navigation Smoke Tests","specs\Smoke\2-NavigationSmoke.spec.ts","",""
"","23235","""View"" link on a row opens the Exception Details dialog","firefox","Tue Sep 15 10:45:42 UTC 2026","passed","Tue Sep 15 10:46:05 UTC 2026","Exceptions — Smoke (Continued)","specs\Smoke\8-ExceptionsSmoke.spec.ts","",""
"","12825","Clicking a column header sorts ascending, clicking again sorts descending","chromium","Tue Sep 15 10:23:39 UTC 2026","passed","Tue Sep 15 10:23:52 UTC 2026","Exceptions — Smoke (Continued)","specs\Smoke\8-ExceptionsSmoke.spec.ts","",""
"","14125","Notification Templates sub-page loads correctly","chromium","Tue Sep 15 10:13:53 UTC 2026","passed","Tue Sep 15 10:14:07 UTC 2026","Application Navigation Smoke Tests","specs\Smoke\2-NavigationSmoke.spec.ts","",""
"","9235","Saved Filters dropdown is visible and defaults to no preset","msedge","Tue Sep 15 10:16:55 UTC 2026","passed","Tue Sep 15 10:17:04 UTC 2026","Issued Checks — Smoke","specs\Smoke\4-IssuedChecksSmoke.spec.ts","",""
"","7564","Verify Combined View shows all chart sections","msedge","Tue Sep 15 10:13:14 UTC 2026","passed","Tue Sep 15 10:13:22 UTC 2026","Home Dashboard","specs\Smoke\3-HomeDashboardSmoke.spec.ts","",""
"","10400","Clicking a column header sorts ascending, clicking again sorts descending","msedge","Tue Sep 15 10:17:36 UTC 2026","passed","Tue Sep 15 10:17:47 UTC 2026","Presented Checks — Smoke (Continued)","specs\Smoke\5-PresentedChecksSmoke.spec.ts","",""
"","18202","Typing a page number navigates to that page","firefox","Tue Sep 15 10:37:51 UTC 2026","passed","Tue Sep 15 10:38:09 UTC 2026","Presented Checks — Smoke","specs\Smoke\5-PresentedChecksSmoke.spec.ts","",""
"","17951","Branding sub-page loads correctly","webkit","Tue Sep 15 10:14:03 UTC 2026","passed","Tue Sep 15 10:14:21 UTC 2026","Application Navigation Smoke Tests","specs\Smoke\2-NavigationSmoke.spec.ts","",""
"","9270","Verify Combined View shows all chart sections","chromium","Tue Sep 15 10:13:01 UTC 2026","passed","Tue Sep 15 10:13:11 UTC 2026","Home Dashboard","specs\Smoke\3-HomeDashboardSmoke.spec.ts","",""
"","17291","Users sub-page loads correctly","webkit","Tue Sep 15 10:13:31 UTC 2026","passed","Tue Sep 15 10:13:48 UTC 2026","Application Navigation Smoke Tests","specs\Smoke\2-NavigationSmoke.spec.ts","",""
"","12264","Saved Filters dropdown is visible and defaults to no preset","chromium","Tue Sep 15 10:18:22 UTC 2026","passed","Tue Sep 15 10:18:34 UTC 2026","Presented Checks — Smoke","specs\Smoke\5-PresentedChecksSmoke.spec.ts","",""
"","10126","Grid loads with data rows and key column headers","msedge","Tue Sep 15 10:18:35 UTC 2026","passed","Tue Sep 15 10:18:45 UTC 2026","ACH — Smoke","specs\Smoke\7-ACHSmoke.spec.ts","",""
"","19388","Verify Check Only tab shows Check-specific chart sections","firefox","Tue Sep 15 10:31:02 UTC 2026","passed","Tue Sep 15 10:31:22 UTC 2026","Home Dashboard","specs\Smoke\3-HomeDashboardSmoke.spec.ts","",""
"","15005","""Delete"" on a row shows a confirm modal; Cancel dismisses it without deleting","chromium","Tue Sep 15 10:24:23 UTC 2026","passed","Tue Sep 15 10:24:38 UTC 2026","ACH — Smoke","specs\Smoke\7-ACHSmoke.spec.ts","",""
"","30709","Verify chart title changes with selected tab","webkit","Tue Sep 15 10:15:38 UTC 2026","passed","Tue Sep 15 10:16:08 UTC 2026","Home Dashboard","specs\Smoke\3-HomeDashboardSmoke.spec.ts","",""
"","11945","Default filter auto-applies after logout and re-login","msedge","Tue Sep 15 10:20:23 UTC 2026","skipped","Tue Sep 15 10:20:35 UTC 2026","ACH — Smoke","specs\Smoke\7-ACHSmoke.spec.ts","",""
"","14470","Typing a page number navigates to that page","chromium","Tue Sep 15 10:22:13 UTC 2026","passed","Tue Sep 15 10:22:27 UTC 2026","ACH — Smoke","specs\Smoke\7-ACHSmoke.spec.ts","",""
"","15842","ACH page loads correctly","webkit","Tue Sep 15 10:12:14 UTC 2026","passed","Tue Sep 15 10:12:29 UTC 2026","Application Navigation Smoke Tests","specs\Smoke\2-NavigationSmoke.spec.ts","",""
"","12917","Next page arrow advances to page 2","chromium","Tue Sep 15 10:17:17 UTC 2026","passed","Tue Sep 15 10:17:30 UTC 2026","Issued Checks — Smoke","specs\Smoke\4-IssuedChecksSmoke.spec.ts","",""
"","5990","Verify dashboard loads after successful login","msedge","Tue Sep 15 10:13:02 UTC 2026","passed","Tue Sep 15 10:13:08 UTC 2026","Home Dashboard","specs\Smoke\3-HomeDashboardSmoke.spec.ts","",""
"","16029","Issued Checks page loads correctly","webkit","Tue Sep 15 10:11:27 UTC 2026","passed","Tue Sep 15 10:11:43 UTC 2026","Application Navigation Smoke Tests","specs\Smoke\2-NavigationSmoke.spec.ts","",""
"","8378","Verify Check Only tab shows Check-specific chart sections","msedge","Tue Sep 15 10:13:22 UTC 2026","passed","Tue Sep 15 10:13:30 UTC 2026","Home Dashboard","specs\Smoke\3-HomeDashboardSmoke.spec.ts","",""
"","17965","""+ Add Check"" navigates to the add-check form","firefox","Tue Sep 15 10:35:45 UTC 2026","passed","Tue Sep 15 10:36:03 UTC 2026","Presented Checks — Smoke","specs\Smoke\5-PresentedChecksSmoke.spec.ts","",""
"","18764","""View"" (Change Log) link on a row navigates to the entity log","webkit","Tue Sep 15 10:25:00 UTC 2026","passed","Tue Sep 15 10:25:19 UTC 2026","Issued Checks — Smoke (Continued)","specs\Smoke\4-IssuedChecksSmoke.spec.ts","",""
"","10950","Holiday Schedules sub-page loads correctly","chromium","Tue Sep 15 10:13:24 UTC 2026","passed","Tue Sep 15 10:13:35 UTC 2026","Application Navigation Smoke Tests","specs\Smoke\2-NavigationSmoke.spec.ts","",""
"","8300","Issued Checks page loads correctly","msedge","Tue Sep 15 10:11:43 UTC 2026","passed","Tue Sep 15 10:11:51 UTC 2026","Application Navigation Smoke Tests","specs\Smoke\2-NavigationSmoke.spec.ts","",""
"","4432","Validate Login functionality with missingUsername","msedge","Tue Sep 15 10:12:13 UTC 2026","passed","Tue Sep 15 10:12:18 UTC 2026","","specs\Smoke\1-LoginSmoke.spec.ts","",""
"","22759","Column filter menu applies a filter and Clear restores the full row set","firefox","Tue Sep 15 10:45:19 UTC 2026","passed","Tue Sep 15 10:45:42 UTC 2026","Exceptions — Smoke (Continued)","specs\Smoke\8-ExceptionsSmoke.spec.ts","",""
"","10525","Roles/Permissions sub-page loads correctly","chromium","Tue Sep 15 10:12:43 UTC 2026","passed","Tue Sep 15 10:12:53 UTC 2026","Application Navigation Smoke Tests","specs\Smoke\2-NavigationSmoke.spec.ts","",""
"","23640","Automatic ACH Decision Rules sub-page loads correctly","firefox","Tue Sep 15 10:33:05 UTC 2026","passed","Tue Sep 15 10:33:28 UTC 2026","Application Navigation Smoke Tests","specs\Smoke\2-NavigationSmoke.spec.ts","",""
"","9904","Grid loads with data rows and key column headers","msedge","Tue Sep 15 10:15:26 UTC 2026","passed","Tue Sep 15 10:15:35 UTC 2026","Presented Checks — Smoke","specs\Smoke\5-PresentedChecksSmoke.spec.ts","",""
"","8660","Typing a page number navigates to that page","msedge","Tue Sep 15 10:16:42 UTC 2026","passed","Tue Sep 15 10:16:51 UTC 2026","Presented Checks — Smoke","specs\Smoke\5-PresentedChecksSmoke.spec.ts","",""
"","9405","Default Decision Log sub-page loads correctly","msedge","Tue Sep 15 10:14:44 UTC 2026","passed","Tue Sep 15 10:14:53 UTC 2026","Application Navigation Smoke Tests","specs\Smoke\2-NavigationSmoke.spec.ts","",""
"","18649","""View"" (Change Log) link on a row navigates to the entity log","webkit","Tue Sep 15 10:25:06 UTC 2026","passed","Tue Sep 15 10:25:25 UTC 2026","Presented Checks — Smoke (Continued)","specs\Smoke\5-PresentedChecksSmoke.spec.ts","",""
"","16057","Billing Reports sub-page loads correctly","webkit","Tue Sep 15 10:14:21 UTC 2026","passed","Tue Sep 15 10:14:37 UTC 2026","Application Navigation Smoke Tests","specs\Smoke\2-NavigationSmoke.spec.ts","",""
"","8482","Approvals page loads with either records or the empty-state message","chromium","Tue Sep 15 10:25:25 UTC 2026","passed","Tue Sep 15 10:25:33 UTC 2026","Exceptions — Smoke (Continued)","specs\Smoke\8-ExceptionsSmoke.spec.ts","",""
"","17503","Default filter auto-applies after logout and re-login","firefox","Tue Sep 15 10:45:00 UTC 2026","skipped","Tue Sep 15 10:45:18 UTC 2026","ACH — Smoke","specs\Smoke\7-ACHSmoke.spec.ts","",""
"","19591","Saved Filters dropdown is visible and defaults to no preset","webkit","Tue Sep 15 10:29:39 UTC 2026","passed","Tue Sep 15 10:29:58 UTC 2026","ACH — Smoke","specs\Smoke\7-ACHSmoke.spec.ts","",""
"","12092","""Edit"" link on a row navigates to the check edit form","chromium","Tue Sep 15 10:19:55 UTC 2026","passed","Tue Sep 15 10:20:07 UTC 2026","Presented Checks — Smoke (Continued)","specs\Smoke\5-PresentedChecksSmoke.spec.ts","",""
"","11357","Column filter popup applies a filter and Clear restores the full row set","msedge","Tue Sep 15 10:17:38 UTC 2026","passed","Tue Sep 15 10:17:49 UTC 2026","Issued Checks — Smoke (Continued)","specs\Smoke\4-IssuedChecksSmoke.spec.ts","",""
"","12042","Next page arrow advances to page 2","chromium","Tue Sep 15 10:21:49 UTC 2026","passed","Tue Sep 15 10:22:01 UTC 2026","ACH — Smoke","specs\Smoke\7-ACHSmoke.spec.ts","",""
"","12676","Exceptions breadcrumb link is visible on the page","webkit","Tue Sep 15 10:31:24 UTC 2026","passed","Tue Sep 15 10:31:36 UTC 2026","Exceptions — Smoke (Continued)","specs\Smoke\8-ExceptionsSmoke.spec.ts","",""
"","17343","Excel export button is visible and enabled","webkit","Tue Sep 15 10:26:58 UTC 2026","passed","Tue Sep 15 10:27:16 UTC 2026","Exceptions — Smoke","specs\Smoke\8-ExceptionsSmoke.spec.ts","",""
"","12457","Next page arrow advances to page 2","chromium","Tue Sep 15 10:21:43 UTC 2026","passed","Tue Sep 15 10:21:56 UTC 2026","Exceptions — Smoke","specs\Smoke\8-ExceptionsSmoke.spec.ts","",""
"","10433","Open Exceptions page loads with either exception cards or the empty-state message","chromium","Tue Sep 15 10:25:03 UTC 2026","passed","Tue Sep 15 10:25:13 UTC 2026","Exceptions — Smoke (Continued)","specs\Smoke\8-ExceptionsSmoke.spec.ts","",""
"","5257","Validate Login functionality with missingPassword","msedge","Tue Sep 15 10:12:08 UTC 2026","passed","Tue Sep 15 10:12:13 UTC 2026","","specs\Smoke\1-LoginSmoke.spec.ts","",""
"","10696","Billing Reports sub-page loads correctly","chromium","Tue Sep 15 10:13:03 UTC 2026","passed","Tue Sep 15 10:13:14 UTC 2026","Application Navigation Smoke Tests","specs\Smoke\2-NavigationSmoke.spec.ts","",""
"","9390","""Delete"" on a row shows a confirm modal; Cancel dismisses it without deleting","msedge","Tue Sep 15 10:18:09 UTC 2026","passed","Tue Sep 15 10:18:18 UTC 2026","Issued Checks — Smoke (Continued)","specs\Smoke\4-IssuedChecksSmoke.spec.ts","",""
"","8720","Decision Files sub-page loads correctly","msedge","Tue Sep 15 10:13:22 UTC 2026","passed","Tue Sep 15 10:13:31 UTC 2026","Application Navigation Smoke Tests","specs\Smoke\2-NavigationSmoke.spec.ts","",""
"","15865","ACH Approval Rules sub-page loads correctly","webkit","Tue Sep 15 10:17:33 UTC 2026","passed","Tue Sep 15 10:17:49 UTC 2026","Application Navigation Smoke Tests","specs\Smoke\2-NavigationSmoke.spec.ts","",""
"","17715","Open Exceptions page loads with either exception cards or the empty-state message","webkit","Tue Sep 15 10:31:56 UTC 2026","passed","Tue Sep 15 10:32:14 UTC 2026","Exceptions — Smoke (Continued)","specs\Smoke\8-ExceptionsSmoke.spec.ts","",""
"","32156","Save a filter preset, verify it is auto-selected, then delete it","webkit","Tue Sep 15 10:23:21 UTC 2026","passed","Tue Sep 15 10:23:53 UTC 2026","Issued Checks — Smoke (Continued)","specs\Smoke\4-IssuedChecksSmoke.spec.ts","",""
"","25183","Excel export button is visible and enabled","firefox","Tue Sep 15 10:36:40 UTC 2026","passed","Tue Sep 15 10:37:05 UTC 2026","Issued Checks — Smoke","specs\Smoke\4-IssuedChecksSmoke.spec.ts","",""
"","16878","Last page arrow jumps to the final page","firefox","Tue Sep 15 10:37:34 UTC 2026","passed","Tue Sep 15 10:37:50 UTC 2026","Presented Checks — Smoke","specs\Smoke\5-PresentedChecksSmoke.spec.ts","",""
"","9937","Navigation tabs to Pre-Decisions, Approvals, and Exception History are visible","msedge","Tue Sep 15 10:21:30 UTC 2026","passed","Tue Sep 15 10:21:40 UTC 2026","Exceptions — Smoke (Continued)","specs\Smoke\8-ExceptionsSmoke.spec.ts","",""
"","16701","""View"" link on a row opens the Exception Details dialog","webkit","Tue Sep 15 10:30:46 UTC 2026","passed","Tue Sep 15 10:31:03 UTC 2026","Exceptions — Smoke (Continued)","specs\Smoke\8-ExceptionsSmoke.spec.ts","",""
"","10465","Settings page loads correctly","chromium","Tue Sep 15 10:12:01 UTC 2026","passed","Tue Sep 15 10:12:11 UTC 2026","Application Navigation Smoke Tests","specs\Smoke\2-NavigationSmoke.spec.ts","",""
"","7451","Teller page loads correctly","msedge","Tue Sep 15 10:12:00 UTC 2026","passed","Tue Sep 15 10:12:08 UTC 2026","Application Navigation Smoke Tests","specs\Smoke\2-NavigationSmoke.spec.ts","",""
"","16360","Verify Total Exceptions and Total Exception Amount labels are visible","firefox","Tue Sep 15 10:32:30 UTC 2026","passed","Tue Sep 15 10:32:47 UTC 2026","Home Dashboard","specs\Smoke\3-HomeDashboardSmoke.spec.ts","",""
"","18884","Search box filters grid and clears correctly","firefox","Tue Sep 15 10:41:57 UTC 2026","passed","Tue Sep 15 10:42:16 UTC 2026","Exceptions — Smoke","specs\Smoke\8-ExceptionsSmoke.spec.ts","",""
"","21227","""Uploaded Checks"" navigates to the uploads page","firefox","Tue Sep 15 10:36:03 UTC 2026","passed","Tue Sep 15 10:36:24 UTC 2026","Presented Checks — Smoke","specs\Smoke\5-PresentedChecksSmoke.spec.ts","",""
"","6304","Verify Total Exceptions and Total Exception Amount labels are visible","msedge","Tue Sep 15 10:14:08 UTC 2026","passed","Tue Sep 15 10:14:14 UTC 2026","Home Dashboard","specs\Smoke\3-HomeDashboardSmoke.spec.ts","",""
"","4845","Validate Login functionality with sqlInjection","msedge","Tue Sep 15 10:12:18 UTC 2026","passed","Tue Sep 15 10:12:22 UTC 2026","","specs\Smoke\1-LoginSmoke.spec.ts","",""
"","17149","Next page arrow advances to page 2","firefox","Tue Sep 15 10:37:21 UTC 2026","passed","Tue Sep 15 10:37:38 UTC 2026","Issued Checks — Smoke","specs\Smoke\4-IssuedChecksSmoke.spec.ts","",""
"","9431","Last page arrow jumps to the final page","msedge","Tue Sep 15 10:16:33 UTC 2026","passed","Tue Sep 15 10:16:42 UTC 2026","Presented Checks — Smoke","specs\Smoke\5-PresentedChecksSmoke.spec.ts","",""
"","16391","Default Decision Log sub-page loads correctly","webkit","Tue Sep 15 10:18:04 UTC 2026","passed","Tue Sep 15 10:18:20 UTC 2026","Application Navigation Smoke Tests","specs\Smoke\2-NavigationSmoke.spec.ts","",""
"","18277","Grid loads with data rows and key column headers","firefox","Tue Sep 15 10:41:39 UTC 2026","passed","Tue Sep 15 10:41:58 UTC 2026","ACH — Smoke","specs\Smoke\7-ACHSmoke.spec.ts","",""
"","18618","Last page arrow jumps to the final page","webkit","Tue Sep 15 10:27:53 UTC 2026","passed","Tue Sep 15 10:28:12 UTC 2026","Exceptions — Smoke","specs\Smoke\8-ExceptionsSmoke.spec.ts","",""
"","5717","Validate Login functionality with missingUsername","firefox","Tue Sep 15 10:29:11 UTC 2026","passed","Tue Sep 15 10:29:16 UTC 2026","","specs\Smoke\1-LoginSmoke.spec.ts","",""
"","9508","Validate Login functionality with incorrectUsername","webkit","Tue Sep 15 10:11:46 UTC 2026","passed","Tue Sep 15 10:11:55 UTC 2026","","specs\Smoke\1-LoginSmoke.spec.ts","",""
"","8734","Validate Login functionality with caseSensitiveEmail","chromium","Tue Sep 15 10:11:06 UTC 2026","passed","Tue Sep 15 10:11:14 UTC 2026","","specs\Smoke\1-LoginSmoke.spec.ts","",""
"","17604","Next page arrow advances to page 2","firefox","Tue Sep 15 10:42:52 UTC 2026","passed","Tue Sep 15 10:43:10 UTC 2026","Exceptions — Smoke","specs\Smoke\8-ExceptionsSmoke.spec.ts","",""
"","20593","Column filter menu applies a filter and Clear restores the full row set","webkit","Tue Sep 15 10:30:26 UTC 2026","passed","Tue Sep 15 10:30:46 UTC 2026","Exceptions — Smoke (Continued)","specs\Smoke\8-ExceptionsSmoke.spec.ts","",""
"","20908","Excel export button is visible and enabled","firefox","Tue Sep 15 10:42:51 UTC 2026","passed","Tue Sep 15 10:43:12 UTC 2026","ACH — Smoke","specs\Smoke\7-ACHSmoke.spec.ts","",""
"","17434","Saved Filters dropdown is visible and defaults to no preset","webkit","Tue Sep 15 10:29:00 UTC 2026","passed","Tue Sep 15 10:29:17 UTC 2026","Exceptions — Smoke","specs\Smoke\8-ExceptionsSmoke.spec.ts","",""
"","16793","Excel export button is visible and enabled","webkit","Tue Sep 15 10:20:57 UTC 2026","passed","Tue Sep 15 10:21:14 UTC 2026","Presented Checks — Smoke","specs\Smoke\5-PresentedChecksSmoke.spec.ts","",""
"","18240","Search box filters grid and clears correctly","firefox","Tue Sep 15 10:36:21 UTC 2026","passed","Tue Sep 15 10:36:39 UTC 2026","Issued Checks — Smoke","specs\Smoke\4-IssuedChecksSmoke.spec.ts","",""
"","12312","""Uploaded ACH"" navigates to the uploads page","chromium","Tue Sep 15 10:21:00 UTC 2026","passed","Tue Sep 15 10:21:12 UTC 2026","ACH — Smoke","specs\Smoke\7-ACHSmoke.spec.ts","",""
"","7330","Default filter auto-applies after logout and re-login","msedge","Tue Sep 15 10:20:14 UTC 2026","skipped","Tue Sep 15 10:20:21 UTC 2026","Exceptions — Default Filter (Serial)","specs\Smoke\8-ExceptionsSmoke.spec.ts","",""
"","14214","Notification Log sub-page loads correctly","chromium","Tue Sep 15 10:15:04 UTC 2026","passed","Tue Sep 15 10:15:18 UTC 2026","Application Navigation Smoke Tests","specs\Smoke\2-NavigationSmoke.spec.ts","",""
"","11546","""+ Add ACH"" navigates to the add-ACH form","chromium","Tue Sep 15 10:20:48 UTC 2026","passed","Tue Sep 15 10:21:00 UTC 2026","ACH — Smoke","specs\Smoke\7-ACHSmoke.spec.ts","",""
"","11512","Saved Filters dropdown is visible and defaults to no preset","chromium","Tue Sep 15 10:22:32 UTC 2026","passed","Tue Sep 15 10:22:44 UTC 2026","Exceptions — Smoke","specs\Smoke\8-ExceptionsSmoke.spec.ts","",""
"","11953","Pay/Return decision badge navigates to exception history","chromium","Tue Sep 15 10:20:31 UTC 2026","passed","Tue Sep 15 10:20:42 UTC 2026","Presented Checks — Smoke (Continued)","specs\Smoke\5-PresentedChecksSmoke.spec.ts","",""
"","7024","Validate forgot password functionality with No email","firefox","Tue Sep 15 10:29:49 UTC 2026","passed","Tue Sep 15 10:29:56 UTC 2026","","specs\Smoke\1-LoginSmoke.spec.ts","",""
"","17048","Grid View toggle navigates to the open-exceptions grid and shows key column headers","firefox","Tue Sep 15 10:47:16 UTC 2026","passed","Tue Sep 15 10:47:33 UTC 2026","Exceptions — Smoke (Continued)","specs\Smoke\8-ExceptionsSmoke.spec.ts","",""
"","9884","Last page arrow jumps to the final page","msedge","Tue Sep 15 10:19:31 UTC 2026","passed","Tue Sep 15 10:19:41 UTC 2026","Exceptions — Smoke","specs\Smoke\8-ExceptionsSmoke.spec.ts","",""
"","12239","Grid loads with data rows and key column headers","chromium","Tue Sep 15 10:20:36 UTC 2026","passed","Tue Sep 15 10:20:48 UTC 2026","ACH — Smoke","specs\Smoke\7-ACHSmoke.spec.ts","",""
"","17641","Holiday Schedules sub-page loads correctly","firefox","Tue Sep 15 10:31:34 UTC 2026","passed","Tue Sep 15 10:31:52 UTC 2026","Application Navigation Smoke Tests","specs\Smoke\2-NavigationSmoke.spec.ts","",""
"","8285","Verify navigation to Settings via nav menu","chromium","Tue Sep 15 10:15:56 UTC 2026","passed","Tue Sep 15 10:16:04 UTC 2026","Home Dashboard","specs\Smoke\3-HomeDashboardSmoke.spec.ts","",""
"","8821","""Uploaded Checks"" navigates to the uploads page","msedge","Tue Sep 15 10:15:46 UTC 2026","passed","Tue Sep 15 10:15:54 UTC 2026","Presented Checks — Smoke","specs\Smoke\5-PresentedChecksSmoke.spec.ts","",""
"","10184","Saved Filters dropdown is visible and defaults to no preset","msedge","Tue Sep 15 10:20:03 UTC 2026","passed","Tue Sep 15 10:20:14 UTC 2026","Exceptions — Smoke","specs\Smoke\8-ExceptionsSmoke.spec.ts","",""
"","22106","Previous page button returns to page 1, First page button re-enables disabled state","firefox","Tue Sep 15 10:44:23 UTC 2026","passed","Tue Sep 15 10:44:45 UTC 2026","ACH — Smoke","specs\Smoke\7-ACHSmoke.spec.ts","",""
"","10856","ACH Approval Rules sub-page loads correctly","msedge","Tue Sep 15 10:14:25 UTC 2026","passed","Tue Sep 15 10:14:36 UTC 2026","Application Navigation Smoke Tests","specs\Smoke\2-NavigationSmoke.spec.ts","",""
"","17072","Home page is accessible and shows dashboard","firefox","Tue Sep 15 10:27:57 UTC 2026","passed","Tue Sep 15 10:28:14 UTC 2026","Application Navigation Smoke Tests","specs\Smoke\2-NavigationSmoke.spec.ts","",""
"","11013","Search box filters grid and clears correctly","msedge","Tue Sep 15 10:15:50 UTC 2026","passed","Tue Sep 15 10:16:01 UTC 2026","Issued Checks — Smoke","specs\Smoke\4-IssuedChecksSmoke.spec.ts","",""
"","8308","Settings page loads correctly","msedge","Tue Sep 15 10:12:24 UTC 2026","passed","Tue Sep 15 10:12:32 UTC 2026","Application Navigation Smoke Tests","specs\Smoke\2-NavigationSmoke.spec.ts","",""
"","12214","Column filter popup applies a filter and Clear restores the full row set","msedge","Tue Sep 15 10:17:47 UTC 2026","passed","Tue Sep 15 10:17:59 UTC 2026","Presented Checks — Smoke (Continued)","specs\Smoke\5-PresentedChecksSmoke.spec.ts","",""
"","21239","Column filter popup applies a filter and Clear restores the full row set","firefox","Tue Sep 15 10:39:51 UTC 2026","passed","Tue Sep 15 10:40:12 UTC 2026","Presented Checks — Smoke (Continued)","specs\Smoke\5-PresentedChecksSmoke.spec.ts","",""
"","14643","Teller page loads correctly","webkit","Tue Sep 15 10:11:59 UTC 2026","passed","Tue Sep 15 10:12:13 UTC 2026","Application Navigation Smoke Tests","specs\Smoke\2-NavigationSmoke.spec.ts","",""
"","5900","Validate Login functionality with invalidEmailFormat","chromium","Tue Sep 15 10:11:27 UTC 2026","passed","Tue Sep 15 10:11:33 UTC 2026","","specs\Smoke\1-LoginSmoke.spec.ts","",""
"","22227","""+ Add Check"" navigates to the add-check form","webkit","Tue Sep 15 10:19:47 UTC 2026","passed","Tue Sep 15 10:20:10 UTC 2026","Issued Checks — Smoke","specs\Smoke\4-IssuedChecksSmoke.spec.ts","",""
"","17883","Check Approval Rules sub-page loads correctly","webkit","Tue Sep 15 10:16:58 UTC 2026","passed","Tue Sep 15 10:17:16 UTC 2026","Application Navigation Smoke Tests","specs\Smoke\2-NavigationSmoke.spec.ts","",""
"","17500","Excel export button is visible and enabled","firefox","Tue Sep 15 10:36:43 UTC 2026","passed","Tue Sep 15 10:37:01 UTC 2026","Presented Checks — Smoke","specs\Smoke\5-PresentedChecksSmoke.spec.ts","",""
"","8356","Default filter auto-applies after logout and re-login","msedge","Tue Sep 15 10:17:04 UTC 2026","skipped","Tue Sep 15 10:17:13 UTC 2026","Issued Checks — Default Filter (Serial)","specs\Smoke\4-IssuedChecksSmoke.spec.ts","",""
"","7821","Account Settings sub-page loads correctly","msedge","Tue Sep 15 10:12:32 UTC 2026","passed","Tue Sep 15 10:12:40 UTC 2026","Application Navigation Smoke Tests","specs\Smoke\2-NavigationSmoke.spec.ts","",""
"","5582","Validate Login functionality with emptyFields","chromium","Tue Sep 15 10:11:33 UTC 2026","passed","Tue Sep 15 10:11:39 UTC 2026","","specs\Smoke\1-LoginSmoke.spec.ts","",""
"","8230","Roles/Permissions sub-page loads correctly","msedge","Tue Sep 15 10:12:55 UTC 2026","passed","Tue Sep 15 10:13:03 UTC 2026","Application Navigation Smoke Tests","specs\Smoke\2-NavigationSmoke.spec.ts","",""
"","11255","Default filter auto-applies after logout and re-login","firefox","Tue Sep 15 10:44:24 UTC 2026","skipped","Tue Sep 15 10:44:35 UTC 2026","Exceptions — Default Filter (Serial)","specs\Smoke\8-ExceptionsSmoke.spec.ts","",""
"","18996","Clicking a column header sorts ascending, clicking again sorts descending","firefox","Tue Sep 15 10:39:31 UTC 2026","passed","Tue Sep 15 10:39:50 UTC 2026","Issued Checks — Smoke (Continued)","specs\Smoke\4-IssuedChecksSmoke.spec.ts","",""
"","17586","Default filter auto-applies after logout and re-login","webkit","Tue Sep 15 10:29:58 UTC 2026","skipped","Tue Sep 15 10:30:16 UTC 2026","ACH — Smoke","specs\Smoke\7-ACHSmoke.spec.ts","",""
"","19532","Notification Templates sub-page loads correctly","firefox","Tue Sep 15 10:32:10 UTC 2026","passed","Tue Sep 15 10:32:29 UTC 2026","Application Navigation Smoke Tests","specs\Smoke\2-NavigationSmoke.spec.ts","",""
"","9029","Excel export button is visible and enabled","msedge","Tue Sep 15 10:19:02 UTC 2026","passed","Tue Sep 15 10:19:11 UTC 2026","Exceptions — Smoke","specs\Smoke\8-ExceptionsSmoke.spec.ts","",""
"","9194","Excel export button is visible and enabled","msedge","Tue Sep 15 10:19:15 UTC 2026","passed","Tue Sep 15 10:19:24 UTC 2026","ACH — Smoke","specs\Smoke\7-ACHSmoke.spec.ts","",""
"","20574","Clicking a column header sorts ascending, clicking again sorts descending","webkit","Tue Sep 15 10:24:02 UTC 2026","passed","Tue Sep 15 10:24:22 UTC 2026","Presented Checks — Smoke (Continued)","specs\Smoke\5-PresentedChecksSmoke.spec.ts","",""
"","21110","""Delete"" on a row shows a confirm modal; Cancel dismisses it without deleting","webkit","Tue Sep 15 10:25:25 UTC 2026","passed","Tue Sep 15 10:25:46 UTC 2026","Presented Checks — Smoke (Continued)","specs\Smoke\5-PresentedChecksSmoke.spec.ts","",""
"","11759","Clicking a column header sorts ascending, clicking again sorts descending","msedge","Tue Sep 15 10:17:26 UTC 2026","passed","Tue Sep 15 10:17:38 UTC 2026","Issued Checks — Smoke (Continued)","specs\Smoke\4-IssuedChecksSmoke.spec.ts","",""
"","15529","Save a filter preset, verify it is auto-selected, then delete it","msedge","Tue Sep 15 10:17:21 UTC 2026","passed","Tue Sep 15 10:17:36 UTC 2026","Presented Checks — Smoke (Continued)","specs\Smoke\5-PresentedChecksSmoke.spec.ts","",""
"","17922","Pay/Return decision badge navigates to exception history","webkit","Tue Sep 15 10:33:17 UTC 2026","passed","Tue Sep 15 10:33:35 UTC 2026","ACH — Smoke","specs\Smoke\7-ACHSmoke.spec.ts","",""
"","13169","Pre-Decisions page loads with either records or the empty-state message","firefox","Tue Sep 15 10:47:48 UTC 2026","passed","Tue Sep 15 10:48:01 UTC 2026","Exceptions — Smoke (Continued)","specs\Smoke\8-ExceptionsSmoke.spec.ts","",""
"","17027","Home page is accessible and shows dashboard","webkit","Tue Sep 15 10:11:10 UTC 2026","passed","Tue Sep 15 10:11:27 UTC 2026","Application Navigation Smoke Tests","specs\Smoke\2-NavigationSmoke.spec.ts","",""
"","17058","Default filter auto-applies after logout and re-login","webkit","Tue Sep 15 10:23:12 UTC 2026","skipped","Tue Sep 15 10:23:30 UTC 2026","Presented Checks — Default Filter (Serial)","specs\Smoke\5-PresentedChecksSmoke.spec.ts","",""
"","18490","Saved Filters dropdown is visible and defaults to no preset","webkit","Tue Sep 15 10:22:54 UTC 2026","passed","Tue Sep 15 10:23:12 UTC 2026","Presented Checks — Smoke","specs\Smoke\5-PresentedChecksSmoke.spec.ts","",""
"","20439","Decision badge on an already-reviewed row is blocked with a system message","webkit","Tue Sep 15 10:31:03 UTC 2026","passed","Tue Sep 15 10:31:24 UTC 2026","Exceptions — Smoke (Continued)","specs\Smoke\8-ExceptionsSmoke.spec.ts","",""
"","8076","Notification Templates sub-page loads correctly","msedge","Tue Sep 15 10:13:49 UTC 2026","passed","Tue Sep 15 10:13:57 UTC 2026","Application Navigation Smoke Tests","specs\Smoke\2-NavigationSmoke.spec.ts","",""
"","8323","Page size change to 10 updates pagination info in bottom-right pager","msedge","Tue Sep 15 10:16:08 UTC 2026","passed","Tue Sep 15 10:16:16 UTC 2026","Issued Checks — Smoke","specs\Smoke\4-IssuedChecksSmoke.spec.ts","",""
"","15950","Verify navigation to ACH via nav menu","webkit","Tue Sep 15 10:18:50 UTC 2026","passed","Tue Sep 15 10:19:05 UTC 2026","Home Dashboard","specs\Smoke\3-HomeDashboardSmoke.spec.ts","",""
"","11434","Excel export button is visible and enabled","chromium","Tue Sep 15 10:17:05 UTC 2026","passed","Tue Sep 15 10:17:17 UTC 2026","Presented Checks — Smoke","specs\Smoke\5-PresentedChecksSmoke.spec.ts","",""
"","13424","Verify navigation to Presented Checks via nav menu","webkit","Tue Sep 15 10:18:36 UTC 2026","passed","Tue Sep 15 10:18:50 UTC 2026","Home Dashboard","specs\Smoke\3-HomeDashboardSmoke.spec.ts","",""
"","12701","Typing a page number navigates to that page","chromium","Tue Sep 15 10:17:54 UTC 2026","passed","Tue Sep 15 10:18:07 UTC 2026","Presented Checks — Smoke","specs\Smoke\5-PresentedChecksSmoke.spec.ts","",""
"","11311","Decision badge on an already-reviewed row is blocked with a system message","msedge","Tue Sep 15 10:21:10 UTC 2026","passed","Tue Sep 15 10:21:22 UTC 2026","Exceptions — Smoke (Continued)","specs\Smoke\8-ExceptionsSmoke.spec.ts","",""
"","13615","Validate Login functionality with correctCredentials","chromium","Tue Sep 15 10:10:52 UTC 2026","passed","Tue Sep 15 10:11:05 UTC 2026","","specs\Smoke\1-LoginSmoke.spec.ts","",""
"","16000","Approvals page loads with either records or the empty-state message","webkit","Tue Sep 15 10:32:36 UTC 2026","passed","Tue Sep 15 10:32:52 UTC 2026","Exceptions — Smoke (Continued)","specs\Smoke\8-ExceptionsSmoke.spec.ts","",""
"","13113","Account Settings sub-page loads correctly","firefox","Tue Sep 15 10:29:40 UTC 2026","passed","Tue Sep 15 10:29:53 UTC 2026","Application Navigation Smoke Tests","specs\Smoke\2-NavigationSmoke.spec.ts","",""
"","30952","Default filter auto-applies after logout and re-login","chromium","Tue Sep 15 10:18:21 UTC 2026","passed","Tue Sep 15 10:18:52 UTC 2026","Issued Checks — Default Filter (Serial)","specs\Smoke\4-IssuedChecksSmoke.spec.ts","",""
"","12701","Verify navigation to Presented Checks via nav menu","firefox","Tue Sep 15 10:34:33 UTC 2026","passed","Tue Sep 15 10:34:46 UTC 2026","Home Dashboard","specs\Smoke\3-HomeDashboardSmoke.spec.ts","",""
"","6677","Validate Login functionality with missingUsername","chromium","Tue Sep 15 10:11:44 UTC 2026","passed","Tue Sep 15 10:11:51 UTC 2026","","specs\Smoke\1-LoginSmoke.spec.ts","",""
"","18330","""Uploaded Checks"" navigates to the uploads page","webkit","Tue Sep 15 10:20:10 UTC 2026","passed","Tue Sep 15 10:20:28 UTC 2026","Issued Checks — Smoke","specs\Smoke\4-IssuedChecksSmoke.spec.ts","",""
"","16004","Page size change to 10 updates pagination info in bottom-right pager","firefox","Tue Sep 15 10:42:36 UTC 2026","passed","Tue Sep 15 10:42:52 UTC 2026","Exceptions — Smoke","specs\Smoke\8-ExceptionsSmoke.spec.ts","",""
"","8009","""+ Add Check"" navigates to the add-check form","msedge","Tue Sep 15 10:15:32 UTC 2026","passed","Tue Sep 15 10:15:40 UTC 2026","Issued Checks — Smoke","specs\Smoke\4-IssuedChecksSmoke.spec.ts","",""
"","11636","Presented Checks breadcrumb link is visible on the page","chromium","Tue Sep 15 10:20:42 UTC 2026","passed","Tue Sep 15 10:20:54 UTC 2026","Presented Checks — Smoke (Continued)","specs\Smoke\5-PresentedChecksSmoke.spec.ts","",""
"","19212","Clicking a column header sorts ascending, clicking again sorts descending","firefox","Tue Sep 15 10:39:31 UTC 2026","passed","Tue Sep 15 10:39:51 UTC 2026","Presented Checks — Smoke (Continued)","specs\Smoke\5-PresentedChecksSmoke.spec.ts","",""
"","12071","""View"" (Change Log) link on a row navigates to the entity log","chromium","Tue Sep 15 10:19:48 UTC 2026","passed","Tue Sep 15 10:20:01 UTC 2026","Issued Checks — Smoke (Continued)","specs\Smoke\4-IssuedChecksSmoke.spec.ts","",""
"","26934","Column filter popup applies a filter and Clear restores the full row set","webkit","Tue Sep 15 10:24:15 UTC 2026","passed","Tue Sep 15 10:24:41 UTC 2026","Issued Checks — Smoke (Continued)","specs\Smoke\4-IssuedChecksSmoke.spec.ts","",""
"","21320","Decision badge on an already-reviewed row is blocked with a system message","firefox","Tue Sep 15 10:46:05 UTC 2026","passed","Tue Sep 15 10:46:26 UTC 2026","Exceptions — Smoke (Continued)","specs\Smoke\8-ExceptionsSmoke.spec.ts","",""
"","13147","Column filter menu applies a filter and Clear restores the full row set","msedge","Tue Sep 15 10:20:45 UTC 2026","passed","Tue Sep 15 10:20:58 UTC 2026","Exceptions — Smoke (Continued)","specs\Smoke\8-ExceptionsSmoke.spec.ts","",""
"","8763","Page size change to 10 updates pagination info in bottom-right pager","msedge","Tue Sep 15 10:19:24 UTC 2026","passed","Tue Sep 15 10:19:33 UTC 2026","ACH — Smoke","specs\Smoke\7-ACHSmoke.spec.ts","",""
"","19624","""Delete"" on a row shows a confirm modal; Cancel dismisses it without deleting","firefox","Tue Sep 15 10:40:49 UTC 2026","passed","Tue Sep 15 10:41:08 UTC 2026","Issued Checks — Smoke (Continued)","specs\Smoke\4-IssuedChecksSmoke.spec.ts","",""
"","17565","Validate teller presented-check form shows all required fields","webkit","Tue Sep 15 10:25:58 UTC 2026","passed","Tue Sep 15 10:26:15 UTC 2026","Teller - Smoke","specs\Smoke\6-TellerSmoke.spec.ts","",""
"","16821","""Edit"" link on a row navigates to the check edit form","firefox","Tue Sep 15 10:40:12 UTC 2026","passed","Tue Sep 15 10:40:29 UTC 2026","Presented Checks — Smoke (Continued)","specs\Smoke\5-PresentedChecksSmoke.spec.ts","",""
"","17221","Verify Home dashboard is restored after returning from another page","webkit","Tue Sep 15 10:18:03 UTC 2026","passed","Tue Sep 15 10:18:21 UTC 2026","Home Dashboard","specs\Smoke\3-HomeDashboardSmoke.spec.ts","",""
"","19179","Search box filters grid and clears correctly","webkit","Tue Sep 15 10:26:39 UTC 2026","passed","Tue Sep 15 10:26:58 UTC 2026","Exceptions — Smoke","specs\Smoke\8-ExceptionsSmoke.spec.ts","",""
"","12237","Last page arrow jumps to the final page","chromium","Tue Sep 15 10:17:30 UTC 2026","passed","Tue Sep 15 10:17:42 UTC 2026","Issued Checks — Smoke","specs\Smoke\4-IssuedChecksSmoke.spec.ts","",""
"","18772","""Uploaded Checks"" navigates to the uploads page","webkit","Tue Sep 15 10:20:18 UTC 2026","passed","Tue Sep 15 10:20:37 UTC 2026","Presented Checks — Smoke","specs\Smoke\5-PresentedChecksSmoke.spec.ts","",""
"","8171","Verify Home dashboard is restored after returning from another page","msedge","Tue Sep 15 10:14:40 UTC 2026","passed","Tue Sep 15 10:14:48 UTC 2026","Home Dashboard","specs\Smoke\3-HomeDashboardSmoke.spec.ts","",""
"","10467","Verify navigation to Issued Checks via nav menu","chromium","Tue Sep 15 10:15:18 UTC 2026","passed","Tue Sep 15 10:15:28 UTC 2026","Home Dashboard","specs\Smoke\3-HomeDashboardSmoke.spec.ts","",""
"","23807","Grid loads with data rows and key column headers","webkit","Tue Sep 15 10:19:35 UTC 2026","passed","Tue Sep 15 10:19:58 UTC 2026","Presented Checks — Smoke","specs\Smoke\5-PresentedChecksSmoke.spec.ts","",""
"","32039","File Formats sub-page loads correctly","webkit","Tue Sep 15 10:15:18 UTC 2026","passed","Tue Sep 15 10:15:50 UTC 2026","Application Navigation Smoke Tests","specs\Smoke\2-NavigationSmoke.spec.ts","",""
"","10049","""+ Add Check"" navigates to the add-check form","msedge","Tue Sep 15 10:15:35 UTC 2026","passed","Tue Sep 15 10:15:46 UTC 2026","Presented Checks — Smoke","specs\Smoke\5-PresentedChecksSmoke.spec.ts","",""
"","6519","Verify delayed data note and force refresh link are visible on dashboard","msedge","Tue Sep 15 10:14:21 UTC 2026","passed","Tue Sep 15 10:14:27 UTC 2026","Home Dashboard","specs\Smoke\3-HomeDashboardSmoke.spec.ts","",""
"","20647","Search box filters grid and clears correctly","webkit","Tue Sep 15 10:20:37 UTC 2026","passed","Tue Sep 15 10:20:57 UTC 2026","Presented Checks — Smoke","specs\Smoke\5-PresentedChecksSmoke.spec.ts","",""
"","11596","Typing a page number navigates to that page","chromium","Tue Sep 15 10:17:42 UTC 2026","passed","Tue Sep 15 10:17:54 UTC 2026","Issued Checks — Smoke","specs\Smoke\4-IssuedChecksSmoke.spec.ts","",""
"","16751","Validate session persists after page refresh","webkit","Tue Sep 15 10:13:31 UTC 2026","passed","Tue Sep 15 10:13:48 UTC 2026","","specs\Smoke\1-LoginSmoke.spec.ts","",""
"","7797","Web Hooks sub-page loads correctly","msedge","Tue Sep 15 10:15:18 UTC 2026","passed","Tue Sep 15 10:15:25 UTC 2026","Application Navigation Smoke Tests","specs\Smoke\2-NavigationSmoke.spec.ts","",""
"","12850","Page size change to 10 updates pagination info in bottom-right pager","chromium","Tue Sep 15 10:17:17 UTC 2026","passed","Tue Sep 15 10:17:30 UTC 2026","Presented Checks — Smoke","specs\Smoke\5-PresentedChecksSmoke.spec.ts","",""
"","20159","Clicking a column header sorts ascending, clicking again sorts descending","webkit","Tue Sep 15 10:32:01 UTC 2026","passed","Tue Sep 15 10:32:21 UTC 2026","ACH — Smoke","specs\Smoke\7-ACHSmoke.spec.ts","",""
"","9907","ACH breadcrumb link is visible on the page","chromium","Tue Sep 15 10:24:56 UTC 2026","passed","Tue Sep 15 10:25:06 UTC 2026","ACH — Smoke","specs\Smoke\7-ACHSmoke.spec.ts","",""
"","17925","Save a filter preset, verify it is auto-selected, then delete it","chromium","Tue Sep 15 10:19:09 UTC 2026","passed","Tue Sep 15 10:19:27 UTC 2026","Presented Checks — Smoke (Continued)","specs\Smoke\5-PresentedChecksSmoke.spec.ts","",""
"","6627","Verify navigation to Presented Checks via nav menu","msedge","Tue Sep 15 10:14:54 UTC 2026","passed","Tue Sep 15 10:15:01 UTC 2026","Home Dashboard","specs\Smoke\3-HomeDashboardSmoke.spec.ts","",""
"","15848","Presented Checks page loads correctly","webkit","Tue Sep 15 10:11:43 UTC 2026","passed","Tue Sep 15 10:11:59 UTC 2026","Application Navigation Smoke Tests","specs\Smoke\2-NavigationSmoke.spec.ts","",""
"","8852","Validate Login functionality with xssInUsername","firefox","Tue Sep 15 10:29:23 UTC 2026","passed","Tue Sep 15 10:29:31 UTC 2026","","specs\Smoke\1-LoginSmoke.spec.ts","",""
"","8479","Validate Login functionality with emptyFields","firefox","Tue Sep 15 10:28:56 UTC 2026","passed","Tue Sep 15 10:29:04 UTC 2026","","specs\Smoke\1-LoginSmoke.spec.ts","",""
"","19320","Next page arrow advances to page 2","webkit","Tue Sep 15 10:28:11 UTC 2026","passed","Tue Sep 15 10:28:30 UTC 2026","ACH — Smoke","specs\Smoke\7-ACHSmoke.spec.ts","",""
"","11939","Typing a page number navigates to that page","msedge","Tue Sep 15 10:19:52 UTC 2026","passed","Tue Sep 15 10:20:04 UTC 2026","ACH — Smoke","specs\Smoke\7-ACHSmoke.spec.ts","",""
"","11282","Grid View toggle navigates to the open-exceptions grid and shows key column headers","chromium","Tue Sep 15 10:25:13 UTC 2026","passed","Tue Sep 15 10:25:24 UTC 2026","Exceptions — Smoke (Continued)","specs\Smoke\8-ExceptionsSmoke.spec.ts","",""
"","6916","Validate Login functionality with incorrectPassword","firefox","Tue Sep 15 10:28:36 UTC 2026","passed","Tue Sep 15 10:28:43 UTC 2026","","specs\Smoke\1-LoginSmoke.spec.ts","",""
"","6239","Validate Login functionality with incorrectUsername","chromium","Tue Sep 15 10:11:21 UTC 2026","passed","Tue Sep 15 10:11:27 UTC 2026","","specs\Smoke\1-LoginSmoke.spec.ts","",""
"","12988","Search box filters grid and clears correctly","chromium","Tue Sep 15 10:16:52 UTC 2026","passed","Tue Sep 15 10:17:05 UTC 2026","Presented Checks — Smoke","specs\Smoke\5-PresentedChecksSmoke.spec.ts","",""
"","20940","Clicking a column header sorts ascending, clicking again sorts descending","webkit","Tue Sep 15 10:23:54 UTC 2026","passed","Tue Sep 15 10:24:14 UTC 2026","Issued Checks — Smoke (Continued)","specs\Smoke\4-IssuedChecksSmoke.spec.ts","",""
"","17950","Default filter auto-applies after logout and re-login","firefox","Tue Sep 15 10:38:50 UTC 2026","skipped","Tue Sep 15 10:39:08 UTC 2026","Issued Checks — Default Filter (Serial)","specs\Smoke\4-IssuedChecksSmoke.spec.ts","",""
"","13064","Verify summary KPI values have expected number formats","webkit","Tue Sep 15 10:17:06 UTC 2026","passed","Tue Sep 15 10:17:19 UTC 2026","Home Dashboard","specs\Smoke\3-HomeDashboardSmoke.spec.ts","",""
"","13324","Default Decision Log sub-page loads correctly","chromium","Tue Sep 15 10:15:18 UTC 2026","passed","Tue Sep 15 10:15:31 UTC 2026","Application Navigation Smoke Tests","specs\Smoke\2-NavigationSmoke.spec.ts","",""
"","6280","Validate forgot password functionality with No email","chromium","Tue Sep 15 10:12:14 UTC 2026","passed","Tue Sep 15 10:12:20 UTC 2026","","specs\Smoke\1-LoginSmoke.spec.ts","",""
"","32261","Save a filter preset, verify it is auto-selected, then delete it","webkit","Tue Sep 15 10:23:30 UTC 2026","passed","Tue Sep 15 10:24:02 UTC 2026","Presented Checks — Smoke (Continued)","specs\Smoke\5-PresentedChecksSmoke.spec.ts","",""
"","9096","Validate Login functionality with sqlInjection","webkit","Tue Sep 15 10:12:34 UTC 2026","passed","Tue Sep 15 10:12:44 UTC 2026","","specs\Smoke\1-LoginSmoke.spec.ts","",""
"","17729","File Formats sub-page loads correctly","firefox","Tue Sep 15 10:31:52 UTC 2026","passed","Tue Sep 15 10:32:09 UTC 2026","Application Navigation Smoke Tests","specs\Smoke\2-NavigationSmoke.spec.ts","",""
"","11298","""Uploaded Checks"" navigates to the uploads page","chromium","Tue Sep 15 10:16:41 UTC 2026","passed","Tue Sep 15 10:16:52 UTC 2026","Presented Checks — Smoke","specs\Smoke\5-PresentedChecksSmoke.spec.ts","",""
"","8734","Verify Check Only tab shows Check-specific chart sections","chromium","Tue Sep 15 10:13:11 UTC 2026","passed","Tue Sep 15 10:13:19 UTC 2026","Home Dashboard","specs\Smoke\3-HomeDashboardSmoke.spec.ts","",""
"","19198","Next page arrow advances to page 2","webkit","Tue Sep 15 10:27:34 UTC 2026","passed","Tue Sep 15 10:27:53 UTC 2026","Exceptions — Smoke","specs\Smoke\8-ExceptionsSmoke.spec.ts","",""
"","10346","File Processing sub-page loads correctly","chromium","Tue Sep 15 10:15:44 UTC 2026","passed","Tue Sep 15 10:15:54 UTC 2026","Application Navigation Smoke Tests","specs\Smoke\2-NavigationSmoke.spec.ts","",""
"","7345","Verify ACH Only tab shows ACH-specific chart sections","msedge","Tue Sep 15 10:13:30 UTC 2026","passed","Tue Sep 15 10:13:38 UTC 2026","Home Dashboard","specs\Smoke\3-HomeDashboardSmoke.spec.ts","",""
"","16156","Presented Checks breadcrumb link is visible on the page","webkit","Tue Sep 15 10:26:05 UTC 2026","passed","Tue Sep 15 10:26:21 UTC 2026","Presented Checks — Smoke (Continued)","specs\Smoke\5-PresentedChecksSmoke.spec.ts","",""
"","7158","Business Clients sub-page loads correctly","msedge","Tue Sep 15 10:12:40 UTC 2026","passed","Tue Sep 15 10:12:47 UTC 2026","Application Navigation Smoke Tests","specs\Smoke\2-NavigationSmoke.spec.ts","",""
"","9754","Clicking a column header sorts ascending, clicking again sorts descending","msedge","Tue Sep 15 10:20:35 UTC 2026","passed","Tue Sep 15 10:20:45 UTC 2026","Exceptions — Smoke (Continued)","specs\Smoke\8-ExceptionsSmoke.spec.ts","",""
"","14656","Saved Filters dropdown is visible and defaults to no preset","firefox","Tue Sep 15 10:44:45 UTC 2026","passed","Tue Sep 15 10:45:00 UTC 2026","ACH — Smoke","specs\Smoke\7-ACHSmoke.spec.ts","",""
"","33216","Automatic Check Decision Rules sub-page loads correctly","webkit","Tue Sep 15 10:16:25 UTC 2026","passed","Tue Sep 15 10:16:58 UTC 2026","Application Navigation Smoke Tests","specs\Smoke\2-NavigationSmoke.spec.ts","",""
"","11916","Last page arrow jumps to the final page","chromium","Tue Sep 15 10:22:01 UTC 2026","passed","Tue Sep 15 10:22:13 UTC 2026","ACH — Smoke","specs\Smoke\7-ACHSmoke.spec.ts","",""
"","18416","Excel export button is visible and enabled","webkit","Tue Sep 15 10:20:48 UTC 2026","passed","Tue Sep 15 10:21:06 UTC 2026","Issued Checks — Smoke","specs\Smoke\4-IssuedChecksSmoke.spec.ts","",""
"","9090","Billing Reports sub-page loads correctly","msedge","Tue Sep 15 10:13:13 UTC 2026","passed","Tue Sep 15 10:13:22 UTC 2026","Application Navigation Smoke Tests","specs\Smoke\2-NavigationSmoke.spec.ts","",""
"","11418","""View"" (Change Log) link on a row navigates to the entity log","chromium","Tue Sep 15 10:20:07 UTC 2026","passed","Tue Sep 15 10:20:18 UTC 2026","Presented Checks — Smoke (Continued)","specs\Smoke\5-PresentedChecksSmoke.spec.ts","",""
"","16163","Saved Filters dropdown is visible and defaults to no preset","firefox","Tue Sep 15 10:44:08 UTC 2026","passed","Tue Sep 15 10:44:24 UTC 2026","Exceptions — Smoke","specs\Smoke\8-ExceptionsSmoke.spec.ts","",""
"","9146","""+ Add ACH"" navigates to the add-ACH form","msedge","Tue Sep 15 10:18:45 UTC 2026","passed","Tue Sep 15 10:18:55 UTC 2026","ACH — Smoke","specs\Smoke\7-ACHSmoke.spec.ts","",""
"","16539","Typing a page number navigates to that page","firefox","Tue Sep 15 10:37:56 UTC 2026","passed","Tue Sep 15 10:38:13 UTC 2026","Issued Checks — Smoke","specs\Smoke\4-IssuedChecksSmoke.spec.ts","",""
"","12834","Verify profile menu shows My Info and Logout links","chromium","Tue Sep 15 10:14:52 UTC 2026","passed","Tue Sep 15 10:15:05 UTC 2026","Home Dashboard","specs\Smoke\3-HomeDashboardSmoke.spec.ts","",""
"","37691","Verify tab-specific charts are hidden for opposite tab","webkit","Tue Sep 15 10:16:08 UTC 2026","passed","Tue Sep 15 10:16:46 UTC 2026","Home Dashboard","specs\Smoke\3-HomeDashboardSmoke.spec.ts","",""
"","18236","""View"" (Change Log) link on a row navigates to the entity log","webkit","Tue Sep 15 10:32:46 UTC 2026","passed","Tue Sep 15 10:33:04 UTC 2026","ACH — Smoke","specs\Smoke\7-ACHSmoke.spec.ts","",""
"","22587","Grid loads with data rows and key column headers","webkit","Tue Sep 15 10:19:25 UTC 2026","passed","Tue Sep 15 10:19:47 UTC 2026","Issued Checks — Smoke","specs\Smoke\4-IssuedChecksSmoke.spec.ts","",""
"","25397","Column filter popup applies a filter and Clear restores the full row set","firefox","Tue Sep 15 10:46:03 UTC 2026","passed","Tue Sep 15 10:46:28 UTC 2026","ACH — Smoke","specs\Smoke\7-ACHSmoke.spec.ts","",""
"","4697","Validate Login functionality with xssInUsername","msedge","Tue Sep 15 10:12:22 UTC 2026","passed","Tue Sep 15 10:12:27 UTC 2026","","specs\Smoke\1-LoginSmoke.spec.ts","",""
"","18597","Pay/Return decision badge navigates to exception history","chromium","Tue Sep 15 10:24:38 UTC 2026","passed","Tue Sep 15 10:24:56 UTC 2026","ACH — Smoke","specs\Smoke\7-ACHSmoke.spec.ts","",""
"","14442","Verify navigation to Exceptions via nav menu","webkit","Tue Sep 15 10:19:06 UTC 2026","passed","Tue Sep 15 10:19:20 UTC 2026","Home Dashboard","specs\Smoke\3-HomeDashboardSmoke.spec.ts","",""
"","7651","Excel export button is visible and enabled","msedge","Tue Sep 15 10:16:06 UTC 2026","passed","Tue Sep 15 10:16:13 UTC 2026","Presented Checks — Smoke","specs\Smoke\5-PresentedChecksSmoke.spec.ts","",""
"","8803","Saved Filters dropdown is visible and defaults to no preset","msedge","Tue Sep 15 10:17:04 UTC 2026","passed","Tue Sep 15 10:17:12 UTC 2026","Presented Checks — Smoke","specs\Smoke\5-PresentedChecksSmoke.spec.ts","",""
"","12378","Last page arrow jumps to the final page","chromium","Tue Sep 15 10:17:42 UTC 2026","passed","Tue Sep 15 10:17:54 UTC 2026","Presented Checks — Smoke","specs\Smoke\5-PresentedChecksSmoke.spec.ts","",""
"","5333","Validate forgot password functionality with No email","msedge","Tue Sep 15 10:12:37 UTC 2026","passed","Tue Sep 15 10:12:42 UTC 2026","","specs\Smoke\1-LoginSmoke.spec.ts","",""
"","10375","Page size change to 10 updates pagination info in bottom-right pager","msedge","Tue Sep 15 10:19:11 UTC 2026","passed","Tue Sep 15 10:19:21 UTC 2026","Exceptions — Smoke","specs\Smoke\8-ExceptionsSmoke.spec.ts","",""
"","10550","Next page arrow advances to page 2","msedge","Tue Sep 15 10:19:33 UTC 2026","passed","Tue Sep 15 10:19:43 UTC 2026","ACH — Smoke","specs\Smoke\7-ACHSmoke.spec.ts","",""
"","14765","Settings page loads correctly","webkit","Tue Sep 15 10:12:46 UTC 2026","passed","Tue Sep 15 10:13:00 UTC 2026","Application Navigation Smoke Tests","specs\Smoke\2-NavigationSmoke.spec.ts","",""
"","19393","Notification Log sub-page loads correctly","firefox","Tue Sep 15 10:33:49 UTC 2026","passed","Tue Sep 15 10:34:08 UTC 2026","Application Navigation Smoke Tests","specs\Smoke\2-NavigationSmoke.spec.ts","",""
"","10857","Exceptions page loads correctly","chromium","Tue Sep 15 10:11:50 UTC 2026","passed","Tue Sep 15 10:12:01 UTC 2026","Application Navigation Smoke Tests","specs\Smoke\2-NavigationSmoke.spec.ts","",""
"","9816","Verify navigation to Presented Checks via nav menu","chromium","Tue Sep 15 10:15:28 UTC 2026","passed","Tue Sep 15 10:15:38 UTC 2026","Home Dashboard","specs\Smoke\3-HomeDashboardSmoke.spec.ts","",""
"","17855","Default filter auto-applies after logout and re-login","firefox","Tue Sep 15 10:38:47 UTC 2026","skipped","Tue Sep 15 10:39:05 UTC 2026","Presented Checks — Default Filter (Serial)","specs\Smoke\5-PresentedChecksSmoke.spec.ts","",""
"","15667","System Log sub-page loads correctly","firefox","Tue Sep 15 10:34:27 UTC 2026","passed","Tue Sep 15 10:34:42 UTC 2026","Application Navigation Smoke Tests","specs\Smoke\2-NavigationSmoke.spec.ts","",""
"","5861","Approvals page loads with either records or the empty-state message","msedge","Tue Sep 15 10:22:02 UTC 2026","passed","Tue Sep 15 10:22:07 UTC 2026","Exceptions — Smoke (Continued)","specs\Smoke\8-ExceptionsSmoke.spec.ts","",""
"","7403","Verify navigation to ACH via nav menu","msedge","Tue Sep 15 10:15:01 UTC 2026","passed","Tue Sep 15 10:15:08 UTC 2026","Home Dashboard","specs\Smoke\3-HomeDashboardSmoke.spec.ts","",""
"","17485","""+ Add Check"" navigates to the add-check form","firefox","Tue Sep 15 10:35:44 UTC 2026","passed","Tue Sep 15 10:36:02 UTC 2026","Issued Checks — Smoke","specs\Smoke\4-IssuedChecksSmoke.spec.ts","",""
"","15041","Decision badge on an already-reviewed row is blocked with a system message","chromium","Tue Sep 15 10:24:22 UTC 2026","passed","Tue Sep 15 10:24:37 UTC 2026","Exceptions — Smoke (Continued)","specs\Smoke\8-ExceptionsSmoke.spec.ts","",""
"","15848","API link is visible and points to swagger","webkit","Tue Sep 15 10:18:53 UTC 2026","passed","Tue Sep 15 10:19:09 UTC 2026","Application Navigation Smoke Tests","specs\Smoke\2-NavigationSmoke.spec.ts","",""
"","9734","""Uploaded ACH"" navigates to the uploads page","msedge","Tue Sep 15 10:18:55 UTC 2026","passed","Tue Sep 15 10:19:04 UTC 2026","ACH — Smoke","specs\Smoke\7-ACHSmoke.spec.ts","",""
"","10051","Validate Login functionality with caseSensitiveEmail","firefox","Tue Sep 15 10:28:26 UTC 2026","passed","Tue Sep 15 10:28:36 UTC 2026","","specs\Smoke\1-LoginSmoke.spec.ts","",""
"","14206","Verify dashboard footer footnote and privacy link are visible","firefox","Tue Sep 15 10:33:21 UTC 2026","passed","Tue Sep 15 10:33:35 UTC 2026","Home Dashboard","specs\Smoke\3-HomeDashboardSmoke.spec.ts","",""
"","14807","Verify dashboard footer footnote and privacy link are visible","webkit","Tue Sep 15 10:17:34 UTC 2026","passed","Tue Sep 15 10:17:48 UTC 2026","Home Dashboard","specs\Smoke\3-HomeDashboardSmoke.spec.ts","",""
"","33952","Default filter auto-applies after logout and re-login","chromium","Tue Sep 15 10:22:44 UTC 2026","passed","Tue Sep 15 10:23:18 UTC 2026","Exceptions — Default Filter (Serial)","specs\Smoke\8-ExceptionsSmoke.spec.ts","",""
"","13497","Verify navigation to Exceptions via nav menu","firefox","Tue Sep 15 10:34:58 UTC 2026","passed","Tue Sep 15 10:35:11 UTC 2026","Home Dashboard","specs\Smoke\3-HomeDashboardSmoke.spec.ts","",""
"","13103","Verify tab-specific charts are hidden for opposite tab","chromium","Tue Sep 15 10:13:54 UTC 2026","passed","Tue Sep 15 10:14:07 UTC 2026","Home Dashboard","specs\Smoke\3-HomeDashboardSmoke.spec.ts","",""
"","8899","Validate Login functionality with incorrectPassword","webkit","Tue Sep 15 10:11:37 UTC 2026","passed","Tue Sep 15 10:11:46 UTC 2026","","specs\Smoke\1-LoginSmoke.spec.ts","",""
"","14657","Saved Filters dropdown is visible and defaults to no preset","chromium","Tue Sep 15 10:18:07 UTC 2026","passed","Tue Sep 15 10:18:21 UTC 2026","Issued Checks — Smoke","specs\Smoke\4-IssuedChecksSmoke.spec.ts","",""
"","28629","Default filter auto-applies after logout and re-login","chromium","Tue Sep 15 10:22:55 UTC 2026","passed","Tue Sep 15 10:23:24 UTC 2026","ACH — Smoke","specs\Smoke\7-ACHSmoke.spec.ts","",""
"","34787","Default filter auto-applies after logout and re-login","chromium","Tue Sep 15 10:18:34 UTC 2026","passed","Tue Sep 15 10:19:09 UTC 2026","Presented Checks — Default Filter (Serial)","specs\Smoke\5-PresentedChecksSmoke.spec.ts","",""
"","13512","Clicking a column header sorts ascending, clicking again sorts descending","chromium","Tue Sep 15 10:19:27 UTC 2026","passed","Tue Sep 15 10:19:40 UTC 2026","Presented Checks — Smoke (Continued)","specs\Smoke\5-PresentedChecksSmoke.spec.ts","",""
"","8602","""Edit"" link on a row navigates to the check edit form","msedge","Tue Sep 15 10:17:59 UTC 2026","passed","Tue Sep 15 10:18:08 UTC 2026","Presented Checks — Smoke (Continued)","specs\Smoke\5-PresentedChecksSmoke.spec.ts","",""
"","11841","Saved Filters dropdown is visible and defaults to no preset","chromium","Tue Sep 15 10:22:43 UTC 2026","passed","Tue Sep 15 10:22:55 UTC 2026","ACH — Smoke","specs\Smoke\7-ACHSmoke.spec.ts","",""
"","10600","Previous page button returns to page 1, First page button re-enables disabled state","msedge","Tue Sep 15 10:16:44 UTC 2026","passed","Tue Sep 15 10:16:55 UTC 2026","Issued Checks — Smoke","specs\Smoke\4-IssuedChecksSmoke.spec.ts","",""
"","8639","Exceptions page loads correctly","msedge","Tue Sep 15 10:12:15 UTC 2026","passed","Tue Sep 15 10:12:24 UTC 2026","Application Navigation Smoke Tests","specs\Smoke\2-NavigationSmoke.spec.ts","",""
"","19212","""Uploaded Checks"" navigates to the uploads page","firefox","Tue Sep 15 10:36:02 UTC 2026","passed","Tue Sep 15 10:36:21 UTC 2026","Issued Checks — Smoke","specs\Smoke\4-IssuedChecksSmoke.spec.ts","",""
"","17649","""Uploaded ACH"" navigates to the uploads page","firefox","Tue Sep 15 10:42:15 UTC 2026","passed","Tue Sep 15 10:42:33 UTC 2026","ACH — Smoke","specs\Smoke\7-ACHSmoke.spec.ts","",""
"","6532","Verify all three dashboard view tabs are visible","msedge","Tue Sep 15 10:13:08 UTC 2026","passed","Tue Sep 15 10:13:14 UTC 2026","Home Dashboard","specs\Smoke\3-HomeDashboardSmoke.spec.ts","",""
"","13096","Validate Login functionality with caseSensitiveEmail","webkit","Tue Sep 15 10:11:24 UTC 2026","passed","Tue Sep 15 10:11:37 UTC 2026","","specs\Smoke\1-LoginSmoke.spec.ts","",""
"","10294","Search box filters grid and clears correctly","msedge","Tue Sep 15 10:19:04 UTC 2026","passed","Tue Sep 15 10:19:15 UTC 2026","ACH — Smoke","specs\Smoke\7-ACHSmoke.spec.ts","",""
"","6242","Validate Login functionality with sqlInjection","firefox","Tue Sep 15 10:29:16 UTC 2026","passed","Tue Sep 15 10:29:23 UTC 2026","","specs\Smoke\1-LoginSmoke.spec.ts","",""
"","9488","Typing a page number navigates to that page","msedge","Tue Sep 15 10:19:41 UTC 2026","passed","Tue Sep 15 10:19:50 UTC 2026","Exceptions — Smoke","specs\Smoke\8-ExceptionsSmoke.spec.ts","",""
"","9881","Last page arrow jumps to the final page","msedge","Tue Sep 15 10:16:25 UTC 2026","passed","Tue Sep 15 10:16:35 UTC 2026","Issued Checks — Smoke","specs\Smoke\4-IssuedChecksSmoke.spec.ts","",""
