"DESCRIPTION","DURATION IN MS","NAME","PARENT SUITE","START TIME","STATUS","STOP TIME","SUB SUITE","SUITE","TEST CLASS","TEST METHOD"
"","16364","Default filter auto-applies after logout and re-login","webkit","Wed Sep 09 14:16:13 UTC 2026","skipped","Wed Sep 09 14:16:29 UTC 2026","Presented Checks — Default Filter (Serial)","specs\Smoke\5-PresentedChecksSmoke.spec.ts","",""
"","7130","Verify navigation to ACH via nav menu","msedge","Wed Sep 09 14:11:45 UTC 2026","passed","Wed Sep 09 14:11:52 UTC 2026","Home Dashboard","specs\Smoke\3-HomeDashboardSmoke.spec.ts","",""
"","18990","Home page is accessible and shows dashboard","webkit","Wed Sep 09 14:03:08 UTC 2026","passed","Wed Sep 09 14:03:27 UTC 2026","Application Navigation Smoke Tests","specs\Smoke\2-NavigationSmoke.spec.ts","",""
"","13140","Notification Templates sub-page loads correctly","firefox","Wed Sep 09 14:07:54 UTC 2026","passed","Wed Sep 09 14:08:07 UTC 2026","Application Navigation Smoke Tests","specs\Smoke\2-NavigationSmoke.spec.ts","",""
"","17776","Last page arrow jumps to the final page","firefox","Wed Sep 09 14:12:39 UTC 2026","passed","Wed Sep 09 14:12:56 UTC 2026","Issued Checks — Smoke","specs\Smoke\4-IssuedChecksSmoke.spec.ts","",""
"","17874","Validate teller presented-check form shows all required fields","webkit","Wed Sep 09 14:18:21 UTC 2026","passed","Wed Sep 09 14:18:39 UTC 2026","Teller - Smoke","specs\Smoke\6-TellerSmoke.spec.ts","",""
"","11192","Page size change to 10 updates pagination info in bottom-right pager","chromium","Wed Sep 09 14:35:41 UTC 2026","passed","Wed Sep 09 14:35:53 UTC 2026","ACH — Smoke","specs\Smoke\7-ACHSmoke.spec.ts","",""
"","12519","Verify summary KPI values have expected number formats","firefox","Wed Sep 09 14:08:07 UTC 2026","passed","Wed Sep 09 14:08:19 UTC 2026","Home Dashboard","specs\Smoke\3-HomeDashboardSmoke.spec.ts","",""
"","16943","Save a filter preset, verify it is auto-selected, then delete it","chromium","Wed Sep 09 14:37:14 UTC 2026","passed","Wed Sep 09 14:37:31 UTC 2026","Exceptions — Smoke (Continued)","specs\Smoke\8-ExceptionsSmoke.spec.ts","",""
"","16451","Settings page loads correctly","firefox","Wed Sep 09 14:04:40 UTC 2026","passed","Wed Sep 09 14:04:57 UTC 2026","Application Navigation Smoke Tests","specs\Smoke\2-NavigationSmoke.spec.ts","",""
"","11426","Last page arrow jumps to the final page","chromium","Wed Sep 09 14:31:41 UTC 2026","passed","Wed Sep 09 14:31:52 UTC 2026","Issued Checks — Smoke","specs\Smoke\4-IssuedChecksSmoke.spec.ts","",""
"","17242","""Delete"" on a row shows a confirm modal; Cancel dismisses it without deleting","firefox","Wed Sep 09 14:22:11 UTC 2026","passed","Wed Sep 09 14:22:29 UTC 2026","ACH — Smoke","specs\Smoke\7-ACHSmoke.spec.ts","",""
"","30448","Column filter popup applies a filter and Clear restores the full row set","webkit","Wed Sep 09 14:23:36 UTC 2026","passed","Wed Sep 09 14:24:06 UTC 2026","ACH — Smoke","specs\Smoke\7-ACHSmoke.spec.ts","",""
"","9191","Excel export button is visible and enabled","msedge","Wed Sep 09 14:15:43 UTC 2026","passed","Wed Sep 09 14:15:52 UTC 2026","ACH — Smoke","specs\Smoke\7-ACHSmoke.spec.ts","",""
"","11255","Verify dashboard tab checked state updates correctly","chromium","Wed Sep 09 14:28:28 UTC 2026","passed","Wed Sep 09 14:28:39 UTC 2026","Home Dashboard","specs\Smoke\3-HomeDashboardSmoke.spec.ts","",""
"","10527","Validate Login functionality with emptyFields","webkit","Wed Sep 09 14:04:06 UTC 2026","passed","Wed Sep 09 14:04:16 UTC 2026","","specs\Smoke\1-LoginSmoke.spec.ts","",""
"","13528","Issued Checks page loads correctly","firefox","Wed Sep 09 14:03:35 UTC 2026","passed","Wed Sep 09 14:03:49 UTC 2026","Application Navigation Smoke Tests","specs\Smoke\2-NavigationSmoke.spec.ts","",""
"","18382","Decision badge on an already-reviewed row is blocked with a system message","firefox","Wed Sep 09 14:21:43 UTC 2026","passed","Wed Sep 09 14:22:01 UTC 2026","Exceptions — Smoke (Continued)","specs\Smoke\8-ExceptionsSmoke.spec.ts","",""
"","9216","Saved Filters dropdown is visible and defaults to no preset","msedge","Wed Sep 09 14:17:23 UTC 2026","passed","Wed Sep 09 14:17:33 UTC 2026","Exceptions — Smoke","specs\Smoke\8-ExceptionsSmoke.spec.ts","",""
"","11535","Teller page loads correctly","firefox","Wed Sep 09 14:04:04 UTC 2026","passed","Wed Sep 09 14:04:16 UTC 2026","Application Navigation Smoke Tests","specs\Smoke\2-NavigationSmoke.spec.ts","",""
"","11953","Typing a page number navigates to that page","msedge","Wed Sep 09 14:17:00 UTC 2026","passed","Wed Sep 09 14:17:12 UTC 2026","Exceptions — Smoke","specs\Smoke\8-ExceptionsSmoke.spec.ts","",""
"","26470","Previous page button returns to page 1, First page button re-enables disabled state","webkit","Wed Sep 09 14:21:49 UTC 2026","passed","Wed Sep 09 14:22:16 UTC 2026","Exceptions — Smoke","specs\Smoke\8-ExceptionsSmoke.spec.ts","",""
"","10851","Pay/Return decision badge navigates to exception history","chromium","Wed Sep 09 14:34:32 UTC 2026","passed","Wed Sep 09 14:34:43 UTC 2026","Presented Checks — Smoke (Continued)","specs\Smoke\5-PresentedChecksSmoke.spec.ts","",""
"","7562","Users sub-page loads correctly","msedge","Wed Sep 09 14:09:05 UTC 2026","passed","Wed Sep 09 14:09:13 UTC 2026","Application Navigation Smoke Tests","specs\Smoke\2-NavigationSmoke.spec.ts","",""
"","8815","Presented Checks breadcrumb link is visible on the page","msedge","Wed Sep 09 14:15:51 UTC 2026","passed","Wed Sep 09 14:16:00 UTC 2026","Presented Checks — Smoke (Continued)","specs\Smoke\5-PresentedChecksSmoke.spec.ts","",""
"","6043","Validate Login functionality with caseSensitiveEmail","msedge","Wed Sep 09 14:08:11 UTC 2026","passed","Wed Sep 09 14:08:17 UTC 2026","","specs\Smoke\1-LoginSmoke.spec.ts","",""
"","9684","Default filter auto-applies after logout and re-login","msedge","Wed Sep 09 14:13:32 UTC 2026","skipped","Wed Sep 09 14:13:42 UTC 2026","Issued Checks — Default Filter (Serial)","specs\Smoke\4-IssuedChecksSmoke.spec.ts","",""
"","11816","Last page arrow jumps to the final page","chromium","Wed Sep 09 14:36:05 UTC 2026","passed","Wed Sep 09 14:36:17 UTC 2026","ACH — Smoke","specs\Smoke\7-ACHSmoke.spec.ts","",""
"","25984","Previous page button returns to page 1, First page button re-enables disabled state","webkit","Wed Sep 09 14:15:30 UTC 2026","passed","Wed Sep 09 14:15:56 UTC 2026","Presented Checks — Smoke","specs\Smoke\5-PresentedChecksSmoke.spec.ts","",""
"","20832","Next page arrow advances to page 2","firefox","Wed Sep 09 14:12:18 UTC 2026","passed","Wed Sep 09 14:12:39 UTC 2026","Issued Checks — Smoke","specs\Smoke\4-IssuedChecksSmoke.spec.ts","",""
"","9701","Next page arrow advances to page 2","msedge","Wed Sep 09 14:16:00 UTC 2026","passed","Wed Sep 09 14:16:09 UTC 2026","ACH — Smoke","specs\Smoke\7-ACHSmoke.spec.ts","",""
"","16127","Save a filter preset, verify it is auto-selected, then delete it","chromium","Wed Sep 09 14:37:31 UTC 2026","passed","Wed Sep 09 14:37:47 UTC 2026","ACH — Smoke","specs\Smoke\7-ACHSmoke.spec.ts","",""
"","13738","Clicking a column header sorts ascending, clicking again sorts descending","chromium","Wed Sep 09 14:33:16 UTC 2026","passed","Wed Sep 09 14:33:30 UTC 2026","Issued Checks — Smoke (Continued)","specs\Smoke\4-IssuedChecksSmoke.spec.ts","",""
"","24905","Previous page button returns to page 1, First page button re-enables disabled state","webkit","Wed Sep 09 14:14:32 UTC 2026","passed","Wed Sep 09 14:14:56 UTC 2026","Issued Checks — Smoke","specs\Smoke\4-IssuedChecksSmoke.spec.ts","",""
"","10844","""+ Add ACH"" navigates to the add-ACH form","chromium","Wed Sep 09 14:34:54 UTC 2026","passed","Wed Sep 09 14:35:05 UTC 2026","ACH — Smoke","specs\Smoke\7-ACHSmoke.spec.ts","",""
"","8016","Automatic ACH Decision Rules sub-page loads correctly","chromium","Wed Sep 09 14:29:14 UTC 2026","passed","Wed Sep 09 14:29:22 UTC 2026","Application Navigation Smoke Tests","specs\Smoke\2-NavigationSmoke.spec.ts","",""
"","20692","""Delete"" on a row shows a confirm modal; Cancel dismisses it without deleting","webkit","Wed Sep 09 14:18:28 UTC 2026","passed","Wed Sep 09 14:18:48 UTC 2026","Presented Checks — Smoke (Continued)","specs\Smoke\5-PresentedChecksSmoke.spec.ts","",""
"","11791","Excel export button is visible and enabled","chromium","Wed Sep 09 14:35:30 UTC 2026","passed","Wed Sep 09 14:35:41 UTC 2026","ACH — Smoke","specs\Smoke\7-ACHSmoke.spec.ts","",""
"","11482","Typing a page number navigates to that page","msedge","Wed Sep 09 14:16:20 UTC 2026","passed","Wed Sep 09 14:16:31 UTC 2026","ACH — Smoke","specs\Smoke\7-ACHSmoke.spec.ts","",""
"","23269","Previous page button returns to page 1, First page button re-enables disabled state","firefox","Wed Sep 09 14:19:01 UTC 2026","passed","Wed Sep 09 14:19:25 UTC 2026","Exceptions — Smoke","specs\Smoke\8-ExceptionsSmoke.spec.ts","",""
"","9710","Verify dashboard loads after successful login","firefox","Wed Sep 09 14:05:48 UTC 2026","passed","Wed Sep 09 14:05:58 UTC 2026","Home Dashboard","specs\Smoke\3-HomeDashboardSmoke.spec.ts","",""
"","7495","Verify dashboard loads after successful login","msedge","Wed Sep 09 14:09:26 UTC 2026","passed","Wed Sep 09 14:09:34 UTC 2026","Home Dashboard","specs\Smoke\3-HomeDashboardSmoke.spec.ts","",""
"","5185","Validate forgot password functionality","chromium","Wed Sep 09 14:27:09 UTC 2026","passed","Wed Sep 09 14:27:14 UTC 2026","","specs\Smoke\1-LoginSmoke.spec.ts","",""
"","14225","Search box filters grid and clears correctly","firefox","Wed Sep 09 14:11:22 UTC 2026","passed","Wed Sep 09 14:11:36 UTC 2026","Issued Checks — Smoke","specs\Smoke\4-IssuedChecksSmoke.spec.ts","",""
"","11570","Last page arrow jumps to the final page","chromium","Wed Sep 09 14:31:52 UTC 2026","passed","Wed Sep 09 14:32:03 UTC 2026","Presented Checks — Smoke","specs\Smoke\5-PresentedChecksSmoke.spec.ts","",""
"","16215","Verify ACH Only tab shows ACH-specific chart sections","webkit","Wed Sep 09 14:08:10 UTC 2026","passed","Wed Sep 09 14:08:26 UTC 2026","Home Dashboard","specs\Smoke\3-HomeDashboardSmoke.spec.ts","",""
"","7670","Verify navigation to Presented Checks via nav menu","chromium","Wed Sep 09 14:29:55 UTC 2026","passed","Wed Sep 09 14:30:03 UTC 2026","Home Dashboard","specs\Smoke\3-HomeDashboardSmoke.spec.ts","",""
"","6341","Verify ACH Only tab shows ACH-specific chart sections","msedge","Wed Sep 09 14:09:56 UTC 2026","passed","Wed Sep 09 14:10:02 UTC 2026","Home Dashboard","specs\Smoke\3-HomeDashboardSmoke.spec.ts","",""
"","15252","Validate teller presented-check form shows all required fields","firefox","Wed Sep 09 14:16:34 UTC 2026","passed","Wed Sep 09 14:16:49 UTC 2026","Teller - Smoke","specs\Smoke\6-TellerSmoke.spec.ts","",""
"","17242","Exceptions breadcrumb link is visible on the page","webkit","Wed Sep 09 14:25:07 UTC 2026","passed","Wed Sep 09 14:25:24 UTC 2026","Exceptions — Smoke (Continued)","specs\Smoke\8-ExceptionsSmoke.spec.ts","",""
"","8742","Validate forgot password functionality","firefox","Wed Sep 09 14:04:45 UTC 2026","passed","Wed Sep 09 14:04:54 UTC 2026","","specs\Smoke\1-LoginSmoke.spec.ts","",""
"","18632","ACH Approval Rules sub-page loads correctly","webkit","Wed Sep 09 14:09:40 UTC 2026","passed","Wed Sep 09 14:09:58 UTC 2026","Application Navigation Smoke Tests","specs\Smoke\2-NavigationSmoke.spec.ts","",""
"","11774","Page size change to 10 updates pagination info in bottom-right pager","chromium","Wed Sep 09 14:35:30 UTC 2026","passed","Wed Sep 09 14:35:42 UTC 2026","Exceptions — Smoke","specs\Smoke\8-ExceptionsSmoke.spec.ts","",""
"","11661","Typing a page number navigates to that page","chromium","Wed Sep 09 14:31:52 UTC 2026","passed","Wed Sep 09 14:32:04 UTC 2026","Issued Checks — Smoke","specs\Smoke\4-IssuedChecksSmoke.spec.ts","",""
"","19935","""View"" (Change Log) link on a row navigates to the entity log","webkit","Wed Sep 09 14:24:06 UTC 2026","passed","Wed Sep 09 14:24:26 UTC 2026","ACH — Smoke","specs\Smoke\7-ACHSmoke.spec.ts","",""
"","15355","Verify navigation to ACH via nav menu","webkit","Wed Sep 09 14:11:30 UTC 2026","passed","Wed Sep 09 14:11:45 UTC 2026","Home Dashboard","specs\Smoke\3-HomeDashboardSmoke.spec.ts","",""
"","5250","Validate Login functionality with missingPassword","chromium","Wed Sep 09 14:26:40 UTC 2026","passed","Wed Sep 09 14:26:45 UTC 2026","","specs\Smoke\1-LoginSmoke.spec.ts","",""
"","17616","Last page arrow jumps to the final page","firefox","Wed Sep 09 14:19:13 UTC 2026","passed","Wed Sep 09 14:19:31 UTC 2026","ACH — Smoke","specs\Smoke\7-ACHSmoke.spec.ts","",""
"","19051","Exceptions breadcrumb link is visible on the page","firefox","Wed Sep 09 14:22:02 UTC 2026","passed","Wed Sep 09 14:22:21 UTC 2026","Exceptions — Smoke (Continued)","specs\Smoke\8-ExceptionsSmoke.spec.ts","",""
"","8187","Roles/Permissions sub-page loads correctly","msedge","Wed Sep 09 14:09:13 UTC 2026","passed","Wed Sep 09 14:09:21 UTC 2026","Application Navigation Smoke Tests","specs\Smoke\2-NavigationSmoke.spec.ts","",""
"","13477","Previous page button returns to page 1, First page button re-enables disabled state","chromium","Wed Sep 09 14:36:30 UTC 2026","passed","Wed Sep 09 14:36:43 UTC 2026","ACH — Smoke","specs\Smoke\7-ACHSmoke.spec.ts","",""
"","12120","Page size change to 10 updates pagination info in bottom-right pager","msedge","Wed Sep 09 14:13:17 UTC 2026","passed","Wed Sep 09 14:13:29 UTC 2026","Presented Checks — Smoke","specs\Smoke\5-PresentedChecksSmoke.spec.ts","",""
"","9083","Presented Checks page loads correctly","chromium","Wed Sep 09 14:26:22 UTC 2026","passed","Wed Sep 09 14:26:31 UTC 2026","Application Navigation Smoke Tests","specs\Smoke\2-NavigationSmoke.spec.ts","",""
"","18016","Save a filter preset, verify it is auto-selected, then delete it","chromium","Wed Sep 09 14:33:12 UTC 2026","passed","Wed Sep 09 14:33:30 UTC 2026","Presented Checks — Smoke (Continued)","specs\Smoke\5-PresentedChecksSmoke.spec.ts","",""
"","11837","Search box filters grid and clears correctly","msedge","Wed Sep 09 14:12:00 UTC 2026","passed","Wed Sep 09 14:12:12 UTC 2026","Issued Checks — Smoke","specs\Smoke\4-IssuedChecksSmoke.spec.ts","",""
"","17829","Verify summary KPI values have expected number formats","webkit","Wed Sep 09 14:09:39 UTC 2026","passed","Wed Sep 09 14:09:57 UTC 2026","Home Dashboard","specs\Smoke\3-HomeDashboardSmoke.spec.ts","",""
"","6766","Approvals page loads with either records or the empty-state message","chromium","Wed Sep 09 14:39:21 UTC 2026","passed","Wed Sep 09 14:39:28 UTC 2026","Exceptions — Smoke (Continued)","specs\Smoke\8-ExceptionsSmoke.spec.ts","",""
"","11235","Clicking a column header sorts ascending, clicking again sorts descending","msedge","Wed Sep 09 14:17:54 UTC 2026","passed","Wed Sep 09 14:18:05 UTC 2026","Exceptions — Smoke (Continued)","specs\Smoke\8-ExceptionsSmoke.spec.ts","",""
"","34874","Save a filter preset, verify it is auto-selected, then delete it","webkit","Wed Sep 09 14:22:47 UTC 2026","passed","Wed Sep 09 14:23:22 UTC 2026","Exceptions — Smoke (Continued)","specs\Smoke\8-ExceptionsSmoke.spec.ts","",""
"","16892","Check Approval Rules sub-page loads correctly","webkit","Wed Sep 09 14:09:07 UTC 2026","passed","Wed Sep 09 14:09:24 UTC 2026","Application Navigation Smoke Tests","specs\Smoke\2-NavigationSmoke.spec.ts","",""
"","5731","Validate Login functionality with incorrectUsername","chromium","Wed Sep 09 14:26:23 UTC 2026","passed","Wed Sep 09 14:26:29 UTC 2026","","specs\Smoke\1-LoginSmoke.spec.ts","",""
"","26679","Column filter popup applies a filter and Clear restores the full row set","firefox","Wed Sep 09 14:21:28 UTC 2026","passed","Wed Sep 09 14:21:54 UTC 2026","ACH — Smoke","specs\Smoke\7-ACHSmoke.spec.ts","",""
"","18108","Pay/Return decision badge navigates to exception history","webkit","Wed Sep 09 14:18:48 UTC 2026","passed","Wed Sep 09 14:19:07 UTC 2026","Presented Checks — Smoke (Continued)","specs\Smoke\5-PresentedChecksSmoke.spec.ts","",""
"","10570","Default Decision Log sub-page loads correctly","chromium","Wed Sep 09 14:29:41 UTC 2026","passed","Wed Sep 09 14:29:52 UTC 2026","Application Navigation Smoke Tests","specs\Smoke\2-NavigationSmoke.spec.ts","",""
"","15283","Verify delayed data note and force refresh link are visible on dashboard","webkit","Wed Sep 09 14:09:57 UTC 2026","passed","Wed Sep 09 14:10:12 UTC 2026","Home Dashboard","specs\Smoke\3-HomeDashboardSmoke.spec.ts","",""
"","19281","Typing a page number navigates to that page","webkit","Wed Sep 09 14:15:10 UTC 2026","passed","Wed Sep 09 14:15:30 UTC 2026","Presented Checks — Smoke","specs\Smoke\5-PresentedChecksSmoke.spec.ts","",""
"","23064","Home page is accessible and shows dashboard","firefox","Wed Sep 09 14:03:11 UTC 2026","passed","Wed Sep 09 14:03:34 UTC 2026","Application Navigation Smoke Tests","specs\Smoke\2-NavigationSmoke.spec.ts","",""
"","9153","Roles/Permissions sub-page loads correctly","chromium","Wed Sep 09 14:27:40 UTC 2026","passed","Wed Sep 09 14:27:49 UTC 2026","Application Navigation Smoke Tests","specs\Smoke\2-NavigationSmoke.spec.ts","",""
"","23452","Users sub-page loads correctly","firefox","Wed Sep 09 14:05:58 UTC 2026","passed","Wed Sep 09 14:06:22 UTC 2026","Application Navigation Smoke Tests","specs\Smoke\2-NavigationSmoke.spec.ts","",""
"","18449","Pay/Return decision badge navigates to exception history","chromium","Wed Sep 09 14:38:43 UTC 2026","passed","Wed Sep 09 14:39:02 UTC 2026","ACH — Smoke","specs\Smoke\7-ACHSmoke.spec.ts","",""
"","9352","Verify chart title changes with selected tab","chromium","Wed Sep 09 14:28:39 UTC 2026","passed","Wed Sep 09 14:28:48 UTC 2026","Home Dashboard","specs\Smoke\3-HomeDashboardSmoke.spec.ts","",""
"","17973","Grid loads with data rows and key column headers","firefox","Wed Sep 09 14:16:49 UTC 2026","passed","Wed Sep 09 14:17:07 UTC 2026","ACH — Smoke","specs\Smoke\7-ACHSmoke.spec.ts","",""
"","9249","Automatic ACH Decision Rules sub-page loads correctly","msedge","Wed Sep 09 14:10:24 UTC 2026","passed","Wed Sep 09 14:10:33 UTC 2026","Application Navigation Smoke Tests","specs\Smoke\2-NavigationSmoke.spec.ts","",""
"","12871","Excel export button is visible and enabled","firefox","Wed Sep 09 14:11:51 UTC 2026","passed","Wed Sep 09 14:12:04 UTC 2026","Presented Checks — Smoke","specs\Smoke\5-PresentedChecksSmoke.spec.ts","",""
"","15557","ACH breadcrumb link is visible on the page","firefox","Wed Sep 09 14:22:56 UTC 2026","passed","Wed Sep 09 14:23:11 UTC 2026","ACH — Smoke","specs\Smoke\7-ACHSmoke.spec.ts","",""
"","20255","Search box filters grid and clears correctly","webkit","Wed Sep 09 14:19:38 UTC 2026","passed","Wed Sep 09 14:19:58 UTC 2026","ACH — Smoke","specs\Smoke\7-ACHSmoke.spec.ts","",""
"","5715","Default Decision Log sub-page loads correctly","msedge","Wed Sep 09 14:10:46 UTC 2026","passed","Wed Sep 09 14:10:52 UTC 2026","Application Navigation Smoke Tests","specs\Smoke\2-NavigationSmoke.spec.ts","",""
"","17443","Column filter popup applies a filter and Clear restores the full row set","chromium","Wed Sep 09 14:38:00 UTC 2026","passed","Wed Sep 09 14:38:18 UTC 2026","ACH — Smoke","specs\Smoke\7-ACHSmoke.spec.ts","",""
"","17850","API link is visible and points to swagger","webkit","Wed Sep 09 14:11:12 UTC 2026","passed","Wed Sep 09 14:11:30 UTC 2026","Application Navigation Smoke Tests","specs\Smoke\2-NavigationSmoke.spec.ts","",""
"","17356","""Uploaded Checks"" navigates to the uploads page","msedge","Wed Sep 09 14:12:34 UTC 2026","passed","Wed Sep 09 14:12:51 UTC 2026","Presented Checks — Smoke","specs\Smoke\5-PresentedChecksSmoke.spec.ts","",""
"","16783","Web Hooks sub-page loads correctly","webkit","Wed Sep 09 14:11:30 UTC 2026","passed","Wed Sep 09 14:11:47 UTC 2026","Application Navigation Smoke Tests","specs\Smoke\2-NavigationSmoke.spec.ts","",""
"","12152","Exceptions breadcrumb link is visible on the page","chromium","Wed Sep 09 14:38:31 UTC 2026","passed","Wed Sep 09 14:38:43 UTC 2026","Exceptions — Smoke (Continued)","specs\Smoke\8-ExceptionsSmoke.spec.ts","",""
"","13597","Column filter menu applies a filter and Clear restores the full row set","chromium","Wed Sep 09 14:37:47 UTC 2026","passed","Wed Sep 09 14:38:00 UTC 2026","Exceptions — Smoke (Continued)","specs\Smoke\8-ExceptionsSmoke.spec.ts","",""
"","10952","Clicking a column header sorts ascending, clicking again sorts descending","chromium","Wed Sep 09 14:33:30 UTC 2026","passed","Wed Sep 09 14:33:41 UTC 2026","Presented Checks — Smoke (Continued)","specs\Smoke\5-PresentedChecksSmoke.spec.ts","",""
"","17526","Typing a page number navigates to that page","firefox","Wed Sep 09 14:12:56 UTC 2026","passed","Wed Sep 09 14:13:14 UTC 2026","Issued Checks — Smoke","specs\Smoke\4-IssuedChecksSmoke.spec.ts","",""
"","8843","Verify tab-specific charts are hidden for opposite tab","chromium","Wed Sep 09 14:28:48 UTC 2026","passed","Wed Sep 09 14:28:57 UTC 2026","Home Dashboard","specs\Smoke\3-HomeDashboardSmoke.spec.ts","",""
"","18733","Page size change to 10 updates pagination info in bottom-right pager","firefox","Wed Sep 09 14:12:04 UTC 2026","passed","Wed Sep 09 14:12:23 UTC 2026","Presented Checks — Smoke","specs\Smoke\5-PresentedChecksSmoke.spec.ts","",""
"","6730","Validate Login functionality with missingUsername","chromium","Wed Sep 09 14:26:45 UTC 2026","passed","Wed Sep 09 14:26:52 UTC 2026","","specs\Smoke\1-LoginSmoke.spec.ts","",""
"","21686","Validate Login functionality with correctCredentials","firefox","Wed Sep 09 14:03:11 UTC 2026","passed","Wed Sep 09 14:03:33 UTC 2026","","specs\Smoke\1-LoginSmoke.spec.ts","",""
"","11790","Validate forgot password with unregistered email","firefox","Wed Sep 09 14:05:01 UTC 2026","passed","Wed Sep 09 14:05:13 UTC 2026","","specs\Smoke\1-LoginSmoke.spec.ts","",""
"","14807","Validate Login functionality with correctCredentials","webkit","Wed Sep 09 14:03:08 UTC 2026","passed","Wed Sep 09 14:03:22 UTC 2026","","specs\Smoke\1-LoginSmoke.spec.ts","",""
"","7000","Verify navigation to Settings via nav menu","chromium","Wed Sep 09 14:30:18 UTC 2026","passed","Wed Sep 09 14:30:25 UTC 2026","Home Dashboard","specs\Smoke\3-HomeDashboardSmoke.spec.ts","",""
"","14450","Exceptions page loads correctly","webkit","Wed Sep 09 14:04:36 UTC 2026","passed","Wed Sep 09 14:04:50 UTC 2026","Application Navigation Smoke Tests","specs\Smoke\2-NavigationSmoke.spec.ts","",""
"","18255","Page size change to 10 updates pagination info in bottom-right pager","webkit","Wed Sep 09 14:13:14 UTC 2026","passed","Wed Sep 09 14:13:32 UTC 2026","Issued Checks — Smoke","specs\Smoke\4-IssuedChecksSmoke.spec.ts","",""
"","9859","ACH Approval Rules sub-page loads correctly","chromium","Wed Sep 09 14:29:22 UTC 2026","passed","Wed Sep 09 14:29:31 UTC 2026","Application Navigation Smoke Tests","specs\Smoke\2-NavigationSmoke.spec.ts","",""
"","18137","""View"" (Change Log) link on a row navigates to the entity log","webkit","Wed Sep 09 14:18:10 UTC 2026","passed","Wed Sep 09 14:18:28 UTC 2026","Presented Checks — Smoke (Continued)","specs\Smoke\5-PresentedChecksSmoke.spec.ts","",""
"","13203","Navigation tabs to Pre-Decisions, Approvals, and Exception History are visible","chromium","Wed Sep 09 14:38:43 UTC 2026","passed","Wed Sep 09 14:38:56 UTC 2026","Exceptions — Smoke (Continued)","specs\Smoke\8-ExceptionsSmoke.spec.ts","",""
"","26713","Column filter popup applies a filter and Clear restores the full row set","webkit","Wed Sep 09 14:16:28 UTC 2026","passed","Wed Sep 09 14:16:54 UTC 2026","Issued Checks — Smoke (Continued)","specs\Smoke\4-IssuedChecksSmoke.spec.ts","",""
"","23688","Verify Check Only tab shows Check-specific chart sections","firefox","Wed Sep 09 14:06:36 UTC 2026","passed","Wed Sep 09 14:07:00 UTC 2026","Home Dashboard","specs\Smoke\3-HomeDashboardSmoke.spec.ts","",""
"","10374","API link is visible and points to swagger","firefox","Wed Sep 09 14:10:07 UTC 2026","passed","Wed Sep 09 14:10:17 UTC 2026","Application Navigation Smoke Tests","specs\Smoke\2-NavigationSmoke.spec.ts","",""
"","6921","Notification Log sub-page loads correctly","msedge","Wed Sep 09 14:10:39 UTC 2026","passed","Wed Sep 09 14:10:46 UTC 2026","Application Navigation Smoke Tests","specs\Smoke\2-NavigationSmoke.spec.ts","",""
"","12564","Verify Total Exceptions and Total Exception Amount labels are visible","firefox","Wed Sep 09 14:07:54 UTC 2026","passed","Wed Sep 09 14:08:07 UTC 2026","Home Dashboard","specs\Smoke\3-HomeDashboardSmoke.spec.ts","",""
"","11090","""Uploaded Checks"" navigates to the uploads page","msedge","Wed Sep 09 14:11:49 UTC 2026","passed","Wed Sep 09 14:12:00 UTC 2026","Issued Checks — Smoke","specs\Smoke\4-IssuedChecksSmoke.spec.ts","",""
"","30689","Default filter auto-applies after logout and re-login","chromium","Wed Sep 09 14:36:43 UTC 2026","passed","Wed Sep 09 14:37:14 UTC 2026","Exceptions — Default Filter (Serial)","specs\Smoke\8-ExceptionsSmoke.spec.ts","",""
"","20577","Automatic Check Decision Rules sub-page loads correctly","webkit","Wed Sep 09 14:08:46 UTC 2026","passed","Wed Sep 09 14:09:07 UTC 2026","Application Navigation Smoke Tests","specs\Smoke\2-NavigationSmoke.spec.ts","",""
"","8099","Verify summary KPI values have expected number formats","chromium","Wed Sep 09 14:29:05 UTC 2026","passed","Wed Sep 09 14:29:13 UTC 2026","Home Dashboard","specs\Smoke\3-HomeDashboardSmoke.spec.ts","",""
"","6517","ACH Approval Rules sub-page loads correctly","msedge","Wed Sep 09 14:10:33 UTC 2026","passed","Wed Sep 09 14:10:39 UTC 2026","Application Navigation Smoke Tests","specs\Smoke\2-NavigationSmoke.spec.ts","",""
"","10056","Check Approval Rules sub-page loads correctly","msedge","Wed Sep 09 14:10:13 UTC 2026","passed","Wed Sep 09 14:10:24 UTC 2026","Application Navigation Smoke Tests","specs\Smoke\2-NavigationSmoke.spec.ts","",""
"","27069","Pay/Return decision badge navigates to exception history","firefox","Wed Sep 09 14:22:29 UTC 2026","passed","Wed Sep 09 14:22:56 UTC 2026","ACH — Smoke","specs\Smoke\7-ACHSmoke.spec.ts","",""
"","12065","Typing a page number navigates to that page","msedge","Wed Sep 09 14:13:57 UTC 2026","passed","Wed Sep 09 14:14:10 UTC 2026","Presented Checks — Smoke","specs\Smoke\5-PresentedChecksSmoke.spec.ts","",""
"","15542","Save a filter preset, verify it is auto-selected, then delete it","chromium","Wed Sep 09 14:33:01 UTC 2026","passed","Wed Sep 09 14:33:16 UTC 2026","Issued Checks — Smoke (Continued)","specs\Smoke\4-IssuedChecksSmoke.spec.ts","",""
"","17861","Verify tab-specific charts are hidden for opposite tab","webkit","Wed Sep 09 14:09:07 UTC 2026","passed","Wed Sep 09 14:09:24 UTC 2026","Home Dashboard","specs\Smoke\3-HomeDashboardSmoke.spec.ts","",""
"","18349","Clicking a column header sorts ascending, clicking again sorts descending","firefox","Wed Sep 09 14:14:36 UTC 2026","passed","Wed Sep 09 14:14:55 UTC 2026","Presented Checks — Smoke (Continued)","specs\Smoke\5-PresentedChecksSmoke.spec.ts","",""
"","20101","Search box filters grid and clears correctly","firefox","Wed Sep 09 14:17:07 UTC 2026","passed","Wed Sep 09 14:17:27 UTC 2026","Exceptions — Smoke","specs\Smoke\8-ExceptionsSmoke.spec.ts","",""
"","16192","Default filter auto-applies after logout and re-login","firefox","Wed Sep 09 14:20:28 UTC 2026","skipped","Wed Sep 09 14:20:45 UTC 2026","ACH — Smoke","specs\Smoke\7-ACHSmoke.spec.ts","",""
"","20839","Grid loads with data rows and key column headers","webkit","Wed Sep 09 14:18:39 UTC 2026","passed","Wed Sep 09 14:19:00 UTC 2026","ACH — Smoke","specs\Smoke\7-ACHSmoke.spec.ts","",""
"","19349","Search box filters grid and clears correctly","webkit","Wed Sep 09 14:12:36 UTC 2026","passed","Wed Sep 09 14:12:56 UTC 2026","Issued Checks — Smoke","specs\Smoke\4-IssuedChecksSmoke.spec.ts","",""
"","28386","Account Settings sub-page loads correctly","webkit","Wed Sep 09 14:05:08 UTC 2026","passed","Wed Sep 09 14:05:36 UTC 2026","Application Navigation Smoke Tests","specs\Smoke\2-NavigationSmoke.spec.ts","",""
"","10742","Excel export button is visible and enabled","chromium","Wed Sep 09 14:35:19 UTC 2026","passed","Wed Sep 09 14:35:30 UTC 2026","Exceptions — Smoke","specs\Smoke\8-ExceptionsSmoke.spec.ts","",""
"","15940","Grid loads with data rows and key column headers","firefox","Wed Sep 09 14:10:30 UTC 2026","passed","Wed Sep 09 14:10:46 UTC 2026","Issued Checks — Smoke","specs\Smoke\4-IssuedChecksSmoke.spec.ts","",""
"","26508","Column filter popup applies a filter and Clear restores the full row set","webkit","Wed Sep 09 14:17:23 UTC 2026","passed","Wed Sep 09 14:17:50 UTC 2026","Presented Checks — Smoke (Continued)","specs\Smoke\5-PresentedChecksSmoke.spec.ts","",""
"","18048","""Edit"" link on a row navigates to the check edit form","firefox","Wed Sep 09 14:15:17 UTC 2026","passed","Wed Sep 09 14:15:35 UTC 2026","Issued Checks — Smoke (Continued)","specs\Smoke\4-IssuedChecksSmoke.spec.ts","",""
"","17013","Branding sub-page loads correctly","webkit","Wed Sep 09 14:07:05 UTC 2026","passed","Wed Sep 09 14:07:22 UTC 2026","Application Navigation Smoke Tests","specs\Smoke\2-NavigationSmoke.spec.ts","",""
"","11052","Automatic Check Decision Rules sub-page loads correctly","chromium","Wed Sep 09 14:28:53 UTC 2026","passed","Wed Sep 09 14:29:04 UTC 2026","Application Navigation Smoke Tests","specs\Smoke\2-NavigationSmoke.spec.ts","",""
"","11295","Grid loads with data rows and key column headers","msedge","Wed Sep 09 14:12:11 UTC 2026","passed","Wed Sep 09 14:12:23 UTC 2026","Presented Checks — Smoke","specs\Smoke\5-PresentedChecksSmoke.spec.ts","",""
"","8045","""View"" (Change Log) link on a row navigates to the entity log","msedge","Wed Sep 09 14:17:33 UTC 2026","passed","Wed Sep 09 14:17:41 UTC 2026","ACH — Smoke","specs\Smoke\7-ACHSmoke.spec.ts","",""
"","12220","Home page is accessible and shows dashboard","msedge","Wed Sep 09 14:07:59 UTC 2026","passed","Wed Sep 09 14:08:11 UTC 2026","Application Navigation Smoke Tests","specs\Smoke\2-NavigationSmoke.spec.ts","",""
"","18687","""Edit"" link on a row navigates to the check edit form","firefox","Wed Sep 09 14:15:16 UTC 2026","passed","Wed Sep 09 14:15:35 UTC 2026","Presented Checks — Smoke (Continued)","specs\Smoke\5-PresentedChecksSmoke.spec.ts","",""
"","20436","Verify chart title changes with selected tab","webkit","Wed Sep 09 14:08:46 UTC 2026","passed","Wed Sep 09 14:09:06 UTC 2026","Home Dashboard","specs\Smoke\3-HomeDashboardSmoke.spec.ts","",""
"","4900","Approvals page loads with either records or the empty-state message","msedge","Wed Sep 09 14:18:59 UTC 2026","passed","Wed Sep 09 14:19:04 UTC 2026","Exceptions — Smoke (Continued)","specs\Smoke\8-ExceptionsSmoke.spec.ts","",""
"","18996","Saved Filters dropdown is visible and defaults to no preset","firefox","Wed Sep 09 14:19:25 UTC 2026","passed","Wed Sep 09 14:19:44 UTC 2026","Exceptions — Smoke","specs\Smoke\8-ExceptionsSmoke.spec.ts","",""
"","7307","Account Settings sub-page loads correctly","msedge","Wed Sep 09 14:08:51 UTC 2026","passed","Wed Sep 09 14:08:59 UTC 2026","Application Navigation Smoke Tests","specs\Smoke\2-NavigationSmoke.spec.ts","",""
"","9335","""+ Add Check"" navigates to the add-check form","msedge","Wed Sep 09 14:11:39 UTC 2026","passed","Wed Sep 09 14:11:49 UTC 2026","Issued Checks — Smoke","specs\Smoke\4-IssuedChecksSmoke.spec.ts","",""
"","9371","Excel export button is visible and enabled","msedge","Wed Sep 09 14:16:21 UTC 2026","passed","Wed Sep 09 14:16:30 UTC 2026","Exceptions — Smoke","specs\Smoke\8-ExceptionsSmoke.spec.ts","",""
"","19955","Next page arrow advances to page 2","webkit","Wed Sep 09 14:20:35 UTC 2026","passed","Wed Sep 09 14:20:55 UTC 2026","ACH — Smoke","specs\Smoke\7-ACHSmoke.spec.ts","",""
"","13244","Clicking a column header sorts ascending, clicking again sorts descending","chromium","Wed Sep 09 14:37:47 UTC 2026","passed","Wed Sep 09 14:38:00 UTC 2026","ACH — Smoke","specs\Smoke\7-ACHSmoke.spec.ts","",""
"","14830","ACH Approval Rules sub-page loads correctly","firefox","Wed Sep 09 14:08:56 UTC 2026","passed","Wed Sep 09 14:09:10 UTC 2026","Application Navigation Smoke Tests","specs\Smoke\2-NavigationSmoke.spec.ts","",""
"","22590","Search box filters grid and clears correctly","webkit","Wed Sep 09 14:19:44 UTC 2026","passed","Wed Sep 09 14:20:07 UTC 2026","Exceptions — Smoke","specs\Smoke\8-ExceptionsSmoke.spec.ts","",""
"","6899","Pre-Decisions page loads with either records or the empty-state message","firefox","Wed Sep 09 14:23:22 UTC 2026","passed","Wed Sep 09 14:23:29 UTC 2026","Exceptions — Smoke (Continued)","specs\Smoke\8-ExceptionsSmoke.spec.ts","",""
"","5140","Validate Login functionality with invalidEmailFormat","chromium","Wed Sep 09 14:26:29 UTC 2026","passed","Wed Sep 09 14:26:34 UTC 2026","","specs\Smoke\1-LoginSmoke.spec.ts","",""
"","10516","Branding sub-page loads correctly","chromium","Wed Sep 09 14:27:49 UTC 2026","passed","Wed Sep 09 14:28:00 UTC 2026","Application Navigation Smoke Tests","specs\Smoke\2-NavigationSmoke.spec.ts","",""
"","36958","Pay/Return decision badge navigates to exception history","webkit","Wed Sep 09 14:24:47 UTC 2026","passed","Wed Sep 09 14:25:24 UTC 2026","ACH — Smoke","specs\Smoke\7-ACHSmoke.spec.ts","",""
"","9703","Grid loads with data rows and key column headers","chromium","Wed Sep 09 14:30:25 UTC 2026","passed","Wed Sep 09 14:30:35 UTC 2026","Issued Checks — Smoke","specs\Smoke\4-IssuedChecksSmoke.spec.ts","",""
"","24238","Save a filter preset, verify it is auto-selected, then delete it","firefox","Wed Sep 09 14:14:08 UTC 2026","passed","Wed Sep 09 14:14:33 UTC 2026","Issued Checks — Smoke (Continued)","specs\Smoke\4-IssuedChecksSmoke.spec.ts","",""
"","6479","Presented Checks page loads correctly","msedge","Wed Sep 09 14:08:19 UTC 2026","passed","Wed Sep 09 14:08:25 UTC 2026","Application Navigation Smoke Tests","specs\Smoke\2-NavigationSmoke.spec.ts","",""
"","10926","""Uploaded Checks"" navigates to the uploads page","chromium","Wed Sep 09 14:30:55 UTC 2026","passed","Wed Sep 09 14:31:06 UTC 2026","Presented Checks — Smoke","specs\Smoke\5-PresentedChecksSmoke.spec.ts","",""
"","6975","Billing Reports sub-page loads correctly","msedge","Wed Sep 09 14:09:28 UTC 2026","passed","Wed Sep 09 14:09:35 UTC 2026","Application Navigation Smoke Tests","specs\Smoke\2-NavigationSmoke.spec.ts","",""
"","7360","Grid View toggle navigates to the open-exceptions grid and shows key column headers","msedge","Wed Sep 09 14:18:51 UTC 2026","passed","Wed Sep 09 14:18:59 UTC 2026","Exceptions — Smoke (Continued)","specs\Smoke\8-ExceptionsSmoke.spec.ts","",""
"","19254","Page size change to 10 updates pagination info in bottom-right pager","webkit","Wed Sep 09 14:20:16 UTC 2026","passed","Wed Sep 09 14:20:35 UTC 2026","ACH — Smoke","specs\Smoke\7-ACHSmoke.spec.ts","",""
"","4917","Validate Login functionality with sqlInjection","msedge","Wed Sep 09 14:08:46 UTC 2026","passed","Wed Sep 09 14:08:51 UTC 2026","","specs\Smoke\1-LoginSmoke.spec.ts","",""
"","10804","System Log sub-page loads correctly","chromium","Wed Sep 09 14:29:52 UTC 2026","passed","Wed Sep 09 14:30:03 UTC 2026","Application Navigation Smoke Tests","specs\Smoke\2-NavigationSmoke.spec.ts","",""
"","11221","Validate session persists after page refresh","chromium","Wed Sep 09 14:27:27 UTC 2026","passed","Wed Sep 09 14:27:38 UTC 2026","","specs\Smoke\1-LoginSmoke.spec.ts","",""
"","10312","Excel export button is visible and enabled","msedge","Wed Sep 09 14:12:12 UTC 2026","passed","Wed Sep 09 14:12:22 UTC 2026","Issued Checks — Smoke","specs\Smoke\4-IssuedChecksSmoke.spec.ts","",""
"","5638","Validate Login functionality with emptyFields","chromium","Wed Sep 09 14:26:34 UTC 2026","passed","Wed Sep 09 14:26:40 UTC 2026","","specs\Smoke\1-LoginSmoke.spec.ts","",""
"","17117","Saved Filters dropdown is visible and defaults to no preset","webkit","Wed Sep 09 14:15:56 UTC 2026","passed","Wed Sep 09 14:16:13 UTC 2026","Presented Checks — Smoke","specs\Smoke\5-PresentedChecksSmoke.spec.ts","",""
"","12036","Column filter popup applies a filter and Clear restores the full row set","msedge","Wed Sep 09 14:15:03 UTC 2026","passed","Wed Sep 09 14:15:15 UTC 2026","Presented Checks — Smoke (Continued)","specs\Smoke\5-PresentedChecksSmoke.spec.ts","",""
"","20566","Typing a page number navigates to that page","firefox","Wed Sep 09 14:18:41 UTC 2026","passed","Wed Sep 09 14:19:01 UTC 2026","Exceptions — Smoke","specs\Smoke\8-ExceptionsSmoke.spec.ts","",""
"","7116","Verify dashboard footer footnote and privacy link are visible","msedge","Wed Sep 09 14:11:06 UTC 2026","passed","Wed Sep 09 14:11:13 UTC 2026","Home Dashboard","specs\Smoke\3-HomeDashboardSmoke.spec.ts","",""
"","12237","Saved Filters dropdown is visible and defaults to no preset","chromium","Wed Sep 09 14:32:18 UTC 2026","passed","Wed Sep 09 14:32:30 UTC 2026","Issued Checks — Smoke","specs\Smoke\4-IssuedChecksSmoke.spec.ts","",""
"","11569","Page size change to 10 updates pagination info in bottom-right pager","chromium","Wed Sep 09 14:31:18 UTC 2026","passed","Wed Sep 09 14:31:30 UTC 2026","Issued Checks — Smoke","specs\Smoke\4-IssuedChecksSmoke.spec.ts","",""
"","8744","Web Hooks sub-page loads correctly","msedge","Wed Sep 09 14:11:21 UTC 2026","passed","Wed Sep 09 14:11:30 UTC 2026","Application Navigation Smoke Tests","specs\Smoke\2-NavigationSmoke.spec.ts","",""
"","10151","Validate Login functionality with sqlInjection","webkit","Wed Sep 09 14:04:39 UTC 2026","passed","Wed Sep 09 14:04:50 UTC 2026","","specs\Smoke\1-LoginSmoke.spec.ts","",""
"","19924","Verify delayed data note and force refresh link are visible on dashboard","msedge","Wed Sep 09 14:10:46 UTC 2026","passed","Wed Sep 09 14:11:06 UTC 2026","Home Dashboard","specs\Smoke\3-HomeDashboardSmoke.spec.ts","",""
"","10370","ACH breadcrumb link is visible on the page","chromium","Wed Sep 09 14:39:02 UTC 2026","passed","Wed Sep 09 14:39:12 UTC 2026","ACH — Smoke","specs\Smoke\7-ACHSmoke.spec.ts","",""
"","7333","Validate teller presented-check form shows all required fields","msedge","Wed Sep 09 14:14:57 UTC 2026","passed","Wed Sep 09 14:15:04 UTC 2026","Teller - Smoke","specs\Smoke\6-TellerSmoke.spec.ts","",""
"","16048","Default filter auto-applies after logout and re-login","firefox","Wed Sep 09 14:13:52 UTC 2026","skipped","Wed Sep 09 14:14:08 UTC 2026","Presented Checks — Default Filter (Serial)","specs\Smoke\5-PresentedChecksSmoke.spec.ts","",""
"","13456","Save a filter preset, verify it is auto-selected, then delete it","msedge","Wed Sep 09 14:17:40 UTC 2026","passed","Wed Sep 09 14:17:54 UTC 2026","Exceptions — Smoke (Continued)","specs\Smoke\8-ExceptionsSmoke.spec.ts","",""
"","9176","Clicking a column header sorts ascending, clicking again sorts descending","msedge","Wed Sep 09 14:17:12 UTC 2026","passed","Wed Sep 09 14:17:22 UTC 2026","ACH — Smoke","specs\Smoke\7-ACHSmoke.spec.ts","",""
"","19720","Grid loads with data rows and key column headers","webkit","Wed Sep 09 14:12:36 UTC 2026","passed","Wed Sep 09 14:12:56 UTC 2026","Presented Checks — Smoke","specs\Smoke\5-PresentedChecksSmoke.spec.ts","",""
"","5548","Validate Login functionality with veryLongInput","chromium","Wed Sep 09 14:27:03 UTC 2026","passed","Wed Sep 09 14:27:09 UTC 2026","","specs\Smoke\1-LoginSmoke.spec.ts","",""
"","10435","Previous page button returns to page 1, First page button re-enables disabled state","msedge","Wed Sep 09 14:16:31 UTC 2026","passed","Wed Sep 09 14:16:42 UTC 2026","ACH — Smoke","specs\Smoke\7-ACHSmoke.spec.ts","",""
"","15187","Verify dashboard tab checked state updates correctly","firefox","Wed Sep 09 14:07:13 UTC 2026","passed","Wed Sep 09 14:07:28 UTC 2026","Home Dashboard","specs\Smoke\3-HomeDashboardSmoke.spec.ts","",""
"","9720","File Processing sub-page loads correctly","chromium","Wed Sep 09 14:30:03 UTC 2026","passed","Wed Sep 09 14:30:13 UTC 2026","Application Navigation Smoke Tests","specs\Smoke\2-NavigationSmoke.spec.ts","",""
"","10995","Grid loads with data rows and key column headers","chromium","Wed Sep 09 14:34:43 UTC 2026","passed","Wed Sep 09 14:34:54 UTC 2026","ACH — Smoke","specs\Smoke\7-ACHSmoke.spec.ts","",""
"","5282","Validate Login functionality with invalidEmailFormat","firefox","Wed Sep 09 14:03:58 UTC 2026","passed","Wed Sep 09 14:04:03 UTC 2026","","specs\Smoke\1-LoginSmoke.spec.ts","",""
"","9933","Check Approval Rules sub-page loads correctly","chromium","Wed Sep 09 14:29:04 UTC 2026","passed","Wed Sep 09 14:29:14 UTC 2026","Application Navigation Smoke Tests","specs\Smoke\2-NavigationSmoke.spec.ts","",""
"","12851","Typing a page number navigates to that page","chromium","Wed Sep 09 14:32:04 UTC 2026","passed","Wed Sep 09 14:32:16 UTC 2026","Presented Checks — Smoke","specs\Smoke\5-PresentedChecksSmoke.spec.ts","",""
"","6079","Validate Login functionality with sqlInjection","chromium","Wed Sep 09 14:26:52 UTC 2026","passed","Wed Sep 09 14:26:58 UTC 2026","","specs\Smoke\1-LoginSmoke.spec.ts","",""
"","8986","API link is visible and points to swagger","chromium","Wed Sep 09 14:30:13 UTC 2026","passed","Wed Sep 09 14:30:22 UTC 2026","Application Navigation Smoke Tests","specs\Smoke\2-NavigationSmoke.spec.ts","",""
"","27234","""View"" link on a row opens the Exception Details dialog","webkit","Wed Sep 09 14:24:10 UTC 2026","passed","Wed Sep 09 14:24:38 UTC 2026","Exceptions — Smoke (Continued)","specs\Smoke\8-ExceptionsSmoke.spec.ts","",""
"","31157","Validate session persists after page refresh","firefox","Wed Sep 09 14:05:13 UTC 2026","passed","Wed Sep 09 14:05:44 UTC 2026","","specs\Smoke\1-LoginSmoke.spec.ts","",""
"","10642","""+ Add Check"" navigates to the add-check form","chromium","Wed Sep 09 14:30:45 UTC 2026","passed","Wed Sep 09 14:30:55 UTC 2026","Presented Checks — Smoke","specs\Smoke\5-PresentedChecksSmoke.spec.ts","",""
"","11546","""Uploaded ACH"" navigates to the uploads page","chromium","Wed Sep 09 14:35:05 UTC 2026","passed","Wed Sep 09 14:35:17 UTC 2026","ACH — Smoke","specs\Smoke\7-ACHSmoke.spec.ts","",""
"","17544","Issued Checks breadcrumb link is visible on the page","webkit","Wed Sep 09 14:18:03 UTC 2026","passed","Wed Sep 09 14:18:21 UTC 2026","Issued Checks — Smoke (Continued)","specs\Smoke\4-IssuedChecksSmoke.spec.ts","",""
"","16444","Default filter auto-applies after logout and re-login","firefox","Wed Sep 09 14:13:52 UTC 2026","skipped","Wed Sep 09 14:14:08 UTC 2026","Issued Checks — Default Filter (Serial)","specs\Smoke\4-IssuedChecksSmoke.spec.ts","",""
"","8523","Pay/Return decision badge navigates to exception history","msedge","Wed Sep 09 14:15:43 UTC 2026","passed","Wed Sep 09 14:15:51 UTC 2026","Presented Checks — Smoke (Continued)","specs\Smoke\5-PresentedChecksSmoke.spec.ts","",""
"","15876","Teller page loads correctly","webkit","Wed Sep 09 14:04:03 UTC 2026","passed","Wed Sep 09 14:04:19 UTC 2026","Application Navigation Smoke Tests","specs\Smoke\2-NavigationSmoke.spec.ts","",""
"","14267","Verify tab-specific charts are hidden for opposite tab","firefox","Wed Sep 09 14:07:40 UTC 2026","passed","Wed Sep 09 14:07:54 UTC 2026","Home Dashboard","specs\Smoke\3-HomeDashboardSmoke.spec.ts","",""
"","8026","Verify delayed data note and force refresh link are visible on dashboard","chromium","Wed Sep 09 14:29:13 UTC 2026","passed","Wed Sep 09 14:29:21 UTC 2026","Home Dashboard","specs\Smoke\3-HomeDashboardSmoke.spec.ts","",""
"","12086","File Formats sub-page loads correctly","chromium","Wed Sep 09 14:28:30 UTC 2026","passed","Wed Sep 09 14:28:42 UTC 2026","Application Navigation Smoke Tests","specs\Smoke\2-NavigationSmoke.spec.ts","",""
"","16831","Verify Home dashboard is restored after returning from another page","webkit","Wed Sep 09 14:10:43 UTC 2026","passed","Wed Sep 09 14:10:59 UTC 2026","Home Dashboard","specs\Smoke\3-HomeDashboardSmoke.spec.ts","",""
"","9360","Settings page loads correctly","chromium","Wed Sep 09 14:27:01 UTC 2026","passed","Wed Sep 09 14:27:10 UTC 2026","Application Navigation Smoke Tests","specs\Smoke\2-NavigationSmoke.spec.ts","",""
"","8731","Notification Templates sub-page loads correctly","msedge","Wed Sep 09 14:09:57 UTC 2026","passed","Wed Sep 09 14:10:06 UTC 2026","Application Navigation Smoke Tests","specs\Smoke\2-NavigationSmoke.spec.ts","",""
"","9929","Issued Checks page loads correctly","chromium","Wed Sep 09 14:26:12 UTC 2026","passed","Wed Sep 09 14:26:22 UTC 2026","Application Navigation Smoke Tests","specs\Smoke\2-NavigationSmoke.spec.ts","",""
"","16721","ACH page loads correctly","webkit","Wed Sep 09 14:04:19 UTC 2026","passed","Wed Sep 09 14:04:36 UTC 2026","Application Navigation Smoke Tests","specs\Smoke\2-NavigationSmoke.spec.ts","",""
"","16031","Decision Files sub-page loads correctly","webkit","Wed Sep 09 14:07:39 UTC 2026","passed","Wed Sep 09 14:07:55 UTC 2026","Application Navigation Smoke Tests","specs\Smoke\2-NavigationSmoke.spec.ts","",""
"","11627","Next page arrow advances to page 2","chromium","Wed Sep 09 14:31:40 UTC 2026","passed","Wed Sep 09 14:31:52 UTC 2026","Presented Checks — Smoke","specs\Smoke\5-PresentedChecksSmoke.spec.ts","",""
"","15567","Verify navigation to Settings via nav menu","webkit","Wed Sep 09 14:12:20 UTC 2026","passed","Wed Sep 09 14:12:36 UTC 2026","Home Dashboard","specs\Smoke\3-HomeDashboardSmoke.spec.ts","",""
"","20584","Next page arrow advances to page 2","webkit","Wed Sep 09 14:13:32 UTC 2026","passed","Wed Sep 09 14:13:53 UTC 2026","Issued Checks — Smoke","specs\Smoke\4-IssuedChecksSmoke.spec.ts","",""
"","7242","Settings page loads correctly","msedge","Wed Sep 09 14:08:44 UTC 2026","passed","Wed Sep 09 14:08:51 UTC 2026","Application Navigation Smoke Tests","specs\Smoke\2-NavigationSmoke.spec.ts","",""
"","14017","Validate Login functionality with correctCredentials","chromium","Wed Sep 09 14:25:55 UTC 2026","passed","Wed Sep 09 14:26:09 UTC 2026","","specs\Smoke\1-LoginSmoke.spec.ts","",""
"","21549","Previous page button returns to page 1, First page button re-enables disabled state","firefox","Wed Sep 09 14:13:14 UTC 2026","passed","Wed Sep 09 14:13:35 UTC 2026","Issued Checks — Smoke","specs\Smoke\4-IssuedChecksSmoke.spec.ts","",""
"","7862","Verify dashboard footer footnote and privacy link are visible","chromium","Wed Sep 09 14:29:21 UTC 2026","passed","Wed Sep 09 14:29:29 UTC 2026","Home Dashboard","specs\Smoke\3-HomeDashboardSmoke.spec.ts","",""
"","7629","Validate forgot password functionality with No email","firefox","Wed Sep 09 14:04:54 UTC 2026","passed","Wed Sep 09 14:05:01 UTC 2026","","specs\Smoke\1-LoginSmoke.spec.ts","",""
"","18873","Page size change to 10 updates pagination info in bottom-right pager","webkit","Wed Sep 09 14:20:26 UTC 2026","passed","Wed Sep 09 14:20:45 UTC 2026","Exceptions — Smoke","specs\Smoke\8-ExceptionsSmoke.spec.ts","",""
"","21826","Clicking a column header sorts ascending, clicking again sorts descending","webkit","Wed Sep 09 14:23:22 UTC 2026","passed","Wed Sep 09 14:23:44 UTC 2026","Exceptions — Smoke (Continued)","specs\Smoke\8-ExceptionsSmoke.spec.ts","",""
"","16164","Home page is accessible and shows dashboard","chromium","Wed Sep 09 14:25:56 UTC 2026","passed","Wed Sep 09 14:26:12 UTC 2026","Application Navigation Smoke Tests","specs\Smoke\2-NavigationSmoke.spec.ts","",""
"","19688","Search box filters grid and clears correctly","firefox","Wed Sep 09 14:17:45 UTC 2026","passed","Wed Sep 09 14:18:04 UTC 2026","ACH — Smoke","specs\Smoke\7-ACHSmoke.spec.ts","",""
"","16714","Saved Filters dropdown is visible and defaults to no preset","firefox","Wed Sep 09 14:13:35 UTC 2026","passed","Wed Sep 09 14:13:52 UTC 2026","Presented Checks — Smoke","specs\Smoke\5-PresentedChecksSmoke.spec.ts","",""
"","18860","Issued Checks page loads correctly","webkit","Wed Sep 09 14:03:27 UTC 2026","passed","Wed Sep 09 14:03:46 UTC 2026","Application Navigation Smoke Tests","specs\Smoke\2-NavigationSmoke.spec.ts","",""
"","11697","Saved Filters dropdown is visible and defaults to no preset","chromium","Wed Sep 09 14:32:30 UTC 2026","passed","Wed Sep 09 14:32:42 UTC 2026","Presented Checks — Smoke","specs\Smoke\5-PresentedChecksSmoke.spec.ts","",""
"","10001","Validate Login functionality with caseSensitiveEmail","firefox","Wed Sep 09 14:03:35 UTC 2026","passed","Wed Sep 09 14:03:45 UTC 2026","","specs\Smoke\1-LoginSmoke.spec.ts","",""
"","4502","Pre-Decisions page loads with either records or the empty-state message","msedge","Wed Sep 09 14:19:04 UTC 2026","passed","Wed Sep 09 14:19:08 UTC 2026","Exceptions — Smoke (Continued)","specs\Smoke\8-ExceptionsSmoke.spec.ts","",""
"","16223","Typing a page number navigates to that page","firefox","Wed Sep 09 14:12:58 UTC 2026","passed","Wed Sep 09 14:13:14 UTC 2026","Presented Checks — Smoke","specs\Smoke\5-PresentedChecksSmoke.spec.ts","",""
"","17824","Holiday Schedules sub-page loads correctly","firefox","Wed Sep 09 14:07:23 UTC 2026","passed","Wed Sep 09 14:07:41 UTC 2026","Application Navigation Smoke Tests","specs\Smoke\2-NavigationSmoke.spec.ts","",""
"","8019","Verify navigation to ACH via nav menu","chromium","Wed Sep 09 14:30:03 UTC 2026","passed","Wed Sep 09 14:30:11 UTC 2026","Home Dashboard","specs\Smoke\3-HomeDashboardSmoke.spec.ts","",""
"","19413","Grid loads with data rows and key column headers","firefox","Wed Sep 09 14:10:31 UTC 2026","passed","Wed Sep 09 14:10:50 UTC 2026","Presented Checks — Smoke","specs\Smoke\5-PresentedChecksSmoke.spec.ts","",""
"","13427","Automatic Check Decision Rules sub-page loads correctly","firefox","Wed Sep 09 14:08:07 UTC 2026","passed","Wed Sep 09 14:08:20 UTC 2026","Application Navigation Smoke Tests","specs\Smoke\2-NavigationSmoke.spec.ts","",""
"","13391","Default Decision Log sub-page loads correctly","firefox","Wed Sep 09 14:09:20 UTC 2026","passed","Wed Sep 09 14:09:33 UTC 2026","Application Navigation Smoke Tests","specs\Smoke\2-NavigationSmoke.spec.ts","",""
"","9964","""+ Add Check"" navigates to the add-check form","chromium","Wed Sep 09 14:30:35 UTC 2026","passed","Wed Sep 09 14:30:45 UTC 2026","Issued Checks — Smoke","specs\Smoke\4-IssuedChecksSmoke.spec.ts","",""
"","9741","Grid loads with data rows and key column headers","msedge","Wed Sep 09 14:11:30 UTC 2026","passed","Wed Sep 09 14:11:39 UTC 2026","Issued Checks — Smoke","specs\Smoke\4-IssuedChecksSmoke.spec.ts","",""
"","11503","Validate Login functionality with correctCredentials","msedge","Wed Sep 09 14:07:59 UTC 2026","passed","Wed Sep 09 14:08:10 UTC 2026","","specs\Smoke\1-LoginSmoke.spec.ts","",""
"","12902","Default filter auto-applies after logout and re-login","firefox","Wed Sep 09 14:19:44 UTC 2026","skipped","Wed Sep 09 14:19:57 UTC 2026","Exceptions — Default Filter (Serial)","specs\Smoke\8-ExceptionsSmoke.spec.ts","",""
"","9199","Billing Reports sub-page loads correctly","chromium","Wed Sep 09 14:28:00 UTC 2026","passed","Wed Sep 09 14:28:09 UTC 2026","Application Navigation Smoke Tests","specs\Smoke\2-NavigationSmoke.spec.ts","",""
"","28925","Decision badge on an already-reviewed row is blocked with a system message","webkit","Wed Sep 09 14:24:38 UTC 2026","passed","Wed Sep 09 14:25:07 UTC 2026","Exceptions — Smoke (Continued)","specs\Smoke\8-ExceptionsSmoke.spec.ts","",""
"","5782","Validate unauthenticated access to protected route is redirected to login","msedge","Wed Sep 09 14:09:20 UTC 2026","passed","Wed Sep 09 14:09:26 UTC 2026","","specs\Smoke\1-LoginSmoke.spec.ts","",""
"","8792","Verify profile menu shows My Info and Logout links","firefox","Wed Sep 09 14:08:47 UTC 2026","passed","Wed Sep 09 14:08:56 UTC 2026","Home Dashboard","specs\Smoke\3-HomeDashboardSmoke.spec.ts","",""
"","7772","Automatic Check Decision Rules sub-page loads correctly","msedge","Wed Sep 09 14:10:06 UTC 2026","passed","Wed Sep 09 14:10:13 UTC 2026","Application Navigation Smoke Tests","specs\Smoke\2-NavigationSmoke.spec.ts","",""
"","7236","Decision badge on an already-reviewed row is blocked with a system message","msedge","Wed Sep 09 14:18:26 UTC 2026","passed","Wed Sep 09 14:18:34 UTC 2026","Exceptions — Smoke (Continued)","specs\Smoke\8-ExceptionsSmoke.spec.ts","",""
"","20863","Last page arrow jumps to the final page","webkit","Wed Sep 09 14:21:07 UTC 2026","passed","Wed Sep 09 14:21:28 UTC 2026","Exceptions — Smoke","specs\Smoke\8-ExceptionsSmoke.spec.ts","",""
"","10198","Excel export button is visible and enabled","chromium","Wed Sep 09 14:31:19 UTC 2026","passed","Wed Sep 09 14:31:29 UTC 2026","Presented Checks — Smoke","specs\Smoke\5-PresentedChecksSmoke.spec.ts","",""
"","10473","Notification Templates sub-page loads correctly","chromium","Wed Sep 09 14:28:42 UTC 2026","passed","Wed Sep 09 14:28:52 UTC 2026","Application Navigation Smoke Tests","specs\Smoke\2-NavigationSmoke.spec.ts","",""
"","7457","Verify Check Only tab shows Check-specific chart sections","msedge","Wed Sep 09 14:09:49 UTC 2026","passed","Wed Sep 09 14:09:56 UTC 2026","Home Dashboard","specs\Smoke\3-HomeDashboardSmoke.spec.ts","",""
"","17810","Verify all three dashboard view tabs are visible","firefox","Wed Sep 09 14:05:58 UTC 2026","passed","Wed Sep 09 14:06:16 UTC 2026","Home Dashboard","specs\Smoke\3-HomeDashboardSmoke.spec.ts","",""
"","23882","Validate forgot password functionality with No email","webkit","Wed Sep 09 14:05:35 UTC 2026","passed","Wed Sep 09 14:05:59 UTC 2026","","specs\Smoke\1-LoginSmoke.spec.ts","",""
"","16654","Presented Checks breadcrumb link is visible on the page","firefox","Wed Sep 09 14:16:32 UTC 2026","passed","Wed Sep 09 14:16:49 UTC 2026","Presented Checks — Smoke (Continued)","specs\Smoke\5-PresentedChecksSmoke.spec.ts","",""
"","12599","Clicking a column header sorts ascending, clicking again sorts descending","msedge","Wed Sep 09 14:13:58 UTC 2026","passed","Wed Sep 09 14:14:10 UTC 2026","Issued Checks — Smoke (Continued)","specs\Smoke\4-IssuedChecksSmoke.spec.ts","",""
"","6722","Business Clients sub-page loads correctly","msedge","Wed Sep 09 14:08:59 UTC 2026","passed","Wed Sep 09 14:09:05 UTC 2026","Application Navigation Smoke Tests","specs\Smoke\2-NavigationSmoke.spec.ts","",""
"","7413","Verify Combined View shows all chart sections","msedge","Wed Sep 09 14:09:41 UTC 2026","passed","Wed Sep 09 14:09:49 UTC 2026","Home Dashboard","specs\Smoke\3-HomeDashboardSmoke.spec.ts","",""
"","16654","Notification Log sub-page loads correctly","webkit","Wed Sep 09 14:09:58 UTC 2026","passed","Wed Sep 09 14:10:15 UTC 2026","Application Navigation Smoke Tests","specs\Smoke\2-NavigationSmoke.spec.ts","",""
"","9442","Validate Login functionality with invalidEmailFormat","webkit","Wed Sep 09 14:03:56 UTC 2026","passed","Wed Sep 09 14:04:06 UTC 2026","","specs\Smoke\1-LoginSmoke.spec.ts","",""
"","11448","Last page arrow jumps to the final page","chromium","Wed Sep 09 14:35:53 UTC 2026","passed","Wed Sep 09 14:36:04 UTC 2026","Exceptions — Smoke","specs\Smoke\8-ExceptionsSmoke.spec.ts","",""
"","9839","Notification Log sub-page loads correctly","chromium","Wed Sep 09 14:29:31 UTC 2026","passed","Wed Sep 09 14:29:41 UTC 2026","Application Navigation Smoke Tests","specs\Smoke\2-NavigationSmoke.spec.ts","",""
"","23237","Excel export button is visible and enabled","firefox","Wed Sep 09 14:11:36 UTC 2026","passed","Wed Sep 09 14:11:59 UTC 2026","Issued Checks — Smoke","specs\Smoke\4-IssuedChecksSmoke.spec.ts","",""
"","16387","File Processing sub-page loads correctly","firefox","Wed Sep 09 14:09:50 UTC 2026","passed","Wed Sep 09 14:10:07 UTC 2026","Application Navigation Smoke Tests","specs\Smoke\2-NavigationSmoke.spec.ts","",""
"","11785","""Edit"" link on a row navigates to the check edit form","chromium","Wed Sep 09 14:33:44 UTC 2026","passed","Wed Sep 09 14:33:56 UTC 2026","Issued Checks — Smoke (Continued)","specs\Smoke\4-IssuedChecksSmoke.spec.ts","",""
"","6177","Validate forgot password functionality with No email","chromium","Wed Sep 09 14:27:14 UTC 2026","passed","Wed Sep 09 14:27:20 UTC 2026","","specs\Smoke\1-LoginSmoke.spec.ts","",""
"","11418","""+ Add Check"" navigates to the add-check form","msedge","Wed Sep 09 14:12:23 UTC 2026","passed","Wed Sep 09 14:12:34 UTC 2026","Presented Checks — Smoke","specs\Smoke\5-PresentedChecksSmoke.spec.ts","",""
"","23251","Excel export button is visible and enabled","firefox","Wed Sep 09 14:17:27 UTC 2026","passed","Wed Sep 09 14:17:51 UTC 2026","Exceptions — Smoke","specs\Smoke\8-ExceptionsSmoke.spec.ts","",""
"","5840","ACH page loads correctly","msedge","Wed Sep 09 14:08:32 UTC 2026","passed","Wed Sep 09 14:08:38 UTC 2026","Application Navigation Smoke Tests","specs\Smoke\2-NavigationSmoke.spec.ts","",""
"","21534","Typing a page number navigates to that page","webkit","Wed Sep 09 14:21:28 UTC 2026","passed","Wed Sep 09 14:21:49 UTC 2026","Exceptions — Smoke","specs\Smoke\8-ExceptionsSmoke.spec.ts","",""
"","10087","Next page arrow advances to page 2","msedge","Wed Sep 09 14:16:41 UTC 2026","passed","Wed Sep 09 14:16:51 UTC 2026","Exceptions — Smoke","specs\Smoke\8-ExceptionsSmoke.spec.ts","",""
"","13028","File Formats sub-page loads correctly","firefox","Wed Sep 09 14:07:41 UTC 2026","passed","Wed Sep 09 14:07:54 UTC 2026","Application Navigation Smoke Tests","specs\Smoke\2-NavigationSmoke.spec.ts","",""
"","11430","Last page arrow jumps to the final page","msedge","Wed Sep 09 14:12:46 UTC 2026","passed","Wed Sep 09 14:12:57 UTC 2026","Issued Checks — Smoke","specs\Smoke\4-IssuedChecksSmoke.spec.ts","",""
"","28925","Business Clients sub-page loads correctly","webkit","Wed Sep 09 14:05:36 UTC 2026","passed","Wed Sep 09 14:06:05 UTC 2026","Application Navigation Smoke Tests","specs\Smoke\2-NavigationSmoke.spec.ts","",""
"","11846","""View"" (Change Log) link on a row navigates to the entity log","chromium","Wed Sep 09 14:34:08 UTC 2026","passed","Wed Sep 09 14:34:20 UTC 2026","Presented Checks — Smoke (Continued)","specs\Smoke\5-PresentedChecksSmoke.spec.ts","",""
"","3548","Validate forgot password with unregistered email","msedge","Wed Sep 09 14:09:09 UTC 2026","passed","Wed Sep 09 14:09:13 UTC 2026","","specs\Smoke\1-LoginSmoke.spec.ts","",""
"","18370","Page size change to 10 updates pagination info in bottom-right pager","firefox","Wed Sep 09 14:18:31 UTC 2026","passed","Wed Sep 09 14:18:49 UTC 2026","ACH — Smoke","specs\Smoke\7-ACHSmoke.spec.ts","",""
"","9441","Business Clients sub-page loads correctly","chromium","Wed Sep 09 14:27:20 UTC 2026","passed","Wed Sep 09 14:27:29 UTC 2026","Application Navigation Smoke Tests","specs\Smoke\2-NavigationSmoke.spec.ts","",""
"","18285","""+ Add ACH"" navigates to the add-ACH form","webkit","Wed Sep 09 14:19:00 UTC 2026","passed","Wed Sep 09 14:19:18 UTC 2026","ACH — Smoke","specs\Smoke\7-ACHSmoke.spec.ts","",""
"","8782","Verify Combined View shows all chart sections","chromium","Wed Sep 09 14:28:00 UTC 2026","passed","Wed Sep 09 14:28:09 UTC 2026","Home Dashboard","specs\Smoke\3-HomeDashboardSmoke.spec.ts","",""
"","12441","""Delete"" on a row shows a confirm modal; Cancel dismisses it without deleting","chromium","Wed Sep 09 14:38:31 UTC 2026","passed","Wed Sep 09 14:38:43 UTC 2026","ACH — Smoke","specs\Smoke\7-ACHSmoke.spec.ts","",""
"","7601","Verify profile menu shows My Info and Logout links","msedge","Wed Sep 09 14:11:13 UTC 2026","passed","Wed Sep 09 14:11:21 UTC 2026","Home Dashboard","specs\Smoke\3-HomeDashboardSmoke.spec.ts","",""
"","33621","Default filter auto-applies after logout and re-login","chromium","Wed Sep 09 14:36:57 UTC 2026","passed","Wed Sep 09 14:37:31 UTC 2026","ACH — Smoke","specs\Smoke\7-ACHSmoke.spec.ts","",""
"","16781","Grid loads with data rows and key column headers","webkit","Wed Sep 09 14:11:47 UTC 2026","passed","Wed Sep 09 14:12:04 UTC 2026","Issued Checks — Smoke","specs\Smoke\4-IssuedChecksSmoke.spec.ts","",""
"","6337","Validate Login functionality with incorrectPassword","msedge","Wed Sep 09 14:08:17 UTC 2026","passed","Wed Sep 09 14:08:23 UTC 2026","","specs\Smoke\1-LoginSmoke.spec.ts","",""
"","19455","Last page arrow jumps to the final page","firefox","Wed Sep 09 14:12:39 UTC 2026","passed","Wed Sep 09 14:12:58 UTC 2026","Presented Checks — Smoke","specs\Smoke\5-PresentedChecksSmoke.spec.ts","",""
"","15745","Verify Combined View shows all chart sections","webkit","Wed Sep 09 14:07:39 UTC 2026","passed","Wed Sep 09 14:07:55 UTC 2026","Home Dashboard","specs\Smoke\3-HomeDashboardSmoke.spec.ts","",""
"","24628","""View"" link on a row opens the Exception Details dialog","firefox","Wed Sep 09 14:21:18 UTC 2026","passed","Wed Sep 09 14:21:43 UTC 2026","Exceptions — Smoke (Continued)","specs\Smoke\8-ExceptionsSmoke.spec.ts","",""
"","19491","""Uploaded ACH"" navigates to the uploads page","webkit","Wed Sep 09 14:19:18 UTC 2026","passed","Wed Sep 09 14:19:38 UTC 2026","ACH — Smoke","specs\Smoke\7-ACHSmoke.spec.ts","",""
"","14482","Previous page button returns to page 1, First page button re-enables disabled state","msedge","Wed Sep 09 14:14:10 UTC 2026","passed","Wed Sep 09 14:14:24 UTC 2026","Presented Checks — Smoke","specs\Smoke\5-PresentedChecksSmoke.spec.ts","",""
"","11916","Page size change to 10 updates pagination info in bottom-right pager","msedge","Wed Sep 09 14:12:22 UTC 2026","passed","Wed Sep 09 14:12:34 UTC 2026","Issued Checks — Smoke","specs\Smoke\4-IssuedChecksSmoke.spec.ts","",""
"","12970","Typing a page number navigates to that page","chromium","Wed Sep 09 14:36:17 UTC 2026","passed","Wed Sep 09 14:36:30 UTC 2026","ACH — Smoke","specs\Smoke\7-ACHSmoke.spec.ts","",""
"","8232","Verify Home dashboard is restored after returning from another page","msedge","Wed Sep 09 14:11:21 UTC 2026","passed","Wed Sep 09 14:11:29 UTC 2026","Home Dashboard","specs\Smoke\3-HomeDashboardSmoke.spec.ts","",""
"","15674","Verify Check Only tab shows Check-specific chart sections","webkit","Wed Sep 09 14:07:55 UTC 2026","passed","Wed Sep 09 14:08:10 UTC 2026","Home Dashboard","specs\Smoke\3-HomeDashboardSmoke.spec.ts","",""
"","14787","Pay/Return decision badge navigates to exception history","msedge","Wed Sep 09 14:17:54 UTC 2026","passed","Wed Sep 09 14:18:08 UTC 2026","ACH — Smoke","specs\Smoke\7-ACHSmoke.spec.ts","",""
"","17856","Saved Filters dropdown is visible and defaults to no preset","webkit","Wed Sep 09 14:22:05 UTC 2026","passed","Wed Sep 09 14:22:23 UTC 2026","ACH — Smoke","specs\Smoke\7-ACHSmoke.spec.ts","",""
"","10572","Approvals page loads with either records or the empty-state message","firefox","Wed Sep 09 14:23:11 UTC 2026","passed","Wed Sep 09 14:23:22 UTC 2026","Exceptions — Smoke (Continued)","specs\Smoke\8-ExceptionsSmoke.spec.ts","",""
"","20661","Previous page button returns to page 1, First page button re-enables disabled state","firefox","Wed Sep 09 14:13:14 UTC 2026","passed","Wed Sep 09 14:13:35 UTC 2026","Presented Checks — Smoke","specs\Smoke\5-PresentedChecksSmoke.spec.ts","",""
"","6122","Validate Login functionality with incorrectPassword","firefox","Wed Sep 09 14:03:45 UTC 2026","passed","Wed Sep 09 14:03:51 UTC 2026","","specs\Smoke\1-LoginSmoke.spec.ts","",""
"","11321","Typing a page number navigates to that page","msedge","Wed Sep 09 14:12:57 UTC 2026","passed","Wed Sep 09 14:13:08 UTC 2026","Issued Checks — Smoke","specs\Smoke\4-IssuedChecksSmoke.spec.ts","",""
"","19234","Page size change to 10 updates pagination info in bottom-right pager","webkit","Wed Sep 09 14:14:12 UTC 2026","passed","Wed Sep 09 14:14:31 UTC 2026","Presented Checks — Smoke","specs\Smoke\5-PresentedChecksSmoke.spec.ts","",""
"","7864","Issued Checks breadcrumb link is visible on the page","msedge","Wed Sep 09 14:14:49 UTC 2026","passed","Wed Sep 09 14:14:57 UTC 2026","Issued Checks — Smoke (Continued)","specs\Smoke\4-IssuedChecksSmoke.spec.ts","",""
"","3984","Validate Login functionality with missingUsername","msedge","Wed Sep 09 14:08:42 UTC 2026","passed","Wed Sep 09 14:08:46 UTC 2026","","specs\Smoke\1-LoginSmoke.spec.ts","",""
"","7144","Holiday Schedules sub-page loads correctly","msedge","Wed Sep 09 14:09:42 UTC 2026","passed","Wed Sep 09 14:09:49 UTC 2026","Application Navigation Smoke Tests","specs\Smoke\2-NavigationSmoke.spec.ts","",""
"","24018","Previous page button returns to page 1, First page button re-enables disabled state","firefox","Wed Sep 09 14:19:48 UTC 2026","passed","Wed Sep 09 14:20:12 UTC 2026","ACH — Smoke","specs\Smoke\7-ACHSmoke.spec.ts","",""
"","33930","Column filter menu applies a filter and Clear restores the full row set","firefox","Wed Sep 09 14:20:44 UTC 2026","passed","Wed Sep 09 14:21:18 UTC 2026","Exceptions — Smoke (Continued)","specs\Smoke\8-ExceptionsSmoke.spec.ts","",""
"","9932","""View"" (Change Log) link on a row navigates to the entity log","msedge","Wed Sep 09 14:15:24 UTC 2026","passed","Wed Sep 09 14:15:34 UTC 2026","Presented Checks — Smoke (Continued)","specs\Smoke\5-PresentedChecksSmoke.spec.ts","",""
"","13673","Previous page button returns to page 1, First page button re-enables disabled state","chromium","Wed Sep 09 14:32:16 UTC 2026","passed","Wed Sep 09 14:32:30 UTC 2026","Presented Checks — Smoke","specs\Smoke\5-PresentedChecksSmoke.spec.ts","",""
"","6572","Validate unauthenticated access to protected route is redirected to login","chromium","Wed Sep 09 14:27:38 UTC 2026","passed","Wed Sep 09 14:27:44 UTC 2026","","specs\Smoke\1-LoginSmoke.spec.ts","",""
"","8401","Saved Filters dropdown is visible and defaults to no preset","msedge","Wed Sep 09 14:14:24 UTC 2026","passed","Wed Sep 09 14:14:32 UTC 2026","Presented Checks — Smoke","specs\Smoke\5-PresentedChecksSmoke.spec.ts","",""
"","13215","Column filter popup applies a filter and Clear restores the full row set","msedge","Wed Sep 09 14:14:10 UTC 2026","passed","Wed Sep 09 14:14:23 UTC 2026","Issued Checks — Smoke (Continued)","specs\Smoke\4-IssuedChecksSmoke.spec.ts","",""
"","13405","Open Exceptions page loads with either exception cards or the empty-state message","chromium","Wed Sep 09 14:38:56 UTC 2026","passed","Wed Sep 09 14:39:10 UTC 2026","Exceptions — Smoke (Continued)","specs\Smoke\8-ExceptionsSmoke.spec.ts","",""
"","15517","Holiday Schedules sub-page loads correctly","webkit","Wed Sep 09 14:07:55 UTC 2026","passed","Wed Sep 09 14:08:11 UTC 2026","Application Navigation Smoke Tests","specs\Smoke\2-NavigationSmoke.spec.ts","",""
"","7355","File Processing sub-page loads correctly","msedge","Wed Sep 09 14:11:06 UTC 2026","passed","Wed Sep 09 14:11:13 UTC 2026","Application Navigation Smoke Tests","specs\Smoke\2-NavigationSmoke.spec.ts","",""
"","15696","""Uploaded Checks"" navigates to the uploads page","firefox","Wed Sep 09 14:11:06 UTC 2026","passed","Wed Sep 09 14:11:22 UTC 2026","Issued Checks — Smoke","specs\Smoke\4-IssuedChecksSmoke.spec.ts","",""
"","13666","ACH page loads correctly","firefox","Wed Sep 09 14:04:16 UTC 2026","passed","Wed Sep 09 14:04:29 UTC 2026","Application Navigation Smoke Tests","specs\Smoke\2-NavigationSmoke.spec.ts","",""
"","14644","Save a filter preset, verify it is auto-selected, then delete it","msedge","Wed Sep 09 14:14:39 UTC 2026","passed","Wed Sep 09 14:14:54 UTC 2026","Presented Checks — Smoke (Continued)","specs\Smoke\5-PresentedChecksSmoke.spec.ts","",""
"","15237","Verify delayed data note and force refresh link are visible on dashboard","firefox","Wed Sep 09 14:08:19 UTC 2026","passed","Wed Sep 09 14:08:34 UTC 2026","Home Dashboard","specs\Smoke\3-HomeDashboardSmoke.spec.ts","",""
"","20468","Clicking a column header sorts ascending, clicking again sorts descending","webkit","Wed Sep 09 14:16:07 UTC 2026","passed","Wed Sep 09 14:16:28 UTC 2026","Issued Checks — Smoke (Continued)","specs\Smoke\4-IssuedChecksSmoke.spec.ts","",""
"","9528","Saved Filters dropdown is visible and defaults to no preset","msedge","Wed Sep 09 14:16:42 UTC 2026","passed","Wed Sep 09 14:16:51 UTC 2026","ACH — Smoke","specs\Smoke\7-ACHSmoke.spec.ts","",""
"","9634","Validate Login functionality with incorrectUsername","webkit","Wed Sep 09 14:03:47 UTC 2026","passed","Wed Sep 09 14:03:56 UTC 2026","","specs\Smoke\1-LoginSmoke.spec.ts","",""
"","18169","Grid View toggle navigates to the open-exceptions grid and shows key column headers","firefox","Wed Sep 09 14:22:53 UTC 2026","passed","Wed Sep 09 14:23:11 UTC 2026","Exceptions — Smoke (Continued)","specs\Smoke\8-ExceptionsSmoke.spec.ts","",""
"","33430","Save a filter preset, verify it is auto-selected, then delete it","webkit","Wed Sep 09 14:15:34 UTC 2026","passed","Wed Sep 09 14:16:07 UTC 2026","Issued Checks — Smoke (Continued)","specs\Smoke\4-IssuedChecksSmoke.spec.ts","",""
"","7881","""View"" link on a row opens the Exception Details dialog","msedge","Wed Sep 09 14:18:18 UTC 2026","passed","Wed Sep 09 14:18:26 UTC 2026","Exceptions — Smoke (Continued)","specs\Smoke\8-ExceptionsSmoke.spec.ts","",""
"","14939","Presented Checks page loads correctly","firefox","Wed Sep 09 14:03:49 UTC 2026","passed","Wed Sep 09 14:04:04 UTC 2026","Application Navigation Smoke Tests","specs\Smoke\2-NavigationSmoke.spec.ts","",""
"","15995","ACH breadcrumb link is visible on the page","webkit","Wed Sep 09 14:25:24 UTC 2026","passed","Wed Sep 09 14:25:40 UTC 2026","ACH — Smoke","specs\Smoke\7-ACHSmoke.spec.ts","",""
"","11888","Verify chart title changes with selected tab","firefox","Wed Sep 09 14:07:28 UTC 2026","passed","Wed Sep 09 14:07:40 UTC 2026","Home Dashboard","specs\Smoke\3-HomeDashboardSmoke.spec.ts","",""
"","18297","""+ Add Check"" navigates to the add-check form","webkit","Wed Sep 09 14:12:56 UTC 2026","passed","Wed Sep 09 14:13:14 UTC 2026","Presented Checks — Smoke","specs\Smoke\5-PresentedChecksSmoke.spec.ts","",""
"","11155","Exceptions page loads correctly","firefox","Wed Sep 09 14:04:29 UTC 2026","passed","Wed Sep 09 14:04:40 UTC 2026","Application Navigation Smoke Tests","specs\Smoke\2-NavigationSmoke.spec.ts","",""
"","18291","""Uploaded Checks"" navigates to the uploads page","webkit","Wed Sep 09 14:12:18 UTC 2026","passed","Wed Sep 09 14:12:36 UTC 2026","Issued Checks — Smoke","specs\Smoke\4-IssuedChecksSmoke.spec.ts","",""
"","5619","Validate Login functionality with xssInUsername","chromium","Wed Sep 09 14:26:58 UTC 2026","passed","Wed Sep 09 14:27:03 UTC 2026","","specs\Smoke\1-LoginSmoke.spec.ts","",""
"","14253","Verify dashboard footer footnote and privacy link are visible","webkit","Wed Sep 09 14:10:12 UTC 2026","passed","Wed Sep 09 14:10:26 UTC 2026","Home Dashboard","specs\Smoke\3-HomeDashboardSmoke.spec.ts","",""
"","11090","Grid loads with data rows and key column headers","msedge","Wed Sep 09 14:15:04 UTC 2026","passed","Wed Sep 09 14:15:16 UTC 2026","ACH — Smoke","specs\Smoke\7-ACHSmoke.spec.ts","",""
"","8971","""Uploaded ACH"" navigates to the uploads page","msedge","Wed Sep 09 14:15:25 UTC 2026","passed","Wed Sep 09 14:15:34 UTC 2026","ACH — Smoke","specs\Smoke\7-ACHSmoke.spec.ts","",""
"","9062","""+ Add ACH"" navigates to the add-ACH form","msedge","Wed Sep 09 14:15:16 UTC 2026","passed","Wed Sep 09 14:15:25 UTC 2026","ACH — Smoke","specs\Smoke\7-ACHSmoke.spec.ts","",""
"","9649","Validate Login functionality with xssInUsername","webkit","Wed Sep 09 14:04:50 UTC 2026","passed","Wed Sep 09 14:04:59 UTC 2026","","specs\Smoke\1-LoginSmoke.spec.ts","",""
"","9060","Search box filters grid and clears correctly","msedge","Wed Sep 09 14:15:34 UTC 2026","passed","Wed Sep 09 14:15:43 UTC 2026","ACH — Smoke","specs\Smoke\7-ACHSmoke.spec.ts","",""
"","16122","File Formats sub-page loads correctly","webkit","Wed Sep 09 14:08:11 UTC 2026","passed","Wed Sep 09 14:08:27 UTC 2026","Application Navigation Smoke Tests","specs\Smoke\2-NavigationSmoke.spec.ts","",""
"","10984","Open Exceptions page loads with either exception cards or the empty-state message","webkit","Wed Sep 09 14:25:41 UTC 2026","passed","Wed Sep 09 14:25:52 UTC 2026","Exceptions — Smoke (Continued)","specs\Smoke\8-ExceptionsSmoke.spec.ts","",""
"","20572","""View"" (Change Log) link on a row navigates to the entity log","firefox","Wed Sep 09 14:15:35 UTC 2026","passed","Wed Sep 09 14:15:56 UTC 2026","Issued Checks — Smoke (Continued)","specs\Smoke\4-IssuedChecksSmoke.spec.ts","",""
"","12170","Typing a page number navigates to that page","chromium","Wed Sep 09 14:36:04 UTC 2026","passed","Wed Sep 09 14:36:16 UTC 2026","Exceptions — Smoke","specs\Smoke\8-ExceptionsSmoke.spec.ts","",""
"","9688","Holiday Schedules sub-page loads correctly","chromium","Wed Sep 09 14:28:20 UTC 2026","passed","Wed Sep 09 14:28:30 UTC 2026","Application Navigation Smoke Tests","specs\Smoke\2-NavigationSmoke.spec.ts","",""
"","12884","Previous page button returns to page 1, First page button re-enables disabled state","chromium","Wed Sep 09 14:36:17 UTC 2026","passed","Wed Sep 09 14:36:30 UTC 2026","Exceptions — Smoke","specs\Smoke\8-ExceptionsSmoke.spec.ts","",""
"","14367","Verify Total Exceptions and Total Exception Amount labels are visible","webkit","Wed Sep 09 14:09:24 UTC 2026","passed","Wed Sep 09 14:09:39 UTC 2026","Home Dashboard","specs\Smoke\3-HomeDashboardSmoke.spec.ts","",""
"","16002","Last page arrow jumps to the final page","msedge","Wed Sep 09 14:13:41 UTC 2026","passed","Wed Sep 09 14:13:57 UTC 2026","Presented Checks — Smoke","specs\Smoke\5-PresentedChecksSmoke.spec.ts","",""
"","15888","Save a filter preset, verify it is auto-selected, then delete it","msedge","Wed Sep 09 14:13:42 UTC 2026","passed","Wed Sep 09 14:13:58 UTC 2026","Issued Checks — Smoke (Continued)","specs\Smoke\4-IssuedChecksSmoke.spec.ts","",""
"","10908","Saved Filters dropdown is visible and defaults to no preset","msedge","Wed Sep 09 14:13:21 UTC 2026","passed","Wed Sep 09 14:13:32 UTC 2026","Issued Checks — Smoke","specs\Smoke\4-IssuedChecksSmoke.spec.ts","",""
"","12880","Pre-Decisions page loads with either records or the empty-state message","webkit","Wed Sep 09 14:26:14 UTC 2026","passed","Wed Sep 09 14:26:27 UTC 2026","Exceptions — Smoke (Continued)","specs\Smoke\8-ExceptionsSmoke.spec.ts","",""
"","17840","Search box filters grid and clears correctly","firefox","Wed Sep 09 14:11:33 UTC 2026","passed","Wed Sep 09 14:11:51 UTC 2026","Presented Checks — Smoke","specs\Smoke\5-PresentedChecksSmoke.spec.ts","",""
"","13788","Search box filters grid and clears correctly","chromium","Wed Sep 09 14:35:05 UTC 2026","passed","Wed Sep 09 14:35:19 UTC 2026","Exceptions — Smoke","specs\Smoke\8-ExceptionsSmoke.spec.ts","",""
"","4276","Validate Login functionality with invalidEmailFormat","msedge","Wed Sep 09 14:08:28 UTC 2026","passed","Wed Sep 09 14:08:32 UTC 2026","","specs\Smoke\1-LoginSmoke.spec.ts","",""
"","18256","Excel export button is visible and enabled","webkit","Wed Sep 09 14:12:56 UTC 2026","passed","Wed Sep 09 14:13:14 UTC 2026","Issued Checks — Smoke","specs\Smoke\4-IssuedChecksSmoke.spec.ts","",""
"","6774","Verify navigation to Presented Checks via nav menu","msedge","Wed Sep 09 14:11:38 UTC 2026","passed","Wed Sep 09 14:11:45 UTC 2026","Home Dashboard","specs\Smoke\3-HomeDashboardSmoke.spec.ts","",""
"","11428","Grid loads with data rows and key column headers","chromium","Wed Sep 09 14:30:33 UTC 2026","passed","Wed Sep 09 14:30:45 UTC 2026","Presented Checks — Smoke","specs\Smoke\5-PresentedChecksSmoke.spec.ts","",""
"","4534","Validate Login functionality with missingUsername","firefox","Wed Sep 09 14:04:13 UTC 2026","passed","Wed Sep 09 14:04:17 UTC 2026","","specs\Smoke\1-LoginSmoke.spec.ts","",""
"","6442","Validate Login functionality with veryLongInput","firefox","Wed Sep 09 14:04:39 UTC 2026","passed","Wed Sep 09 14:04:45 UTC 2026","","specs\Smoke\1-LoginSmoke.spec.ts","",""
"","7152","Verify Total Exceptions and Total Exception Amount labels are visible","msedge","Wed Sep 09 14:10:32 UTC 2026","passed","Wed Sep 09 14:10:39 UTC 2026","Home Dashboard","specs\Smoke\3-HomeDashboardSmoke.spec.ts","",""
"","10812","Users sub-page loads correctly","chromium","Wed Sep 09 14:27:29 UTC 2026","passed","Wed Sep 09 14:27:40 UTC 2026","Application Navigation Smoke Tests","specs\Smoke\2-NavigationSmoke.spec.ts","",""
"","11944","""View"" (Change Log) link on a row navigates to the entity log","chromium","Wed Sep 09 14:33:56 UTC 2026","passed","Wed Sep 09 14:34:08 UTC 2026","Issued Checks — Smoke (Continued)","specs\Smoke\4-IssuedChecksSmoke.spec.ts","",""
"","16255","Verify profile menu shows My Info and Logout links","webkit","Wed Sep 09 14:10:26 UTC 2026","passed","Wed Sep 09 14:10:43 UTC 2026","Home Dashboard","specs\Smoke\3-HomeDashboardSmoke.spec.ts","",""
"","15049","Column filter popup applies a filter and Clear restores the full row set","chromium","Wed Sep 09 14:33:41 UTC 2026","passed","Wed Sep 09 14:33:56 UTC 2026","Presented Checks — Smoke (Continued)","specs\Smoke\5-PresentedChecksSmoke.spec.ts","",""
"","13086","Saved Filters dropdown is visible and defaults to no preset","chromium","Wed Sep 09 14:36:30 UTC 2026","passed","Wed Sep 09 14:36:43 UTC 2026","Exceptions — Smoke","specs\Smoke\8-ExceptionsSmoke.spec.ts","",""
"","9767","Teller page loads correctly","chromium","Wed Sep 09 14:26:31 UTC 2026","passed","Wed Sep 09 14:26:41 UTC 2026","Application Navigation Smoke Tests","specs\Smoke\2-NavigationSmoke.spec.ts","",""
"","7159","Verify all three dashboard view tabs are visible","msedge","Wed Sep 09 14:09:34 UTC 2026","passed","Wed Sep 09 14:09:41 UTC 2026","Home Dashboard","specs\Smoke\3-HomeDashboardSmoke.spec.ts","",""
"","24539","Save a filter preset, verify it is auto-selected, then delete it","firefox","Wed Sep 09 14:20:45 UTC 2026","passed","Wed Sep 09 14:21:09 UTC 2026","ACH — Smoke","specs\Smoke\7-ACHSmoke.spec.ts","",""
"","12206","Validate Login functionality with missingUsername","webkit","Wed Sep 09 14:04:27 UTC 2026","passed","Wed Sep 09 14:04:39 UTC 2026","","specs\Smoke\1-LoginSmoke.spec.ts","",""
"","9281","""Delete"" on a row shows a confirm modal; Cancel dismisses it without deleting","msedge","Wed Sep 09 14:15:34 UTC 2026","passed","Wed Sep 09 14:15:43 UTC 2026","Presented Checks — Smoke (Continued)","specs\Smoke\5-PresentedChecksSmoke.spec.ts","",""
"","12459","""Edit"" link on a row navigates to the check edit form","chromium","Wed Sep 09 14:33:56 UTC 2026","passed","Wed Sep 09 14:34:08 UTC 2026","Presented Checks — Smoke (Continued)","specs\Smoke\5-PresentedChecksSmoke.spec.ts","",""
"","9073","Verify Home dashboard is restored after returning from another page","chromium","Wed Sep 09 14:29:37 UTC 2026","passed","Wed Sep 09 14:29:46 UTC 2026","Home Dashboard","specs\Smoke\3-HomeDashboardSmoke.spec.ts","",""
"","4840","Exceptions breadcrumb link is visible on the page","msedge","Wed Sep 09 14:18:33 UTC 2026","passed","Wed Sep 09 14:18:38 UTC 2026","Exceptions — Smoke (Continued)","specs\Smoke\8-ExceptionsSmoke.spec.ts","",""
"","4953","Validate Login functionality with missingPassword","msedge","Wed Sep 09 14:08:37 UTC 2026","passed","Wed Sep 09 14:08:42 UTC 2026","","specs\Smoke\1-LoginSmoke.spec.ts","",""
"","15344","Verify navigation to Presented Checks via nav menu","firefox","Wed Sep 09 14:09:35 UTC 2026","passed","Wed Sep 09 14:09:51 UTC 2026","Home Dashboard","specs\Smoke\3-HomeDashboardSmoke.spec.ts","",""
"","6812","Navigation tabs to Pre-Decisions, Approvals, and Exception History are visible","msedge","Wed Sep 09 14:18:38 UTC 2026","passed","Wed Sep 09 14:18:45 UTC 2026","Exceptions — Smoke (Continued)","specs\Smoke\8-ExceptionsSmoke.spec.ts","",""
"","15120","Verify dashboard loads after successful login","webkit","Wed Sep 09 14:07:10 UTC 2026","passed","Wed Sep 09 14:07:25 UTC 2026","Home Dashboard","specs\Smoke\3-HomeDashboardSmoke.spec.ts","",""
"","7997","Default filter auto-applies after logout and re-login","msedge","Wed Sep 09 14:16:52 UTC 2026","skipped","Wed Sep 09 14:17:00 UTC 2026","ACH — Smoke","specs\Smoke\7-ACHSmoke.spec.ts","",""
"","11484","Web Hooks sub-page loads correctly","chromium","Wed Sep 09 14:30:22 UTC 2026","passed","Wed Sep 09 14:30:33 UTC 2026","Application Navigation Smoke Tests","specs\Smoke\2-NavigationSmoke.spec.ts","",""
"","24072","Next page arrow advances to page 2","firefox","Wed Sep 09 14:18:49 UTC 2026","passed","Wed Sep 09 14:19:13 UTC 2026","ACH — Smoke","specs\Smoke\7-ACHSmoke.spec.ts","",""
"","12445","Verify dashboard footer footnote and privacy link are visible","firefox","Wed Sep 09 14:08:34 UTC 2026","passed","Wed Sep 09 14:08:47 UTC 2026","Home Dashboard","specs\Smoke\3-HomeDashboardSmoke.spec.ts","",""
"","8608","""Delete"" on a row shows a confirm modal; Cancel dismisses it without deleting","msedge","Wed Sep 09 14:14:40 UTC 2026","passed","Wed Sep 09 14:14:49 UTC 2026","Issued Checks — Smoke (Continued)","specs\Smoke\4-IssuedChecksSmoke.spec.ts","",""
"","9426","Account Settings sub-page loads correctly","chromium","Wed Sep 09 14:27:10 UTC 2026","passed","Wed Sep 09 14:27:20 UTC 2026","Application Navigation Smoke Tests","specs\Smoke\2-NavigationSmoke.spec.ts","",""
"","34146","Save a filter preset, verify it is auto-selected, then delete it","webkit","Wed Sep 09 14:22:40 UTC 2026","passed","Wed Sep 09 14:23:14 UTC 2026","ACH — Smoke","specs\Smoke\7-ACHSmoke.spec.ts","",""
"","10526","Next page arrow advances to page 2","chromium","Wed Sep 09 14:31:30 UTC 2026","passed","Wed Sep 09 14:31:41 UTC 2026","Issued Checks — Smoke","specs\Smoke\4-IssuedChecksSmoke.spec.ts","",""
"","10786","Validate Login functionality with incorrectPassword","webkit","Wed Sep 09 14:03:36 UTC 2026","passed","Wed Sep 09 14:03:47 UTC 2026","","specs\Smoke\1-LoginSmoke.spec.ts","",""
"","17886","Next page arrow advances to page 2","firefox","Wed Sep 09 14:18:07 UTC 2026","passed","Wed Sep 09 14:18:24 UTC 2026","Exceptions — Smoke","specs\Smoke\8-ExceptionsSmoke.spec.ts","",""
"","12675","Search box filters grid and clears correctly","chromium","Wed Sep 09 14:31:06 UTC 2026","passed","Wed Sep 09 14:31:19 UTC 2026","Presented Checks — Smoke","specs\Smoke\5-PresentedChecksSmoke.spec.ts","",""
"","12585","Verify ACH Only tab shows ACH-specific chart sections","firefox","Wed Sep 09 14:07:00 UTC 2026","passed","Wed Sep 09 14:07:13 UTC 2026","Home Dashboard","specs\Smoke\3-HomeDashboardSmoke.spec.ts","",""
"","16106","System Log sub-page loads correctly","webkit","Wed Sep 09 14:10:31 UTC 2026","passed","Wed Sep 09 14:10:47 UTC 2026","Application Navigation Smoke Tests","specs\Smoke\2-NavigationSmoke.spec.ts","",""
"","14425","Previous page button returns to page 1, First page button re-enables disabled state","chromium","Wed Sep 09 14:32:04 UTC 2026","passed","Wed Sep 09 14:32:18 UTC 2026","Issued Checks — Smoke","specs\Smoke\4-IssuedChecksSmoke.spec.ts","",""
"","8506","""Edit"" link on a row navigates to the check edit form","msedge","Wed Sep 09 14:15:15 UTC 2026","passed","Wed Sep 09 14:15:24 UTC 2026","Presented Checks — Smoke (Continued)","specs\Smoke\5-PresentedChecksSmoke.spec.ts","",""
"","17208","Billing Reports sub-page loads correctly","webkit","Wed Sep 09 14:07:22 UTC 2026","passed","Wed Sep 09 14:07:39 UTC 2026","Application Navigation Smoke Tests","specs\Smoke\2-NavigationSmoke.spec.ts","",""
"","18741","Last page arrow jumps to the final page","webkit","Wed Sep 09 14:14:52 UTC 2026","passed","Wed Sep 09 14:15:10 UTC 2026","Presented Checks — Smoke","specs\Smoke\5-PresentedChecksSmoke.spec.ts","",""
"","9771","ACH breadcrumb link is visible on the page","msedge","Wed Sep 09 14:18:09 UTC 2026","passed","Wed Sep 09 14:18:18 UTC 2026","ACH — Smoke","specs\Smoke\7-ACHSmoke.spec.ts","",""
"","15956","Page size change to 10 updates pagination info in bottom-right pager","firefox","Wed Sep 09 14:17:51 UTC 2026","passed","Wed Sep 09 14:18:07 UTC 2026","Exceptions — Smoke","specs\Smoke\8-ExceptionsSmoke.spec.ts","",""
"","22566","Clicking a column header sorts ascending, clicking again sorts descending","webkit","Wed Sep 09 14:17:01 UTC 2026","passed","Wed Sep 09 14:17:23 UTC 2026","Presented Checks — Smoke (Continued)","specs\Smoke\5-PresentedChecksSmoke.spec.ts","",""
"","11549","Validate teller presented-check form shows all required fields","chromium","Wed Sep 09 14:34:31 UTC 2026","passed","Wed Sep 09 14:34:43 UTC 2026","Teller - Smoke","specs\Smoke\6-TellerSmoke.spec.ts","",""
"","10752","Presented Checks breadcrumb link is visible on the page","chromium","Wed Sep 09 14:34:43 UTC 2026","passed","Wed Sep 09 14:34:54 UTC 2026","Presented Checks — Smoke (Continued)","specs\Smoke\5-PresentedChecksSmoke.spec.ts","",""
"","28142","Save a filter preset, verify it is auto-selected, then delete it","firefox","Wed Sep 09 14:14:08 UTC 2026","passed","Wed Sep 09 14:14:36 UTC 2026","Presented Checks — Smoke (Continued)","specs\Smoke\5-PresentedChecksSmoke.spec.ts","",""
"","19627","""Edit"" link on a row navigates to the check edit form","webkit","Wed Sep 09 14:17:50 UTC 2026","passed","Wed Sep 09 14:18:10 UTC 2026","Presented Checks — Smoke (Continued)","specs\Smoke\5-PresentedChecksSmoke.spec.ts","",""
"","11823","""Delete"" on a row shows a confirm modal; Cancel dismisses it without deleting","chromium","Wed Sep 09 14:34:20 UTC 2026","passed","Wed Sep 09 14:34:32 UTC 2026","Presented Checks — Smoke (Continued)","specs\Smoke\5-PresentedChecksSmoke.spec.ts","",""
"","34906","Verify navigation to Exceptions via nav menu","webkit","Wed Sep 09 14:11:45 UTC 2026","passed","Wed Sep 09 14:12:20 UTC 2026","Home Dashboard","specs\Smoke\3-HomeDashboardSmoke.spec.ts","",""
"","21696","Clicking a column header sorts ascending, clicking again sorts descending","webkit","Wed Sep 09 14:23:14 UTC 2026","passed","Wed Sep 09 14:23:36 UTC 2026","ACH — Smoke","specs\Smoke\7-ACHSmoke.spec.ts","",""
"","11167","Next page arrow advances to page 2","chromium","Wed Sep 09 14:35:42 UTC 2026","passed","Wed Sep 09 14:35:53 UTC 2026","Exceptions — Smoke","specs\Smoke\8-ExceptionsSmoke.spec.ts","",""
"","17822","Clicking a column header sorts ascending, clicking again sorts descending","firefox","Wed Sep 09 14:14:33 UTC 2026","passed","Wed Sep 09 14:14:51 UTC 2026","Issued Checks — Smoke (Continued)","specs\Smoke\4-IssuedChecksSmoke.spec.ts","",""
"","17722","Exception History grid loads with data rows and key column headers","firefox","Wed Sep 09 14:16:49 UTC 2026","passed","Wed Sep 09 14:17:07 UTC 2026","Exceptions — Smoke","specs\Smoke\8-ExceptionsSmoke.spec.ts","",""
"","19503","Verify dashboard tab checked state updates correctly","webkit","Wed Sep 09 14:08:27 UTC 2026","passed","Wed Sep 09 14:08:46 UTC 2026","Home Dashboard","specs\Smoke\3-HomeDashboardSmoke.spec.ts","",""
"","9441","Notification Log sub-page loads correctly","firefox","Wed Sep 09 14:09:11 UTC 2026","passed","Wed Sep 09 14:09:20 UTC 2026","Application Navigation Smoke Tests","specs\Smoke\2-NavigationSmoke.spec.ts","",""
"","18622","Clicking a column header sorts ascending, clicking again sorts descending","firefox","Wed Sep 09 14:21:09 UTC 2026","passed","Wed Sep 09 14:21:28 UTC 2026","ACH — Smoke","specs\Smoke\7-ACHSmoke.spec.ts","",""
"","27499","Roles/Permissions sub-page loads correctly","webkit","Wed Sep 09 14:06:37 UTC 2026","passed","Wed Sep 09 14:07:05 UTC 2026","Application Navigation Smoke Tests","specs\Smoke\2-NavigationSmoke.spec.ts","",""
"","16934","""View"" (Change Log) link on a row navigates to the entity log","firefox","Wed Sep 09 14:21:55 UTC 2026","passed","Wed Sep 09 14:22:11 UTC 2026","ACH — Smoke","specs\Smoke\7-ACHSmoke.spec.ts","",""
"","3997","Validate forgot password functionality with No email","msedge","Wed Sep 09 14:09:05 UTC 2026","passed","Wed Sep 09 14:09:09 UTC 2026","","specs\Smoke\1-LoginSmoke.spec.ts","",""
"","26331","Column filter popup applies a filter and Clear restores the full row set","firefox","Wed Sep 09 14:14:51 UTC 2026","passed","Wed Sep 09 14:15:17 UTC 2026","Issued Checks — Smoke (Continued)","specs\Smoke\4-IssuedChecksSmoke.spec.ts","",""
"","40349","Business Clients sub-page loads correctly","firefox","Wed Sep 09 14:05:18 UTC 2026","passed","Wed Sep 09 14:05:58 UTC 2026","Application Navigation Smoke Tests","specs\Smoke\2-NavigationSmoke.spec.ts","",""
"","5545","Validate Login functionality with missingPassword","firefox","Wed Sep 09 14:04:07 UTC 2026","passed","Wed Sep 09 14:04:13 UTC 2026","","specs\Smoke\1-LoginSmoke.spec.ts","",""
"","7743","Validate Login functionality with sqlInjection","firefox","Wed Sep 09 14:04:17 UTC 2026","passed","Wed Sep 09 14:04:25 UTC 2026","","specs\Smoke\1-LoginSmoke.spec.ts","",""
"","19780","Saved Filters dropdown is visible and defaults to no preset","webkit","Wed Sep 09 14:14:56 UTC 2026","passed","Wed Sep 09 14:15:16 UTC 2026","Issued Checks — Smoke","specs\Smoke\4-IssuedChecksSmoke.spec.ts","",""
"","17337","Typing a page number navigates to that page","firefox","Wed Sep 09 14:19:31 UTC 2026","passed","Wed Sep 09 14:19:48 UTC 2026","ACH — Smoke","specs\Smoke\7-ACHSmoke.spec.ts","",""
"","30472","Default filter auto-applies after logout and re-login","chromium","Wed Sep 09 14:32:30 UTC 2026","passed","Wed Sep 09 14:33:01 UTC 2026","Issued Checks — Default Filter (Serial)","specs\Smoke\4-IssuedChecksSmoke.spec.ts","",""
"","10675","Validate Login functionality with missingPassword","webkit","Wed Sep 09 14:04:16 UTC 2026","passed","Wed Sep 09 14:04:27 UTC 2026","","specs\Smoke\1-LoginSmoke.spec.ts","",""
"","17822","Excel export button is visible and enabled","webkit","Wed Sep 09 14:19:58 UTC 2026","passed","Wed Sep 09 14:20:16 UTC 2026","ACH — Smoke","specs\Smoke\7-ACHSmoke.spec.ts","",""
"","15156","Branding sub-page loads correctly","firefox","Wed Sep 09 14:06:41 UTC 2026","passed","Wed Sep 09 14:06:56 UTC 2026","Application Navigation Smoke Tests","specs\Smoke\2-NavigationSmoke.spec.ts","",""
"","21622","Column filter popup applies a filter and Clear restores the full row set","firefox","Wed Sep 09 14:14:55 UTC 2026","passed","Wed Sep 09 14:15:16 UTC 2026","Presented Checks — Smoke (Continued)","specs\Smoke\5-PresentedChecksSmoke.spec.ts","",""
"","7583","API link is visible and points to swagger","msedge","Wed Sep 09 14:11:13 UTC 2026","passed","Wed Sep 09 14:11:21 UTC 2026","Application Navigation Smoke Tests","specs\Smoke\2-NavigationSmoke.spec.ts","",""
"","24490","File Processing sub-page loads correctly","webkit","Wed Sep 09 14:10:47 UTC 2026","passed","Wed Sep 09 14:11:12 UTC 2026","Application Navigation Smoke Tests","specs\Smoke\2-NavigationSmoke.spec.ts","",""
"","19657","""+ Add ACH"" navigates to the add-ACH form","firefox","Wed Sep 09 14:17:07 UTC 2026","passed","Wed Sep 09 14:17:27 UTC 2026","ACH — Smoke","specs\Smoke\7-ACHSmoke.spec.ts","",""
"","8919","Verify navigation to Issued Checks via nav menu","chromium","Wed Sep 09 14:29:46 UTC 2026","passed","Wed Sep 09 14:29:55 UTC 2026","Home Dashboard","specs\Smoke\3-HomeDashboardSmoke.spec.ts","",""
"","11547","Exception History grid loads with data rows and key column headers","chromium","Wed Sep 09 14:34:54 UTC 2026","passed","Wed Sep 09 14:35:05 UTC 2026","Exceptions — Smoke","specs\Smoke\8-ExceptionsSmoke.spec.ts","",""
"","17420","Settings page loads correctly","webkit","Wed Sep 09 14:04:50 UTC 2026","passed","Wed Sep 09 14:05:08 UTC 2026","Application Navigation Smoke Tests","specs\Smoke\2-NavigationSmoke.spec.ts","",""
"","10927","Decision Files sub-page loads correctly","chromium","Wed Sep 09 14:28:09 UTC 2026","passed","Wed Sep 09 14:28:20 UTC 2026","Application Navigation Smoke Tests","specs\Smoke\2-NavigationSmoke.spec.ts","",""
"","21299","Typing a page number navigates to that page","webkit","Wed Sep 09 14:21:14 UTC 2026","passed","Wed Sep 09 14:21:35 UTC 2026","ACH — Smoke","specs\Smoke\7-ACHSmoke.spec.ts","",""
"","15956","Verify navigation to Presented Checks via nav menu","webkit","Wed Sep 09 14:11:14 UTC 2026","passed","Wed Sep 09 14:11:30 UTC 2026","Home Dashboard","specs\Smoke\3-HomeDashboardSmoke.spec.ts","",""
"","22076","Verify Home dashboard is restored after returning from another page","firefox","Wed Sep 09 14:08:56 UTC 2026","passed","Wed Sep 09 14:09:18 UTC 2026","Home Dashboard","specs\Smoke\3-HomeDashboardSmoke.spec.ts","",""
"","20520","Search box filters grid and clears correctly","webkit","Wed Sep 09 14:13:33 UTC 2026","passed","Wed Sep 09 14:13:53 UTC 2026","Presented Checks — Smoke","specs\Smoke\5-PresentedChecksSmoke.spec.ts","",""
"","13201","Billing Reports sub-page loads correctly","firefox","Wed Sep 09 14:06:56 UTC 2026","passed","Wed Sep 09 14:07:09 UTC 2026","Application Navigation Smoke Tests","specs\Smoke\2-NavigationSmoke.spec.ts","",""
"","22079","Next page arrow advances to page 2","webkit","Wed Sep 09 14:20:45 UTC 2026","passed","Wed Sep 09 14:21:07 UTC 2026","Exceptions — Smoke","specs\Smoke\8-ExceptionsSmoke.spec.ts","",""
"","11707","Previous page button returns to page 1, First page button re-enables disabled state","msedge","Wed Sep 09 14:17:12 UTC 2026","passed","Wed Sep 09 14:17:23 UTC 2026","Exceptions — Smoke","specs\Smoke\8-ExceptionsSmoke.spec.ts","",""
"","9458","Verify ACH Only tab shows ACH-specific chart sections","chromium","Wed Sep 09 14:28:18 UTC 2026","passed","Wed Sep 09 14:28:28 UTC 2026","Home Dashboard","specs\Smoke\3-HomeDashboardSmoke.spec.ts","",""
"","15635","Open Exceptions page loads with either exception cards or the empty-state message","firefox","Wed Sep 09 14:22:38 UTC 2026","passed","Wed Sep 09 14:22:53 UTC 2026","Exceptions — Smoke (Continued)","specs\Smoke\8-ExceptionsSmoke.spec.ts","",""
"","20406","""+ Add Check"" navigates to the add-check form","firefox","Wed Sep 09 14:10:46 UTC 2026","passed","Wed Sep 09 14:11:06 UTC 2026","Issued Checks — Smoke","specs\Smoke\4-IssuedChecksSmoke.spec.ts","",""
"","22218","""Delete"" on a row shows a confirm modal; Cancel dismisses it without deleting","webkit","Wed Sep 09 14:17:41 UTC 2026","passed","Wed Sep 09 14:18:03 UTC 2026","Issued Checks — Smoke (Continued)","specs\Smoke\4-IssuedChecksSmoke.spec.ts","",""
"","12341","Next page arrow advances to page 2","msedge","Wed Sep 09 14:13:29 UTC 2026","passed","Wed Sep 09 14:13:41 UTC 2026","Presented Checks — Smoke","specs\Smoke\5-PresentedChecksSmoke.spec.ts","",""
"","9945","Approvals page loads with either records or the empty-state message","webkit","Wed Sep 09 14:26:04 UTC 2026","passed","Wed Sep 09 14:26:14 UTC 2026","Exceptions — Smoke (Continued)","specs\Smoke\8-ExceptionsSmoke.spec.ts","",""
"","11229","""Uploaded Checks"" navigates to the uploads page","chromium","Wed Sep 09 14:30:45 UTC 2026","passed","Wed Sep 09 14:30:56 UTC 2026","Issued Checks — Smoke","specs\Smoke\4-IssuedChecksSmoke.spec.ts","",""
"","19643","""Delete"" on a row shows a confirm modal; Cancel dismisses it without deleting","firefox","Wed Sep 09 14:15:56 UTC 2026","passed","Wed Sep 09 14:16:15 UTC 2026","Issued Checks — Smoke (Continued)","specs\Smoke\4-IssuedChecksSmoke.spec.ts","",""
"","6957","Default filter auto-applies after logout and re-login","msedge","Wed Sep 09 14:14:32 UTC 2026","skipped","Wed Sep 09 14:14:39 UTC 2026","Presented Checks — Default Filter (Serial)","specs\Smoke\5-PresentedChecksSmoke.spec.ts","",""
"","17554","Presented Checks breadcrumb link is visible on the page","webkit","Wed Sep 09 14:19:07 UTC 2026","passed","Wed Sep 09 14:19:24 UTC 2026","Presented Checks — Smoke (Continued)","specs\Smoke\5-PresentedChecksSmoke.spec.ts","",""
"","15713","Next page arrow advances to page 2","firefox","Wed Sep 09 14:12:23 UTC 2026","passed","Wed Sep 09 14:12:39 UTC 2026","Presented Checks — Smoke","specs\Smoke\5-PresentedChecksSmoke.spec.ts","",""
"","16448","Saved Filters dropdown is visible and defaults to no preset","firefox","Wed Sep 09 14:13:36 UTC 2026","passed","Wed Sep 09 14:13:52 UTC 2026","Issued Checks — Smoke","specs\Smoke\4-IssuedChecksSmoke.spec.ts","",""
"","14200","""+ Add Check"" navigates to the add-check form","webkit","Wed Sep 09 14:12:04 UTC 2026","passed","Wed Sep 09 14:12:18 UTC 2026","Issued Checks — Smoke","specs\Smoke\4-IssuedChecksSmoke.spec.ts","",""
"","6917","Decision Files sub-page loads correctly","msedge","Wed Sep 09 14:09:35 UTC 2026","passed","Wed Sep 09 14:09:42 UTC 2026","Application Navigation Smoke Tests","specs\Smoke\2-NavigationSmoke.spec.ts","",""
"","7733","Page size change to 10 updates pagination info in bottom-right pager","msedge","Wed Sep 09 14:15:52 UTC 2026","passed","Wed Sep 09 14:16:00 UTC 2026","ACH — Smoke","specs\Smoke\7-ACHSmoke.spec.ts","",""
"","10313","Verify navigation to Settings via nav menu","msedge","Wed Sep 09 14:12:01 UTC 2026","passed","Wed Sep 09 14:12:11 UTC 2026","Home Dashboard","specs\Smoke\3-HomeDashboardSmoke.spec.ts","",""
"","15933","Clicking a column header sorts ascending, clicking again sorts descending","chromium","Wed Sep 09 14:37:31 UTC 2026","passed","Wed Sep 09 14:37:46 UTC 2026","Exceptions — Smoke (Continued)","specs\Smoke\8-ExceptionsSmoke.spec.ts","",""
"","12844","""Delete"" on a row shows a confirm modal; Cancel dismisses it without deleting","msedge","Wed Sep 09 14:17:41 UTC 2026","passed","Wed Sep 09 14:17:54 UTC 2026","ACH — Smoke","specs\Smoke\7-ACHSmoke.spec.ts","",""
"","18118","Excel export button is visible and enabled","webkit","Wed Sep 09 14:13:53 UTC 2026","passed","Wed Sep 09 14:14:12 UTC 2026","Presented Checks — Smoke","specs\Smoke\5-PresentedChecksSmoke.spec.ts","",""
"","6737","Verify summary KPI values have expected number formats","msedge","Wed Sep 09 14:10:39 UTC 2026","passed","Wed Sep 09 14:10:46 UTC 2026","Home Dashboard","specs\Smoke\3-HomeDashboardSmoke.spec.ts","",""
"","12114","Verify navigation to Exceptions via nav menu","firefox","Wed Sep 09 14:10:05 UTC 2026","passed","Wed Sep 09 14:10:17 UTC 2026","Home Dashboard","specs\Smoke\3-HomeDashboardSmoke.spec.ts","",""
"","11945","""Delete"" on a row shows a confirm modal; Cancel dismisses it without deleting","chromium","Wed Sep 09 14:34:08 UTC 2026","passed","Wed Sep 09 14:34:20 UTC 2026","Issued Checks — Smoke (Continued)","specs\Smoke\4-IssuedChecksSmoke.spec.ts","",""
"","8068","File Formats sub-page loads correctly","msedge","Wed Sep 09 14:09:49 UTC 2026","passed","Wed Sep 09 14:09:57 UTC 2026","Application Navigation Smoke Tests","specs\Smoke\2-NavigationSmoke.spec.ts","",""
"","12540","Default filter auto-applies after logout and re-login","webkit","Wed Sep 09 14:22:35 UTC 2026","skipped","Wed Sep 09 14:22:47 UTC 2026","Exceptions — Default Filter (Serial)","specs\Smoke\8-ExceptionsSmoke.spec.ts","",""
"","9127","Verify navigation to Exceptions via nav menu","msedge","Wed Sep 09 14:11:52 UTC 2026","passed","Wed Sep 09 14:12:01 UTC 2026","Home Dashboard","specs\Smoke\3-HomeDashboardSmoke.spec.ts","",""
"","11187","Column filter popup applies a filter and Clear restores the full row set","msedge","Wed Sep 09 14:17:22 UTC 2026","passed","Wed Sep 09 14:17:33 UTC 2026","ACH — Smoke","specs\Smoke\7-ACHSmoke.spec.ts","",""
"","18279","Page size change to 10 updates pagination info in bottom-right pager","firefox","Wed Sep 09 14:11:59 UTC 2026","passed","Wed Sep 09 14:12:18 UTC 2026","Issued Checks — Smoke","specs\Smoke\4-IssuedChecksSmoke.spec.ts","",""
"","7608","Default filter auto-applies after logout and re-login","msedge","Wed Sep 09 14:17:33 UTC 2026","skipped","Wed Sep 09 14:17:40 UTC 2026","Exceptions — Default Filter (Serial)","specs\Smoke\8-ExceptionsSmoke.spec.ts","",""
"","9106","Verify tab-specific charts are hidden for opposite tab","msedge","Wed Sep 09 14:10:23 UTC 2026","passed","Wed Sep 09 14:10:32 UTC 2026","Home Dashboard","specs\Smoke\3-HomeDashboardSmoke.spec.ts","",""
"","5146","Validate Login functionality with incorrectPassword","chromium","Wed Sep 09 14:26:18 UTC 2026","passed","Wed Sep 09 14:26:23 UTC 2026","","specs\Smoke\1-LoginSmoke.spec.ts","",""
"","12389","Search box filters grid and clears correctly","chromium","Wed Sep 09 14:30:56 UTC 2026","passed","Wed Sep 09 14:31:09 UTC 2026","Issued Checks — Smoke","specs\Smoke\4-IssuedChecksSmoke.spec.ts","",""
"","13668","Validate Login functionality with veryLongInput","webkit","Wed Sep 09 14:04:59 UTC 2026","passed","Wed Sep 09 14:05:13 UTC 2026","","specs\Smoke\1-LoginSmoke.spec.ts","",""
"","12703","Excel export button is visible and enabled","msedge","Wed Sep 09 14:13:04 UTC 2026","passed","Wed Sep 09 14:13:17 UTC 2026","Presented Checks — Smoke","specs\Smoke\5-PresentedChecksSmoke.spec.ts","",""
"","12646","Search box filters grid and clears correctly","msedge","Wed Sep 09 14:12:52 UTC 2026","passed","Wed Sep 09 14:13:04 UTC 2026","Presented Checks — Smoke","specs\Smoke\5-PresentedChecksSmoke.spec.ts","",""
"","11698","Validate unauthenticated access to protected route is redirected to login","webkit","Wed Sep 09 14:06:58 UTC 2026","passed","Wed Sep 09 14:07:10 UTC 2026","","specs\Smoke\1-LoginSmoke.spec.ts","",""
"","10483","Last page arrow jumps to the final page","msedge","Wed Sep 09 14:16:09 UTC 2026","passed","Wed Sep 09 14:16:20 UTC 2026","ACH — Smoke","specs\Smoke\7-ACHSmoke.spec.ts","",""
"","6629","Open Exceptions page loads with either exception cards or the empty-state message","msedge","Wed Sep 09 14:18:45 UTC 2026","passed","Wed Sep 09 14:18:51 UTC 2026","Exceptions — Smoke (Continued)","specs\Smoke\8-ExceptionsSmoke.spec.ts","",""
"","4374","Validate Login functionality with veryLongInput","msedge","Wed Sep 09 14:08:55 UTC 2026","passed","Wed Sep 09 14:08:59 UTC 2026","","specs\Smoke\1-LoginSmoke.spec.ts","",""
"","17436","Default filter auto-applies after logout and re-login","webkit","Wed Sep 09 14:15:16 UTC 2026","skipped","Wed Sep 09 14:15:34 UTC 2026","Issued Checks — Default Filter (Serial)","specs\Smoke\4-IssuedChecksSmoke.spec.ts","",""
"","11577","Issued Checks breadcrumb link is visible on the page","chromium","Wed Sep 09 14:34:20 UTC 2026","passed","Wed Sep 09 14:34:31 UTC 2026","Issued Checks — Smoke (Continued)","specs\Smoke\4-IssuedChecksSmoke.spec.ts","",""
"","4002","Validate Login functionality with xssInUsername","msedge","Wed Sep 09 14:08:51 UTC 2026","passed","Wed Sep 09 14:08:55 UTC 2026","","specs\Smoke\1-LoginSmoke.spec.ts","",""
"","11424","Grid View toggle navigates to the open-exceptions grid and shows key column headers","chromium","Wed Sep 09 14:39:10 UTC 2026","passed","Wed Sep 09 14:39:21 UTC 2026","Exceptions — Smoke (Continued)","specs\Smoke\8-ExceptionsSmoke.spec.ts","",""
"","25708","""Edit"" link on a row navigates to the check edit form","webkit","Wed Sep 09 14:16:54 UTC 2026","passed","Wed Sep 09 14:17:20 UTC 2026","Issued Checks — Smoke (Continued)","specs\Smoke\4-IssuedChecksSmoke.spec.ts","",""
"","17637","""Uploaded ACH"" navigates to the uploads page","firefox","Wed Sep 09 14:17:27 UTC 2026","passed","Wed Sep 09 14:17:45 UTC 2026","ACH — Smoke","specs\Smoke\7-ACHSmoke.spec.ts","",""
"","7853","Verify Total Exceptions and Total Exception Amount labels are visible","chromium","Wed Sep 09 14:28:57 UTC 2026","passed","Wed Sep 09 14:29:05 UTC 2026","Home Dashboard","specs\Smoke\3-HomeDashboardSmoke.spec.ts","",""
"","4506","Validate Login functionality with incorrectUsername","msedge","Wed Sep 09 14:08:23 UTC 2026","passed","Wed Sep 09 14:08:28 UTC 2026","","specs\Smoke\1-LoginSmoke.spec.ts","",""
"","8880","Clicking a column header sorts ascending, clicking again sorts descending","msedge","Wed Sep 09 14:14:54 UTC 2026","passed","Wed Sep 09 14:15:03 UTC 2026","Presented Checks — Smoke (Continued)","specs\Smoke\5-PresentedChecksSmoke.spec.ts","",""
"","13413","Web Hooks sub-page loads correctly","firefox","Wed Sep 09 14:10:17 UTC 2026","passed","Wed Sep 09 14:10:31 UTC 2026","Application Navigation Smoke Tests","specs\Smoke\2-NavigationSmoke.spec.ts","",""
"","10229","ACH page loads correctly","chromium","Wed Sep 09 14:26:41 UTC 2026","passed","Wed Sep 09 14:26:51 UTC 2026","Application Navigation Smoke Tests","specs\Smoke\2-NavigationSmoke.spec.ts","",""
"","7012","Issued Checks page loads correctly","msedge","Wed Sep 09 14:08:12 UTC 2026","passed","Wed Sep 09 14:08:19 UTC 2026","Application Navigation Smoke Tests","specs\Smoke\2-NavigationSmoke.spec.ts","",""
"","7409","Verify navigation to Exceptions via nav menu","chromium","Wed Sep 09 14:30:11 UTC 2026","passed","Wed Sep 09 14:30:18 UTC 2026","Home Dashboard","specs\Smoke\3-HomeDashboardSmoke.spec.ts","",""
"","19724","Exception History grid loads with data rows and key column headers","webkit","Wed Sep 09 14:19:24 UTC 2026","passed","Wed Sep 09 14:19:44 UTC 2026","Exceptions — Smoke","specs\Smoke\8-ExceptionsSmoke.spec.ts","",""
"","11086","Page size change to 10 updates pagination info in bottom-right pager","chromium","Wed Sep 09 14:31:29 UTC 2026","passed","Wed Sep 09 14:31:40 UTC 2026","Presented Checks — Smoke","specs\Smoke\5-PresentedChecksSmoke.spec.ts","",""
"","20394","Clicking a column header sorts ascending, clicking again sorts descending","firefox","Wed Sep 09 14:20:24 UTC 2026","passed","Wed Sep 09 14:20:44 UTC 2026","Exceptions — Smoke (Continued)","specs\Smoke\8-ExceptionsSmoke.spec.ts","",""
"","14699","Verify navigation to Issued Checks via nav menu","webkit","Wed Sep 09 14:10:59 UTC 2026","passed","Wed Sep 09 14:11:14 UTC 2026","Home Dashboard","specs\Smoke\3-HomeDashboardSmoke.spec.ts","",""
"","17224","Presented Checks page loads correctly","webkit","Wed Sep 09 14:03:46 UTC 2026","passed","Wed Sep 09 14:04:03 UTC 2026","Application Navigation Smoke Tests","specs\Smoke\2-NavigationSmoke.spec.ts","",""
"","16070","Saved Filters dropdown is visible and defaults to no preset","firefox","Wed Sep 09 14:20:12 UTC 2026","passed","Wed Sep 09 14:20:28 UTC 2026","ACH — Smoke","specs\Smoke\7-ACHSmoke.spec.ts","",""
"","7890","Validate session persists after page refresh","msedge","Wed Sep 09 14:09:13 UTC 2026","passed","Wed Sep 09 14:09:20 UTC 2026","","specs\Smoke\1-LoginSmoke.spec.ts","",""
"","13810","Column filter popup applies a filter and Clear restores the full row set","chromium","Wed Sep 09 14:33:30 UTC 2026","passed","Wed Sep 09 14:33:44 UTC 2026","Issued Checks — Smoke (Continued)","specs\Smoke\4-IssuedChecksSmoke.spec.ts","",""
"","11667","Next page arrow advances to page 2","msedge","Wed Sep 09 14:12:34 UTC 2026","passed","Wed Sep 09 14:12:46 UTC 2026","Issued Checks — Smoke","specs\Smoke\4-IssuedChecksSmoke.spec.ts","",""
"","9816","Exception History grid loads with data rows and key column headers","msedge","Wed Sep 09 14:16:00 UTC 2026","passed","Wed Sep 09 14:16:10 UTC 2026","Exceptions — Smoke","specs\Smoke\8-ExceptionsSmoke.spec.ts","",""
"","29775","Previous page button returns to page 1, First page button re-enables disabled state","webkit","Wed Sep 09 14:21:35 UTC 2026","passed","Wed Sep 09 14:22:05 UTC 2026","ACH — Smoke","specs\Smoke\7-ACHSmoke.spec.ts","",""
"","3867","Validate unauthenticated access to protected route is redirected to login","firefox","Wed Sep 09 14:05:44 UTC 2026","passed","Wed Sep 09 14:05:48 UTC 2026","","specs\Smoke\1-LoginSmoke.spec.ts","",""
"","19139","Last page arrow jumps to the final page","webkit","Wed Sep 09 14:13:53 UTC 2026","passed","Wed Sep 09 14:14:12 UTC 2026","Issued Checks — Smoke","specs\Smoke\4-IssuedChecksSmoke.spec.ts","",""
"","12618","Previous page button returns to page 1, First page button re-enables disabled state","msedge","Wed Sep 09 14:13:08 UTC 2026","passed","Wed Sep 09 14:13:21 UTC 2026","Issued Checks — Smoke","specs\Smoke\4-IssuedChecksSmoke.spec.ts","",""
"","31460","Save a filter preset, verify it is auto-selected, then delete it","webkit","Wed Sep 09 14:16:29 UTC 2026","passed","Wed Sep 09 14:17:01 UTC 2026","Presented Checks — Smoke (Continued)","specs\Smoke\5-PresentedChecksSmoke.spec.ts","",""
"","20790","Next page arrow advances to page 2","webkit","Wed Sep 09 14:14:31 UTC 2026","passed","Wed Sep 09 14:14:52 UTC 2026","Presented Checks — Smoke","specs\Smoke\5-PresentedChecksSmoke.spec.ts","",""
"","12231","Grid View toggle navigates to the open-exceptions grid and shows key column headers","webkit","Wed Sep 09 14:25:52 UTC 2026","passed","Wed Sep 09 14:26:04 UTC 2026","Exceptions — Smoke (Continued)","specs\Smoke\8-ExceptionsSmoke.spec.ts","",""
"","16180","""View"" (Change Log) link on a row navigates to the entity log","firefox","Wed Sep 09 14:15:35 UTC 2026","passed","Wed Sep 09 14:15:51 UTC 2026","Presented Checks — Smoke (Continued)","specs\Smoke\5-PresentedChecksSmoke.spec.ts","",""
"","19154","Saved Filters dropdown is visible and defaults to no preset","webkit","Wed Sep 09 14:22:16 UTC 2026","passed","Wed Sep 09 14:22:35 UTC 2026","Exceptions — Smoke","specs\Smoke\8-ExceptionsSmoke.spec.ts","",""
"","8867","Last page arrow jumps to the final page","msedge","Wed Sep 09 14:16:51 UTC 2026","passed","Wed Sep 09 14:17:00 UTC 2026","Exceptions — Smoke","specs\Smoke\8-ExceptionsSmoke.spec.ts","",""
"","8061","Pre-Decisions page loads with either records or the empty-state message","chromium","Wed Sep 09 14:39:28 UTC 2026","passed","Wed Sep 09 14:39:36 UTC 2026","Exceptions — Smoke (Continued)","specs\Smoke\8-ExceptionsSmoke.spec.ts","",""
"","17403","Verify navigation to Issued Checks via nav menu","firefox","Wed Sep 09 14:09:18 UTC 2026","passed","Wed Sep 09 14:09:35 UTC 2026","Home Dashboard","specs\Smoke\3-HomeDashboardSmoke.spec.ts","",""
"","17977","Issued Checks breadcrumb link is visible on the page","firefox","Wed Sep 09 14:16:15 UTC 2026","passed","Wed Sep 09 14:16:33 UTC 2026","Issued Checks — Smoke (Continued)","specs\Smoke\4-IssuedChecksSmoke.spec.ts","",""
"","17211","Default filter auto-applies after logout and re-login","webkit","Wed Sep 09 14:22:23 UTC 2026","skipped","Wed Sep 09 14:22:40 UTC 2026","ACH — Smoke","specs\Smoke\7-ACHSmoke.spec.ts","",""
"","17638","""View"" link on a row opens the Exception Details dialog","chromium","Wed Sep 09 14:38:00 UTC 2026","passed","Wed Sep 09 14:38:18 UTC 2026","Exceptions — Smoke (Continued)","specs\Smoke\8-ExceptionsSmoke.spec.ts","",""
"","22416","Validate forgot password functionality","webkit","Wed Sep 09 14:05:13 UTC 2026","passed","Wed Sep 09 14:05:35 UTC 2026","","specs\Smoke\1-LoginSmoke.spec.ts","",""
"","13347","Check Approval Rules sub-page loads correctly","firefox","Wed Sep 09 14:08:20 UTC 2026","passed","Wed Sep 09 14:08:34 UTC 2026","Application Navigation Smoke Tests","specs\Smoke\2-NavigationSmoke.spec.ts","",""
"","19560","Typing a page number navigates to that page","webkit","Wed Sep 09 14:14:12 UTC 2026","passed","Wed Sep 09 14:14:31 UTC 2026","Issued Checks — Smoke","specs\Smoke\4-IssuedChecksSmoke.spec.ts","",""
"","21883","Automatic ACH Decision Rules sub-page loads correctly","firefox","Wed Sep 09 14:08:34 UTC 2026","passed","Wed Sep 09 14:08:56 UTC 2026","Application Navigation Smoke Tests","specs\Smoke\2-NavigationSmoke.spec.ts","",""
"","21038","""Delete"" on a row shows a confirm modal; Cancel dismisses it without deleting","webkit","Wed Sep 09 14:24:26 UTC 2026","passed","Wed Sep 09 14:24:47 UTC 2026","ACH — Smoke","specs\Smoke\7-ACHSmoke.spec.ts","",""
"","18751","""Uploaded Checks"" navigates to the uploads page","webkit","Wed Sep 09 14:13:14 UTC 2026","passed","Wed Sep 09 14:13:33 UTC 2026","Presented Checks — Smoke","specs\Smoke\5-PresentedChecksSmoke.spec.ts","",""
"","5827","Exceptions page loads correctly","msedge","Wed Sep 09 14:08:38 UTC 2026","passed","Wed Sep 09 14:08:44 UTC 2026","Application Navigation Smoke Tests","specs\Smoke\2-NavigationSmoke.spec.ts","",""
"","9824","Excel export button is visible and enabled","chromium","Wed Sep 09 14:31:09 UTC 2026","passed","Wed Sep 09 14:31:18 UTC 2026","Issued Checks — Smoke","specs\Smoke\4-IssuedChecksSmoke.spec.ts","",""
"","12793","Save a filter preset, verify it is auto-selected, then delete it","msedge","Wed Sep 09 14:17:00 UTC 2026","passed","Wed Sep 09 14:17:12 UTC 2026","ACH — Smoke","specs\Smoke\7-ACHSmoke.spec.ts","",""
"","26788","""Uploaded Checks"" navigates to the uploads page","firefox","Wed Sep 09 14:11:07 UTC 2026","passed","Wed Sep 09 14:11:33 UTC 2026","Presented Checks — Smoke","specs\Smoke\5-PresentedChecksSmoke.spec.ts","",""
"","33992","Validate session persists after page refresh","webkit","Wed Sep 09 14:06:24 UTC 2026","passed","Wed Sep 09 14:06:58 UTC 2026","","specs\Smoke\1-LoginSmoke.spec.ts","",""
"","8856","""View"" (Change Log) link on a row navigates to the entity log","msedge","Wed Sep 09 14:14:32 UTC 2026","passed","Wed Sep 09 14:14:40 UTC 2026","Issued Checks — Smoke (Continued)","specs\Smoke\4-IssuedChecksSmoke.spec.ts","",""
"","13945","Saved Filters dropdown is visible and defaults to no preset","chromium","Wed Sep 09 14:36:43 UTC 2026","passed","Wed Sep 09 14:36:57 UTC 2026","ACH — Smoke","specs\Smoke\7-ACHSmoke.spec.ts","",""
"","16897","Navigation tabs to Pre-Decisions, Approvals, and Exception History are visible","firefox","Wed Sep 09 14:22:21 UTC 2026","passed","Wed Sep 09 14:22:38 UTC 2026","Exceptions — Smoke (Continued)","specs\Smoke\8-ExceptionsSmoke.spec.ts","",""
"","8052","""Edit"" link on a row navigates to the check edit form","msedge","Wed Sep 09 14:14:23 UTC 2026","passed","Wed Sep 09 14:14:32 UTC 2026","Issued Checks — Smoke (Continued)","specs\Smoke\4-IssuedChecksSmoke.spec.ts","",""
"","6101","Validate forgot password with unregistered email","chromium","Wed Sep 09 14:27:20 UTC 2026","passed","Wed Sep 09 14:27:27 UTC 2026","","specs\Smoke\1-LoginSmoke.spec.ts","",""
"","20736","""View"" (Change Log) link on a row navigates to the entity log","webkit","Wed Sep 09 14:17:20 UTC 2026","passed","Wed Sep 09 14:17:41 UTC 2026","Issued Checks — Smoke (Continued)","specs\Smoke\4-IssuedChecksSmoke.spec.ts","",""
"","12995","Search box filters grid and clears correctly","chromium","Wed Sep 09 14:35:17 UTC 2026","passed","Wed Sep 09 14:35:30 UTC 2026","ACH — Smoke","specs\Smoke\7-ACHSmoke.spec.ts","",""
"","16967","Navigation tabs to Pre-Decisions, Approvals, and Exception History are visible","webkit","Wed Sep 09 14:25:24 UTC 2026","passed","Wed Sep 09 14:25:41 UTC 2026","Exceptions — Smoke (Continued)","specs\Smoke\8-ExceptionsSmoke.spec.ts","",""
"","20263","Verify Combined View shows all chart sections","firefox","Wed Sep 09 14:06:16 UTC 2026","passed","Wed Sep 09 14:06:36 UTC 2026","Home Dashboard","specs\Smoke\3-HomeDashboardSmoke.spec.ts","",""
"","20495","Pay/Return decision badge navigates to exception history","firefox","Wed Sep 09 14:16:12 UTC 2026","passed","Wed Sep 09 14:16:32 UTC 2026","Presented Checks — Smoke (Continued)","specs\Smoke\5-PresentedChecksSmoke.spec.ts","",""
"","27270","Save a filter preset, verify it is auto-selected, then delete it","firefox","Wed Sep 09 14:19:57 UTC 2026","passed","Wed Sep 09 14:20:24 UTC 2026","Exceptions — Smoke (Continued)","specs\Smoke\8-ExceptionsSmoke.spec.ts","",""
"","25077","Validate forgot password with unregistered email","webkit","Wed Sep 09 14:05:59 UTC 2026","passed","Wed Sep 09 14:06:24 UTC 2026","","specs\Smoke\1-LoginSmoke.spec.ts","",""
"","29638","Default filter auto-applies after logout and re-login","chromium","Wed Sep 09 14:32:42 UTC 2026","passed","Wed Sep 09 14:33:12 UTC 2026","Presented Checks — Default Filter (Serial)","specs\Smoke\5-PresentedChecksSmoke.spec.ts","",""
"","12902","Decision badge on an already-reviewed row is blocked with a system message","chromium","Wed Sep 09 14:38:18 UTC 2026","passed","Wed Sep 09 14:38:31 UTC 2026","Exceptions — Smoke (Continued)","specs\Smoke\8-ExceptionsSmoke.spec.ts","",""
"","13133","Validate Login functionality with caseSensitiveEmail","webkit","Wed Sep 09 14:03:23 UTC 2026","passed","Wed Sep 09 14:03:36 UTC 2026","","specs\Smoke\1-LoginSmoke.spec.ts","",""
"","19067","Excel export button is visible and enabled","webkit","Wed Sep 09 14:20:07 UTC 2026","passed","Wed Sep 09 14:20:26 UTC 2026","Exceptions — Smoke","specs\Smoke\8-ExceptionsSmoke.spec.ts","",""
"","8278","Verify dashboard loads after successful login","chromium","Wed Sep 09 14:27:44 UTC 2026","passed","Wed Sep 09 14:27:53 UTC 2026","Home Dashboard","specs\Smoke\3-HomeDashboardSmoke.spec.ts","",""
"","12211","Next page arrow advances to page 2","chromium","Wed Sep 09 14:35:53 UTC 2026","passed","Wed Sep 09 14:36:05 UTC 2026","ACH — Smoke","specs\Smoke\7-ACHSmoke.spec.ts","",""
"","18768","Last page arrow jumps to the final page","webkit","Wed Sep 09 14:20:55 UTC 2026","passed","Wed Sep 09 14:21:14 UTC 2026","ACH — Smoke","specs\Smoke\7-ACHSmoke.spec.ts","",""
"","21018","Account Settings sub-page loads correctly","firefox","Wed Sep 09 14:04:57 UTC 2026","passed","Wed Sep 09 14:05:18 UTC 2026","Application Navigation Smoke Tests","specs\Smoke\2-NavigationSmoke.spec.ts","",""
"","6337","Branding sub-page loads correctly","msedge","Wed Sep 09 14:09:21 UTC 2026","passed","Wed Sep 09 14:09:28 UTC 2026","Application Navigation Smoke Tests","specs\Smoke\2-NavigationSmoke.spec.ts","",""
"","10338","Page size change to 10 updates pagination info in bottom-right pager","msedge","Wed Sep 09 14:16:30 UTC 2026","passed","Wed Sep 09 14:16:41 UTC 2026","Exceptions — Smoke","specs\Smoke\8-ExceptionsSmoke.spec.ts","",""
"","13319","Verify all three dashboard view tabs are visible","webkit","Wed Sep 09 14:07:25 UTC 2026","passed","Wed Sep 09 14:07:39 UTC 2026","Home Dashboard","specs\Smoke\3-HomeDashboardSmoke.spec.ts","",""
"","5765","Validate forgot password functionality","msedge","Wed Sep 09 14:08:59 UTC 2026","passed","Wed Sep 09 14:09:05 UTC 2026","","specs\Smoke\1-LoginSmoke.spec.ts","",""
"","7156","Teller page loads correctly","msedge","Wed Sep 09 14:08:25 UTC 2026","passed","Wed Sep 09 14:08:32 UTC 2026","Application Navigation Smoke Tests","specs\Smoke\2-NavigationSmoke.spec.ts","",""
"","16835","System Log sub-page loads correctly","firefox","Wed Sep 09 14:09:33 UTC 2026","passed","Wed Sep 09 14:09:50 UTC 2026","Application Navigation Smoke Tests","specs\Smoke\2-NavigationSmoke.spec.ts","",""
"","16368","Last page arrow jumps to the final page","firefox","Wed Sep 09 14:18:24 UTC 2026","passed","Wed Sep 09 14:18:41 UTC 2026","Exceptions — Smoke","specs\Smoke\8-ExceptionsSmoke.spec.ts","",""
"","10708","Search box filters grid and clears correctly","msedge","Wed Sep 09 14:16:10 UTC 2026","passed","Wed Sep 09 14:16:21 UTC 2026","Exceptions — Smoke","specs\Smoke\8-ExceptionsSmoke.spec.ts","",""
"","8730","Verify navigation to Issued Checks via nav menu","msedge","Wed Sep 09 14:11:29 UTC 2026","passed","Wed Sep 09 14:11:38 UTC 2026","Home Dashboard","specs\Smoke\3-HomeDashboardSmoke.spec.ts","",""
"","10976","Verify dashboard tab checked state updates correctly","msedge","Wed Sep 09 14:10:03 UTC 2026","passed","Wed Sep 09 14:10:13 UTC 2026","Home Dashboard","specs\Smoke\3-HomeDashboardSmoke.spec.ts","",""
"","7395","Verify all three dashboard view tabs are visible","chromium","Wed Sep 09 14:27:53 UTC 2026","passed","Wed Sep 09 14:28:00 UTC 2026","Home Dashboard","specs\Smoke\3-HomeDashboardSmoke.spec.ts","",""
"","4301","Validate Login functionality with emptyFields","firefox","Wed Sep 09 14:04:03 UTC 2026","passed","Wed Sep 09 14:04:07 UTC 2026","","specs\Smoke\1-LoginSmoke.spec.ts","",""
"","13284","Validate Login functionality with xssInUsername","firefox","Wed Sep 09 14:04:25 UTC 2026","passed","Wed Sep 09 14:04:38 UTC 2026","","specs\Smoke\1-LoginSmoke.spec.ts","",""
"","15892","Automatic ACH Decision Rules sub-page loads correctly","webkit","Wed Sep 09 14:09:24 UTC 2026","passed","Wed Sep 09 14:09:40 UTC 2026","Application Navigation Smoke Tests","specs\Smoke\2-NavigationSmoke.spec.ts","",""
"","12417","Verify navigation to Settings via nav menu","firefox","Wed Sep 09 14:10:17 UTC 2026","passed","Wed Sep 09 14:10:29 UTC 2026","Home Dashboard","specs\Smoke\3-HomeDashboardSmoke.spec.ts","",""
"","4717","Validate Login functionality with emptyFields","msedge","Wed Sep 09 14:08:32 UTC 2026","passed","Wed Sep 09 14:08:37 UTC 2026","","specs\Smoke\1-LoginSmoke.spec.ts","",""
"","7799","Validate Login functionality with caseSensitiveEmail","chromium","Wed Sep 09 14:26:10 UTC 2026","passed","Wed Sep 09 14:26:18 UTC 2026","","specs\Smoke\1-LoginSmoke.spec.ts","",""
"","19410","Notification Templates sub-page loads correctly","webkit","Wed Sep 09 14:08:27 UTC 2026","passed","Wed Sep 09 14:08:46 UTC 2026","Application Navigation Smoke Tests","specs\Smoke\2-NavigationSmoke.spec.ts","",""
"","16016","""+ Add Check"" navigates to the add-check form","firefox","Wed Sep 09 14:10:51 UTC 2026","passed","Wed Sep 09 14:11:07 UTC 2026","Presented Checks — Smoke","specs\Smoke\5-PresentedChecksSmoke.spec.ts","",""
"","20767","""Delete"" on a row shows a confirm modal; Cancel dismisses it without deleting","firefox","Wed Sep 09 14:15:51 UTC 2026","passed","Wed Sep 09 14:16:12 UTC 2026","Presented Checks — Smoke (Continued)","specs\Smoke\5-PresentedChecksSmoke.spec.ts","",""
"","16102","Default Decision Log sub-page loads correctly","webkit","Wed Sep 09 14:10:15 UTC 2026","passed","Wed Sep 09 14:10:31 UTC 2026","Application Navigation Smoke Tests","specs\Smoke\2-NavigationSmoke.spec.ts","",""
"","18702","Roles/Permissions sub-page loads correctly","firefox","Wed Sep 09 14:06:22 UTC 2026","passed","Wed Sep 09 14:06:41 UTC 2026","Application Navigation Smoke Tests","specs\Smoke\2-NavigationSmoke.spec.ts","",""
"","14166","Verify navigation to ACH via nav menu","firefox","Wed Sep 09 14:09:51 UTC 2026","passed","Wed Sep 09 14:10:05 UTC 2026","Home Dashboard","specs\Smoke\3-HomeDashboardSmoke.spec.ts","",""
"","9344","Verify Check Only tab shows Check-specific chart sections","chromium","Wed Sep 09 14:28:09 UTC 2026","passed","Wed Sep 09 14:28:18 UTC 2026","Home Dashboard","specs\Smoke\3-HomeDashboardSmoke.spec.ts","",""
"","9560","Exceptions page loads correctly","chromium","Wed Sep 09 14:26:51 UTC 2026","passed","Wed Sep 09 14:27:01 UTC 2026","Application Navigation Smoke Tests","specs\Smoke\2-NavigationSmoke.spec.ts","",""
"","13014","""View"" (Change Log) link on a row navigates to the entity log","chromium","Wed Sep 09 14:38:18 UTC 2026","passed","Wed Sep 09 14:38:31 UTC 2026","ACH — Smoke","specs\Smoke\7-ACHSmoke.spec.ts","",""
"","13707","Decision Files sub-page loads correctly","firefox","Wed Sep 09 14:07:09 UTC 2026","passed","Wed Sep 09 14:07:23 UTC 2026","Application Navigation Smoke Tests","specs\Smoke\2-NavigationSmoke.spec.ts","",""
"","7597","Verify profile menu shows My Info and Logout links","chromium","Wed Sep 09 14:29:29 UTC 2026","passed","Wed Sep 09 14:29:37 UTC 2026","Home Dashboard","specs\Smoke\3-HomeDashboardSmoke.spec.ts","",""
"","32320","Users sub-page loads correctly","webkit","Wed Sep 09 14:06:05 UTC 2026","passed","Wed Sep 09 14:06:37 UTC 2026","Application Navigation Smoke Tests","specs\Smoke\2-NavigationSmoke.spec.ts","",""
"","6268","Validate Login functionality with incorrectUsername","firefox","Wed Sep 09 14:03:51 UTC 2026","passed","Wed Sep 09 14:03:58 UTC 2026","","specs\Smoke\1-LoginSmoke.spec.ts","",""
"","26121","Excel export button is visible and enabled","firefox","Wed Sep 09 14:18:04 UTC 2026","passed","Wed Sep 09 14:18:31 UTC 2026","ACH — Smoke","specs\Smoke\7-ACHSmoke.spec.ts","",""
"","12689","Column filter menu applies a filter and Clear restores the full row set","msedge","Wed Sep 09 14:18:05 UTC 2026","passed","Wed Sep 09 14:18:18 UTC 2026","Exceptions — Smoke (Continued)","specs\Smoke\8-ExceptionsSmoke.spec.ts","",""
"","9441","Verify chart title changes with selected tab","msedge","Wed Sep 09 14:10:14 UTC 2026","passed","Wed Sep 09 14:10:23 UTC 2026","Home Dashboard","specs\Smoke\3-HomeDashboardSmoke.spec.ts","",""
"","13693","System Log sub-page loads correctly","msedge","Wed Sep 09 14:10:52 UTC 2026","passed","Wed Sep 09 14:11:06 UTC 2026","Application Navigation Smoke Tests","specs\Smoke\2-NavigationSmoke.spec.ts","",""
"","26107","Column filter menu applies a filter and Clear restores the full row set","webkit","Wed Sep 09 14:23:44 UTC 2026","passed","Wed Sep 09 14:24:10 UTC 2026","Exceptions — Smoke (Continued)","specs\Smoke\8-ExceptionsSmoke.spec.ts","",""
