"DESCRIPTION","DURATION IN MS","NAME","PARENT SUITE","START TIME","STATUS","STOP TIME","SUB SUITE","SUITE","TEST CLASS","TEST METHOD"
"","11659","Save a filter preset, verify it is auto-selected, then delete it","msedge","Wed Aug 26 10:16:34 UTC 2026","passed","Wed Aug 26 10:16:45 UTC 2026","Exceptions — Smoke (Continued)","specs\Smoke\8-ExceptionsSmoke.spec.ts","",""
"","32135","Save a filter preset, verify it is auto-selected, then delete it","webkit","Wed Aug 26 10:23:20 UTC 2026","passed","Wed Aug 26 10:23:52 UTC 2026","ACH — Smoke","specs\Smoke\7-ACHSmoke.spec.ts","",""
"","11786","Previous page button returns to page 1, First page button re-enables disabled state","msedge","Wed Aug 26 10:14:43 UTC 2026","passed","Wed Aug 26 10:14:55 UTC 2026","ACH — Smoke","specs\Smoke\7-ACHSmoke.spec.ts","",""
"","14116","""View"" (Change Log) link on a row navigates to the entity log","firefox","Wed Aug 26 10:35:28 UTC 2026","passed","Wed Aug 26 10:35:42 UTC 2026","Presented Checks — Smoke (Continued)","specs\Smoke\5-PresentedChecksSmoke.spec.ts","",""
"","20585","Clicking a column header sorts ascending, clicking again sorts descending","webkit","Wed Aug 26 10:23:52 UTC 2026","passed","Wed Aug 26 10:24:13 UTC 2026","ACH — Smoke","specs\Smoke\7-ACHSmoke.spec.ts","",""
"","12534","Validate Login functionality with correctCredentials","chromium","Wed Aug 26 10:05:59 UTC 2026","passed","Wed Aug 26 10:06:11 UTC 2026","","specs\Smoke\1-LoginSmoke.spec.ts","",""
"","6821","Pre-Decisions page loads with either records or the empty-state message","chromium","Wed Aug 26 10:18:15 UTC 2026","passed","Wed Aug 26 10:18:22 UTC 2026","Exceptions — Smoke (Continued)","specs\Smoke\8-ExceptionsSmoke.spec.ts","",""
"","9605","Grid View toggle navigates to the open-exceptions grid and shows key column headers","chromium","Wed Aug 26 10:17:59 UTC 2026","passed","Wed Aug 26 10:18:08 UTC 2026","Exceptions — Smoke (Continued)","specs\Smoke\8-ExceptionsSmoke.spec.ts","",""
"","8416","API link is visible and points to swagger","msedge","Wed Aug 26 10:09:39 UTC 2026","passed","Wed Aug 26 10:09:48 UTC 2026","Application Navigation Smoke Tests","specs\Smoke\2-NavigationSmoke.spec.ts","",""
"","27326","Default filter auto-applies after logout and re-login","chromium","Wed Aug 26 10:12:10 UTC 2026","passed","Wed Aug 26 10:12:37 UTC 2026","Issued Checks — Default Filter (Serial)","specs\Smoke\4-IssuedChecksSmoke.spec.ts","",""
"","8045","Verify navigation to Exceptions via nav menu","firefox","Wed Aug 26 10:29:37 UTC 2026","passed","Wed Aug 26 10:29:45 UTC 2026","Home Dashboard","specs\Smoke\3-HomeDashboardSmoke.spec.ts","",""
"","12669","Validate session persists after page refresh","msedge","Wed Aug 26 10:06:47 UTC 2026","passed","Wed Aug 26 10:06:59 UTC 2026","","specs\Smoke\1-LoginSmoke.spec.ts","",""
"","9264","Excel export button is visible and enabled","chromium","Wed Aug 26 10:11:01 UTC 2026","passed","Wed Aug 26 10:11:10 UTC 2026","Presented Checks — Smoke","specs\Smoke\5-PresentedChecksSmoke.spec.ts","",""
"","9738","Last page arrow jumps to the final page","msedge","Wed Aug 26 10:14:23 UTC 2026","passed","Wed Aug 26 10:14:33 UTC 2026","ACH — Smoke","specs\Smoke\7-ACHSmoke.spec.ts","",""
"","4540","Validate Login functionality with missingPassword","firefox","Wed Aug 26 10:24:42 UTC 2026","passed","Wed Aug 26 10:24:47 UTC 2026","","specs\Smoke\1-LoginSmoke.spec.ts","",""
"","11287","Search box filters grid and clears correctly","msedge","Wed Aug 26 10:10:31 UTC 2026","passed","Wed Aug 26 10:10:42 UTC 2026","Presented Checks — Smoke","specs\Smoke\5-PresentedChecksSmoke.spec.ts","",""
"","9305","Verify ACH Only tab shows ACH-specific chart sections","chromium","Wed Aug 26 10:08:14 UTC 2026","passed","Wed Aug 26 10:08:23 UTC 2026","Home Dashboard","specs\Smoke\3-HomeDashboardSmoke.spec.ts","",""
"","15377","Search box filters grid and clears correctly","firefox","Wed Aug 26 10:36:40 UTC 2026","passed","Wed Aug 26 10:36:55 UTC 2026","Exceptions — Smoke","specs\Smoke\8-ExceptionsSmoke.spec.ts","",""
"","11225","Column filter popup applies a filter and Clear restores the full row set","msedge","Wed Aug 26 10:12:32 UTC 2026","passed","Wed Aug 26 10:12:43 UTC 2026","Issued Checks — Smoke (Continued)","specs\Smoke\4-IssuedChecksSmoke.spec.ts","",""
"","18409","Excel export button is visible and enabled","webkit","Wed Aug 26 10:20:50 UTC 2026","passed","Wed Aug 26 10:21:08 UTC 2026","ACH — Smoke","specs\Smoke\7-ACHSmoke.spec.ts","",""
"","5159","Validate Login functionality with invalidEmailFormat","firefox","Wed Aug 26 10:24:33 UTC 2026","passed","Wed Aug 26 10:24:38 UTC 2026","","specs\Smoke\1-LoginSmoke.spec.ts","",""
"","12508","Verify dashboard footer footnote and privacy link are visible","firefox","Wed Aug 26 10:28:20 UTC 2026","passed","Wed Aug 26 10:28:32 UTC 2026","Home Dashboard","specs\Smoke\3-HomeDashboardSmoke.spec.ts","",""
"","10462","Pay/Return decision badge navigates to exception history","chromium","Wed Aug 26 10:13:56 UTC 2026","passed","Wed Aug 26 10:14:07 UTC 2026","Presented Checks — Smoke (Continued)","specs\Smoke\5-PresentedChecksSmoke.spec.ts","",""
"","18211","Last page arrow jumps to the final page","webkit","Wed Aug 26 10:18:09 UTC 2026","passed","Wed Aug 26 10:18:27 UTC 2026","Presented Checks — Smoke","specs\Smoke\5-PresentedChecksSmoke.spec.ts","",""
"","6651","Validate Login functionality with incorrectPassword","firefox","Wed Aug 26 10:24:20 UTC 2026","passed","Wed Aug 26 10:24:27 UTC 2026","","specs\Smoke\1-LoginSmoke.spec.ts","",""
"","12029","Verify tab-specific charts are hidden for opposite tab","msedge","Wed Aug 26 10:08:23 UTC 2026","passed","Wed Aug 26 10:08:35 UTC 2026","Home Dashboard","specs\Smoke\3-HomeDashboardSmoke.spec.ts","",""
"","14733","""+ Add ACH"" navigates to the add-ACH form","firefox","Wed Aug 26 10:35:23 UTC 2026","passed","Wed Aug 26 10:35:38 UTC 2026","ACH — Smoke","specs\Smoke\7-ACHSmoke.spec.ts","",""
"","7336","Verify dashboard loads after successful login","chromium","Wed Aug 26 10:07:41 UTC 2026","passed","Wed Aug 26 10:07:48 UTC 2026","Home Dashboard","specs\Smoke\3-HomeDashboardSmoke.spec.ts","",""
"","14308","Exceptions page loads correctly","firefox","Wed Aug 26 10:24:55 UTC 2026","passed","Wed Aug 26 10:25:09 UTC 2026","Application Navigation Smoke Tests","specs\Smoke\2-NavigationSmoke.spec.ts","",""
"","24390","Verify dashboard tab checked state updates correctly","firefox","Wed Aug 26 10:26:49 UTC 2026","passed","Wed Aug 26 10:27:13 UTC 2026","Home Dashboard","specs\Smoke\3-HomeDashboardSmoke.spec.ts","",""
"","13341","Saved Filters dropdown is visible and defaults to no preset","chromium","Wed Aug 26 10:15:52 UTC 2026","passed","Wed Aug 26 10:16:05 UTC 2026","ACH — Smoke","specs\Smoke\7-ACHSmoke.spec.ts","",""
"","23798","Column filter popup applies a filter and Clear restores the full row set","webkit","Wed Aug 26 10:17:57 UTC 2026","passed","Wed Aug 26 10:18:21 UTC 2026","Issued Checks — Smoke (Continued)","specs\Smoke\4-IssuedChecksSmoke.spec.ts","",""
"","10244","System Log sub-page loads correctly","chromium","Wed Aug 26 10:09:29 UTC 2026","passed","Wed Aug 26 10:09:39 UTC 2026","Application Navigation Smoke Tests","specs\Smoke\2-NavigationSmoke.spec.ts","",""
"","9215","Verify navigation to Settings via nav menu","msedge","Wed Aug 26 10:09:52 UTC 2026","passed","Wed Aug 26 10:10:01 UTC 2026","Home Dashboard","specs\Smoke\3-HomeDashboardSmoke.spec.ts","",""
"","8902","Saved Filters dropdown is visible and defaults to no preset","msedge","Wed Aug 26 10:15:52 UTC 2026","passed","Wed Aug 26 10:16:01 UTC 2026","Exceptions — Smoke","specs\Smoke\8-ExceptionsSmoke.spec.ts","",""
"","10382","Grid loads with data rows and key column headers","chromium","Wed Aug 26 10:10:18 UTC 2026","passed","Wed Aug 26 10:10:28 UTC 2026","Issued Checks — Smoke","specs\Smoke\4-IssuedChecksSmoke.spec.ts","",""
"","6311","Validate Login functionality with incorrectUsername","firefox","Wed Aug 26 10:24:27 UTC 2026","passed","Wed Aug 26 10:24:33 UTC 2026","","specs\Smoke\1-LoginSmoke.spec.ts","",""
"","14858","Clicking a column header sorts ascending, clicking again sorts descending","firefox","Wed Aug 26 10:34:41 UTC 2026","passed","Wed Aug 26 10:34:56 UTC 2026","Presented Checks — Smoke (Continued)","specs\Smoke\5-PresentedChecksSmoke.spec.ts","",""
"","16277","Column filter popup applies a filter and Clear restores the full row set","firefox","Wed Aug 26 10:34:56 UTC 2026","passed","Wed Aug 26 10:35:12 UTC 2026","Presented Checks — Smoke (Continued)","specs\Smoke\5-PresentedChecksSmoke.spec.ts","",""
"","8593","API link is visible and points to swagger","chromium","Wed Aug 26 10:09:59 UTC 2026","passed","Wed Aug 26 10:10:07 UTC 2026","Application Navigation Smoke Tests","specs\Smoke\2-NavigationSmoke.spec.ts","",""
"","13918","Previous page button returns to page 1, First page button re-enables disabled state","msedge","Wed Aug 26 10:15:38 UTC 2026","passed","Wed Aug 26 10:15:52 UTC 2026","Exceptions — Smoke","specs\Smoke\8-ExceptionsSmoke.spec.ts","",""
"","10226","Default filter auto-applies after logout and re-login","msedge","Wed Aug 26 10:15:04 UTC 2026","skipped","Wed Aug 26 10:15:15 UTC 2026","ACH — Smoke","specs\Smoke\7-ACHSmoke.spec.ts","",""
"","10215","Billing Reports sub-page loads correctly","webkit","Wed Aug 26 10:09:32 UTC 2026","passed","Wed Aug 26 10:09:42 UTC 2026","Application Navigation Smoke Tests","specs\Smoke\2-NavigationSmoke.spec.ts","",""
"","7463","Verify Combined View shows all chart sections","firefox","Wed Aug 26 10:26:18 UTC 2026","passed","Wed Aug 26 10:26:26 UTC 2026","Home Dashboard","specs\Smoke\3-HomeDashboardSmoke.spec.ts","",""
"","25552","Column filter popup applies a filter and Clear restores the full row set","webkit","Wed Aug 26 10:24:13 UTC 2026","passed","Wed Aug 26 10:24:39 UTC 2026","ACH — Smoke","specs\Smoke\7-ACHSmoke.spec.ts","",""
"","7714","Validate Login functionality with caseSensitiveEmail","msedge","Wed Aug 26 10:05:33 UTC 2026","passed","Wed Aug 26 10:05:41 UTC 2026","","specs\Smoke\1-LoginSmoke.spec.ts","",""
"","11835","ACH Approval Rules sub-page loads correctly","firefox","Wed Aug 26 10:29:41 UTC 2026","passed","Wed Aug 26 10:29:53 UTC 2026","Application Navigation Smoke Tests","specs\Smoke\2-NavigationSmoke.spec.ts","",""
"","11778","Verify dashboard tab checked state updates correctly","chromium","Wed Aug 26 10:08:23 UTC 2026","passed","Wed Aug 26 10:08:35 UTC 2026","Home Dashboard","specs\Smoke\3-HomeDashboardSmoke.spec.ts","",""
"","18747","Verify dashboard tab checked state updates correctly","webkit","Wed Aug 26 10:11:53 UTC 2026","passed","Wed Aug 26 10:12:12 UTC 2026","Home Dashboard","specs\Smoke\3-HomeDashboardSmoke.spec.ts","",""
"","21543","Save a filter preset, verify it is auto-selected, then delete it","firefox","Wed Aug 26 10:38:58 UTC 2026","passed","Wed Aug 26 10:39:19 UTC 2026","Exceptions — Smoke (Continued)","specs\Smoke\8-ExceptionsSmoke.spec.ts","",""
"","16773","ACH breadcrumb link is visible on the page","webkit","Wed Aug 26 10:25:56 UTC 2026","passed","Wed Aug 26 10:26:12 UTC 2026","ACH — Smoke","specs\Smoke\7-ACHSmoke.spec.ts","",""
"","14653","Account Settings sub-page loads correctly","firefox","Wed Aug 26 10:25:21 UTC 2026","passed","Wed Aug 26 10:25:36 UTC 2026","Application Navigation Smoke Tests","specs\Smoke\2-NavigationSmoke.spec.ts","",""
"","10442","Next page arrow advances to page 2","chromium","Wed Aug 26 10:15:08 UTC 2026","passed","Wed Aug 26 10:15:18 UTC 2026","ACH — Smoke","specs\Smoke\7-ACHSmoke.spec.ts","",""
"","11492","Column filter menu applies a filter and Clear restores the full row set","webkit","Wed Aug 26 10:26:44 UTC 2026","passed","Wed Aug 26 10:26:55 UTC 2026","Exceptions — Smoke (Continued)","specs\Smoke\8-ExceptionsSmoke.spec.ts","",""
"","8567","Excel export button is visible and enabled","msedge","Wed Aug 26 10:10:42 UTC 2026","passed","Wed Aug 26 10:10:51 UTC 2026","Presented Checks — Smoke","specs\Smoke\5-PresentedChecksSmoke.spec.ts","",""
"","18464","Previous page button returns to page 1, First page button re-enables disabled state","firefox","Wed Aug 26 10:32:15 UTC 2026","passed","Wed Aug 26 10:32:34 UTC 2026","Issued Checks — Smoke","specs\Smoke\4-IssuedChecksSmoke.spec.ts","",""
"","10575","Default Decision Log sub-page loads correctly","msedge","Wed Aug 26 10:09:11 UTC 2026","passed","Wed Aug 26 10:09:21 UTC 2026","Application Navigation Smoke Tests","specs\Smoke\2-NavigationSmoke.spec.ts","",""
"","19971","Typing a page number navigates to that page","webkit","Wed Aug 26 10:18:27 UTC 2026","passed","Wed Aug 26 10:18:47 UTC 2026","Presented Checks — Smoke","specs\Smoke\5-PresentedChecksSmoke.spec.ts","",""
"","7337","Exceptions breadcrumb link is visible on the page","msedge","Wed Aug 26 10:17:16 UTC 2026","passed","Wed Aug 26 10:17:24 UTC 2026","Exceptions — Smoke (Continued)","specs\Smoke\8-ExceptionsSmoke.spec.ts","",""
"","20661","Automatic ACH Decision Rules sub-page loads correctly","firefox","Wed Aug 26 10:29:21 UTC 2026","passed","Wed Aug 26 10:29:41 UTC 2026","Application Navigation Smoke Tests","specs\Smoke\2-NavigationSmoke.spec.ts","",""
"","8066","Default Decision Log sub-page loads correctly","chromium","Wed Aug 26 10:09:21 UTC 2026","passed","Wed Aug 26 10:09:29 UTC 2026","Application Navigation Smoke Tests","specs\Smoke\2-NavigationSmoke.spec.ts","",""
"","11286","Search box filters grid and clears correctly","chromium","Wed Aug 26 10:10:50 UTC 2026","passed","Wed Aug 26 10:11:01 UTC 2026","Presented Checks — Smoke","specs\Smoke\5-PresentedChecksSmoke.spec.ts","",""
"","17019","Clicking a column header sorts ascending, clicking again sorts descending","firefox","Wed Aug 26 10:39:19 UTC 2026","passed","Wed Aug 26 10:39:36 UTC 2026","Exceptions — Smoke (Continued)","specs\Smoke\8-ExceptionsSmoke.spec.ts","",""
"","9206","Validate Login functionality with sqlInjection","webkit","Wed Aug 26 10:08:23 UTC 2026","passed","Wed Aug 26 10:08:33 UTC 2026","","specs\Smoke\1-LoginSmoke.spec.ts","",""
"","10860","Validate session persists after page refresh","chromium","Wed Aug 26 10:07:23 UTC 2026","passed","Wed Aug 26 10:07:34 UTC 2026","","specs\Smoke\1-LoginSmoke.spec.ts","",""
"","17065","Default Decision Log sub-page loads correctly","webkit","Wed Aug 26 10:11:54 UTC 2026","passed","Wed Aug 26 10:12:11 UTC 2026","Application Navigation Smoke Tests","specs\Smoke\2-NavigationSmoke.spec.ts","",""
"","8363","Verify navigation to Settings via nav menu","webkit","Wed Aug 26 10:15:10 UTC 2026","passed","Wed Aug 26 10:15:19 UTC 2026","Home Dashboard","specs\Smoke\3-HomeDashboardSmoke.spec.ts","",""
"","8821","Roles/Permissions sub-page loads correctly","webkit","Wed Aug 26 10:09:12 UTC 2026","passed","Wed Aug 26 10:09:21 UTC 2026","Application Navigation Smoke Tests","specs\Smoke\2-NavigationSmoke.spec.ts","",""
"","20562","""Uploaded Checks"" navigates to the uploads page","firefox","Wed Aug 26 10:31:41 UTC 2026","passed","Wed Aug 26 10:32:01 UTC 2026","Presented Checks — Smoke","specs\Smoke\5-PresentedChecksSmoke.spec.ts","",""
"","6998","Verify navigation to ACH via nav menu","msedge","Wed Aug 26 10:09:39 UTC 2026","passed","Wed Aug 26 10:09:46 UTC 2026","Home Dashboard","specs\Smoke\3-HomeDashboardSmoke.spec.ts","",""
"","10064","Verify all three dashboard view tabs are visible","msedge","Wed Aug 26 10:07:17 UTC 2026","passed","Wed Aug 26 10:07:27 UTC 2026","Home Dashboard","specs\Smoke\3-HomeDashboardSmoke.spec.ts","",""
"","5979","Approvals page loads with either records or the empty-state message","msedge","Wed Aug 26 10:17:48 UTC 2026","passed","Wed Aug 26 10:17:54 UTC 2026","Exceptions — Smoke (Continued)","specs\Smoke\8-ExceptionsSmoke.spec.ts","",""
"","5713","Default filter auto-applies after logout and re-login","webkit","Wed Aug 26 10:26:15 UTC 2026","skipped","Wed Aug 26 10:26:21 UTC 2026","Exceptions — Default Filter (Serial)","specs\Smoke\8-ExceptionsSmoke.spec.ts","",""
"","10880","Presented Checks breadcrumb link is visible on the page","firefox","Wed Aug 26 10:36:15 UTC 2026","passed","Wed Aug 26 10:36:26 UTC 2026","Presented Checks — Smoke (Continued)","specs\Smoke\5-PresentedChecksSmoke.spec.ts","",""
"","14496","Previous page button returns to page 1, First page button re-enables disabled state","chromium","Wed Aug 26 10:11:49 UTC 2026","passed","Wed Aug 26 10:12:03 UTC 2026","Presented Checks — Smoke","specs\Smoke\5-PresentedChecksSmoke.spec.ts","",""
"","12990","Verify navigation to Presented Checks via nav menu","firefox","Wed Aug 26 10:29:16 UTC 2026","passed","Wed Aug 26 10:29:29 UTC 2026","Home Dashboard","specs\Smoke\3-HomeDashboardSmoke.spec.ts","",""
"","17844","Exception History grid loads with data rows and key column headers","webkit","Wed Aug 26 10:23:23 UTC 2026","passed","Wed Aug 26 10:23:41 UTC 2026","Exceptions — Smoke","specs\Smoke\8-ExceptionsSmoke.spec.ts","",""
"","14702","Next page arrow advances to page 2","firefox","Wed Aug 26 10:37:28 UTC 2026","passed","Wed Aug 26 10:37:43 UTC 2026","Exceptions — Smoke","specs\Smoke\8-ExceptionsSmoke.spec.ts","",""
"","19632","Clicking a column header sorts ascending, clicking again sorts descending","webkit","Wed Aug 26 10:21:09 UTC 2026","passed","Wed Aug 26 10:21:28 UTC 2026","Presented Checks — Smoke (Continued)","specs\Smoke\5-PresentedChecksSmoke.spec.ts","",""
"","14777","Verify tab-specific charts are hidden for opposite tab","firefox","Wed Aug 26 10:27:27 UTC 2026","passed","Wed Aug 26 10:27:41 UTC 2026","Home Dashboard","specs\Smoke\3-HomeDashboardSmoke.spec.ts","",""
"","8439","Excel export button is visible and enabled","msedge","Wed Aug 26 10:10:41 UTC 2026","passed","Wed Aug 26 10:10:50 UTC 2026","Issued Checks — Smoke","specs\Smoke\4-IssuedChecksSmoke.spec.ts","",""
"","13757","Web Hooks sub-page loads correctly","firefox","Wed Aug 26 10:30:58 UTC 2026","passed","Wed Aug 26 10:31:12 UTC 2026","Application Navigation Smoke Tests","specs\Smoke\2-NavigationSmoke.spec.ts","",""
"","15531","Page size change to 10 updates pagination info in bottom-right pager","firefox","Wed Aug 26 10:32:32 UTC 2026","passed","Wed Aug 26 10:32:48 UTC 2026","Presented Checks — Smoke","specs\Smoke\5-PresentedChecksSmoke.spec.ts","",""
"","9592","Next page arrow advances to page 2","msedge","Wed Aug 26 10:15:03 UTC 2026","passed","Wed Aug 26 10:15:13 UTC 2026","Exceptions — Smoke","specs\Smoke\8-ExceptionsSmoke.spec.ts","",""
"","11806","Presented Checks page loads correctly","firefox","Wed Aug 26 10:24:17 UTC 2026","passed","Wed Aug 26 10:24:29 UTC 2026","Application Navigation Smoke Tests","specs\Smoke\2-NavigationSmoke.spec.ts","",""
"","13779","Verify dashboard loads after successful login","webkit","Wed Aug 26 10:10:39 UTC 2026","passed","Wed Aug 26 10:10:53 UTC 2026","Home Dashboard","specs\Smoke\3-HomeDashboardSmoke.spec.ts","",""
"","10200","Last page arrow jumps to the final page","webkit","Wed Aug 26 10:15:49 UTC 2026","passed","Wed Aug 26 10:15:59 UTC 2026","Issued Checks — Smoke","specs\Smoke\4-IssuedChecksSmoke.spec.ts","",""
"","10367","Business Clients sub-page loads correctly","msedge","Wed Aug 26 10:06:34 UTC 2026","passed","Wed Aug 26 10:06:45 UTC 2026","Application Navigation Smoke Tests","specs\Smoke\2-NavigationSmoke.spec.ts","",""
"","18254","""View"" (Change Log) link on a row navigates to the entity log","webkit","Wed Aug 26 10:22:09 UTC 2026","passed","Wed Aug 26 10:22:27 UTC 2026","Presented Checks — Smoke (Continued)","specs\Smoke\5-PresentedChecksSmoke.spec.ts","",""
"","9056","Validate Login functionality with caseSensitiveEmail","firefox","Wed Aug 26 10:24:11 UTC 2026","passed","Wed Aug 26 10:24:20 UTC 2026","","specs\Smoke\1-LoginSmoke.spec.ts","",""
"","9957","Next page arrow advances to page 2","chromium","Wed Aug 26 10:11:19 UTC 2026","passed","Wed Aug 26 10:11:29 UTC 2026","Presented Checks — Smoke","specs\Smoke\5-PresentedChecksSmoke.spec.ts","",""
"","8734","Validate forgot password with unregistered email","webkit","Wed Aug 26 10:10:05 UTC 2026","passed","Wed Aug 26 10:10:13 UTC 2026","","specs\Smoke\1-LoginSmoke.spec.ts","",""
"","15452","Holiday Schedules sub-page loads correctly","msedge","Wed Aug 26 10:07:42 UTC 2026","passed","Wed Aug 26 10:07:58 UTC 2026","Application Navigation Smoke Tests","specs\Smoke\2-NavigationSmoke.spec.ts","",""
"","16547","Presented Checks page loads correctly","webkit","Wed Aug 26 10:07:24 UTC 2026","passed","Wed Aug 26 10:07:41 UTC 2026","Application Navigation Smoke Tests","specs\Smoke\2-NavigationSmoke.spec.ts","",""
"","10154","""View"" (Change Log) link on a row navigates to the entity log","chromium","Wed Aug 26 10:13:35 UTC 2026","passed","Wed Aug 26 10:13:45 UTC 2026","Presented Checks — Smoke (Continued)","specs\Smoke\5-PresentedChecksSmoke.spec.ts","",""
"","8265","Account Settings sub-page loads correctly","chromium","Wed Aug 26 10:07:04 UTC 2026","passed","Wed Aug 26 10:07:12 UTC 2026","Application Navigation Smoke Tests","specs\Smoke\2-NavigationSmoke.spec.ts","",""
"","10697","Validate teller presented-check form shows all required fields","webkit","Wed Aug 26 10:19:25 UTC 2026","passed","Wed Aug 26 10:19:36 UTC 2026","Teller - Smoke","specs\Smoke\6-TellerSmoke.spec.ts","",""
"","9616","Excel export button is visible and enabled","chromium","Wed Aug 26 10:14:39 UTC 2026","passed","Wed Aug 26 10:14:48 UTC 2026","Exceptions — Smoke","specs\Smoke\8-ExceptionsSmoke.spec.ts","",""
"","14017","Automatic ACH Decision Rules sub-page loads correctly","webkit","Wed Aug 26 10:11:09 UTC 2026","passed","Wed Aug 26 10:11:23 UTC 2026","Application Navigation Smoke Tests","specs\Smoke\2-NavigationSmoke.spec.ts","",""
"","6837","Validate Login functionality with caseSensitiveEmail","chromium","Wed Aug 26 10:06:11 UTC 2026","passed","Wed Aug 26 10:06:18 UTC 2026","","specs\Smoke\1-LoginSmoke.spec.ts","",""
"","17209","Page size change to 10 updates pagination info in bottom-right pager","webkit","Wed Aug 26 10:21:08 UTC 2026","passed","Wed Aug 26 10:21:26 UTC 2026","ACH — Smoke","specs\Smoke\7-ACHSmoke.spec.ts","",""
"","14396","ACH page loads correctly","firefox","Wed Aug 26 10:24:40 UTC 2026","passed","Wed Aug 26 10:24:55 UTC 2026","Application Navigation Smoke Tests","specs\Smoke\2-NavigationSmoke.spec.ts","",""
"","9068","Page size change to 10 updates pagination info in bottom-right pager","chromium","Wed Aug 26 10:14:59 UTC 2026","passed","Wed Aug 26 10:15:08 UTC 2026","ACH — Smoke","specs\Smoke\7-ACHSmoke.spec.ts","",""
"","14466","Pay/Return decision badge navigates to exception history","chromium","Wed Aug 26 10:17:38 UTC 2026","passed","Wed Aug 26 10:17:52 UTC 2026","ACH — Smoke","specs\Smoke\7-ACHSmoke.spec.ts","",""
"","9323","Users sub-page loads correctly","webkit","Wed Aug 26 10:09:03 UTC 2026","passed","Wed Aug 26 10:09:12 UTC 2026","Application Navigation Smoke Tests","specs\Smoke\2-NavigationSmoke.spec.ts","",""
"","8850","Validate forgot password functionality with No email","firefox","Wed Aug 26 10:25:25 UTC 2026","passed","Wed Aug 26 10:25:34 UTC 2026","","specs\Smoke\1-LoginSmoke.spec.ts","",""
"","12727","Home page is accessible and shows dashboard","chromium","Wed Aug 26 10:05:59 UTC 2026","passed","Wed Aug 26 10:06:11 UTC 2026","Application Navigation Smoke Tests","specs\Smoke\2-NavigationSmoke.spec.ts","",""
"","13691","Exception History grid loads with data rows and key column headers","firefox","Wed Aug 26 10:36:26 UTC 2026","passed","Wed Aug 26 10:36:40 UTC 2026","Exceptions — Smoke","specs\Smoke\8-ExceptionsSmoke.spec.ts","",""
"","9731","Exception History grid loads with data rows and key column headers","msedge","Wed Aug 26 10:14:24 UTC 2026","passed","Wed Aug 26 10:14:33 UTC 2026","Exceptions — Smoke","specs\Smoke\8-ExceptionsSmoke.spec.ts","",""
"","9750","Validate teller presented-check form shows all required fields","chromium","Wed Aug 26 10:13:59 UTC 2026","passed","Wed Aug 26 10:14:09 UTC 2026","Teller - Smoke","specs\Smoke\6-TellerSmoke.spec.ts","",""
"","14438","Web Hooks sub-page loads correctly","webkit","Wed Aug 26 10:12:58 UTC 2026","passed","Wed Aug 26 10:13:12 UTC 2026","Application Navigation Smoke Tests","specs\Smoke\2-NavigationSmoke.spec.ts","",""
"","16812","Saved Filters dropdown is visible and defaults to no preset","webkit","Wed Aug 26 10:20:04 UTC 2026","passed","Wed Aug 26 10:20:21 UTC 2026","Presented Checks — Smoke","specs\Smoke\5-PresentedChecksSmoke.spec.ts","",""
"","5072","Validate Login functionality with sqlInjection","firefox","Wed Aug 26 10:24:51 UTC 2026","passed","Wed Aug 26 10:24:56 UTC 2026","","specs\Smoke\1-LoginSmoke.spec.ts","",""
"","6110","Issued Checks breadcrumb link is visible on the page","msedge","Wed Aug 26 10:13:03 UTC 2026","passed","Wed Aug 26 10:13:09 UTC 2026","Issued Checks — Smoke (Continued)","specs\Smoke\4-IssuedChecksSmoke.spec.ts","",""
"","13394","""Delete"" on a row shows a confirm modal; Cancel dismisses it without deleting","firefox","Wed Aug 26 10:34:27 UTC 2026","passed","Wed Aug 26 10:34:41 UTC 2026","Issued Checks — Smoke (Continued)","specs\Smoke\4-IssuedChecksSmoke.spec.ts","",""
"","14069","Next page arrow advances to page 2","firefox","Wed Aug 26 10:32:48 UTC 2026","passed","Wed Aug 26 10:33:02 UTC 2026","Presented Checks — Smoke","specs\Smoke\5-PresentedChecksSmoke.spec.ts","",""
"","15564","Saved Filters dropdown is visible and defaults to no preset","webkit","Wed Aug 26 10:25:59 UTC 2026","passed","Wed Aug 26 10:26:15 UTC 2026","Exceptions — Smoke","specs\Smoke\8-ExceptionsSmoke.spec.ts","",""
"","8164","Grid View toggle navigates to the open-exceptions grid and shows key column headers","msedge","Wed Aug 26 10:17:40 UTC 2026","passed","Wed Aug 26 10:17:48 UTC 2026","Exceptions — Smoke (Continued)","specs\Smoke\8-ExceptionsSmoke.spec.ts","",""
"","12928","System Log sub-page loads correctly","firefox","Wed Aug 26 10:30:18 UTC 2026","passed","Wed Aug 26 10:30:31 UTC 2026","Application Navigation Smoke Tests","specs\Smoke\2-NavigationSmoke.spec.ts","",""
"","13876","Settings page loads correctly","webkit","Wed Aug 26 10:08:23 UTC 2026","passed","Wed Aug 26 10:08:37 UTC 2026","Application Navigation Smoke Tests","specs\Smoke\2-NavigationSmoke.spec.ts","",""
"","13437","Page size change to 10 updates pagination info in bottom-right pager","firefox","Wed Aug 26 10:36:26 UTC 2026","passed","Wed Aug 26 10:36:40 UTC 2026","ACH — Smoke","specs\Smoke\7-ACHSmoke.spec.ts","",""
"","6939","Default filter auto-applies after logout and re-login","msedge","Wed Aug 26 10:16:01 UTC 2026","skipped","Wed Aug 26 10:16:08 UTC 2026","Exceptions — Default Filter (Serial)","specs\Smoke\8-ExceptionsSmoke.spec.ts","",""
"","9287","File Formats sub-page loads correctly","chromium","Wed Aug 26 10:08:16 UTC 2026","passed","Wed Aug 26 10:08:26 UTC 2026","Application Navigation Smoke Tests","specs\Smoke\2-NavigationSmoke.spec.ts","",""
"","9102","Clicking a column header sorts ascending, clicking again sorts descending","msedge","Wed Aug 26 10:15:29 UTC 2026","passed","Wed Aug 26 10:15:38 UTC 2026","ACH — Smoke","specs\Smoke\7-ACHSmoke.spec.ts","",""
"","12293","Typing a page number navigates to that page","webkit","Wed Aug 26 10:15:59 UTC 2026","passed","Wed Aug 26 10:16:11 UTC 2026","Issued Checks — Smoke","specs\Smoke\4-IssuedChecksSmoke.spec.ts","",""
"","12787","Pay/Return decision badge navigates to exception history","msedge","Wed Aug 26 10:16:11 UTC 2026","passed","Wed Aug 26 10:16:23 UTC 2026","ACH — Smoke","specs\Smoke\7-ACHSmoke.spec.ts","",""
"","18061","Excel export button is visible and enabled","firefox","Wed Aug 26 10:36:08 UTC 2026","passed","Wed Aug 26 10:36:26 UTC 2026","ACH — Smoke","specs\Smoke\7-ACHSmoke.spec.ts","",""
"","9293","""Delete"" on a row shows a confirm modal; Cancel dismisses it without deleting","msedge","Wed Aug 26 10:13:57 UTC 2026","passed","Wed Aug 26 10:14:06 UTC 2026","Presented Checks — Smoke (Continued)","specs\Smoke\5-PresentedChecksSmoke.spec.ts","",""
"","9041","Notification Log sub-page loads correctly","chromium","Wed Aug 26 10:09:12 UTC 2026","passed","Wed Aug 26 10:09:21 UTC 2026","Application Navigation Smoke Tests","specs\Smoke\2-NavigationSmoke.spec.ts","",""
"","13046","Notification Templates sub-page loads correctly","webkit","Wed Aug 26 10:10:27 UTC 2026","passed","Wed Aug 26 10:10:40 UTC 2026","Application Navigation Smoke Tests","specs\Smoke\2-NavigationSmoke.spec.ts","",""
"","16418","Page size change to 10 updates pagination info in bottom-right pager","webkit","Wed Aug 26 10:17:33 UTC 2026","passed","Wed Aug 26 10:17:49 UTC 2026","Presented Checks — Smoke","specs\Smoke\5-PresentedChecksSmoke.spec.ts","",""
"","10733","Issued Checks breadcrumb link is visible on the page","chromium","Wed Aug 26 10:13:48 UTC 2026","passed","Wed Aug 26 10:13:59 UTC 2026","Issued Checks — Smoke (Continued)","specs\Smoke\4-IssuedChecksSmoke.spec.ts","",""
"","8534","Page size change to 10 updates pagination info in bottom-right pager","msedge","Wed Aug 26 10:14:55 UTC 2026","passed","Wed Aug 26 10:15:03 UTC 2026","Exceptions — Smoke","specs\Smoke\8-ExceptionsSmoke.spec.ts","",""
"","12010","Decision Files sub-page loads correctly","msedge","Wed Aug 26 10:07:30 UTC 2026","passed","Wed Aug 26 10:07:42 UTC 2026","Application Navigation Smoke Tests","specs\Smoke\2-NavigationSmoke.spec.ts","",""
"","9897","Users sub-page loads correctly","chromium","Wed Aug 26 10:07:21 UTC 2026","passed","Wed Aug 26 10:07:31 UTC 2026","Application Navigation Smoke Tests","specs\Smoke\2-NavigationSmoke.spec.ts","",""
"","10023","Typing a page number navigates to that page","chromium","Wed Aug 26 10:11:39 UTC 2026","passed","Wed Aug 26 10:11:49 UTC 2026","Issued Checks — Smoke","specs\Smoke\4-IssuedChecksSmoke.spec.ts","",""
"","15038","Typing a page number navigates to that page","msedge","Wed Aug 26 10:15:23 UTC 2026","passed","Wed Aug 26 10:15:38 UTC 2026","Exceptions — Smoke","specs\Smoke\8-ExceptionsSmoke.spec.ts","",""
"","13124","Clicking a column header sorts ascending, clicking again sorts descending","firefox","Wed Aug 26 10:33:20 UTC 2026","passed","Wed Aug 26 10:33:34 UTC 2026","Issued Checks — Smoke (Continued)","specs\Smoke\4-IssuedChecksSmoke.spec.ts","",""
"","15575","ACH Approval Rules sub-page loads correctly","webkit","Wed Aug 26 10:11:23 UTC 2026","passed","Wed Aug 26 10:11:38 UTC 2026","Application Navigation Smoke Tests","specs\Smoke\2-NavigationSmoke.spec.ts","",""
"","9919","Grid loads with data rows and key column headers","chromium","Wed Aug 26 10:10:20 UTC 2026","passed","Wed Aug 26 10:10:30 UTC 2026","Presented Checks — Smoke","specs\Smoke\5-PresentedChecksSmoke.spec.ts","",""
"","10625","Account Settings sub-page loads correctly","msedge","Wed Aug 26 10:06:24 UTC 2026","passed","Wed Aug 26 10:06:34 UTC 2026","Application Navigation Smoke Tests","specs\Smoke\2-NavigationSmoke.spec.ts","",""
"","11258","Decision badge on an already-reviewed row is blocked with a system message","webkit","Wed Aug 26 10:27:08 UTC 2026","passed","Wed Aug 26 10:27:19 UTC 2026","Exceptions — Smoke (Continued)","specs\Smoke\8-ExceptionsSmoke.spec.ts","",""
"","13948","Excel export button is visible and enabled","firefox","Wed Aug 26 10:32:18 UTC 2026","passed","Wed Aug 26 10:32:32 UTC 2026","Presented Checks — Smoke","specs\Smoke\5-PresentedChecksSmoke.spec.ts","",""
"","6265","Validate Login functionality with missingUsername","chromium","Wed Aug 26 10:06:45 UTC 2026","passed","Wed Aug 26 10:06:51 UTC 2026","","specs\Smoke\1-LoginSmoke.spec.ts","",""
"","15817","Verify ACH Only tab shows ACH-specific chart sections","webkit","Wed Aug 26 10:11:38 UTC 2026","passed","Wed Aug 26 10:11:53 UTC 2026","Home Dashboard","specs\Smoke\3-HomeDashboardSmoke.spec.ts","",""
"","10236","Open Exceptions page loads with either exception cards or the empty-state message","chromium","Wed Aug 26 10:17:49 UTC 2026","passed","Wed Aug 26 10:17:59 UTC 2026","Exceptions — Smoke (Continued)","specs\Smoke\8-ExceptionsSmoke.spec.ts","",""
"","9924","Web Hooks sub-page loads correctly","msedge","Wed Aug 26 10:09:48 UTC 2026","passed","Wed Aug 26 10:09:58 UTC 2026","Application Navigation Smoke Tests","specs\Smoke\2-NavigationSmoke.spec.ts","",""
"","10234","Last page arrow jumps to the final page","msedge","Wed Aug 26 10:11:15 UTC 2026","passed","Wed Aug 26 10:11:25 UTC 2026","Issued Checks — Smoke","specs\Smoke\4-IssuedChecksSmoke.spec.ts","",""
"","12773","Validate teller presented-check form shows all required fields","firefox","Wed Aug 26 10:34:56 UTC 2026","passed","Wed Aug 26 10:35:09 UTC 2026","Teller - Smoke","specs\Smoke\6-TellerSmoke.spec.ts","",""
"","15213","Last page arrow jumps to the final page","firefox","Wed Aug 26 10:37:43 UTC 2026","passed","Wed Aug 26 10:37:58 UTC 2026","Exceptions — Smoke","specs\Smoke\8-ExceptionsSmoke.spec.ts","",""
"","9369","Verify ACH Only tab shows ACH-specific chart sections","firefox","Wed Aug 26 10:26:39 UTC 2026","passed","Wed Aug 26 10:26:49 UTC 2026","Home Dashboard","specs\Smoke\3-HomeDashboardSmoke.spec.ts","",""
"","9323","Saved Filters dropdown is visible and defaults to no preset","msedge","Wed Aug 26 10:11:47 UTC 2026","passed","Wed Aug 26 10:11:57 UTC 2026","Issued Checks — Smoke","specs\Smoke\4-IssuedChecksSmoke.spec.ts","",""
"","7771","Open Exceptions page loads with either exception cards or the empty-state message","msedge","Wed Aug 26 10:17:32 UTC 2026","passed","Wed Aug 26 10:17:40 UTC 2026","Exceptions — Smoke (Continued)","specs\Smoke\8-ExceptionsSmoke.spec.ts","",""
"","17472","Save a filter preset, verify it is auto-selected, then delete it","chromium","Wed Aug 26 10:12:42 UTC 2026","passed","Wed Aug 26 10:13:00 UTC 2026","Presented Checks — Smoke (Continued)","specs\Smoke\5-PresentedChecksSmoke.spec.ts","",""
"","7580","Verify all three dashboard view tabs are visible","firefox","Wed Aug 26 10:26:11 UTC 2026","passed","Wed Aug 26 10:26:18 UTC 2026","Home Dashboard","specs\Smoke\3-HomeDashboardSmoke.spec.ts","",""
"","14688","Save a filter preset, verify it is auto-selected, then delete it","webkit","Wed Aug 26 10:26:21 UTC 2026","passed","Wed Aug 26 10:26:35 UTC 2026","Exceptions — Smoke (Continued)","specs\Smoke\8-ExceptionsSmoke.spec.ts","",""
"","15522","File Processing sub-page loads correctly","webkit","Wed Aug 26 10:12:27 UTC 2026","passed","Wed Aug 26 10:12:42 UTC 2026","Application Navigation Smoke Tests","specs\Smoke\2-NavigationSmoke.spec.ts","",""
"","23525","Previous page button returns to page 1, First page button re-enables disabled state","webkit","Wed Aug 26 10:25:36 UTC 2026","passed","Wed Aug 26 10:25:59 UTC 2026","Exceptions — Smoke","specs\Smoke\8-ExceptionsSmoke.spec.ts","",""
"","9320","Check Approval Rules sub-page loads correctly","msedge","Wed Aug 26 10:08:36 UTC 2026","passed","Wed Aug 26 10:08:45 UTC 2026","Application Navigation Smoke Tests","specs\Smoke\2-NavigationSmoke.spec.ts","",""
"","7937","Verify navigation to ACH via nav menu","chromium","Wed Aug 26 10:09:58 UTC 2026","passed","Wed Aug 26 10:10:05 UTC 2026","Home Dashboard","specs\Smoke\3-HomeDashboardSmoke.spec.ts","",""
"","11654","Previous page button returns to page 1, First page button re-enables disabled state","chromium","Wed Aug 26 10:15:28 UTC 2026","passed","Wed Aug 26 10:15:39 UTC 2026","Exceptions — Smoke","specs\Smoke\8-ExceptionsSmoke.spec.ts","",""
"","10968","Validate Login functionality with veryLongInput","webkit","Wed Aug 26 10:08:40 UTC 2026","passed","Wed Aug 26 10:08:51 UTC 2026","","specs\Smoke\1-LoginSmoke.spec.ts","",""
"","9956","Typing a page number navigates to that page","msedge","Wed Aug 26 10:14:33 UTC 2026","passed","Wed Aug 26 10:14:43 UTC 2026","ACH — Smoke","specs\Smoke\7-ACHSmoke.spec.ts","",""
"","25222","Previous page button returns to page 1, First page button re-enables disabled state","webkit","Wed Aug 26 10:22:23 UTC 2026","passed","Wed Aug 26 10:22:48 UTC 2026","ACH — Smoke","specs\Smoke\7-ACHSmoke.spec.ts","",""
"","16689","Default filter auto-applies after logout and re-login","webkit","Wed Aug 26 10:20:21 UTC 2026","skipped","Wed Aug 26 10:20:37 UTC 2026","Presented Checks — Default Filter (Serial)","specs\Smoke\5-PresentedChecksSmoke.spec.ts","",""
"","20448","Previous page button returns to page 1, First page button re-enables disabled state","webkit","Wed Aug 26 10:16:11 UTC 2026","passed","Wed Aug 26 10:16:32 UTC 2026","Issued Checks — Smoke","specs\Smoke\4-IssuedChecksSmoke.spec.ts","",""
"","13870","Verify profile menu shows My Info and Logout links","webkit","Wed Aug 26 10:13:43 UTC 2026","passed","Wed Aug 26 10:13:57 UTC 2026","Home Dashboard","specs\Smoke\3-HomeDashboardSmoke.spec.ts","",""
"","5473","Validate Login functionality with sqlInjection","msedge","Wed Aug 26 10:06:10 UTC 2026","passed","Wed Aug 26 10:06:15 UTC 2026","","specs\Smoke\1-LoginSmoke.spec.ts","",""
"","14370","Saved Filters dropdown is visible and defaults to no preset","firefox","Wed Aug 26 10:32:34 UTC 2026","passed","Wed Aug 26 10:32:48 UTC 2026","Issued Checks — Smoke","specs\Smoke\4-IssuedChecksSmoke.spec.ts","",""
"","7644","ACH page loads correctly","msedge","Wed Aug 26 10:05:58 UTC 2026","passed","Wed Aug 26 10:06:06 UTC 2026","Application Navigation Smoke Tests","specs\Smoke\2-NavigationSmoke.spec.ts","",""
"","18487","""Delete"" on a row shows a confirm modal; Cancel dismisses it without deleting","webkit","Wed Aug 26 10:18:56 UTC 2026","passed","Wed Aug 26 10:19:14 UTC 2026","Issued Checks — Smoke (Continued)","specs\Smoke\4-IssuedChecksSmoke.spec.ts","",""
"","5071","Validate Login functionality with veryLongInput","msedge","Wed Aug 26 10:06:21 UTC 2026","passed","Wed Aug 26 10:06:26 UTC 2026","","specs\Smoke\1-LoginSmoke.spec.ts","",""
"","8125","""Uploaded Checks"" navigates to the uploads page","chromium","Wed Aug 26 10:10:37 UTC 2026","passed","Wed Aug 26 10:10:45 UTC 2026","Issued Checks — Smoke","specs\Smoke\4-IssuedChecksSmoke.spec.ts","",""
"","19662","Search box filters grid and clears correctly","webkit","Wed Aug 26 10:20:30 UTC 2026","passed","Wed Aug 26 10:20:50 UTC 2026","ACH — Smoke","specs\Smoke\7-ACHSmoke.spec.ts","",""
"","7107","Verify profile menu shows My Info and Logout links","msedge","Wed Aug 26 10:09:08 UTC 2026","passed","Wed Aug 26 10:09:15 UTC 2026","Home Dashboard","specs\Smoke\3-HomeDashboardSmoke.spec.ts","",""
"","10326","""Uploaded ACH"" navigates to the uploads page","msedge","Wed Aug 26 10:13:31 UTC 2026","passed","Wed Aug 26 10:13:41 UTC 2026","ACH — Smoke","specs\Smoke\7-ACHSmoke.spec.ts","",""
"","9419","Grid View toggle navigates to the open-exceptions grid and shows key column headers","firefox","Wed Aug 26 10:40:59 UTC 2026","passed","Wed Aug 26 10:41:09 UTC 2026","Exceptions — Smoke (Continued)","specs\Smoke\8-ExceptionsSmoke.spec.ts","",""
"","11413","Typing a page number navigates to that page","chromium","Wed Aug 26 10:15:28 UTC 2026","passed","Wed Aug 26 10:15:39 UTC 2026","ACH — Smoke","specs\Smoke\7-ACHSmoke.spec.ts","",""
"","4720","Validate Login functionality with incorrectPassword","msedge","Wed Aug 26 10:05:41 UTC 2026","passed","Wed Aug 26 10:05:46 UTC 2026","","specs\Smoke\1-LoginSmoke.spec.ts","",""
"","9308","Saved Filters dropdown is visible and defaults to no preset","chromium","Wed Aug 26 10:12:03 UTC 2026","passed","Wed Aug 26 10:12:13 UTC 2026","Presented Checks — Smoke","specs\Smoke\5-PresentedChecksSmoke.spec.ts","",""
"","12658","Previous page button returns to page 1, First page button re-enables disabled state","chromium","Wed Aug 26 10:15:39 UTC 2026","passed","Wed Aug 26 10:15:52 UTC 2026","ACH — Smoke","specs\Smoke\7-ACHSmoke.spec.ts","",""
"","10686","Excel export button is visible and enabled","msedge","Wed Aug 26 10:13:53 UTC 2026","passed","Wed Aug 26 10:14:03 UTC 2026","ACH — Smoke","specs\Smoke\7-ACHSmoke.spec.ts","",""
"","14580","Last page arrow jumps to the final page","firefox","Wed Aug 26 10:36:56 UTC 2026","passed","Wed Aug 26 10:37:10 UTC 2026","ACH — Smoke","specs\Smoke\7-ACHSmoke.spec.ts","",""
"","10010","Web Hooks sub-page loads correctly","chromium","Wed Aug 26 10:10:07 UTC 2026","passed","Wed Aug 26 10:10:17 UTC 2026","Application Navigation Smoke Tests","specs\Smoke\2-NavigationSmoke.spec.ts","",""
"","17443","Verify navigation to Presented Checks via nav menu","webkit","Wed Aug 26 10:14:30 UTC 2026","passed","Wed Aug 26 10:14:48 UTC 2026","Home Dashboard","specs\Smoke\3-HomeDashboardSmoke.spec.ts","",""
"","15233","Save a filter preset, verify it is auto-selected, then delete it","chromium","Wed Aug 26 10:16:34 UTC 2026","passed","Wed Aug 26 10:16:49 UTC 2026","ACH — Smoke","specs\Smoke\7-ACHSmoke.spec.ts","",""
"","13570","Column filter popup applies a filter and Clear restores the full row set","chromium","Wed Aug 26 10:13:10 UTC 2026","passed","Wed Aug 26 10:13:23 UTC 2026","Presented Checks — Smoke (Continued)","specs\Smoke\5-PresentedChecksSmoke.spec.ts","",""
"","14572","Saved Filters dropdown is visible and defaults to no preset","firefox","Wed Aug 26 10:38:33 UTC 2026","passed","Wed Aug 26 10:38:47 UTC 2026","Exceptions — Smoke","specs\Smoke\8-ExceptionsSmoke.spec.ts","",""
"","11673","Last page arrow jumps to the final page","firefox","Wed Aug 26 10:31:47 UTC 2026","passed","Wed Aug 26 10:31:59 UTC 2026","Issued Checks — Smoke","specs\Smoke\4-IssuedChecksSmoke.spec.ts","",""
"","8822","Open Exceptions page loads with either exception cards or the empty-state message","firefox","Wed Aug 26 10:40:50 UTC 2026","passed","Wed Aug 26 10:40:59 UTC 2026","Exceptions — Smoke (Continued)","specs\Smoke\8-ExceptionsSmoke.spec.ts","",""
"","9388","Exceptions page loads correctly","msedge","Wed Aug 26 10:06:06 UTC 2026","passed","Wed Aug 26 10:06:15 UTC 2026","Application Navigation Smoke Tests","specs\Smoke\2-NavigationSmoke.spec.ts","",""
"","15757","Users sub-page loads correctly","firefox","Wed Aug 26 10:27:11 UTC 2026","passed","Wed Aug 26 10:27:27 UTC 2026","Application Navigation Smoke Tests","specs\Smoke\2-NavigationSmoke.spec.ts","",""
"","9898","Typing a page number navigates to that page","msedge","Wed Aug 26 10:11:25 UTC 2026","passed","Wed Aug 26 10:11:34 UTC 2026","Presented Checks — Smoke","specs\Smoke\5-PresentedChecksSmoke.spec.ts","",""
"","8736","Issued Checks page loads correctly","chromium","Wed Aug 26 10:06:12 UTC 2026","passed","Wed Aug 26 10:06:20 UTC 2026","Application Navigation Smoke Tests","specs\Smoke\2-NavigationSmoke.spec.ts","",""
"","18444","Grid loads with data rows and key column headers","webkit","Wed Aug 26 10:19:36 UTC 2026","passed","Wed Aug 26 10:19:54 UTC 2026","ACH — Smoke","specs\Smoke\7-ACHSmoke.spec.ts","",""
"","9982","Excel export button is visible and enabled","chromium","Wed Aug 26 10:10:57 UTC 2026","passed","Wed Aug 26 10:11:07 UTC 2026","Issued Checks — Smoke","specs\Smoke\4-IssuedChecksSmoke.spec.ts","",""
"","14778","Typing a page number navigates to that page","firefox","Wed Aug 26 10:37:10 UTC 2026","passed","Wed Aug 26 10:37:25 UTC 2026","ACH — Smoke","specs\Smoke\7-ACHSmoke.spec.ts","",""
"","15163","""Uploaded ACH"" navigates to the uploads page","firefox","Wed Aug 26 10:35:38 UTC 2026","passed","Wed Aug 26 10:35:53 UTC 2026","ACH — Smoke","specs\Smoke\7-ACHSmoke.spec.ts","",""
"","6075","Validate teller presented-check form shows all required fields","msedge","Wed Aug 26 10:13:09 UTC 2026","passed","Wed Aug 26 10:13:15 UTC 2026","Teller - Smoke","specs\Smoke\6-TellerSmoke.spec.ts","",""
"","5548","Validate Login functionality with missingPassword","chromium","Wed Aug 26 10:06:39 UTC 2026","passed","Wed Aug 26 10:06:45 UTC 2026","","specs\Smoke\1-LoginSmoke.spec.ts","",""
"","11170","""Delete"" on a row shows a confirm modal; Cancel dismisses it without deleting","chromium","Wed Aug 26 10:13:45 UTC 2026","passed","Wed Aug 26 10:13:56 UTC 2026","Presented Checks — Smoke (Continued)","specs\Smoke\5-PresentedChecksSmoke.spec.ts","",""
"","10325","Saved Filters dropdown is visible and defaults to no preset","firefox","Wed Aug 26 10:33:51 UTC 2026","passed","Wed Aug 26 10:34:01 UTC 2026","Presented Checks — Smoke","specs\Smoke\5-PresentedChecksSmoke.spec.ts","",""
"","9115","Issued Checks page loads correctly","msedge","Wed Aug 26 10:05:34 UTC 2026","passed","Wed Aug 26 10:05:43 UTC 2026","Application Navigation Smoke Tests","specs\Smoke\2-NavigationSmoke.spec.ts","",""
"","24149","Column filter popup applies a filter and Clear restores the full row set","firefox","Wed Aug 26 10:33:34 UTC 2026","passed","Wed Aug 26 10:33:58 UTC 2026","Issued Checks — Smoke (Continued)","specs\Smoke\4-IssuedChecksSmoke.spec.ts","",""
"","10623","Search box filters grid and clears correctly","msedge","Wed Aug 26 10:10:31 UTC 2026","passed","Wed Aug 26 10:10:41 UTC 2026","Issued Checks — Smoke","specs\Smoke\4-IssuedChecksSmoke.spec.ts","",""
"","7327","Validate unauthenticated access to protected route is redirected to login","msedge","Wed Aug 26 10:06:59 UTC 2026","passed","Wed Aug 26 10:07:07 UTC 2026","","specs\Smoke\1-LoginSmoke.spec.ts","",""
"","31269","Save a filter preset, verify it is auto-selected, then delete it","webkit","Wed Aug 26 10:20:37 UTC 2026","passed","Wed Aug 26 10:21:09 UTC 2026","Presented Checks — Smoke (Continued)","specs\Smoke\5-PresentedChecksSmoke.spec.ts","",""
"","11872","Search box filters grid and clears correctly","chromium","Wed Aug 26 10:14:38 UTC 2026","passed","Wed Aug 26 10:14:50 UTC 2026","ACH — Smoke","specs\Smoke\7-ACHSmoke.spec.ts","",""
"","20863","Typing a page number navigates to that page","webkit","Wed Aug 26 10:25:15 UTC 2026","passed","Wed Aug 26 10:25:36 UTC 2026","Exceptions — Smoke","specs\Smoke\8-ExceptionsSmoke.spec.ts","",""
"","17999","""Delete"" on a row shows a confirm modal; Cancel dismisses it without deleting","firefox","Wed Aug 26 10:35:42 UTC 2026","passed","Wed Aug 26 10:36:00 UTC 2026","Presented Checks — Smoke (Continued)","specs\Smoke\5-PresentedChecksSmoke.spec.ts","",""
"","12745","Notification Log sub-page loads correctly","firefox","Wed Aug 26 10:29:53 UTC 2026","passed","Wed Aug 26 10:30:06 UTC 2026","Application Navigation Smoke Tests","specs\Smoke\2-NavigationSmoke.spec.ts","",""
"","7487","Verify Total Exceptions and Total Exception Amount labels are visible","chromium","Wed Aug 26 10:08:55 UTC 2026","passed","Wed Aug 26 10:09:02 UTC 2026","Home Dashboard","specs\Smoke\3-HomeDashboardSmoke.spec.ts","",""
"","15862","Saved Filters dropdown is visible and defaults to no preset","webkit","Wed Aug 26 10:22:48 UTC 2026","passed","Wed Aug 26 10:23:04 UTC 2026","ACH — Smoke","specs\Smoke\7-ACHSmoke.spec.ts","",""
"","14837","Roles/Permissions sub-page loads correctly","firefox","Wed Aug 26 10:27:27 UTC 2026","passed","Wed Aug 26 10:27:42 UTC 2026","Application Navigation Smoke Tests","specs\Smoke\2-NavigationSmoke.spec.ts","",""
"","9049","Pay/Return decision badge navigates to exception history","msedge","Wed Aug 26 10:14:06 UTC 2026","passed","Wed Aug 26 10:14:15 UTC 2026","Presented Checks — Smoke (Continued)","specs\Smoke\5-PresentedChecksSmoke.spec.ts","",""
"","13876","Verify Total Exceptions and Total Exception Amount labels are visible","webkit","Wed Aug 26 10:12:46 UTC 2026","passed","Wed Aug 26 10:12:59 UTC 2026","Home Dashboard","specs\Smoke\3-HomeDashboardSmoke.spec.ts","",""
"","13135","Column filter popup applies a filter and Clear restores the full row set","msedge","Wed Aug 26 10:15:38 UTC 2026","passed","Wed Aug 26 10:15:51 UTC 2026","ACH — Smoke","specs\Smoke\7-ACHSmoke.spec.ts","",""
"","7804","Presented Checks page loads correctly","msedge","Wed Aug 26 10:05:43 UTC 2026","passed","Wed Aug 26 10:05:51 UTC 2026","Application Navigation Smoke Tests","specs\Smoke\2-NavigationSmoke.spec.ts","",""
"","22279","""Delete"" on a row shows a confirm modal; Cancel dismisses it without deleting","webkit","Wed Aug 26 10:22:27 UTC 2026","passed","Wed Aug 26 10:22:49 UTC 2026","Presented Checks — Smoke (Continued)","specs\Smoke\5-PresentedChecksSmoke.spec.ts","",""
"","18458","Last page arrow jumps to the final page","webkit","Wed Aug 26 10:21:45 UTC 2026","passed","Wed Aug 26 10:22:04 UTC 2026","ACH — Smoke","specs\Smoke\7-ACHSmoke.spec.ts","",""
"","12754","Verify navigation to Presented Checks via nav menu","chromium","Wed Aug 26 10:09:45 UTC 2026","passed","Wed Aug 26 10:09:57 UTC 2026","Home Dashboard","specs\Smoke\3-HomeDashboardSmoke.spec.ts","",""
"","16010","File Formats sub-page loads correctly","webkit","Wed Aug 26 10:10:11 UTC 2026","passed","Wed Aug 26 10:10:27 UTC 2026","Application Navigation Smoke Tests","specs\Smoke\2-NavigationSmoke.spec.ts","",""
"","4692","Validate Login functionality with missingPassword","msedge","Wed Aug 26 10:06:00 UTC 2026","passed","Wed Aug 26 10:06:05 UTC 2026","","specs\Smoke\1-LoginSmoke.spec.ts","",""
"","15263","Page size change to 10 updates pagination info in bottom-right pager","firefox","Wed Aug 26 10:31:18 UTC 2026","passed","Wed Aug 26 10:31:33 UTC 2026","Issued Checks — Smoke","specs\Smoke\4-IssuedChecksSmoke.spec.ts","",""
"","9495","Saved Filters dropdown is visible and defaults to no preset","chromium","Wed Aug 26 10:12:00 UTC 2026","passed","Wed Aug 26 10:12:10 UTC 2026","Issued Checks — Smoke","specs\Smoke\4-IssuedChecksSmoke.spec.ts","",""
"","14571","Save a filter preset, verify it is auto-selected, then delete it","msedge","Wed Aug 26 10:15:15 UTC 2026","passed","Wed Aug 26 10:15:29 UTC 2026","ACH — Smoke","specs\Smoke\7-ACHSmoke.spec.ts","",""
"","7898","Verify Combined View shows all chart sections","chromium","Wed Aug 26 10:07:57 UTC 2026","passed","Wed Aug 26 10:08:05 UTC 2026","Home Dashboard","specs\Smoke\3-HomeDashboardSmoke.spec.ts","",""
"","8746","""View"" (Change Log) link on a row navigates to the entity log","msedge","Wed Aug 26 10:13:48 UTC 2026","passed","Wed Aug 26 10:13:57 UTC 2026","Presented Checks — Smoke (Continued)","specs\Smoke\5-PresentedChecksSmoke.spec.ts","",""
"","10864","Holiday Schedules sub-page loads correctly","firefox","Wed Aug 26 10:28:21 UTC 2026","passed","Wed Aug 26 10:28:32 UTC 2026","Application Navigation Smoke Tests","specs\Smoke\2-NavigationSmoke.spec.ts","",""
"","11904","Notification Templates sub-page loads correctly","msedge","Wed Aug 26 10:08:14 UTC 2026","passed","Wed Aug 26 10:08:25 UTC 2026","Application Navigation Smoke Tests","specs\Smoke\2-NavigationSmoke.spec.ts","",""
"","13788","Verify dashboard footer footnote and privacy link are visible","webkit","Wed Aug 26 10:13:29 UTC 2026","passed","Wed Aug 26 10:13:43 UTC 2026","Home Dashboard","specs\Smoke\3-HomeDashboardSmoke.spec.ts","",""
"","8636","Clicking a column header sorts ascending, clicking again sorts descending","webkit","Wed Aug 26 10:26:35 UTC 2026","passed","Wed Aug 26 10:26:44 UTC 2026","Exceptions — Smoke (Continued)","specs\Smoke\8-ExceptionsSmoke.spec.ts","",""
"","6810","Validate forgot password functionality","msedge","Wed Aug 26 10:06:26 UTC 2026","passed","Wed Aug 26 10:06:33 UTC 2026","","specs\Smoke\1-LoginSmoke.spec.ts","",""
"","16646","Save a filter preset, verify it is auto-selected, then delete it","chromium","Wed Aug 26 10:12:37 UTC 2026","passed","Wed Aug 26 10:12:54 UTC 2026","Issued Checks — Smoke (Continued)","specs\Smoke\4-IssuedChecksSmoke.spec.ts","",""
"","13339","Decision Files sub-page loads correctly","firefox","Wed Aug 26 10:28:08 UTC 2026","passed","Wed Aug 26 10:28:21 UTC 2026","Application Navigation Smoke Tests","specs\Smoke\2-NavigationSmoke.spec.ts","",""
"","16636","Verify tab-specific charts are hidden for opposite tab","webkit","Wed Aug 26 10:12:29 UTC 2026","passed","Wed Aug 26 10:12:46 UTC 2026","Home Dashboard","specs\Smoke\3-HomeDashboardSmoke.spec.ts","",""
"","14709","Automatic Check Decision Rules sub-page loads correctly","webkit","Wed Aug 26 10:10:40 UTC 2026","passed","Wed Aug 26 10:10:55 UTC 2026","Application Navigation Smoke Tests","specs\Smoke\2-NavigationSmoke.spec.ts","",""
"","10526","Validate forgot password functionality with No email","webkit","Wed Aug 26 10:09:54 UTC 2026","passed","Wed Aug 26 10:10:05 UTC 2026","","specs\Smoke\1-LoginSmoke.spec.ts","",""
"","11153","Branding sub-page loads correctly","webkit","Wed Aug 26 10:09:21 UTC 2026","passed","Wed Aug 26 10:09:32 UTC 2026","Application Navigation Smoke Tests","specs\Smoke\2-NavigationSmoke.spec.ts","",""
"","10769","""Delete"" on a row shows a confirm modal; Cancel dismisses it without deleting","chromium","Wed Aug 26 10:13:38 UTC 2026","passed","Wed Aug 26 10:13:48 UTC 2026","Issued Checks — Smoke (Continued)","specs\Smoke\4-IssuedChecksSmoke.spec.ts","",""
"","9192","Typing a page number navigates to that page","msedge","Wed Aug 26 10:11:25 UTC 2026","passed","Wed Aug 26 10:11:35 UTC 2026","Issued Checks — Smoke","specs\Smoke\4-IssuedChecksSmoke.spec.ts","",""
"","7113","Teller page loads correctly","msedge","Wed Aug 26 10:05:51 UTC 2026","passed","Wed Aug 26 10:05:58 UTC 2026","Application Navigation Smoke Tests","specs\Smoke\2-NavigationSmoke.spec.ts","",""
"","16861","""+ Add ACH"" navigates to the add-ACH form","webkit","Wed Aug 26 10:19:54 UTC 2026","passed","Wed Aug 26 10:20:11 UTC 2026","ACH — Smoke","specs\Smoke\7-ACHSmoke.spec.ts","",""
"","12526","Column filter menu applies a filter and Clear restores the full row set","chromium","Wed Aug 26 10:16:49 UTC 2026","passed","Wed Aug 26 10:17:02 UTC 2026","Exceptions — Smoke (Continued)","specs\Smoke\8-ExceptionsSmoke.spec.ts","",""
"","5955","Validate Login functionality with invalidEmailFormat","chromium","Wed Aug 26 10:06:28 UTC 2026","passed","Wed Aug 26 10:06:34 UTC 2026","","specs\Smoke\1-LoginSmoke.spec.ts","",""
"","14431","""+ Add Check"" navigates to the add-check form","firefox","Wed Aug 26 10:30:15 UTC 2026","passed","Wed Aug 26 10:30:30 UTC 2026","Issued Checks — Smoke","specs\Smoke\4-IssuedChecksSmoke.spec.ts","",""
"","17599","Grid loads with data rows and key column headers","webkit","Wed Aug 26 10:13:13 UTC 2026","passed","Wed Aug 26 10:13:30 UTC 2026","Issued Checks — Smoke","specs\Smoke\4-IssuedChecksSmoke.spec.ts","",""
"","12308","Decision badge on an already-reviewed row is blocked with a system message","chromium","Wed Aug 26 10:17:16 UTC 2026","passed","Wed Aug 26 10:17:28 UTC 2026","Exceptions — Smoke (Continued)","specs\Smoke\8-ExceptionsSmoke.spec.ts","",""
"","4472","Validate Login functionality with missingUsername","firefox","Wed Aug 26 10:24:47 UTC 2026","passed","Wed Aug 26 10:24:51 UTC 2026","","specs\Smoke\1-LoginSmoke.spec.ts","",""
"","16863","Home page is accessible and shows dashboard","firefox","Wed Aug 26 10:23:51 UTC 2026","passed","Wed Aug 26 10:24:07 UTC 2026","Application Navigation Smoke Tests","specs\Smoke\2-NavigationSmoke.spec.ts","",""
"","16075","ACH page loads correctly","webkit","Wed Aug 26 10:07:54 UTC 2026","passed","Wed Aug 26 10:08:10 UTC 2026","Application Navigation Smoke Tests","specs\Smoke\2-NavigationSmoke.spec.ts","",""
"","15746","File Formats sub-page loads correctly","msedge","Wed Aug 26 10:07:58 UTC 2026","passed","Wed Aug 26 10:08:14 UTC 2026","Application Navigation Smoke Tests","specs\Smoke\2-NavigationSmoke.spec.ts","",""
"","13371","Verify chart title changes with selected tab","firefox","Wed Aug 26 10:27:13 UTC 2026","passed","Wed Aug 26 10:27:27 UTC 2026","Home Dashboard","specs\Smoke\3-HomeDashboardSmoke.spec.ts","",""
"","6922","Pre-Decisions page loads with either records or the empty-state message","msedge","Wed Aug 26 10:17:54 UTC 2026","passed","Wed Aug 26 10:18:01 UTC 2026","Exceptions — Smoke (Continued)","specs\Smoke\8-ExceptionsSmoke.spec.ts","",""
"","7008","Exceptions breadcrumb link is visible on the page","webkit","Wed Aug 26 10:27:19 UTC 2026","passed","Wed Aug 26 10:27:26 UTC 2026","Exceptions — Smoke (Continued)","specs\Smoke\8-ExceptionsSmoke.spec.ts","",""
"","14729","API link is visible and points to swagger","firefox","Wed Aug 26 10:30:43 UTC 2026","passed","Wed Aug 26 10:30:58 UTC 2026","Application Navigation Smoke Tests","specs\Smoke\2-NavigationSmoke.spec.ts","",""
"","17274","""+ Add Check"" navigates to the add-check form","webkit","Wed Aug 26 10:16:20 UTC 2026","passed","Wed Aug 26 10:16:38 UTC 2026","Presented Checks — Smoke","specs\Smoke\5-PresentedChecksSmoke.spec.ts","",""
"","19467","Excel export button is visible and enabled","firefox","Wed Aug 26 10:36:55 UTC 2026","passed","Wed Aug 26 10:37:15 UTC 2026","Exceptions — Smoke","specs\Smoke\8-ExceptionsSmoke.spec.ts","",""
"","10408","Roles/Permissions sub-page loads correctly","msedge","Wed Aug 26 10:06:56 UTC 2026","passed","Wed Aug 26 10:07:06 UTC 2026","Application Navigation Smoke Tests","specs\Smoke\2-NavigationSmoke.spec.ts","",""
"","8464","Verify navigation to Issued Checks via nav menu","msedge","Wed Aug 26 10:09:22 UTC 2026","passed","Wed Aug 26 10:09:31 UTC 2026","Home Dashboard","specs\Smoke\3-HomeDashboardSmoke.spec.ts","",""
"","8536","Validate Login functionality with incorrectPassword","webkit","Wed Aug 26 10:07:23 UTC 2026","passed","Wed Aug 26 10:07:32 UTC 2026","","specs\Smoke\1-LoginSmoke.spec.ts","",""
"","9823","Last page arrow jumps to the final page","msedge","Wed Aug 26 10:15:13 UTC 2026","passed","Wed Aug 26 10:15:23 UTC 2026","Exceptions — Smoke","specs\Smoke\8-ExceptionsSmoke.spec.ts","",""
"","9039","ACH Approval Rules sub-page loads correctly","msedge","Wed Aug 26 10:08:53 UTC 2026","passed","Wed Aug 26 10:09:02 UTC 2026","Application Navigation Smoke Tests","specs\Smoke\2-NavigationSmoke.spec.ts","",""
"","6472","Validate forgot password functionality","firefox","Wed Aug 26 10:25:18 UTC 2026","passed","Wed Aug 26 10:25:25 UTC 2026","","specs\Smoke\1-LoginSmoke.spec.ts","",""
"","15463","Verify navigation to Issued Checks via nav menu","webkit","Wed Aug 26 10:14:15 UTC 2026","passed","Wed Aug 26 10:14:30 UTC 2026","Home Dashboard","specs\Smoke\3-HomeDashboardSmoke.spec.ts","",""
"","12484","Verify all three dashboard view tabs are visible","webkit","Wed Aug 26 10:10:53 UTC 2026","passed","Wed Aug 26 10:11:05 UTC 2026","Home Dashboard","specs\Smoke\3-HomeDashboardSmoke.spec.ts","",""
"","17288","""Uploaded Checks"" navigates to the uploads page","webkit","Wed Aug 26 10:13:46 UTC 2026","passed","Wed Aug 26 10:14:03 UTC 2026","Issued Checks — Smoke","specs\Smoke\4-IssuedChecksSmoke.spec.ts","",""
"","9286","Default filter auto-applies after logout and re-login","msedge","Wed Aug 26 10:11:57 UTC 2026","skipped","Wed Aug 26 10:12:06 UTC 2026","Presented Checks — Default Filter (Serial)","specs\Smoke\5-PresentedChecksSmoke.spec.ts","",""
"","7665","""View"" link on a row opens the Exception Details dialog","msedge","Wed Aug 26 10:17:00 UTC 2026","passed","Wed Aug 26 10:17:08 UTC 2026","Exceptions — Smoke (Continued)","specs\Smoke\8-ExceptionsSmoke.spec.ts","",""
"","13631","Verify summary KPI values have expected number formats","webkit","Wed Aug 26 10:12:59 UTC 2026","passed","Wed Aug 26 10:13:13 UTC 2026","Home Dashboard","specs\Smoke\3-HomeDashboardSmoke.spec.ts","",""
"","10550","Validate Login functionality with emptyFields","webkit","Wed Aug 26 10:07:51 UTC 2026","passed","Wed Aug 26 10:08:01 UTC 2026","","specs\Smoke\1-LoginSmoke.spec.ts","",""
"","18647","Save a filter preset, verify it is auto-selected, then delete it","firefox","Wed Aug 26 10:33:02 UTC 2026","passed","Wed Aug 26 10:33:20 UTC 2026","Issued Checks — Smoke (Continued)","specs\Smoke\4-IssuedChecksSmoke.spec.ts","",""
"","16702","Clicking a column header sorts ascending, clicking again sorts descending","firefox","Wed Aug 26 10:38:33 UTC 2026","passed","Wed Aug 26 10:38:50 UTC 2026","ACH — Smoke","specs\Smoke\7-ACHSmoke.spec.ts","",""
"","6397","Clicking a column header sorts ascending, clicking again sorts descending","msedge","Wed Aug 26 10:16:45 UTC 2026","passed","Wed Aug 26 10:16:52 UTC 2026","Exceptions — Smoke (Continued)","specs\Smoke\8-ExceptionsSmoke.spec.ts","",""
"","9931","Exceptions breadcrumb link is visible on the page","chromium","Wed Aug 26 10:17:28 UTC 2026","passed","Wed Aug 26 10:17:38 UTC 2026","Exceptions — Smoke (Continued)","specs\Smoke\8-ExceptionsSmoke.spec.ts","",""
"","14303","Default filter auto-applies after logout and re-login","firefox","Wed Aug 26 10:34:01 UTC 2026","skipped","Wed Aug 26 10:34:16 UTC 2026","Presented Checks — Default Filter (Serial)","specs\Smoke\5-PresentedChecksSmoke.spec.ts","",""
"","12073","Next page arrow advances to page 2","msedge","Wed Aug 26 10:11:03 UTC 2026","passed","Wed Aug 26 10:11:15 UTC 2026","Issued Checks — Smoke","specs\Smoke\4-IssuedChecksSmoke.spec.ts","",""
"","8914","Billing Reports sub-page loads correctly","chromium","Wed Aug 26 10:07:49 UTC 2026","passed","Wed Aug 26 10:07:58 UTC 2026","Application Navigation Smoke Tests","specs\Smoke\2-NavigationSmoke.spec.ts","",""
"","16936","Verify Check Only tab shows Check-specific chart sections","webkit","Wed Aug 26 10:11:21 UTC 2026","passed","Wed Aug 26 10:11:38 UTC 2026","Home Dashboard","specs\Smoke\3-HomeDashboardSmoke.spec.ts","",""
"","11167","Branding sub-page loads correctly","msedge","Wed Aug 26 10:07:06 UTC 2026","passed","Wed Aug 26 10:07:18 UTC 2026","Application Navigation Smoke Tests","specs\Smoke\2-NavigationSmoke.spec.ts","",""
"","9397","Saved Filters dropdown is visible and defaults to no preset","msedge","Wed Aug 26 10:14:55 UTC 2026","passed","Wed Aug 26 10:15:04 UTC 2026","ACH — Smoke","specs\Smoke\7-ACHSmoke.spec.ts","",""
"","5192","Validate Login functionality with emptyFields","msedge","Wed Aug 26 10:05:55 UTC 2026","passed","Wed Aug 26 10:06:00 UTC 2026","","specs\Smoke\1-LoginSmoke.spec.ts","",""
"","11804","Automatic Check Decision Rules sub-page loads correctly","chromium","Wed Aug 26 10:08:36 UTC 2026","passed","Wed Aug 26 10:08:47 UTC 2026","Application Navigation Smoke Tests","specs\Smoke\2-NavigationSmoke.spec.ts","",""
"","14524","Search box filters grid and clears correctly","firefox","Wed Aug 26 10:30:44 UTC 2026","passed","Wed Aug 26 10:30:58 UTC 2026","Issued Checks — Smoke","specs\Smoke\4-IssuedChecksSmoke.spec.ts","",""
"","15183","Issued Checks breadcrumb link is visible on the page","firefox","Wed Aug 26 10:34:41 UTC 2026","passed","Wed Aug 26 10:34:56 UTC 2026","Issued Checks — Smoke (Continued)","specs\Smoke\4-IssuedChecksSmoke.spec.ts","",""
"","8382","Notification Log sub-page loads correctly","msedge","Wed Aug 26 10:09:02 UTC 2026","passed","Wed Aug 26 10:09:11 UTC 2026","Application Navigation Smoke Tests","specs\Smoke\2-NavigationSmoke.spec.ts","",""
"","14067","""View"" link on a row opens the Exception Details dialog","chromium","Wed Aug 26 10:17:02 UTC 2026","passed","Wed Aug 26 10:17:16 UTC 2026","Exceptions — Smoke (Continued)","specs\Smoke\8-ExceptionsSmoke.spec.ts","",""
"","22518","Column filter popup applies a filter and Clear restores the full row set","firefox","Wed Aug 26 10:38:50 UTC 2026","passed","Wed Aug 26 10:39:12 UTC 2026","ACH — Smoke","specs\Smoke\7-ACHSmoke.spec.ts","",""
"","8240","Decision badge on an already-reviewed row is blocked with a system message","msedge","Wed Aug 26 10:17:08 UTC 2026","passed","Wed Aug 26 10:17:16 UTC 2026","Exceptions — Smoke (Continued)","specs\Smoke\8-ExceptionsSmoke.spec.ts","",""
"","9728","Validate unauthenticated access to protected route is redirected to login","webkit","Wed Aug 26 10:10:29 UTC 2026","passed","Wed Aug 26 10:10:39 UTC 2026","","specs\Smoke\1-LoginSmoke.spec.ts","",""
"","9769","""+ Add Check"" navigates to the add-check form","msedge","Wed Aug 26 10:10:11 UTC 2026","passed","Wed Aug 26 10:10:21 UTC 2026","Presented Checks — Smoke","specs\Smoke\5-PresentedChecksSmoke.spec.ts","",""
"","11395","Validate forgot password functionality","webkit","Wed Aug 26 10:09:42 UTC 2026","passed","Wed Aug 26 10:09:54 UTC 2026","","specs\Smoke\1-LoginSmoke.spec.ts","",""
"","17387","Default filter auto-applies after logout and re-login","webkit","Wed Aug 26 10:16:50 UTC 2026","skipped","Wed Aug 26 10:17:07 UTC 2026","Issued Checks — Default Filter (Serial)","specs\Smoke\4-IssuedChecksSmoke.spec.ts","",""
"","14782","Holiday Schedules sub-page loads correctly","webkit","Wed Aug 26 10:09:56 UTC 2026","passed","Wed Aug 26 10:10:11 UTC 2026","Application Navigation Smoke Tests","specs\Smoke\2-NavigationSmoke.spec.ts","",""
"","12991","Notification Templates sub-page loads correctly","firefox","Wed Aug 26 10:28:44 UTC 2026","passed","Wed Aug 26 10:28:57 UTC 2026","Application Navigation Smoke Tests","specs\Smoke\2-NavigationSmoke.spec.ts","",""
"","9082","Verify all three dashboard view tabs are visible","chromium","Wed Aug 26 10:07:48 UTC 2026","passed","Wed Aug 26 10:07:57 UTC 2026","Home Dashboard","specs\Smoke\3-HomeDashboardSmoke.spec.ts","",""
"","15940","Column filter popup applies a filter and Clear restores the full row set","chromium","Wed Aug 26 10:16:59 UTC 2026","passed","Wed Aug 26 10:17:15 UTC 2026","ACH — Smoke","specs\Smoke\7-ACHSmoke.spec.ts","",""
"","9295","Navigation tabs to Pre-Decisions, Approvals, and Exception History are visible","webkit","Wed Aug 26 10:27:26 UTC 2026","passed","Wed Aug 26 10:27:35 UTC 2026","Exceptions — Smoke (Continued)","specs\Smoke\8-ExceptionsSmoke.spec.ts","",""
"","9033","""+ Add Check"" navigates to the add-check form","chromium","Wed Aug 26 10:10:28 UTC 2026","passed","Wed Aug 26 10:10:37 UTC 2026","Issued Checks — Smoke","specs\Smoke\4-IssuedChecksSmoke.spec.ts","",""
"","11326","Users sub-page loads correctly","msedge","Wed Aug 26 10:06:45 UTC 2026","passed","Wed Aug 26 10:06:56 UTC 2026","Application Navigation Smoke Tests","specs\Smoke\2-NavigationSmoke.spec.ts","",""
"","11855","Next page arrow advances to page 2","msedge","Wed Aug 26 10:11:03 UTC 2026","passed","Wed Aug 26 10:11:15 UTC 2026","Presented Checks — Smoke","specs\Smoke\5-PresentedChecksSmoke.spec.ts","",""
"","9274","Clicking a column header sorts ascending, clicking again sorts descending","chromium","Wed Aug 26 10:16:50 UTC 2026","passed","Wed Aug 26 10:16:59 UTC 2026","ACH — Smoke","specs\Smoke\7-ACHSmoke.spec.ts","",""
"","5503","Validate forgot password functionality","chromium","Wed Aug 26 10:07:06 UTC 2026","passed","Wed Aug 26 10:07:12 UTC 2026","","specs\Smoke\1-LoginSmoke.spec.ts","",""
"","9381","""+ Add Check"" navigates to the add-check form","chromium","Wed Aug 26 10:10:30 UTC 2026","passed","Wed Aug 26 10:10:40 UTC 2026","Presented Checks — Smoke","specs\Smoke\5-PresentedChecksSmoke.spec.ts","",""
"","10354","Excel export button is visible and enabled","msedge","Wed Aug 26 10:14:44 UTC 2026","passed","Wed Aug 26 10:14:55 UTC 2026","Exceptions — Smoke","specs\Smoke\8-ExceptionsSmoke.spec.ts","",""
"","18186","Saved Filters dropdown is visible and defaults to no preset","webkit","Wed Aug 26 10:16:32 UTC 2026","passed","Wed Aug 26 10:16:50 UTC 2026","Issued Checks — Smoke","specs\Smoke\4-IssuedChecksSmoke.spec.ts","",""
"","7587","Grid loads with data rows and key column headers","msedge","Wed Aug 26 10:13:15 UTC 2026","passed","Wed Aug 26 10:13:23 UTC 2026","ACH — Smoke","specs\Smoke\7-ACHSmoke.spec.ts","",""
"","9415","Navigation tabs to Pre-Decisions, Approvals, and Exception History are visible","firefox","Wed Aug 26 10:40:41 UTC 2026","passed","Wed Aug 26 10:40:50 UTC 2026","Exceptions — Smoke (Continued)","specs\Smoke\8-ExceptionsSmoke.spec.ts","",""
"","16446","Validate session persists after page refresh","firefox","Wed Aug 26 10:25:43 UTC 2026","passed","Wed Aug 26 10:25:59 UTC 2026","","specs\Smoke\1-LoginSmoke.spec.ts","",""
"","15208","Pay/Return decision badge navigates to exception history","firefox","Wed Aug 26 10:36:00 UTC 2026","passed","Wed Aug 26 10:36:15 UTC 2026","Presented Checks — Smoke (Continued)","specs\Smoke\5-PresentedChecksSmoke.spec.ts","",""
"","6541","""Delete"" on a row shows a confirm modal; Cancel dismisses it without deleting","msedge","Wed Aug 26 10:12:56 UTC 2026","passed","Wed Aug 26 10:13:03 UTC 2026","Issued Checks — Smoke (Continued)","specs\Smoke\4-IssuedChecksSmoke.spec.ts","",""
"","9738","Page size change to 10 updates pagination info in bottom-right pager","chromium","Wed Aug 26 10:14:48 UTC 2026","passed","Wed Aug 26 10:14:58 UTC 2026","Exceptions — Smoke","specs\Smoke\8-ExceptionsSmoke.spec.ts","",""
"","10304","Grid View toggle navigates to the open-exceptions grid and shows key column headers","webkit","Wed Aug 26 10:27:44 UTC 2026","passed","Wed Aug 26 10:27:55 UTC 2026","Exceptions — Smoke (Continued)","specs\Smoke\8-ExceptionsSmoke.spec.ts","",""
"","11496","Grid loads with data rows and key column headers","msedge","Wed Aug 26 10:09:58 UTC 2026","passed","Wed Aug 26 10:10:09 UTC 2026","Issued Checks — Smoke","specs\Smoke\4-IssuedChecksSmoke.spec.ts","",""
"","8574","Settings page loads correctly","msedge","Wed Aug 26 10:06:15 UTC 2026","passed","Wed Aug 26 10:06:24 UTC 2026","Application Navigation Smoke Tests","specs\Smoke\2-NavigationSmoke.spec.ts","",""
"","18208","Search box filters grid and clears correctly","webkit","Wed Aug 26 10:14:03 UTC 2026","passed","Wed Aug 26 10:14:22 UTC 2026","Issued Checks — Smoke","specs\Smoke\4-IssuedChecksSmoke.spec.ts","",""
"","9351","Validate forgot password with unregistered email","firefox","Wed Aug 26 10:25:34 UTC 2026","passed","Wed Aug 26 10:25:43 UTC 2026","","specs\Smoke\1-LoginSmoke.spec.ts","",""
"","17910","Previous page button returns to page 1, First page button re-enables disabled state","firefox","Wed Aug 26 10:37:25 UTC 2026","passed","Wed Aug 26 10:37:43 UTC 2026","ACH — Smoke","specs\Smoke\7-ACHSmoke.spec.ts","",""
"","10360","Automatic Check Decision Rules sub-page loads correctly","msedge","Wed Aug 26 10:08:25 UTC 2026","passed","Wed Aug 26 10:08:36 UTC 2026","Application Navigation Smoke Tests","specs\Smoke\2-NavigationSmoke.spec.ts","",""
"","9024","""View"" (Change Log) link on a row navigates to the entity log","msedge","Wed Aug 26 10:15:52 UTC 2026","passed","Wed Aug 26 10:16:01 UTC 2026","ACH — Smoke","specs\Smoke\7-ACHSmoke.spec.ts","",""
"","11044","Verify Total Exceptions and Total Exception Amount labels are visible","firefox","Wed Aug 26 10:27:41 UTC 2026","passed","Wed Aug 26 10:27:53 UTC 2026","Home Dashboard","specs\Smoke\3-HomeDashboardSmoke.spec.ts","",""
"","14376","""View"" (Change Log) link on a row navigates to the entity log","firefox","Wed Aug 26 10:39:12 UTC 2026","passed","Wed Aug 26 10:39:27 UTC 2026","ACH — Smoke","specs\Smoke\7-ACHSmoke.spec.ts","",""
"","5452","Validate Login functionality with incorrectUsername","chromium","Wed Aug 26 10:06:23 UTC 2026","passed","Wed Aug 26 10:06:28 UTC 2026","","specs\Smoke\1-LoginSmoke.spec.ts","",""
"","17602","""Edit"" link on a row navigates to the check edit form","webkit","Wed Aug 26 10:21:51 UTC 2026","passed","Wed Aug 26 10:22:09 UTC 2026","Presented Checks — Smoke (Continued)","specs\Smoke\5-PresentedChecksSmoke.spec.ts","",""
"","11684","""View"" (Change Log) link on a row navigates to the entity log","chromium","Wed Aug 26 10:17:15 UTC 2026","passed","Wed Aug 26 10:17:26 UTC 2026","ACH — Smoke","specs\Smoke\7-ACHSmoke.spec.ts","",""
"","14469","""Edit"" link on a row navigates to the check edit form","firefox","Wed Aug 26 10:33:58 UTC 2026","passed","Wed Aug 26 10:34:12 UTC 2026","Issued Checks — Smoke (Continued)","specs\Smoke\4-IssuedChecksSmoke.spec.ts","",""
"","13751","Decision Files sub-page loads correctly","webkit","Wed Aug 26 10:09:42 UTC 2026","passed","Wed Aug 26 10:09:56 UTC 2026","Application Navigation Smoke Tests","specs\Smoke\2-NavigationSmoke.spec.ts","",""
"","6550","""Edit"" link on a row navigates to the check edit form","msedge","Wed Aug 26 10:12:43 UTC 2026","passed","Wed Aug 26 10:12:50 UTC 2026","Issued Checks — Smoke (Continued)","specs\Smoke\4-IssuedChecksSmoke.spec.ts","",""
"","19997","Page size change to 10 updates pagination info in bottom-right pager","webkit","Wed Aug 26 10:24:16 UTC 2026","passed","Wed Aug 26 10:24:36 UTC 2026","Exceptions — Smoke","specs\Smoke\8-ExceptionsSmoke.spec.ts","",""
"","19075","Last page arrow jumps to the final page","webkit","Wed Aug 26 10:24:56 UTC 2026","passed","Wed Aug 26 10:25:15 UTC 2026","Exceptions — Smoke","specs\Smoke\8-ExceptionsSmoke.spec.ts","",""
"","9185","Business Clients sub-page loads correctly","chromium","Wed Aug 26 10:07:12 UTC 2026","passed","Wed Aug 26 10:07:21 UTC 2026","Application Navigation Smoke Tests","specs\Smoke\2-NavigationSmoke.spec.ts","",""
"","10564","Navigation tabs to Pre-Decisions, Approvals, and Exception History are visible","chromium","Wed Aug 26 10:17:38 UTC 2026","passed","Wed Aug 26 10:17:49 UTC 2026","Exceptions — Smoke (Continued)","specs\Smoke\8-ExceptionsSmoke.spec.ts","",""
"","9847","Typing a page number navigates to that page","chromium","Wed Aug 26 10:11:39 UTC 2026","passed","Wed Aug 26 10:11:49 UTC 2026","Presented Checks — Smoke","specs\Smoke\5-PresentedChecksSmoke.spec.ts","",""
"","13256","Validate Login functionality with correctCredentials","msedge","Wed Aug 26 10:05:20 UTC 2026","passed","Wed Aug 26 10:05:33 UTC 2026","","specs\Smoke\1-LoginSmoke.spec.ts","",""
"","14728","Account Settings sub-page loads correctly","webkit","Wed Aug 26 10:08:37 UTC 2026","passed","Wed Aug 26 10:08:52 UTC 2026","Application Navigation Smoke Tests","specs\Smoke\2-NavigationSmoke.spec.ts","",""
"","17823","Pay/Return decision badge navigates to exception history","webkit","Wed Aug 26 10:22:49 UTC 2026","passed","Wed Aug 26 10:23:07 UTC 2026","Presented Checks — Smoke (Continued)","specs\Smoke\5-PresentedChecksSmoke.spec.ts","",""
"","9454","Presented Checks breadcrumb link is visible on the page","chromium","Wed Aug 26 10:14:07 UTC 2026","passed","Wed Aug 26 10:14:16 UTC 2026","Presented Checks — Smoke (Continued)","specs\Smoke\5-PresentedChecksSmoke.spec.ts","",""
"","17662","Grid loads with data rows and key column headers","firefox","Wed Aug 26 10:29:57 UTC 2026","passed","Wed Aug 26 10:30:15 UTC 2026","Issued Checks — Smoke","specs\Smoke\4-IssuedChecksSmoke.spec.ts","",""
"","19448","Save a filter preset, verify it is auto-selected, then delete it","firefox","Wed Aug 26 10:38:14 UTC 2026","passed","Wed Aug 26 10:38:33 UTC 2026","ACH — Smoke","specs\Smoke\7-ACHSmoke.spec.ts","",""
"","7966","Exceptions breadcrumb link is visible on the page","firefox","Wed Aug 26 10:40:33 UTC 2026","passed","Wed Aug 26 10:40:41 UTC 2026","Exceptions — Smoke (Continued)","specs\Smoke\8-ExceptionsSmoke.spec.ts","",""
"","8213","ACH page loads correctly","chromium","Wed Aug 26 10:06:37 UTC 2026","passed","Wed Aug 26 10:06:45 UTC 2026","Application Navigation Smoke Tests","specs\Smoke\2-NavigationSmoke.spec.ts","",""
"","18815","""Uploaded ACH"" navigates to the uploads page","webkit","Wed Aug 26 10:20:11 UTC 2026","passed","Wed Aug 26 10:20:30 UTC 2026","ACH — Smoke","specs\Smoke\7-ACHSmoke.spec.ts","",""
"","19906","Next page arrow advances to page 2","webkit","Wed Aug 26 10:21:26 UTC 2026","passed","Wed Aug 26 10:21:45 UTC 2026","ACH — Smoke","specs\Smoke\7-ACHSmoke.spec.ts","",""
"","14197","""Uploaded Checks"" navigates to the uploads page","firefox","Wed Aug 26 10:30:30 UTC 2026","passed","Wed Aug 26 10:30:44 UTC 2026","Issued Checks — Smoke","specs\Smoke\4-IssuedChecksSmoke.spec.ts","",""
"","13340","Decision badge on an already-reviewed row is blocked with a system message","firefox","Wed Aug 26 10:40:20 UTC 2026","passed","Wed Aug 26 10:40:33 UTC 2026","Exceptions — Smoke (Continued)","specs\Smoke\8-ExceptionsSmoke.spec.ts","",""
"","4808","Validate Login functionality with missingUsername","msedge","Wed Aug 26 10:06:05 UTC 2026","passed","Wed Aug 26 10:06:10 UTC 2026","","specs\Smoke\1-LoginSmoke.spec.ts","",""
"","10295","""Edit"" link on a row navigates to the check edit form","chromium","Wed Aug 26 10:13:18 UTC 2026","passed","Wed Aug 26 10:13:29 UTC 2026","Issued Checks — Smoke (Continued)","specs\Smoke\4-IssuedChecksSmoke.spec.ts","",""
"","7003","Verify dashboard loads after successful login","firefox","Wed Aug 26 10:26:04 UTC 2026","passed","Wed Aug 26 10:26:11 UTC 2026","Home Dashboard","specs\Smoke\3-HomeDashboardSmoke.spec.ts","",""
"","9869","""Uploaded ACH"" navigates to the uploads page","chromium","Wed Aug 26 10:14:28 UTC 2026","passed","Wed Aug 26 10:14:38 UTC 2026","ACH — Smoke","specs\Smoke\7-ACHSmoke.spec.ts","",""
"","13184","Previous page button returns to page 1, First page button re-enables disabled state","msedge","Wed Aug 26 10:11:34 UTC 2026","passed","Wed Aug 26 10:11:48 UTC 2026","Presented Checks — Smoke","specs\Smoke\5-PresentedChecksSmoke.spec.ts","",""
"","12614","Billing Reports sub-page loads correctly","msedge","Wed Aug 26 10:07:18 UTC 2026","passed","Wed Aug 26 10:07:30 UTC 2026","Application Navigation Smoke Tests","specs\Smoke\2-NavigationSmoke.spec.ts","",""
"","9554","Verify tab-specific charts are hidden for opposite tab","chromium","Wed Aug 26 10:08:45 UTC 2026","passed","Wed Aug 26 10:08:55 UTC 2026","Home Dashboard","specs\Smoke\3-HomeDashboardSmoke.spec.ts","",""
"","11632","""Edit"" link on a row navigates to the check edit form","chromium","Wed Aug 26 10:13:23 UTC 2026","passed","Wed Aug 26 10:13:35 UTC 2026","Presented Checks — Smoke (Continued)","specs\Smoke\5-PresentedChecksSmoke.spec.ts","",""
"","8630","Navigation tabs to Pre-Decisions, Approvals, and Exception History are visible","msedge","Wed Aug 26 10:17:24 UTC 2026","passed","Wed Aug 26 10:17:32 UTC 2026","Exceptions — Smoke (Continued)","specs\Smoke\8-ExceptionsSmoke.spec.ts","",""
"","12118","""+ Add Check"" navigates to the add-check form","msedge","Wed Aug 26 10:10:09 UTC 2026","passed","Wed Aug 26 10:10:21 UTC 2026","Issued Checks — Smoke","specs\Smoke\4-IssuedChecksSmoke.spec.ts","",""
"","9017","Check Approval Rules sub-page loads correctly","chromium","Wed Aug 26 10:08:48 UTC 2026","passed","Wed Aug 26 10:08:57 UTC 2026","Application Navigation Smoke Tests","specs\Smoke\2-NavigationSmoke.spec.ts","",""
"","8602","Page size change to 10 updates pagination info in bottom-right pager","chromium","Wed Aug 26 10:11:10 UTC 2026","passed","Wed Aug 26 10:11:19 UTC 2026","Presented Checks — Smoke","specs\Smoke\5-PresentedChecksSmoke.spec.ts","",""
"","9578","Last page arrow jumps to the final page","chromium","Wed Aug 26 10:15:18 UTC 2026","passed","Wed Aug 26 10:15:28 UTC 2026","ACH — Smoke","specs\Smoke\7-ACHSmoke.spec.ts","",""
"","15783","System Log sub-page loads correctly","webkit","Wed Aug 26 10:12:11 UTC 2026","passed","Wed Aug 26 10:12:27 UTC 2026","Application Navigation Smoke Tests","specs\Smoke\2-NavigationSmoke.spec.ts","",""
"","18594","Typing a page number navigates to that page","webkit","Wed Aug 26 10:22:04 UTC 2026","passed","Wed Aug 26 10:22:23 UTC 2026","ACH — Smoke","specs\Smoke\7-ACHSmoke.spec.ts","",""
"","8580","Excel export button is visible and enabled","chromium","Wed Aug 26 10:14:50 UTC 2026","passed","Wed Aug 26 10:14:59 UTC 2026","ACH — Smoke","specs\Smoke\7-ACHSmoke.spec.ts","",""
"","14485","Last page arrow jumps to the final page","firefox","Wed Aug 26 10:33:02 UTC 2026","passed","Wed Aug 26 10:33:16 UTC 2026","Presented Checks — Smoke","specs\Smoke\5-PresentedChecksSmoke.spec.ts","",""
"","16578","Default filter auto-applies after logout and re-login","webkit","Wed Aug 26 10:23:04 UTC 2026","skipped","Wed Aug 26 10:23:20 UTC 2026","ACH — Smoke","specs\Smoke\7-ACHSmoke.spec.ts","",""
"","18371","""View"" (Change Log) link on a row navigates to the entity log","webkit","Wed Aug 26 10:24:39 UTC 2026","passed","Wed Aug 26 10:24:57 UTC 2026","ACH — Smoke","specs\Smoke\7-ACHSmoke.spec.ts","",""
"","17076","Excel export button is visible and enabled","webkit","Wed Aug 26 10:23:59 UTC 2026","passed","Wed Aug 26 10:24:16 UTC 2026","Exceptions — Smoke","specs\Smoke\8-ExceptionsSmoke.spec.ts","",""
"","9315","System Log sub-page loads correctly","msedge","Wed Aug 26 10:09:21 UTC 2026","passed","Wed Aug 26 10:09:31 UTC 2026","Application Navigation Smoke Tests","specs\Smoke\2-NavigationSmoke.spec.ts","",""
"","11512","Teller page loads correctly","firefox","Wed Aug 26 10:24:29 UTC 2026","passed","Wed Aug 26 10:24:40 UTC 2026","Application Navigation Smoke Tests","specs\Smoke\2-NavigationSmoke.spec.ts","",""
"","37573","Pay/Return decision badge navigates to exception history","webkit","Wed Aug 26 10:25:18 UTC 2026","passed","Wed Aug 26 10:25:56 UTC 2026","ACH — Smoke","specs\Smoke\7-ACHSmoke.spec.ts","",""
"","14192","Grid loads with data rows and key column headers","firefox","Wed Aug 26 10:31:12 UTC 2026","passed","Wed Aug 26 10:31:26 UTC 2026","Presented Checks — Smoke","specs\Smoke\5-PresentedChecksSmoke.spec.ts","",""
"","7494","Verify Home dashboard is restored after returning from another page","msedge","Wed Aug 26 10:09:15 UTC 2026","passed","Wed Aug 26 10:09:22 UTC 2026","Home Dashboard","specs\Smoke\3-HomeDashboardSmoke.spec.ts","",""
"","8161","Verify navigation to Exceptions via nav menu","webkit","Wed Aug 26 10:15:02 UTC 2026","passed","Wed Aug 26 10:15:10 UTC 2026","Home Dashboard","specs\Smoke\3-HomeDashboardSmoke.spec.ts","",""
"","10776","Issued Checks breadcrumb link is visible on the page","webkit","Wed Aug 26 10:19:14 UTC 2026","passed","Wed Aug 26 10:19:25 UTC 2026","Issued Checks — Smoke (Continued)","specs\Smoke\4-IssuedChecksSmoke.spec.ts","",""
"","13770","Grid loads with data rows and key column headers","firefox","Wed Aug 26 10:35:09 UTC 2026","passed","Wed Aug 26 10:35:23 UTC 2026","ACH — Smoke","specs\Smoke\7-ACHSmoke.spec.ts","",""
"","8201","Issued Checks page loads correctly","firefox","Wed Aug 26 10:24:09 UTC 2026","passed","Wed Aug 26 10:24:17 UTC 2026","Application Navigation Smoke Tests","specs\Smoke\2-NavigationSmoke.spec.ts","",""
"","9945","Typing a page number navigates to that page","chromium","Wed Aug 26 10:15:18 UTC 2026","passed","Wed Aug 26 10:15:28 UTC 2026","Exceptions — Smoke","specs\Smoke\8-ExceptionsSmoke.spec.ts","",""
"","16142","Typing a page number navigates to that page","firefox","Wed Aug 26 10:31:59 UTC 2026","passed","Wed Aug 26 10:32:15 UTC 2026","Issued Checks — Smoke","specs\Smoke\4-IssuedChecksSmoke.spec.ts","",""
"","10841","Exception History grid loads with data rows and key column headers","chromium","Wed Aug 26 10:14:16 UTC 2026","passed","Wed Aug 26 10:14:27 UTC 2026","Exceptions — Smoke","specs\Smoke\8-ExceptionsSmoke.spec.ts","",""
"","10148","Default filter auto-applies after logout and re-login","firefox","Wed Aug 26 10:38:48 UTC 2026","skipped","Wed Aug 26 10:38:58 UTC 2026","Exceptions — Default Filter (Serial)","specs\Smoke\8-ExceptionsSmoke.spec.ts","",""
"","7818","Validate Login functionality with xssInUsername","webkit","Wed Aug 26 10:08:33 UTC 2026","passed","Wed Aug 26 10:08:40 UTC 2026","","specs\Smoke\1-LoginSmoke.spec.ts","",""
"","3946","Validate Login functionality with invalidEmailFormat","msedge","Wed Aug 26 10:05:51 UTC 2026","passed","Wed Aug 26 10:05:55 UTC 2026","","specs\Smoke\1-LoginSmoke.spec.ts","",""
"","9761","Last page arrow jumps to the final page","msedge","Wed Aug 26 10:11:15 UTC 2026","passed","Wed Aug 26 10:11:25 UTC 2026","Presented Checks — Smoke","specs\Smoke\5-PresentedChecksSmoke.spec.ts","",""
"","8023","Presented Checks page loads correctly","chromium","Wed Aug 26 10:06:20 UTC 2026","passed","Wed Aug 26 10:06:28 UTC 2026","Application Navigation Smoke Tests","specs\Smoke\2-NavigationSmoke.spec.ts","",""
"","11273","Search box filters grid and clears correctly","msedge","Wed Aug 26 10:13:41 UTC 2026","passed","Wed Aug 26 10:13:53 UTC 2026","ACH — Smoke","specs\Smoke\7-ACHSmoke.spec.ts","",""
"","10091","Verify chart title changes with selected tab","chromium","Wed Aug 26 10:08:35 UTC 2026","passed","Wed Aug 26 10:08:45 UTC 2026","Home Dashboard","specs\Smoke\3-HomeDashboardSmoke.spec.ts","",""
"","7075","Verify delayed data note and force refresh link are visible on dashboard","chromium","Wed Aug 26 10:09:09 UTC 2026","passed","Wed Aug 26 10:09:16 UTC 2026","Home Dashboard","specs\Smoke\3-HomeDashboardSmoke.spec.ts","",""
"","17052","""Delete"" on a row shows a confirm modal; Cancel dismisses it without deleting","firefox","Wed Aug 26 10:39:27 UTC 2026","passed","Wed Aug 26 10:39:44 UTC 2026","ACH — Smoke","specs\Smoke\7-ACHSmoke.spec.ts","",""
"","22835","Column filter popup applies a filter and Clear restores the full row set","webkit","Wed Aug 26 10:21:28 UTC 2026","passed","Wed Aug 26 10:21:51 UTC 2026","Presented Checks — Smoke (Continued)","specs\Smoke\5-PresentedChecksSmoke.spec.ts","",""
"","9909","Notification Templates sub-page loads correctly","chromium","Wed Aug 26 10:08:26 UTC 2026","passed","Wed Aug 26 10:08:36 UTC 2026","Application Navigation Smoke Tests","specs\Smoke\2-NavigationSmoke.spec.ts","",""
"","14021","Next page arrow advances to page 2","firefox","Wed Aug 26 10:31:33 UTC 2026","passed","Wed Aug 26 10:31:47 UTC 2026","Issued Checks — Smoke","specs\Smoke\4-IssuedChecksSmoke.spec.ts","",""
"","13698","Verify Check Only tab shows Check-specific chart sections","firefox","Wed Aug 26 10:26:26 UTC 2026","passed","Wed Aug 26 10:26:39 UTC 2026","Home Dashboard","specs\Smoke\3-HomeDashboardSmoke.spec.ts","",""
"","10922","Search box filters grid and clears correctly","msedge","Wed Aug 26 10:14:33 UTC 2026","passed","Wed Aug 26 10:14:44 UTC 2026","Exceptions — Smoke","specs\Smoke\8-ExceptionsSmoke.spec.ts","",""
"","8025","Verify navigation to ACH via nav menu","firefox","Wed Aug 26 10:29:29 UTC 2026","passed","Wed Aug 26 10:29:37 UTC 2026","Home Dashboard","specs\Smoke\3-HomeDashboardSmoke.spec.ts","",""
"","6444","Validate unauthenticated access to protected route is redirected to login","chromium","Wed Aug 26 10:07:34 UTC 2026","passed","Wed Aug 26 10:07:41 UTC 2026","","specs\Smoke\1-LoginSmoke.spec.ts","",""
"","8490","Presented Checks breadcrumb link is visible on the page","msedge","Wed Aug 26 10:14:15 UTC 2026","passed","Wed Aug 26 10:14:24 UTC 2026","Presented Checks — Smoke (Continued)","specs\Smoke\5-PresentedChecksSmoke.spec.ts","",""
"","6261","Pre-Decisions page loads with either records or the empty-state message","webkit","Wed Aug 26 10:28:02 UTC 2026","passed","Wed Aug 26 10:28:08 UTC 2026","Exceptions — Smoke (Continued)","specs\Smoke\8-ExceptionsSmoke.spec.ts","",""
"","19631","File Processing sub-page loads correctly","chromium","Wed Aug 26 10:09:39 UTC 2026","passed","Wed Aug 26 10:09:59 UTC 2026","Application Navigation Smoke Tests","specs\Smoke\2-NavigationSmoke.spec.ts","",""
"","19103","Previous page button returns to page 1, First page button re-enables disabled state","firefox","Wed Aug 26 10:38:14 UTC 2026","passed","Wed Aug 26 10:38:33 UTC 2026","Exceptions — Smoke","specs\Smoke\8-ExceptionsSmoke.spec.ts","",""
"","9141","Clicking a column header sorts ascending, clicking again sorts descending","msedge","Wed Aug 26 10:12:23 UTC 2026","passed","Wed Aug 26 10:12:32 UTC 2026","Presented Checks — Smoke (Continued)","specs\Smoke\5-PresentedChecksSmoke.spec.ts","",""
"","12138","File Formats sub-page loads correctly","firefox","Wed Aug 26 10:28:32 UTC 2026","passed","Wed Aug 26 10:28:44 UTC 2026","Application Navigation Smoke Tests","specs\Smoke\2-NavigationSmoke.spec.ts","",""
"","9304","Default filter auto-applies after logout and re-login","msedge","Wed Aug 26 10:11:57 UTC 2026","skipped","Wed Aug 26 10:12:06 UTC 2026","Issued Checks — Default Filter (Serial)","specs\Smoke\4-IssuedChecksSmoke.spec.ts","",""
"","19389","Next page arrow advances to page 2","webkit","Wed Aug 26 10:17:49 UTC 2026","passed","Wed Aug 26 10:18:08 UTC 2026","Presented Checks — Smoke","specs\Smoke\5-PresentedChecksSmoke.spec.ts","",""
"","5793","Validate Login functionality with xssInUsername","msedge","Wed Aug 26 10:06:15 UTC 2026","passed","Wed Aug 26 10:06:21 UTC 2026","","specs\Smoke\1-LoginSmoke.spec.ts","",""
"","24592","Previous page button returns to page 1, First page button re-enables disabled state","webkit","Wed Aug 26 10:19:39 UTC 2026","passed","Wed Aug 26 10:20:04 UTC 2026","Presented Checks — Smoke","specs\Smoke\5-PresentedChecksSmoke.spec.ts","",""
"","9503","""+ Add ACH"" navigates to the add-ACH form","chromium","Wed Aug 26 10:14:19 UTC 2026","passed","Wed Aug 26 10:14:28 UTC 2026","ACH — Smoke","specs\Smoke\7-ACHSmoke.spec.ts","",""
"","10952","Verify ACH Only tab shows ACH-specific chart sections","msedge","Wed Aug 26 10:07:49 UTC 2026","passed","Wed Aug 26 10:08:00 UTC 2026","Home Dashboard","specs\Smoke\3-HomeDashboardSmoke.spec.ts","",""
"","8521","Verify navigation to Exceptions via nav menu","chromium","Wed Aug 26 10:10:05 UTC 2026","passed","Wed Aug 26 10:10:14 UTC 2026","Home Dashboard","specs\Smoke\3-HomeDashboardSmoke.spec.ts","",""
"","10182","Last page arrow jumps to the final page","chromium","Wed Aug 26 10:11:29 UTC 2026","passed","Wed Aug 26 10:11:39 UTC 2026","Presented Checks — Smoke","specs\Smoke\5-PresentedChecksSmoke.spec.ts","",""
"","9278","Holiday Schedules sub-page loads correctly","chromium","Wed Aug 26 10:08:07 UTC 2026","passed","Wed Aug 26 10:08:16 UTC 2026","Application Navigation Smoke Tests","specs\Smoke\2-NavigationSmoke.spec.ts","",""
"","6875","""View"" (Change Log) link on a row navigates to the entity log","msedge","Wed Aug 26 10:12:50 UTC 2026","passed","Wed Aug 26 10:12:56 UTC 2026","Issued Checks — Smoke (Continued)","specs\Smoke\4-IssuedChecksSmoke.spec.ts","",""
"","13776","Home page is accessible and shows dashboard","msedge","Wed Aug 26 10:05:20 UTC 2026","passed","Wed Aug 26 10:05:34 UTC 2026","Application Navigation Smoke Tests","specs\Smoke\2-NavigationSmoke.spec.ts","",""
"","12189","Verify summary KPI values have expected number formats","firefox","Wed Aug 26 10:27:53 UTC 2026","passed","Wed Aug 26 10:28:05 UTC 2026","Home Dashboard","specs\Smoke\3-HomeDashboardSmoke.spec.ts","",""
"","11362","Verify dashboard tab checked state updates correctly","msedge","Wed Aug 26 10:08:00 UTC 2026","passed","Wed Aug 26 10:08:11 UTC 2026","Home Dashboard","specs\Smoke\3-HomeDashboardSmoke.spec.ts","",""
"","8443","Settings page loads correctly","chromium","Wed Aug 26 10:06:55 UTC 2026","passed","Wed Aug 26 10:07:04 UTC 2026","Application Navigation Smoke Tests","specs\Smoke\2-NavigationSmoke.spec.ts","",""
"","8579","Roles/Permissions sub-page loads correctly","chromium","Wed Aug 26 10:07:31 UTC 2026","passed","Wed Aug 26 10:07:40 UTC 2026","Application Navigation Smoke Tests","specs\Smoke\2-NavigationSmoke.spec.ts","",""
"","13235","Page size change to 10 updates pagination info in bottom-right pager","msedge","Wed Aug 26 10:10:50 UTC 2026","passed","Wed Aug 26 10:11:03 UTC 2026","Issued Checks — Smoke","specs\Smoke\4-IssuedChecksSmoke.spec.ts","",""
"","11210","""Delete"" on a row shows a confirm modal; Cancel dismisses it without deleting","chromium","Wed Aug 26 10:17:26 UTC 2026","passed","Wed Aug 26 10:17:38 UTC 2026","ACH — Smoke","specs\Smoke\7-ACHSmoke.spec.ts","",""
"","7787","Validate Login functionality with veryLongInput","firefox","Wed Aug 26 10:25:10 UTC 2026","passed","Wed Aug 26 10:25:18 UTC 2026","","specs\Smoke\1-LoginSmoke.spec.ts","",""
"","20985","Verify Home dashboard is restored after returning from another page","firefox","Wed Aug 26 10:28:43 UTC 2026","passed","Wed Aug 26 10:29:04 UTC 2026","Home Dashboard","specs\Smoke\3-HomeDashboardSmoke.spec.ts","",""
"","10698","Validate Login functionality with missingPassword","webkit","Wed Aug 26 10:08:01 UTC 2026","passed","Wed Aug 26 10:08:12 UTC 2026","","specs\Smoke\1-LoginSmoke.spec.ts","",""
"","4811","Validate Login functionality with incorrectPassword","chromium","Wed Aug 26 10:06:18 UTC 2026","passed","Wed Aug 26 10:06:23 UTC 2026","","specs\Smoke\1-LoginSmoke.spec.ts","",""
"","10073","""Delete"" on a row shows a confirm modal; Cancel dismisses it without deleting","msedge","Wed Aug 26 10:16:01 UTC 2026","passed","Wed Aug 26 10:16:11 UTC 2026","ACH — Smoke","specs\Smoke\7-ACHSmoke.spec.ts","",""
"","5722","Validate Login functionality with xssInUsername","chromium","Wed Aug 26 10:06:56 UTC 2026","passed","Wed Aug 26 10:07:02 UTC 2026","","specs\Smoke\1-LoginSmoke.spec.ts","",""
"","10700","Page size change to 10 updates pagination info in bottom-right pager","chromium","Wed Aug 26 10:11:07 UTC 2026","passed","Wed Aug 26 10:11:18 UTC 2026","Issued Checks — Smoke","specs\Smoke\4-IssuedChecksSmoke.spec.ts","",""
"","11168","Verify navigation to Settings via nav menu","firefox","Wed Aug 26 10:29:45 UTC 2026","passed","Wed Aug 26 10:29:57 UTC 2026","Home Dashboard","specs\Smoke\3-HomeDashboardSmoke.spec.ts","",""
"","11983","""View"" link on a row opens the Exception Details dialog","webkit","Wed Aug 26 10:26:56 UTC 2026","passed","Wed Aug 26 10:27:07 UTC 2026","Exceptions — Smoke (Continued)","specs\Smoke\8-ExceptionsSmoke.spec.ts","",""
"","9726","Grid loads with data rows and key column headers","msedge","Wed Aug 26 10:10:02 UTC 2026","passed","Wed Aug 26 10:10:11 UTC 2026","Presented Checks — Smoke","specs\Smoke\5-PresentedChecksSmoke.spec.ts","",""
"","9832","Clicking a column header sorts ascending, clicking again sorts descending","chromium","Wed Aug 26 10:13:00 UTC 2026","passed","Wed Aug 26 10:13:10 UTC 2026","Presented Checks — Smoke (Continued)","specs\Smoke\5-PresentedChecksSmoke.spec.ts","",""
"","6793","Approvals page loads with either records or the empty-state message","chromium","Wed Aug 26 10:18:08 UTC 2026","passed","Wed Aug 26 10:18:15 UTC 2026","Exceptions — Smoke (Continued)","specs\Smoke\8-ExceptionsSmoke.spec.ts","",""
"","6741","Approvals page loads with either records or the empty-state message","webkit","Wed Aug 26 10:27:55 UTC 2026","passed","Wed Aug 26 10:28:02 UTC 2026","Exceptions — Smoke (Continued)","specs\Smoke\8-ExceptionsSmoke.spec.ts","",""
"","9204","Open Exceptions page loads with either exception cards or the empty-state message","webkit","Wed Aug 26 10:27:35 UTC 2026","passed","Wed Aug 26 10:27:44 UTC 2026","Exceptions — Smoke (Continued)","specs\Smoke\8-ExceptionsSmoke.spec.ts","",""
"","10245","Verify Check Only tab shows Check-specific chart sections","msedge","Wed Aug 26 10:07:39 UTC 2026","passed","Wed Aug 26 10:07:49 UTC 2026","Home Dashboard","specs\Smoke\3-HomeDashboardSmoke.spec.ts","",""
"","9452","Page size change to 10 updates pagination info in bottom-right pager","msedge","Wed Aug 26 10:14:03 UTC 2026","passed","Wed Aug 26 10:14:13 UTC 2026","ACH — Smoke","specs\Smoke\7-ACHSmoke.spec.ts","",""
"","4639","Validate Login functionality with sqlInjection","chromium","Wed Aug 26 10:06:51 UTC 2026","passed","Wed Aug 26 10:06:56 UTC 2026","","specs\Smoke\1-LoginSmoke.spec.ts","",""
"","11613","Check Approval Rules sub-page loads correctly","firefox","Wed Aug 26 10:29:09 UTC 2026","passed","Wed Aug 26 10:29:21 UTC 2026","Application Navigation Smoke Tests","specs\Smoke\2-NavigationSmoke.spec.ts","",""
"","9411","Saved Filters dropdown is visible and defaults to no preset","msedge","Wed Aug 26 10:11:48 UTC 2026","passed","Wed Aug 26 10:11:57 UTC 2026","Presented Checks — Smoke","specs\Smoke\5-PresentedChecksSmoke.spec.ts","",""
"","3614","Validate Login functionality with emptyFields","firefox","Wed Aug 26 10:24:38 UTC 2026","passed","Wed Aug 26 10:24:42 UTC 2026","","specs\Smoke\1-LoginSmoke.spec.ts","",""
"","6582","Verify profile menu shows My Info and Logout links","chromium","Wed Aug 26 10:09:24 UTC 2026","passed","Wed Aug 26 10:09:30 UTC 2026","Home Dashboard","specs\Smoke\3-HomeDashboardSmoke.spec.ts","",""
"","7992","""+ Add ACH"" navigates to the add-ACH form","msedge","Wed Aug 26 10:13:23 UTC 2026","passed","Wed Aug 26 10:13:31 UTC 2026","ACH — Smoke","specs\Smoke\7-ACHSmoke.spec.ts","",""
"","10555","Next page arrow advances to page 2","msedge","Wed Aug 26 10:14:13 UTC 2026","passed","Wed Aug 26 10:14:23 UTC 2026","ACH — Smoke","specs\Smoke\7-ACHSmoke.spec.ts","",""
"","16620","Verify chart title changes with selected tab","webkit","Wed Aug 26 10:12:12 UTC 2026","passed","Wed Aug 26 10:12:29 UTC 2026","Home Dashboard","specs\Smoke\3-HomeDashboardSmoke.spec.ts","",""
"","6278","Verify navigation to Exceptions via nav menu","msedge","Wed Aug 26 10:09:46 UTC 2026","passed","Wed Aug 26 10:09:52 UTC 2026","Home Dashboard","specs\Smoke\3-HomeDashboardSmoke.spec.ts","",""
"","9659","Grid loads with data rows and key column headers","chromium","Wed Aug 26 10:14:09 UTC 2026","passed","Wed Aug 26 10:14:19 UTC 2026","ACH — Smoke","specs\Smoke\7-ACHSmoke.spec.ts","",""
"","15495","Default filter auto-applies after logout and re-login","firefox","Wed Aug 26 10:37:58 UTC 2026","skipped","Wed Aug 26 10:38:14 UTC 2026","ACH — Smoke","specs\Smoke\7-ACHSmoke.spec.ts","",""
"","8518","Teller page loads correctly","chromium","Wed Aug 26 10:06:28 UTC 2026","passed","Wed Aug 26 10:06:37 UTC 2026","Application Navigation Smoke Tests","specs\Smoke\2-NavigationSmoke.spec.ts","",""
"","11988","Search box filters grid and clears correctly","chromium","Wed Aug 26 10:10:45 UTC 2026","passed","Wed Aug 26 10:10:57 UTC 2026","Issued Checks — Smoke","specs\Smoke\4-IssuedChecksSmoke.spec.ts","",""
"","10031","Exceptions page loads correctly","chromium","Wed Aug 26 10:06:45 UTC 2026","passed","Wed Aug 26 10:06:55 UTC 2026","Application Navigation Smoke Tests","specs\Smoke\2-NavigationSmoke.spec.ts","",""
"","8314","File Processing sub-page loads correctly","msedge","Wed Aug 26 10:09:31 UTC 2026","passed","Wed Aug 26 10:09:39 UTC 2026","Application Navigation Smoke Tests","specs\Smoke\2-NavigationSmoke.spec.ts","",""
"","14673","Validate Login functionality with caseSensitiveEmail","webkit","Wed Aug 26 10:07:09 UTC 2026","passed","Wed Aug 26 10:07:23 UTC 2026","","specs\Smoke\1-LoginSmoke.spec.ts","",""
"","17612","Previous page button returns to page 1, First page button re-enables disabled state","firefox","Wed Aug 26 10:33:33 UTC 2026","passed","Wed Aug 26 10:33:51 UTC 2026","Presented Checks — Smoke","specs\Smoke\5-PresentedChecksSmoke.spec.ts","",""
"","17674","""Uploaded Checks"" navigates to the uploads page","webkit","Wed Aug 26 10:16:38 UTC 2026","passed","Wed Aug 26 10:16:56 UTC 2026","Presented Checks — Smoke","specs\Smoke\5-PresentedChecksSmoke.spec.ts","",""
"","17759","Excel export button is visible and enabled","webkit","Wed Aug 26 10:17:15 UTC 2026","passed","Wed Aug 26 10:17:33 UTC 2026","Presented Checks — Smoke","specs\Smoke\5-PresentedChecksSmoke.spec.ts","",""
"","19225","Search box filters grid and clears correctly","webkit","Wed Aug 26 10:16:56 UTC 2026","passed","Wed Aug 26 10:17:15 UTC 2026","Presented Checks — Smoke","specs\Smoke\5-PresentedChecksSmoke.spec.ts","",""
"","7582","Validate forgot password functionality with No email","msedge","Wed Aug 26 10:06:33 UTC 2026","passed","Wed Aug 26 10:06:41 UTC 2026","","specs\Smoke\1-LoginSmoke.spec.ts","",""
"","17236","Excel export button is visible and enabled","webkit","Wed Aug 26 10:14:22 UTC 2026","passed","Wed Aug 26 10:14:39 UTC 2026","Issued Checks — Smoke","specs\Smoke\4-IssuedChecksSmoke.spec.ts","",""
"","10621","Verify dashboard loads after successful login","msedge","Wed Aug 26 10:07:07 UTC 2026","passed","Wed Aug 26 10:07:17 UTC 2026","Home Dashboard","specs\Smoke\3-HomeDashboardSmoke.spec.ts","",""
"","7981","Verify navigation to Presented Checks via nav menu","msedge","Wed Aug 26 10:09:31 UTC 2026","passed","Wed Aug 26 10:09:39 UTC 2026","Home Dashboard","specs\Smoke\3-HomeDashboardSmoke.spec.ts","",""
"","9703","Verify delayed data note and force refresh link are visible on dashboard","msedge","Wed Aug 26 10:08:52 UTC 2026","passed","Wed Aug 26 10:09:02 UTC 2026","Home Dashboard","specs\Smoke\3-HomeDashboardSmoke.spec.ts","",""
"","15275","Search box filters grid and clears correctly","firefox","Wed Aug 26 10:35:53 UTC 2026","passed","Wed Aug 26 10:36:08 UTC 2026","ACH — Smoke","specs\Smoke\7-ACHSmoke.spec.ts","",""
"","29925","Default filter auto-applies after logout and re-login","chromium","Wed Aug 26 10:15:48 UTC 2026","passed","Wed Aug 26 10:16:18 UTC 2026","Exceptions — Default Filter (Serial)","specs\Smoke\8-ExceptionsSmoke.spec.ts","",""
"","13746","Check Approval Rules sub-page loads correctly","webkit","Wed Aug 26 10:10:55 UTC 2026","passed","Wed Aug 26 10:11:09 UTC 2026","Application Navigation Smoke Tests","specs\Smoke\2-NavigationSmoke.spec.ts","",""
"","12438","Column filter popup applies a filter and Clear restores the full row set","chromium","Wed Aug 26 10:13:06 UTC 2026","passed","Wed Aug 26 10:13:18 UTC 2026","Issued Checks — Smoke (Continued)","specs\Smoke\4-IssuedChecksSmoke.spec.ts","",""
"","11266","Previous page button returns to page 1, First page button re-enables disabled state","chromium","Wed Aug 26 10:11:49 UTC 2026","passed","Wed Aug 26 10:12:00 UTC 2026","Issued Checks — Smoke","specs\Smoke\4-IssuedChecksSmoke.spec.ts","",""
"","11741","Clicking a column header sorts ascending, clicking again sorts descending","chromium","Wed Aug 26 10:12:54 UTC 2026","passed","Wed Aug 26 10:13:06 UTC 2026","Issued Checks — Smoke (Continued)","specs\Smoke\4-IssuedChecksSmoke.spec.ts","",""
"","11154","Verify Combined View shows all chart sections","msedge","Wed Aug 26 10:07:27 UTC 2026","passed","Wed Aug 26 10:07:39 UTC 2026","Home Dashboard","specs\Smoke\3-HomeDashboardSmoke.spec.ts","",""
"","9437","""Uploaded Checks"" navigates to the uploads page","msedge","Wed Aug 26 10:10:21 UTC 2026","passed","Wed Aug 26 10:10:31 UTC 2026","Issued Checks — Smoke","specs\Smoke\4-IssuedChecksSmoke.spec.ts","",""
"","14361","Clicking a column header sorts ascending, clicking again sorts descending","chromium","Wed Aug 26 10:16:35 UTC 2026","passed","Wed Aug 26 10:16:49 UTC 2026","Exceptions — Smoke (Continued)","specs\Smoke\8-ExceptionsSmoke.spec.ts","",""
"","12167","Verify navigation to Issued Checks via nav menu","firefox","Wed Aug 26 10:29:04 UTC 2026","passed","Wed Aug 26 10:29:16 UTC 2026","Home Dashboard","specs\Smoke\3-HomeDashboardSmoke.spec.ts","",""
"","15212","Verify Combined View shows all chart sections","webkit","Wed Aug 26 10:11:05 UTC 2026","passed","Wed Aug 26 10:11:21 UTC 2026","Home Dashboard","specs\Smoke\3-HomeDashboardSmoke.spec.ts","",""
"","17635","Search box filters grid and clears correctly","webkit","Wed Aug 26 10:23:41 UTC 2026","passed","Wed Aug 26 10:23:59 UTC 2026","Exceptions — Smoke","specs\Smoke\8-ExceptionsSmoke.spec.ts","",""
"","15916","""+ Add Check"" navigates to the add-check form","webkit","Wed Aug 26 10:13:30 UTC 2026","passed","Wed Aug 26 10:13:46 UTC 2026","Issued Checks — Smoke","specs\Smoke\4-IssuedChecksSmoke.spec.ts","",""
"","16905","Typing a page number navigates to that page","firefox","Wed Aug 26 10:33:16 UTC 2026","passed","Wed Aug 26 10:33:33 UTC 2026","Presented Checks — Smoke","specs\Smoke\5-PresentedChecksSmoke.spec.ts","",""
"","15572","Typing a page number navigates to that page","firefox","Wed Aug 26 10:37:58 UTC 2026","passed","Wed Aug 26 10:38:14 UTC 2026","Exceptions — Smoke","specs\Smoke\8-ExceptionsSmoke.spec.ts","",""
"","12093","File Processing sub-page loads correctly","firefox","Wed Aug 26 10:30:31 UTC 2026","passed","Wed Aug 26 10:30:43 UTC 2026","Application Navigation Smoke Tests","specs\Smoke\2-NavigationSmoke.spec.ts","",""
"","15810","Verify delayed data note and force refresh link are visible on dashboard","webkit","Wed Aug 26 10:13:13 UTC 2026","passed","Wed Aug 26 10:13:29 UTC 2026","Home Dashboard","specs\Smoke\3-HomeDashboardSmoke.spec.ts","",""
"","15964","Presented Checks breadcrumb link is visible on the page","webkit","Wed Aug 26 10:23:07 UTC 2026","passed","Wed Aug 26 10:23:23 UTC 2026","Presented Checks — Smoke (Continued)","specs\Smoke\5-PresentedChecksSmoke.spec.ts","",""
"","14410","""+ Add Check"" navigates to the add-check form","firefox","Wed Aug 26 10:31:26 UTC 2026","passed","Wed Aug 26 10:31:41 UTC 2026","Presented Checks — Smoke","specs\Smoke\5-PresentedChecksSmoke.spec.ts","",""
"","15657","""Edit"" link on a row navigates to the check edit form","firefox","Wed Aug 26 10:35:12 UTC 2026","passed","Wed Aug 26 10:35:28 UTC 2026","Presented Checks — Smoke (Continued)","specs\Smoke\5-PresentedChecksSmoke.spec.ts","",""
"","6972","Verify summary KPI values have expected number formats","chromium","Wed Aug 26 10:09:02 UTC 2026","passed","Wed Aug 26 10:09:09 UTC 2026","Home Dashboard","specs\Smoke\3-HomeDashboardSmoke.spec.ts","",""
"","14937","Issued Checks page loads correctly","webkit","Wed Aug 26 10:07:09 UTC 2026","passed","Wed Aug 26 10:07:24 UTC 2026","Application Navigation Smoke Tests","specs\Smoke\2-NavigationSmoke.spec.ts","",""
"","7261","Verify dashboard footer footnote and privacy link are visible","chromium","Wed Aug 26 10:09:16 UTC 2026","passed","Wed Aug 26 10:09:24 UTC 2026","Home Dashboard","specs\Smoke\3-HomeDashboardSmoke.spec.ts","",""
"","14611","ACH breadcrumb link is visible on the page","firefox","Wed Aug 26 10:40:05 UTC 2026","passed","Wed Aug 26 10:40:20 UTC 2026","ACH — Smoke","specs\Smoke\7-ACHSmoke.spec.ts","",""
"","12671","Teller page loads correctly","webkit","Wed Aug 26 10:07:41 UTC 2026","passed","Wed Aug 26 10:07:54 UTC 2026","Application Navigation Smoke Tests","specs\Smoke\2-NavigationSmoke.spec.ts","",""
"","13427","Exceptions page loads correctly","webkit","Wed Aug 26 10:08:10 UTC 2026","passed","Wed Aug 26 10:08:23 UTC 2026","Application Navigation Smoke Tests","specs\Smoke\2-NavigationSmoke.spec.ts","",""
"","8717","Verify Total Exceptions and Total Exception Amount labels are visible","msedge","Wed Aug 26 10:08:35 UTC 2026","passed","Wed Aug 26 10:08:44 UTC 2026","Home Dashboard","specs\Smoke\3-HomeDashboardSmoke.spec.ts","",""
"","31348","Save a filter preset, verify it is auto-selected, then delete it","webkit","Wed Aug 26 10:17:07 UTC 2026","passed","Wed Aug 26 10:17:39 UTC 2026","Issued Checks — Smoke (Continued)","specs\Smoke\4-IssuedChecksSmoke.spec.ts","",""
"","4119","Validate unauthenticated access to protected route is redirected to login","firefox","Wed Aug 26 10:25:59 UTC 2026","passed","Wed Aug 26 10:26:04 UTC 2026","","specs\Smoke\1-LoginSmoke.spec.ts","",""
"","9013","""View"" (Change Log) link on a row navigates to the entity log","chromium","Wed Aug 26 10:13:29 UTC 2026","passed","Wed Aug 26 10:13:38 UTC 2026","Issued Checks — Smoke (Continued)","specs\Smoke\4-IssuedChecksSmoke.spec.ts","",""
"","8881","Verify Check Only tab shows Check-specific chart sections","chromium","Wed Aug 26 10:08:05 UTC 2026","passed","Wed Aug 26 10:08:14 UTC 2026","Home Dashboard","specs\Smoke\3-HomeDashboardSmoke.spec.ts","",""
"","10683","Last page arrow jumps to the final page","chromium","Wed Aug 26 10:11:28 UTC 2026","passed","Wed Aug 26 10:11:39 UTC 2026","Issued Checks — Smoke","specs\Smoke\4-IssuedChecksSmoke.spec.ts","",""
"","9358","Decision Files sub-page loads correctly","chromium","Wed Aug 26 10:07:58 UTC 2026","passed","Wed Aug 26 10:08:07 UTC 2026","Application Navigation Smoke Tests","specs\Smoke\2-NavigationSmoke.spec.ts","",""
"","94868","Business Clients sub-page loads correctly","firefox","Wed Aug 26 10:25:36 UTC 2026","passed","Wed Aug 26 10:27:11 UTC 2026","Application Navigation Smoke Tests","specs\Smoke\2-NavigationSmoke.spec.ts","",""
"","15655","Notification Log sub-page loads correctly","webkit","Wed Aug 26 10:11:38 UTC 2026","passed","Wed Aug 26 10:11:54 UTC 2026","Application Navigation Smoke Tests","specs\Smoke\2-NavigationSmoke.spec.ts","",""
"","16397","Save a filter preset, verify it is auto-selected, then delete it","msedge","Wed Aug 26 10:12:06 UTC 2026","passed","Wed Aug 26 10:12:23 UTC 2026","Presented Checks — Smoke (Continued)","specs\Smoke\5-PresentedChecksSmoke.spec.ts","",""
"","8427","Column filter menu applies a filter and Clear restores the full row set","msedge","Wed Aug 26 10:16:52 UTC 2026","passed","Wed Aug 26 10:17:00 UTC 2026","Exceptions — Smoke (Continued)","specs\Smoke\8-ExceptionsSmoke.spec.ts","",""
"","21367","Pay/Return decision badge navigates to exception history","firefox","Wed Aug 26 10:39:44 UTC 2026","passed","Wed Aug 26 10:40:05 UTC 2026","ACH — Smoke","specs\Smoke\7-ACHSmoke.spec.ts","",""
"","14901","Saved Filters dropdown is visible and defaults to no preset","firefox","Wed Aug 26 10:37:43 UTC 2026","passed","Wed Aug 26 10:37:58 UTC 2026","ACH — Smoke","specs\Smoke\7-ACHSmoke.spec.ts","",""
"","11854","Automatic Check Decision Rules sub-page loads correctly","firefox","Wed Aug 26 10:28:57 UTC 2026","passed","Wed Aug 26 10:29:09 UTC 2026","Application Navigation Smoke Tests","specs\Smoke\2-NavigationSmoke.spec.ts","",""
"","14791","Billing Reports sub-page loads correctly","firefox","Wed Aug 26 10:27:53 UTC 2026","passed","Wed Aug 26 10:28:08 UTC 2026","Application Navigation Smoke Tests","specs\Smoke\2-NavigationSmoke.spec.ts","",""
"","12061","Verify chart title changes with selected tab","msedge","Wed Aug 26 10:08:11 UTC 2026","passed","Wed Aug 26 10:08:23 UTC 2026","Home Dashboard","specs\Smoke\3-HomeDashboardSmoke.spec.ts","",""
"","4981","Validate Login functionality with emptyFields","chromium","Wed Aug 26 10:06:34 UTC 2026","passed","Wed Aug 26 10:06:39 UTC 2026","","specs\Smoke\1-LoginSmoke.spec.ts","",""
"","9036","Saved Filters dropdown is visible and defaults to no preset","chromium","Wed Aug 26 10:15:39 UTC 2026","passed","Wed Aug 26 10:15:48 UTC 2026","Exceptions — Smoke","specs\Smoke\8-ExceptionsSmoke.spec.ts","",""
"","6417","Approvals page loads with either records or the empty-state message","firefox","Wed Aug 26 10:41:09 UTC 2026","passed","Wed Aug 26 10:41:15 UTC 2026","Exceptions — Smoke (Continued)","specs\Smoke\8-ExceptionsSmoke.spec.ts","",""
"","13669","Default filter auto-applies after logout and re-login","firefox","Wed Aug 26 10:32:48 UTC 2026","skipped","Wed Aug 26 10:33:02 UTC 2026","Issued Checks — Default Filter (Serial)","specs\Smoke\4-IssuedChecksSmoke.spec.ts","",""
"","10687","Verify profile menu shows My Info and Logout links","firefox","Wed Aug 26 10:28:32 UTC 2026","passed","Wed Aug 26 10:28:43 UTC 2026","Home Dashboard","specs\Smoke\3-HomeDashboardSmoke.spec.ts","",""
"","7941","Verify summary KPI values have expected number formats","msedge","Wed Aug 26 10:08:44 UTC 2026","passed","Wed Aug 26 10:08:52 UTC 2026","Home Dashboard","specs\Smoke\3-HomeDashboardSmoke.spec.ts","",""
"","11191","Next page arrow advances to page 2","webkit","Wed Aug 26 10:15:37 UTC 2026","passed","Wed Aug 26 10:15:48 UTC 2026","Issued Checks — Smoke","specs\Smoke\4-IssuedChecksSmoke.spec.ts","",""
"","17708","""View"" (Change Log) link on a row navigates to the entity log","webkit","Wed Aug 26 10:18:38 UTC 2026","passed","Wed Aug 26 10:18:56 UTC 2026","Issued Checks — Smoke (Continued)","specs\Smoke\4-IssuedChecksSmoke.spec.ts","",""
"","9026","Validate Login functionality with incorrectUsername","webkit","Wed Aug 26 10:07:32 UTC 2026","passed","Wed Aug 26 10:07:41 UTC 2026","","specs\Smoke\1-LoginSmoke.spec.ts","",""
"","14394","Verify navigation to ACH via nav menu","webkit","Wed Aug 26 10:14:48 UTC 2026","passed","Wed Aug 26 10:15:02 UTC 2026","Home Dashboard","specs\Smoke\3-HomeDashboardSmoke.spec.ts","",""
"","9805","""Uploaded Checks"" navigates to the uploads page","chromium","Wed Aug 26 10:10:40 UTC 2026","passed","Wed Aug 26 10:10:50 UTC 2026","Presented Checks — Smoke","specs\Smoke\5-PresentedChecksSmoke.spec.ts","",""
"","15005","""View"" (Change Log) link on a row navigates to the entity log","firefox","Wed Aug 26 10:34:12 UTC 2026","passed","Wed Aug 26 10:34:27 UTC 2026","Issued Checks — Smoke (Continued)","specs\Smoke\4-IssuedChecksSmoke.spec.ts","",""
"","7952","Automatic ACH Decision Rules sub-page loads correctly","msedge","Wed Aug 26 10:08:45 UTC 2026","passed","Wed Aug 26 10:08:53 UTC 2026","Application Navigation Smoke Tests","specs\Smoke\2-NavigationSmoke.spec.ts","",""
"","25207","Save a filter preset, verify it is auto-selected, then delete it","firefox","Wed Aug 26 10:34:16 UTC 2026","passed","Wed Aug 26 10:34:41 UTC 2026","Presented Checks — Smoke (Continued)","specs\Smoke\5-PresentedChecksSmoke.spec.ts","",""
"","18202","Verify Home dashboard is restored after returning from another page","webkit","Wed Aug 26 10:13:57 UTC 2026","passed","Wed Aug 26 10:14:15 UTC 2026","Home Dashboard","specs\Smoke\3-HomeDashboardSmoke.spec.ts","",""
"","9070","Clicking a column header sorts ascending, clicking again sorts descending","msedge","Wed Aug 26 10:12:23 UTC 2026","passed","Wed Aug 26 10:12:32 UTC 2026","Issued Checks — Smoke (Continued)","specs\Smoke\4-IssuedChecksSmoke.spec.ts","",""
"","17679","Home page is accessible and shows dashboard","webkit","Wed Aug 26 10:06:52 UTC 2026","passed","Wed Aug 26 10:07:09 UTC 2026","Application Navigation Smoke Tests","specs\Smoke\2-NavigationSmoke.spec.ts","",""
"","10974","Business Clients sub-page loads correctly","webkit","Wed Aug 26 10:08:52 UTC 2026","passed","Wed Aug 26 10:09:03 UTC 2026","Application Navigation Smoke Tests","specs\Smoke\2-NavigationSmoke.spec.ts","",""
"","16460","Save a filter preset, verify it is auto-selected, then delete it","msedge","Wed Aug 26 10:12:06 UTC 2026","passed","Wed Aug 26 10:12:23 UTC 2026","Issued Checks — Smoke (Continued)","specs\Smoke\4-IssuedChecksSmoke.spec.ts","",""
"","5992","ACH breadcrumb link is visible on the page","msedge","Wed Aug 26 10:16:23 UTC 2026","passed","Wed Aug 26 10:16:29 UTC 2026","ACH — Smoke","specs\Smoke\7-ACHSmoke.spec.ts","",""
"","5897","Verify navigation to Issued Checks via nav menu","chromium","Wed Aug 26 10:09:39 UTC 2026","passed","Wed Aug 26 10:09:45 UTC 2026","Home Dashboard","specs\Smoke\3-HomeDashboardSmoke.spec.ts","",""
"","19849","""View"" link on a row opens the Exception Details dialog","firefox","Wed Aug 26 10:40:00 UTC 2026","passed","Wed Aug 26 10:40:20 UTC 2026","Exceptions — Smoke (Continued)","specs\Smoke\8-ExceptionsSmoke.spec.ts","",""
"","12354","Default Decision Log sub-page loads correctly","firefox","Wed Aug 26 10:30:06 UTC 2026","passed","Wed Aug 26 10:30:18 UTC 2026","Application Navigation Smoke Tests","specs\Smoke\2-NavigationSmoke.spec.ts","",""
"","29629","Default filter auto-applies after logout and re-login","chromium","Wed Aug 26 10:12:13 UTC 2026","passed","Wed Aug 26 10:12:42 UTC 2026","Presented Checks — Default Filter (Serial)","specs\Smoke\5-PresentedChecksSmoke.spec.ts","",""
"","12012","Page size change to 10 updates pagination info in bottom-right pager","msedge","Wed Aug 26 10:10:51 UTC 2026","passed","Wed Aug 26 10:11:03 UTC 2026","Presented Checks — Smoke","specs\Smoke\5-PresentedChecksSmoke.spec.ts","",""
"","8609","ACH breadcrumb link is visible on the page","chromium","Wed Aug 26 10:17:52 UTC 2026","passed","Wed Aug 26 10:18:01 UTC 2026","ACH — Smoke","specs\Smoke\7-ACHSmoke.spec.ts","",""
"","12223","Settings page loads correctly","firefox","Wed Aug 26 10:25:09 UTC 2026","passed","Wed Aug 26 10:25:21 UTC 2026","Application Navigation Smoke Tests","specs\Smoke\2-NavigationSmoke.spec.ts","",""
"","9870","Grid loads with data rows and key column headers","webkit","Wed Aug 26 10:15:19 UTC 2026","passed","Wed Aug 26 10:15:29 UTC 2026","Presented Checks — Smoke","specs\Smoke\5-PresentedChecksSmoke.spec.ts","",""
"","20778","""Delete"" on a row shows a confirm modal; Cancel dismisses it without deleting","webkit","Wed Aug 26 10:24:57 UTC 2026","passed","Wed Aug 26 10:25:18 UTC 2026","ACH — Smoke","specs\Smoke\7-ACHSmoke.spec.ts","",""
"","29022","Default filter auto-applies after logout and re-login","chromium","Wed Aug 26 10:16:05 UTC 2026","passed","Wed Aug 26 10:16:34 UTC 2026","ACH — Smoke","specs\Smoke\7-ACHSmoke.spec.ts","",""
"","23504","Column filter menu applies a filter and Clear restores the full row set","firefox","Wed Aug 26 10:39:36 UTC 2026","passed","Wed Aug 26 10:40:00 UTC 2026","Exceptions — Smoke (Continued)","specs\Smoke\8-ExceptionsSmoke.spec.ts","",""
"","15764","Next page arrow advances to page 2","firefox","Wed Aug 26 10:36:40 UTC 2026","passed","Wed Aug 26 10:36:56 UTC 2026","ACH — Smoke","specs\Smoke\7-ACHSmoke.spec.ts","",""
"","9150","ACH Approval Rules sub-page loads correctly","chromium","Wed Aug 26 10:09:03 UTC 2026","passed","Wed Aug 26 10:09:12 UTC 2026","Application Navigation Smoke Tests","specs\Smoke\2-NavigationSmoke.spec.ts","",""
"","19607","Excel export button is visible and enabled","firefox","Wed Aug 26 10:30:58 UTC 2026","passed","Wed Aug 26 10:31:18 UTC 2026","Issued Checks — Smoke","specs\Smoke\4-IssuedChecksSmoke.spec.ts","",""
"","15579","Validate session persists after page refresh","webkit","Wed Aug 26 10:10:13 UTC 2026","passed","Wed Aug 26 10:10:29 UTC 2026","","specs\Smoke\1-LoginSmoke.spec.ts","",""
"","11182","Branding sub-page loads correctly","firefox","Wed Aug 26 10:27:42 UTC 2026","passed","Wed Aug 26 10:27:53 UTC 2026","Application Navigation Smoke Tests","specs\Smoke\2-NavigationSmoke.spec.ts","",""
"","19697","Next page arrow advances to page 2","webkit","Wed Aug 26 10:24:36 UTC 2026","passed","Wed Aug 26 10:24:56 UTC 2026","Exceptions — Smoke","specs\Smoke\8-ExceptionsSmoke.spec.ts","",""
"","6426","Validate forgot password functionality with No email","chromium","Wed Aug 26 10:07:12 UTC 2026","passed","Wed Aug 26 10:07:18 UTC 2026","","specs\Smoke\1-LoginSmoke.spec.ts","",""
"","5002","Validate forgot password with unregistered email","chromium","Wed Aug 26 10:07:18 UTC 2026","passed","Wed Aug 26 10:07:23 UTC 2026","","specs\Smoke\1-LoginSmoke.spec.ts","",""
"","14233","Validate Login functionality with xssInUsername","firefox","Wed Aug 26 10:24:56 UTC 2026","passed","Wed Aug 26 10:25:10 UTC 2026","","specs\Smoke\1-LoginSmoke.spec.ts","",""
"","15626","API link is visible and points to swagger","webkit","Wed Aug 26 10:12:42 UTC 2026","passed","Wed Aug 26 10:12:58 UTC 2026","Application Navigation Smoke Tests","specs\Smoke\2-NavigationSmoke.spec.ts","",""
"","4538","Validate Login functionality with veryLongInput","chromium","Wed Aug 26 10:07:02 UTC 2026","passed","Wed Aug 26 10:07:06 UTC 2026","","specs\Smoke\1-LoginSmoke.spec.ts","",""
"","10554","Next page arrow advances to page 2","chromium","Wed Aug 26 10:11:18 UTC 2026","passed","Wed Aug 26 10:11:28 UTC 2026","Issued Checks — Smoke","specs\Smoke\4-IssuedChecksSmoke.spec.ts","",""
"","9603","Validate Login functionality with invalidEmailFormat","webkit","Wed Aug 26 10:07:41 UTC 2026","passed","Wed Aug 26 10:07:50 UTC 2026","","specs\Smoke\1-LoginSmoke.spec.ts","",""
"","17333","""Edit"" link on a row navigates to the check edit form","webkit","Wed Aug 26 10:18:21 UTC 2026","passed","Wed Aug 26 10:18:38 UTC 2026","Issued Checks — Smoke (Continued)","specs\Smoke\4-IssuedChecksSmoke.spec.ts","",""
"","18307","Clicking a column header sorts ascending, clicking again sorts descending","webkit","Wed Aug 26 10:17:39 UTC 2026","passed","Wed Aug 26 10:17:57 UTC 2026","Issued Checks — Smoke (Continued)","specs\Smoke\4-IssuedChecksSmoke.spec.ts","",""
"","4996","Validate Login functionality with incorrectUsername","msedge","Wed Aug 26 10:05:46 UTC 2026","passed","Wed Aug 26 10:05:51 UTC 2026","","specs\Smoke\1-LoginSmoke.spec.ts","",""
"","5874","Verify dashboard footer footnote and privacy link are visible","msedge","Wed Aug 26 10:09:02 UTC 2026","passed","Wed Aug 26 10:09:08 UTC 2026","Home Dashboard","specs\Smoke\3-HomeDashboardSmoke.spec.ts","",""
"","17024","Search box filters grid and clears correctly","firefox","Wed Aug 26 10:32:01 UTC 2026","passed","Wed Aug 26 10:32:18 UTC 2026","Presented Checks — Smoke","specs\Smoke\5-PresentedChecksSmoke.spec.ts","",""
"","16965","Validate Login functionality with correctCredentials","webkit","Wed Aug 26 10:06:51 UTC 2026","passed","Wed Aug 26 10:07:08 UTC 2026","","specs\Smoke\1-LoginSmoke.spec.ts","",""
"","10082","Last page arrow jumps to the final page","chromium","Wed Aug 26 10:15:08 UTC 2026","passed","Wed Aug 26 10:15:18 UTC 2026","Exceptions — Smoke","specs\Smoke\8-ExceptionsSmoke.spec.ts","",""
"","11514","Validate Login functionality with missingUsername","webkit","Wed Aug 26 10:08:12 UTC 2026","passed","Wed Aug 26 10:08:23 UTC 2026","","specs\Smoke\1-LoginSmoke.spec.ts","",""
"","9125","Branding sub-page loads correctly","chromium","Wed Aug 26 10:07:40 UTC 2026","passed","Wed Aug 26 10:07:49 UTC 2026","Application Navigation Smoke Tests","specs\Smoke\2-NavigationSmoke.spec.ts","",""
"","11409","Search box filters grid and clears correctly","chromium","Wed Aug 26 10:14:27 UTC 2026","passed","Wed Aug 26 10:14:39 UTC 2026","Exceptions — Smoke","specs\Smoke\8-ExceptionsSmoke.spec.ts","",""
"","16131","Page size change to 10 updates pagination info in bottom-right pager","webkit","Wed Aug 26 10:14:39 UTC 2026","passed","Wed Aug 26 10:14:55 UTC 2026","Issued Checks — Smoke","specs\Smoke\4-IssuedChecksSmoke.spec.ts","",""
"","7587","Pre-Decisions page loads with either records or the empty-state message","firefox","Wed Aug 26 10:41:15 UTC 2026","passed","Wed Aug 26 10:41:23 UTC 2026","Exceptions — Smoke (Continued)","specs\Smoke\8-ExceptionsSmoke.spec.ts","",""
"","13182","Page size change to 10 updates pagination info in bottom-right pager","firefox","Wed Aug 26 10:37:15 UTC 2026","passed","Wed Aug 26 10:37:28 UTC 2026","Exceptions — Smoke","specs\Smoke\8-ExceptionsSmoke.spec.ts","",""
"","12736","Previous page button returns to page 1, First page button re-enables disabled state","msedge","Wed Aug 26 10:11:35 UTC 2026","passed","Wed Aug 26 10:11:47 UTC 2026","Issued Checks — Smoke","specs\Smoke\4-IssuedChecksSmoke.spec.ts","",""
"","9872","""Uploaded Checks"" navigates to the uploads page","msedge","Wed Aug 26 10:10:21 UTC 2026","passed","Wed Aug 26 10:10:31 UTC 2026","Presented Checks — Smoke","specs\Smoke\5-PresentedChecksSmoke.spec.ts","",""
"","5937","Automatic ACH Decision Rules sub-page loads correctly","chromium","Wed Aug 26 10:08:57 UTC 2026","passed","Wed Aug 26 10:09:02 UTC 2026","Application Navigation Smoke Tests","specs\Smoke\2-NavigationSmoke.spec.ts","",""
"","14998","Verify delayed data note and force refresh link are visible on dashboard","firefox","Wed Aug 26 10:28:05 UTC 2026","passed","Wed Aug 26 10:28:20 UTC 2026","Home Dashboard","specs\Smoke\3-HomeDashboardSmoke.spec.ts","",""
"","9264","""Edit"" link on a row navigates to the check edit form","msedge","Wed Aug 26 10:13:39 UTC 2026","passed","Wed Aug 26 10:13:48 UTC 2026","Presented Checks — Smoke (Continued)","specs\Smoke\5-PresentedChecksSmoke.spec.ts","",""
"","6093","Validate forgot password with unregistered email","msedge","Wed Aug 26 10:06:41 UTC 2026","passed","Wed Aug 26 10:06:47 UTC 2026","","specs\Smoke\1-LoginSmoke.spec.ts","",""
"","8504","Verify Home dashboard is restored after returning from another page","chromium","Wed Aug 26 10:09:30 UTC 2026","passed","Wed Aug 26 10:09:39 UTC 2026","Home Dashboard","specs\Smoke\3-HomeDashboardSmoke.spec.ts","",""
"","13337","Column filter popup applies a filter and Clear restores the full row set","msedge","Wed Aug 26 10:13:25 UTC 2026","passed","Wed Aug 26 10:13:38 UTC 2026","Presented Checks — Smoke (Continued)","specs\Smoke\5-PresentedChecksSmoke.spec.ts","",""
"","16250","Save a filter preset, verify it is auto-selected, then delete it","chromium","Wed Aug 26 10:16:18 UTC 2026","passed","Wed Aug 26 10:16:35 UTC 2026","Exceptions — Smoke (Continued)","specs\Smoke\8-ExceptionsSmoke.spec.ts","",""
"","18110","Validate Login functionality with correctCredentials","firefox","Wed Aug 26 10:23:51 UTC 2026","passed","Wed Aug 26 10:24:09 UTC 2026","","specs\Smoke\1-LoginSmoke.spec.ts","",""
"","6408","Verify navigation to Settings via nav menu","chromium","Wed Aug 26 10:10:14 UTC 2026","passed","Wed Aug 26 10:10:20 UTC 2026","Home Dashboard","specs\Smoke\3-HomeDashboardSmoke.spec.ts","",""
"","9556","Next page arrow advances to page 2","chromium","Wed Aug 26 10:14:58 UTC 2026","passed","Wed Aug 26 10:15:08 UTC 2026","Exceptions — Smoke","specs\Smoke\8-ExceptionsSmoke.spec.ts","",""
