"DESCRIPTION","DURATION IN MS","NAME","PARENT SUITE","START TIME","STATUS","STOP TIME","SUB SUITE","SUITE","TEST CLASS","TEST METHOD"
"","11024","Exceptions page loads correctly","msedge","Tue Aug 25 18:48:28 UTC 2026","passed","Tue Aug 25 18:48:39 UTC 2026","Application Navigation Smoke Tests","specs\Smoke\2-NavigationSmoke.spec.ts","",""
"","16238","API link is visible and points to swagger","webkit","Tue Aug 25 18:35:59 UTC 2026","passed","Tue Aug 25 18:36:16 UTC 2026","Application Navigation Smoke Tests","specs\Smoke\2-NavigationSmoke.spec.ts","",""
"","14612","Validate Login functionality with caseSensitiveEmail","webkit","Tue Aug 25 18:29:30 UTC 2026","passed","Tue Aug 25 18:29:44 UTC 2026","","specs\Smoke\1-LoginSmoke.spec.ts","",""
"","29614","Last page arrow jumps to the final page","firefox","Tue Aug 25 18:55:15 UTC 2026","passed","Tue Aug 25 18:55:45 UTC 2026","Exceptions — Smoke","specs\Smoke\8-ExceptionsSmoke.spec.ts","",""
"","18610","Pay/Return decision badge navigates to exception history","webkit","Tue Aug 25 18:43:01 UTC 2026","passed","Tue Aug 25 18:43:19 UTC 2026","Presented Checks — Smoke (Continued)","specs\Smoke\5-PresentedChecksSmoke.spec.ts","",""
"","15235","Verify navigation to Settings via nav menu","firefox","Tue Aug 25 18:47:03 UTC 2026","passed","Tue Aug 25 18:47:18 UTC 2026","Home Dashboard","specs\Smoke\3-HomeDashboardSmoke.spec.ts","",""
"","9877","Page size change to 10 updates pagination info in bottom-right pager","msedge","Tue Aug 25 18:52:34 UTC 2026","passed","Tue Aug 25 18:52:43 UTC 2026","Presented Checks — Smoke","specs\Smoke\5-PresentedChecksSmoke.spec.ts","",""
"","5258","Validate Login functionality with xssInUsername","chromium","Tue Aug 25 18:30:17 UTC 2026","passed","Tue Aug 25 18:30:23 UTC 2026","","specs\Smoke\1-LoginSmoke.spec.ts","",""
"","17517","Default filter auto-applies after logout and re-login","webkit","Tue Aug 25 18:46:56 UTC 2026","skipped","Tue Aug 25 18:47:14 UTC 2026","ACH — Smoke","specs\Smoke\7-ACHSmoke.spec.ts","",""
"","17127","Clicking a column header sorts ascending, clicking again sorts descending","firefox","Tue Aug 25 18:51:10 UTC 2026","passed","Tue Aug 25 18:51:27 UTC 2026","Issued Checks — Smoke (Continued)","specs\Smoke\4-IssuedChecksSmoke.spec.ts","",""
"","18641","Last page arrow jumps to the final page","webkit","Tue Aug 25 18:38:42 UTC 2026","passed","Tue Aug 25 18:39:01 UTC 2026","Issued Checks — Smoke","specs\Smoke\4-IssuedChecksSmoke.spec.ts","",""
"","20801","Default filter auto-applies after logout and re-login","chromium","Tue Aug 25 18:35:20 UTC 2026","passed","Tue Aug 25 18:35:41 UTC 2026","Issued Checks — Default Filter (Serial)","specs\Smoke\4-IssuedChecksSmoke.spec.ts","",""
"","19307","Save a filter preset, verify it is auto-selected, then delete it","firefox","Tue Aug 25 18:50:51 UTC 2026","passed","Tue Aug 25 18:51:10 UTC 2026","Issued Checks — Smoke (Continued)","specs\Smoke\4-IssuedChecksSmoke.spec.ts","",""
"","8538","""Edit"" link on a row navigates to the check edit form","chromium","Tue Aug 25 18:36:48 UTC 2026","passed","Tue Aug 25 18:36:56 UTC 2026","Presented Checks — Smoke (Continued)","specs\Smoke\5-PresentedChecksSmoke.spec.ts","",""
"","12406","Verify navigation to Exceptions via nav menu","firefox","Tue Aug 25 18:46:50 UTC 2026","passed","Tue Aug 25 18:47:03 UTC 2026","Home Dashboard","specs\Smoke\3-HomeDashboardSmoke.spec.ts","",""
"","8416","Verify Check Only tab shows Check-specific chart sections","msedge","Tue Aug 25 18:49:38 UTC 2026","passed","Tue Aug 25 18:49:46 UTC 2026","Home Dashboard","specs\Smoke\3-HomeDashboardSmoke.spec.ts","",""
"","20697","Exception History grid loads with data rows and key column headers","msedge","Tue Aug 25 18:55:17 UTC 2026","passed","Tue Aug 25 18:55:38 UTC 2026","Exceptions — Smoke","specs\Smoke\8-ExceptionsSmoke.spec.ts","",""
"","21008","Typing a page number navigates to that page","webkit","Tue Aug 25 18:39:25 UTC 2026","passed","Tue Aug 25 18:39:46 UTC 2026","Presented Checks — Smoke","specs\Smoke\5-PresentedChecksSmoke.spec.ts","",""
"","17201","Search box filters grid and clears correctly","msedge","Tue Aug 25 18:55:38 UTC 2026","passed","Tue Aug 25 18:55:55 UTC 2026","Exceptions — Smoke","specs\Smoke\8-ExceptionsSmoke.spec.ts","",""
"","17215","Excel export button is visible and enabled","webkit","Tue Aug 25 18:37:49 UTC 2026","passed","Tue Aug 25 18:38:06 UTC 2026","Issued Checks — Smoke","specs\Smoke\4-IssuedChecksSmoke.spec.ts","",""
"","9800","Typing a page number navigates to that page","msedge","Tue Aug 25 18:53:00 UTC 2026","passed","Tue Aug 25 18:53:10 UTC 2026","Issued Checks — Smoke","specs\Smoke\4-IssuedChecksSmoke.spec.ts","",""
"","14015","Verify ACH Only tab shows ACH-specific chart sections","webkit","Tue Aug 25 18:33:03 UTC 2026","passed","Tue Aug 25 18:33:17 UTC 2026","Home Dashboard","specs\Smoke\3-HomeDashboardSmoke.spec.ts","",""
"","17265","Automatic Check Decision Rules sub-page loads correctly","webkit","Tue Aug 25 18:33:49 UTC 2026","passed","Tue Aug 25 18:34:06 UTC 2026","Application Navigation Smoke Tests","specs\Smoke\2-NavigationSmoke.spec.ts","",""
"","8218","ACH breadcrumb link is visible on the page","msedge","Tue Aug 25 18:58:56 UTC 2026","passed","Tue Aug 25 18:59:05 UTC 2026","ACH — Smoke","specs\Smoke\7-ACHSmoke.spec.ts","",""
"","16885","File Processing sub-page loads correctly","webkit","Tue Aug 25 18:35:42 UTC 2026","passed","Tue Aug 25 18:35:59 UTC 2026","Application Navigation Smoke Tests","specs\Smoke\2-NavigationSmoke.spec.ts","",""
"","9372","Default filter auto-applies after logout and re-login","msedge","Tue Aug 25 18:53:33 UTC 2026","skipped","Tue Aug 25 18:53:42 UTC 2026","Issued Checks — Default Filter (Serial)","specs\Smoke\4-IssuedChecksSmoke.spec.ts","",""
"","11365","Excel export button is visible and enabled","chromium","Tue Aug 25 18:34:28 UTC 2026","passed","Tue Aug 25 18:34:39 UTC 2026","Presented Checks — Smoke","specs\Smoke\5-PresentedChecksSmoke.spec.ts","",""
"","15522","Navigation tabs to Pre-Decisions, Approvals, and Exception History are visible","firefox","Tue Aug 25 18:58:46 UTC 2026","passed","Tue Aug 25 18:59:02 UTC 2026","Exceptions — Smoke (Continued)","specs\Smoke\8-ExceptionsSmoke.spec.ts","",""
"","10201","Roles/Permissions sub-page loads correctly","chromium","Tue Aug 25 18:30:51 UTC 2026","passed","Tue Aug 25 18:31:02 UTC 2026","Application Navigation Smoke Tests","specs\Smoke\2-NavigationSmoke.spec.ts","",""
"","8295","Presented Checks page loads correctly","msedge","Tue Aug 25 18:48:03 UTC 2026","passed","Tue Aug 25 18:48:11 UTC 2026","Application Navigation Smoke Tests","specs\Smoke\2-NavigationSmoke.spec.ts","",""
"","7804","API link is visible and points to swagger","chromium","Tue Aug 25 18:33:17 UTC 2026","passed","Tue Aug 25 18:33:25 UTC 2026","Application Navigation Smoke Tests","specs\Smoke\2-NavigationSmoke.spec.ts","",""
"","7504","Verify profile menu shows My Info and Logout links","msedge","Tue Aug 25 18:50:51 UTC 2026","passed","Tue Aug 25 18:50:58 UTC 2026","Home Dashboard","specs\Smoke\3-HomeDashboardSmoke.spec.ts","",""
"","4493","Validate Login functionality with incorrectUsername","chromium","Tue Aug 25 18:29:49 UTC 2026","passed","Tue Aug 25 18:29:53 UTC 2026","","specs\Smoke\1-LoginSmoke.spec.ts","",""
"","7830","Check Approval Rules sub-page loads correctly","msedge","Tue Aug 25 18:50:27 UTC 2026","passed","Tue Aug 25 18:50:35 UTC 2026","Application Navigation Smoke Tests","specs\Smoke\2-NavigationSmoke.spec.ts","",""
"","6595","Exceptions page loads correctly","chromium","Tue Aug 25 18:30:11 UTC 2026","passed","Tue Aug 25 18:30:18 UTC 2026","Application Navigation Smoke Tests","specs\Smoke\2-NavigationSmoke.spec.ts","",""
"","19384","Verify dashboard tab checked state updates correctly","webkit","Tue Aug 25 18:33:17 UTC 2026","passed","Tue Aug 25 18:33:36 UTC 2026","Home Dashboard","specs\Smoke\3-HomeDashboardSmoke.spec.ts","",""
"","17361","""+ Add Check"" navigates to the add-check form","webkit","Tue Aug 25 18:36:53 UTC 2026","passed","Tue Aug 25 18:37:10 UTC 2026","Issued Checks — Smoke","specs\Smoke\4-IssuedChecksSmoke.spec.ts","",""
"","14201","""View"" (Change Log) link on a row navigates to the entity log","firefox","Tue Aug 25 18:52:42 UTC 2026","passed","Tue Aug 25 18:52:56 UTC 2026","Presented Checks — Smoke (Continued)","specs\Smoke\5-PresentedChecksSmoke.spec.ts","",""
"","20140","Excel export button is visible and enabled","firefox","Tue Aug 25 18:54:22 UTC 2026","passed","Tue Aug 25 18:54:42 UTC 2026","Exceptions — Smoke","specs\Smoke\8-ExceptionsSmoke.spec.ts","",""
"","8245","Validate Login functionality with invalidEmailFormat","webkit","Tue Aug 25 18:30:03 UTC 2026","passed","Tue Aug 25 18:30:11 UTC 2026","","specs\Smoke\1-LoginSmoke.spec.ts","",""
"","8110","Web Hooks sub-page loads correctly","chromium","Tue Aug 25 18:33:25 UTC 2026","passed","Tue Aug 25 18:33:33 UTC 2026","Application Navigation Smoke Tests","specs\Smoke\2-NavigationSmoke.spec.ts","",""
"","9999","Automatic Check Decision Rules sub-page loads correctly","msedge","Tue Aug 25 18:50:17 UTC 2026","passed","Tue Aug 25 18:50:27 UTC 2026","Application Navigation Smoke Tests","specs\Smoke\2-NavigationSmoke.spec.ts","",""
"","18809","Page size change to 10 updates pagination info in bottom-right pager","webkit","Tue Aug 25 18:38:29 UTC 2026","passed","Tue Aug 25 18:38:48 UTC 2026","Presented Checks — Smoke","specs\Smoke\5-PresentedChecksSmoke.spec.ts","",""
"","8313","Issued Checks breadcrumb link is visible on the page","chromium","Tue Aug 25 18:36:48 UTC 2026","passed","Tue Aug 25 18:36:57 UTC 2026","Issued Checks — Smoke (Continued)","specs\Smoke\4-IssuedChecksSmoke.spec.ts","",""
"","7978","Business Clients sub-page loads correctly","msedge","Tue Aug 25 18:48:56 UTC 2026","passed","Tue Aug 25 18:49:04 UTC 2026","Application Navigation Smoke Tests","specs\Smoke\2-NavigationSmoke.spec.ts","",""
"","11817","Automatic Check Decision Rules sub-page loads correctly","chromium","Tue Aug 25 18:32:06 UTC 2026","passed","Tue Aug 25 18:32:18 UTC 2026","Application Navigation Smoke Tests","specs\Smoke\2-NavigationSmoke.spec.ts","",""
"","11797","Verify navigation to Issued Checks via nav menu","firefox","Tue Aug 25 18:46:07 UTC 2026","passed","Tue Aug 25 18:46:19 UTC 2026","Home Dashboard","specs\Smoke\3-HomeDashboardSmoke.spec.ts","",""
"","19322","""+ Add Check"" navigates to the add-check form","webkit","Tue Aug 25 18:37:09 UTC 2026","passed","Tue Aug 25 18:37:29 UTC 2026","Presented Checks — Smoke","specs\Smoke\5-PresentedChecksSmoke.spec.ts","",""
"","3965","Validate Login functionality with incorrectPassword","chromium","Tue Aug 25 18:29:45 UTC 2026","passed","Tue Aug 25 18:29:49 UTC 2026","","specs\Smoke\1-LoginSmoke.spec.ts","",""
"","8771","Branding sub-page loads correctly","chromium","Tue Aug 25 18:31:02 UTC 2026","passed","Tue Aug 25 18:31:10 UTC 2026","Application Navigation Smoke Tests","specs\Smoke\2-NavigationSmoke.spec.ts","",""
"","15492","Automatic ACH Decision Rules sub-page loads correctly","firefox","Tue Aug 25 18:45:49 UTC 2026","passed","Tue Aug 25 18:46:04 UTC 2026","Application Navigation Smoke Tests","specs\Smoke\2-NavigationSmoke.spec.ts","",""
"","14096","Save a filter preset, verify it is auto-selected, then delete it","chromium","Tue Aug 25 18:35:41 UTC 2026","passed","Tue Aug 25 18:35:55 UTC 2026","Issued Checks — Smoke (Continued)","specs\Smoke\4-IssuedChecksSmoke.spec.ts","",""
"","12928","Previous page button returns to page 1, First page button re-enables disabled state","msedge","Tue Aug 25 18:56:51 UTC 2026","passed","Tue Aug 25 18:57:04 UTC 2026","Exceptions — Smoke","specs\Smoke\8-ExceptionsSmoke.spec.ts","",""
"","20659","Search box filters grid and clears correctly","webkit","Tue Aug 25 18:43:55 UTC 2026","passed","Tue Aug 25 18:44:16 UTC 2026","Exceptions — Smoke","specs\Smoke\8-ExceptionsSmoke.spec.ts","",""
"","6684","Verify navigation to Settings via nav menu","msedge","Tue Aug 25 18:51:36 UTC 2026","passed","Tue Aug 25 18:51:43 UTC 2026","Home Dashboard","specs\Smoke\3-HomeDashboardSmoke.spec.ts","",""
"","23496","Previous page button returns to page 1, First page button re-enables disabled state","webkit","Tue Aug 25 18:39:46 UTC 2026","passed","Tue Aug 25 18:40:09 UTC 2026","Presented Checks — Smoke","specs\Smoke\5-PresentedChecksSmoke.spec.ts","",""
"","4033","Validate Login functionality with emptyFields","chromium","Tue Aug 25 18:29:57 UTC 2026","passed","Tue Aug 25 18:30:01 UTC 2026","","specs\Smoke\1-LoginSmoke.spec.ts","",""
"","16035","Teller page loads correctly","webkit","Tue Aug 25 18:30:03 UTC 2026","passed","Tue Aug 25 18:30:19 UTC 2026","Application Navigation Smoke Tests","specs\Smoke\2-NavigationSmoke.spec.ts","",""
"","15011","Exceptions breadcrumb link is visible on the page","firefox","Tue Aug 25 18:58:31 UTC 2026","passed","Tue Aug 25 18:58:46 UTC 2026","Exceptions — Smoke (Continued)","specs\Smoke\8-ExceptionsSmoke.spec.ts","",""
"","16176","Default filter auto-applies after logout and re-login","firefox","Tue Aug 25 18:51:08 UTC 2026","skipped","Tue Aug 25 18:51:24 UTC 2026","Presented Checks — Default Filter (Serial)","specs\Smoke\5-PresentedChecksSmoke.spec.ts","",""
"","6753","Default Decision Log sub-page loads correctly","chromium","Tue Aug 25 18:32:54 UTC 2026","passed","Tue Aug 25 18:33:01 UTC 2026","Application Navigation Smoke Tests","specs\Smoke\2-NavigationSmoke.spec.ts","",""
"","13479","Branding sub-page loads correctly","firefox","Tue Aug 25 18:43:51 UTC 2026","passed","Tue Aug 25 18:44:04 UTC 2026","Application Navigation Smoke Tests","specs\Smoke\2-NavigationSmoke.spec.ts","",""
"","16863","Clicking a column header sorts ascending, clicking again sorts descending","firefox","Tue Aug 25 18:57:11 UTC 2026","passed","Tue Aug 25 18:57:28 UTC 2026","Exceptions — Smoke (Continued)","specs\Smoke\8-ExceptionsSmoke.spec.ts","",""
"","8572","Exception History grid loads with data rows and key column headers","chromium","Tue Aug 25 18:37:32 UTC 2026","passed","Tue Aug 25 18:37:40 UTC 2026","Exceptions — Smoke","specs\Smoke\8-ExceptionsSmoke.spec.ts","",""
"","10998","Open Exceptions page loads with either exception cards or the empty-state message","firefox","Tue Aug 25 18:59:02 UTC 2026","passed","Tue Aug 25 18:59:13 UTC 2026","Exceptions — Smoke (Continued)","specs\Smoke\8-ExceptionsSmoke.spec.ts","",""
"","7016","Pre-Decisions page loads with either records or the empty-state message","firefox","Tue Aug 25 18:59:29 UTC 2026","passed","Tue Aug 25 18:59:36 UTC 2026","Exceptions — Smoke (Continued)","specs\Smoke\8-ExceptionsSmoke.spec.ts","",""
"","7218","Validate forgot password with unregistered email","chromium","Tue Aug 25 18:30:43 UTC 2026","passed","Tue Aug 25 18:30:51 UTC 2026","","specs\Smoke\1-LoginSmoke.spec.ts","",""
"","18288","Next page arrow advances to page 2","firefox","Tue Aug 25 18:54:57 UTC 2026","passed","Tue Aug 25 18:55:15 UTC 2026","ACH — Smoke","specs\Smoke\7-ACHSmoke.spec.ts","",""
"","16711","Typing a page number navigates to that page","firefox","Tue Aug 25 18:50:16 UTC 2026","passed","Tue Aug 25 18:50:32 UTC 2026","Presented Checks — Smoke","specs\Smoke\5-PresentedChecksSmoke.spec.ts","",""
"","10653","Default filter auto-applies after logout and re-login","msedge","Tue Aug 25 18:57:25 UTC 2026","skipped","Tue Aug 25 18:57:36 UTC 2026","ACH — Smoke","specs\Smoke\7-ACHSmoke.spec.ts","",""
"","10520","Excel export button is visible and enabled","msedge","Tue Aug 25 18:55:55 UTC 2026","passed","Tue Aug 25 18:56:06 UTC 2026","Exceptions — Smoke","specs\Smoke\8-ExceptionsSmoke.spec.ts","",""
"","16422","File Processing sub-page loads correctly","firefox","Tue Aug 25 18:47:06 UTC 2026","passed","Tue Aug 25 18:47:22 UTC 2026","Application Navigation Smoke Tests","specs\Smoke\2-NavigationSmoke.spec.ts","",""
"","3978","Validate Login functionality with incorrectUsername","msedge","Tue Aug 25 18:48:04 UTC 2026","passed","Tue Aug 25 18:48:08 UTC 2026","","specs\Smoke\1-LoginSmoke.spec.ts","",""
"","19650","Typing a page number navigates to that page","webkit","Tue Aug 25 18:39:01 UTC 2026","passed","Tue Aug 25 18:39:21 UTC 2026","Issued Checks — Smoke","specs\Smoke\4-IssuedChecksSmoke.spec.ts","",""
"","7047","Presented Checks page loads correctly","chromium","Tue Aug 25 18:29:48 UTC 2026","passed","Tue Aug 25 18:29:55 UTC 2026","Application Navigation Smoke Tests","specs\Smoke\2-NavigationSmoke.spec.ts","",""
"","12473","Previous page button returns to page 1, First page button re-enables disabled state","msedge","Tue Aug 25 18:57:05 UTC 2026","passed","Tue Aug 25 18:57:17 UTC 2026","ACH — Smoke","specs\Smoke\7-ACHSmoke.spec.ts","",""
"","12202","Clicking a column header sorts ascending, clicking again sorts descending","msedge","Tue Aug 25 18:57:42 UTC 2026","passed","Tue Aug 25 18:57:54 UTC 2026","Exceptions — Smoke (Continued)","specs\Smoke\8-ExceptionsSmoke.spec.ts","",""
"","8097","ACH page loads correctly","chromium","Tue Aug 25 18:30:03 UTC 2026","passed","Tue Aug 25 18:30:11 UTC 2026","Application Navigation Smoke Tests","specs\Smoke\2-NavigationSmoke.spec.ts","",""
"","11506","Navigation tabs to Pre-Decisions, Approvals, and Exception History are visible","msedge","Tue Aug 25 18:58:40 UTC 2026","passed","Tue Aug 25 18:58:52 UTC 2026","Exceptions — Smoke (Continued)","specs\Smoke\8-ExceptionsSmoke.spec.ts","",""
"","18140","File Formats sub-page loads correctly","webkit","Tue Aug 25 18:33:13 UTC 2026","passed","Tue Aug 25 18:33:31 UTC 2026","Application Navigation Smoke Tests","specs\Smoke\2-NavigationSmoke.spec.ts","",""
"","9441","Page size change to 10 updates pagination info in bottom-right pager","chromium","Tue Aug 25 18:34:39 UTC 2026","passed","Tue Aug 25 18:34:49 UTC 2026","Presented Checks — Smoke","specs\Smoke\5-PresentedChecksSmoke.spec.ts","",""
"","7791","Last page arrow jumps to the final page","chromium","Tue Aug 25 18:38:16 UTC 2026","passed","Tue Aug 25 18:38:24 UTC 2026","Exceptions — Smoke","specs\Smoke\8-ExceptionsSmoke.spec.ts","",""
"","8794","""+ Add ACH"" navigates to the add-ACH form","chromium","Tue Aug 25 18:37:15 UTC 2026","passed","Tue Aug 25 18:37:23 UTC 2026","ACH — Smoke","specs\Smoke\7-ACHSmoke.spec.ts","",""
"","19968","Excel export button is visible and enabled","webkit","Tue Aug 25 18:38:09 UTC 2026","passed","Tue Aug 25 18:38:29 UTC 2026","Presented Checks — Smoke","specs\Smoke\5-PresentedChecksSmoke.spec.ts","",""
"","6815","Validate Login functionality with caseSensitiveEmail","msedge","Tue Aug 25 18:47:51 UTC 2026","passed","Tue Aug 25 18:47:58 UTC 2026","","specs\Smoke\1-LoginSmoke.spec.ts","",""
"","19833","""Uploaded Checks"" navigates to the uploads page","webkit","Tue Aug 25 18:37:29 UTC 2026","passed","Tue Aug 25 18:37:49 UTC 2026","Presented Checks — Smoke","specs\Smoke\5-PresentedChecksSmoke.spec.ts","",""
"","9301","""Delete"" on a row shows a confirm modal; Cancel dismisses it without deleting","chromium","Tue Aug 25 18:37:05 UTC 2026","passed","Tue Aug 25 18:37:14 UTC 2026","Presented Checks — Smoke (Continued)","specs\Smoke\5-PresentedChecksSmoke.spec.ts","",""
"","10685","Previous page button returns to page 1, First page button re-enables disabled state","chromium","Tue Aug 25 18:38:34 UTC 2026","passed","Tue Aug 25 18:38:45 UTC 2026","Exceptions — Smoke","specs\Smoke\8-ExceptionsSmoke.spec.ts","",""
"","10448","Verify tab-specific charts are hidden for opposite tab","chromium","Tue Aug 25 18:32:18 UTC 2026","passed","Tue Aug 25 18:32:28 UTC 2026","Home Dashboard","specs\Smoke\3-HomeDashboardSmoke.spec.ts","",""
"","8762","Default filter auto-applies after logout and re-login","firefox","Tue Aug 25 18:56:40 UTC 2026","skipped","Tue Aug 25 18:56:49 UTC 2026","Exceptions — Default Filter (Serial)","specs\Smoke\8-ExceptionsSmoke.spec.ts","",""
"","9005","Verify dashboard loads after successful login","firefox","Tue Aug 25 18:42:56 UTC 2026","passed","Tue Aug 25 18:43:05 UTC 2026","Home Dashboard","specs\Smoke\3-HomeDashboardSmoke.spec.ts","",""
"","21643","Typing a page number navigates to that page","webkit","Tue Aug 25 18:45:51 UTC 2026","passed","Tue Aug 25 18:46:12 UTC 2026","ACH — Smoke","specs\Smoke\7-ACHSmoke.spec.ts","",""
"","11657","""Delete"" on a row shows a confirm modal; Cancel dismisses it without deleting","chromium","Tue Aug 25 18:40:10 UTC 2026","passed","Tue Aug 25 18:40:21 UTC 2026","ACH — Smoke","specs\Smoke\7-ACHSmoke.spec.ts","",""
"","10676","Verify dashboard tab checked state updates correctly","msedge","Tue Aug 25 18:49:54 UTC 2026","passed","Tue Aug 25 18:50:05 UTC 2026","Home Dashboard","specs\Smoke\3-HomeDashboardSmoke.spec.ts","",""
"","15998","Last page arrow jumps to the final page","firefox","Tue Aug 25 18:50:00 UTC 2026","passed","Tue Aug 25 18:50:16 UTC 2026","Presented Checks — Smoke","specs\Smoke\5-PresentedChecksSmoke.spec.ts","",""
"","15074","Presented Checks page loads correctly","webkit","Tue Aug 25 18:29:48 UTC 2026","passed","Tue Aug 25 18:30:03 UTC 2026","Application Navigation Smoke Tests","specs\Smoke\2-NavigationSmoke.spec.ts","",""
"","9033","File Processing sub-page loads correctly","msedge","Tue Aug 25 18:51:18 UTC 2026","passed","Tue Aug 25 18:51:27 UTC 2026","Application Navigation Smoke Tests","specs\Smoke\2-NavigationSmoke.spec.ts","",""
"","13759","Previous page button returns to page 1, First page button re-enables disabled state","chromium","Tue Aug 25 18:38:27 UTC 2026","passed","Tue Aug 25 18:38:41 UTC 2026","ACH — Smoke","specs\Smoke\7-ACHSmoke.spec.ts","",""
"","8602","""View"" (Change Log) link on a row navigates to the entity log","chromium","Tue Aug 25 18:36:56 UTC 2026","passed","Tue Aug 25 18:37:05 UTC 2026","Presented Checks — Smoke (Continued)","specs\Smoke\5-PresentedChecksSmoke.spec.ts","",""
"","17269","""+ Add Check"" navigates to the add-check form","firefox","Tue Aug 25 18:48:15 UTC 2026","passed","Tue Aug 25 18:48:32 UTC 2026","Presented Checks — Smoke","specs\Smoke\5-PresentedChecksSmoke.spec.ts","",""
"","8954","Web Hooks sub-page loads correctly","msedge","Tue Aug 25 18:51:36 UTC 2026","passed","Tue Aug 25 18:51:45 UTC 2026","Application Navigation Smoke Tests","specs\Smoke\2-NavigationSmoke.spec.ts","",""
"","19158","Home page is accessible and shows dashboard","webkit","Tue Aug 25 18:29:11 UTC 2026","passed","Tue Aug 25 18:29:30 UTC 2026","Application Navigation Smoke Tests","specs\Smoke\2-NavigationSmoke.spec.ts","",""
"","9739","Search box filters grid and clears correctly","chromium","Tue Aug 25 18:34:18 UTC 2026","passed","Tue Aug 25 18:34:28 UTC 2026","Presented Checks — Smoke","specs\Smoke\5-PresentedChecksSmoke.spec.ts","",""
"","9861","Grid View toggle navigates to the open-exceptions grid and shows key column headers","msedge","Tue Aug 25 18:59:02 UTC 2026","passed","Tue Aug 25 18:59:12 UTC 2026","Exceptions — Smoke (Continued)","specs\Smoke\8-ExceptionsSmoke.spec.ts","",""
"","13283","Verify Total Exceptions and Total Exception Amount labels are visible","webkit","Tue Aug 25 18:34:10 UTC 2026","passed","Tue Aug 25 18:34:24 UTC 2026","Home Dashboard","specs\Smoke\3-HomeDashboardSmoke.spec.ts","",""
"","9030","Presented Checks breadcrumb link is visible on the page","msedge","Tue Aug 25 18:55:08 UTC 2026","passed","Tue Aug 25 18:55:17 UTC 2026","Presented Checks — Smoke (Continued)","specs\Smoke\5-PresentedChecksSmoke.spec.ts","",""
"","4212","Validate Login functionality with missingUsername","firefox","Tue Aug 25 18:41:36 UTC 2026","passed","Tue Aug 25 18:41:40 UTC 2026","","specs\Smoke\1-LoginSmoke.spec.ts","",""
"","16552","""View"" (Change Log) link on a row navigates to the entity log","firefox","Tue Aug 25 18:57:50 UTC 2026","passed","Tue Aug 25 18:58:07 UTC 2026","ACH — Smoke","specs\Smoke\7-ACHSmoke.spec.ts","",""
"","10876","""Delete"" on a row shows a confirm modal; Cancel dismisses it without deleting","chromium","Tue Aug 25 18:36:37 UTC 2026","passed","Tue Aug 25 18:36:48 UTC 2026","Issued Checks — Smoke (Continued)","specs\Smoke\4-IssuedChecksSmoke.spec.ts","",""
"","19565","Typing a page number navigates to that page","webkit","Tue Aug 25 18:45:33 UTC 2026","passed","Tue Aug 25 18:45:52 UTC 2026","Exceptions — Smoke","specs\Smoke\8-ExceptionsSmoke.spec.ts","",""
"","14302","Page size change to 10 updates pagination info in bottom-right pager","firefox","Tue Aug 25 18:54:42 UTC 2026","passed","Tue Aug 25 18:54:56 UTC 2026","Exceptions — Smoke","specs\Smoke\8-ExceptionsSmoke.spec.ts","",""
"","14888","Verify ACH Only tab shows ACH-specific chart sections","firefox","Tue Aug 25 18:43:41 UTC 2026","passed","Tue Aug 25 18:43:56 UTC 2026","Home Dashboard","specs\Smoke\3-HomeDashboardSmoke.spec.ts","",""
"","9170","Saved Filters dropdown is visible and defaults to no preset","msedge","Tue Aug 25 18:53:27 UTC 2026","passed","Tue Aug 25 18:53:36 UTC 2026","Presented Checks — Smoke","specs\Smoke\5-PresentedChecksSmoke.spec.ts","",""
"","8937","Grid loads with data rows and key column headers","chromium","Tue Aug 25 18:37:06 UTC 2026","passed","Tue Aug 25 18:37:15 UTC 2026","ACH — Smoke","specs\Smoke\7-ACHSmoke.spec.ts","",""
"","8394","Pay/Return decision badge navigates to exception history","chromium","Tue Aug 25 18:37:14 UTC 2026","passed","Tue Aug 25 18:37:23 UTC 2026","Presented Checks — Smoke (Continued)","specs\Smoke\5-PresentedChecksSmoke.spec.ts","",""
"","5037","Validate forgot password with unregistered email","msedge","Tue Aug 25 18:48:55 UTC 2026","passed","Tue Aug 25 18:49:00 UTC 2026","","specs\Smoke\1-LoginSmoke.spec.ts","",""
"","16996","API link is visible and points to swagger","firefox","Tue Aug 25 18:47:22 UTC 2026","passed","Tue Aug 25 18:47:39 UTC 2026","Application Navigation Smoke Tests","specs\Smoke\2-NavigationSmoke.spec.ts","",""
"","8652","Verify summary KPI values have expected number formats","chromium","Tue Aug 25 18:32:37 UTC 2026","passed","Tue Aug 25 18:32:45 UTC 2026","Home Dashboard","specs\Smoke\3-HomeDashboardSmoke.spec.ts","",""
"","15743","Notification Log sub-page loads correctly","webkit","Tue Aug 25 18:34:54 UTC 2026","passed","Tue Aug 25 18:35:10 UTC 2026","Application Navigation Smoke Tests","specs\Smoke\2-NavigationSmoke.spec.ts","",""
"","17877","Save a filter preset, verify it is auto-selected, then delete it","msedge","Tue Aug 25 18:53:42 UTC 2026","passed","Tue Aug 25 18:54:00 UTC 2026","Issued Checks — Smoke (Continued)","specs\Smoke\4-IssuedChecksSmoke.spec.ts","",""
"","11555","Decision badge on an already-reviewed row is blocked with a system message","chromium","Tue Aug 25 18:40:09 UTC 2026","passed","Tue Aug 25 18:40:21 UTC 2026","Exceptions — Smoke (Continued)","specs\Smoke\8-ExceptionsSmoke.spec.ts","",""
"","5193","Validate Login functionality with sqlInjection","msedge","Tue Aug 25 18:48:30 UTC 2026","passed","Tue Aug 25 18:48:35 UTC 2026","","specs\Smoke\1-LoginSmoke.spec.ts","",""
"","9895","Column filter popup applies a filter and Clear restores the full row set","chromium","Tue Aug 25 18:36:06 UTC 2026","passed","Tue Aug 25 18:36:16 UTC 2026","Issued Checks — Smoke (Continued)","specs\Smoke\4-IssuedChecksSmoke.spec.ts","",""
"","7670","Validate Login functionality with veryLongInput","webkit","Tue Aug 25 18:31:01 UTC 2026","passed","Tue Aug 25 18:31:08 UTC 2026","","specs\Smoke\1-LoginSmoke.spec.ts","",""
"","6690","Approvals page loads with either records or the empty-state message","msedge","Tue Aug 25 18:59:12 UTC 2026","passed","Tue Aug 25 18:59:19 UTC 2026","Exceptions — Smoke (Continued)","specs\Smoke\8-ExceptionsSmoke.spec.ts","",""
"","12166","Notification Templates sub-page loads correctly","msedge","Tue Aug 25 18:50:05 UTC 2026","passed","Tue Aug 25 18:50:17 UTC 2026","Application Navigation Smoke Tests","specs\Smoke\2-NavigationSmoke.spec.ts","",""
"","14238","Saved Filters dropdown is visible and defaults to no preset","firefox","Tue Aug 25 18:56:26 UTC 2026","passed","Tue Aug 25 18:56:40 UTC 2026","Exceptions — Smoke","specs\Smoke\8-ExceptionsSmoke.spec.ts","",""
"","7934","Validate Login functionality with veryLongInput","chromium","Tue Aug 25 18:30:23 UTC 2026","passed","Tue Aug 25 18:30:31 UTC 2026","","specs\Smoke\1-LoginSmoke.spec.ts","",""
"","21192","Excel export button is visible and enabled","firefox","Tue Aug 25 18:54:21 UTC 2026","passed","Tue Aug 25 18:54:42 UTC 2026","ACH — Smoke","specs\Smoke\7-ACHSmoke.spec.ts","",""
"","16176","Page size change to 10 updates pagination info in bottom-right pager","firefox","Tue Aug 25 18:48:52 UTC 2026","passed","Tue Aug 25 18:49:08 UTC 2026","Issued Checks — Smoke","specs\Smoke\4-IssuedChecksSmoke.spec.ts","",""
"","12349","Clicking a column header sorts ascending, clicking again sorts descending","msedge","Tue Aug 25 18:57:55 UTC 2026","passed","Tue Aug 25 18:58:07 UTC 2026","ACH — Smoke","specs\Smoke\7-ACHSmoke.spec.ts","",""
"","30223","""View"" link on a row opens the Exception Details dialog","webkit","Tue Aug 25 18:48:11 UTC 2026","passed","Tue Aug 25 18:48:42 UTC 2026","Exceptions — Smoke (Continued)","specs\Smoke\8-ExceptionsSmoke.spec.ts","",""
"","9475","""View"" (Change Log) link on a row navigates to the entity log","chromium","Tue Aug 25 18:36:28 UTC 2026","passed","Tue Aug 25 18:36:37 UTC 2026","Issued Checks — Smoke (Continued)","specs\Smoke\4-IssuedChecksSmoke.spec.ts","",""
"","23992","Pay/Return decision badge navigates to exception history","firefox","Tue Aug 25 18:58:23 UTC 2026","passed","Tue Aug 25 18:58:47 UTC 2026","ACH — Smoke","specs\Smoke\7-ACHSmoke.spec.ts","",""
"","18214","Page size change to 10 updates pagination info in bottom-right pager","webkit","Tue Aug 25 18:44:34 UTC 2026","passed","Tue Aug 25 18:44:52 UTC 2026","Exceptions — Smoke","specs\Smoke\8-ExceptionsSmoke.spec.ts","",""
"","17727","Notification Templates sub-page loads correctly","webkit","Tue Aug 25 18:33:31 UTC 2026","passed","Tue Aug 25 18:33:49 UTC 2026","Application Navigation Smoke Tests","specs\Smoke\2-NavigationSmoke.spec.ts","",""
"","5626","Validate forgot password functionality with No email","msedge","Tue Aug 25 18:48:50 UTC 2026","passed","Tue Aug 25 18:48:55 UTC 2026","","specs\Smoke\1-LoginSmoke.spec.ts","",""
"","11580","Verify Total Exceptions and Total Exception Amount labels are visible","firefox","Tue Aug 25 18:44:49 UTC 2026","passed","Tue Aug 25 18:45:01 UTC 2026","Home Dashboard","specs\Smoke\3-HomeDashboardSmoke.spec.ts","",""
"","11725","Search box filters grid and clears correctly","msedge","Tue Aug 25 18:52:13 UTC 2026","passed","Tue Aug 25 18:52:25 UTC 2026","Presented Checks — Smoke","specs\Smoke\5-PresentedChecksSmoke.spec.ts","",""
"","8519","Verify tab-specific charts are hidden for opposite tab","msedge","Tue Aug 25 18:50:14 UTC 2026","passed","Tue Aug 25 18:50:23 UTC 2026","Home Dashboard","specs\Smoke\3-HomeDashboardSmoke.spec.ts","",""
"","10471","Verify ACH Only tab shows ACH-specific chart sections","chromium","Tue Aug 25 18:31:46 UTC 2026","passed","Tue Aug 25 18:31:57 UTC 2026","Home Dashboard","specs\Smoke\3-HomeDashboardSmoke.spec.ts","",""
"","90420","Home page is accessible and shows dashboard","firefox","Tue Aug 25 18:39:40 UTC 2026","passed","Tue Aug 25 18:41:10 UTC 2026","Application Navigation Smoke Tests","specs\Smoke\2-NavigationSmoke.spec.ts","",""
"","18864","Next page arrow advances to page 2","firefox","Tue Aug 25 18:54:56 UTC 2026","passed","Tue Aug 25 18:55:15 UTC 2026","Exceptions — Smoke","specs\Smoke\8-ExceptionsSmoke.spec.ts","",""
"","7476","Verify navigation to ACH via nav menu","msedge","Tue Aug 25 18:51:21 UTC 2026","passed","Tue Aug 25 18:51:29 UTC 2026","Home Dashboard","specs\Smoke\3-HomeDashboardSmoke.spec.ts","",""
"","8526","Users sub-page loads correctly","msedge","Tue Aug 25 18:49:04 UTC 2026","passed","Tue Aug 25 18:49:12 UTC 2026","Application Navigation Smoke Tests","specs\Smoke\2-NavigationSmoke.spec.ts","",""
"","8716","Automatic ACH Decision Rules sub-page loads correctly","chromium","Tue Aug 25 18:32:30 UTC 2026","passed","Tue Aug 25 18:32:39 UTC 2026","Application Navigation Smoke Tests","specs\Smoke\2-NavigationSmoke.spec.ts","",""
"","7145","Verify all three dashboard view tabs are visible","msedge","Tue Aug 25 18:49:24 UTC 2026","passed","Tue Aug 25 18:49:31 UTC 2026","Home Dashboard","specs\Smoke\3-HomeDashboardSmoke.spec.ts","",""
"","10012","Clicking a column header sorts ascending, clicking again sorts descending","chromium","Tue Aug 25 18:36:27 UTC 2026","passed","Tue Aug 25 18:36:37 UTC 2026","Presented Checks — Smoke (Continued)","specs\Smoke\5-PresentedChecksSmoke.spec.ts","",""
"","20240","Last page arrow jumps to the final page","webkit","Tue Aug 25 18:45:30 UTC 2026","passed","Tue Aug 25 18:45:51 UTC 2026","ACH — Smoke","specs\Smoke\7-ACHSmoke.spec.ts","",""
"","6382","Verify dashboard footer footnote and privacy link are visible","msedge","Tue Aug 25 18:50:44 UTC 2026","passed","Tue Aug 25 18:50:51 UTC 2026","Home Dashboard","specs\Smoke\3-HomeDashboardSmoke.spec.ts","",""
"","16683","""+ Add ACH"" navigates to the add-ACH form","firefox","Tue Aug 25 18:53:30 UTC 2026","passed","Tue Aug 25 18:53:46 UTC 2026","ACH — Smoke","specs\Smoke\7-ACHSmoke.spec.ts","",""
"","17355","""Delete"" on a row shows a confirm modal; Cancel dismisses it without deleting","firefox","Tue Aug 25 18:52:56 UTC 2026","passed","Tue Aug 25 18:53:13 UTC 2026","Presented Checks — Smoke (Continued)","specs\Smoke\5-PresentedChecksSmoke.spec.ts","",""
"","8050","Settings page loads correctly","msedge","Tue Aug 25 18:48:39 UTC 2026","passed","Tue Aug 25 18:48:47 UTC 2026","Application Navigation Smoke Tests","specs\Smoke\2-NavigationSmoke.spec.ts","",""
"","13555","Account Settings sub-page loads correctly","firefox","Tue Aug 25 18:42:45 UTC 2026","passed","Tue Aug 25 18:42:58 UTC 2026","Application Navigation Smoke Tests","specs\Smoke\2-NavigationSmoke.spec.ts","",""
"","6035","Validate Login functionality with missingPassword","msedge","Tue Aug 25 18:48:19 UTC 2026","passed","Tue Aug 25 18:48:25 UTC 2026","","specs\Smoke\1-LoginSmoke.spec.ts","",""
"","8932","""+ Add Check"" navigates to the add-check form","msedge","Tue Aug 25 18:51:52 UTC 2026","passed","Tue Aug 25 18:52:01 UTC 2026","Issued Checks — Smoke","specs\Smoke\4-IssuedChecksSmoke.spec.ts","",""
"","17463","Check Approval Rules sub-page loads correctly","webkit","Tue Aug 25 18:34:06 UTC 2026","passed","Tue Aug 25 18:34:24 UTC 2026","Application Navigation Smoke Tests","specs\Smoke\2-NavigationSmoke.spec.ts","",""
"","9139","ACH page loads correctly","msedge","Tue Aug 25 18:48:19 UTC 2026","passed","Tue Aug 25 18:48:28 UTC 2026","Application Navigation Smoke Tests","specs\Smoke\2-NavigationSmoke.spec.ts","",""
"","11701","Verify dashboard footer footnote and privacy link are visible","firefox","Tue Aug 25 18:45:25 UTC 2026","passed","Tue Aug 25 18:45:36 UTC 2026","Home Dashboard","specs\Smoke\3-HomeDashboardSmoke.spec.ts","",""
"","20793","Typing a page number navigates to that page","firefox","Tue Aug 25 18:55:45 UTC 2026","passed","Tue Aug 25 18:56:06 UTC 2026","Exceptions — Smoke","specs\Smoke\8-ExceptionsSmoke.spec.ts","",""
"","18745","Page size change to 10 updates pagination info in bottom-right pager","webkit","Tue Aug 25 18:44:52 UTC 2026","passed","Tue Aug 25 18:45:11 UTC 2026","ACH — Smoke","specs\Smoke\7-ACHSmoke.spec.ts","",""
"","8972","Excel export button is visible and enabled","msedge","Tue Aug 25 18:52:25 UTC 2026","passed","Tue Aug 25 18:52:34 UTC 2026","Presented Checks — Smoke","specs\Smoke\5-PresentedChecksSmoke.spec.ts","",""
"","18675","Save a filter preset, verify it is auto-selected, then delete it","msedge","Tue Aug 25 18:57:36 UTC 2026","passed","Tue Aug 25 18:57:55 UTC 2026","ACH — Smoke","specs\Smoke\7-ACHSmoke.spec.ts","",""
"","23402","Column filter popup applies a filter and Clear restores the full row set","firefox","Tue Aug 25 18:57:27 UTC 2026","passed","Tue Aug 25 18:57:50 UTC 2026","ACH — Smoke","specs\Smoke\7-ACHSmoke.spec.ts","",""
"","10279","Validate Login functionality with xssInUsername","firefox","Tue Aug 25 18:41:46 UTC 2026","passed","Tue Aug 25 18:41:57 UTC 2026","","specs\Smoke\1-LoginSmoke.spec.ts","",""
"","16267","Default Decision Log sub-page loads correctly","firefox","Tue Aug 25 18:46:31 UTC 2026","passed","Tue Aug 25 18:46:47 UTC 2026","Application Navigation Smoke Tests","specs\Smoke\2-NavigationSmoke.spec.ts","",""
"","14015","Pay/Return decision badge navigates to exception history","chromium","Tue Aug 25 18:40:21 UTC 2026","passed","Tue Aug 25 18:40:35 UTC 2026","ACH — Smoke","specs\Smoke\7-ACHSmoke.spec.ts","",""
"","6793","Settings page loads correctly","chromium","Tue Aug 25 18:30:18 UTC 2026","passed","Tue Aug 25 18:30:25 UTC 2026","Application Navigation Smoke Tests","specs\Smoke\2-NavigationSmoke.spec.ts","",""
"","16275","ACH breadcrumb link is visible on the page","webkit","Tue Aug 25 18:49:44 UTC 2026","passed","Tue Aug 25 18:50:01 UTC 2026","ACH — Smoke","specs\Smoke\7-ACHSmoke.spec.ts","",""
"","8988","Exceptions breadcrumb link is visible on the page","msedge","Tue Aug 25 18:58:31 UTC 2026","passed","Tue Aug 25 18:58:40 UTC 2026","Exceptions — Smoke (Continued)","specs\Smoke\8-ExceptionsSmoke.spec.ts","",""
"","8932","Default Decision Log sub-page loads correctly","msedge","Tue Aug 25 18:51:00 UTC 2026","passed","Tue Aug 25 18:51:09 UTC 2026","Application Navigation Smoke Tests","specs\Smoke\2-NavigationSmoke.spec.ts","",""
"","21918","Save a filter preset, verify it is auto-selected, then delete it","firefox","Tue Aug 25 18:56:49 UTC 2026","passed","Tue Aug 25 18:57:11 UTC 2026","Exceptions — Smoke (Continued)","specs\Smoke\8-ExceptionsSmoke.spec.ts","",""
"","11376","Validate session persists after page refresh","chromium","Tue Aug 25 18:30:51 UTC 2026","passed","Tue Aug 25 18:31:02 UTC 2026","","specs\Smoke\1-LoginSmoke.spec.ts","",""
"","20159","Verify dashboard tab checked state updates correctly","firefox","Tue Aug 25 18:43:56 UTC 2026","passed","Tue Aug 25 18:44:16 UTC 2026","Home Dashboard","specs\Smoke\3-HomeDashboardSmoke.spec.ts","",""
"","5721","Validate unauthenticated access to protected route is redirected to login","msedge","Tue Aug 25 18:49:11 UTC 2026","passed","Tue Aug 25 18:49:16 UTC 2026","","specs\Smoke\1-LoginSmoke.spec.ts","",""
"","10091","Validate Login functionality with xssInUsername","webkit","Tue Aug 25 18:30:51 UTC 2026","passed","Tue Aug 25 18:31:01 UTC 2026","","specs\Smoke\1-LoginSmoke.spec.ts","",""
"","7231","Verify dashboard loads after successful login","msedge","Tue Aug 25 18:49:16 UTC 2026","passed","Tue Aug 25 18:49:24 UTC 2026","Home Dashboard","specs\Smoke\3-HomeDashboardSmoke.spec.ts","",""
"","6255","Validate Login functionality with caseSensitiveEmail","chromium","Tue Aug 25 18:29:39 UTC 2026","passed","Tue Aug 25 18:29:45 UTC 2026","","specs\Smoke\1-LoginSmoke.spec.ts","",""
"","17693","Navigation tabs to Pre-Decisions, Approvals, and Exception History are visible","webkit","Tue Aug 25 18:49:27 UTC 2026","passed","Tue Aug 25 18:49:45 UTC 2026","Exceptions — Smoke (Continued)","specs\Smoke\8-ExceptionsSmoke.spec.ts","",""
"","16571","""Delete"" on a row shows a confirm modal; Cancel dismisses it without deleting","firefox","Tue Aug 25 18:58:07 UTC 2026","passed","Tue Aug 25 18:58:23 UTC 2026","ACH — Smoke","specs\Smoke\7-ACHSmoke.spec.ts","",""
"","8622","ACH Approval Rules sub-page loads correctly","msedge","Tue Aug 25 18:50:44 UTC 2026","passed","Tue Aug 25 18:50:52 UTC 2026","Application Navigation Smoke Tests","specs\Smoke\2-NavigationSmoke.spec.ts","",""
"","7264","Verify navigation to Exceptions via nav menu","msedge","Tue Aug 25 18:51:29 UTC 2026","passed","Tue Aug 25 18:51:36 UTC 2026","Home Dashboard","specs\Smoke\3-HomeDashboardSmoke.spec.ts","",""
"","7511","Verify Home dashboard is restored after returning from another page","chromium","Tue Aug 25 18:33:08 UTC 2026","passed","Tue Aug 25 18:33:16 UTC 2026","Home Dashboard","specs\Smoke\3-HomeDashboardSmoke.spec.ts","",""
"","10065","Last page arrow jumps to the final page","msedge","Tue Aug 25 18:52:50 UTC 2026","passed","Tue Aug 25 18:53:00 UTC 2026","Issued Checks — Smoke","specs\Smoke\4-IssuedChecksSmoke.spec.ts","",""
"","13507","Column filter popup applies a filter and Clear restores the full row set","msedge","Tue Aug 25 18:58:07 UTC 2026","passed","Tue Aug 25 18:58:20 UTC 2026","ACH — Smoke","specs\Smoke\7-ACHSmoke.spec.ts","",""
"","14899","Page size change to 10 updates pagination info in bottom-right pager","msedge","Tue Aug 25 18:56:12 UTC 2026","passed","Tue Aug 25 18:56:27 UTC 2026","ACH — Smoke","specs\Smoke\7-ACHSmoke.spec.ts","",""
"","9563","Business Clients sub-page loads correctly","chromium","Tue Aug 25 18:30:33 UTC 2026","passed","Tue Aug 25 18:30:42 UTC 2026","Application Navigation Smoke Tests","specs\Smoke\2-NavigationSmoke.spec.ts","",""
"","6946","Approvals page loads with either records or the empty-state message","firefox","Tue Aug 25 18:59:22 UTC 2026","passed","Tue Aug 25 18:59:29 UTC 2026","Exceptions — Smoke (Continued)","specs\Smoke\8-ExceptionsSmoke.spec.ts","",""
"","19954","Validate teller presented-check form shows all required fields","webkit","Tue Aug 25 18:42:55 UTC 2026","passed","Tue Aug 25 18:43:15 UTC 2026","Teller - Smoke","specs\Smoke\6-TellerSmoke.spec.ts","",""
"","16930","Default filter auto-applies after logout and re-login","webkit","Tue Aug 25 18:40:05 UTC 2026","skipped","Tue Aug 25 18:40:22 UTC 2026","Issued Checks — Default Filter (Serial)","specs\Smoke\4-IssuedChecksSmoke.spec.ts","",""
"","14133","Presented Checks page loads correctly","firefox","Tue Aug 25 18:41:26 UTC 2026","passed","Tue Aug 25 18:41:40 UTC 2026","Application Navigation Smoke Tests","specs\Smoke\2-NavigationSmoke.spec.ts","",""
"","7206","Pre-Decisions page loads with either records or the empty-state message","msedge","Tue Aug 25 18:59:19 UTC 2026","passed","Tue Aug 25 18:59:26 UTC 2026","Exceptions — Smoke (Continued)","specs\Smoke\8-ExceptionsSmoke.spec.ts","",""
"","10228","Pay/Return decision badge navigates to exception history","msedge","Tue Aug 25 18:54:58 UTC 2026","passed","Tue Aug 25 18:55:08 UTC 2026","Presented Checks — Smoke (Continued)","specs\Smoke\5-PresentedChecksSmoke.spec.ts","",""
"","15953","Pay/Return decision badge navigates to exception history","firefox","Tue Aug 25 18:53:13 UTC 2026","passed","Tue Aug 25 18:53:29 UTC 2026","Presented Checks — Smoke (Continued)","specs\Smoke\5-PresentedChecksSmoke.spec.ts","",""
"","15885","Exceptions page loads correctly","webkit","Tue Aug 25 18:30:34 UTC 2026","passed","Tue Aug 25 18:30:50 UTC 2026","Application Navigation Smoke Tests","specs\Smoke\2-NavigationSmoke.spec.ts","",""
"","17257","Open Exceptions page loads with either exception cards or the empty-state message","webkit","Tue Aug 25 18:49:45 UTC 2026","passed","Tue Aug 25 18:50:02 UTC 2026","Exceptions — Smoke (Continued)","specs\Smoke\8-ExceptionsSmoke.spec.ts","",""
"","16791","Page size change to 10 updates pagination info in bottom-right pager","webkit","Tue Aug 25 18:38:06 UTC 2026","passed","Tue Aug 25 18:38:23 UTC 2026","Issued Checks — Smoke","specs\Smoke\4-IssuedChecksSmoke.spec.ts","",""
"","4627","Validate Login functionality with missingUsername","msedge","Tue Aug 25 18:48:25 UTC 2026","passed","Tue Aug 25 18:48:30 UTC 2026","","specs\Smoke\1-LoginSmoke.spec.ts","",""
"","20927","Grid loads with data rows and key column headers","firefox","Tue Aug 25 18:47:18 UTC 2026","passed","Tue Aug 25 18:47:39 UTC 2026","Issued Checks — Smoke","specs\Smoke\4-IssuedChecksSmoke.spec.ts","",""
"","11024","File Formats sub-page loads correctly","chromium","Tue Aug 25 18:31:44 UTC 2026","passed","Tue Aug 25 18:31:55 UTC 2026","Application Navigation Smoke Tests","specs\Smoke\2-NavigationSmoke.spec.ts","",""
"","13537","Verify navigation to Presented Checks via nav menu","firefox","Tue Aug 25 18:46:19 UTC 2026","passed","Tue Aug 25 18:46:32 UTC 2026","Home Dashboard","specs\Smoke\3-HomeDashboardSmoke.spec.ts","",""
"","8147","Account Settings sub-page loads correctly","msedge","Tue Aug 25 18:48:47 UTC 2026","passed","Tue Aug 25 18:48:56 UTC 2026","Application Navigation Smoke Tests","specs\Smoke\2-NavigationSmoke.spec.ts","",""
"","8624","Validate Login functionality with missingUsername","webkit","Tue Aug 25 18:30:33 UTC 2026","passed","Tue Aug 25 18:30:41 UTC 2026","","specs\Smoke\1-LoginSmoke.spec.ts","",""
"","11461","Previous page button returns to page 1, First page button re-enables disabled state","chromium","Tue Aug 25 18:34:59 UTC 2026","passed","Tue Aug 25 18:35:10 UTC 2026","Issued Checks — Smoke","specs\Smoke\4-IssuedChecksSmoke.spec.ts","",""
"","9946","Typing a page number navigates to that page","chromium","Tue Aug 25 18:38:24 UTC 2026","passed","Tue Aug 25 18:38:34 UTC 2026","Exceptions — Smoke","specs\Smoke\8-ExceptionsSmoke.spec.ts","",""
"","14165","Verify navigation to Exceptions via nav menu","webkit","Tue Aug 25 18:36:21 UTC 2026","passed","Tue Aug 25 18:36:35 UTC 2026","Home Dashboard","specs\Smoke\3-HomeDashboardSmoke.spec.ts","",""
"","10024","Validate session persists after page refresh","msedge","Tue Aug 25 18:49:00 UTC 2026","passed","Tue Aug 25 18:49:11 UTC 2026","","specs\Smoke\1-LoginSmoke.spec.ts","",""
"","17614","Default filter auto-applies after logout and re-login","webkit","Tue Aug 25 18:40:27 UTC 2026","skipped","Tue Aug 25 18:40:45 UTC 2026","Presented Checks — Default Filter (Serial)","specs\Smoke\5-PresentedChecksSmoke.spec.ts","",""
"","14375","Save a filter preset, verify it is auto-selected, then delete it","chromium","Tue Aug 25 18:36:12 UTC 2026","passed","Tue Aug 25 18:36:27 UTC 2026","Presented Checks — Smoke (Continued)","specs\Smoke\5-PresentedChecksSmoke.spec.ts","",""
"","5203","Validate Login functionality with missingPassword","firefox","Tue Aug 25 18:41:31 UTC 2026","passed","Tue Aug 25 18:41:36 UTC 2026","","specs\Smoke\1-LoginSmoke.spec.ts","",""
"","9768","Issued Checks page loads correctly","msedge","Tue Aug 25 18:47:53 UTC 2026","passed","Tue Aug 25 18:48:03 UTC 2026","Application Navigation Smoke Tests","specs\Smoke\2-NavigationSmoke.spec.ts","",""
"","16815","Default filter auto-applies after logout and re-login","firefox","Tue Aug 25 18:56:23 UTC 2026","skipped","Tue Aug 25 18:56:40 UTC 2026","ACH — Smoke","specs\Smoke\7-ACHSmoke.spec.ts","",""
"","8473","Verify delayed data note and force refresh link are visible on dashboard","chromium","Tue Aug 25 18:32:45 UTC 2026","passed","Tue Aug 25 18:32:54 UTC 2026","Home Dashboard","specs\Smoke\3-HomeDashboardSmoke.spec.ts","",""
"","9848","Validate forgot password functionality","webkit","Tue Aug 25 18:31:08 UTC 2026","passed","Tue Aug 25 18:31:18 UTC 2026","","specs\Smoke\1-LoginSmoke.spec.ts","",""
"","17603","Web Hooks sub-page loads correctly","firefox","Tue Aug 25 18:47:39 UTC 2026","passed","Tue Aug 25 18:47:57 UTC 2026","Application Navigation Smoke Tests","specs\Smoke\2-NavigationSmoke.spec.ts","",""
"","10137","Verify all three dashboard view tabs are visible","chromium","Tue Aug 25 18:31:19 UTC 2026","passed","Tue Aug 25 18:31:29 UTC 2026","Home Dashboard","specs\Smoke\3-HomeDashboardSmoke.spec.ts","",""
"","6852","Verify navigation to Presented Checks via nav menu","msedge","Tue Aug 25 18:51:14 UTC 2026","passed","Tue Aug 25 18:51:21 UTC 2026","Home Dashboard","specs\Smoke\3-HomeDashboardSmoke.spec.ts","",""
"","12594","Grid View toggle navigates to the open-exceptions grid and shows key column headers","webkit","Tue Aug 25 18:50:02 UTC 2026","passed","Tue Aug 25 18:50:15 UTC 2026","Exceptions — Smoke (Continued)","specs\Smoke\8-ExceptionsSmoke.spec.ts","",""
"","10844","""View"" (Change Log) link on a row navigates to the entity log","msedge","Tue Aug 25 18:58:20 UTC 2026","passed","Tue Aug 25 18:58:31 UTC 2026","ACH — Smoke","specs\Smoke\7-ACHSmoke.spec.ts","",""
"","18524","""View"" link on a row opens the Exception Details dialog","firefox","Tue Aug 25 18:57:50 UTC 2026","passed","Tue Aug 25 18:58:09 UTC 2026","Exceptions — Smoke (Continued)","specs\Smoke\8-ExceptionsSmoke.spec.ts","",""
"","9423","Verify dashboard tab checked state updates correctly","chromium","Tue Aug 25 18:31:57 UTC 2026","passed","Tue Aug 25 18:32:06 UTC 2026","Home Dashboard","specs\Smoke\3-HomeDashboardSmoke.spec.ts","",""
"","8856","Excel export button is visible and enabled","chromium","Tue Aug 25 18:37:41 UTC 2026","passed","Tue Aug 25 18:37:50 UTC 2026","ACH — Smoke","specs\Smoke\7-ACHSmoke.spec.ts","",""
"","8093","Validate unauthenticated access to protected route is redirected to login","chromium","Tue Aug 25 18:31:02 UTC 2026","passed","Tue Aug 25 18:31:10 UTC 2026","","specs\Smoke\1-LoginSmoke.spec.ts","",""
"","9892","Validate forgot password with unregistered email","webkit","Tue Aug 25 18:31:28 UTC 2026","passed","Tue Aug 25 18:31:38 UTC 2026","","specs\Smoke\1-LoginSmoke.spec.ts","",""
"","21874","Column filter menu applies a filter and Clear restores the full row set","firefox","Tue Aug 25 18:57:28 UTC 2026","passed","Tue Aug 25 18:57:50 UTC 2026","Exceptions — Smoke (Continued)","specs\Smoke\8-ExceptionsSmoke.spec.ts","",""
"","8871","Next page arrow advances to page 2","chromium","Tue Aug 25 18:38:07 UTC 2026","passed","Tue Aug 25 18:38:16 UTC 2026","Exceptions — Smoke","specs\Smoke\8-ExceptionsSmoke.spec.ts","",""
"","14974","Saved Filters dropdown is visible and defaults to no preset","firefox","Tue Aug 25 18:50:53 UTC 2026","passed","Tue Aug 25 18:51:08 UTC 2026","Presented Checks — Smoke","specs\Smoke\5-PresentedChecksSmoke.spec.ts","",""
"","9128","""Uploaded Checks"" navigates to the uploads page","msedge","Tue Aug 25 18:52:01 UTC 2026","passed","Tue Aug 25 18:52:10 UTC 2026","Issued Checks — Smoke","specs\Smoke\4-IssuedChecksSmoke.spec.ts","",""
"","7890","Verify navigation to Issued Checks via nav menu","chromium","Tue Aug 25 18:33:16 UTC 2026","passed","Tue Aug 25 18:33:23 UTC 2026","Home Dashboard","specs\Smoke\3-HomeDashboardSmoke.spec.ts","",""
"","14280","Settings page loads correctly","webkit","Tue Aug 25 18:30:50 UTC 2026","passed","Tue Aug 25 18:31:05 UTC 2026","Application Navigation Smoke Tests","specs\Smoke\2-NavigationSmoke.spec.ts","",""
"","9293","Grid loads with data rows and key column headers","msedge","Tue Aug 25 18:51:43 UTC 2026","passed","Tue Aug 25 18:51:52 UTC 2026","Issued Checks — Smoke","specs\Smoke\4-IssuedChecksSmoke.spec.ts","",""
"","11283","Saved Filters dropdown is visible and defaults to no preset","chromium","Tue Aug 25 18:38:41 UTC 2026","passed","Tue Aug 25 18:38:52 UTC 2026","ACH — Smoke","specs\Smoke\7-ACHSmoke.spec.ts","",""
"","11307","Verify chart title changes with selected tab","chromium","Tue Aug 25 18:32:06 UTC 2026","passed","Tue Aug 25 18:32:18 UTC 2026","Home Dashboard","specs\Smoke\3-HomeDashboardSmoke.spec.ts","",""
"","12526","Teller page loads correctly","firefox","Tue Aug 25 18:41:40 UTC 2026","passed","Tue Aug 25 18:41:52 UTC 2026","Application Navigation Smoke Tests","specs\Smoke\2-NavigationSmoke.spec.ts","",""
"","8137","Notification Log sub-page loads correctly","chromium","Tue Aug 25 18:32:46 UTC 2026","passed","Tue Aug 25 18:32:54 UTC 2026","Application Navigation Smoke Tests","specs\Smoke\2-NavigationSmoke.spec.ts","",""
"","18725","Grid loads with data rows and key column headers","webkit","Tue Aug 25 18:36:51 UTC 2026","passed","Tue Aug 25 18:37:09 UTC 2026","Presented Checks — Smoke","specs\Smoke\5-PresentedChecksSmoke.spec.ts","",""
"","9864","Decision Files sub-page loads correctly","chromium","Tue Aug 25 18:31:21 UTC 2026","passed","Tue Aug 25 18:31:31 UTC 2026","Application Navigation Smoke Tests","specs\Smoke\2-NavigationSmoke.spec.ts","",""
"","14540","Pay/Return decision badge navigates to exception history","msedge","Tue Aug 25 18:58:42 UTC 2026","passed","Tue Aug 25 18:58:56 UTC 2026","ACH — Smoke","specs\Smoke\7-ACHSmoke.spec.ts","",""
"","9035","Saved Filters dropdown is visible and defaults to no preset","msedge","Tue Aug 25 18:57:04 UTC 2026","passed","Tue Aug 25 18:57:13 UTC 2026","Exceptions — Smoke","specs\Smoke\8-ExceptionsSmoke.spec.ts","",""
"","8047","Validate Login functionality with veryLongInput","firefox","Tue Aug 25 18:41:57 UTC 2026","passed","Tue Aug 25 18:42:05 UTC 2026","","specs\Smoke\1-LoginSmoke.spec.ts","",""
"","29072","Save a filter preset, verify it is auto-selected, then delete it","webkit","Tue Aug 25 18:40:22 UTC 2026","passed","Tue Aug 25 18:40:51 UTC 2026","Issued Checks — Smoke (Continued)","specs\Smoke\4-IssuedChecksSmoke.spec.ts","",""
"","10256","Validate Login functionality with incorrectUsername","webkit","Tue Aug 25 18:29:52 UTC 2026","passed","Tue Aug 25 18:30:03 UTC 2026","","specs\Smoke\1-LoginSmoke.spec.ts","",""
"","4997","Validate forgot password functionality","msedge","Tue Aug 25 18:48:45 UTC 2026","passed","Tue Aug 25 18:48:50 UTC 2026","","specs\Smoke\1-LoginSmoke.spec.ts","",""
"","17860","""Edit"" link on a row navigates to the check edit form","webkit","Tue Aug 25 18:41:41 UTC 2026","passed","Tue Aug 25 18:41:58 UTC 2026","Issued Checks — Smoke (Continued)","specs\Smoke\4-IssuedChecksSmoke.spec.ts","",""
"","26445","Save a filter preset, verify it is auto-selected, then delete it","firefox","Tue Aug 25 18:56:40 UTC 2026","passed","Tue Aug 25 18:57:07 UTC 2026","ACH — Smoke","specs\Smoke\7-ACHSmoke.spec.ts","",""
"","8274","""Uploaded Checks"" navigates to the uploads page","chromium","Tue Aug 25 18:33:48 UTC 2026","passed","Tue Aug 25 18:33:56 UTC 2026","Issued Checks — Smoke","specs\Smoke\4-IssuedChecksSmoke.spec.ts","",""
"","9012","Validate teller presented-check form shows all required fields","chromium","Tue Aug 25 18:36:57 UTC 2026","passed","Tue Aug 25 18:37:06 UTC 2026","Teller - Smoke","specs\Smoke\6-TellerSmoke.spec.ts","",""
"","7205","ACH Approval Rules sub-page loads correctly","chromium","Tue Aug 25 18:32:39 UTC 2026","passed","Tue Aug 25 18:32:46 UTC 2026","Application Navigation Smoke Tests","specs\Smoke\2-NavigationSmoke.spec.ts","",""
"","18310","""+ Add ACH"" navigates to the add-ACH form","webkit","Tue Aug 25 18:43:35 UTC 2026","passed","Tue Aug 25 18:43:54 UTC 2026","ACH — Smoke","specs\Smoke\7-ACHSmoke.spec.ts","",""
"","9184","API link is visible and points to swagger","msedge","Tue Aug 25 18:51:27 UTC 2026","passed","Tue Aug 25 18:51:36 UTC 2026","Application Navigation Smoke Tests","specs\Smoke\2-NavigationSmoke.spec.ts","",""
"","10134","""+ Add Check"" navigates to the add-check form","msedge","Tue Aug 25 18:51:54 UTC 2026","passed","Tue Aug 25 18:52:04 UTC 2026","Presented Checks — Smoke","specs\Smoke\5-PresentedChecksSmoke.spec.ts","",""
"","8600","Excel export button is visible and enabled","chromium","Tue Aug 25 18:37:50 UTC 2026","passed","Tue Aug 25 18:37:58 UTC 2026","Exceptions — Smoke","specs\Smoke\8-ExceptionsSmoke.spec.ts","",""
"","17271","Typing a page number navigates to that page","firefox","Tue Aug 25 18:49:44 UTC 2026","passed","Tue Aug 25 18:50:01 UTC 2026","Issued Checks — Smoke","specs\Smoke\4-IssuedChecksSmoke.spec.ts","",""
"","14903","Verify Combined View shows all chart sections","webkit","Tue Aug 25 18:32:32 UTC 2026","passed","Tue Aug 25 18:32:47 UTC 2026","Home Dashboard","specs\Smoke\3-HomeDashboardSmoke.spec.ts","",""
"","18498","""View"" (Change Log) link on a row navigates to the entity log","webkit","Tue Aug 25 18:48:33 UTC 2026","passed","Tue Aug 25 18:48:51 UTC 2026","ACH — Smoke","specs\Smoke\7-ACHSmoke.spec.ts","",""
"","13211","Verify all three dashboard view tabs are visible","webkit","Tue Aug 25 18:32:19 UTC 2026","passed","Tue Aug 25 18:32:32 UTC 2026","Home Dashboard","specs\Smoke\3-HomeDashboardSmoke.spec.ts","",""
"","10601","Clicking a column header sorts ascending, clicking again sorts descending","msedge","Tue Aug 25 18:54:00 UTC 2026","passed","Tue Aug 25 18:54:11 UTC 2026","Issued Checks — Smoke (Continued)","specs\Smoke\4-IssuedChecksSmoke.spec.ts","",""
"","8106","System Log sub-page loads correctly","chromium","Tue Aug 25 18:33:01 UTC 2026","passed","Tue Aug 25 18:33:09 UTC 2026","Application Navigation Smoke Tests","specs\Smoke\2-NavigationSmoke.spec.ts","",""
"","20392","""Delete"" on a row shows a confirm modal; Cancel dismisses it without deleting","webkit","Tue Aug 25 18:48:51 UTC 2026","passed","Tue Aug 25 18:49:11 UTC 2026","ACH — Smoke","specs\Smoke\7-ACHSmoke.spec.ts","",""
"","15629","Grid loads with data rows and key column headers","msedge","Tue Aug 25 18:55:14 UTC 2026","passed","Tue Aug 25 18:55:30 UTC 2026","ACH — Smoke","specs\Smoke\7-ACHSmoke.spec.ts","",""
"","5856","Validate forgot password functionality with No email","chromium","Tue Aug 25 18:30:37 UTC 2026","passed","Tue Aug 25 18:30:43 UTC 2026","","specs\Smoke\1-LoginSmoke.spec.ts","",""
"","7174","Verify dashboard footer footnote and privacy link are visible","chromium","Tue Aug 25 18:32:54 UTC 2026","passed","Tue Aug 25 18:33:01 UTC 2026","Home Dashboard","specs\Smoke\3-HomeDashboardSmoke.spec.ts","",""
"","18007","""View"" (Change Log) link on a row navigates to the entity log","webkit","Tue Aug 25 18:42:23 UTC 2026","passed","Tue Aug 25 18:42:41 UTC 2026","Presented Checks — Smoke (Continued)","specs\Smoke\5-PresentedChecksSmoke.spec.ts","",""
"","7101","Validate forgot password with unregistered email","firefox","Tue Aug 25 18:42:29 UTC 2026","passed","Tue Aug 25 18:42:36 UTC 2026","","specs\Smoke\1-LoginSmoke.spec.ts","",""
"","9025","Validate Login functionality with emptyFields","webkit","Tue Aug 25 18:30:11 UTC 2026","passed","Tue Aug 25 18:30:20 UTC 2026","","specs\Smoke\1-LoginSmoke.spec.ts","",""
"","8043","Saved Filters dropdown is visible and defaults to no preset","msedge","Tue Aug 25 18:57:17 UTC 2026","passed","Tue Aug 25 18:57:25 UTC 2026","ACH — Smoke","specs\Smoke\7-ACHSmoke.spec.ts","",""
"","19054","Previous page button returns to page 1, First page button re-enables disabled state","firefox","Tue Aug 25 18:50:01 UTC 2026","passed","Tue Aug 25 18:50:20 UTC 2026","Issued Checks — Smoke","specs\Smoke\4-IssuedChecksSmoke.spec.ts","",""
"","15039","Business Clients sub-page loads correctly","webkit","Tue Aug 25 18:31:21 UTC 2026","passed","Tue Aug 25 18:31:36 UTC 2026","Application Navigation Smoke Tests","specs\Smoke\2-NavigationSmoke.spec.ts","",""
"","9959","Last page arrow jumps to the final page","msedge","Tue Aug 25 18:52:53 UTC 2026","passed","Tue Aug 25 18:53:03 UTC 2026","Presented Checks — Smoke","specs\Smoke\5-PresentedChecksSmoke.spec.ts","",""
"","11500","Navigation tabs to Pre-Decisions, Approvals, and Exception History are visible","chromium","Tue Aug 25 18:40:29 UTC 2026","passed","Tue Aug 25 18:40:40 UTC 2026","Exceptions — Smoke (Continued)","specs\Smoke\8-ExceptionsSmoke.spec.ts","",""
"","9807","Validate forgot password functionality with No email","webkit","Tue Aug 25 18:31:18 UTC 2026","passed","Tue Aug 25 18:31:28 UTC 2026","","specs\Smoke\1-LoginSmoke.spec.ts","",""
"","9074","Page size change to 10 updates pagination info in bottom-right pager","msedge","Tue Aug 25 18:56:06 UTC 2026","passed","Tue Aug 25 18:56:15 UTC 2026","Exceptions — Smoke","specs\Smoke\8-ExceptionsSmoke.spec.ts","",""
"","14397","Verify profile menu shows My Info and Logout links","webkit","Tue Aug 25 18:35:05 UTC 2026","passed","Tue Aug 25 18:35:19 UTC 2026","Home Dashboard","specs\Smoke\3-HomeDashboardSmoke.spec.ts","",""
"","19319","Next page arrow advances to page 2","webkit","Tue Aug 25 18:45:11 UTC 2026","passed","Tue Aug 25 18:45:30 UTC 2026","ACH — Smoke","specs\Smoke\7-ACHSmoke.spec.ts","",""
"","12958","Typing a page number navigates to that page","msedge","Tue Aug 25 18:56:52 UTC 2026","passed","Tue Aug 25 18:57:05 UTC 2026","ACH — Smoke","specs\Smoke\7-ACHSmoke.spec.ts","",""
"","24256","Save a filter preset, verify it is auto-selected, then delete it","firefox","Tue Aug 25 18:51:24 UTC 2026","passed","Tue Aug 25 18:51:48 UTC 2026","Presented Checks — Smoke (Continued)","specs\Smoke\5-PresentedChecksSmoke.spec.ts","",""
"","10172","""View"" (Change Log) link on a row navigates to the entity log","chromium","Tue Aug 25 18:39:59 UTC 2026","passed","Tue Aug 25 18:40:10 UTC 2026","ACH — Smoke","specs\Smoke\7-ACHSmoke.spec.ts","",""
"","15164","Presented Checks breadcrumb link is visible on the page","firefox","Tue Aug 25 18:53:29 UTC 2026","passed","Tue Aug 25 18:53:44 UTC 2026","Presented Checks — Smoke (Continued)","specs\Smoke\5-PresentedChecksSmoke.spec.ts","",""
"","31373","Save a filter preset, verify it is auto-selected, then delete it","webkit","Tue Aug 25 18:47:14 UTC 2026","passed","Tue Aug 25 18:47:45 UTC 2026","ACH — Smoke","specs\Smoke\7-ACHSmoke.spec.ts","",""
"","13997","ACH breadcrumb link is visible on the page","firefox","Tue Aug 25 18:58:47 UTC 2026","passed","Tue Aug 25 18:59:01 UTC 2026","ACH — Smoke","specs\Smoke\7-ACHSmoke.spec.ts","",""
"","14883","Automatic ACH Decision Rules sub-page loads correctly","webkit","Tue Aug 25 18:34:24 UTC 2026","passed","Tue Aug 25 18:34:39 UTC 2026","Application Navigation Smoke Tests","specs\Smoke\2-NavigationSmoke.spec.ts","",""
"","20032","""Uploaded Checks"" navigates to the uploads page","firefox","Tue Aug 25 18:48:32 UTC 2026","passed","Tue Aug 25 18:48:53 UTC 2026","Presented Checks — Smoke","specs\Smoke\5-PresentedChecksSmoke.spec.ts","",""
"","16747","System Log sub-page loads correctly","webkit","Tue Aug 25 18:35:26 UTC 2026","passed","Tue Aug 25 18:35:42 UTC 2026","Application Navigation Smoke Tests","specs\Smoke\2-NavigationSmoke.spec.ts","",""
"","8900","Approvals page loads with either records or the empty-state message","webkit","Tue Aug 25 18:50:15 UTC 2026","passed","Tue Aug 25 18:50:24 UTC 2026","Exceptions — Smoke (Continued)","specs\Smoke\8-ExceptionsSmoke.spec.ts","",""
"","26086","Previous page button returns to page 1, First page button re-enables disabled state","webkit","Tue Aug 25 18:45:52 UTC 2026","passed","Tue Aug 25 18:46:18 UTC 2026","Exceptions — Smoke","specs\Smoke\8-ExceptionsSmoke.spec.ts","",""
"","16970","Exception History grid loads with data rows and key column headers","firefox","Tue Aug 25 18:53:45 UTC 2026","passed","Tue Aug 25 18:54:02 UTC 2026","Exceptions — Smoke","specs\Smoke\8-ExceptionsSmoke.spec.ts","",""
"","16511","Typing a page number navigates to that page","firefox","Tue Aug 25 18:55:31 UTC 2026","passed","Tue Aug 25 18:55:47 UTC 2026","ACH — Smoke","specs\Smoke\7-ACHSmoke.spec.ts","",""
"","13868","Notification Templates sub-page loads correctly","firefox","Tue Aug 25 18:45:07 UTC 2026","passed","Tue Aug 25 18:45:21 UTC 2026","Application Navigation Smoke Tests","specs\Smoke\2-NavigationSmoke.spec.ts","",""
"","12310","Verify profile menu shows My Info and Logout links","firefox","Tue Aug 25 18:45:36 UTC 2026","passed","Tue Aug 25 18:45:49 UTC 2026","Home Dashboard","specs\Smoke\3-HomeDashboardSmoke.spec.ts","",""
"","16141","Search box filters grid and clears correctly","firefox","Tue Aug 25 18:48:16 UTC 2026","passed","Tue Aug 25 18:48:33 UTC 2026","Issued Checks — Smoke","specs\Smoke\4-IssuedChecksSmoke.spec.ts","",""
"","10600","Open Exceptions page loads with either exception cards or the empty-state message","msedge","Tue Aug 25 18:58:52 UTC 2026","passed","Tue Aug 25 18:59:02 UTC 2026","Exceptions — Smoke (Continued)","specs\Smoke\8-ExceptionsSmoke.spec.ts","",""
"","19699","Excel export button is visible and enabled","firefox","Tue Aug 25 18:48:33 UTC 2026","passed","Tue Aug 25 18:48:52 UTC 2026","Issued Checks — Smoke","specs\Smoke\4-IssuedChecksSmoke.spec.ts","",""
"","9710","Holiday Schedules sub-page loads correctly","msedge","Tue Aug 25 18:49:46 UTC 2026","passed","Tue Aug 25 18:49:56 UTC 2026","Application Navigation Smoke Tests","specs\Smoke\2-NavigationSmoke.spec.ts","",""
"","9204","Validate Login functionality with sqlInjection","webkit","Tue Aug 25 18:30:41 UTC 2026","passed","Tue Aug 25 18:30:51 UTC 2026","","specs\Smoke\1-LoginSmoke.spec.ts","",""
"","7563","File Processing sub-page loads correctly","chromium","Tue Aug 25 18:33:09 UTC 2026","passed","Tue Aug 25 18:33:17 UTC 2026","Application Navigation Smoke Tests","specs\Smoke\2-NavigationSmoke.spec.ts","",""
"","19464","""Uploaded Checks"" navigates to the uploads page","firefox","Tue Aug 25 18:47:57 UTC 2026","passed","Tue Aug 25 18:48:16 UTC 2026","Issued Checks — Smoke","specs\Smoke\4-IssuedChecksSmoke.spec.ts","",""
"","19997","Search box filters grid and clears correctly","firefox","Tue Aug 25 18:54:02 UTC 2026","passed","Tue Aug 25 18:54:22 UTC 2026","Exceptions — Smoke","specs\Smoke\8-ExceptionsSmoke.spec.ts","",""
"","7036","Verify profile menu shows My Info and Logout links","chromium","Tue Aug 25 18:33:01 UTC 2026","passed","Tue Aug 25 18:33:08 UTC 2026","Home Dashboard","specs\Smoke\3-HomeDashboardSmoke.spec.ts","",""
"","27060","Default filter auto-applies after logout and re-login","chromium","Tue Aug 25 18:38:52 UTC 2026","passed","Tue Aug 25 18:39:19 UTC 2026","ACH — Smoke","specs\Smoke\7-ACHSmoke.spec.ts","",""
"","18159","Excel export button is visible and enabled","webkit","Tue Aug 25 18:44:16 UTC 2026","passed","Tue Aug 25 18:44:34 UTC 2026","Exceptions — Smoke","specs\Smoke\8-ExceptionsSmoke.spec.ts","",""
"","7407","Verify Total Exceptions and Total Exception Amount labels are visible","msedge","Tue Aug 25 18:50:23 UTC 2026","passed","Tue Aug 25 18:50:30 UTC 2026","Home Dashboard","specs\Smoke\3-HomeDashboardSmoke.spec.ts","",""
"","15892","Verify Check Only tab shows Check-specific chart sections","webkit","Tue Aug 25 18:32:47 UTC 2026","passed","Tue Aug 25 18:33:03 UTC 2026","Home Dashboard","specs\Smoke\3-HomeDashboardSmoke.spec.ts","",""
"","18124","Saved Filters dropdown is visible and defaults to no preset","firefox","Tue Aug 25 18:50:21 UTC 2026","passed","Tue Aug 25 18:50:39 UTC 2026","Issued Checks — Smoke","specs\Smoke\4-IssuedChecksSmoke.spec.ts","",""
"","11070","Notification Templates sub-page loads correctly","chromium","Tue Aug 25 18:31:55 UTC 2026","passed","Tue Aug 25 18:32:06 UTC 2026","Application Navigation Smoke Tests","specs\Smoke\2-NavigationSmoke.spec.ts","",""
"","17617","Verify Home dashboard is restored after returning from another page","webkit","Tue Aug 25 18:35:19 UTC 2026","passed","Tue Aug 25 18:35:37 UTC 2026","Home Dashboard","specs\Smoke\3-HomeDashboardSmoke.spec.ts","",""
"","5799","Validate Login functionality with incorrectUsername","firefox","Tue Aug 25 18:41:14 UTC 2026","passed","Tue Aug 25 18:41:20 UTC 2026","","specs\Smoke\1-LoginSmoke.spec.ts","",""
"","18797","Last page arrow jumps to the final page","firefox","Tue Aug 25 18:49:25 UTC 2026","passed","Tue Aug 25 18:49:44 UTC 2026","Issued Checks — Smoke","specs\Smoke\4-IssuedChecksSmoke.spec.ts","",""
"","6228","Validate Login functionality with incorrectPassword","firefox","Tue Aug 25 18:41:08 UTC 2026","passed","Tue Aug 25 18:41:14 UTC 2026","","specs\Smoke\1-LoginSmoke.spec.ts","",""
"","10927","Billing Reports sub-page loads correctly","chromium","Tue Aug 25 18:31:11 UTC 2026","passed","Tue Aug 25 18:31:21 UTC 2026","Application Navigation Smoke Tests","specs\Smoke\2-NavigationSmoke.spec.ts","",""
"","11776","Home page is accessible and shows dashboard","chromium","Tue Aug 25 18:29:28 UTC 2026","passed","Tue Aug 25 18:29:39 UTC 2026","Application Navigation Smoke Tests","specs\Smoke\2-NavigationSmoke.spec.ts","",""
"","3933","Validate forgot password functionality with No email","firefox","Tue Aug 25 18:42:25 UTC 2026","passed","Tue Aug 25 18:42:29 UTC 2026","","specs\Smoke\1-LoginSmoke.spec.ts","",""
"","10473","Verify Combined View shows all chart sections","firefox","Tue Aug 25 18:43:12 UTC 2026","passed","Tue Aug 25 18:43:23 UTC 2026","Home Dashboard","specs\Smoke\3-HomeDashboardSmoke.spec.ts","",""
"","9747","Verify chart title changes with selected tab","msedge","Tue Aug 25 18:50:05 UTC 2026","passed","Tue Aug 25 18:50:14 UTC 2026","Home Dashboard","specs\Smoke\3-HomeDashboardSmoke.spec.ts","",""
"","5571","Validate Login functionality with invalidEmailFormat","msedge","Tue Aug 25 18:48:08 UTC 2026","passed","Tue Aug 25 18:48:14 UTC 2026","","specs\Smoke\1-LoginSmoke.spec.ts","",""
"","16764","Next page arrow advances to page 2","firefox","Tue Aug 25 18:49:09 UTC 2026","passed","Tue Aug 25 18:49:25 UTC 2026","Issued Checks — Smoke","specs\Smoke\4-IssuedChecksSmoke.spec.ts","",""
"","17679","""+ Add Check"" navigates to the add-check form","firefox","Tue Aug 25 18:47:39 UTC 2026","passed","Tue Aug 25 18:47:57 UTC 2026","Issued Checks — Smoke","specs\Smoke\4-IssuedChecksSmoke.spec.ts","",""
"","23422","Business Clients sub-page loads correctly","firefox","Tue Aug 25 18:42:59 UTC 2026","passed","Tue Aug 25 18:43:22 UTC 2026","Application Navigation Smoke Tests","specs\Smoke\2-NavigationSmoke.spec.ts","",""
"","15677","Verify navigation to Settings via nav menu","webkit","Tue Aug 25 18:36:35 UTC 2026","passed","Tue Aug 25 18:36:51 UTC 2026","Home Dashboard","specs\Smoke\3-HomeDashboardSmoke.spec.ts","",""
"","12227","Holiday Schedules sub-page loads correctly","chromium","Tue Aug 25 18:31:31 UTC 2026","passed","Tue Aug 25 18:31:44 UTC 2026","Application Navigation Smoke Tests","specs\Smoke\2-NavigationSmoke.spec.ts","",""
"","15939","Grid loads with data rows and key column headers","firefox","Tue Aug 25 18:53:14 UTC 2026","passed","Tue Aug 25 18:53:30 UTC 2026","ACH — Smoke","specs\Smoke\7-ACHSmoke.spec.ts","",""
"","15658","ACH page loads correctly","webkit","Tue Aug 25 18:30:19 UTC 2026","passed","Tue Aug 25 18:30:34 UTC 2026","Application Navigation Smoke Tests","specs\Smoke\2-NavigationSmoke.spec.ts","",""
"","12990","Previous page button returns to page 1, First page button re-enables disabled state","msedge","Tue Aug 25 18:53:14 UTC 2026","passed","Tue Aug 25 18:53:27 UTC 2026","Presented Checks — Smoke","specs\Smoke\5-PresentedChecksSmoke.spec.ts","",""
"","15083","Automatic Check Decision Rules sub-page loads correctly","firefox","Tue Aug 25 18:45:21 UTC 2026","passed","Tue Aug 25 18:45:36 UTC 2026","Application Navigation Smoke Tests","specs\Smoke\2-NavigationSmoke.spec.ts","",""
"","8171","Notification Log sub-page loads correctly","msedge","Tue Aug 25 18:50:52 UTC 2026","passed","Tue Aug 25 18:51:00 UTC 2026","Application Navigation Smoke Tests","specs\Smoke\2-NavigationSmoke.spec.ts","",""
"","6232","Validate Login functionality with sqlInjection","chromium","Tue Aug 25 18:30:11 UTC 2026","passed","Tue Aug 25 18:30:17 UTC 2026","","specs\Smoke\1-LoginSmoke.spec.ts","",""
"","21052","Clicking a column header sorts ascending, clicking again sorts descending","webkit","Tue Aug 25 18:47:45 UTC 2026","passed","Tue Aug 25 18:48:06 UTC 2026","ACH — Smoke","specs\Smoke\7-ACHSmoke.spec.ts","",""
"","9605","Excel export button is visible and enabled","msedge","Tue Aug 25 18:52:21 UTC 2026","passed","Tue Aug 25 18:52:31 UTC 2026","Issued Checks — Smoke","specs\Smoke\4-IssuedChecksSmoke.spec.ts","",""
"","12946","Decision badge on an already-reviewed row is blocked with a system message","msedge","Tue Aug 25 18:58:18 UTC 2026","passed","Tue Aug 25 18:58:31 UTC 2026","Exceptions — Smoke (Continued)","specs\Smoke\8-ExceptionsSmoke.spec.ts","",""
"","22397","Decision badge on an already-reviewed row is blocked with a system message","firefox","Tue Aug 25 18:58:09 UTC 2026","passed","Tue Aug 25 18:58:31 UTC 2026","Exceptions — Smoke (Continued)","specs\Smoke\8-ExceptionsSmoke.spec.ts","",""
"","10682","Issued Checks breadcrumb link is visible on the page","msedge","Tue Aug 25 18:54:54 UTC 2026","passed","Tue Aug 25 18:55:05 UTC 2026","Issued Checks — Smoke (Continued)","specs\Smoke\4-IssuedChecksSmoke.spec.ts","",""
"","8534","Grid loads with data rows and key column headers","msedge","Tue Aug 25 18:51:45 UTC 2026","passed","Tue Aug 25 18:51:54 UTC 2026","Presented Checks — Smoke","specs\Smoke\5-PresentedChecksSmoke.spec.ts","",""
"","9802","Saved Filters dropdown is visible and defaults to no preset","chromium","Tue Aug 25 18:35:10 UTC 2026","passed","Tue Aug 25 18:35:20 UTC 2026","Issued Checks — Smoke","specs\Smoke\4-IssuedChecksSmoke.spec.ts","",""
"","9949","""Delete"" on a row shows a confirm modal; Cancel dismisses it without deleting","msedge","Tue Aug 25 18:54:44 UTC 2026","passed","Tue Aug 25 18:54:54 UTC 2026","Issued Checks — Smoke (Continued)","specs\Smoke\4-IssuedChecksSmoke.spec.ts","",""
"","12366","Check Approval Rules sub-page loads correctly","firefox","Tue Aug 25 18:45:36 UTC 2026","passed","Tue Aug 25 18:45:49 UTC 2026","Application Navigation Smoke Tests","specs\Smoke\2-NavigationSmoke.spec.ts","",""
"","5072","Validate Login functionality with emptyFields","firefox","Tue Aug 25 18:41:25 UTC 2026","passed","Tue Aug 25 18:41:30 UTC 2026","","specs\Smoke\1-LoginSmoke.spec.ts","",""
"","10154","Next page arrow advances to page 2","chromium","Tue Aug 25 18:34:49 UTC 2026","passed","Tue Aug 25 18:34:59 UTC 2026","Presented Checks — Smoke","specs\Smoke\5-PresentedChecksSmoke.spec.ts","",""
"","11160","Column filter menu applies a filter and Clear restores the full row set","msedge","Tue Aug 25 18:57:54 UTC 2026","passed","Tue Aug 25 18:58:06 UTC 2026","Exceptions — Smoke (Continued)","specs\Smoke\8-ExceptionsSmoke.spec.ts","",""
"","16656","Issued Checks page loads correctly","webkit","Tue Aug 25 18:29:31 UTC 2026","passed","Tue Aug 25 18:29:48 UTC 2026","Application Navigation Smoke Tests","specs\Smoke\2-NavigationSmoke.spec.ts","",""
"","13862","Roles/Permissions sub-page loads correctly","webkit","Tue Aug 25 18:31:54 UTC 2026","passed","Tue Aug 25 18:32:08 UTC 2026","Application Navigation Smoke Tests","specs\Smoke\2-NavigationSmoke.spec.ts","",""
"","17626","Verify chart title changes with selected tab","webkit","Tue Aug 25 18:33:36 UTC 2026","passed","Tue Aug 25 18:33:54 UTC 2026","Home Dashboard","specs\Smoke\3-HomeDashboardSmoke.spec.ts","",""
"","17406","Verify chart title changes with selected tab","firefox","Tue Aug 25 18:44:16 UTC 2026","passed","Tue Aug 25 18:44:33 UTC 2026","Home Dashboard","specs\Smoke\3-HomeDashboardSmoke.spec.ts","",""
"","15372","Verify navigation to ACH via nav menu","webkit","Tue Aug 25 18:36:05 UTC 2026","passed","Tue Aug 25 18:36:21 UTC 2026","Home Dashboard","specs\Smoke\3-HomeDashboardSmoke.spec.ts","",""
"","9819","Validate unauthenticated access to protected route is redirected to login","webkit","Tue Aug 25 18:31:54 UTC 2026","passed","Tue Aug 25 18:32:04 UTC 2026","","specs\Smoke\1-LoginSmoke.spec.ts","",""
"","10879","Typing a page number navigates to that page","msedge","Tue Aug 25 18:56:41 UTC 2026","passed","Tue Aug 25 18:56:51 UTC 2026","Exceptions — Smoke","specs\Smoke\8-ExceptionsSmoke.spec.ts","",""
"","10674","Excel export button is visible and enabled","msedge","Tue Aug 25 18:56:02 UTC 2026","passed","Tue Aug 25 18:56:12 UTC 2026","ACH — Smoke","specs\Smoke\7-ACHSmoke.spec.ts","",""
"","18474","Issued Checks breadcrumb link is visible on the page","firefox","Tue Aug 25 18:52:38 UTC 2026","passed","Tue Aug 25 18:52:56 UTC 2026","Issued Checks — Smoke (Continued)","specs\Smoke\4-IssuedChecksSmoke.spec.ts","",""
"","21192","""Delete"" on a row shows a confirm modal; Cancel dismisses it without deleting","webkit","Tue Aug 25 18:42:17 UTC 2026","passed","Tue Aug 25 18:42:39 UTC 2026","Issued Checks — Smoke (Continued)","specs\Smoke\4-IssuedChecksSmoke.spec.ts","",""
"","14586","Verify dashboard loads after successful login","webkit","Tue Aug 25 18:32:04 UTC 2026","passed","Tue Aug 25 18:32:19 UTC 2026","Home Dashboard","specs\Smoke\3-HomeDashboardSmoke.spec.ts","",""
"","13739","Validate session persists after page refresh","firefox","Tue Aug 25 18:42:36 UTC 2026","passed","Tue Aug 25 18:42:50 UTC 2026","","specs\Smoke\1-LoginSmoke.spec.ts","",""
"","20997","Next page arrow advances to page 2","webkit","Tue Aug 25 18:44:52 UTC 2026","passed","Tue Aug 25 18:45:13 UTC 2026","Exceptions — Smoke","specs\Smoke\8-ExceptionsSmoke.spec.ts","",""
"","15503","Save a filter preset, verify it is auto-selected, then delete it","msedge","Tue Aug 25 18:53:45 UTC 2026","passed","Tue Aug 25 18:54:00 UTC 2026","Presented Checks — Smoke (Continued)","specs\Smoke\5-PresentedChecksSmoke.spec.ts","",""
"","18482","Grid loads with data rows and key column headers","webkit","Tue Aug 25 18:36:34 UTC 2026","passed","Tue Aug 25 18:36:53 UTC 2026","Issued Checks — Smoke","specs\Smoke\4-IssuedChecksSmoke.spec.ts","",""
"","8672","Presented Checks breadcrumb link is visible on the page","chromium","Tue Aug 25 18:37:23 UTC 2026","passed","Tue Aug 25 18:37:32 UTC 2026","Presented Checks — Smoke (Continued)","specs\Smoke\5-PresentedChecksSmoke.spec.ts","",""
"","9063","Billing Reports sub-page loads correctly","msedge","Tue Aug 25 18:49:29 UTC 2026","passed","Tue Aug 25 18:49:38 UTC 2026","Application Navigation Smoke Tests","specs\Smoke\2-NavigationSmoke.spec.ts","",""
"","8104","Page size change to 10 updates pagination info in bottom-right pager","chromium","Tue Aug 25 18:37:50 UTC 2026","passed","Tue Aug 25 18:37:58 UTC 2026","ACH — Smoke","specs\Smoke\7-ACHSmoke.spec.ts","",""
"","16767","Save a filter preset, verify it is auto-selected, then delete it","chromium","Tue Aug 25 18:39:19 UTC 2026","passed","Tue Aug 25 18:39:36 UTC 2026","ACH — Smoke","specs\Smoke\7-ACHSmoke.spec.ts","",""
"","8942","Verify dashboard loads after successful login","chromium","Tue Aug 25 18:31:10 UTC 2026","passed","Tue Aug 25 18:31:19 UTC 2026","Home Dashboard","specs\Smoke\3-HomeDashboardSmoke.spec.ts","",""
"","9650","Next page arrow advances to page 2","chromium","Tue Aug 25 18:34:27 UTC 2026","passed","Tue Aug 25 18:34:36 UTC 2026","Issued Checks — Smoke","specs\Smoke\4-IssuedChecksSmoke.spec.ts","",""
"","12153","Default filter auto-applies after logout and re-login","firefox","Tue Aug 25 18:50:39 UTC 2026","skipped","Tue Aug 25 18:50:51 UTC 2026","Issued Checks — Default Filter (Serial)","specs\Smoke\4-IssuedChecksSmoke.spec.ts","",""
"","9074","Next page arrow advances to page 2","chromium","Tue Aug 25 18:37:58 UTC 2026","passed","Tue Aug 25 18:38:07 UTC 2026","ACH — Smoke","specs\Smoke\7-ACHSmoke.spec.ts","",""
"","9678","Next page arrow advances to page 2","msedge","Tue Aug 25 18:52:43 UTC 2026","passed","Tue Aug 25 18:52:53 UTC 2026","Presented Checks — Smoke","specs\Smoke\5-PresentedChecksSmoke.spec.ts","",""
"","9262","Branding sub-page loads correctly","msedge","Tue Aug 25 18:49:19 UTC 2026","passed","Tue Aug 25 18:49:29 UTC 2026","Application Navigation Smoke Tests","specs\Smoke\2-NavigationSmoke.spec.ts","",""
"","14983","ACH Approval Rules sub-page loads correctly","webkit","Tue Aug 25 18:34:39 UTC 2026","passed","Tue Aug 25 18:34:54 UTC 2026","Application Navigation Smoke Tests","specs\Smoke\2-NavigationSmoke.spec.ts","",""
"","8341","Grid loads with data rows and key column headers","chromium","Tue Aug 25 18:33:33 UTC 2026","passed","Tue Aug 25 18:33:41 UTC 2026","Issued Checks — Smoke","specs\Smoke\4-IssuedChecksSmoke.spec.ts","",""
"","13724","Issued Checks page loads correctly","firefox","Tue Aug 25 18:41:12 UTC 2026","passed","Tue Aug 25 18:41:26 UTC 2026","Application Navigation Smoke Tests","specs\Smoke\2-NavigationSmoke.spec.ts","",""
"","12799","Column filter popup applies a filter and Clear restores the full row set","msedge","Tue Aug 25 18:54:11 UTC 2026","passed","Tue Aug 25 18:54:24 UTC 2026","Presented Checks — Smoke (Continued)","specs\Smoke\5-PresentedChecksSmoke.spec.ts","",""
"","17684","Validate Login functionality with correctCredentials","webkit","Tue Aug 25 18:29:11 UTC 2026","passed","Tue Aug 25 18:29:28 UTC 2026","","specs\Smoke\1-LoginSmoke.spec.ts","",""
"","9758","Search box filters grid and clears correctly","chromium","Tue Aug 25 18:37:32 UTC 2026","passed","Tue Aug 25 18:37:41 UTC 2026","ACH — Smoke","specs\Smoke\7-ACHSmoke.spec.ts","",""
"","4975","Approvals page loads with either records or the empty-state message","chromium","Tue Aug 25 18:40:57 UTC 2026","passed","Tue Aug 25 18:41:02 UTC 2026","Exceptions — Smoke (Continued)","specs\Smoke\8-ExceptionsSmoke.spec.ts","",""
"","9853","Pre-Decisions page loads with either records or the empty-state message","webkit","Tue Aug 25 18:50:24 UTC 2026","passed","Tue Aug 25 18:50:34 UTC 2026","Exceptions — Smoke (Continued)","specs\Smoke\8-ExceptionsSmoke.spec.ts","",""
"","22626","Clicking a column header sorts ascending, clicking again sorts descending","webkit","Tue Aug 25 18:47:24 UTC 2026","passed","Tue Aug 25 18:47:47 UTC 2026","Exceptions — Smoke (Continued)","specs\Smoke\8-ExceptionsSmoke.spec.ts","",""
"","10717","Clicking a column header sorts ascending, clicking again sorts descending","chromium","Tue Aug 25 18:35:55 UTC 2026","passed","Tue Aug 25 18:36:06 UTC 2026","Issued Checks — Smoke (Continued)","specs\Smoke\4-IssuedChecksSmoke.spec.ts","",""
"","11793","Previous page button returns to page 1, First page button re-enables disabled state","msedge","Tue Aug 25 18:53:10 UTC 2026","passed","Tue Aug 25 18:53:22 UTC 2026","Issued Checks — Smoke","specs\Smoke\4-IssuedChecksSmoke.spec.ts","",""
"","15853","""View"" (Change Log) link on a row navigates to the entity log","firefox","Tue Aug 25 18:52:03 UTC 2026","passed","Tue Aug 25 18:52:19 UTC 2026","Issued Checks — Smoke (Continued)","specs\Smoke\4-IssuedChecksSmoke.spec.ts","",""
"","6533","""+ Add Check"" navigates to the add-check form","chromium","Tue Aug 25 18:33:41 UTC 2026","passed","Tue Aug 25 18:33:48 UTC 2026","Issued Checks — Smoke","specs\Smoke\4-IssuedChecksSmoke.spec.ts","",""
"","18209","""Edit"" link on a row navigates to the check edit form","firefox","Tue Aug 25 18:52:23 UTC 2026","passed","Tue Aug 25 18:52:42 UTC 2026","Presented Checks — Smoke (Continued)","specs\Smoke\5-PresentedChecksSmoke.spec.ts","",""
"","10839","Saved Filters dropdown is visible and defaults to no preset","msedge","Tue Aug 25 18:53:22 UTC 2026","passed","Tue Aug 25 18:53:33 UTC 2026","Issued Checks — Smoke","specs\Smoke\4-IssuedChecksSmoke.spec.ts","",""
"","21933","Clicking a column header sorts ascending, clicking again sorts descending","webkit","Tue Aug 25 18:41:18 UTC 2026","passed","Tue Aug 25 18:41:40 UTC 2026","Presented Checks — Smoke (Continued)","specs\Smoke\5-PresentedChecksSmoke.spec.ts","",""
"","7183","Verify all three dashboard view tabs are visible","firefox","Tue Aug 25 18:43:05 UTC 2026","passed","Tue Aug 25 18:43:12 UTC 2026","Home Dashboard","specs\Smoke\3-HomeDashboardSmoke.spec.ts","",""
"","8386","Decision Files sub-page loads correctly","msedge","Tue Aug 25 18:49:38 UTC 2026","passed","Tue Aug 25 18:49:46 UTC 2026","Application Navigation Smoke Tests","specs\Smoke\2-NavigationSmoke.spec.ts","",""
"","10663","Clicking a column header sorts ascending, clicking again sorts descending","msedge","Tue Aug 25 18:54:00 UTC 2026","passed","Tue Aug 25 18:54:11 UTC 2026","Presented Checks — Smoke (Continued)","specs\Smoke\5-PresentedChecksSmoke.spec.ts","",""
"","13146","Column filter popup applies a filter and Clear restores the full row set","chromium","Tue Aug 25 18:39:46 UTC 2026","passed","Tue Aug 25 18:39:59 UTC 2026","ACH — Smoke","specs\Smoke\7-ACHSmoke.spec.ts","",""
"","24788","Column filter menu applies a filter and Clear restores the full row set","webkit","Tue Aug 25 18:47:47 UTC 2026","passed","Tue Aug 25 18:48:11 UTC 2026","Exceptions — Smoke (Continued)","specs\Smoke\8-ExceptionsSmoke.spec.ts","",""
"","19338","""Uploaded ACH"" navigates to the uploads page","webkit","Tue Aug 25 18:43:54 UTC 2026","passed","Tue Aug 25 18:44:13 UTC 2026","ACH — Smoke","specs\Smoke\7-ACHSmoke.spec.ts","",""
"","9986","Clicking a column header sorts ascending, clicking again sorts descending","chromium","Tue Aug 25 18:39:36 UTC 2026","passed","Tue Aug 25 18:39:46 UTC 2026","ACH — Smoke","specs\Smoke\7-ACHSmoke.spec.ts","",""
"","13050","Roles/Permissions sub-page loads correctly","firefox","Tue Aug 25 18:43:38 UTC 2026","passed","Tue Aug 25 18:43:51 UTC 2026","Application Navigation Smoke Tests","specs\Smoke\2-NavigationSmoke.spec.ts","",""
"","17837","Saved Filters dropdown is visible and defaults to no preset","webkit","Tue Aug 25 18:40:09 UTC 2026","passed","Tue Aug 25 18:40:27 UTC 2026","Presented Checks — Smoke","specs\Smoke\5-PresentedChecksSmoke.spec.ts","",""
"","14232","Verify delayed data note and force refresh link are visible on dashboard","webkit","Tue Aug 25 18:34:37 UTC 2026","passed","Tue Aug 25 18:34:51 UTC 2026","Home Dashboard","specs\Smoke\3-HomeDashboardSmoke.spec.ts","",""
"","66531","Validate Login functionality with correctCredentials","firefox","Tue Aug 25 18:39:40 UTC 2026","passed","Tue Aug 25 18:40:46 UTC 2026","","specs\Smoke\1-LoginSmoke.spec.ts","",""
"","9322","Grid View toggle navigates to the open-exceptions grid and shows key column headers","firefox","Tue Aug 25 18:59:13 UTC 2026","passed","Tue Aug 25 18:59:22 UTC 2026","Exceptions — Smoke (Continued)","specs\Smoke\8-ExceptionsSmoke.spec.ts","",""
"","19910","Grid loads with data rows and key column headers","webkit","Tue Aug 25 18:43:15 UTC 2026","passed","Tue Aug 25 18:43:35 UTC 2026","ACH — Smoke","specs\Smoke\7-ACHSmoke.spec.ts","",""
"","9887","Typing a page number navigates to that page","chromium","Tue Aug 25 18:35:10 UTC 2026","passed","Tue Aug 25 18:35:20 UTC 2026","Presented Checks — Smoke","specs\Smoke\5-PresentedChecksSmoke.spec.ts","",""
"","9178","Page size change to 10 updates pagination info in bottom-right pager","chromium","Tue Aug 25 18:37:58 UTC 2026","passed","Tue Aug 25 18:38:07 UTC 2026","Exceptions — Smoke","specs\Smoke\8-ExceptionsSmoke.spec.ts","",""
"","14421","Verify navigation to Presented Checks via nav menu","webkit","Tue Aug 25 18:35:51 UTC 2026","passed","Tue Aug 25 18:36:05 UTC 2026","Home Dashboard","specs\Smoke\3-HomeDashboardSmoke.spec.ts","",""
"","31297","Settings page loads correctly","firefox","Tue Aug 25 18:42:14 UTC 2026","passed","Tue Aug 25 18:42:45 UTC 2026","Application Navigation Smoke Tests","specs\Smoke\2-NavigationSmoke.spec.ts","",""
"","15911","Default Decision Log sub-page loads correctly","webkit","Tue Aug 25 18:35:10 UTC 2026","passed","Tue Aug 25 18:35:26 UTC 2026","Application Navigation Smoke Tests","specs\Smoke\2-NavigationSmoke.spec.ts","",""
"","8240","Verify navigation to Presented Checks via nav menu","chromium","Tue Aug 25 18:33:23 UTC 2026","passed","Tue Aug 25 18:33:32 UTC 2026","Home Dashboard","specs\Smoke\3-HomeDashboardSmoke.spec.ts","",""
"","8324","System Log sub-page loads correctly","msedge","Tue Aug 25 18:51:09 UTC 2026","passed","Tue Aug 25 18:51:18 UTC 2026","Application Navigation Smoke Tests","specs\Smoke\2-NavigationSmoke.spec.ts","",""
"","16864","Saved Filters dropdown is visible and defaults to no preset","webkit","Tue Aug 25 18:46:39 UTC 2026","passed","Tue Aug 25 18:46:56 UTC 2026","ACH — Smoke","specs\Smoke\7-ACHSmoke.spec.ts","",""
"","6612","Verify summary KPI values have expected number formats","msedge","Tue Aug 25 18:50:30 UTC 2026","passed","Tue Aug 25 18:50:37 UTC 2026","Home Dashboard","specs\Smoke\3-HomeDashboardSmoke.spec.ts","",""
"","9413","""View"" (Change Log) link on a row navigates to the entity log","msedge","Tue Aug 25 18:54:35 UTC 2026","passed","Tue Aug 25 18:54:44 UTC 2026","Issued Checks — Smoke (Continued)","specs\Smoke\4-IssuedChecksSmoke.spec.ts","",""
"","18634","Exceptions breadcrumb link is visible on the page","webkit","Tue Aug 25 18:49:08 UTC 2026","passed","Tue Aug 25 18:49:27 UTC 2026","Exceptions — Smoke (Continued)","specs\Smoke\8-ExceptionsSmoke.spec.ts","",""
"","16414","Billing Reports sub-page loads correctly","webkit","Tue Aug 25 18:32:23 UTC 2026","passed","Tue Aug 25 18:32:40 UTC 2026","Application Navigation Smoke Tests","specs\Smoke\2-NavigationSmoke.spec.ts","",""
"","12575","Billing Reports sub-page loads correctly","firefox","Tue Aug 25 18:44:04 UTC 2026","passed","Tue Aug 25 18:44:17 UTC 2026","Application Navigation Smoke Tests","specs\Smoke\2-NavigationSmoke.spec.ts","",""
"","12596","""View"" link on a row opens the Exception Details dialog","msedge","Tue Aug 25 18:58:06 UTC 2026","passed","Tue Aug 25 18:58:18 UTC 2026","Exceptions — Smoke (Continued)","specs\Smoke\8-ExceptionsSmoke.spec.ts","",""
"","12868","Verify summary KPI values have expected number formats","webkit","Tue Aug 25 18:34:24 UTC 2026","passed","Tue Aug 25 18:34:37 UTC 2026","Home Dashboard","specs\Smoke\3-HomeDashboardSmoke.spec.ts","",""
"","7971","""Uploaded ACH"" navigates to the uploads page","chromium","Tue Aug 25 18:37:24 UTC 2026","passed","Tue Aug 25 18:37:31 UTC 2026","ACH — Smoke","specs\Smoke\7-ACHSmoke.spec.ts","",""
"","10382","Typing a page number navigates to that page","msedge","Tue Aug 25 18:53:03 UTC 2026","passed","Tue Aug 25 18:53:14 UTC 2026","Presented Checks — Smoke","specs\Smoke\5-PresentedChecksSmoke.spec.ts","",""
"","9368","Next page arrow advances to page 2","msedge","Tue Aug 25 18:56:15 UTC 2026","passed","Tue Aug 25 18:56:24 UTC 2026","Exceptions — Smoke","specs\Smoke\8-ExceptionsSmoke.spec.ts","",""
"","16029","Account Settings sub-page loads correctly","webkit","Tue Aug 25 18:31:05 UTC 2026","passed","Tue Aug 25 18:31:21 UTC 2026","Application Navigation Smoke Tests","specs\Smoke\2-NavigationSmoke.spec.ts","",""
"","17868","Grid loads with data rows and key column headers","firefox","Tue Aug 25 18:47:57 UTC 2026","passed","Tue Aug 25 18:48:15 UTC 2026","Presented Checks — Smoke","specs\Smoke\5-PresentedChecksSmoke.spec.ts","",""
"","12366","Typing a page number navigates to that page","chromium","Tue Aug 25 18:34:46 UTC 2026","passed","Tue Aug 25 18:34:59 UTC 2026","Issued Checks — Smoke","specs\Smoke\4-IssuedChecksSmoke.spec.ts","",""
"","9804","Next page arrow advances to page 2","msedge","Tue Aug 25 18:52:40 UTC 2026","passed","Tue Aug 25 18:52:50 UTC 2026","Issued Checks — Smoke","specs\Smoke\4-IssuedChecksSmoke.spec.ts","",""
"","6267","Validate Login functionality with incorrectPassword","msedge","Tue Aug 25 18:47:58 UTC 2026","passed","Tue Aug 25 18:48:04 UTC 2026","","specs\Smoke\1-LoginSmoke.spec.ts","",""
"","18341","""Uploaded Checks"" navigates to the uploads page","webkit","Tue Aug 25 18:37:10 UTC 2026","passed","Tue Aug 25 18:37:28 UTC 2026","Issued Checks — Smoke","specs\Smoke\4-IssuedChecksSmoke.spec.ts","",""
"","17927","Last page arrow jumps to the final page","webkit","Tue Aug 25 18:39:07 UTC 2026","passed","Tue Aug 25 18:39:25 UTC 2026","Presented Checks — Smoke","specs\Smoke\5-PresentedChecksSmoke.spec.ts","",""
"","16378","Verify tab-specific charts are hidden for opposite tab","webkit","Tue Aug 25 18:33:54 UTC 2026","passed","Tue Aug 25 18:34:10 UTC 2026","Home Dashboard","specs\Smoke\3-HomeDashboardSmoke.spec.ts","",""
"","4306","Validate Login functionality with xssInUsername","msedge","Tue Aug 25 18:48:35 UTC 2026","passed","Tue Aug 25 18:48:40 UTC 2026","","specs\Smoke\1-LoginSmoke.spec.ts","",""
"","18495","Holiday Schedules sub-page loads correctly","firefox","Tue Aug 25 18:44:32 UTC 2026","passed","Tue Aug 25 18:44:50 UTC 2026","Application Navigation Smoke Tests","specs\Smoke\2-NavigationSmoke.spec.ts","",""
"","6913","Verify navigation to Settings via nav menu","chromium","Tue Aug 25 18:33:46 UTC 2026","passed","Tue Aug 25 18:33:53 UTC 2026","Home Dashboard","specs\Smoke\3-HomeDashboardSmoke.spec.ts","",""
"","8280","Automatic ACH Decision Rules sub-page loads correctly","msedge","Tue Aug 25 18:50:35 UTC 2026","passed","Tue Aug 25 18:50:44 UTC 2026","Application Navigation Smoke Tests","specs\Smoke\2-NavigationSmoke.spec.ts","",""
"","12554","Check Approval Rules sub-page loads correctly","chromium","Tue Aug 25 18:32:18 UTC 2026","passed","Tue Aug 25 18:32:30 UTC 2026","Application Navigation Smoke Tests","specs\Smoke\2-NavigationSmoke.spec.ts","",""
"","14850","Excel export button is visible and enabled","firefox","Tue Aug 25 18:49:11 UTC 2026","passed","Tue Aug 25 18:49:25 UTC 2026","Presented Checks — Smoke","specs\Smoke\5-PresentedChecksSmoke.spec.ts","",""
"","8773","Last page arrow jumps to the final page","chromium","Tue Aug 25 18:38:07 UTC 2026","passed","Tue Aug 25 18:38:16 UTC 2026","ACH — Smoke","specs\Smoke\7-ACHSmoke.spec.ts","",""
"","15947","Validate session persists after page refresh","webkit","Tue Aug 25 18:31:38 UTC 2026","passed","Tue Aug 25 18:31:54 UTC 2026","","specs\Smoke\1-LoginSmoke.spec.ts","",""
"","11951","ACH Approval Rules sub-page loads correctly","firefox","Tue Aug 25 18:46:04 UTC 2026","passed","Tue Aug 25 18:46:16 UTC 2026","Application Navigation Smoke Tests","specs\Smoke\2-NavigationSmoke.spec.ts","",""
"","18922","Saved Filters dropdown is visible and defaults to no preset","webkit","Tue Aug 25 18:39:46 UTC 2026","passed","Tue Aug 25 18:40:05 UTC 2026","Issued Checks — Smoke","specs\Smoke\4-IssuedChecksSmoke.spec.ts","",""
"","18997","""View"" (Change Log) link on a row navigates to the entity log","webkit","Tue Aug 25 18:41:58 UTC 2026","passed","Tue Aug 25 18:42:17 UTC 2026","Issued Checks — Smoke (Continued)","specs\Smoke\4-IssuedChecksSmoke.spec.ts","",""
"","5805","Validate Login functionality with emptyFields","msedge","Tue Aug 25 18:48:14 UTC 2026","passed","Tue Aug 25 18:48:19 UTC 2026","","specs\Smoke\1-LoginSmoke.spec.ts","",""
"","10975","ACH page loads correctly","firefox","Tue Aug 25 18:41:52 UTC 2026","passed","Tue Aug 25 18:42:03 UTC 2026","Application Navigation Smoke Tests","specs\Smoke\2-NavigationSmoke.spec.ts","",""
"","7500","Verify navigation to Exceptions via nav menu","chromium","Tue Aug 25 18:33:39 UTC 2026","passed","Tue Aug 25 18:33:46 UTC 2026","Home Dashboard","specs\Smoke\3-HomeDashboardSmoke.spec.ts","",""
"","15465","Branding sub-page loads correctly","webkit","Tue Aug 25 18:32:08 UTC 2026","passed","Tue Aug 25 18:32:23 UTC 2026","Application Navigation Smoke Tests","specs\Smoke\2-NavigationSmoke.spec.ts","",""
"","16749","""Uploaded ACH"" navigates to the uploads page","firefox","Tue Aug 25 18:53:46 UTC 2026","passed","Tue Aug 25 18:54:03 UTC 2026","ACH — Smoke","specs\Smoke\7-ACHSmoke.spec.ts","",""
"","16678","Issued Checks breadcrumb link is visible on the page","webkit","Tue Aug 25 18:42:39 UTC 2026","passed","Tue Aug 25 18:42:55 UTC 2026","Issued Checks — Smoke (Continued)","specs\Smoke\4-IssuedChecksSmoke.spec.ts","",""
"","8932","""Uploaded Checks"" navigates to the uploads page","msedge","Tue Aug 25 18:52:04 UTC 2026","passed","Tue Aug 25 18:52:13 UTC 2026","Presented Checks — Smoke","specs\Smoke\5-PresentedChecksSmoke.spec.ts","",""
"","13487","Home page is accessible and shows dashboard","msedge","Tue Aug 25 18:47:39 UTC 2026","passed","Tue Aug 25 18:47:53 UTC 2026","Application Navigation Smoke Tests","specs\Smoke\2-NavigationSmoke.spec.ts","",""
"","20435","Search box filters grid and clears correctly","webkit","Tue Aug 25 18:37:28 UTC 2026","passed","Tue Aug 25 18:37:49 UTC 2026","Issued Checks — Smoke","specs\Smoke\4-IssuedChecksSmoke.spec.ts","",""
"","19219","Previous page button returns to page 1, First page button re-enables disabled state","firefox","Tue Aug 25 18:55:47 UTC 2026","passed","Tue Aug 25 18:56:06 UTC 2026","ACH — Smoke","specs\Smoke\7-ACHSmoke.spec.ts","",""
"","17839","Exception History grid loads with data rows and key column headers","webkit","Tue Aug 25 18:43:37 UTC 2026","passed","Tue Aug 25 18:43:55 UTC 2026","Exceptions — Smoke","specs\Smoke\8-ExceptionsSmoke.spec.ts","",""
"","5529","Validate Login functionality with missingUsername","chromium","Tue Aug 25 18:30:06 UTC 2026","passed","Tue Aug 25 18:30:11 UTC 2026","","specs\Smoke\1-LoginSmoke.spec.ts","",""
"","12233","""Edit"" link on a row navigates to the check edit form","chromium","Tue Aug 25 18:36:16 UTC 2026","passed","Tue Aug 25 18:36:28 UTC 2026","Issued Checks — Smoke (Continued)","specs\Smoke\4-IssuedChecksSmoke.spec.ts","",""
"","33613","Save a filter preset, verify it is auto-selected, then delete it","webkit","Tue Aug 25 18:40:45 UTC 2026","passed","Tue Aug 25 18:41:18 UTC 2026","Presented Checks — Smoke (Continued)","specs\Smoke\5-PresentedChecksSmoke.spec.ts","",""
"","9494","Page size change to 10 updates pagination info in bottom-right pager","msedge","Tue Aug 25 18:52:31 UTC 2026","passed","Tue Aug 25 18:52:40 UTC 2026","Issued Checks — Smoke","specs\Smoke\4-IssuedChecksSmoke.spec.ts","",""
"","17153","Page size change to 10 updates pagination info in bottom-right pager","firefox","Tue Aug 25 18:49:25 UTC 2026","passed","Tue Aug 25 18:49:43 UTC 2026","Presented Checks — Smoke","specs\Smoke\5-PresentedChecksSmoke.spec.ts","",""
"","9989","Clicking a column header sorts ascending, clicking again sorts descending","chromium","Tue Aug 25 18:39:36 UTC 2026","passed","Tue Aug 25 18:39:46 UTC 2026","Exceptions — Smoke (Continued)","specs\Smoke\8-ExceptionsSmoke.spec.ts","",""
"","4402","Pre-Decisions page loads with either records or the empty-state message","chromium","Tue Aug 25 18:41:02 UTC 2026","passed","Tue Aug 25 18:41:06 UTC 2026","Exceptions — Smoke (Continued)","specs\Smoke\8-ExceptionsSmoke.spec.ts","",""
"","6788","Verify Combined View shows all chart sections","msedge","Tue Aug 25 18:49:31 UTC 2026","passed","Tue Aug 25 18:49:38 UTC 2026","Home Dashboard","specs\Smoke\3-HomeDashboardSmoke.spec.ts","",""
"","18249","Users sub-page loads correctly","webkit","Tue Aug 25 18:31:36 UTC 2026","passed","Tue Aug 25 18:31:54 UTC 2026","Application Navigation Smoke Tests","specs\Smoke\2-NavigationSmoke.spec.ts","",""
"","16026","Validate teller presented-check form shows all required fields","firefox","Tue Aug 25 18:52:57 UTC 2026","passed","Tue Aug 25 18:53:13 UTC 2026","Teller - Smoke","specs\Smoke\6-TellerSmoke.spec.ts","",""
"","9179","Verify Check Only tab shows Check-specific chart sections","chromium","Tue Aug 25 18:31:37 UTC 2026","passed","Tue Aug 25 18:31:46 UTC 2026","Home Dashboard","specs\Smoke\3-HomeDashboardSmoke.spec.ts","",""
"","6928","Verify navigation to Issued Checks via nav menu","msedge","Tue Aug 25 18:51:07 UTC 2026","passed","Tue Aug 25 18:51:14 UTC 2026","Home Dashboard","specs\Smoke\3-HomeDashboardSmoke.spec.ts","",""
"","7912","Exceptions breadcrumb link is visible on the page","chromium","Tue Aug 25 18:40:21 UTC 2026","passed","Tue Aug 25 18:40:28 UTC 2026","Exceptions — Smoke (Continued)","specs\Smoke\8-ExceptionsSmoke.spec.ts","",""
"","9055","Default filter auto-applies after logout and re-login","msedge","Tue Aug 25 18:53:36 UTC 2026","skipped","Tue Aug 25 18:53:45 UTC 2026","Presented Checks — Default Filter (Serial)","specs\Smoke\5-PresentedChecksSmoke.spec.ts","",""
"","10871","Last page arrow jumps to the final page","msedge","Tue Aug 25 18:56:41 UTC 2026","passed","Tue Aug 25 18:56:52 UTC 2026","ACH — Smoke","specs\Smoke\7-ACHSmoke.spec.ts","",""
"","10494","""View"" link on a row opens the Exception Details dialog","chromium","Tue Aug 25 18:39:58 UTC 2026","passed","Tue Aug 25 18:40:09 UTC 2026","Exceptions — Smoke (Continued)","specs\Smoke\8-ExceptionsSmoke.spec.ts","",""
"","5750","Validate Login functionality with invalidEmailFormat","firefox","Tue Aug 25 18:41:20 UTC 2026","passed","Tue Aug 25 18:41:25 UTC 2026","","specs\Smoke\1-LoginSmoke.spec.ts","",""
"","11219","Validate Login functionality with correctCredentials","msedge","Tue Aug 25 18:47:39 UTC 2026","passed","Tue Aug 25 18:47:51 UTC 2026","","specs\Smoke\1-LoginSmoke.spec.ts","",""
"","18433","Excel export button is visible and enabled","webkit","Tue Aug 25 18:44:34 UTC 2026","passed","Tue Aug 25 18:44:52 UTC 2026","ACH — Smoke","specs\Smoke\7-ACHSmoke.spec.ts","",""
"","10181","Exceptions page loads correctly","firefox","Tue Aug 25 18:42:03 UTC 2026","passed","Tue Aug 25 18:42:14 UTC 2026","Application Navigation Smoke Tests","specs\Smoke\2-NavigationSmoke.spec.ts","",""
"","12660","Validate Login functionality with missingPassword","webkit","Tue Aug 25 18:30:20 UTC 2026","passed","Tue Aug 25 18:30:33 UTC 2026","","specs\Smoke\1-LoginSmoke.spec.ts","",""
"","15669","Users sub-page loads correctly","firefox","Tue Aug 25 18:43:22 UTC 2026","passed","Tue Aug 25 18:43:38 UTC 2026","Application Navigation Smoke Tests","specs\Smoke\2-NavigationSmoke.spec.ts","",""
"","11063","Search box filters grid and clears correctly","msedge","Tue Aug 25 18:52:10 UTC 2026","passed","Tue Aug 25 18:52:21 UTC 2026","Issued Checks — Smoke","specs\Smoke\4-IssuedChecksSmoke.spec.ts","",""
"","20404","Previous page button returns to page 1, First page button re-enables disabled state","firefox","Tue Aug 25 18:56:06 UTC 2026","passed","Tue Aug 25 18:56:26 UTC 2026","Exceptions — Smoke","specs\Smoke\8-ExceptionsSmoke.spec.ts","",""
"","9451","Search box filters grid and clears correctly","chromium","Tue Aug 25 18:37:40 UTC 2026","passed","Tue Aug 25 18:37:50 UTC 2026","Exceptions — Smoke","specs\Smoke\8-ExceptionsSmoke.spec.ts","",""
"","7384","Verify delayed data note and force refresh link are visible on dashboard","msedge","Tue Aug 25 18:50:37 UTC 2026","passed","Tue Aug 25 18:50:44 UTC 2026","Home Dashboard","specs\Smoke\3-HomeDashboardSmoke.spec.ts","",""
"","11378","Last page arrow jumps to the final page","chromium","Tue Aug 25 18:34:59 UTC 2026","passed","Tue Aug 25 18:35:10 UTC 2026","Presented Checks — Smoke","specs\Smoke\5-PresentedChecksSmoke.spec.ts","",""
"","13735","Default filter auto-applies after logout and re-login","webkit","Tue Aug 25 18:46:37 UTC 2026","skipped","Tue Aug 25 18:46:51 UTC 2026","Exceptions — Default Filter (Serial)","specs\Smoke\8-ExceptionsSmoke.spec.ts","",""
"","17029","Next page arrow advances to page 2","firefox","Tue Aug 25 18:49:43 UTC 2026","passed","Tue Aug 25 18:50:00 UTC 2026","Presented Checks — Smoke","specs\Smoke\5-PresentedChecksSmoke.spec.ts","",""
"","27130","Previous page button returns to page 1, First page button re-enables disabled state","webkit","Tue Aug 25 18:46:12 UTC 2026","passed","Tue Aug 25 18:46:39 UTC 2026","ACH — Smoke","specs\Smoke\7-ACHSmoke.spec.ts","",""
"","10289","Page size change to 10 updates pagination info in bottom-right pager","chromium","Tue Aug 25 18:34:16 UTC 2026","passed","Tue Aug 25 18:34:27 UTC 2026","Issued Checks — Smoke","specs\Smoke\4-IssuedChecksSmoke.spec.ts","",""
"","15382","Last page arrow jumps to the final page","firefox","Tue Aug 25 18:55:15 UTC 2026","passed","Tue Aug 25 18:55:31 UTC 2026","ACH — Smoke","specs\Smoke\7-ACHSmoke.spec.ts","",""
"","6218","ACH breadcrumb link is visible on the page","chromium","Tue Aug 25 18:40:35 UTC 2026","passed","Tue Aug 25 18:40:42 UTC 2026","ACH — Smoke","specs\Smoke\7-ACHSmoke.spec.ts","",""
"","5923","Validate unauthenticated access to protected route is redirected to login","firefox","Tue Aug 25 18:42:50 UTC 2026","passed","Tue Aug 25 18:42:56 UTC 2026","","specs\Smoke\1-LoginSmoke.spec.ts","",""
"","7501","Teller page loads correctly","chromium","Tue Aug 25 18:29:56 UTC 2026","passed","Tue Aug 25 18:30:03 UTC 2026","Application Navigation Smoke Tests","specs\Smoke\2-NavigationSmoke.spec.ts","",""
"","10665","""Edit"" link on a row navigates to the check edit form","msedge","Tue Aug 25 18:54:24 UTC 2026","passed","Tue Aug 25 18:54:35 UTC 2026","Issued Checks — Smoke (Continued)","specs\Smoke\4-IssuedChecksSmoke.spec.ts","",""
"","16722","Save a filter preset, verify it is auto-selected, then delete it","chromium","Tue Aug 25 18:39:20 UTC 2026","passed","Tue Aug 25 18:39:36 UTC 2026","Exceptions — Smoke (Continued)","specs\Smoke\8-ExceptionsSmoke.spec.ts","",""
"","17998","Verify navigation to ACH via nav menu","firefox","Tue Aug 25 18:46:32 UTC 2026","passed","Tue Aug 25 18:46:50 UTC 2026","Home Dashboard","specs\Smoke\3-HomeDashboardSmoke.spec.ts","",""
"","11467","Search box filters grid and clears correctly","chromium","Tue Aug 25 18:33:56 UTC 2026","passed","Tue Aug 25 18:34:08 UTC 2026","Issued Checks — Smoke","specs\Smoke\4-IssuedChecksSmoke.spec.ts","",""
"","11311","Column filter popup applies a filter and Clear restores the full row set","chromium","Tue Aug 25 18:36:37 UTC 2026","passed","Tue Aug 25 18:36:48 UTC 2026","Presented Checks — Smoke (Continued)","specs\Smoke\5-PresentedChecksSmoke.spec.ts","",""
"","32837","Pay/Return decision badge navigates to exception history","webkit","Tue Aug 25 18:49:11 UTC 2026","passed","Tue Aug 25 18:49:44 UTC 2026","ACH — Smoke","specs\Smoke\7-ACHSmoke.spec.ts","",""
"","15280","Clicking a column header sorts ascending, clicking again sorts descending","firefox","Tue Aug 25 18:51:48 UTC 2026","passed","Tue Aug 25 18:52:03 UTC 2026","Presented Checks — Smoke (Continued)","specs\Smoke\5-PresentedChecksSmoke.spec.ts","",""
"","16465","Last page arrow jumps to the final page","msedge","Tue Aug 25 18:56:24 UTC 2026","passed","Tue Aug 25 18:56:40 UTC 2026","Exceptions — Smoke","specs\Smoke\8-ExceptionsSmoke.spec.ts","",""
"","14418","Verify delayed data note and force refresh link are visible on dashboard","firefox","Tue Aug 25 18:45:10 UTC 2026","passed","Tue Aug 25 18:45:25 UTC 2026","Home Dashboard","specs\Smoke\3-HomeDashboardSmoke.spec.ts","",""
"","18495","Validate Login functionality with caseSensitiveEmail","firefox","Tue Aug 25 18:40:49 UTC 2026","passed","Tue Aug 25 18:41:08 UTC 2026","","specs\Smoke\1-LoginSmoke.spec.ts","",""
"","16798","File Formats sub-page loads correctly","firefox","Tue Aug 25 18:44:50 UTC 2026","passed","Tue Aug 25 18:45:07 UTC 2026","Application Navigation Smoke Tests","specs\Smoke\2-NavigationSmoke.spec.ts","",""
"","6226","Validate Login functionality with sqlInjection","firefox","Tue Aug 25 18:41:40 UTC 2026","passed","Tue Aug 25 18:41:46 UTC 2026","","specs\Smoke\1-LoginSmoke.spec.ts","",""
"","7900","Verify ACH Only tab shows ACH-specific chart sections","msedge","Tue Aug 25 18:49:46 UTC 2026","passed","Tue Aug 25 18:49:54 UTC 2026","Home Dashboard","specs\Smoke\3-HomeDashboardSmoke.spec.ts","",""
"","13225","Column filter popup applies a filter and Clear restores the full row set","msedge","Tue Aug 25 18:54:11 UTC 2026","passed","Tue Aug 25 18:54:24 UTC 2026","Issued Checks — Smoke (Continued)","specs\Smoke\4-IssuedChecksSmoke.spec.ts","",""
"","18881","Saved Filters dropdown is visible and defaults to no preset","webkit","Tue Aug 25 18:46:18 UTC 2026","passed","Tue Aug 25 18:46:37 UTC 2026","Exceptions — Smoke","specs\Smoke\8-ExceptionsSmoke.spec.ts","",""
"","17173","Holiday Schedules sub-page loads correctly","webkit","Tue Aug 25 18:32:56 UTC 2026","passed","Tue Aug 25 18:33:13 UTC 2026","Application Navigation Smoke Tests","specs\Smoke\2-NavigationSmoke.spec.ts","",""
"","13465","Next page arrow advances to page 2","msedge","Tue Aug 25 18:56:27 UTC 2026","passed","Tue Aug 25 18:56:41 UTC 2026","ACH — Smoke","specs\Smoke\7-ACHSmoke.spec.ts","",""
"","25666","Previous page button returns to page 1, First page button re-enables disabled state","webkit","Tue Aug 25 18:39:21 UTC 2026","passed","Tue Aug 25 18:39:46 UTC 2026","Issued Checks — Smoke","specs\Smoke\4-IssuedChecksSmoke.spec.ts","",""
"","7838","Verify Combined View shows all chart sections","chromium","Tue Aug 25 18:31:29 UTC 2026","passed","Tue Aug 25 18:31:37 UTC 2026","Home Dashboard","specs\Smoke\3-HomeDashboardSmoke.spec.ts","",""
"","15125","""Edit"" link on a row navigates to the check edit form","firefox","Tue Aug 25 18:51:48 UTC 2026","passed","Tue Aug 25 18:52:03 UTC 2026","Issued Checks — Smoke (Continued)","specs\Smoke\4-IssuedChecksSmoke.spec.ts","",""
"","20606","Search box filters grid and clears correctly","webkit","Tue Aug 25 18:44:13 UTC 2026","passed","Tue Aug 25 18:44:34 UTC 2026","ACH — Smoke","specs\Smoke\7-ACHSmoke.spec.ts","",""
"","8970","Validate teller presented-check form shows all required fields","msedge","Tue Aug 25 18:55:05 UTC 2026","passed","Tue Aug 25 18:55:14 UTC 2026","Teller - Smoke","specs\Smoke\6-TellerSmoke.spec.ts","",""
"","9164","File Formats sub-page loads correctly","msedge","Tue Aug 25 18:49:56 UTC 2026","passed","Tue Aug 25 18:50:05 UTC 2026","Application Navigation Smoke Tests","specs\Smoke\2-NavigationSmoke.spec.ts","",""
"","11340","""View"" (Change Log) link on a row navigates to the entity log","msedge","Tue Aug 25 18:54:35 UTC 2026","passed","Tue Aug 25 18:54:47 UTC 2026","Presented Checks — Smoke (Continued)","specs\Smoke\5-PresentedChecksSmoke.spec.ts","",""
"","7917","""Uploaded Checks"" navigates to the uploads page","chromium","Tue Aug 25 18:34:10 UTC 2026","passed","Tue Aug 25 18:34:18 UTC 2026","Presented Checks — Smoke","specs\Smoke\5-PresentedChecksSmoke.spec.ts","",""
"","19309","Last page arrow jumps to the final page","webkit","Tue Aug 25 18:45:13 UTC 2026","passed","Tue Aug 25 18:45:33 UTC 2026","Exceptions — Smoke","specs\Smoke\8-ExceptionsSmoke.spec.ts","",""
"","8225","Validate Login functionality with incorrectPassword","webkit","Tue Aug 25 18:29:44 UTC 2026","passed","Tue Aug 25 18:29:52 UTC 2026","","specs\Smoke\1-LoginSmoke.spec.ts","",""
"","9004","Verify Home dashboard is restored after returning from another page","msedge","Tue Aug 25 18:50:58 UTC 2026","passed","Tue Aug 25 18:51:07 UTC 2026","Home Dashboard","specs\Smoke\3-HomeDashboardSmoke.spec.ts","",""
"","8698","Issued Checks page loads correctly","chromium","Tue Aug 25 18:29:40 UTC 2026","passed","Tue Aug 25 18:29:48 UTC 2026","Application Navigation Smoke Tests","specs\Smoke\2-NavigationSmoke.spec.ts","",""
"","24386","Column filter popup applies a filter and Clear restores the full row set","webkit","Tue Aug 25 18:41:40 UTC 2026","passed","Tue Aug 25 18:42:05 UTC 2026","Presented Checks — Smoke (Continued)","specs\Smoke\5-PresentedChecksSmoke.spec.ts","",""
"","17551","Search box filters grid and clears correctly","firefox","Tue Aug 25 18:54:03 UTC 2026","passed","Tue Aug 25 18:54:21 UTC 2026","ACH — Smoke","specs\Smoke\7-ACHSmoke.spec.ts","",""
"","11044","Saved Filters dropdown is visible and defaults to no preset","chromium","Tue Aug 25 18:35:35 UTC 2026","passed","Tue Aug 25 18:35:47 UTC 2026","Presented Checks — Smoke","specs\Smoke\5-PresentedChecksSmoke.spec.ts","",""
"","18471","System Log sub-page loads correctly","firefox","Tue Aug 25 18:46:47 UTC 2026","passed","Tue Aug 25 18:47:06 UTC 2026","Application Navigation Smoke Tests","specs\Smoke\2-NavigationSmoke.spec.ts","",""
"","14723","Decision Files sub-page loads correctly","firefox","Tue Aug 25 18:44:17 UTC 2026","passed","Tue Aug 25 18:44:32 UTC 2026","Application Navigation Smoke Tests","specs\Smoke\2-NavigationSmoke.spec.ts","",""
"","11313","""Edit"" link on a row navigates to the check edit form","msedge","Tue Aug 25 18:54:24 UTC 2026","passed","Tue Aug 25 18:54:35 UTC 2026","Presented Checks — Smoke (Continued)","specs\Smoke\5-PresentedChecksSmoke.spec.ts","",""
"","18620","Next page arrow advances to page 2","webkit","Tue Aug 25 18:38:48 UTC 2026","passed","Tue Aug 25 18:39:07 UTC 2026","Presented Checks — Smoke","specs\Smoke\5-PresentedChecksSmoke.spec.ts","",""
"","20050","Previous page button returns to page 1, First page button re-enables disabled state","firefox","Tue Aug 25 18:50:32 UTC 2026","passed","Tue Aug 25 18:50:53 UTC 2026","Presented Checks — Smoke","specs\Smoke\5-PresentedChecksSmoke.spec.ts","",""
"","14827","Notification Log sub-page loads correctly","firefox","Tue Aug 25 18:46:16 UTC 2026","passed","Tue Aug 25 18:46:31 UTC 2026","Application Navigation Smoke Tests","specs\Smoke\2-NavigationSmoke.spec.ts","",""
"","26756","Decision badge on an already-reviewed row is blocked with a system message","webkit","Tue Aug 25 18:48:42 UTC 2026","passed","Tue Aug 25 18:49:08 UTC 2026","Exceptions — Smoke (Continued)","specs\Smoke\8-ExceptionsSmoke.spec.ts","",""
"","26488","Default filter auto-applies after logout and re-login","chromium","Tue Aug 25 18:38:53 UTC 2026","passed","Tue Aug 25 18:39:20 UTC 2026","Exceptions — Default Filter (Serial)","specs\Smoke\8-ExceptionsSmoke.spec.ts","",""
"","6739","Validate forgot password functionality","chromium","Tue Aug 25 18:30:31 UTC 2026","passed","Tue Aug 25 18:30:37 UTC 2026","","specs\Smoke\1-LoginSmoke.spec.ts","",""
"","8340","Saved Filters dropdown is visible and defaults to no preset","chromium","Tue Aug 25 18:38:45 UTC 2026","passed","Tue Aug 25 18:38:53 UTC 2026","Exceptions — Smoke","specs\Smoke\8-ExceptionsSmoke.spec.ts","",""
"","26201","Column filter popup applies a filter and Clear restores the full row set","webkit","Tue Aug 25 18:48:06 UTC 2026","passed","Tue Aug 25 18:48:33 UTC 2026","ACH — Smoke","specs\Smoke\7-ACHSmoke.spec.ts","",""
"","19901","Column filter popup applies a filter and Clear restores the full row set","firefox","Tue Aug 25 18:52:03 UTC 2026","passed","Tue Aug 25 18:52:23 UTC 2026","Presented Checks — Smoke (Continued)","specs\Smoke\5-PresentedChecksSmoke.spec.ts","",""
"","18101","Verify Home dashboard is restored after returning from another page","firefox","Tue Aug 25 18:45:49 UTC 2026","passed","Tue Aug 25 18:46:07 UTC 2026","Home Dashboard","specs\Smoke\3-HomeDashboardSmoke.spec.ts","",""
"","10346","""+ Add ACH"" navigates to the add-ACH form","msedge","Tue Aug 25 18:55:30 UTC 2026","passed","Tue Aug 25 18:55:40 UTC 2026","ACH — Smoke","specs\Smoke\7-ACHSmoke.spec.ts","",""
"","18248","""Delete"" on a row shows a confirm modal; Cancel dismisses it without deleting","firefox","Tue Aug 25 18:52:19 UTC 2026","passed","Tue Aug 25 18:52:38 UTC 2026","Issued Checks — Smoke (Continued)","specs\Smoke\4-IssuedChecksSmoke.spec.ts","",""
"","8711","Open Exceptions page loads with either exception cards or the empty-state message","chromium","Tue Aug 25 18:40:40 UTC 2026","passed","Tue Aug 25 18:40:49 UTC 2026","Exceptions — Smoke (Continued)","specs\Smoke\8-ExceptionsSmoke.spec.ts","",""
"","18001","Presented Checks breadcrumb link is visible on the page","webkit","Tue Aug 25 18:43:19 UTC 2026","passed","Tue Aug 25 18:43:37 UTC 2026","Presented Checks — Smoke (Continued)","specs\Smoke\5-PresentedChecksSmoke.spec.ts","",""
"","32917","Save a filter preset, verify it is auto-selected, then delete it","webkit","Tue Aug 25 18:46:51 UTC 2026","passed","Tue Aug 25 18:47:24 UTC 2026","Exceptions — Smoke (Continued)","specs\Smoke\8-ExceptionsSmoke.spec.ts","",""
"","20939","Column filter popup applies a filter and Clear restores the full row set","firefox","Tue Aug 25 18:51:27 UTC 2026","passed","Tue Aug 25 18:51:48 UTC 2026","Issued Checks — Smoke (Continued)","specs\Smoke\4-IssuedChecksSmoke.spec.ts","",""
"","9281","Grid loads with data rows and key column headers","chromium","Tue Aug 25 18:33:53 UTC 2026","passed","Tue Aug 25 18:34:03 UTC 2026","Presented Checks — Smoke","specs\Smoke\5-PresentedChecksSmoke.spec.ts","",""
"","19480","Next page arrow advances to page 2","webkit","Tue Aug 25 18:38:23 UTC 2026","passed","Tue Aug 25 18:38:42 UTC 2026","Issued Checks — Smoke","specs\Smoke\4-IssuedChecksSmoke.spec.ts","",""
"","8187","Grid View toggle navigates to the open-exceptions grid and shows key column headers","chromium","Tue Aug 25 18:40:49 UTC 2026","passed","Tue Aug 25 18:40:57 UTC 2026","Exceptions — Smoke (Continued)","specs\Smoke\8-ExceptionsSmoke.spec.ts","",""
"","7844","Teller page loads correctly","msedge","Tue Aug 25 18:48:11 UTC 2026","passed","Tue Aug 25 18:48:19 UTC 2026","Application Navigation Smoke Tests","specs\Smoke\2-NavigationSmoke.spec.ts","",""
"","15070","Previous page button returns to page 1, First page button re-enables disabled state","chromium","Tue Aug 25 18:35:20 UTC 2026","passed","Tue Aug 25 18:35:35 UTC 2026","Presented Checks — Smoke","specs\Smoke\5-PresentedChecksSmoke.spec.ts","",""
"","26112","Column filter popup applies a filter and Clear restores the full row set","webkit","Tue Aug 25 18:41:14 UTC 2026","passed","Tue Aug 25 18:41:40 UTC 2026","Issued Checks — Smoke (Continued)","specs\Smoke\4-IssuedChecksSmoke.spec.ts","",""
"","11150","""Delete"" on a row shows a confirm modal; Cancel dismisses it without deleting","msedge","Tue Aug 25 18:54:47 UTC 2026","passed","Tue Aug 25 18:54:58 UTC 2026","Presented Checks — Smoke (Continued)","specs\Smoke\5-PresentedChecksSmoke.spec.ts","",""
"","20652","Validate forgot password functionality","firefox","Tue Aug 25 18:42:05 UTC 2026","passed","Tue Aug 25 18:42:25 UTC 2026","","specs\Smoke\1-LoginSmoke.spec.ts","",""
"","10650","Validate Login functionality with correctCredentials","chromium","Tue Aug 25 18:29:28 UTC 2026","passed","Tue Aug 25 18:29:38 UTC 2026","","specs\Smoke\1-LoginSmoke.spec.ts","",""
"","13735","Verify navigation to Issued Checks via nav menu","webkit","Tue Aug 25 18:35:37 UTC 2026","passed","Tue Aug 25 18:35:51 UTC 2026","Home Dashboard","specs\Smoke\3-HomeDashboardSmoke.spec.ts","",""
"","18404","Web Hooks sub-page loads correctly","webkit","Tue Aug 25 18:36:16 UTC 2026","passed","Tue Aug 25 18:36:34 UTC 2026","Application Navigation Smoke Tests","specs\Smoke\2-NavigationSmoke.spec.ts","",""
"","5068","Validate Login functionality with veryLongInput","msedge","Tue Aug 25 18:48:40 UTC 2026","passed","Tue Aug 25 18:48:45 UTC 2026","","specs\Smoke\1-LoginSmoke.spec.ts","",""
"","8735","Excel export button is visible and enabled","chromium","Tue Aug 25 18:34:08 UTC 2026","passed","Tue Aug 25 18:34:16 UTC 2026","Issued Checks — Smoke","specs\Smoke\4-IssuedChecksSmoke.spec.ts","",""
"","22861","Clicking a column header sorts ascending, clicking again sorts descending","webkit","Tue Aug 25 18:40:51 UTC 2026","passed","Tue Aug 25 18:41:14 UTC 2026","Issued Checks — Smoke (Continued)","specs\Smoke\4-IssuedChecksSmoke.spec.ts","",""
"","19838","Clicking a column header sorts ascending, clicking again sorts descending","firefox","Tue Aug 25 18:57:07 UTC 2026","passed","Tue Aug 25 18:57:27 UTC 2026","ACH — Smoke","specs\Smoke\7-ACHSmoke.spec.ts","",""
"","11052","Typing a page number navigates to that page","chromium","Tue Aug 25 18:38:16 UTC 2026","passed","Tue Aug 25 18:38:27 UTC 2026","ACH — Smoke","specs\Smoke\7-ACHSmoke.spec.ts","",""
"","10364","""Delete"" on a row shows a confirm modal; Cancel dismisses it without deleting","msedge","Tue Aug 25 18:58:31 UTC 2026","passed","Tue Aug 25 18:58:42 UTC 2026","ACH — Smoke","specs\Smoke\7-ACHSmoke.spec.ts","",""
"","7548","""+ Add Check"" navigates to the add-check form","chromium","Tue Aug 25 18:34:03 UTC 2026","passed","Tue Aug 25 18:34:10 UTC 2026","Presented Checks — Smoke","specs\Smoke\5-PresentedChecksSmoke.spec.ts","",""
"","17702","Verify Check Only tab shows Check-specific chart sections","firefox","Tue Aug 25 18:43:23 UTC 2026","passed","Tue Aug 25 18:43:41 UTC 2026","Home Dashboard","specs\Smoke\3-HomeDashboardSmoke.spec.ts","",""
"","9630","""Uploaded ACH"" navigates to the uploads page","msedge","Tue Aug 25 18:55:40 UTC 2026","passed","Tue Aug 25 18:55:50 UTC 2026","ACH — Smoke","specs\Smoke\7-ACHSmoke.spec.ts","",""
"","9178","Users sub-page loads correctly","chromium","Tue Aug 25 18:30:42 UTC 2026","passed","Tue Aug 25 18:30:51 UTC 2026","Application Navigation Smoke Tests","specs\Smoke\2-NavigationSmoke.spec.ts","",""
"","9757","Last page arrow jumps to the final page","chromium","Tue Aug 25 18:34:36 UTC 2026","passed","Tue Aug 25 18:34:46 UTC 2026","Issued Checks — Smoke","specs\Smoke\4-IssuedChecksSmoke.spec.ts","",""
"","4077","Validate Login functionality with invalidEmailFormat","chromium","Tue Aug 25 18:29:53 UTC 2026","passed","Tue Aug 25 18:29:57 UTC 2026","","specs\Smoke\1-LoginSmoke.spec.ts","",""
"","7161","Roles/Permissions sub-page loads correctly","msedge","Tue Aug 25 18:49:12 UTC 2026","passed","Tue Aug 25 18:49:19 UTC 2026","Application Navigation Smoke Tests","specs\Smoke\2-NavigationSmoke.spec.ts","",""
"","20613","Search box filters grid and clears correctly","webkit","Tue Aug 25 18:37:49 UTC 2026","passed","Tue Aug 25 18:38:09 UTC 2026","Presented Checks — Smoke","specs\Smoke\5-PresentedChecksSmoke.spec.ts","",""
"","9544","Verify summary KPI values have expected number formats","firefox","Tue Aug 25 18:45:01 UTC 2026","passed","Tue Aug 25 18:45:10 UTC 2026","Home Dashboard","specs\Smoke\3-HomeDashboardSmoke.spec.ts","",""
"","25571","Default filter auto-applies after logout and re-login","chromium","Tue Aug 25 18:35:47 UTC 2026","passed","Tue Aug 25 18:36:12 UTC 2026","Presented Checks — Default Filter (Serial)","specs\Smoke\5-PresentedChecksSmoke.spec.ts","",""
"","19824","""Delete"" on a row shows a confirm modal; Cancel dismisses it without deleting","webkit","Tue Aug 25 18:42:41 UTC 2026","passed","Tue Aug 25 18:43:01 UTC 2026","Presented Checks — Smoke (Continued)","specs\Smoke\5-PresentedChecksSmoke.spec.ts","",""
"","14893","Save a filter preset, verify it is auto-selected, then delete it","msedge","Tue Aug 25 18:57:27 UTC 2026","passed","Tue Aug 25 18:57:42 UTC 2026","Exceptions — Smoke (Continued)","specs\Smoke\8-ExceptionsSmoke.spec.ts","",""
"","11813","Search box filters grid and clears correctly","msedge","Tue Aug 25 18:55:50 UTC 2026","passed","Tue Aug 25 18:56:02 UTC 2026","ACH — Smoke","specs\Smoke\7-ACHSmoke.spec.ts","",""
"","13771","Default filter auto-applies after logout and re-login","msedge","Tue Aug 25 18:57:13 UTC 2026","skipped","Tue Aug 25 18:57:27 UTC 2026","Exceptions — Default Filter (Serial)","specs\Smoke\8-ExceptionsSmoke.spec.ts","",""
"","14928","Page size change to 10 updates pagination info in bottom-right pager","firefox","Tue Aug 25 18:54:42 UTC 2026","passed","Tue Aug 25 18:54:57 UTC 2026","ACH — Smoke","specs\Smoke\7-ACHSmoke.spec.ts","",""
"","11944","Column filter menu applies a filter and Clear restores the full row set","chromium","Tue Aug 25 18:39:47 UTC 2026","passed","Tue Aug 25 18:39:58 UTC 2026","Exceptions — Smoke (Continued)","specs\Smoke\8-ExceptionsSmoke.spec.ts","",""
"","17034","Saved Filters dropdown is visible and defaults to no preset","firefox","Tue Aug 25 18:56:06 UTC 2026","passed","Tue Aug 25 18:56:23 UTC 2026","ACH — Smoke","specs\Smoke\7-ACHSmoke.spec.ts","",""
"","8516","Verify Total Exceptions and Total Exception Amount labels are visible","chromium","Tue Aug 25 18:32:28 UTC 2026","passed","Tue Aug 25 18:32:37 UTC 2026","Home Dashboard","specs\Smoke\3-HomeDashboardSmoke.spec.ts","",""
"","14089","Verify dashboard footer footnote and privacy link are visible","webkit","Tue Aug 25 18:34:51 UTC 2026","passed","Tue Aug 25 18:35:05 UTC 2026","Home Dashboard","specs\Smoke\3-HomeDashboardSmoke.spec.ts","",""
"","4133","Validate Login functionality with missingPassword","chromium","Tue Aug 25 18:30:01 UTC 2026","passed","Tue Aug 25 18:30:06 UTC 2026","","specs\Smoke\1-LoginSmoke.spec.ts","",""
"","15742","Verify tab-specific charts are hidden for opposite tab","firefox","Tue Aug 25 18:44:33 UTC 2026","passed","Tue Aug 25 18:44:49 UTC 2026","Home Dashboard","specs\Smoke\3-HomeDashboardSmoke.spec.ts","",""
"","8043","Account Settings sub-page loads correctly","chromium","Tue Aug 25 18:30:25 UTC 2026","passed","Tue Aug 25 18:30:33 UTC 2026","Application Navigation Smoke Tests","specs\Smoke\2-NavigationSmoke.spec.ts","",""
"","18041","Search box filters grid and clears correctly","firefox","Tue Aug 25 18:48:53 UTC 2026","passed","Tue Aug 25 18:49:11 UTC 2026","Presented Checks — Smoke","specs\Smoke\5-PresentedChecksSmoke.spec.ts","",""
"","6973","Verify navigation to ACH via nav menu","chromium","Tue Aug 25 18:33:32 UTC 2026","passed","Tue Aug 25 18:33:39 UTC 2026","Home Dashboard","specs\Smoke\3-HomeDashboardSmoke.spec.ts","",""
"","17955","""Edit"" link on a row navigates to the check edit form","webkit","Tue Aug 25 18:42:05 UTC 2026","passed","Tue Aug 25 18:42:23 UTC 2026","Presented Checks — Smoke (Continued)","specs\Smoke\5-PresentedChecksSmoke.spec.ts","",""
"","16087","Decision Files sub-page loads correctly","webkit","Tue Aug 25 18:32:40 UTC 2026","passed","Tue Aug 25 18:32:56 UTC 2026","Application Navigation Smoke Tests","specs\Smoke\2-NavigationSmoke.spec.ts","",""
