"DESCRIPTION","DURATION IN MS","NAME","PARENT SUITE","START TIME","STATUS","STOP TIME","SUB SUITE","SUITE","TEST CLASS","TEST METHOD"
"","9654","Validate session persists after page refresh","chromium","Fri Oct 09 10:26:54 UTC 2026","passed","Fri Oct 09 10:27:04 UTC 2026","Login — Smoke > Session & Security","specs\Smoke\1-LoginSmoke.spec.ts","",""
"","9408","""Delete"" on a row shows a confirm modal; Cancel dismisses it without deleting","chromium","Fri Oct 09 10:31:09 UTC 2026","passed","Fri Oct 09 10:31:19 UTC 2026","Issued Checks — Smoke > Row Actions","specs\Smoke\4-IssuedChecksSmoke.spec.ts","",""
"","18727","Search box filters grid and clears correctly","firefox","Fri Oct 09 10:23:28 UTC 2026","passed","Fri Oct 09 10:23:47 UTC 2026","Exceptions — Smoke > Exception History > Toolbar","specs\Smoke\8-ExceptionsSmoke.spec.ts","",""
"","5997","Next page arrow advances to page 2","msedge","Fri Oct 09 10:17:30 UTC 2026","passed","Fri Oct 09 10:17:36 UTC 2026","ACH — Smoke > Pagination","specs\Smoke\7-ACHSmoke.spec.ts","",""
"","5683","Saved Filters dropdown is visible and defaults to no preset","chromium","Fri Oct 09 10:31:19 UTC 2026","passed","Fri Oct 09 10:31:25 UTC 2026","Presented Checks — Smoke > Saved Filters","specs\Smoke\5-PresentedChecksSmoke.spec.ts","",""
"","19311","Save a filter preset, verify it is auto-selected, then delete it","firefox","Fri Oct 09 10:19:39 UTC 2026","passed","Fri Oct 09 10:19:59 UTC 2026","Issued Checks — Smoke > Saved Filters","specs\Smoke\4-IssuedChecksSmoke.spec.ts","",""
"","9740","Default Decision Log sub-page loads correctly","webkit","Fri Oct 09 10:13:46 UTC 2026","passed","Fri Oct 09 10:13:55 UTC 2026","Application Navigation Smoke Tests > Settings Sub-navigation","specs\Smoke\2-NavigationSmoke.spec.ts","",""
"","8949","""Delete"" on a row shows a confirm modal; Cancel dismisses it without deleting","chromium","Fri Oct 09 10:34:11 UTC 2026","passed","Fri Oct 09 10:34:20 UTC 2026","ACH — Smoke > Row Actions","specs\Smoke\7-ACHSmoke.spec.ts","",""
"","22166","Verify Check Only tab shows Check-specific chart sections","firefox","Fri Oct 09 10:15:01 UTC 2026","passed","Fri Oct 09 10:15:24 UTC 2026","Home Dashboard > Dashboard Chart Headings","specs\Smoke\3-HomeDashboardSmoke.spec.ts","",""
"","8434","Notification Log sub-page loads correctly","webkit","Fri Oct 09 10:13:37 UTC 2026","passed","Fri Oct 09 10:13:46 UTC 2026","Application Navigation Smoke Tests > Settings Sub-navigation","specs\Smoke\2-NavigationSmoke.spec.ts","",""
"","6399","Saved Filters dropdown is visible and defaults to no preset","chromium","Fri Oct 09 10:34:05 UTC 2026","passed","Fri Oct 09 10:34:12 UTC 2026","Exceptions — Smoke > Exception History > Saved Filters","specs\Smoke\8-ExceptionsSmoke.spec.ts","",""
"","14385","Column filter popup applies a filter and Clear restores the full row set","firefox","Fri Oct 09 10:21:47 UTC 2026","passed","Fri Oct 09 10:22:01 UTC 2026","Presented Checks — Smoke > Column Filter","specs\Smoke\5-PresentedChecksSmoke.spec.ts","",""
"","11321","Verify navigation to Exceptions via nav menu","firefox","Fri Oct 09 10:18:01 UTC 2026","passed","Fri Oct 09 10:18:13 UTC 2026","Home Dashboard > Navigation from Dashboard","specs\Smoke\3-HomeDashboardSmoke.spec.ts","",""
"","12751","Typing a page number navigates to that page","webkit","Fri Oct 09 10:19:09 UTC 2026","passed","Fri Oct 09 10:19:21 UTC 2026","Presented Checks — Smoke > Pagination","specs\Smoke\5-PresentedChecksSmoke.spec.ts","",""
"","5516","""+ Add ACH"" navigates to the add-ACH form","msedge","Fri Oct 09 10:16:57 UTC 2026","passed","Fri Oct 09 10:17:02 UTC 2026","ACH — Smoke > Navigation","specs\Smoke\7-ACHSmoke.spec.ts","",""
"","10819","Excel export button is visible and enabled","webkit","Fri Oct 09 10:22:20 UTC 2026","passed","Fri Oct 09 10:22:31 UTC 2026","Exceptions — Smoke > Exception History > Toolbar","specs\Smoke\8-ExceptionsSmoke.spec.ts","",""
"","9860","""Uploaded Checks"" navigates to the uploads page","webkit","Fri Oct 09 10:18:09 UTC 2026","passed","Fri Oct 09 10:18:19 UTC 2026","Presented Checks — Smoke > Navigation","specs\Smoke\5-PresentedChecksSmoke.spec.ts","",""
"","13184","Search box filters grid and clears correctly","firefox","Fri Oct 09 10:22:51 UTC 2026","passed","Fri Oct 09 10:23:05 UTC 2026","ACH — Smoke > Toolbar","specs\Smoke\7-ACHSmoke.spec.ts","",""
"","17576","Column filter popup applies a filter and Clear restores the full row set","firefox","Fri Oct 09 10:25:26 UTC 2026","passed","Fri Oct 09 10:25:43 UTC 2026","ACH — Smoke > Column Filter","specs\Smoke\7-ACHSmoke.spec.ts","",""
"","5311","Validate Login functionality with veryLongInput","msedge","Fri Oct 09 10:12:22 UTC 2026","passed","Fri Oct 09 10:12:28 UTC 2026","Login — Smoke > Login","specs\Smoke\1-LoginSmoke.spec.ts","",""
"","10195","Typing a page number navigates to that page","firefox","Fri Oct 09 10:20:18 UTC 2026","passed","Fri Oct 09 10:20:28 UTC 2026","Presented Checks — Smoke > Pagination","specs\Smoke\5-PresentedChecksSmoke.spec.ts","",""
"","4483","Pre-Decisions page loads with either records or the empty-state message","firefox","Fri Oct 09 10:27:26 UTC 2026","passed","Fri Oct 09 10:27:31 UTC 2026","Exceptions — Smoke > Pre-Decisions","specs\Smoke\8-ExceptionsSmoke.spec.ts","",""
"","7304","Page size change to 10 updates pagination info in bottom-right pager","msedge","Fri Oct 09 10:18:04 UTC 2026","passed","Fri Oct 09 10:18:11 UTC 2026","Exceptions — Smoke > Exception History > Pagination","specs\Smoke\8-ExceptionsSmoke.spec.ts","",""
"","7075","Column filter menu applies a filter and Clear restores the full row set","chromium","Fri Oct 09 10:34:59 UTC 2026","passed","Fri Oct 09 10:35:06 UTC 2026","Exceptions — Smoke > Exception History > Column Filter","specs\Smoke\8-ExceptionsSmoke.spec.ts","",""
"","12010","Verify tab-specific charts are hidden for opposite tab","firefox","Fri Oct 09 10:16:02 UTC 2026","passed","Fri Oct 09 10:16:14 UTC 2026","Home Dashboard > Dashboard Chart Headings","specs\Smoke\3-HomeDashboardSmoke.spec.ts","",""
"","13433","""Uploaded ACH"" navigates to the uploads page","firefox","Fri Oct 09 10:22:38 UTC 2026","passed","Fri Oct 09 10:22:51 UTC 2026","ACH — Smoke > Navigation","specs\Smoke\7-ACHSmoke.spec.ts","",""
"","13041","API link is visible and points to swagger","firefox","Fri Oct 09 10:16:25 UTC 2026","passed","Fri Oct 09 10:16:38 UTC 2026","Application Navigation Smoke Tests > Settings Sub-navigation","specs\Smoke\2-NavigationSmoke.spec.ts","",""
"","11703","Default filter auto-applies after logout and re-login","firefox","Fri Oct 09 10:19:59 UTC 2026","skipped","Fri Oct 09 10:20:11 UTC 2026","Issued Checks — Smoke > Saved Filters > Default Filter","specs\Smoke\4-IssuedChecksSmoke.spec.ts","",""
"","16321","Previous page button returns to page 1, First page button re-enables disabled state","firefox","Fri Oct 09 10:24:12 UTC 2026","passed","Fri Oct 09 10:24:28 UTC 2026","ACH — Smoke > Pagination","specs\Smoke\7-ACHSmoke.spec.ts","",""
"","9176","Validate forgot password functionality","webkit","Fri Oct 09 10:12:14 UTC 2026","passed","Fri Oct 09 10:12:23 UTC 2026","Login — Smoke > Forgot Password","specs\Smoke\1-LoginSmoke.spec.ts","",""
"","8435","Saved Filters dropdown is visible and defaults to no preset","chromium","Fri Oct 09 10:29:56 UTC 2026","passed","Fri Oct 09 10:30:04 UTC 2026","Issued Checks — Smoke > Saved Filters","specs\Smoke\4-IssuedChecksSmoke.spec.ts","",""
"","5735","Navigation tabs to Pre-Decisions, Approvals, and Exception History are visible","webkit","Fri Oct 09 10:25:02 UTC 2026","passed","Fri Oct 09 10:25:08 UTC 2026","Exceptions — Smoke > Open Exceptions","specs\Smoke\8-ExceptionsSmoke.spec.ts","",""
"","6455","Page size change to 10 updates pagination info in bottom-right pager","chromium","Fri Oct 09 10:30:39 UTC 2026","passed","Fri Oct 09 10:30:46 UTC 2026","Presented Checks — Smoke > Pagination","specs\Smoke\5-PresentedChecksSmoke.spec.ts","",""
"","8120","Validate forgot password functionality with No email","firefox","Fri Oct 09 10:13:34 UTC 2026","passed","Fri Oct 09 10:13:43 UTC 2026","Login — Smoke > Forgot Password","specs\Smoke\1-LoginSmoke.spec.ts","",""
"","7804","Account Settings sub-page loads correctly","webkit","Fri Oct 09 10:11:43 UTC 2026","passed","Fri Oct 09 10:11:51 UTC 2026","Application Navigation Smoke Tests > Settings Sub-navigation","specs\Smoke\2-NavigationSmoke.spec.ts","",""
"","6988","Verify navigation to ACH via nav menu","msedge","Fri Oct 09 10:14:47 UTC 2026","passed","Fri Oct 09 10:14:54 UTC 2026","Home Dashboard > Navigation from Dashboard","specs\Smoke\3-HomeDashboardSmoke.spec.ts","",""
"","4036","Pre-Decisions page loads with either records or the empty-state message","chromium","Fri Oct 09 10:35:46 UTC 2026","passed","Fri Oct 09 10:35:50 UTC 2026","Exceptions — Smoke > Pre-Decisions","specs\Smoke\8-ExceptionsSmoke.spec.ts","",""
"","10650","Validate Login functionality with missingUsername","webkit","Fri Oct 09 10:11:40 UTC 2026","passed","Fri Oct 09 10:11:50 UTC 2026","Login — Smoke > Login","specs\Smoke\1-LoginSmoke.spec.ts","",""
"","7703","Grid loads with data rows and key column headers","chromium","Fri Oct 09 10:31:40 UTC 2026","passed","Fri Oct 09 10:31:48 UTC 2026","ACH — Smoke > Grid","specs\Smoke\7-ACHSmoke.spec.ts","",""
"","7131","Default Decision Log sub-page loads correctly","msedge","Fri Oct 09 10:13:34 UTC 2026","passed","Fri Oct 09 10:13:41 UTC 2026","Application Navigation Smoke Tests > Settings Sub-navigation","specs\Smoke\2-NavigationSmoke.spec.ts","",""
"","23679","Save a filter preset, verify it is auto-selected, then delete it","webkit","Fri Oct 09 10:17:44 UTC 2026","passed","Fri Oct 09 10:18:08 UTC 2026","Issued Checks — Smoke > Saved Filters","specs\Smoke\4-IssuedChecksSmoke.spec.ts","",""
"","6243","Saved Filters dropdown is visible and defaults to no preset","chromium","Fri Oct 09 10:33:01 UTC 2026","passed","Fri Oct 09 10:33:08 UTC 2026","ACH — Smoke > Saved Filters","specs\Smoke\7-ACHSmoke.spec.ts","",""
"","9259","Search box filters grid and clears correctly","chromium","Fri Oct 09 10:33:07 UTC 2026","passed","Fri Oct 09 10:33:17 UTC 2026","Exceptions — Smoke > Exception History > Toolbar","specs\Smoke\8-ExceptionsSmoke.spec.ts","",""
"","12742","""Delete"" on a row shows a confirm modal; Cancel dismisses it without deleting","firefox","Fri Oct 09 10:21:12 UTC 2026","passed","Fri Oct 09 10:21:25 UTC 2026","Issued Checks — Smoke > Row Actions","specs\Smoke\4-IssuedChecksSmoke.spec.ts","",""
"","11801","Verify Combined View shows all chart sections","webkit","Fri Oct 09 10:13:33 UTC 2026","passed","Fri Oct 09 10:13:45 UTC 2026","Home Dashboard > Dashboard Chart Headings","specs\Smoke\3-HomeDashboardSmoke.spec.ts","",""
"","5106","Holiday Schedules sub-page loads correctly","msedge","Fri Oct 09 10:12:50 UTC 2026","passed","Fri Oct 09 10:12:55 UTC 2026","Application Navigation Smoke Tests > Settings Sub-navigation","specs\Smoke\2-NavigationSmoke.spec.ts","",""
"","10935","Validate Login functionality with xssInUsername","firefox","Fri Oct 09 10:13:11 UTC 2026","passed","Fri Oct 09 10:13:21 UTC 2026","Login — Smoke > Login","specs\Smoke\1-LoginSmoke.spec.ts","",""
"","6553","""View"" (Change Log) link on a row navigates to the entity log","chromium","Fri Oct 09 10:31:03 UTC 2026","passed","Fri Oct 09 10:31:09 UTC 2026","Issued Checks — Smoke > Row Actions","specs\Smoke\4-IssuedChecksSmoke.spec.ts","",""
"","5143","Approvals page loads with either records or the empty-state message","firefox","Fri Oct 09 10:27:21 UTC 2026","passed","Fri Oct 09 10:27:26 UTC 2026","Exceptions — Smoke > Approvals","specs\Smoke\8-ExceptionsSmoke.spec.ts","",""
"","13982","""Delete"" on a row shows a confirm modal; Cancel dismisses it without deleting","webkit","Fri Oct 09 10:19:07 UTC 2026","passed","Fri Oct 09 10:19:21 UTC 2026","Issued Checks — Smoke > Row Actions","specs\Smoke\4-IssuedChecksSmoke.spec.ts","",""
"","8029","Check Approval Rules sub-page loads correctly","webkit","Fri Oct 09 10:13:15 UTC 2026","passed","Fri Oct 09 10:13:23 UTC 2026","Application Navigation Smoke Tests > Settings Sub-navigation","specs\Smoke\2-NavigationSmoke.spec.ts","",""
"","8617","Validate Login functionality with caseSensitiveEmail","msedge","Fri Oct 09 10:11:30 UTC 2026","passed","Fri Oct 09 10:11:38 UTC 2026","Login — Smoke > Login","specs\Smoke\1-LoginSmoke.spec.ts","",""
"","11263","Next page arrow advances to page 2","webkit","Fri Oct 09 10:22:43 UTC 2026","passed","Fri Oct 09 10:22:54 UTC 2026","Exceptions — Smoke > Exception History > Pagination","specs\Smoke\8-ExceptionsSmoke.spec.ts","",""
"","9753","Verify navigation to ACH via nav menu","chromium","Fri Oct 09 10:29:18 UTC 2026","passed","Fri Oct 09 10:29:28 UTC 2026","Home Dashboard > Navigation from Dashboard","specs\Smoke\3-HomeDashboardSmoke.spec.ts","",""
"","5104","Validate Login functionality with incorrectPassword","chromium","Fri Oct 09 10:25:53 UTC 2026","passed","Fri Oct 09 10:25:58 UTC 2026","Login — Smoke > Login","specs\Smoke\1-LoginSmoke.spec.ts","",""
"","5389","ACH page loads correctly","msedge","Fri Oct 09 10:11:56 UTC 2026","passed","Fri Oct 09 10:12:01 UTC 2026","Application Navigation Smoke Tests > Top-level Navigation","specs\Smoke\2-NavigationSmoke.spec.ts","",""
"","11593","Last page arrow jumps to the final page","webkit","Fri Oct 09 10:16:58 UTC 2026","passed","Fri Oct 09 10:17:09 UTC 2026","Issued Checks — Smoke > Pagination","specs\Smoke\4-IssuedChecksSmoke.spec.ts","",""
"","6812","Exceptions page loads correctly","webkit","Fri Oct 09 10:11:29 UTC 2026","passed","Fri Oct 09 10:11:36 UTC 2026","Application Navigation Smoke Tests > Top-level Navigation","specs\Smoke\2-NavigationSmoke.spec.ts","",""
"","9789","Next page arrow advances to page 2","webkit","Fri Oct 09 10:18:48 UTC 2026","passed","Fri Oct 09 10:18:58 UTC 2026","Presented Checks — Smoke > Pagination","specs\Smoke\5-PresentedChecksSmoke.spec.ts","",""
"","4567","Validate Login functionality with incorrectUsername","chromium","Fri Oct 09 10:25:58 UTC 2026","passed","Fri Oct 09 10:26:02 UTC 2026","Login — Smoke > Login","specs\Smoke\1-LoginSmoke.spec.ts","",""
"","3994","Exceptions breadcrumb link is visible on the page","msedge","Fri Oct 09 10:19:34 UTC 2026","passed","Fri Oct 09 10:19:38 UTC 2026","Exceptions — Smoke > Exception History > Breadcrumb","specs\Smoke\8-ExceptionsSmoke.spec.ts","",""
"","9455","Column filter menu applies a filter and Clear restores the full row set","webkit","Fri Oct 09 10:24:27 UTC 2026","passed","Fri Oct 09 10:24:36 UTC 2026","Exceptions — Smoke > Exception History > Column Filter","specs\Smoke\8-ExceptionsSmoke.spec.ts","",""
"","5125","Validate Login functionality with xssInUsername","msedge","Fri Oct 09 10:12:17 UTC 2026","passed","Fri Oct 09 10:12:22 UTC 2026","Login — Smoke > Login","specs\Smoke\1-LoginSmoke.spec.ts","",""
"","5256","Presented Checks page loads correctly","chromium","Fri Oct 09 10:25:56 UTC 2026","passed","Fri Oct 09 10:26:02 UTC 2026","Application Navigation Smoke Tests > Top-level Navigation","specs\Smoke\2-NavigationSmoke.spec.ts","",""
"","7356","Last page arrow jumps to the final page","msedge","Fri Oct 09 10:18:19 UTC 2026","passed","Fri Oct 09 10:18:27 UTC 2026","Exceptions — Smoke > Exception History > Pagination","specs\Smoke\8-ExceptionsSmoke.spec.ts","",""
"","7007","Typing a page number navigates to that page","chromium","Fri Oct 09 10:33:48 UTC 2026","passed","Fri Oct 09 10:33:55 UTC 2026","Exceptions — Smoke > Exception History > Pagination","specs\Smoke\8-ExceptionsSmoke.spec.ts","",""
"","5187","Billing Reports sub-page loads correctly","msedge","Fri Oct 09 10:12:38 UTC 2026","passed","Fri Oct 09 10:12:43 UTC 2026","Application Navigation Smoke Tests > Settings Sub-navigation","specs\Smoke\2-NavigationSmoke.spec.ts","",""
"","13676","Next page arrow advances to page 2","firefox","Fri Oct 09 10:18:28 UTC 2026","passed","Fri Oct 09 10:18:42 UTC 2026","Issued Checks — Smoke > Pagination","specs\Smoke\4-IssuedChecksSmoke.spec.ts","",""
"","9736","Previous page button returns to page 1, First page button re-enables disabled state","msedge","Fri Oct 09 10:17:48 UTC 2026","passed","Fri Oct 09 10:17:58 UTC 2026","ACH — Smoke > Pagination","specs\Smoke\7-ACHSmoke.spec.ts","",""
"","6079","Grid loads with data rows and key column headers","msedge","Fri Oct 09 10:16:40 UTC 2026","passed","Fri Oct 09 10:16:46 UTC 2026","ACH — Smoke > Grid","specs\Smoke\7-ACHSmoke.spec.ts","",""
"","13515","Issued Checks breadcrumb link is visible on the page","webkit","Fri Oct 09 10:19:21 UTC 2026","passed","Fri Oct 09 10:19:35 UTC 2026","Issued Checks — Smoke > Breadcrumb","specs\Smoke\4-IssuedChecksSmoke.spec.ts","",""
"","11075","""View"" (Change Log) link on a row navigates to the entity log","webkit","Fri Oct 09 10:18:56 UTC 2026","passed","Fri Oct 09 10:19:07 UTC 2026","Issued Checks — Smoke > Row Actions","specs\Smoke\4-IssuedChecksSmoke.spec.ts","",""
"","7796","Users sub-page loads correctly","webkit","Fri Oct 09 10:11:59 UTC 2026","passed","Fri Oct 09 10:12:07 UTC 2026","Application Navigation Smoke Tests > Settings Sub-navigation","specs\Smoke\2-NavigationSmoke.spec.ts","",""
"","10569","Grid loads with data rows and key column headers","chromium","Fri Oct 09 10:29:45 UTC 2026","passed","Fri Oct 09 10:29:55 UTC 2026","Presented Checks — Smoke > Grid","specs\Smoke\5-PresentedChecksSmoke.spec.ts","",""
"","6804","File Formats sub-page loads correctly","firefox","Fri Oct 09 10:14:54 UTC 2026","passed","Fri Oct 09 10:15:01 UTC 2026","Application Navigation Smoke Tests > Settings Sub-navigation","specs\Smoke\2-NavigationSmoke.spec.ts","",""
"","12218","Clicking a column header sorts ascending, clicking again sorts descending","webkit","Fri Oct 09 10:24:15 UTC 2026","passed","Fri Oct 09 10:24:27 UTC 2026","Exceptions — Smoke > Exception History > Sorting","specs\Smoke\8-ExceptionsSmoke.spec.ts","",""
"","12623","Save a filter preset, verify it is auto-selected, then delete it","chromium","Fri Oct 09 10:31:25 UTC 2026","passed","Fri Oct 09 10:31:38 UTC 2026","Presented Checks — Smoke > Saved Filters","specs\Smoke\5-PresentedChecksSmoke.spec.ts","",""
"","5726","Verify navigation to Exceptions via nav menu","msedge","Fri Oct 09 10:14:54 UTC 2026","passed","Fri Oct 09 10:14:59 UTC 2026","Home Dashboard > Navigation from Dashboard","specs\Smoke\3-HomeDashboardSmoke.spec.ts","",""
"","5988","""Edit"" link on a row navigates to the check edit form","msedge","Fri Oct 09 10:16:59 UTC 2026","passed","Fri Oct 09 10:17:05 UTC 2026","Presented Checks — Smoke > Row Actions","specs\Smoke\5-PresentedChecksSmoke.spec.ts","",""
"","5364","Branding sub-page loads correctly","chromium","Fri Oct 09 10:26:44 UTC 2026","passed","Fri Oct 09 10:26:49 UTC 2026","Application Navigation Smoke Tests > Settings Sub-navigation","specs\Smoke\2-NavigationSmoke.spec.ts","",""
"","9816","Search box filters grid and clears correctly","chromium","Fri Oct 09 10:28:48 UTC 2026","passed","Fri Oct 09 10:28:58 UTC 2026","Issued Checks — Smoke > Toolbar","specs\Smoke\4-IssuedChecksSmoke.spec.ts","",""
"","8227","Saved Filters dropdown is visible and defaults to no preset","webkit","Fri Oct 09 10:19:39 UTC 2026","passed","Fri Oct 09 10:19:47 UTC 2026","Presented Checks — Smoke > Saved Filters","specs\Smoke\5-PresentedChecksSmoke.spec.ts","",""
"","22356","Clicking a column header sorts ascending, clicking again sorts descending","firefox","Fri Oct 09 10:25:50 UTC 2026","passed","Fri Oct 09 10:26:13 UTC 2026","Exceptions — Smoke > Exception History > Sorting","specs\Smoke\8-ExceptionsSmoke.spec.ts","",""
"","17109","Column filter popup applies a filter and Clear restores the full row set","firefox","Fri Oct 09 10:20:27 UTC 2026","passed","Fri Oct 09 10:20:44 UTC 2026","Issued Checks — Smoke > Column Filter","specs\Smoke\4-IssuedChecksSmoke.spec.ts","",""
"","18908","Save a filter preset, verify it is auto-selected, then delete it","firefox","Fri Oct 09 10:24:42 UTC 2026","passed","Fri Oct 09 10:25:01 UTC 2026","ACH — Smoke > Saved Filters","specs\Smoke\7-ACHSmoke.spec.ts","",""
"","3228","Automatic ACH Decision Rules sub-page loads correctly","msedge","Fri Oct 09 10:13:17 UTC 2026","passed","Fri Oct 09 10:13:20 UTC 2026","Application Navigation Smoke Tests > Settings Sub-navigation","specs\Smoke\2-NavigationSmoke.spec.ts","",""
"","7233","Validate teller presented-check form shows all required fields","chromium","Fri Oct 09 10:31:25 UTC 2026","passed","Fri Oct 09 10:31:32 UTC 2026","Teller — Smoke > Add Check Form","specs\Smoke\6-TellerSmoke.spec.ts","",""
"","7331","System Log sub-page loads correctly","msedge","Fri Oct 09 10:13:41 UTC 2026","passed","Fri Oct 09 10:13:48 UTC 2026","Application Navigation Smoke Tests > Settings Sub-navigation","specs\Smoke\2-NavigationSmoke.spec.ts","",""
"","7435","Verify chart title changes with selected tab","msedge","Fri Oct 09 10:13:41 UTC 2026","passed","Fri Oct 09 10:13:48 UTC 2026","Home Dashboard > Dashboard Chart Headings","specs\Smoke\3-HomeDashboardSmoke.spec.ts","",""
"","5845","Automatic Check Decision Rules sub-page loads correctly","msedge","Fri Oct 09 10:13:06 UTC 2026","passed","Fri Oct 09 10:13:12 UTC 2026","Application Navigation Smoke Tests > Settings Sub-navigation","specs\Smoke\2-NavigationSmoke.spec.ts","",""
"","5860","Verify navigation to Settings via nav menu","msedge","Fri Oct 09 10:14:59 UTC 2026","passed","Fri Oct 09 10:15:05 UTC 2026","Home Dashboard > Navigation from Dashboard","specs\Smoke\3-HomeDashboardSmoke.spec.ts","",""
"","9695","Excel export button is visible and enabled","chromium","Fri Oct 09 10:28:58 UTC 2026","passed","Fri Oct 09 10:29:08 UTC 2026","Issued Checks — Smoke > Toolbar","specs\Smoke\4-IssuedChecksSmoke.spec.ts","",""
"","10177","Excel export button is visible and enabled","webkit","Fri Oct 09 10:18:30 UTC 2026","passed","Fri Oct 09 10:18:40 UTC 2026","Presented Checks — Smoke > Toolbar","specs\Smoke\5-PresentedChecksSmoke.spec.ts","",""
"","6409","Validate Login functionality with incorrectUsername","firefox","Fri Oct 09 10:12:35 UTC 2026","passed","Fri Oct 09 10:12:41 UTC 2026","Login — Smoke > Login","specs\Smoke\1-LoginSmoke.spec.ts","",""
"","6199","API link is visible and points to swagger","msedge","Fri Oct 09 10:13:55 UTC 2026","passed","Fri Oct 09 10:14:01 UTC 2026","Application Navigation Smoke Tests > Settings Sub-navigation","specs\Smoke\2-NavigationSmoke.spec.ts","",""
"","8301","Next page arrow advances to page 2","msedge","Fri Oct 09 10:18:11 UTC 2026","passed","Fri Oct 09 10:18:19 UTC 2026","Exceptions — Smoke > Exception History > Pagination","specs\Smoke\8-ExceptionsSmoke.spec.ts","",""
"","6412","""Edit"" link on a row navigates to the check edit form","chromium","Fri Oct 09 10:32:16 UTC 2026","passed","Fri Oct 09 10:32:23 UTC 2026","Presented Checks — Smoke > Row Actions","specs\Smoke\5-PresentedChecksSmoke.spec.ts","",""
"","6276","Typing a page number navigates to that page","msedge","Fri Oct 09 10:17:42 UTC 2026","passed","Fri Oct 09 10:17:48 UTC 2026","ACH — Smoke > Pagination","specs\Smoke\7-ACHSmoke.spec.ts","",""
"","5051","Validate forgot password with unregistered email","chromium","Fri Oct 09 10:26:49 UTC 2026","passed","Fri Oct 09 10:26:54 UTC 2026","Login — Smoke > Forgot Password","specs\Smoke\1-LoginSmoke.spec.ts","",""
"","17146","Typing a page number navigates to that page","firefox","Fri Oct 09 10:23:54 UTC 2026","passed","Fri Oct 09 10:24:12 UTC 2026","ACH — Smoke > Pagination","specs\Smoke\7-ACHSmoke.spec.ts","",""
"","16690","Previous page button returns to page 1, First page button re-enables disabled state","webkit","Fri Oct 09 10:21:52 UTC 2026","passed","Fri Oct 09 10:22:08 UTC 2026","ACH — Smoke > Pagination","specs\Smoke\7-ACHSmoke.spec.ts","",""
"","10041","Page size change to 10 updates pagination info in bottom-right pager","webkit","Fri Oct 09 10:21:07 UTC 2026","passed","Fri Oct 09 10:21:17 UTC 2026","ACH — Smoke > Pagination","specs\Smoke\7-ACHSmoke.spec.ts","",""
"","10101","Excel export button is visible and enabled","msedge","Fri Oct 09 10:15:36 UTC 2026","passed","Fri Oct 09 10:15:47 UTC 2026","Presented Checks — Smoke > Toolbar","specs\Smoke\5-PresentedChecksSmoke.spec.ts","",""
"","5177","System Log sub-page loads correctly","chromium","Fri Oct 09 10:27:53 UTC 2026","passed","Fri Oct 09 10:27:58 UTC 2026","Application Navigation Smoke Tests > Settings Sub-navigation","specs\Smoke\2-NavigationSmoke.spec.ts","",""
"","14249","""Uploaded Checks"" navigates to the uploads page","firefox","Fri Oct 09 10:17:28 UTC 2026","passed","Fri Oct 09 10:17:42 UTC 2026","Issued Checks — Smoke > Navigation","specs\Smoke\4-IssuedChecksSmoke.spec.ts","",""
"","6038","Verify Total Exceptions and Total Exception Amount labels are visible","msedge","Fri Oct 09 10:13:55 UTC 2026","passed","Fri Oct 09 10:14:01 UTC 2026","Home Dashboard > Summary Stats","specs\Smoke\3-HomeDashboardSmoke.spec.ts","",""
"","7134","Verify Home dashboard is restored after returning from another page","msedge","Fri Oct 09 10:14:26 UTC 2026","passed","Fri Oct 09 10:14:33 UTC 2026","Home Dashboard > Summary Stats","specs\Smoke\3-HomeDashboardSmoke.spec.ts","",""
"","10354","Excel export button is visible and enabled","webkit","Fri Oct 09 10:20:56 UTC 2026","passed","Fri Oct 09 10:21:07 UTC 2026","ACH — Smoke > Toolbar","specs\Smoke\7-ACHSmoke.spec.ts","",""
"","9567","Previous page button returns to page 1, First page button re-enables disabled state","msedge","Fri Oct 09 10:16:14 UTC 2026","passed","Fri Oct 09 10:16:23 UTC 2026","Presented Checks — Smoke > Pagination","specs\Smoke\5-PresentedChecksSmoke.spec.ts","",""
"","22917","Verify dashboard footer footnote and privacy link are visible","webkit","Fri Oct 09 10:15:37 UTC 2026","passed","Fri Oct 09 10:16:00 UTC 2026","Home Dashboard > Summary Stats","specs\Smoke\3-HomeDashboardSmoke.spec.ts","",""
"","9791","Presented Checks breadcrumb link is visible on the page","webkit","Fri Oct 09 10:21:30 UTC 2026","passed","Fri Oct 09 10:21:40 UTC 2026","Presented Checks — Smoke > Breadcrumb","specs\Smoke\5-PresentedChecksSmoke.spec.ts","",""
"","5188","Validate Login functionality with missingPassword","firefox","Fri Oct 09 10:12:51 UTC 2026","passed","Fri Oct 09 10:12:57 UTC 2026","Login — Smoke > Login","specs\Smoke\1-LoginSmoke.spec.ts","",""
"","6505","ACH Approval Rules sub-page loads correctly","msedge","Fri Oct 09 10:13:20 UTC 2026","passed","Fri Oct 09 10:13:27 UTC 2026","Application Navigation Smoke Tests > Settings Sub-navigation","specs\Smoke\2-NavigationSmoke.spec.ts","",""
"","7225","Issued Checks page loads correctly","webkit","Fri Oct 09 10:10:57 UTC 2026","passed","Fri Oct 09 10:11:05 UTC 2026","Application Navigation Smoke Tests > Top-level Navigation","specs\Smoke\2-NavigationSmoke.spec.ts","",""
"","10924","Verify dashboard loads after successful login","firefox","Fri Oct 09 10:14:11 UTC 2026","passed","Fri Oct 09 10:14:22 UTC 2026","Home Dashboard > Page Load","specs\Smoke\3-HomeDashboardSmoke.spec.ts","",""
"","4902","Business Clients sub-page loads correctly","msedge","Fri Oct 09 10:12:17 UTC 2026","passed","Fri Oct 09 10:12:22 UTC 2026","Application Navigation Smoke Tests > Settings Sub-navigation","specs\Smoke\2-NavigationSmoke.spec.ts","",""
"","5330","Validate forgot password functionality with No email","chromium","Fri Oct 09 10:26:44 UTC 2026","passed","Fri Oct 09 10:26:49 UTC 2026","Login — Smoke > Forgot Password","specs\Smoke\1-LoginSmoke.spec.ts","",""
"","9354","Verify navigation to Presented Checks via nav menu","chromium","Fri Oct 09 10:29:08 UTC 2026","passed","Fri Oct 09 10:29:18 UTC 2026","Home Dashboard > Navigation from Dashboard","specs\Smoke\3-HomeDashboardSmoke.spec.ts","",""
"","5170","Validate forgot password functionality","chromium","Fri Oct 09 10:26:38 UTC 2026","passed","Fri Oct 09 10:26:44 UTC 2026","Login — Smoke > Forgot Password","specs\Smoke\1-LoginSmoke.spec.ts","",""
"","21008","Verify Home dashboard is restored after returning from another page","webkit","Fri Oct 09 10:16:22 UTC 2026","passed","Fri Oct 09 10:16:43 UTC 2026","Home Dashboard > Summary Stats","specs\Smoke\3-HomeDashboardSmoke.spec.ts","",""
"","7943","Roles/Permissions sub-page loads correctly","webkit","Fri Oct 09 10:12:07 UTC 2026","passed","Fri Oct 09 10:12:14 UTC 2026","Application Navigation Smoke Tests > Settings Sub-navigation","specs\Smoke\2-NavigationSmoke.spec.ts","",""
"","9877","Web Hooks sub-page loads correctly","firefox","Fri Oct 09 10:16:38 UTC 2026","passed","Fri Oct 09 10:16:48 UTC 2026","Application Navigation Smoke Tests > Settings Sub-navigation","specs\Smoke\2-NavigationSmoke.spec.ts","",""
"","21977","Save a filter preset, verify it is auto-selected, then delete it","webkit","Fri Oct 09 10:19:48 UTC 2026","passed","Fri Oct 09 10:20:09 UTC 2026","Presented Checks — Smoke > Saved Filters","specs\Smoke\5-PresentedChecksSmoke.spec.ts","",""
"","6898","Verify tab-specific charts are hidden for opposite tab","msedge","Fri Oct 09 10:13:48 UTC 2026","passed","Fri Oct 09 10:13:55 UTC 2026","Home Dashboard > Dashboard Chart Headings","specs\Smoke\3-HomeDashboardSmoke.spec.ts","",""
"","10859","Notification Templates sub-page loads correctly","firefox","Fri Oct 09 10:15:01 UTC 2026","passed","Fri Oct 09 10:15:12 UTC 2026","Application Navigation Smoke Tests > Settings Sub-navigation","specs\Smoke\2-NavigationSmoke.spec.ts","",""
"","12518","Presented Checks breadcrumb link is visible on the page","firefox","Fri Oct 09 10:22:51 UTC 2026","passed","Fri Oct 09 10:23:04 UTC 2026","Presented Checks — Smoke > Breadcrumb","specs\Smoke\5-PresentedChecksSmoke.spec.ts","",""
"","7025","Presented Checks page loads correctly","msedge","Fri Oct 09 10:11:43 UTC 2026","passed","Fri Oct 09 10:11:50 UTC 2026","Application Navigation Smoke Tests > Top-level Navigation","specs\Smoke\2-NavigationSmoke.spec.ts","",""
"","22819","Grid loads with data rows and key column headers","webkit","Fri Oct 09 10:14:34 UTC 2026","passed","Fri Oct 09 10:14:57 UTC 2026","Issued Checks — Smoke > Grid","specs\Smoke\4-IssuedChecksSmoke.spec.ts","",""
"","7807","Next page arrow advances to page 2","msedge","Fri Oct 09 10:15:52 UTC 2026","passed","Fri Oct 09 10:16:00 UTC 2026","Presented Checks — Smoke > Pagination","specs\Smoke\5-PresentedChecksSmoke.spec.ts","",""
"","6260","""View"" (Change Log) link on a row navigates to the entity log","chromium","Fri Oct 09 10:34:05 UTC 2026","passed","Fri Oct 09 10:34:11 UTC 2026","ACH — Smoke > Row Actions","specs\Smoke\7-ACHSmoke.spec.ts","",""
"","7006","Clicking a column header sorts ascending, clicking again sorts descending","msedge","Fri Oct 09 10:15:45 UTC 2026","passed","Fri Oct 09 10:15:52 UTC 2026","Issued Checks — Smoke > Sorting","specs\Smoke\4-IssuedChecksSmoke.spec.ts","",""
"","10103","Validate forgot password functionality with No email","webkit","Fri Oct 09 10:12:23 UTC 2026","passed","Fri Oct 09 10:12:34 UTC 2026","Login — Smoke > Forgot Password","specs\Smoke\1-LoginSmoke.spec.ts","",""
"","16367","Validate teller presented-check form shows all required fields","firefox","Fri Oct 09 10:21:33 UTC 2026","passed","Fri Oct 09 10:21:49 UTC 2026","Teller — Smoke > Add Check Form","specs\Smoke\6-TellerSmoke.spec.ts","",""
"","18248","Column filter popup applies a filter and Clear restores the full row set","webkit","Fri Oct 09 10:23:06 UTC 2026","passed","Fri Oct 09 10:23:24 UTC 2026","ACH — Smoke > Column Filter","specs\Smoke\7-ACHSmoke.spec.ts","",""
"","5583","Teller page loads correctly","msedge","Fri Oct 09 10:11:50 UTC 2026","passed","Fri Oct 09 10:11:56 UTC 2026","Application Navigation Smoke Tests > Top-level Navigation","specs\Smoke\2-NavigationSmoke.spec.ts","",""
"","13465","Pay/Return decision badge navigates to exception history","firefox","Fri Oct 09 10:22:38 UTC 2026","passed","Fri Oct 09 10:22:51 UTC 2026","Presented Checks — Smoke > Row Actions","specs\Smoke\5-PresentedChecksSmoke.spec.ts","",""
"","11031","Save a filter preset, verify it is auto-selected, then delete it","msedge","Fri Oct 09 10:16:28 UTC 2026","passed","Fri Oct 09 10:16:39 UTC 2026","Presented Checks — Smoke > Saved Filters","specs\Smoke\5-PresentedChecksSmoke.spec.ts","",""
"","11687","""View"" (Change Log) link on a row navigates to the entity log","firefox","Fri Oct 09 10:22:12 UTC 2026","passed","Fri Oct 09 10:22:24 UTC 2026","Presented Checks — Smoke > Row Actions","specs\Smoke\5-PresentedChecksSmoke.spec.ts","",""
"","15712","Verify profile menu shows My Info and Logout links","firefox","Fri Oct 09 10:16:58 UTC 2026","passed","Fri Oct 09 10:17:14 UTC 2026","Home Dashboard > Summary Stats","specs\Smoke\3-HomeDashboardSmoke.spec.ts","",""
"","6083","Page size change to 10 updates pagination info in bottom-right pager","msedge","Fri Oct 09 10:17:24 UTC 2026","passed","Fri Oct 09 10:17:30 UTC 2026","ACH — Smoke > Pagination","specs\Smoke\7-ACHSmoke.spec.ts","",""
"","7516","Validate unauthenticated access to protected route is redirected to login","webkit","Fri Oct 09 10:12:57 UTC 2026","passed","Fri Oct 09 10:13:04 UTC 2026","Login — Smoke > Session & Security","specs\Smoke\1-LoginSmoke.spec.ts","",""
"","8109","Holiday Schedules sub-page loads correctly","webkit","Fri Oct 09 10:12:40 UTC 2026","passed","Fri Oct 09 10:12:48 UTC 2026","Application Navigation Smoke Tests > Settings Sub-navigation","specs\Smoke\2-NavigationSmoke.spec.ts","",""
"","12058","Validate Login functionality with correctCredentials","webkit","Fri Oct 09 10:10:35 UTC 2026","passed","Fri Oct 09 10:10:47 UTC 2026","Login — Smoke > Login","specs\Smoke\1-LoginSmoke.spec.ts","",""
"","9963","Verify navigation to ACH via nav menu","firefox","Fri Oct 09 10:17:51 UTC 2026","passed","Fri Oct 09 10:18:01 UTC 2026","Home Dashboard > Navigation from Dashboard","specs\Smoke\3-HomeDashboardSmoke.spec.ts","",""
"","25278","Default filter auto-applies after logout and re-login","chromium","Fri Oct 09 10:30:17 UTC 2026","passed","Fri Oct 09 10:30:43 UTC 2026","Issued Checks — Smoke > Saved Filters > Default Filter","specs\Smoke\4-IssuedChecksSmoke.spec.ts","",""
"","20745","Verify delayed data note and force refresh link are visible on dashboard","webkit","Fri Oct 09 10:15:16 UTC 2026","passed","Fri Oct 09 10:15:37 UTC 2026","Home Dashboard > Summary Stats","specs\Smoke\3-HomeDashboardSmoke.spec.ts","",""
"","10452","Verify Total Exceptions and Total Exception Amount labels are visible","firefox","Fri Oct 09 10:16:14 UTC 2026","passed","Fri Oct 09 10:16:24 UTC 2026","Home Dashboard > Summary Stats","specs\Smoke\3-HomeDashboardSmoke.spec.ts","",""
"","12851","Exception History grid loads with data rows and key column headers","webkit","Fri Oct 09 10:21:40 UTC 2026","passed","Fri Oct 09 10:21:53 UTC 2026","Exceptions — Smoke > Exception History > Grid","specs\Smoke\8-ExceptionsSmoke.spec.ts","",""
"","11781","Typing a page number navigates to that page","webkit","Fri Oct 09 10:21:40 UTC 2026","passed","Fri Oct 09 10:21:52 UTC 2026","ACH — Smoke > Pagination","specs\Smoke\7-ACHSmoke.spec.ts","",""
"","11966","Verify summary KPI values have expected number formats","firefox","Fri Oct 09 10:16:24 UTC 2026","passed","Fri Oct 09 10:16:36 UTC 2026","Home Dashboard > Summary Stats","specs\Smoke\3-HomeDashboardSmoke.spec.ts","",""
"","10710","Typing a page number navigates to that page","webkit","Fri Oct 09 10:17:09 UTC 2026","passed","Fri Oct 09 10:17:20 UTC 2026","Issued Checks — Smoke > Pagination","specs\Smoke\4-IssuedChecksSmoke.spec.ts","",""
"","8478","Validate forgot password with unregistered email","webkit","Fri Oct 09 10:12:34 UTC 2026","passed","Fri Oct 09 10:12:42 UTC 2026","Login — Smoke > Forgot Password","specs\Smoke\1-LoginSmoke.spec.ts","",""
"","9072","Validate Login functionality with emptyFields","webkit","Fri Oct 09 10:11:21 UTC 2026","passed","Fri Oct 09 10:11:30 UTC 2026","Login — Smoke > Login","specs\Smoke\1-LoginSmoke.spec.ts","",""
"","11950","Verify navigation to ACH via nav menu","webkit","Fri Oct 09 10:17:05 UTC 2026","passed","Fri Oct 09 10:17:17 UTC 2026","Home Dashboard > Navigation from Dashboard","specs\Smoke\3-HomeDashboardSmoke.spec.ts","",""
"","10377","Previous page button returns to page 1, First page button re-enables disabled state","chromium","Fri Oct 09 10:33:55 UTC 2026","passed","Fri Oct 09 10:34:05 UTC 2026","Exceptions — Smoke > Exception History > Pagination","specs\Smoke\8-ExceptionsSmoke.spec.ts","",""
"","7467","Saved Filters dropdown is visible and defaults to no preset","webkit","Fri Oct 09 10:17:37 UTC 2026","passed","Fri Oct 09 10:17:44 UTC 2026","Issued Checks — Smoke > Saved Filters","specs\Smoke\4-IssuedChecksSmoke.spec.ts","",""
"","6576","ACH Approval Rules sub-page loads correctly","chromium","Fri Oct 09 10:27:33 UTC 2026","passed","Fri Oct 09 10:27:39 UTC 2026","Application Navigation Smoke Tests > Settings Sub-navigation","specs\Smoke\2-NavigationSmoke.spec.ts","",""
"","7685","Notification Templates sub-page loads correctly","webkit","Fri Oct 09 10:12:58 UTC 2026","passed","Fri Oct 09 10:13:06 UTC 2026","Application Navigation Smoke Tests > Settings Sub-navigation","specs\Smoke\2-NavigationSmoke.spec.ts","",""
"","5264","Validate Login functionality with incorrectUsername","msedge","Fri Oct 09 10:11:46 UTC 2026","passed","Fri Oct 09 10:11:51 UTC 2026","Login — Smoke > Login","specs\Smoke\1-LoginSmoke.spec.ts","",""
"","7390","File Processing sub-page loads correctly","chromium","Fri Oct 09 10:27:58 UTC 2026","passed","Fri Oct 09 10:28:06 UTC 2026","Application Navigation Smoke Tests > Settings Sub-navigation","specs\Smoke\2-NavigationSmoke.spec.ts","",""
"","8108","Decision Files sub-page loads correctly","webkit","Fri Oct 09 10:12:32 UTC 2026","passed","Fri Oct 09 10:12:40 UTC 2026","Application Navigation Smoke Tests > Settings Sub-navigation","specs\Smoke\2-NavigationSmoke.spec.ts","",""
"","16357","Pay/Return decision badge navigates to exception history","msedge","Fri Oct 09 10:18:51 UTC 2026","passed","Fri Oct 09 10:19:07 UTC 2026","ACH — Smoke > Row Actions","specs\Smoke\7-ACHSmoke.spec.ts","",""
"","13220","Clicking a column header sorts ascending, clicking again sorts descending","firefox","Fri Oct 09 10:25:13 UTC 2026","passed","Fri Oct 09 10:25:26 UTC 2026","ACH — Smoke > Sorting","specs\Smoke\7-ACHSmoke.spec.ts","",""
"","6007","Verify Combined View shows all chart sections","msedge","Fri Oct 09 10:13:15 UTC 2026","passed","Fri Oct 09 10:13:21 UTC 2026","Home Dashboard > Dashboard Chart Headings","specs\Smoke\3-HomeDashboardSmoke.spec.ts","",""
"","17949","ACH breadcrumb link is visible on the page","firefox","Fri Oct 09 10:26:30 UTC 2026","passed","Fri Oct 09 10:26:48 UTC 2026","ACH — Smoke > Breadcrumb","specs\Smoke\7-ACHSmoke.spec.ts","",""
"","11038","Previous page button returns to page 1, First page button re-enables disabled state","chromium","Fri Oct 09 10:29:45 UTC 2026","passed","Fri Oct 09 10:29:56 UTC 2026","Issued Checks — Smoke > Pagination","specs\Smoke\4-IssuedChecksSmoke.spec.ts","",""
"","11828","Page size change to 10 updates pagination info in bottom-right pager","webkit","Fri Oct 09 10:22:31 UTC 2026","passed","Fri Oct 09 10:22:42 UTC 2026","Exceptions — Smoke > Exception History > Pagination","specs\Smoke\8-ExceptionsSmoke.spec.ts","",""
"","5008","Validate Login functionality with invalidEmailFormat","chromium","Fri Oct 09 10:26:02 UTC 2026","passed","Fri Oct 09 10:26:07 UTC 2026","Login — Smoke > Login","specs\Smoke\1-LoginSmoke.spec.ts","",""
"","14364","Verify chart title changes with selected tab","firefox","Fri Oct 09 10:15:47 UTC 2026","passed","Fri Oct 09 10:16:02 UTC 2026","Home Dashboard > Dashboard Chart Headings","specs\Smoke\3-HomeDashboardSmoke.spec.ts","",""
"","17998","Previous page button returns to page 1, First page button re-enables disabled state","firefox","Fri Oct 09 10:20:29 UTC 2026","passed","Fri Oct 09 10:20:47 UTC 2026","Presented Checks — Smoke > Pagination","specs\Smoke\5-PresentedChecksSmoke.spec.ts","",""
"","5845","Last page arrow jumps to the final page","msedge","Fri Oct 09 10:17:36 UTC 2026","passed","Fri Oct 09 10:17:42 UTC 2026","ACH — Smoke > Pagination","specs\Smoke\7-ACHSmoke.spec.ts","",""
"","13201","""Delete"" on a row shows a confirm modal; Cancel dismisses it without deleting","firefox","Fri Oct 09 10:25:55 UTC 2026","passed","Fri Oct 09 10:26:08 UTC 2026","ACH — Smoke > Row Actions","specs\Smoke\7-ACHSmoke.spec.ts","",""
"","14008","Saved Filters dropdown is visible and defaults to no preset","firefox","Fri Oct 09 10:24:28 UTC 2026","passed","Fri Oct 09 10:24:42 UTC 2026","ACH — Smoke > Saved Filters","specs\Smoke\7-ACHSmoke.spec.ts","",""
"","13426","Search box filters grid and clears correctly","webkit","Fri Oct 09 10:22:06 UTC 2026","passed","Fri Oct 09 10:22:20 UTC 2026","Exceptions — Smoke > Exception History > Toolbar","specs\Smoke\8-ExceptionsSmoke.spec.ts","",""
"","10579","Verify dashboard footer footnote and privacy link are visible","firefox","Fri Oct 09 10:16:48 UTC 2026","passed","Fri Oct 09 10:16:58 UTC 2026","Home Dashboard > Summary Stats","specs\Smoke\3-HomeDashboardSmoke.spec.ts","",""
"","10305","Validate Login functionality with correctCredentials","chromium","Fri Oct 09 10:25:35 UTC 2026","passed","Fri Oct 09 10:25:46 UTC 2026","Login — Smoke > Login","specs\Smoke\1-LoginSmoke.spec.ts","",""
"","8224","ACH Approval Rules sub-page loads correctly","webkit","Fri Oct 09 10:13:29 UTC 2026","passed","Fri Oct 09 10:13:37 UTC 2026","Application Navigation Smoke Tests > Settings Sub-navigation","specs\Smoke\2-NavigationSmoke.spec.ts","",""
"","8858","API link is visible and points to swagger","webkit","Fri Oct 09 10:14:15 UTC 2026","passed","Fri Oct 09 10:14:24 UTC 2026","Application Navigation Smoke Tests > Settings Sub-navigation","specs\Smoke\2-NavigationSmoke.spec.ts","",""
"","5194","Validate Login functionality with missingUsername","chromium","Fri Oct 09 10:26:18 UTC 2026","passed","Fri Oct 09 10:26:23 UTC 2026","Login — Smoke > Login","specs\Smoke\1-LoginSmoke.spec.ts","",""
"","6308","Validate forgot password functionality","firefox","Fri Oct 09 10:13:28 UTC 2026","passed","Fri Oct 09 10:13:34 UTC 2026","Login — Smoke > Forgot Password","specs\Smoke\1-LoginSmoke.spec.ts","",""
"","5257","Validate unauthenticated access to protected route is redirected to login","chromium","Fri Oct 09 10:27:04 UTC 2026","passed","Fri Oct 09 10:27:09 UTC 2026","Login — Smoke > Session & Security","specs\Smoke\1-LoginSmoke.spec.ts","",""
"","18262","""Uploaded Checks"" navigates to the uploads page","firefox","Fri Oct 09 10:18:58 UTC 2026","passed","Fri Oct 09 10:19:16 UTC 2026","Presented Checks — Smoke > Navigation","specs\Smoke\5-PresentedChecksSmoke.spec.ts","",""
"","6624","Decision badge on an already-reviewed row is blocked with a system message","chromium","Fri Oct 09 10:35:13 UTC 2026","passed","Fri Oct 09 10:35:20 UTC 2026","Exceptions — Smoke > Exception History > Row Actions","specs\Smoke\8-ExceptionsSmoke.spec.ts","",""
"","12758","Grid loads with data rows and key column headers","firefox","Fri Oct 09 10:18:24 UTC 2026","passed","Fri Oct 09 10:18:36 UTC 2026","Presented Checks — Smoke > Grid","specs\Smoke\5-PresentedChecksSmoke.spec.ts","",""
"","6607","Validate Login functionality with veryLongInput","firefox","Fri Oct 09 10:13:21 UTC 2026","passed","Fri Oct 09 10:13:28 UTC 2026","Login — Smoke > Login","specs\Smoke\1-LoginSmoke.spec.ts","",""
"","10380","Web Hooks sub-page loads correctly","webkit","Fri Oct 09 10:14:24 UTC 2026","passed","Fri Oct 09 10:14:34 UTC 2026","Application Navigation Smoke Tests > Settings Sub-navigation","specs\Smoke\2-NavigationSmoke.spec.ts","",""
"","11609","Grid loads with data rows and key column headers","webkit","Fri Oct 09 10:19:59 UTC 2026","passed","Fri Oct 09 10:20:11 UTC 2026","ACH — Smoke > Grid","specs\Smoke\7-ACHSmoke.spec.ts","",""
"","7328","""View"" (Change Log) link on a row navigates to the entity log","msedge","Fri Oct 09 10:18:37 UTC 2026","passed","Fri Oct 09 10:18:44 UTC 2026","ACH — Smoke > Row Actions","specs\Smoke\7-ACHSmoke.spec.ts","",""
"","5467","Check Approval Rules sub-page loads correctly","msedge","Fri Oct 09 10:13:12 UTC 2026","passed","Fri Oct 09 10:13:17 UTC 2026","Application Navigation Smoke Tests > Settings Sub-navigation","specs\Smoke\2-NavigationSmoke.spec.ts","",""
"","15436","Validate session persists after page refresh","firefox","Fri Oct 09 10:13:49 UTC 2026","passed","Fri Oct 09 10:14:05 UTC 2026","Login — Smoke > Session & Security","specs\Smoke\1-LoginSmoke.spec.ts","",""
"","7773","Search box filters grid and clears correctly","msedge","Fri Oct 09 10:15:29 UTC 2026","passed","Fri Oct 09 10:15:36 UTC 2026","Presented Checks — Smoke > Toolbar","specs\Smoke\5-PresentedChecksSmoke.spec.ts","",""
"","21744","""+ Add Check"" navigates to the add-check form","webkit","Fri Oct 09 10:15:14 UTC 2026","passed","Fri Oct 09 10:15:36 UTC 2026","Issued Checks — Smoke > Navigation","specs\Smoke\4-IssuedChecksSmoke.spec.ts","",""
"","13893","Verify Home dashboard is restored after returning from another page","firefox","Fri Oct 09 10:17:14 UTC 2026","passed","Fri Oct 09 10:17:28 UTC 2026","Home Dashboard > Summary Stats","specs\Smoke\3-HomeDashboardSmoke.spec.ts","",""
"","23025","Save a filter preset, verify it is auto-selected, then delete it","webkit","Fri Oct 09 10:22:20 UTC 2026","passed","Fri Oct 09 10:22:43 UTC 2026","ACH — Smoke > Saved Filters","specs\Smoke\7-ACHSmoke.spec.ts","",""
"","9104","Verify dashboard loads after successful login","webkit","Fri Oct 09 10:13:04 UTC 2026","passed","Fri Oct 09 10:13:14 UTC 2026","Home Dashboard > Page Load","specs\Smoke\3-HomeDashboardSmoke.spec.ts","",""
"","5361","Navigation tabs to Pre-Decisions, Approvals, and Exception History are visible","firefox","Fri Oct 09 10:27:05 UTC 2026","passed","Fri Oct 09 10:27:10 UTC 2026","Exceptions — Smoke > Open Exceptions","specs\Smoke\8-ExceptionsSmoke.spec.ts","",""
"","5544","Verify dashboard footer footnote and privacy link are visible","msedge","Fri Oct 09 10:14:14 UTC 2026","passed","Fri Oct 09 10:14:19 UTC 2026","Home Dashboard > Summary Stats","specs\Smoke\3-HomeDashboardSmoke.spec.ts","",""
"","8801","Billing Reports sub-page loads correctly","webkit","Fri Oct 09 10:12:23 UTC 2026","passed","Fri Oct 09 10:12:32 UTC 2026","Application Navigation Smoke Tests > Settings Sub-navigation","specs\Smoke\2-NavigationSmoke.spec.ts","",""
"","11644","Save a filter preset, verify it is auto-selected, then delete it","msedge","Fri Oct 09 10:15:28 UTC 2026","passed","Fri Oct 09 10:15:40 UTC 2026","Issued Checks — Smoke > Saved Filters","specs\Smoke\4-IssuedChecksSmoke.spec.ts","",""
"","23626","Default filter auto-applies after logout and re-login","chromium","Fri Oct 09 10:31:38 UTC 2026","passed","Fri Oct 09 10:32:01 UTC 2026","Presented Checks — Smoke > Saved Filters > Default Filter","specs\Smoke\5-PresentedChecksSmoke.spec.ts","",""
"","8560","Grid loads with data rows and key column headers","chromium","Fri Oct 09 10:28:19 UTC 2026","passed","Fri Oct 09 10:28:27 UTC 2026","Issued Checks — Smoke > Grid","specs\Smoke\4-IssuedChecksSmoke.spec.ts","",""
"","6185","Verify all three dashboard view tabs are visible","chromium","Fri Oct 09 10:27:20 UTC 2026","passed","Fri Oct 09 10:27:26 UTC 2026","Home Dashboard > Page Load","specs\Smoke\3-HomeDashboardSmoke.spec.ts","",""
"","14170","Grid loads with data rows and key column headers","firefox","Fri Oct 09 10:22:00 UTC 2026","passed","Fri Oct 09 10:22:14 UTC 2026","ACH — Smoke > Grid","specs\Smoke\7-ACHSmoke.spec.ts","",""
"","10847","Validate Login functionality with caseSensitiveEmail","webkit","Fri Oct 09 10:10:47 UTC 2026","passed","Fri Oct 09 10:10:58 UTC 2026","Login — Smoke > Login","specs\Smoke\1-LoginSmoke.spec.ts","",""
"","6979","""View"" link on a row opens the Exception Details dialog","msedge","Fri Oct 09 10:19:21 UTC 2026","passed","Fri Oct 09 10:19:28 UTC 2026","Exceptions — Smoke > Exception History > Row Actions","specs\Smoke\8-ExceptionsSmoke.spec.ts","",""
"","5538","Branding sub-page loads correctly","msedge","Fri Oct 09 10:12:32 UTC 2026","passed","Fri Oct 09 10:12:38 UTC 2026","Application Navigation Smoke Tests > Settings Sub-navigation","specs\Smoke\2-NavigationSmoke.spec.ts","",""
"","5331","Open Exceptions page loads with either exception cards or the empty-state message","webkit","Fri Oct 09 10:25:08 UTC 2026","passed","Fri Oct 09 10:25:13 UTC 2026","Exceptions — Smoke > Open Exceptions","specs\Smoke\8-ExceptionsSmoke.spec.ts","",""
"","9104","Page size change to 10 updates pagination info in bottom-right pager","webkit","Fri Oct 09 10:16:38 UTC 2026","passed","Fri Oct 09 10:16:47 UTC 2026","Issued Checks — Smoke > Pagination","specs\Smoke\4-IssuedChecksSmoke.spec.ts","",""
"","7201","Validate Login functionality with invalidEmailFormat","webkit","Fri Oct 09 10:11:14 UTC 2026","passed","Fri Oct 09 10:11:21 UTC 2026","Login — Smoke > Login","specs\Smoke\1-LoginSmoke.spec.ts","",""
"","9897","Pay/Return decision badge navigates to exception history","webkit","Fri Oct 09 10:21:20 UTC 2026","passed","Fri Oct 09 10:21:30 UTC 2026","Presented Checks — Smoke > Row Actions","specs\Smoke\5-PresentedChecksSmoke.spec.ts","",""
"","6000","Grid loads with data rows and key column headers","msedge","Fri Oct 09 10:15:05 UTC 2026","passed","Fri Oct 09 10:15:11 UTC 2026","Presented Checks — Smoke > Grid","specs\Smoke\5-PresentedChecksSmoke.spec.ts","",""
"","11515","Saved Filters dropdown is visible and defaults to no preset","firefox","Fri Oct 09 10:20:47 UTC 2026","passed","Fri Oct 09 10:20:58 UTC 2026","Presented Checks — Smoke > Saved Filters","specs\Smoke\5-PresentedChecksSmoke.spec.ts","",""
"","4202","Validate Login functionality with missingUsername","firefox","Fri Oct 09 10:12:57 UTC 2026","passed","Fri Oct 09 10:13:01 UTC 2026","Login — Smoke > Login","specs\Smoke\1-LoginSmoke.spec.ts","",""
"","8863","Validate Login functionality with caseSensitiveEmail","firefox","Fri Oct 09 10:12:20 UTC 2026","passed","Fri Oct 09 10:12:29 UTC 2026","Login — Smoke > Login","specs\Smoke\1-LoginSmoke.spec.ts","",""
"","10843","Decision badge on an already-reviewed row is blocked with a system message","firefox","Fri Oct 09 10:26:48 UTC 2026","passed","Fri Oct 09 10:26:58 UTC 2026","Exceptions — Smoke > Exception History > Row Actions","specs\Smoke\8-ExceptionsSmoke.spec.ts","",""
"","17169","Default filter auto-applies after logout and re-login","firefox","Fri Oct 09 10:21:17 UTC 2026","skipped","Fri Oct 09 10:21:35 UTC 2026","Presented Checks — Smoke > Saved Filters > Default Filter","specs\Smoke\5-PresentedChecksSmoke.spec.ts","",""
"","5423","Typing a page number navigates to that page","msedge","Fri Oct 09 10:15:08 UTC 2026","passed","Fri Oct 09 10:15:14 UTC 2026","Issued Checks — Smoke > Pagination","specs\Smoke\4-IssuedChecksSmoke.spec.ts","",""
"","10434","Holiday Schedules sub-page loads correctly","firefox","Fri Oct 09 10:14:44 UTC 2026","passed","Fri Oct 09 10:14:54 UTC 2026","Application Navigation Smoke Tests > Settings Sub-navigation","specs\Smoke\2-NavigationSmoke.spec.ts","",""
"","6581","Excel export button is visible and enabled","chromium","Fri Oct 09 10:32:16 UTC 2026","passed","Fri Oct 09 10:32:23 UTC 2026","ACH — Smoke > Toolbar","specs\Smoke\7-ACHSmoke.spec.ts","",""
"","21190","Pay/Return decision badge navigates to exception history","firefox","Fri Oct 09 10:26:09 UTC 2026","passed","Fri Oct 09 10:26:30 UTC 2026","ACH — Smoke > Row Actions","specs\Smoke\7-ACHSmoke.spec.ts","",""
"","14652","Validate session persists after page refresh","webkit","Fri Oct 09 10:12:42 UTC 2026","passed","Fri Oct 09 10:12:57 UTC 2026","Login — Smoke > Session & Security","specs\Smoke\1-LoginSmoke.spec.ts","",""
"","10823","Clicking a column header sorts ascending, clicking again sorts descending","webkit","Fri Oct 09 10:20:19 UTC 2026","passed","Fri Oct 09 10:20:30 UTC 2026","Presented Checks — Smoke > Sorting","specs\Smoke\5-PresentedChecksSmoke.spec.ts","",""
"","14500","Verify dashboard tab checked state updates correctly","firefox","Fri Oct 09 10:15:33 UTC 2026","passed","Fri Oct 09 10:15:47 UTC 2026","Home Dashboard > Dashboard Chart Headings","specs\Smoke\3-HomeDashboardSmoke.spec.ts","",""
"","5057","Account Settings sub-page loads correctly","msedge","Fri Oct 09 10:12:12 UTC 2026","passed","Fri Oct 09 10:12:17 UTC 2026","Application Navigation Smoke Tests > Settings Sub-navigation","specs\Smoke\2-NavigationSmoke.spec.ts","",""
"","10279","Validate teller presented-check form shows all required fields","webkit","Fri Oct 09 10:19:35 UTC 2026","passed","Fri Oct 09 10:19:45 UTC 2026","Teller — Smoke > Add Check Form","specs\Smoke\6-TellerSmoke.spec.ts","",""
"","6877","Typing a page number navigates to that page","chromium","Fri Oct 09 10:31:02 UTC 2026","passed","Fri Oct 09 10:31:09 UTC 2026","Presented Checks — Smoke > Pagination","specs\Smoke\5-PresentedChecksSmoke.spec.ts","",""
"","6269","""Delete"" on a row shows a confirm modal; Cancel dismisses it without deleting","msedge","Fri Oct 09 10:17:12 UTC 2026","passed","Fri Oct 09 10:17:18 UTC 2026","Presented Checks — Smoke > Row Actions","specs\Smoke\5-PresentedChecksSmoke.spec.ts","",""
"","9067","Default filter auto-applies after logout and re-login","webkit","Fri Oct 09 10:18:08 UTC 2026","skipped","Fri Oct 09 10:18:17 UTC 2026","Issued Checks — Smoke > Saved Filters > Default Filter","specs\Smoke\4-IssuedChecksSmoke.spec.ts","",""
"","7471","Verify profile menu shows My Info and Logout links","chromium","Fri Oct 09 10:28:45 UTC 2026","passed","Fri Oct 09 10:28:52 UTC 2026","Home Dashboard > Summary Stats","specs\Smoke\3-HomeDashboardSmoke.spec.ts","",""
"","10870","""Edit"" link on a row navigates to the check edit form","webkit","Fri Oct 09 10:18:45 UTC 2026","passed","Fri Oct 09 10:18:56 UTC 2026","Issued Checks — Smoke > Row Actions","specs\Smoke\4-IssuedChecksSmoke.spec.ts","",""
"","9310","Verify ACH Only tab shows ACH-specific chart sections","firefox","Fri Oct 09 10:15:24 UTC 2026","passed","Fri Oct 09 10:15:33 UTC 2026","Home Dashboard > Dashboard Chart Headings","specs\Smoke\3-HomeDashboardSmoke.spec.ts","",""
"","11234","Verify navigation to Issued Checks via nav menu","webkit","Fri Oct 09 10:16:43 UTC 2026","passed","Fri Oct 09 10:16:54 UTC 2026","Home Dashboard > Navigation from Dashboard","specs\Smoke\3-HomeDashboardSmoke.spec.ts","",""
"","7138","Next page arrow advances to page 2","chromium","Fri Oct 09 10:32:30 UTC 2026","passed","Fri Oct 09 10:32:37 UTC 2026","ACH — Smoke > Pagination","specs\Smoke\7-ACHSmoke.spec.ts","",""
"","4787","Validate forgot password functionality","msedge","Fri Oct 09 10:12:28 UTC 2026","passed","Fri Oct 09 10:12:32 UTC 2026","Login — Smoke > Forgot Password","specs\Smoke\1-LoginSmoke.spec.ts","",""
"","16476","Column filter menu applies a filter and Clear restores the full row set","firefox","Fri Oct 09 10:26:13 UTC 2026","passed","Fri Oct 09 10:26:29 UTC 2026","Exceptions — Smoke > Exception History > Column Filter","specs\Smoke\8-ExceptionsSmoke.spec.ts","",""
"","19327","Save a filter preset, verify it is auto-selected, then delete it","firefox","Fri Oct 09 10:20:58 UTC 2026","passed","Fri Oct 09 10:21:17 UTC 2026","Presented Checks — Smoke > Saved Filters","specs\Smoke\5-PresentedChecksSmoke.spec.ts","",""
"","9808","Home page is accessible and shows dashboard","firefox","Fri Oct 09 10:11:58 UTC 2026","passed","Fri Oct 09 10:12:08 UTC 2026","Application Navigation Smoke Tests > Top-level Navigation","specs\Smoke\2-NavigationSmoke.spec.ts","",""
"","7085","Notification Log sub-page loads correctly","chromium","Fri Oct 09 10:27:39 UTC 2026","passed","Fri Oct 09 10:27:47 UTC 2026","Application Navigation Smoke Tests > Settings Sub-navigation","specs\Smoke\2-NavigationSmoke.spec.ts","",""
"","5157","Users sub-page loads correctly","msedge","Fri Oct 09 10:12:22 UTC 2026","passed","Fri Oct 09 10:12:27 UTC 2026","Application Navigation Smoke Tests > Settings Sub-navigation","specs\Smoke\2-NavigationSmoke.spec.ts","",""
"","6973","Saved Filters dropdown is visible and defaults to no preset","msedge","Fri Oct 09 10:18:44 UTC 2026","passed","Fri Oct 09 10:18:51 UTC 2026","Exceptions — Smoke > Exception History > Saved Filters","specs\Smoke\8-ExceptionsSmoke.spec.ts","",""
"","15323","Verify dashboard tab checked state updates correctly","webkit","Fri Oct 09 10:14:05 UTC 2026","passed","Fri Oct 09 10:14:21 UTC 2026","Home Dashboard > Dashboard Chart Headings","specs\Smoke\3-HomeDashboardSmoke.spec.ts","",""
"","11009","Verify navigation to Presented Checks via nav menu","webkit","Fri Oct 09 10:16:54 UTC 2026","passed","Fri Oct 09 10:17:05 UTC 2026","Home Dashboard > Navigation from Dashboard","specs\Smoke\3-HomeDashboardSmoke.spec.ts","",""
"","9311","Last page arrow jumps to the final page","chromium","Fri Oct 09 10:29:27 UTC 2026","passed","Fri Oct 09 10:29:36 UTC 2026","Issued Checks — Smoke > Pagination","specs\Smoke\4-IssuedChecksSmoke.spec.ts","",""
"","6618","Web Hooks sub-page loads correctly","chromium","Fri Oct 09 10:28:12 UTC 2026","passed","Fri Oct 09 10:28:19 UTC 2026","Application Navigation Smoke Tests > Settings Sub-navigation","specs\Smoke\2-NavigationSmoke.spec.ts","",""
"","5435","Validate Login functionality with invalidEmailFormat","msedge","Fri Oct 09 10:11:51 UTC 2026","passed","Fri Oct 09 10:11:56 UTC 2026","Login — Smoke > Login","specs\Smoke\1-LoginSmoke.spec.ts","",""
"","12813","Page size change to 10 updates pagination info in bottom-right pager","firefox","Fri Oct 09 10:23:17 UTC 2026","passed","Fri Oct 09 10:23:29 UTC 2026","ACH — Smoke > Pagination","specs\Smoke\7-ACHSmoke.spec.ts","",""
"","8570","""+ Add ACH"" navigates to the add-ACH form","chromium","Fri Oct 09 10:31:53 UTC 2026","passed","Fri Oct 09 10:32:02 UTC 2026","ACH — Smoke > Navigation","specs\Smoke\7-ACHSmoke.spec.ts","",""
"","9277","Validate session persists after page refresh","msedge","Fri Oct 09 10:12:43 UTC 2026","passed","Fri Oct 09 10:12:52 UTC 2026","Login — Smoke > Session & Security","specs\Smoke\1-LoginSmoke.spec.ts","",""
"","13684","""Edit"" link on a row navigates to the check edit form","firefox","Fri Oct 09 10:20:44 UTC 2026","passed","Fri Oct 09 10:20:58 UTC 2026","Issued Checks — Smoke > Row Actions","specs\Smoke\4-IssuedChecksSmoke.spec.ts","",""
"","5104","Validate Login functionality with xssInUsername","chromium","Fri Oct 09 10:26:28 UTC 2026","passed","Fri Oct 09 10:26:33 UTC 2026","Login — Smoke > Login","specs\Smoke\1-LoginSmoke.spec.ts","",""
"","5329","Clicking a column header sorts ascending, clicking again sorts descending","msedge","Fri Oct 09 10:16:44 UTC 2026","passed","Fri Oct 09 10:16:49 UTC 2026","Presented Checks — Smoke > Sorting","specs\Smoke\5-PresentedChecksSmoke.spec.ts","",""
"","7706","Last page arrow jumps to the final page","msedge","Fri Oct 09 10:16:00 UTC 2026","passed","Fri Oct 09 10:16:08 UTC 2026","Presented Checks — Smoke > Pagination","specs\Smoke\5-PresentedChecksSmoke.spec.ts","",""
"","8526","Previous page button returns to page 1, First page button re-enables disabled state","chromium","Fri Oct 09 10:32:53 UTC 2026","passed","Fri Oct 09 10:33:01 UTC 2026","ACH — Smoke > Pagination","specs\Smoke\7-ACHSmoke.spec.ts","",""
"","6405","""+ Add Check"" navigates to the add-check form","msedge","Fri Oct 09 10:14:19 UTC 2026","passed","Fri Oct 09 10:14:26 UTC 2026","Issued Checks — Smoke > Navigation","specs\Smoke\4-IssuedChecksSmoke.spec.ts","",""
"","22638","Search box filters grid and clears correctly","webkit","Fri Oct 09 10:15:58 UTC 2026","passed","Fri Oct 09 10:16:21 UTC 2026","Issued Checks — Smoke > Toolbar","specs\Smoke\4-IssuedChecksSmoke.spec.ts","",""
"","6858","""View"" link on a row opens the Exception Details dialog","chromium","Fri Oct 09 10:35:07 UTC 2026","passed","Fri Oct 09 10:35:13 UTC 2026","Exceptions — Smoke > Exception History > Row Actions","specs\Smoke\8-ExceptionsSmoke.spec.ts","",""
"","6229","""View"" (Change Log) link on a row navigates to the entity log","msedge","Fri Oct 09 10:17:05 UTC 2026","passed","Fri Oct 09 10:17:12 UTC 2026","Presented Checks — Smoke > Row Actions","specs\Smoke\5-PresentedChecksSmoke.spec.ts","",""
"","17155","Excel export button is visible and enabled","webkit","Fri Oct 09 10:16:21 UTC 2026","passed","Fri Oct 09 10:16:38 UTC 2026","Issued Checks — Smoke > Toolbar","specs\Smoke\4-IssuedChecksSmoke.spec.ts","",""
"","5859","Home page is accessible and shows dashboard","chromium","Fri Oct 09 10:25:35 UTC 2026","passed","Fri Oct 09 10:25:41 UTC 2026","Application Navigation Smoke Tests > Top-level Navigation","specs\Smoke\2-NavigationSmoke.spec.ts","",""
"","10127","Verify delayed data note and force refresh link are visible on dashboard","chromium","Fri Oct 09 10:28:26 UTC 2026","passed","Fri Oct 09 10:28:36 UTC 2026","Home Dashboard > Summary Stats","specs\Smoke\3-HomeDashboardSmoke.spec.ts","",""
"","11654","Last page arrow jumps to the final page","webkit","Fri Oct 09 10:22:54 UTC 2026","passed","Fri Oct 09 10:23:05 UTC 2026","Exceptions — Smoke > Exception History > Pagination","specs\Smoke\8-ExceptionsSmoke.spec.ts","",""
"","11468","Verify navigation to Issued Checks via nav menu","firefox","Fri Oct 09 10:17:28 UTC 2026","passed","Fri Oct 09 10:17:39 UTC 2026","Home Dashboard > Navigation from Dashboard","specs\Smoke\3-HomeDashboardSmoke.spec.ts","",""
"","5978","Grid View toggle navigates to the open-exceptions grid and shows key column headers","webkit","Fri Oct 09 10:25:13 UTC 2026","passed","Fri Oct 09 10:25:19 UTC 2026","Exceptions — Smoke > Open Exceptions","specs\Smoke\8-ExceptionsSmoke.spec.ts","",""
"","10108","Search box filters grid and clears correctly","chromium","Fri Oct 09 10:30:22 UTC 2026","passed","Fri Oct 09 10:30:32 UTC 2026","Presented Checks — Smoke > Toolbar","specs\Smoke\5-PresentedChecksSmoke.spec.ts","",""
"","5676","Verify dashboard loads after successful login","chromium","Fri Oct 09 10:27:09 UTC 2026","passed","Fri Oct 09 10:27:15 UTC 2026","Home Dashboard > Page Load","specs\Smoke\3-HomeDashboardSmoke.spec.ts","",""
"","8266","Home page is accessible and shows dashboard","msedge","Fri Oct 09 10:11:18 UTC 2026","passed","Fri Oct 09 10:11:26 UTC 2026","Application Navigation Smoke Tests > Top-level Navigation","specs\Smoke\2-NavigationSmoke.spec.ts","",""
"","11019","Last page arrow jumps to the final page","webkit","Fri Oct 09 10:21:29 UTC 2026","passed","Fri Oct 09 10:21:40 UTC 2026","ACH — Smoke > Pagination","specs\Smoke\7-ACHSmoke.spec.ts","",""
"","5928","Issued Checks page loads correctly","msedge","Fri Oct 09 10:11:37 UTC 2026","passed","Fri Oct 09 10:11:43 UTC 2026","Application Navigation Smoke Tests > Top-level Navigation","specs\Smoke\2-NavigationSmoke.spec.ts","",""
"","6381","""Uploaded ACH"" navigates to the uploads page","msedge","Fri Oct 09 10:17:02 UTC 2026","passed","Fri Oct 09 10:17:09 UTC 2026","ACH — Smoke > Navigation","specs\Smoke\7-ACHSmoke.spec.ts","",""
"","10283","Last page arrow jumps to the final page","webkit","Fri Oct 09 10:18:58 UTC 2026","passed","Fri Oct 09 10:19:09 UTC 2026","Presented Checks — Smoke > Pagination","specs\Smoke\5-PresentedChecksSmoke.spec.ts","",""
"","9018","Page size change to 10 updates pagination info in bottom-right pager","chromium","Fri Oct 09 10:33:24 UTC 2026","passed","Fri Oct 09 10:33:33 UTC 2026","Exceptions — Smoke > Exception History > Pagination","specs\Smoke\8-ExceptionsSmoke.spec.ts","",""
"","5069","Validate Login functionality with emptyFields","chromium","Fri Oct 09 10:26:07 UTC 2026","passed","Fri Oct 09 10:26:12 UTC 2026","Login — Smoke > Login","specs\Smoke\1-LoginSmoke.spec.ts","",""
"","11890","Excel export button is visible and enabled","firefox","Fri Oct 09 10:23:05 UTC 2026","passed","Fri Oct 09 10:23:17 UTC 2026","ACH — Smoke > Toolbar","specs\Smoke\7-ACHSmoke.spec.ts","",""
"","9149","Validate Login functionality with missingPassword","webkit","Fri Oct 09 10:11:30 UTC 2026","passed","Fri Oct 09 10:11:40 UTC 2026","Login — Smoke > Login","specs\Smoke\1-LoginSmoke.spec.ts","",""
"","6838","Excel export button is visible and enabled","chromium","Fri Oct 09 10:33:17 UTC 2026","passed","Fri Oct 09 10:33:23 UTC 2026","Exceptions — Smoke > Exception History > Toolbar","specs\Smoke\8-ExceptionsSmoke.spec.ts","",""
"","5452","Notification Templates sub-page loads correctly","chromium","Fri Oct 09 10:27:12 UTC 2026","passed","Fri Oct 09 10:27:17 UTC 2026","Application Navigation Smoke Tests > Settings Sub-navigation","specs\Smoke\2-NavigationSmoke.spec.ts","",""
"","6493","""+ Add Check"" navigates to the add-check form","msedge","Fri Oct 09 10:15:16 UTC 2026","passed","Fri Oct 09 10:15:23 UTC 2026","Presented Checks — Smoke > Navigation","specs\Smoke\5-PresentedChecksSmoke.spec.ts","",""
"","18374","Verify Combined View shows all chart sections","firefox","Fri Oct 09 10:14:43 UTC 2026","passed","Fri Oct 09 10:15:01 UTC 2026","Home Dashboard > Dashboard Chart Headings","specs\Smoke\3-HomeDashboardSmoke.spec.ts","",""
"","7414","Next page arrow advances to page 2","chromium","Fri Oct 09 10:33:33 UTC 2026","passed","Fri Oct 09 10:33:40 UTC 2026","Exceptions — Smoke > Exception History > Pagination","specs\Smoke\8-ExceptionsSmoke.spec.ts","",""
"","6188","Verify Check Only tab shows Check-specific chart sections","msedge","Fri Oct 09 10:13:21 UTC 2026","passed","Fri Oct 09 10:13:27 UTC 2026","Home Dashboard > Dashboard Chart Headings","specs\Smoke\3-HomeDashboardSmoke.spec.ts","",""
"","11035","""Edit"" link on a row navigates to the check edit form","webkit","Fri Oct 09 10:20:46 UTC 2026","passed","Fri Oct 09 10:20:57 UTC 2026","Presented Checks — Smoke > Row Actions","specs\Smoke\5-PresentedChecksSmoke.spec.ts","",""
"","7784","Presented Checks page loads correctly","webkit","Fri Oct 09 10:11:05 UTC 2026","passed","Fri Oct 09 10:11:12 UTC 2026","Application Navigation Smoke Tests > Top-level Navigation","specs\Smoke\2-NavigationSmoke.spec.ts","",""
"","4890","Account Settings sub-page loads correctly","chromium","Fri Oct 09 10:26:23 UTC 2026","passed","Fri Oct 09 10:26:28 UTC 2026","Application Navigation Smoke Tests > Settings Sub-navigation","specs\Smoke\2-NavigationSmoke.spec.ts","",""
"","11877","Next page arrow advances to page 2","webkit","Fri Oct 09 10:21:17 UTC 2026","passed","Fri Oct 09 10:21:29 UTC 2026","ACH — Smoke > Pagination","specs\Smoke\7-ACHSmoke.spec.ts","",""
"","5477","Settings page loads correctly","msedge","Fri Oct 09 10:12:07 UTC 2026","passed","Fri Oct 09 10:12:12 UTC 2026","Application Navigation Smoke Tests > Top-level Navigation","specs\Smoke\2-NavigationSmoke.spec.ts","",""
"","3637","Automatic ACH Decision Rules sub-page loads correctly","firefox","Fri Oct 09 10:15:30 UTC 2026","passed","Fri Oct 09 10:15:33 UTC 2026","Application Navigation Smoke Tests > Settings Sub-navigation","specs\Smoke\2-NavigationSmoke.spec.ts","",""
"","12635","Clicking a column header sorts ascending, clicking again sorts descending","webkit","Fri Oct 09 10:22:53 UTC 2026","passed","Fri Oct 09 10:23:06 UTC 2026","ACH — Smoke > Sorting","specs\Smoke\7-ACHSmoke.spec.ts","",""
"","9970","ACH page loads correctly","firefox","Fri Oct 09 10:12:56 UTC 2026","passed","Fri Oct 09 10:13:06 UTC 2026","Application Navigation Smoke Tests > Top-level Navigation","specs\Smoke\2-NavigationSmoke.spec.ts","",""
"","14665","Excel export button is visible and enabled","firefox","Fri Oct 09 10:23:47 UTC 2026","passed","Fri Oct 09 10:24:01 UTC 2026","Exceptions — Smoke > Exception History > Toolbar","specs\Smoke\8-ExceptionsSmoke.spec.ts","",""
"","9818","ACH breadcrumb link is visible on the page","chromium","Fri Oct 09 10:34:34 UTC 2026","passed","Fri Oct 09 10:34:44 UTC 2026","ACH — Smoke > Breadcrumb","specs\Smoke\7-ACHSmoke.spec.ts","",""
"","17318","Previous page button returns to page 1, First page button re-enables disabled state","webkit","Fri Oct 09 10:23:18 UTC 2026","passed","Fri Oct 09 10:23:36 UTC 2026","Exceptions — Smoke > Exception History > Pagination","specs\Smoke\8-ExceptionsSmoke.spec.ts","",""
"","7686","Validate Login functionality with xssInUsername","webkit","Fri Oct 09 10:11:58 UTC 2026","passed","Fri Oct 09 10:12:06 UTC 2026","Login — Smoke > Login","specs\Smoke\1-LoginSmoke.spec.ts","",""
"","12674","Save a filter preset, verify it is auto-selected, then delete it","msedge","Fri Oct 09 10:18:04 UTC 2026","passed","Fri Oct 09 10:18:16 UTC 2026","ACH — Smoke > Saved Filters","specs\Smoke\7-ACHSmoke.spec.ts","",""
"","12987","""+ Add Check"" navigates to the add-check form","firefox","Fri Oct 09 10:18:45 UTC 2026","passed","Fri Oct 09 10:18:58 UTC 2026","Presented Checks — Smoke > Navigation","specs\Smoke\5-PresentedChecksSmoke.spec.ts","",""
"","6685","Page size change to 10 updates pagination info in bottom-right pager","msedge","Fri Oct 09 10:14:47 UTC 2026","passed","Fri Oct 09 10:14:53 UTC 2026","Issued Checks — Smoke > Pagination","specs\Smoke\4-IssuedChecksSmoke.spec.ts","",""
"","8080","Verify navigation to Settings via nav menu","chromium","Fri Oct 09 10:29:37 UTC 2026","passed","Fri Oct 09 10:29:45 UTC 2026","Home Dashboard > Navigation from Dashboard","specs\Smoke\3-HomeDashboardSmoke.spec.ts","",""
"","4287","Approvals page loads with either records or the empty-state message","chromium","Fri Oct 09 10:35:41 UTC 2026","passed","Fri Oct 09 10:35:46 UTC 2026","Exceptions — Smoke > Approvals","specs\Smoke\8-ExceptionsSmoke.spec.ts","",""
"","18238","Search box filters grid and clears correctly","firefox","Fri Oct 09 10:17:42 UTC 2026","passed","Fri Oct 09 10:18:01 UTC 2026","Issued Checks — Smoke > Toolbar","specs\Smoke\4-IssuedChecksSmoke.spec.ts","",""
"","5259","Default filter auto-applies after logout and re-login","msedge","Fri Oct 09 10:15:40 UTC 2026","skipped","Fri Oct 09 10:15:45 UTC 2026","Issued Checks — Smoke > Saved Filters > Default Filter","specs\Smoke\4-IssuedChecksSmoke.spec.ts","",""
"","6696","Exception History grid loads with data rows and key column headers","msedge","Fri Oct 09 10:17:30 UTC 2026","passed","Fri Oct 09 10:17:37 UTC 2026","Exceptions — Smoke > Exception History > Grid","specs\Smoke\8-ExceptionsSmoke.spec.ts","",""
"","10844","Billing Reports sub-page loads correctly","firefox","Fri Oct 09 10:14:21 UTC 2026","passed","Fri Oct 09 10:14:31 UTC 2026","Application Navigation Smoke Tests > Settings Sub-navigation","specs\Smoke\2-NavigationSmoke.spec.ts","",""
"","6364","""Uploaded ACH"" navigates to the uploads page","chromium","Fri Oct 09 10:32:02 UTC 2026","passed","Fri Oct 09 10:32:08 UTC 2026","ACH — Smoke > Navigation","specs\Smoke\7-ACHSmoke.spec.ts","",""
"","14407","Typing a page number navigates to that page","firefox","Fri Oct 09 10:18:55 UTC 2026","passed","Fri Oct 09 10:19:10 UTC 2026","Issued Checks — Smoke > Pagination","specs\Smoke\4-IssuedChecksSmoke.spec.ts","",""
"","7745","Last page arrow jumps to the final page","chromium","Fri Oct 09 10:33:40 UTC 2026","passed","Fri Oct 09 10:33:48 UTC 2026","Exceptions — Smoke > Exception History > Pagination","specs\Smoke\8-ExceptionsSmoke.spec.ts","",""
"","9128","Previous page button returns to page 1, First page button re-enables disabled state","msedge","Fri Oct 09 10:18:35 UTC 2026","passed","Fri Oct 09 10:18:44 UTC 2026","Exceptions — Smoke > Exception History > Pagination","specs\Smoke\8-ExceptionsSmoke.spec.ts","",""
"","5080","Validate forgot password with unregistered email","msedge","Fri Oct 09 10:12:38 UTC 2026","passed","Fri Oct 09 10:12:43 UTC 2026","Login — Smoke > Forgot Password","specs\Smoke\1-LoginSmoke.spec.ts","",""
"","8709","""+ Add Check"" navigates to the add-check form","chromium","Fri Oct 09 10:28:34 UTC 2026","passed","Fri Oct 09 10:28:42 UTC 2026","Issued Checks — Smoke > Navigation","specs\Smoke\4-IssuedChecksSmoke.spec.ts","",""
"","5600","File Formats sub-page loads correctly","msedge","Fri Oct 09 10:12:55 UTC 2026","passed","Fri Oct 09 10:13:01 UTC 2026","Application Navigation Smoke Tests > Settings Sub-navigation","specs\Smoke\2-NavigationSmoke.spec.ts","",""
"","7798","Last page arrow jumps to the final page","chromium","Fri Oct 09 10:32:37 UTC 2026","passed","Fri Oct 09 10:32:44 UTC 2026","ACH — Smoke > Pagination","specs\Smoke\7-ACHSmoke.spec.ts","",""
"","13143","""Delete"" on a row shows a confirm modal; Cancel dismisses it without deleting","webkit","Fri Oct 09 10:21:07 UTC 2026","passed","Fri Oct 09 10:21:20 UTC 2026","Presented Checks — Smoke > Row Actions","specs\Smoke\5-PresentedChecksSmoke.spec.ts","",""
"","7351","Validate Login functionality with incorrectPassword","msedge","Fri Oct 09 10:11:38 UTC 2026","passed","Fri Oct 09 10:11:46 UTC 2026","Login — Smoke > Login","specs\Smoke\1-LoginSmoke.spec.ts","",""
"","11683","Default filter auto-applies after logout and re-login","firefox","Fri Oct 09 10:25:01 UTC 2026","skipped","Fri Oct 09 10:25:13 UTC 2026","ACH — Smoke > Saved Filters > Default Filter","specs\Smoke\7-ACHSmoke.spec.ts","",""
"","6301","""View"" (Change Log) link on a row navigates to the entity log","msedge","Fri Oct 09 10:16:07 UTC 2026","passed","Fri Oct 09 10:16:14 UTC 2026","Issued Checks — Smoke > Row Actions","specs\Smoke\4-IssuedChecksSmoke.spec.ts","",""
"","6074","Verify dashboard loads after successful login","msedge","Fri Oct 09 10:12:58 UTC 2026","passed","Fri Oct 09 10:13:04 UTC 2026","Home Dashboard > Page Load","specs\Smoke\3-HomeDashboardSmoke.spec.ts","",""
"","10519","""+ Add ACH"" navigates to the add-ACH form","webkit","Fri Oct 09 10:20:20 UTC 2026","passed","Fri Oct 09 10:20:31 UTC 2026","ACH — Smoke > Navigation","specs\Smoke\7-ACHSmoke.spec.ts","",""
"","6603","Excel export button is visible and enabled","msedge","Fri Oct 09 10:17:57 UTC 2026","passed","Fri Oct 09 10:18:04 UTC 2026","Exceptions — Smoke > Exception History > Toolbar","specs\Smoke\8-ExceptionsSmoke.spec.ts","",""
"","8191","Last page arrow jumps to the final page","chromium","Fri Oct 09 10:30:54 UTC 2026","passed","Fri Oct 09 10:31:02 UTC 2026","Presented Checks — Smoke > Pagination","specs\Smoke\5-PresentedChecksSmoke.spec.ts","",""
"","11664","Last page arrow jumps to the final page","firefox","Fri Oct 09 10:20:07 UTC 2026","passed","Fri Oct 09 10:20:18 UTC 2026","Presented Checks — Smoke > Pagination","specs\Smoke\5-PresentedChecksSmoke.spec.ts","",""
"","11012","Saved Filters dropdown is visible and defaults to no preset","webkit","Fri Oct 09 10:23:36 UTC 2026","passed","Fri Oct 09 10:23:47 UTC 2026","Exceptions — Smoke > Exception History > Saved Filters","specs\Smoke\8-ExceptionsSmoke.spec.ts","",""
"","5780","Saved Filters dropdown is visible and defaults to no preset","msedge","Fri Oct 09 10:15:23 UTC 2026","passed","Fri Oct 09 10:15:28 UTC 2026","Issued Checks — Smoke > Saved Filters","specs\Smoke\4-IssuedChecksSmoke.spec.ts","",""
"","10544","Notification Log sub-page loads correctly","firefox","Fri Oct 09 10:15:45 UTC 2026","passed","Fri Oct 09 10:15:55 UTC 2026","Application Navigation Smoke Tests > Settings Sub-navigation","specs\Smoke\2-NavigationSmoke.spec.ts","",""
"","6823","Validate forgot password with unregistered email","firefox","Fri Oct 09 10:13:43 UTC 2026","passed","Fri Oct 09 10:13:49 UTC 2026","Login — Smoke > Forgot Password","specs\Smoke\1-LoginSmoke.spec.ts","",""
"","7984","Search box filters grid and clears correctly","msedge","Fri Oct 09 10:14:33 UTC 2026","passed","Fri Oct 09 10:14:41 UTC 2026","Issued Checks — Smoke > Toolbar","specs\Smoke\4-IssuedChecksSmoke.spec.ts","",""
"","12824","Saved Filters dropdown is visible and defaults to no preset","firefox","Fri Oct 09 10:25:13 UTC 2026","passed","Fri Oct 09 10:25:26 UTC 2026","Exceptions — Smoke > Exception History > Saved Filters","specs\Smoke\8-ExceptionsSmoke.spec.ts","",""
"","6260","ACH breadcrumb link is visible on the page","msedge","Fri Oct 09 10:19:07 UTC 2026","passed","Fri Oct 09 10:19:13 UTC 2026","ACH — Smoke > Breadcrumb","specs\Smoke\7-ACHSmoke.spec.ts","",""
"","15283","Saved Filters dropdown is visible and defaults to no preset","firefox","Fri Oct 09 10:19:24 UTC 2026","passed","Fri Oct 09 10:19:39 UTC 2026","Issued Checks — Smoke > Saved Filters","specs\Smoke\4-IssuedChecksSmoke.spec.ts","",""
"","5870","Saved Filters dropdown is visible and defaults to no preset","msedge","Fri Oct 09 10:17:58 UTC 2026","passed","Fri Oct 09 10:18:04 UTC 2026","ACH — Smoke > Saved Filters","specs\Smoke\7-ACHSmoke.spec.ts","",""
"","17432","Column filter popup applies a filter and Clear restores the full row set","webkit","Fri Oct 09 10:18:28 UTC 2026","passed","Fri Oct 09 10:18:45 UTC 2026","Issued Checks — Smoke > Column Filter","specs\Smoke\4-IssuedChecksSmoke.spec.ts","",""
"","13223","Next page arrow advances to page 2","firefox","Fri Oct 09 10:23:29 UTC 2026","passed","Fri Oct 09 10:23:43 UTC 2026","ACH — Smoke > Pagination","specs\Smoke\7-ACHSmoke.spec.ts","",""
"","14444","Verify tab-specific charts are hidden for opposite tab","webkit","Fri Oct 09 10:14:34 UTC 2026","passed","Fri Oct 09 10:14:48 UTC 2026","Home Dashboard > Dashboard Chart Headings","specs\Smoke\3-HomeDashboardSmoke.spec.ts","",""
"","11825","""View"" (Change Log) link on a row navigates to the entity log","firefox","Fri Oct 09 10:25:43 UTC 2026","passed","Fri Oct 09 10:25:55 UTC 2026","ACH — Smoke > Row Actions","specs\Smoke\7-ACHSmoke.spec.ts","",""
"","13131","Verify chart title changes with selected tab","webkit","Fri Oct 09 10:14:21 UTC 2026","passed","Fri Oct 09 10:14:34 UTC 2026","Home Dashboard > Dashboard Chart Headings","specs\Smoke\3-HomeDashboardSmoke.spec.ts","",""
"","6562","Grid loads with data rows and key column headers","msedge","Fri Oct 09 10:14:07 UTC 2026","passed","Fri Oct 09 10:14:13 UTC 2026","Issued Checks — Smoke > Grid","specs\Smoke\4-IssuedChecksSmoke.spec.ts","",""
"","1462","Default filter auto-applies after logout and re-login","webkit","Fri Oct 09 10:24:13 UTC 2026","skipped","Fri Oct 09 10:24:14 UTC 2026","Exceptions — Smoke > Exception History > Saved Filters > Default Filter","specs\Smoke\8-ExceptionsSmoke.spec.ts","",""
"","6219","Exceptions breadcrumb link is visible on the page","firefox","Fri Oct 09 10:26:58 UTC 2026","passed","Fri Oct 09 10:27:05 UTC 2026","Exceptions — Smoke > Exception History > Breadcrumb","specs\Smoke\8-ExceptionsSmoke.spec.ts","",""
"","9273","""Uploaded Checks"" navigates to the uploads page","chromium","Fri Oct 09 10:30:12 UTC 2026","passed","Fri Oct 09 10:30:22 UTC 2026","Presented Checks — Smoke > Navigation","specs\Smoke\5-PresentedChecksSmoke.spec.ts","",""
"","15825","Save a filter preset, verify it is auto-selected, then delete it","msedge","Fri Oct 09 10:18:51 UTC 2026","passed","Fri Oct 09 10:19:07 UTC 2026","Exceptions — Smoke > Exception History > Saved Filters","specs\Smoke\8-ExceptionsSmoke.spec.ts","",""
"","17920","Previous page button returns to page 1, First page button re-enables disabled state","webkit","Fri Oct 09 10:19:21 UTC 2026","passed","Fri Oct 09 10:19:39 UTC 2026","Presented Checks — Smoke > Pagination","specs\Smoke\5-PresentedChecksSmoke.spec.ts","",""
"","8849","Previous page button returns to page 1, First page button re-enables disabled state","msedge","Fri Oct 09 10:15:14 UTC 2026","passed","Fri Oct 09 10:15:23 UTC 2026","Issued Checks — Smoke > Pagination","specs\Smoke\4-IssuedChecksSmoke.spec.ts","",""
"","14427","Pay/Return decision badge navigates to exception history","chromium","Fri Oct 09 10:34:20 UTC 2026","passed","Fri Oct 09 10:34:34 UTC 2026","ACH — Smoke > Row Actions","specs\Smoke\7-ACHSmoke.spec.ts","",""
"","589","Default filter auto-applies after logout and re-login","msedge","Fri Oct 09 10:19:07 UTC 2026","skipped","Fri Oct 09 10:19:07 UTC 2026","Exceptions — Smoke > Exception History > Saved Filters > Default Filter","specs\Smoke\8-ExceptionsSmoke.spec.ts","",""
"","10812","Presented Checks page loads correctly","firefox","Fri Oct 09 10:12:38 UTC 2026","passed","Fri Oct 09 10:12:49 UTC 2026","Application Navigation Smoke Tests > Top-level Navigation","specs\Smoke\2-NavigationSmoke.spec.ts","",""
"","4818","Default filter auto-applies after logout and re-login","msedge","Fri Oct 09 10:16:39 UTC 2026","skipped","Fri Oct 09 10:16:44 UTC 2026","Presented Checks — Smoke > Saved Filters > Default Filter","specs\Smoke\5-PresentedChecksSmoke.spec.ts","",""
"","6208","Grid View toggle navigates to the open-exceptions grid and shows key column headers","msedge","Fri Oct 09 10:19:48 UTC 2026","passed","Fri Oct 09 10:19:54 UTC 2026","Exceptions — Smoke > Open Exceptions","specs\Smoke\8-ExceptionsSmoke.spec.ts","",""
"","4031","Validate Login functionality with emptyFields","firefox","Fri Oct 09 10:12:47 UTC 2026","passed","Fri Oct 09 10:12:51 UTC 2026","Login — Smoke > Login","specs\Smoke\1-LoginSmoke.spec.ts","",""
"","5538","Business Clients sub-page loads correctly","chromium","Fri Oct 09 10:26:28 UTC 2026","passed","Fri Oct 09 10:26:34 UTC 2026","Application Navigation Smoke Tests > Settings Sub-navigation","specs\Smoke\2-NavigationSmoke.spec.ts","",""
"","6706","Issued Checks breadcrumb link is visible on the page","msedge","Fri Oct 09 10:16:21 UTC 2026","passed","Fri Oct 09 10:16:28 UTC 2026","Issued Checks — Smoke > Breadcrumb","specs\Smoke\4-IssuedChecksSmoke.spec.ts","",""
"","26504","Pay/Return decision badge navigates to exception history","webkit","Fri Oct 09 10:23:49 UTC 2026","passed","Fri Oct 09 10:24:16 UTC 2026","ACH — Smoke > Row Actions","specs\Smoke\7-ACHSmoke.spec.ts","",""
"","5395","Teller page loads correctly","chromium","Fri Oct 09 10:26:02 UTC 2026","passed","Fri Oct 09 10:26:07 UTC 2026","Application Navigation Smoke Tests > Top-level Navigation","specs\Smoke\2-NavigationSmoke.spec.ts","",""
"","5997","Typing a page number navigates to that page","msedge","Fri Oct 09 10:16:08 UTC 2026","passed","Fri Oct 09 10:16:14 UTC 2026","Presented Checks — Smoke > Pagination","specs\Smoke\5-PresentedChecksSmoke.spec.ts","",""
"","4937","Navigation tabs to Pre-Decisions, Approvals, and Exception History are visible","msedge","Fri Oct 09 10:19:38 UTC 2026","passed","Fri Oct 09 10:19:43 UTC 2026","Exceptions — Smoke > Open Exceptions","specs\Smoke\8-ExceptionsSmoke.spec.ts","",""
"","9973","Page size change to 10 updates pagination info in bottom-right pager","firefox","Fri Oct 09 10:24:01 UTC 2026","passed","Fri Oct 09 10:24:11 UTC 2026","Exceptions — Smoke > Exception History > Pagination","specs\Smoke\8-ExceptionsSmoke.spec.ts","",""
"","5122","Validate Login functionality with veryLongInput","chromium","Fri Oct 09 10:26:33 UTC 2026","passed","Fri Oct 09 10:26:38 UTC 2026","Login — Smoke > Login","specs\Smoke\1-LoginSmoke.spec.ts","",""
"","9096","Verify tab-specific charts are hidden for opposite tab","chromium","Fri Oct 09 10:28:02 UTC 2026","passed","Fri Oct 09 10:28:11 UTC 2026","Home Dashboard > Dashboard Chart Headings","specs\Smoke\3-HomeDashboardSmoke.spec.ts","",""
"","6074","Automatic Check Decision Rules sub-page loads correctly","firefox","Fri Oct 09 10:15:12 UTC 2026","passed","Fri Oct 09 10:15:18 UTC 2026","Application Navigation Smoke Tests > Settings Sub-navigation","specs\Smoke\2-NavigationSmoke.spec.ts","",""
"","11634","Check Approval Rules sub-page loads correctly","firefox","Fri Oct 09 10:15:18 UTC 2026","passed","Fri Oct 09 10:15:30 UTC 2026","Application Navigation Smoke Tests > Settings Sub-navigation","specs\Smoke\2-NavigationSmoke.spec.ts","",""
"","6343","Verify Check Only tab shows Check-specific chart sections","chromium","Fri Oct 09 10:27:33 UTC 2026","passed","Fri Oct 09 10:27:39 UTC 2026","Home Dashboard > Dashboard Chart Headings","specs\Smoke\3-HomeDashboardSmoke.spec.ts","",""
"","7830","Issued Checks breadcrumb link is visible on the page","firefox","Fri Oct 09 10:21:25 UTC 2026","passed","Fri Oct 09 10:21:33 UTC 2026","Issued Checks — Smoke > Breadcrumb","specs\Smoke\4-IssuedChecksSmoke.spec.ts","",""
"","5083","Users sub-page loads correctly","chromium","Fri Oct 09 10:26:34 UTC 2026","passed","Fri Oct 09 10:26:39 UTC 2026","Application Navigation Smoke Tests > Settings Sub-navigation","specs\Smoke\2-NavigationSmoke.spec.ts","",""
"","9619","Validate Login functionality with sqlInjection","firefox","Fri Oct 09 10:13:01 UTC 2026","passed","Fri Oct 09 10:13:10 UTC 2026","Login — Smoke > Login","specs\Smoke\1-LoginSmoke.spec.ts","",""
"","6413","Decision Files sub-page loads correctly","chromium","Fri Oct 09 10:26:54 UTC 2026","passed","Fri Oct 09 10:27:01 UTC 2026","Application Navigation Smoke Tests > Settings Sub-navigation","specs\Smoke\2-NavigationSmoke.spec.ts","",""
"","6875","Verify Total Exceptions and Total Exception Amount labels are visible","chromium","Fri Oct 09 10:28:11 UTC 2026","passed","Fri Oct 09 10:28:18 UTC 2026","Home Dashboard > Summary Stats","specs\Smoke\3-HomeDashboardSmoke.spec.ts","",""
"","5638","Verify all three dashboard view tabs are visible","msedge","Fri Oct 09 10:13:09 UTC 2026","passed","Fri Oct 09 10:13:15 UTC 2026","Home Dashboard > Page Load","specs\Smoke\3-HomeDashboardSmoke.spec.ts","",""
"","11700","Last page arrow jumps to the final page","firefox","Fri Oct 09 10:23:43 UTC 2026","passed","Fri Oct 09 10:23:54 UTC 2026","ACH — Smoke > Pagination","specs\Smoke\7-ACHSmoke.spec.ts","",""
"","4808","Roles/Permissions sub-page loads correctly","msedge","Fri Oct 09 10:12:27 UTC 2026","passed","Fri Oct 09 10:12:32 UTC 2026","Application Navigation Smoke Tests > Settings Sub-navigation","specs\Smoke\2-NavigationSmoke.spec.ts","",""
"","5480","Exceptions page loads correctly","chromium","Fri Oct 09 10:26:12 UTC 2026","passed","Fri Oct 09 10:26:18 UTC 2026","Application Navigation Smoke Tests > Top-level Navigation","specs\Smoke\2-NavigationSmoke.spec.ts","",""
"","5382","Exceptions page loads correctly","msedge","Fri Oct 09 10:12:01 UTC 2026","passed","Fri Oct 09 10:12:07 UTC 2026","Application Navigation Smoke Tests > Top-level Navigation","specs\Smoke\2-NavigationSmoke.spec.ts","",""
"","16599","Previous page button returns to page 1, First page button re-enables disabled state","firefox","Fri Oct 09 10:24:56 UTC 2026","passed","Fri Oct 09 10:25:13 UTC 2026","Exceptions — Smoke > Exception History > Pagination","specs\Smoke\8-ExceptionsSmoke.spec.ts","",""
"","8395","Next page arrow advances to page 2","chromium","Fri Oct 09 10:30:46 UTC 2026","passed","Fri Oct 09 10:30:54 UTC 2026","Presented Checks — Smoke > Pagination","specs\Smoke\5-PresentedChecksSmoke.spec.ts","",""
"","6191","Clicking a column header sorts ascending, clicking again sorts descending","msedge","Fri Oct 09 10:19:07 UTC 2026","passed","Fri Oct 09 10:19:14 UTC 2026","Exceptions — Smoke > Exception History > Sorting","specs\Smoke\8-ExceptionsSmoke.spec.ts","",""
"","8524","Next page arrow advances to page 2","msedge","Fri Oct 09 10:14:53 UTC 2026","passed","Fri Oct 09 10:15:02 UTC 2026","Issued Checks — Smoke > Pagination","specs\Smoke\4-IssuedChecksSmoke.spec.ts","",""
"","8132","Validate Login functionality with sqlInjection","webkit","Fri Oct 09 10:11:50 UTC 2026","passed","Fri Oct 09 10:11:58 UTC 2026","Login — Smoke > Login","specs\Smoke\1-LoginSmoke.spec.ts","",""
"","10797","""+ Add Check"" navigates to the add-check form","webkit","Fri Oct 09 10:17:58 UTC 2026","passed","Fri Oct 09 10:18:09 UTC 2026","Presented Checks — Smoke > Navigation","specs\Smoke\5-PresentedChecksSmoke.spec.ts","",""
"","7739","Verify chart title changes with selected tab","chromium","Fri Oct 09 10:27:54 UTC 2026","passed","Fri Oct 09 10:28:02 UTC 2026","Home Dashboard > Dashboard Chart Headings","specs\Smoke\3-HomeDashboardSmoke.spec.ts","",""
"","7229","Excel export button is visible and enabled","chromium","Fri Oct 09 10:30:32 UTC 2026","passed","Fri Oct 09 10:30:39 UTC 2026","Presented Checks — Smoke > Toolbar","specs\Smoke\5-PresentedChecksSmoke.spec.ts","",""
"","5452","ACH page loads correctly","chromium","Fri Oct 09 10:26:07 UTC 2026","passed","Fri Oct 09 10:26:12 UTC 2026","Application Navigation Smoke Tests > Top-level Navigation","specs\Smoke\2-NavigationSmoke.spec.ts","",""
"","25985","Default filter auto-applies after logout and re-login","chromium","Fri Oct 09 10:34:28 UTC 2026","passed","Fri Oct 09 10:34:54 UTC 2026","Exceptions — Smoke > Exception History > Saved Filters > Default Filter","specs\Smoke\8-ExceptionsSmoke.spec.ts","",""
"","8944","Search box filters grid and clears correctly","msedge","Fri Oct 09 10:17:48 UTC 2026","passed","Fri Oct 09 10:17:57 UTC 2026","Exceptions — Smoke > Exception History > Toolbar","specs\Smoke\8-ExceptionsSmoke.spec.ts","",""
"","7438","Verify dashboard tab checked state updates correctly","chromium","Fri Oct 09 10:27:47 UTC 2026","passed","Fri Oct 09 10:27:54 UTC 2026","Home Dashboard > Dashboard Chart Headings","specs\Smoke\3-HomeDashboardSmoke.spec.ts","",""
"","4784","Saved Filters dropdown is visible and defaults to no preset","msedge","Fri Oct 09 10:16:23 UTC 2026","passed","Fri Oct 09 10:16:28 UTC 2026","Presented Checks — Smoke > Saved Filters","specs\Smoke\5-PresentedChecksSmoke.spec.ts","",""
"","14349","Exception History grid loads with data rows and key column headers","firefox","Fri Oct 09 10:23:04 UTC 2026","passed","Fri Oct 09 10:23:18 UTC 2026","Exceptions — Smoke > Exception History > Grid","specs\Smoke\8-ExceptionsSmoke.spec.ts","",""
"","9747","System Log sub-page loads correctly","webkit","Fri Oct 09 10:13:55 UTC 2026","passed","Fri Oct 09 10:14:05 UTC 2026","Application Navigation Smoke Tests > Settings Sub-navigation","specs\Smoke\2-NavigationSmoke.spec.ts","",""
"","11675","ACH Approval Rules sub-page loads correctly","firefox","Fri Oct 09 10:15:33 UTC 2026","passed","Fri Oct 09 10:15:45 UTC 2026","Application Navigation Smoke Tests > Settings Sub-navigation","specs\Smoke\2-NavigationSmoke.spec.ts","",""
"","13793","""Delete"" on a row shows a confirm modal; Cancel dismisses it without deleting","firefox","Fri Oct 09 10:22:24 UTC 2026","passed","Fri Oct 09 10:22:38 UTC 2026","Presented Checks — Smoke > Row Actions","specs\Smoke\5-PresentedChecksSmoke.spec.ts","",""
"","12100","Business Clients sub-page loads correctly","firefox","Fri Oct 09 10:13:34 UTC 2026","passed","Fri Oct 09 10:13:46 UTC 2026","Application Navigation Smoke Tests > Settings Sub-navigation","specs\Smoke\2-NavigationSmoke.spec.ts","",""
"","11897","Saved Filters dropdown is visible and defaults to no preset","webkit","Fri Oct 09 10:22:08 UTC 2026","passed","Fri Oct 09 10:22:20 UTC 2026","ACH — Smoke > Saved Filters","specs\Smoke\7-ACHSmoke.spec.ts","",""
"","6189","Last page arrow jumps to the final page","msedge","Fri Oct 09 10:15:02 UTC 2026","passed","Fri Oct 09 10:15:08 UTC 2026","Issued Checks — Smoke > Pagination","specs\Smoke\4-IssuedChecksSmoke.spec.ts","",""
"","10249","Account Settings sub-page loads correctly","firefox","Fri Oct 09 10:13:24 UTC 2026","passed","Fri Oct 09 10:13:34 UTC 2026","Application Navigation Smoke Tests > Settings Sub-navigation","specs\Smoke\2-NavigationSmoke.spec.ts","",""
"","6189","Verify profile menu shows My Info and Logout links","msedge","Fri Oct 09 10:14:20 UTC 2026","passed","Fri Oct 09 10:14:26 UTC 2026","Home Dashboard > Summary Stats","specs\Smoke\3-HomeDashboardSmoke.spec.ts","",""
"","5539","Automatic Check Decision Rules sub-page loads correctly","chromium","Fri Oct 09 10:27:17 UTC 2026","passed","Fri Oct 09 10:27:23 UTC 2026","Application Navigation Smoke Tests > Settings Sub-navigation","specs\Smoke\2-NavigationSmoke.spec.ts","",""
"","5492","Exceptions breadcrumb link is visible on the page","webkit","Fri Oct 09 10:24:57 UTC 2026","passed","Fri Oct 09 10:25:02 UTC 2026","Exceptions — Smoke > Exception History > Breadcrumb","specs\Smoke\8-ExceptionsSmoke.spec.ts","",""
"","10132","""View"" link on a row opens the Exception Details dialog","webkit","Fri Oct 09 10:24:36 UTC 2026","passed","Fri Oct 09 10:24:46 UTC 2026","Exceptions — Smoke > Exception History > Row Actions","specs\Smoke\8-ExceptionsSmoke.spec.ts","",""
"","6225","Excel export button is visible and enabled","msedge","Fri Oct 09 10:17:18 UTC 2026","passed","Fri Oct 09 10:17:24 UTC 2026","ACH — Smoke > Toolbar","specs\Smoke\7-ACHSmoke.spec.ts","",""
"","6385","Pay/Return decision badge navigates to exception history","msedge","Fri Oct 09 10:17:18 UTC 2026","passed","Fri Oct 09 10:17:24 UTC 2026","Presented Checks — Smoke > Row Actions","specs\Smoke\5-PresentedChecksSmoke.spec.ts","",""
"","8328","Typing a page number navigates to that page","chromium","Fri Oct 09 10:32:44 UTC 2026","passed","Fri Oct 09 10:32:53 UTC 2026","ACH — Smoke > Pagination","specs\Smoke\7-ACHSmoke.spec.ts","",""
"","5389","""Edit"" link on a row navigates to the check edit form","msedge","Fri Oct 09 10:16:02 UTC 2026","passed","Fri Oct 09 10:16:07 UTC 2026","Issued Checks — Smoke > Row Actions","specs\Smoke\4-IssuedChecksSmoke.spec.ts","",""
"","5505","Check Approval Rules sub-page loads correctly","chromium","Fri Oct 09 10:27:23 UTC 2026","passed","Fri Oct 09 10:27:28 UTC 2026","Application Navigation Smoke Tests > Settings Sub-navigation","specs\Smoke\2-NavigationSmoke.spec.ts","",""
"","14228","Roles/Permissions sub-page loads correctly","firefox","Fri Oct 09 10:13:58 UTC 2026","passed","Fri Oct 09 10:14:12 UTC 2026","Application Navigation Smoke Tests > Settings Sub-navigation","specs\Smoke\2-NavigationSmoke.spec.ts","",""
"","7136","""Uploaded Checks"" navigates to the uploads page","msedge","Fri Oct 09 10:14:26 UTC 2026","passed","Fri Oct 09 10:14:33 UTC 2026","Issued Checks — Smoke > Navigation","specs\Smoke\4-IssuedChecksSmoke.spec.ts","",""
"","11785","""View"" (Change Log) link on a row navigates to the entity log","webkit","Fri Oct 09 10:23:24 UTC 2026","passed","Fri Oct 09 10:23:36 UTC 2026","ACH — Smoke > Row Actions","specs\Smoke\7-ACHSmoke.spec.ts","",""
"","7357","Verify dashboard tab checked state updates correctly","msedge","Fri Oct 09 10:13:34 UTC 2026","passed","Fri Oct 09 10:13:41 UTC 2026","Home Dashboard > Dashboard Chart Headings","specs\Smoke\3-HomeDashboardSmoke.spec.ts","",""
"","8956","Verify navigation to Exceptions via nav menu","webkit","Fri Oct 09 10:17:17 UTC 2026","passed","Fri Oct 09 10:17:26 UTC 2026","Home Dashboard > Navigation from Dashboard","specs\Smoke\3-HomeDashboardSmoke.spec.ts","",""
"","8157","Verify dashboard footer footnote and privacy link are visible","chromium","Fri Oct 09 10:28:36 UTC 2026","passed","Fri Oct 09 10:28:45 UTC 2026","Home Dashboard > Summary Stats","specs\Smoke\3-HomeDashboardSmoke.spec.ts","",""
"","7429","Pay/Return decision badge navigates to exception history","chromium","Fri Oct 09 10:32:37 UTC 2026","passed","Fri Oct 09 10:32:44 UTC 2026","Presented Checks — Smoke > Row Actions","specs\Smoke\5-PresentedChecksSmoke.spec.ts","",""
"","12084","Clicking a column header sorts ascending, clicking again sorts descending","firefox","Fri Oct 09 10:21:35 UTC 2026","passed","Fri Oct 09 10:21:47 UTC 2026","Presented Checks — Smoke > Sorting","specs\Smoke\5-PresentedChecksSmoke.spec.ts","",""
"","7689","Business Clients sub-page loads correctly","webkit","Fri Oct 09 10:11:51 UTC 2026","passed","Fri Oct 09 10:11:59 UTC 2026","Application Navigation Smoke Tests > Settings Sub-navigation","specs\Smoke\2-NavigationSmoke.spec.ts","",""
"","4584","Automatic ACH Decision Rules sub-page loads correctly","chromium","Fri Oct 09 10:27:28 UTC 2026","passed","Fri Oct 09 10:27:33 UTC 2026","Application Navigation Smoke Tests > Settings Sub-navigation","specs\Smoke\2-NavigationSmoke.spec.ts","",""
"","10458","Clicking a column header sorts ascending, clicking again sorts descending","webkit","Fri Oct 09 10:18:17 UTC 2026","passed","Fri Oct 09 10:18:28 UTC 2026","Issued Checks — Smoke > Sorting","specs\Smoke\4-IssuedChecksSmoke.spec.ts","",""
"","6537","Decision badge on an already-reviewed row is blocked with a system message","msedge","Fri Oct 09 10:19:28 UTC 2026","passed","Fri Oct 09 10:19:34 UTC 2026","Exceptions — Smoke > Exception History > Row Actions","specs\Smoke\8-ExceptionsSmoke.spec.ts","",""
"","9320","Verify Home dashboard is restored after returning from another page","chromium","Fri Oct 09 10:28:52 UTC 2026","passed","Fri Oct 09 10:29:01 UTC 2026","Home Dashboard > Summary Stats","specs\Smoke\3-HomeDashboardSmoke.spec.ts","",""
"","6552","""View"" (Change Log) link on a row navigates to the entity log","chromium","Fri Oct 09 10:32:23 UTC 2026","passed","Fri Oct 09 10:32:29 UTC 2026","Presented Checks — Smoke > Row Actions","specs\Smoke\5-PresentedChecksSmoke.spec.ts","",""
"","12535","Search box filters grid and clears correctly","webkit","Fri Oct 09 10:20:44 UTC 2026","passed","Fri Oct 09 10:20:56 UTC 2026","ACH — Smoke > Toolbar","specs\Smoke\7-ACHSmoke.spec.ts","",""
"","4504","Pre-Decisions page loads with either records or the empty-state message","msedge","Fri Oct 09 10:19:59 UTC 2026","passed","Fri Oct 09 10:20:03 UTC 2026","Exceptions — Smoke > Pre-Decisions","specs\Smoke\8-ExceptionsSmoke.spec.ts","",""
"","10614","Verify navigation to Settings via nav menu","firefox","Fri Oct 09 10:18:13 UTC 2026","passed","Fri Oct 09 10:18:23 UTC 2026","Home Dashboard > Navigation from Dashboard","specs\Smoke\3-HomeDashboardSmoke.spec.ts","",""
"","5045","Open Exceptions page loads with either exception cards or the empty-state message","firefox","Fri Oct 09 10:27:10 UTC 2026","passed","Fri Oct 09 10:27:15 UTC 2026","Exceptions — Smoke > Open Exceptions","specs\Smoke\8-ExceptionsSmoke.spec.ts","",""
"","5823","Grid View toggle navigates to the open-exceptions grid and shows key column headers","chromium","Fri Oct 09 10:35:35 UTC 2026","passed","Fri Oct 09 10:35:41 UTC 2026","Exceptions — Smoke > Open Exceptions","specs\Smoke\8-ExceptionsSmoke.spec.ts","",""
"","5617","Validate unauthenticated access to protected route is redirected to login","msedge","Fri Oct 09 10:12:52 UTC 2026","passed","Fri Oct 09 10:12:58 UTC 2026","Login — Smoke > Session & Security","specs\Smoke\1-LoginSmoke.spec.ts","",""
"","6101","Clicking a column header sorts ascending, clicking again sorts descending","chromium","Fri Oct 09 10:30:43 UTC 2026","passed","Fri Oct 09 10:30:49 UTC 2026","Issued Checks — Smoke > Sorting","specs\Smoke\4-IssuedChecksSmoke.spec.ts","",""
"","14412","Excel export button is visible and enabled","firefox","Fri Oct 09 10:18:01 UTC 2026","passed","Fri Oct 09 10:18:15 UTC 2026","Issued Checks — Smoke > Toolbar","specs\Smoke\4-IssuedChecksSmoke.spec.ts","",""
"","18147","""View"" link on a row opens the Exception Details dialog","firefox","Fri Oct 09 10:26:29 UTC 2026","passed","Fri Oct 09 10:26:48 UTC 2026","Exceptions — Smoke > Exception History > Row Actions","specs\Smoke\8-ExceptionsSmoke.spec.ts","",""
"","6500","Clicking a column header sorts ascending, clicking again sorts descending","chromium","Fri Oct 09 10:32:01 UTC 2026","passed","Fri Oct 09 10:32:08 UTC 2026","Presented Checks — Smoke > Sorting","specs\Smoke\5-PresentedChecksSmoke.spec.ts","",""
"","6032","Automatic ACH Decision Rules sub-page loads correctly","webkit","Fri Oct 09 10:13:23 UTC 2026","passed","Fri Oct 09 10:13:29 UTC 2026","Application Navigation Smoke Tests > Settings Sub-navigation","specs\Smoke\2-NavigationSmoke.spec.ts","",""
"","12791","Typing a page number navigates to that page","webkit","Fri Oct 09 10:23:05 UTC 2026","passed","Fri Oct 09 10:23:18 UTC 2026","Exceptions — Smoke > Exception History > Pagination","specs\Smoke\8-ExceptionsSmoke.spec.ts","",""
"","26122","Default filter auto-applies after logout and re-login","chromium","Fri Oct 09 10:33:20 UTC 2026","passed","Fri Oct 09 10:33:46 UTC 2026","ACH — Smoke > Saved Filters > Default Filter","specs\Smoke\7-ACHSmoke.spec.ts","",""
"","16209","Next page arrow advances to page 2","firefox","Fri Oct 09 10:24:11 UTC 2026","passed","Fri Oct 09 10:24:28 UTC 2026","Exceptions — Smoke > Exception History > Pagination","specs\Smoke\8-ExceptionsSmoke.spec.ts","",""
"","2329","Default filter auto-applies after logout and re-login","firefox","Fri Oct 09 10:25:48 UTC 2026","skipped","Fri Oct 09 10:25:50 UTC 2026","Exceptions — Smoke > Exception History > Saved Filters > Default Filter","specs\Smoke\8-ExceptionsSmoke.spec.ts","",""
"","6620","Page size change to 10 updates pagination info in bottom-right pager","chromium","Fri Oct 09 10:32:23 UTC 2026","passed","Fri Oct 09 10:32:29 UTC 2026","ACH — Smoke > Pagination","specs\Smoke\7-ACHSmoke.spec.ts","",""
"","11986","Save a filter preset, verify it is auto-selected, then delete it","chromium","Fri Oct 09 10:33:08 UTC 2026","passed","Fri Oct 09 10:33:20 UTC 2026","ACH — Smoke > Saved Filters","specs\Smoke\7-ACHSmoke.spec.ts","",""
"","9891","System Log sub-page loads correctly","firefox","Fri Oct 09 10:16:04 UTC 2026","passed","Fri Oct 09 10:16:14 UTC 2026","Application Navigation Smoke Tests > Settings Sub-navigation","specs\Smoke\2-NavigationSmoke.spec.ts","",""
"","5362","Verify summary KPI values have expected number formats","msedge","Fri Oct 09 10:14:01 UTC 2026","passed","Fri Oct 09 10:14:07 UTC 2026","Home Dashboard > Summary Stats","specs\Smoke\3-HomeDashboardSmoke.spec.ts","",""
"","4736","Validate Login functionality with missingPassword","msedge","Fri Oct 09 10:12:02 UTC 2026","passed","Fri Oct 09 10:12:07 UTC 2026","Login — Smoke > Login","specs\Smoke\1-LoginSmoke.spec.ts","",""
"","5170","Roles/Permissions sub-page loads correctly","chromium","Fri Oct 09 10:26:39 UTC 2026","passed","Fri Oct 09 10:26:44 UTC 2026","Application Navigation Smoke Tests > Settings Sub-navigation","specs\Smoke\2-NavigationSmoke.spec.ts","",""
"","8084","Default Decision Log sub-page loads correctly","firefox","Fri Oct 09 10:15:56 UTC 2026","passed","Fri Oct 09 10:16:04 UTC 2026","Application Navigation Smoke Tests > Settings Sub-navigation","specs\Smoke\2-NavigationSmoke.spec.ts","",""
"","6162","Grid View toggle navigates to the open-exceptions grid and shows key column headers","firefox","Fri Oct 09 10:27:15 UTC 2026","passed","Fri Oct 09 10:27:21 UTC 2026","Exceptions — Smoke > Open Exceptions","specs\Smoke\8-ExceptionsSmoke.spec.ts","",""
"","7812","Excel export button is visible and enabled","firefox","Fri Oct 09 10:19:32 UTC 2026","passed","Fri Oct 09 10:19:40 UTC 2026","Presented Checks — Smoke > Toolbar","specs\Smoke\5-PresentedChecksSmoke.spec.ts","",""
"","8684","Search box filters grid and clears correctly","msedge","Fri Oct 09 10:17:09 UTC 2026","passed","Fri Oct 09 10:17:18 UTC 2026","ACH — Smoke > Toolbar","specs\Smoke\7-ACHSmoke.spec.ts","",""
"","9958","Verify Check Only tab shows Check-specific chart sections","webkit","Fri Oct 09 10:13:45 UTC 2026","passed","Fri Oct 09 10:13:55 UTC 2026","Home Dashboard > Dashboard Chart Headings","specs\Smoke\3-HomeDashboardSmoke.spec.ts","",""
"","5107","Validate Login functionality with sqlInjection","msedge","Fri Oct 09 10:12:12 UTC 2026","passed","Fri Oct 09 10:12:17 UTC 2026","Login — Smoke > Login","specs\Smoke\1-LoginSmoke.spec.ts","",""
"","13837","Typing a page number navigates to that page","firefox","Fri Oct 09 10:24:42 UTC 2026","passed","Fri Oct 09 10:24:56 UTC 2026","Exceptions — Smoke > Exception History > Pagination","specs\Smoke\8-ExceptionsSmoke.spec.ts","",""
"","10096","Previous page button returns to page 1, First page button re-enables disabled state","chromium","Fri Oct 09 10:31:09 UTC 2026","passed","Fri Oct 09 10:31:19 UTC 2026","Presented Checks — Smoke > Pagination","specs\Smoke\5-PresentedChecksSmoke.spec.ts","",""
"","5614","""Edit"" link on a row navigates to the check edit form","chromium","Fri Oct 09 10:30:57 UTC 2026","passed","Fri Oct 09 10:31:03 UTC 2026","Issued Checks — Smoke > Row Actions","specs\Smoke\4-IssuedChecksSmoke.spec.ts","",""
"","9096","Automatic Check Decision Rules sub-page loads correctly","webkit","Fri Oct 09 10:13:06 UTC 2026","passed","Fri Oct 09 10:13:15 UTC 2026","Application Navigation Smoke Tests > Settings Sub-navigation","specs\Smoke\2-NavigationSmoke.spec.ts","",""
"","9520","Column filter popup applies a filter and Clear restores the full row set","msedge","Fri Oct 09 10:15:52 UTC 2026","passed","Fri Oct 09 10:16:02 UTC 2026","Issued Checks — Smoke > Column Filter","specs\Smoke\4-IssuedChecksSmoke.spec.ts","",""
"","9651","File Formats sub-page loads correctly","webkit","Fri Oct 09 10:12:48 UTC 2026","passed","Fri Oct 09 10:12:58 UTC 2026","Application Navigation Smoke Tests > Settings Sub-navigation","specs\Smoke\2-NavigationSmoke.spec.ts","",""
"","5020","Open Exceptions page loads with either exception cards or the empty-state message","msedge","Fri Oct 09 10:19:43 UTC 2026","passed","Fri Oct 09 10:19:48 UTC 2026","Exceptions — Smoke > Open Exceptions","specs\Smoke\8-ExceptionsSmoke.spec.ts","",""
"","16761","Previous page button returns to page 1, First page button re-enables disabled state","webkit","Fri Oct 09 10:17:20 UTC 2026","passed","Fri Oct 09 10:17:37 UTC 2026","Issued Checks — Smoke > Pagination","specs\Smoke\4-IssuedChecksSmoke.spec.ts","",""
"","5053","Notification Templates sub-page loads correctly","msedge","Fri Oct 09 10:13:01 UTC 2026","passed","Fri Oct 09 10:13:06 UTC 2026","Application Navigation Smoke Tests > Settings Sub-navigation","specs\Smoke\2-NavigationSmoke.spec.ts","",""
"","6324","Validate Login functionality with invalidEmailFormat","firefox","Fri Oct 09 10:12:41 UTC 2026","passed","Fri Oct 09 10:12:47 UTC 2026","Login — Smoke > Login","specs\Smoke\1-LoginSmoke.spec.ts","",""
"","8040","Validate Login functionality with incorrectUsername","webkit","Fri Oct 09 10:11:06 UTC 2026","passed","Fri Oct 09 10:11:14 UTC 2026","Login — Smoke > Login","specs\Smoke\1-LoginSmoke.spec.ts","",""
"","16693","Save a filter preset, verify it is auto-selected, then delete it","chromium","Fri Oct 09 10:34:12 UTC 2026","passed","Fri Oct 09 10:34:28 UTC 2026","Exceptions — Smoke > Exception History > Saved Filters","specs\Smoke\8-ExceptionsSmoke.spec.ts","",""
"","6553","Verify ACH Only tab shows ACH-specific chart sections","msedge","Fri Oct 09 10:13:27 UTC 2026","passed","Fri Oct 09 10:13:34 UTC 2026","Home Dashboard > Dashboard Chart Headings","specs\Smoke\3-HomeDashboardSmoke.spec.ts","",""
"","5821","Default filter auto-applies after logout and re-login","msedge","Fri Oct 09 10:18:17 UTC 2026","skipped","Fri Oct 09 10:18:22 UTC 2026","ACH — Smoke > Saved Filters > Default Filter","specs\Smoke\7-ACHSmoke.spec.ts","",""
"","5520","Validate unauthenticated access to protected route is redirected to login","firefox","Fri Oct 09 10:14:05 UTC 2026","passed","Fri Oct 09 10:14:10 UTC 2026","Login — Smoke > Session & Security","specs\Smoke\1-LoginSmoke.spec.ts","",""
"","7548","Settings page loads correctly","webkit","Fri Oct 09 10:11:36 UTC 2026","passed","Fri Oct 09 10:11:43 UTC 2026","Application Navigation Smoke Tests > Top-level Navigation","specs\Smoke\2-NavigationSmoke.spec.ts","",""
"","6976","Decision Files sub-page loads correctly","msedge","Fri Oct 09 10:12:43 UTC 2026","passed","Fri Oct 09 10:12:50 UTC 2026","Application Navigation Smoke Tests > Settings Sub-navigation","specs\Smoke\2-NavigationSmoke.spec.ts","",""
"","5212","Validate Login functionality with sqlInjection","chromium","Fri Oct 09 10:26:23 UTC 2026","passed","Fri Oct 09 10:26:28 UTC 2026","Login — Smoke > Login","specs\Smoke\1-LoginSmoke.spec.ts","",""
"","10235","Issued Checks page loads correctly","firefox","Fri Oct 09 10:12:28 UTC 2026","passed","Fri Oct 09 10:12:38 UTC 2026","Application Navigation Smoke Tests > Top-level Navigation","specs\Smoke\2-NavigationSmoke.spec.ts","",""
"","6387","Default Decision Log sub-page loads correctly","chromium","Fri Oct 09 10:27:47 UTC 2026","passed","Fri Oct 09 10:27:53 UTC 2026","Application Navigation Smoke Tests > Settings Sub-navigation","specs\Smoke\2-NavigationSmoke.spec.ts","",""
"","7262","Verify ACH Only tab shows ACH-specific chart sections","chromium","Fri Oct 09 10:27:40 UTC 2026","passed","Fri Oct 09 10:27:47 UTC 2026","Home Dashboard > Dashboard Chart Headings","specs\Smoke\3-HomeDashboardSmoke.spec.ts","",""
"","15044","Page size change to 10 updates pagination info in bottom-right pager","firefox","Fri Oct 09 10:19:40 UTC 2026","passed","Fri Oct 09 10:19:55 UTC 2026","Presented Checks — Smoke > Pagination","specs\Smoke\5-PresentedChecksSmoke.spec.ts","",""
"","5902","Presented Checks breadcrumb link is visible on the page","msedge","Fri Oct 09 10:17:24 UTC 2026","passed","Fri Oct 09 10:17:30 UTC 2026","Presented Checks — Smoke > Breadcrumb","specs\Smoke\5-PresentedChecksSmoke.spec.ts","",""
"","12222","""+ Add Check"" navigates to the add-check form","firefox","Fri Oct 09 10:17:16 UTC 2026","passed","Fri Oct 09 10:17:28 UTC 2026","Issued Checks — Smoke > Navigation","specs\Smoke\4-IssuedChecksSmoke.spec.ts","",""
"","5813","Validate Login functionality with incorrectPassword","firefox","Fri Oct 09 10:12:29 UTC 2026","passed","Fri Oct 09 10:12:35 UTC 2026","Login — Smoke > Login","specs\Smoke\1-LoginSmoke.spec.ts","",""
"","9334","Home page is accessible and shows dashboard","webkit","Fri Oct 09 10:10:35 UTC 2026","passed","Fri Oct 09 10:10:44 UTC 2026","Application Navigation Smoke Tests > Top-level Navigation","specs\Smoke\2-NavigationSmoke.spec.ts","",""
"","7351","""Delete"" on a row shows a confirm modal; Cancel dismisses it without deleting","chromium","Fri Oct 09 10:32:29 UTC 2026","passed","Fri Oct 09 10:32:37 UTC 2026","Presented Checks — Smoke > Row Actions","specs\Smoke\5-PresentedChecksSmoke.spec.ts","",""
"","11314","Column filter popup applies a filter and Clear restores the full row set","chromium","Fri Oct 09 10:33:53 UTC 2026","passed","Fri Oct 09 10:34:05 UTC 2026","ACH — Smoke > Column Filter","specs\Smoke\7-ACHSmoke.spec.ts","",""
"","9016","Verify navigation to Exceptions via nav menu","chromium","Fri Oct 09 10:29:28 UTC 2026","passed","Fri Oct 09 10:29:37 UTC 2026","Home Dashboard > Navigation from Dashboard","specs\Smoke\3-HomeDashboardSmoke.spec.ts","",""
"","6772","File Processing sub-page loads correctly","msedge","Fri Oct 09 10:13:48 UTC 2026","passed","Fri Oct 09 10:13:55 UTC 2026","Application Navigation Smoke Tests > Settings Sub-navigation","specs\Smoke\2-NavigationSmoke.spec.ts","",""
"","9277","Default filter auto-applies after logout and re-login","webkit","Fri Oct 09 10:20:10 UTC 2026","skipped","Fri Oct 09 10:20:19 UTC 2026","Presented Checks — Smoke > Saved Filters > Default Filter","specs\Smoke\5-PresentedChecksSmoke.spec.ts","",""
"","18973","Verify summary KPI values have expected number formats","webkit","Fri Oct 09 10:14:57 UTC 2026","passed","Fri Oct 09 10:15:16 UTC 2026","Home Dashboard > Summary Stats","specs\Smoke\3-HomeDashboardSmoke.spec.ts","",""
"","15366","Search box filters grid and clears correctly","firefox","Fri Oct 09 10:19:17 UTC 2026","passed","Fri Oct 09 10:19:32 UTC 2026","Presented Checks — Smoke > Toolbar","specs\Smoke\5-PresentedChecksSmoke.spec.ts","",""
"","16394","Clicking a column header sorts ascending, clicking again sorts descending","firefox","Fri Oct 09 10:20:11 UTC 2026","passed","Fri Oct 09 10:20:27 UTC 2026","Issued Checks — Smoke > Sorting","specs\Smoke\4-IssuedChecksSmoke.spec.ts","",""
"","9800","Default filter auto-applies after logout and re-login","webkit","Fri Oct 09 10:22:43 UTC 2026","skipped","Fri Oct 09 10:22:53 UTC 2026","ACH — Smoke > Saved Filters > Default Filter","specs\Smoke\7-ACHSmoke.spec.ts","",""
"","8051","Verify all three dashboard view tabs are visible","webkit","Fri Oct 09 10:13:25 UTC 2026","passed","Fri Oct 09 10:13:33 UTC 2026","Home Dashboard > Page Load","specs\Smoke\3-HomeDashboardSmoke.spec.ts","",""
"","11794","Verify navigation to Presented Checks via nav menu","firefox","Fri Oct 09 10:17:40 UTC 2026","passed","Fri Oct 09 10:17:51 UTC 2026","Home Dashboard > Navigation from Dashboard","specs\Smoke\3-HomeDashboardSmoke.spec.ts","",""
"","8126","Page size change to 10 updates pagination info in bottom-right pager","webkit","Fri Oct 09 10:18:40 UTC 2026","passed","Fri Oct 09 10:18:48 UTC 2026","Presented Checks — Smoke > Pagination","specs\Smoke\5-PresentedChecksSmoke.spec.ts","",""
"","11280","Verify delayed data note and force refresh link are visible on dashboard","firefox","Fri Oct 09 10:16:36 UTC 2026","passed","Fri Oct 09 10:16:48 UTC 2026","Home Dashboard > Summary Stats","specs\Smoke\3-HomeDashboardSmoke.spec.ts","",""
"","5031","Clicking a column header sorts ascending, clicking again sorts descending","chromium","Fri Oct 09 10:34:54 UTC 2026","passed","Fri Oct 09 10:34:59 UTC 2026","Exceptions — Smoke > Exception History > Sorting","specs\Smoke\8-ExceptionsSmoke.spec.ts","",""
"","3398","Approvals page loads with either records or the empty-state message","webkit","Fri Oct 09 10:25:19 UTC 2026","passed","Fri Oct 09 10:25:23 UTC 2026","Exceptions — Smoke > Approvals","specs\Smoke\8-ExceptionsSmoke.spec.ts","",""
"","10352","ACH breadcrumb link is visible on the page","webkit","Fri Oct 09 10:24:16 UTC 2026","passed","Fri Oct 09 10:24:26 UTC 2026","ACH — Smoke > Breadcrumb","specs\Smoke\7-ACHSmoke.spec.ts","",""
"","7644","""Delete"" on a row shows a confirm modal; Cancel dismisses it without deleting","msedge","Fri Oct 09 10:16:14 UTC 2026","passed","Fri Oct 09 10:16:21 UTC 2026","Issued Checks — Smoke > Row Actions","specs\Smoke\4-IssuedChecksSmoke.spec.ts","",""
"","12975","Page size change to 10 updates pagination info in bottom-right pager","firefox","Fri Oct 09 10:18:15 UTC 2026","passed","Fri Oct 09 10:18:28 UTC 2026","Issued Checks — Smoke > Pagination","specs\Smoke\4-IssuedChecksSmoke.spec.ts","",""
"","6923","Verify Combined View shows all chart sections","chromium","Fri Oct 09 10:27:26 UTC 2026","passed","Fri Oct 09 10:27:33 UTC 2026","Home Dashboard > Dashboard Chart Headings","specs\Smoke\3-HomeDashboardSmoke.spec.ts","",""
"","11843","Users sub-page loads correctly","firefox","Fri Oct 09 10:13:46 UTC 2026","passed","Fri Oct 09 10:13:58 UTC 2026","Application Navigation Smoke Tests > Settings Sub-navigation","specs\Smoke\2-NavigationSmoke.spec.ts","",""
"","7058","Verify delayed data note and force refresh link are visible on dashboard","msedge","Fri Oct 09 10:14:07 UTC 2026","passed","Fri Oct 09 10:14:14 UTC 2026","Home Dashboard > Summary Stats","specs\Smoke\3-HomeDashboardSmoke.spec.ts","",""
"","5169","Settings page loads correctly","chromium","Fri Oct 09 10:26:18 UTC 2026","passed","Fri Oct 09 10:26:23 UTC 2026","Application Navigation Smoke Tests > Top-level Navigation","specs\Smoke\2-NavigationSmoke.spec.ts","",""
"","8723","Branding sub-page loads correctly","webkit","Fri Oct 09 10:12:14 UTC 2026","passed","Fri Oct 09 10:12:23 UTC 2026","Application Navigation Smoke Tests > Settings Sub-navigation","specs\Smoke\2-NavigationSmoke.spec.ts","",""
"","8479","Column filter popup applies a filter and Clear restores the full row set","chromium","Fri Oct 09 10:32:08 UTC 2026","passed","Fri Oct 09 10:32:16 UTC 2026","Presented Checks — Smoke > Column Filter","specs\Smoke\5-PresentedChecksSmoke.spec.ts","",""
"","9629","Next page arrow advances to page 2","chromium","Fri Oct 09 10:29:17 UTC 2026","passed","Fri Oct 09 10:29:27 UTC 2026","Issued Checks — Smoke > Pagination","specs\Smoke\4-IssuedChecksSmoke.spec.ts","",""
"","8620","Verify Total Exceptions and Total Exception Amount labels are visible","webkit","Fri Oct 09 10:14:48 UTC 2026","passed","Fri Oct 09 10:14:57 UTC 2026","Home Dashboard > Summary Stats","specs\Smoke\3-HomeDashboardSmoke.spec.ts","",""
"","13430","""Delete"" on a row shows a confirm modal; Cancel dismisses it without deleting","webkit","Fri Oct 09 10:23:36 UTC 2026","passed","Fri Oct 09 10:23:49 UTC 2026","ACH — Smoke > Row Actions","specs\Smoke\7-ACHSmoke.spec.ts","",""
"","7305","Verify navigation to Issued Checks via nav menu","msedge","Fri Oct 09 10:14:33 UTC 2026","passed","Fri Oct 09 10:14:40 UTC 2026","Home Dashboard > Navigation from Dashboard","specs\Smoke\3-HomeDashboardSmoke.spec.ts","",""
"","7426","Clicking a column header sorts ascending, clicking again sorts descending","chromium","Fri Oct 09 10:33:46 UTC 2026","passed","Fri Oct 09 10:33:53 UTC 2026","ACH — Smoke > Sorting","specs\Smoke\7-ACHSmoke.spec.ts","",""
"","8595","Settings page loads correctly","firefox","Fri Oct 09 10:13:15 UTC 2026","passed","Fri Oct 09 10:13:24 UTC 2026","Application Navigation Smoke Tests > Top-level Navigation","specs\Smoke\2-NavigationSmoke.spec.ts","",""
"","5672","Issued Checks page loads correctly","chromium","Fri Oct 09 10:25:51 UTC 2026","passed","Fri Oct 09 10:25:56 UTC 2026","Application Navigation Smoke Tests > Top-level Navigation","specs\Smoke\2-NavigationSmoke.spec.ts","",""
"","5827","Holiday Schedules sub-page loads correctly","chromium","Fri Oct 09 10:27:01 UTC 2026","passed","Fri Oct 09 10:27:06 UTC 2026","Application Navigation Smoke Tests > Settings Sub-navigation","specs\Smoke\2-NavigationSmoke.spec.ts","",""
"","7831","Teller page loads correctly","webkit","Fri Oct 09 10:11:13 UTC 2026","passed","Fri Oct 09 10:11:20 UTC 2026","Application Navigation Smoke Tests > Top-level Navigation","specs\Smoke\2-NavigationSmoke.spec.ts","",""
"","9585","File Processing sub-page loads correctly","webkit","Fri Oct 09 10:14:05 UTC 2026","passed","Fri Oct 09 10:14:15 UTC 2026","Application Navigation Smoke Tests > Settings Sub-navigation","specs\Smoke\2-NavigationSmoke.spec.ts","",""
"","8000","Typing a page number navigates to that page","msedge","Fri Oct 09 10:18:27 UTC 2026","passed","Fri Oct 09 10:18:35 UTC 2026","Exceptions — Smoke > Exception History > Pagination","specs\Smoke\8-ExceptionsSmoke.spec.ts","",""
"","13395","Last page arrow jumps to the final page","firefox","Fri Oct 09 10:18:42 UTC 2026","passed","Fri Oct 09 10:18:55 UTC 2026","Issued Checks — Smoke > Pagination","specs\Smoke\4-IssuedChecksSmoke.spec.ts","",""
"","19110","Validate Login functionality with correctCredentials","firefox","Fri Oct 09 10:11:58 UTC 2026","passed","Fri Oct 09 10:12:17 UTC 2026","Login — Smoke > Login","specs\Smoke\1-LoginSmoke.spec.ts","",""
"","3256","Pre-Decisions page loads with either records or the empty-state message","webkit","Fri Oct 09 10:25:23 UTC 2026","passed","Fri Oct 09 10:25:26 UTC 2026","Exceptions — Smoke > Pre-Decisions","specs\Smoke\8-ExceptionsSmoke.spec.ts","",""
"","6275","API link is visible and points to swagger","chromium","Fri Oct 09 10:28:06 UTC 2026","passed","Fri Oct 09 10:28:12 UTC 2026","Application Navigation Smoke Tests > Settings Sub-navigation","specs\Smoke\2-NavigationSmoke.spec.ts","",""
"","11063","""Edit"" link on a row navigates to the check edit form","firefox","Fri Oct 09 10:22:01 UTC 2026","passed","Fri Oct 09 10:22:12 UTC 2026","Presented Checks — Smoke > Row Actions","specs\Smoke\5-PresentedChecksSmoke.spec.ts","",""
"","6064","""Uploaded Checks"" navigates to the uploads page","chromium","Fri Oct 09 10:28:42 UTC 2026","passed","Fri Oct 09 10:28:48 UTC 2026","Issued Checks — Smoke > Navigation","specs\Smoke\4-IssuedChecksSmoke.spec.ts","",""
"","8695","Exceptions page loads correctly","firefox","Fri Oct 09 10:13:07 UTC 2026","passed","Fri Oct 09 10:13:15 UTC 2026","Application Navigation Smoke Tests > Top-level Navigation","specs\Smoke\2-NavigationSmoke.spec.ts","",""
"","8353","Column filter popup applies a filter and Clear restores the full row set","chromium","Fri Oct 09 10:30:49 UTC 2026","passed","Fri Oct 09 10:30:57 UTC 2026","Issued Checks — Smoke > Column Filter","specs\Smoke\4-IssuedChecksSmoke.spec.ts","",""
"","7045","Column filter menu applies a filter and Clear restores the full row set","msedge","Fri Oct 09 10:19:14 UTC 2026","passed","Fri Oct 09 10:19:21 UTC 2026","Exceptions — Smoke > Exception History > Column Filter","specs\Smoke\8-ExceptionsSmoke.spec.ts","",""
"","10790","Next page arrow advances to page 2","webkit","Fri Oct 09 10:16:47 UTC 2026","passed","Fri Oct 09 10:16:58 UTC 2026","Issued Checks — Smoke > Pagination","specs\Smoke\4-IssuedChecksSmoke.spec.ts","",""
"","5606","Page size change to 10 updates pagination info in bottom-right pager","msedge","Fri Oct 09 10:15:47 UTC 2026","passed","Fri Oct 09 10:15:52 UTC 2026","Presented Checks — Smoke > Pagination","specs\Smoke\5-PresentedChecksSmoke.spec.ts","",""
"","16625","Grid loads with data rows and key column headers","firefox","Fri Oct 09 10:16:48 UTC 2026","passed","Fri Oct 09 10:17:05 UTC 2026","Issued Checks — Smoke > Grid","specs\Smoke\4-IssuedChecksSmoke.spec.ts","",""
"","10507","""+ Add Check"" navigates to the add-check form","chromium","Fri Oct 09 10:30:02 UTC 2026","passed","Fri Oct 09 10:30:12 UTC 2026","Presented Checks — Smoke > Navigation","specs\Smoke\5-PresentedChecksSmoke.spec.ts","",""
"","9395","Page size change to 10 updates pagination info in bottom-right pager","chromium","Fri Oct 09 10:29:08 UTC 2026","passed","Fri Oct 09 10:29:17 UTC 2026","Issued Checks — Smoke > Pagination","specs\Smoke\4-IssuedChecksSmoke.spec.ts","",""
"","4479","Exceptions breadcrumb link is visible on the page","chromium","Fri Oct 09 10:35:20 UTC 2026","passed","Fri Oct 09 10:35:25 UTC 2026","Exceptions — Smoke > Exception History > Breadcrumb","specs\Smoke\8-ExceptionsSmoke.spec.ts","",""
"","5755","Web Hooks sub-page loads correctly","msedge","Fri Oct 09 10:14:01 UTC 2026","passed","Fri Oct 09 10:14:07 UTC 2026","Application Navigation Smoke Tests > Settings Sub-navigation","specs\Smoke\2-NavigationSmoke.spec.ts","",""
"","5608","Navigation tabs to Pre-Decisions, Approvals, and Exception History are visible","chromium","Fri Oct 09 10:35:25 UTC 2026","passed","Fri Oct 09 10:35:30 UTC 2026","Exceptions — Smoke > Open Exceptions","specs\Smoke\8-ExceptionsSmoke.spec.ts","",""
"","8355","ACH page loads correctly","webkit","Fri Oct 09 10:11:20 UTC 2026","passed","Fri Oct 09 10:11:29 UTC 2026","Application Navigation Smoke Tests > Top-level Navigation","specs\Smoke\2-NavigationSmoke.spec.ts","",""
"","10141","Decision badge on an already-reviewed row is blocked with a system message","webkit","Fri Oct 09 10:24:46 UTC 2026","passed","Fri Oct 09 10:24:57 UTC 2026","Exceptions — Smoke > Exception History > Row Actions","specs\Smoke\8-ExceptionsSmoke.spec.ts","",""
"","11875","Validate Login functionality with correctCredentials","msedge","Fri Oct 09 10:11:17 UTC 2026","passed","Fri Oct 09 10:11:29 UTC 2026","Login — Smoke > Login","specs\Smoke\1-LoginSmoke.spec.ts","",""
"","16396","Column filter popup applies a filter and Clear restores the full row set","webkit","Fri Oct 09 10:20:30 UTC 2026","passed","Fri Oct 09 10:20:46 UTC 2026","Presented Checks — Smoke > Column Filter","specs\Smoke\5-PresentedChecksSmoke.spec.ts","",""
"","6489","Notification Log sub-page loads correctly","msedge","Fri Oct 09 10:13:27 UTC 2026","passed","Fri Oct 09 10:13:33 UTC 2026","Application Navigation Smoke Tests > Settings Sub-navigation","specs\Smoke\2-NavigationSmoke.spec.ts","",""
"","13018","Save a filter preset, verify it is auto-selected, then delete it","chromium","Fri Oct 09 10:30:04 UTC 2026","passed","Fri Oct 09 10:30:17 UTC 2026","Issued Checks — Smoke > Saved Filters","specs\Smoke\4-IssuedChecksSmoke.spec.ts","",""
"","21972","Verify profile menu shows My Info and Logout links","webkit","Fri Oct 09 10:16:00 UTC 2026","passed","Fri Oct 09 10:16:22 UTC 2026","Home Dashboard > Summary Stats","specs\Smoke\3-HomeDashboardSmoke.spec.ts","",""
"","5248","Validate forgot password functionality with No email","msedge","Fri Oct 09 10:12:32 UTC 2026","passed","Fri Oct 09 10:12:38 UTC 2026","Login — Smoke > Forgot Password","specs\Smoke\1-LoginSmoke.spec.ts","",""
"","8231","Branding sub-page loads correctly","firefox","Fri Oct 09 10:14:12 UTC 2026","passed","Fri Oct 09 10:14:21 UTC 2026","Application Navigation Smoke Tests > Settings Sub-navigation","specs\Smoke\2-NavigationSmoke.spec.ts","",""
"","12057","Decision Files sub-page loads correctly","firefox","Fri Oct 09 10:14:32 UTC 2026","passed","Fri Oct 09 10:14:44 UTC 2026","Application Navigation Smoke Tests > Settings Sub-navigation","specs\Smoke\2-NavigationSmoke.spec.ts","",""
"","7408","Teller page loads correctly","firefox","Fri Oct 09 10:12:49 UTC 2026","passed","Fri Oct 09 10:12:56 UTC 2026","Application Navigation Smoke Tests > Top-level Navigation","specs\Smoke\2-NavigationSmoke.spec.ts","",""
"","14205","""View"" (Change Log) link on a row navigates to the entity log","firefox","Fri Oct 09 10:20:58 UTC 2026","passed","Fri Oct 09 10:21:12 UTC 2026","Issued Checks — Smoke > Row Actions","specs\Smoke\4-IssuedChecksSmoke.spec.ts","",""
"","6677","""Delete"" on a row shows a confirm modal; Cancel dismisses it without deleting","msedge","Fri Oct 09 10:18:44 UTC 2026","passed","Fri Oct 09 10:18:51 UTC 2026","ACH — Smoke > Row Actions","specs\Smoke\7-ACHSmoke.spec.ts","",""
"","5186","File Formats sub-page loads correctly","chromium","Fri Oct 09 10:27:07 UTC 2026","passed","Fri Oct 09 10:27:12 UTC 2026","Application Navigation Smoke Tests > Settings Sub-navigation","specs\Smoke\2-NavigationSmoke.spec.ts","",""
"","8528","Presented Checks breadcrumb link is visible on the page","chromium","Fri Oct 09 10:32:44 UTC 2026","passed","Fri Oct 09 10:32:53 UTC 2026","Presented Checks — Smoke > Breadcrumb","specs\Smoke\5-PresentedChecksSmoke.spec.ts","",""
"","14157","""+ Add ACH"" navigates to the add-ACH form","firefox","Fri Oct 09 10:22:24 UTC 2026","passed","Fri Oct 09 10:22:38 UTC 2026","ACH — Smoke > Navigation","specs\Smoke\7-ACHSmoke.spec.ts","",""
"","6609","Exception History grid loads with data rows and key column headers","chromium","Fri Oct 09 10:32:53 UTC 2026","passed","Fri Oct 09 10:32:59 UTC 2026","Exceptions — Smoke > Exception History > Grid","specs\Smoke\8-ExceptionsSmoke.spec.ts","",""
"","7927","Column filter popup applies a filter and Clear restores the full row set","msedge","Fri Oct 09 10:18:29 UTC 2026","passed","Fri Oct 09 10:18:37 UTC 2026","ACH — Smoke > Column Filter","specs\Smoke\7-ACHSmoke.spec.ts","",""
"","11197","Verify navigation to Settings via nav menu","webkit","Fri Oct 09 10:17:26 UTC 2026","passed","Fri Oct 09 10:17:37 UTC 2026","Home Dashboard > Navigation from Dashboard","specs\Smoke\3-HomeDashboardSmoke.spec.ts","",""
"","14284","Previous page button returns to page 1, First page button re-enables disabled state","firefox","Fri Oct 09 10:19:10 UTC 2026","passed","Fri Oct 09 10:19:24 UTC 2026","Issued Checks — Smoke > Pagination","specs\Smoke\4-IssuedChecksSmoke.spec.ts","",""
"","6435","Clicking a column header sorts ascending, clicking again sorts descending","msedge","Fri Oct 09 10:18:22 UTC 2026","passed","Fri Oct 09 10:18:29 UTC 2026","ACH — Smoke > Sorting","specs\Smoke\7-ACHSmoke.spec.ts","",""
"","11699","File Processing sub-page loads correctly","firefox","Fri Oct 09 10:16:14 UTC 2026","passed","Fri Oct 09 10:16:25 UTC 2026","Application Navigation Smoke Tests > Settings Sub-navigation","specs\Smoke\2-NavigationSmoke.spec.ts","",""
"","4945","Billing Reports sub-page loads correctly","chromium","Fri Oct 09 10:26:49 UTC 2026","passed","Fri Oct 09 10:26:54 UTC 2026","Application Navigation Smoke Tests > Settings Sub-navigation","specs\Smoke\2-NavigationSmoke.spec.ts","",""
"","9952","""View"" (Change Log) link on a row navigates to the entity log","webkit","Fri Oct 09 10:20:57 UTC 2026","passed","Fri Oct 09 10:21:07 UTC 2026","Presented Checks — Smoke > Row Actions","specs\Smoke\5-PresentedChecksSmoke.spec.ts","",""
"","5972","Validate teller presented-check form shows all required fields","msedge","Fri Oct 09 10:16:28 UTC 2026","passed","Fri Oct 09 10:16:34 UTC 2026","Teller — Smoke > Add Check Form","specs\Smoke\6-TellerSmoke.spec.ts","",""
"","9793","Column filter popup applies a filter and Clear restores the full row set","msedge","Fri Oct 09 10:16:49 UTC 2026","passed","Fri Oct 09 10:16:59 UTC 2026","Presented Checks — Smoke > Column Filter","specs\Smoke\5-PresentedChecksSmoke.spec.ts","",""
"","8054","Search box filters grid and clears correctly","chromium","Fri Oct 09 10:32:08 UTC 2026","passed","Fri Oct 09 10:32:16 UTC 2026","ACH — Smoke > Toolbar","specs\Smoke\7-ACHSmoke.spec.ts","",""
"","6964","Verify navigation to Issued Checks via nav menu","chromium","Fri Oct 09 10:29:01 UTC 2026","passed","Fri Oct 09 10:29:08 UTC 2026","Home Dashboard > Navigation from Dashboard","specs\Smoke\3-HomeDashboardSmoke.spec.ts","",""
"","22420","Save a filter preset, verify it is auto-selected, then delete it","firefox","Fri Oct 09 10:25:26 UTC 2026","passed","Fri Oct 09 10:25:48 UTC 2026","Exceptions — Smoke > Exception History > Saved Filters","specs\Smoke\8-ExceptionsSmoke.spec.ts","",""
"","14568","Last page arrow jumps to the final page","firefox","Fri Oct 09 10:24:28 UTC 2026","passed","Fri Oct 09 10:24:42 UTC 2026","Exceptions — Smoke > Exception History > Pagination","specs\Smoke\8-ExceptionsSmoke.spec.ts","",""
"","5340","Validate Login functionality with missingUsername","msedge","Fri Oct 09 10:12:07 UTC 2026","passed","Fri Oct 09 10:12:12 UTC 2026","Login — Smoke > Login","specs\Smoke\1-LoginSmoke.spec.ts","",""
"","8131","Validate Login functionality with incorrectPassword","webkit","Fri Oct 09 10:10:58 UTC 2026","passed","Fri Oct 09 10:11:06 UTC 2026","Login — Smoke > Login","specs\Smoke\1-LoginSmoke.spec.ts","",""
"","5250","Validate Login functionality with missingPassword","chromium","Fri Oct 09 10:26:12 UTC 2026","passed","Fri Oct 09 10:26:18 UTC 2026","Login — Smoke > Login","specs\Smoke\1-LoginSmoke.spec.ts","",""
"","11710","Next page arrow advances to page 2","firefox","Fri Oct 09 10:19:55 UTC 2026","passed","Fri Oct 09 10:20:07 UTC 2026","Presented Checks — Smoke > Pagination","specs\Smoke\5-PresentedChecksSmoke.spec.ts","",""
"","5485","Validate Login functionality with emptyFields","msedge","Fri Oct 09 10:11:56 UTC 2026","passed","Fri Oct 09 10:12:02 UTC 2026","Login — Smoke > Login","specs\Smoke\1-LoginSmoke.spec.ts","",""
"","8088","Verify summary KPI values have expected number formats","chromium","Fri Oct 09 10:28:18 UTC 2026","passed","Fri Oct 09 10:28:26 UTC 2026","Home Dashboard > Summary Stats","specs\Smoke\3-HomeDashboardSmoke.spec.ts","",""
"","6516","Validate Login functionality with caseSensitiveEmail","chromium","Fri Oct 09 10:25:46 UTC 2026","passed","Fri Oct 09 10:25:53 UTC 2026","Login — Smoke > Login","specs\Smoke\1-LoginSmoke.spec.ts","",""
"","21672","""Uploaded Checks"" navigates to the uploads page","webkit","Fri Oct 09 10:15:36 UTC 2026","passed","Fri Oct 09 10:15:58 UTC 2026","Issued Checks — Smoke > Navigation","specs\Smoke\4-IssuedChecksSmoke.spec.ts","",""
"","26334","Save a filter preset, verify it is auto-selected, then delete it","webkit","Fri Oct 09 10:23:47 UTC 2026","passed","Fri Oct 09 10:24:13 UTC 2026","Exceptions — Smoke > Exception History > Saved Filters","specs\Smoke\8-ExceptionsSmoke.spec.ts","",""
"","6379","Verify navigation to Presented Checks via nav menu","msedge","Fri Oct 09 10:14:40 UTC 2026","passed","Fri Oct 09 10:14:47 UTC 2026","Home Dashboard > Navigation from Dashboard","specs\Smoke\3-HomeDashboardSmoke.spec.ts","",""
"","8450","Typing a page number navigates to that page","chromium","Fri Oct 09 10:29:36 UTC 2026","passed","Fri Oct 09 10:29:45 UTC 2026","Issued Checks — Smoke > Pagination","specs\Smoke\4-IssuedChecksSmoke.spec.ts","",""
"","10590","Grid loads with data rows and key column headers","webkit","Fri Oct 09 10:17:37 UTC 2026","passed","Fri Oct 09 10:17:48 UTC 2026","Presented Checks — Smoke > Grid","specs\Smoke\5-PresentedChecksSmoke.spec.ts","",""
"","4287","Approvals page loads with either records or the empty-state message","msedge","Fri Oct 09 10:19:54 UTC 2026","passed","Fri Oct 09 10:19:59 UTC 2026","Exceptions — Smoke > Approvals","specs\Smoke\8-ExceptionsSmoke.spec.ts","",""
"","5879","Excel export button is visible and enabled","msedge","Fri Oct 09 10:14:41 UTC 2026","passed","Fri Oct 09 10:14:47 UTC 2026","Issued Checks — Smoke > Toolbar","specs\Smoke\4-IssuedChecksSmoke.spec.ts","",""
"","10042","Verify ACH Only tab shows ACH-specific chart sections","webkit","Fri Oct 09 10:13:55 UTC 2026","passed","Fri Oct 09 10:14:05 UTC 2026","Home Dashboard > Dashboard Chart Headings","specs\Smoke\3-HomeDashboardSmoke.spec.ts","",""
"","11168","Verify all three dashboard view tabs are visible","firefox","Fri Oct 09 10:14:32 UTC 2026","passed","Fri Oct 09 10:14:43 UTC 2026","Home Dashboard > Page Load","specs\Smoke\3-HomeDashboardSmoke.spec.ts","",""
"","13092","""Uploaded ACH"" navigates to the uploads page","webkit","Fri Oct 09 10:20:31 UTC 2026","passed","Fri Oct 09 10:20:44 UTC 2026","ACH — Smoke > Navigation","specs\Smoke\7-ACHSmoke.spec.ts","",""
"","5304","Open Exceptions page loads with either exception cards or the empty-state message","chromium","Fri Oct 09 10:35:30 UTC 2026","passed","Fri Oct 09 10:35:35 UTC 2026","Exceptions — Smoke > Open Exceptions","specs\Smoke\8-ExceptionsSmoke.spec.ts","",""
"","5705","""Uploaded Checks"" navigates to the uploads page","msedge","Fri Oct 09 10:15:23 UTC 2026","passed","Fri Oct 09 10:15:29 UTC 2026","Presented Checks — Smoke > Navigation","specs\Smoke\5-PresentedChecksSmoke.spec.ts","",""
"","6385","Issued Checks breadcrumb link is visible on the page","chromium","Fri Oct 09 10:31:19 UTC 2026","passed","Fri Oct 09 10:31:25 UTC 2026","Issued Checks — Smoke > Breadcrumb","specs\Smoke\4-IssuedChecksSmoke.spec.ts","",""
"","8138","Validate Login functionality with veryLongInput","webkit","Fri Oct 09 10:12:06 UTC 2026","passed","Fri Oct 09 10:12:14 UTC 2026","Login — Smoke > Login","specs\Smoke\1-LoginSmoke.spec.ts","",""
"","11163","Search box filters grid and clears correctly","webkit","Fri Oct 09 10:18:19 UTC 2026","passed","Fri Oct 09 10:18:30 UTC 2026","Presented Checks — Smoke > Toolbar","specs\Smoke\5-PresentedChecksSmoke.spec.ts","",""
