"DESCRIPTION","DURATION IN MS","NAME","PARENT SUITE","START TIME","STATUS","STOP TIME","SUB SUITE","SUITE","TEST CLASS","TEST METHOD"
"","13182","Exceptions breadcrumb link is visible on the page","webkit","Wed Sep 02 10:41:15 UTC 2026","passed","Wed Sep 02 10:41:28 UTC 2026","Exceptions — Smoke (Continued)","specs\Smoke\8-ExceptionsSmoke.spec.ts","",""
"","5647","Account Settings sub-page loads correctly","msedge","Wed Sep 02 10:07:18 UTC 2026","passed","Wed Sep 02 10:07:23 UTC 2026","Application Navigation Smoke Tests","specs\Smoke\2-NavigationSmoke.spec.ts","",""
"","15448","Decision Files sub-page loads correctly","firefox","Wed Sep 02 10:09:52 UTC 2026","passed","Wed Sep 02 10:10:07 UTC 2026","Application Navigation Smoke Tests","specs\Smoke\2-NavigationSmoke.spec.ts","",""
"","16345","Saved Filters dropdown is visible and defaults to no preset","webkit","Wed Sep 02 10:37:45 UTC 2026","passed","Wed Sep 02 10:38:02 UTC 2026","ACH — Smoke","specs\Smoke\7-ACHSmoke.spec.ts","",""
"","7518","Validate unauthenticated access to protected route is redirected to login","firefox","Wed Sep 02 10:08:39 UTC 2026","passed","Wed Sep 02 10:08:46 UTC 2026","","specs\Smoke\1-LoginSmoke.spec.ts","",""
"","7665","Verify navigation to ACH via nav menu","chromium","Wed Sep 02 10:09:58 UTC 2026","passed","Wed Sep 02 10:10:05 UTC 2026","Home Dashboard","specs\Smoke\3-HomeDashboardSmoke.spec.ts","",""
"","8945","Web Hooks sub-page loads correctly","msedge","Wed Sep 02 10:09:40 UTC 2026","passed","Wed Sep 02 10:09:49 UTC 2026","Application Navigation Smoke Tests","specs\Smoke\2-NavigationSmoke.spec.ts","",""
"","7551","Presented Checks breadcrumb link is visible on the page","chromium","Wed Sep 02 10:13:40 UTC 2026","passed","Wed Sep 02 10:13:47 UTC 2026","Presented Checks — Smoke (Continued)","specs\Smoke\5-PresentedChecksSmoke.spec.ts","",""
"","26117","Default filter auto-applies after logout and re-login","chromium","Wed Sep 02 10:15:14 UTC 2026","passed","Wed Sep 02 10:15:40 UTC 2026","Exceptions — Default Filter (Serial)","specs\Smoke\8-ExceptionsSmoke.spec.ts","",""
"","4574","Validate Login functionality with invalidEmailFormat","chromium","Wed Sep 02 10:06:56 UTC 2026","passed","Wed Sep 02 10:07:01 UTC 2026","","specs\Smoke\1-LoginSmoke.spec.ts","",""
"","4452","Validate Login functionality with missingUsername","chromium","Wed Sep 02 10:07:12 UTC 2026","passed","Wed Sep 02 10:07:16 UTC 2026","","specs\Smoke\1-LoginSmoke.spec.ts","",""
"","18574","Column filter menu applies a filter and Clear restores the full row set","firefox","Wed Sep 02 10:24:40 UTC 2026","passed","Wed Sep 02 10:24:59 UTC 2026","Exceptions — Smoke (Continued)","specs\Smoke\8-ExceptionsSmoke.spec.ts","",""
"","14396","Default Decision Log sub-page loads correctly","firefox","Wed Sep 02 10:12:08 UTC 2026","passed","Wed Sep 02 10:12:22 UTC 2026","Application Navigation Smoke Tests","specs\Smoke\2-NavigationSmoke.spec.ts","",""
"","12835","Verify dashboard footer footnote and privacy link are visible","webkit","Wed Sep 02 10:28:19 UTC 2026","passed","Wed Sep 02 10:28:32 UTC 2026","Home Dashboard","specs\Smoke\3-HomeDashboardSmoke.spec.ts","",""
"","8739","Saved Filters dropdown is visible and defaults to no preset","msedge","Wed Sep 02 10:13:52 UTC 2026","passed","Wed Sep 02 10:14:01 UTC 2026","ACH — Smoke","specs\Smoke\7-ACHSmoke.spec.ts","",""
"","4439","Exceptions breadcrumb link is visible on the page","msedge","Wed Sep 02 10:16:31 UTC 2026","passed","Wed Sep 02 10:16:35 UTC 2026","Exceptions — Smoke (Continued)","specs\Smoke\8-ExceptionsSmoke.spec.ts","",""
"","16721","Presented Checks breadcrumb link is visible on the page","firefox","Wed Sep 02 10:19:10 UTC 2026","passed","Wed Sep 02 10:19:27 UTC 2026","Presented Checks — Smoke (Continued)","specs\Smoke\5-PresentedChecksSmoke.spec.ts","",""
"","14370","Excel export button is visible and enabled","webkit","Wed Sep 02 10:32:09 UTC 2026","passed","Wed Sep 02 10:32:23 UTC 2026","Presented Checks — Smoke","specs\Smoke\5-PresentedChecksSmoke.spec.ts","",""
"","8242","""View"" (Change Log) link on a row navigates to the entity log","msedge","Wed Sep 02 10:14:01 UTC 2026","passed","Wed Sep 02 10:14:09 UTC 2026","Presented Checks — Smoke (Continued)","specs\Smoke\5-PresentedChecksSmoke.spec.ts","",""
"","6407","Validate Login functionality with missingPassword","chromium","Wed Sep 02 10:07:05 UTC 2026","passed","Wed Sep 02 10:07:12 UTC 2026","","specs\Smoke\1-LoginSmoke.spec.ts","",""
"","8800","Check Approval Rules sub-page loads correctly","msedge","Wed Sep 02 10:08:38 UTC 2026","passed","Wed Sep 02 10:08:46 UTC 2026","Application Navigation Smoke Tests","specs\Smoke\2-NavigationSmoke.spec.ts","",""
"","9164","Last page arrow jumps to the final page","chromium","Wed Sep 02 10:11:05 UTC 2026","passed","Wed Sep 02 10:11:15 UTC 2026","Issued Checks — Smoke","specs\Smoke\4-IssuedChecksSmoke.spec.ts","",""
"","8804","Excel export button is visible and enabled","msedge","Wed Sep 02 10:11:02 UTC 2026","passed","Wed Sep 02 10:11:11 UTC 2026","Presented Checks — Smoke","specs\Smoke\5-PresentedChecksSmoke.spec.ts","",""
"","6676","Verify all three dashboard view tabs are visible","msedge","Wed Sep 02 10:08:07 UTC 2026","passed","Wed Sep 02 10:08:14 UTC 2026","Home Dashboard","specs\Smoke\3-HomeDashboardSmoke.spec.ts","",""
"","27985","Column filter popup applies a filter and Clear restores the full row set","firefox","Wed Sep 02 10:23:23 UTC 2026","passed","Wed Sep 02 10:23:51 UTC 2026","ACH — Smoke","specs\Smoke\7-ACHSmoke.spec.ts","",""
"","18905","Next page arrow advances to page 2","firefox","Wed Sep 02 10:15:08 UTC 2026","passed","Wed Sep 02 10:15:27 UTC 2026","Presented Checks — Smoke","specs\Smoke\5-PresentedChecksSmoke.spec.ts","",""
"","15226","Saved Filters dropdown is visible and defaults to no preset","webkit","Wed Sep 02 10:33:50 UTC 2026","passed","Wed Sep 02 10:34:05 UTC 2026","Presented Checks — Smoke","specs\Smoke\5-PresentedChecksSmoke.spec.ts","",""
"","9191","Branding sub-page loads correctly","msedge","Wed Sep 02 10:07:43 UTC 2026","passed","Wed Sep 02 10:07:52 UTC 2026","Application Navigation Smoke Tests","specs\Smoke\2-NavigationSmoke.spec.ts","",""
"","7347","Validate forgot password with unregistered email","webkit","Wed Sep 02 10:24:21 UTC 2026","passed","Wed Sep 02 10:24:28 UTC 2026","","specs\Smoke\1-LoginSmoke.spec.ts","",""
"","4760","Validate Login functionality with sqlInjection","msedge","Wed Sep 02 10:07:16 UTC 2026","passed","Wed Sep 02 10:07:20 UTC 2026","","specs\Smoke\1-LoginSmoke.spec.ts","",""
"","6529","Open Exceptions page loads with either exception cards or the empty-state message","msedge","Wed Sep 02 10:16:42 UTC 2026","passed","Wed Sep 02 10:16:49 UTC 2026","Exceptions — Smoke (Continued)","specs\Smoke\8-ExceptionsSmoke.spec.ts","",""
"","7799","Validate teller presented-check form shows all required fields","chromium","Wed Sep 02 10:13:19 UTC 2026","passed","Wed Sep 02 10:13:27 UTC 2026","Teller - Smoke","specs\Smoke\6-TellerSmoke.spec.ts","",""
"","7674","Last page arrow jumps to the final page","msedge","Wed Sep 02 10:10:44 UTC 2026","passed","Wed Sep 02 10:10:52 UTC 2026","Issued Checks — Smoke","specs\Smoke\4-IssuedChecksSmoke.spec.ts","",""
"","7418","Verify Check Only tab shows Check-specific chart sections","chromium","Wed Sep 02 10:08:21 UTC 2026","passed","Wed Sep 02 10:08:28 UTC 2026","Home Dashboard","specs\Smoke\3-HomeDashboardSmoke.spec.ts","",""
"","12556","Validate teller presented-check form shows all required fields","firefox","Wed Sep 02 10:19:03 UTC 2026","passed","Wed Sep 02 10:19:16 UTC 2026","Teller - Smoke","specs\Smoke\6-TellerSmoke.spec.ts","",""
"","5220","Clicking a column header sorts ascending, clicking again sorts descending","msedge","Wed Sep 02 10:16:04 UTC 2026","passed","Wed Sep 02 10:16:09 UTC 2026","Exceptions — Smoke (Continued)","specs\Smoke\8-ExceptionsSmoke.spec.ts","",""
"","5254","Grid loads with data rows and key column headers","msedge","Wed Sep 02 10:12:36 UTC 2026","passed","Wed Sep 02 10:12:41 UTC 2026","ACH — Smoke","specs\Smoke\7-ACHSmoke.spec.ts","",""
"","6069","Approvals page loads with either records or the empty-state message","webkit","Wed Sep 02 10:42:01 UTC 2026","passed","Wed Sep 02 10:42:07 UTC 2026","Exceptions — Smoke (Continued)","specs\Smoke\8-ExceptionsSmoke.spec.ts","",""
"","8430","Validate Login functionality with incorrectPassword","webkit","Wed Sep 02 10:22:45 UTC 2026","passed","Wed Sep 02 10:22:54 UTC 2026","","specs\Smoke\1-LoginSmoke.spec.ts","",""
"","11131","Exceptions breadcrumb link is visible on the page","firefox","Wed Sep 02 10:25:34 UTC 2026","passed","Wed Sep 02 10:25:45 UTC 2026","Exceptions — Smoke (Continued)","specs\Smoke\8-ExceptionsSmoke.spec.ts","",""
"","13199","Verify dashboard loads after successful login","firefox","Wed Sep 02 10:08:47 UTC 2026","passed","Wed Sep 02 10:09:00 UTC 2026","Home Dashboard","specs\Smoke\3-HomeDashboardSmoke.spec.ts","",""
"","7583","Excel export button is visible and enabled","chromium","Wed Sep 02 10:10:39 UTC 2026","passed","Wed Sep 02 10:10:47 UTC 2026","Issued Checks — Smoke","specs\Smoke\4-IssuedChecksSmoke.spec.ts","",""
"","12547","Verify profile menu shows My Info and Logout links","webkit","Wed Sep 02 10:28:32 UTC 2026","passed","Wed Sep 02 10:28:45 UTC 2026","Home Dashboard","specs\Smoke\3-HomeDashboardSmoke.spec.ts","",""
"","8852","""Uploaded Checks"" navigates to the uploads page","msedge","Wed Sep 02 10:10:44 UTC 2026","passed","Wed Sep 02 10:10:52 UTC 2026","Presented Checks — Smoke","specs\Smoke\5-PresentedChecksSmoke.spec.ts","",""
"","4439","Pre-Decisions page loads with either records or the empty-state message","chromium","Wed Sep 02 10:17:21 UTC 2026","passed","Wed Sep 02 10:17:26 UTC 2026","Exceptions — Smoke (Continued)","specs\Smoke\8-ExceptionsSmoke.spec.ts","",""
"","20909","""Uploaded Checks"" navigates to the uploads page","firefox","Wed Sep 02 10:13:55 UTC 2026","passed","Wed Sep 02 10:14:16 UTC 2026","Presented Checks — Smoke","specs\Smoke\5-PresentedChecksSmoke.spec.ts","",""
"","5516","Roles/Permissions sub-page loads correctly","msedge","Wed Sep 02 10:07:37 UTC 2026","passed","Wed Sep 02 10:07:42 UTC 2026","Application Navigation Smoke Tests","specs\Smoke\2-NavigationSmoke.spec.ts","",""
"","9237","Page size change to 10 updates pagination info in bottom-right pager","chromium","Wed Sep 02 10:14:15 UTC 2026","passed","Wed Sep 02 10:14:24 UTC 2026","ACH — Smoke","specs\Smoke\7-ACHSmoke.spec.ts","",""
"","13829","Notification Templates sub-page loads correctly","firefox","Wed Sep 02 10:10:40 UTC 2026","passed","Wed Sep 02 10:10:54 UTC 2026","Application Navigation Smoke Tests","specs\Smoke\2-NavigationSmoke.spec.ts","",""
"","12692","Verify navigation to Exceptions via nav menu","webkit","Wed Sep 02 10:30:36 UTC 2026","passed","Wed Sep 02 10:30:49 UTC 2026","Home Dashboard","specs\Smoke\3-HomeDashboardSmoke.spec.ts","",""
"","8636","""View"" (Change Log) link on a row navigates to the entity log","chromium","Wed Sep 02 10:13:12 UTC 2026","passed","Wed Sep 02 10:13:20 UTC 2026","Presented Checks — Smoke (Continued)","specs\Smoke\5-PresentedChecksSmoke.spec.ts","",""
"","6633","Verify dashboard loads after successful login","msedge","Wed Sep 02 10:08:00 UTC 2026","passed","Wed Sep 02 10:08:07 UTC 2026","Home Dashboard","specs\Smoke\3-HomeDashboardSmoke.spec.ts","",""
"","13221","Verify ACH Only tab shows ACH-specific chart sections","webkit","Wed Sep 02 10:26:39 UTC 2026","passed","Wed Sep 02 10:26:52 UTC 2026","Home Dashboard","specs\Smoke\3-HomeDashboardSmoke.spec.ts","",""
"","15852","ACH breadcrumb link is visible on the page","webkit","Wed Sep 02 10:41:22 UTC 2026","passed","Wed Sep 02 10:41:38 UTC 2026","ACH — Smoke","specs\Smoke\7-ACHSmoke.spec.ts","",""
"","13180","Verify navigation to Issued Checks via nav menu","firefox","Wed Sep 02 10:11:58 UTC 2026","passed","Wed Sep 02 10:12:11 UTC 2026","Home Dashboard","specs\Smoke\3-HomeDashboardSmoke.spec.ts","",""
"","4575","Approvals page loads with either records or the empty-state message","chromium","Wed Sep 02 10:17:17 UTC 2026","passed","Wed Sep 02 10:17:21 UTC 2026","Exceptions — Smoke (Continued)","specs\Smoke\8-ExceptionsSmoke.spec.ts","",""
"","7763","Billing Reports sub-page loads correctly","msedge","Wed Sep 02 10:07:52 UTC 2026","passed","Wed Sep 02 10:07:59 UTC 2026","Application Navigation Smoke Tests","specs\Smoke\2-NavigationSmoke.spec.ts","",""
"","8704","Decision Files sub-page loads correctly","chromium","Wed Sep 02 10:08:14 UTC 2026","passed","Wed Sep 02 10:08:23 UTC 2026","Application Navigation Smoke Tests","specs\Smoke\2-NavigationSmoke.spec.ts","",""
"","13359","Business Clients sub-page loads correctly","webkit","Wed Sep 02 10:24:08 UTC 2026","passed","Wed Sep 02 10:24:21 UTC 2026","Application Navigation Smoke Tests","specs\Smoke\2-NavigationSmoke.spec.ts","",""
"","18106","Excel export button is visible and enabled","firefox","Wed Sep 02 10:14:33 UTC 2026","passed","Wed Sep 02 10:14:51 UTC 2026","Presented Checks — Smoke","specs\Smoke\5-PresentedChecksSmoke.spec.ts","",""
"","9911","Grid loads with data rows and key column headers","msedge","Wed Sep 02 10:10:26 UTC 2026","passed","Wed Sep 02 10:10:35 UTC 2026","Presented Checks — Smoke","specs\Smoke\5-PresentedChecksSmoke.spec.ts","",""
"","13315","ACH page loads correctly","webkit","Wed Sep 02 10:23:17 UTC 2026","passed","Wed Sep 02 10:23:31 UTC 2026","Application Navigation Smoke Tests","specs\Smoke\2-NavigationSmoke.spec.ts","",""
"","16909","Clicking a column header sorts ascending, clicking again sorts descending","webkit","Wed Sep 02 10:34:48 UTC 2026","passed","Wed Sep 02 10:35:05 UTC 2026","Presented Checks — Smoke (Continued)","specs\Smoke\5-PresentedChecksSmoke.spec.ts","",""
"","9559","Excel export button is visible and enabled","chromium","Wed Sep 02 10:10:57 UTC 2026","passed","Wed Sep 02 10:11:06 UTC 2026","Presented Checks — Smoke","specs\Smoke\5-PresentedChecksSmoke.spec.ts","",""
"","9706","Typing a page number navigates to that page","chromium","Wed Sep 02 10:11:15 UTC 2026","passed","Wed Sep 02 10:11:24 UTC 2026","Issued Checks — Smoke","specs\Smoke\4-IssuedChecksSmoke.spec.ts","",""
"","5743","Validate Login functionality with emptyFields","msedge","Wed Sep 02 10:06:59 UTC 2026","passed","Wed Sep 02 10:07:05 UTC 2026","","specs\Smoke\1-LoginSmoke.spec.ts","",""
"","6714","Verify all three dashboard view tabs are visible","chromium","Wed Sep 02 10:08:06 UTC 2026","passed","Wed Sep 02 10:08:13 UTC 2026","Home Dashboard","specs\Smoke\3-HomeDashboardSmoke.spec.ts","",""
"","7803","Search box filters grid and clears correctly","msedge","Wed Sep 02 10:10:12 UTC 2026","passed","Wed Sep 02 10:10:19 UTC 2026","Issued Checks — Smoke","specs\Smoke\4-IssuedChecksSmoke.spec.ts","",""
"","31617","Pay/Return decision badge navigates to exception history","webkit","Wed Sep 02 10:40:50 UTC 2026","passed","Wed Sep 02 10:41:22 UTC 2026","ACH — Smoke","specs\Smoke\7-ACHSmoke.spec.ts","",""
"","3418","Default filter auto-applies after logout and re-login","msedge","Wed Sep 02 10:15:51 UTC 2026","skipped","Wed Sep 02 10:15:54 UTC 2026","Exceptions — Default Filter (Serial)","specs\Smoke\8-ExceptionsSmoke.spec.ts","",""
"","7335","Business Clients sub-page loads correctly","msedge","Wed Sep 02 10:07:23 UTC 2026","passed","Wed Sep 02 10:07:31 UTC 2026","Application Navigation Smoke Tests","specs\Smoke\2-NavigationSmoke.spec.ts","",""
"","16554","Last page arrow jumps to the final page","firefox","Wed Sep 02 10:15:27 UTC 2026","passed","Wed Sep 02 10:15:43 UTC 2026","Presented Checks — Smoke","specs\Smoke\5-PresentedChecksSmoke.spec.ts","",""
"","17749","Next page arrow advances to page 2","webkit","Wed Sep 02 10:37:55 UTC 2026","passed","Wed Sep 02 10:38:13 UTC 2026","Exceptions — Smoke","specs\Smoke\8-ExceptionsSmoke.spec.ts","",""
"","18748","Typing a page number navigates to that page","webkit","Wed Sep 02 10:37:02 UTC 2026","passed","Wed Sep 02 10:37:21 UTC 2026","ACH — Smoke","specs\Smoke\7-ACHSmoke.spec.ts","",""
"","24287","Save a filter preset, verify it is auto-selected, then delete it","firefox","Wed Sep 02 10:23:49 UTC 2026","passed","Wed Sep 02 10:24:13 UTC 2026","Exceptions — Smoke (Continued)","specs\Smoke\8-ExceptionsSmoke.spec.ts","",""
"","14754","System Log sub-page loads correctly","firefox","Wed Sep 02 10:12:22 UTC 2026","passed","Wed Sep 02 10:12:37 UTC 2026","Application Navigation Smoke Tests","specs\Smoke\2-NavigationSmoke.spec.ts","",""
"","5413","Excel export button is visible and enabled","msedge","Wed Sep 02 10:12:59 UTC 2026","passed","Wed Sep 02 10:13:05 UTC 2026","ACH — Smoke","specs\Smoke\7-ACHSmoke.spec.ts","",""
"","6407","Verify profile menu shows My Info and Logout links","chromium","Wed Sep 02 10:09:31 UTC 2026","passed","Wed Sep 02 10:09:37 UTC 2026","Home Dashboard","specs\Smoke\3-HomeDashboardSmoke.spec.ts","",""
"","11806","Clicking a column header sorts ascending, clicking again sorts descending","webkit","Wed Sep 02 10:39:59 UTC 2026","passed","Wed Sep 02 10:40:11 UTC 2026","Exceptions — Smoke (Continued)","specs\Smoke\8-ExceptionsSmoke.spec.ts","",""
"","19539","Column filter popup applies a filter and Clear restores the full row set","firefox","Wed Sep 02 10:17:41 UTC 2026","passed","Wed Sep 02 10:18:01 UTC 2026","Presented Checks — Smoke (Continued)","specs\Smoke\5-PresentedChecksSmoke.spec.ts","",""
"","9432","Typing a page number navigates to that page","chromium","Wed Sep 02 10:14:43 UTC 2026","passed","Wed Sep 02 10:14:53 UTC 2026","Exceptions — Smoke","specs\Smoke\8-ExceptionsSmoke.spec.ts","",""
"","16330","Saved Filters dropdown is visible and defaults to no preset","webkit","Wed Sep 02 10:39:08 UTC 2026","passed","Wed Sep 02 10:39:24 UTC 2026","Exceptions — Smoke","specs\Smoke\8-ExceptionsSmoke.spec.ts","",""
"","15914","File Formats sub-page loads correctly","firefox","Wed Sep 02 10:10:24 UTC 2026","passed","Wed Sep 02 10:10:40 UTC 2026","Application Navigation Smoke Tests","specs\Smoke\2-NavigationSmoke.spec.ts","",""
"","17982","Verify Check Only tab shows Check-specific chart sections","firefox","Wed Sep 02 10:09:24 UTC 2026","passed","Wed Sep 02 10:09:42 UTC 2026","Home Dashboard","specs\Smoke\3-HomeDashboardSmoke.spec.ts","",""
"","15988","Home page is accessible and shows dashboard","webkit","Wed Sep 02 10:22:19 UTC 2026","passed","Wed Sep 02 10:22:35 UTC 2026","Application Navigation Smoke Tests","specs\Smoke\2-NavigationSmoke.spec.ts","",""
"","11123","Previous page button returns to page 1, First page button re-enables disabled state","chromium","Wed Sep 02 10:11:24 UTC 2026","passed","Wed Sep 02 10:11:36 UTC 2026","Issued Checks — Smoke","specs\Smoke\4-IssuedChecksSmoke.spec.ts","",""
"","8994","Open Exceptions page loads with either exception cards or the empty-state message","chromium","Wed Sep 02 10:17:00 UTC 2026","passed","Wed Sep 02 10:17:09 UTC 2026","Exceptions — Smoke (Continued)","specs\Smoke\8-ExceptionsSmoke.spec.ts","",""
"","5431","Validate forgot password functionality","msedge","Wed Sep 02 10:07:30 UTC 2026","passed","Wed Sep 02 10:07:35 UTC 2026","","specs\Smoke\1-LoginSmoke.spec.ts","",""
"","15782","Presented Checks page loads correctly","firefox","Wed Sep 02 10:07:00 UTC 2026","passed","Wed Sep 02 10:07:15 UTC 2026","Application Navigation Smoke Tests","specs\Smoke\2-NavigationSmoke.spec.ts","",""
"","11864","Open Exceptions page loads with either exception cards or the empty-state message","firefox","Wed Sep 02 10:25:57 UTC 2026","passed","Wed Sep 02 10:26:09 UTC 2026","Exceptions — Smoke (Continued)","specs\Smoke\8-ExceptionsSmoke.spec.ts","",""
"","7902","Settings page loads correctly","chromium","Wed Sep 02 10:07:22 UTC 2026","passed","Wed Sep 02 10:07:29 UTC 2026","Application Navigation Smoke Tests","specs\Smoke\2-NavigationSmoke.spec.ts","",""
"","14467","Issued Checks page loads correctly","webkit","Wed Sep 02 10:22:36 UTC 2026","passed","Wed Sep 02 10:22:50 UTC 2026","Application Navigation Smoke Tests","specs\Smoke\2-NavigationSmoke.spec.ts","",""
"","10691","""Delete"" on a row shows a confirm modal; Cancel dismisses it without deleting","chromium","Wed Sep 02 10:16:30 UTC 2026","passed","Wed Sep 02 10:16:40 UTC 2026","ACH — Smoke","specs\Smoke\7-ACHSmoke.spec.ts","",""
"","11206","Clicking a column header sorts ascending, clicking again sorts descending","msedge","Wed Sep 02 10:13:28 UTC 2026","passed","Wed Sep 02 10:13:39 UTC 2026","Presented Checks — Smoke (Continued)","specs\Smoke\5-PresentedChecksSmoke.spec.ts","",""
"","14528","Excel export button is visible and enabled","webkit","Wed Sep 02 10:30:11 UTC 2026","passed","Wed Sep 02 10:30:25 UTC 2026","Issued Checks — Smoke","specs\Smoke\4-IssuedChecksSmoke.spec.ts","",""
"","21138","Excel export button is visible and enabled","firefox","Wed Sep 02 10:20:04 UTC 2026","passed","Wed Sep 02 10:20:25 UTC 2026","Exceptions — Smoke","specs\Smoke\8-ExceptionsSmoke.spec.ts","",""
"","8921","""Edit"" link on a row navigates to the check edit form","chromium","Wed Sep 02 10:13:03 UTC 2026","passed","Wed Sep 02 10:13:12 UTC 2026","Presented Checks — Smoke (Continued)","specs\Smoke\5-PresentedChecksSmoke.spec.ts","",""
"","25101","Column filter popup applies a filter and Clear restores the full row set","firefox","Wed Sep 02 10:17:26 UTC 2026","passed","Wed Sep 02 10:17:51 UTC 2026","Issued Checks — Smoke (Continued)","specs\Smoke\4-IssuedChecksSmoke.spec.ts","",""
"","6599","Holiday Schedules sub-page loads correctly","chromium","Wed Sep 02 10:08:23 UTC 2026","passed","Wed Sep 02 10:08:30 UTC 2026","Application Navigation Smoke Tests","specs\Smoke\2-NavigationSmoke.spec.ts","",""
"","14542","Validate teller presented-check form shows all required fields","webkit","Wed Sep 02 10:34:36 UTC 2026","passed","Wed Sep 02 10:34:51 UTC 2026","Teller - Smoke","specs\Smoke\6-TellerSmoke.spec.ts","",""
"","4548","Validate Login functionality with incorrectUsername","msedge","Wed Sep 02 10:06:50 UTC 2026","passed","Wed Sep 02 10:06:55 UTC 2026","","specs\Smoke\1-LoginSmoke.spec.ts","",""
"","7338","Navigation tabs to Pre-Decisions, Approvals, and Exception History are visible","msedge","Wed Sep 02 10:16:35 UTC 2026","passed","Wed Sep 02 10:16:42 UTC 2026","Exceptions — Smoke (Continued)","specs\Smoke\8-ExceptionsSmoke.spec.ts","",""
"","14848","Navigation tabs to Pre-Decisions, Approvals, and Exception History are visible","webkit","Wed Sep 02 10:41:28 UTC 2026","passed","Wed Sep 02 10:41:43 UTC 2026","Exceptions — Smoke (Continued)","specs\Smoke\8-ExceptionsSmoke.spec.ts","",""
"","10356","File Processing sub-page loads correctly","webkit","Wed Sep 02 10:28:46 UTC 2026","passed","Wed Sep 02 10:28:56 UTC 2026","Application Navigation Smoke Tests","specs\Smoke\2-NavigationSmoke.spec.ts","",""
"","8830","Typing a page number navigates to that page","msedge","Wed Sep 02 10:10:52 UTC 2026","passed","Wed Sep 02 10:11:01 UTC 2026","Issued Checks — Smoke","specs\Smoke\4-IssuedChecksSmoke.spec.ts","",""
"","18467","Users sub-page loads correctly","firefox","Wed Sep 02 10:08:52 UTC 2026","passed","Wed Sep 02 10:09:10 UTC 2026","Application Navigation Smoke Tests","specs\Smoke\2-NavigationSmoke.spec.ts","",""
"","7582","Grid loads with data rows and key column headers","msedge","Wed Sep 02 10:09:49 UTC 2026","passed","Wed Sep 02 10:09:57 UTC 2026","Issued Checks — Smoke","specs\Smoke\4-IssuedChecksSmoke.spec.ts","",""
"","24212","Decision badge on an already-reviewed row is blocked with a system message","webkit","Wed Sep 02 10:40:51 UTC 2026","passed","Wed Sep 02 10:41:15 UTC 2026","Exceptions — Smoke (Continued)","specs\Smoke\8-ExceptionsSmoke.spec.ts","",""
"","9767","Previous page button returns to page 1, First page button re-enables disabled state","msedge","Wed Sep 02 10:11:01 UTC 2026","passed","Wed Sep 02 10:11:11 UTC 2026","Issued Checks — Smoke","specs\Smoke\4-IssuedChecksSmoke.spec.ts","",""
"","7898","Web Hooks sub-page loads correctly","webkit","Wed Sep 02 10:29:04 UTC 2026","passed","Wed Sep 02 10:29:12 UTC 2026","Application Navigation Smoke Tests","specs\Smoke\2-NavigationSmoke.spec.ts","",""
"","7276","Exception History grid loads with data rows and key column headers","msedge","Wed Sep 02 10:14:40 UTC 2026","passed","Wed Sep 02 10:14:47 UTC 2026","Exceptions — Smoke","specs\Smoke\8-ExceptionsSmoke.spec.ts","",""
"","16112","Web Hooks sub-page loads correctly","firefox","Wed Sep 02 10:13:05 UTC 2026","passed","Wed Sep 02 10:13:21 UTC 2026","Application Navigation Smoke Tests","specs\Smoke\2-NavigationSmoke.spec.ts","",""
"","25513","Verify dashboard loads after successful login","webkit","Wed Sep 02 10:25:05 UTC 2026","passed","Wed Sep 02 10:25:31 UTC 2026","Home Dashboard","specs\Smoke\3-HomeDashboardSmoke.spec.ts","",""
"","7340","Verify ACH Only tab shows ACH-specific chart sections","chromium","Wed Sep 02 10:08:28 UTC 2026","passed","Wed Sep 02 10:08:35 UTC 2026","Home Dashboard","specs\Smoke\3-HomeDashboardSmoke.spec.ts","",""
"","8460","Validate forgot password functionality","webkit","Wed Sep 02 10:24:02 UTC 2026","passed","Wed Sep 02 10:24:10 UTC 2026","","specs\Smoke\1-LoginSmoke.spec.ts","",""
"","6020","Settings page loads correctly","msedge","Wed Sep 02 10:07:12 UTC 2026","passed","Wed Sep 02 10:07:18 UTC 2026","Application Navigation Smoke Tests","specs\Smoke\2-NavigationSmoke.spec.ts","",""
"","16381","Save a filter preset, verify it is auto-selected, then delete it","chromium","Wed Sep 02 10:12:05 UTC 2026","passed","Wed Sep 02 10:12:21 UTC 2026","Issued Checks — Smoke (Continued)","specs\Smoke\4-IssuedChecksSmoke.spec.ts","",""
"","9688","Verify tab-specific charts are hidden for opposite tab","chromium","Wed Sep 02 10:08:52 UTC 2026","passed","Wed Sep 02 10:09:02 UTC 2026","Home Dashboard","specs\Smoke\3-HomeDashboardSmoke.spec.ts","",""
"","5882","Verify navigation to Settings via nav menu","chromium","Wed Sep 02 10:10:12 UTC 2026","passed","Wed Sep 02 10:10:18 UTC 2026","Home Dashboard","specs\Smoke\3-HomeDashboardSmoke.spec.ts","",""
"","5510","Saved Filters dropdown is visible and defaults to no preset","msedge","Wed Sep 02 10:15:45 UTC 2026","passed","Wed Sep 02 10:15:51 UTC 2026","Exceptions — Smoke","specs\Smoke\8-ExceptionsSmoke.spec.ts","",""
"","15402","""View"" (Change Log) link on a row navigates to the entity log","firefox","Wed Sep 02 10:18:18 UTC 2026","passed","Wed Sep 02 10:18:33 UTC 2026","Presented Checks — Smoke (Continued)","specs\Smoke\5-PresentedChecksSmoke.spec.ts","",""
"","12585","Save a filter preset, verify it is auto-selected, then delete it","msedge","Wed Sep 02 10:11:27 UTC 2026","passed","Wed Sep 02 10:11:39 UTC 2026","Issued Checks — Smoke (Continued)","specs\Smoke\4-IssuedChecksSmoke.spec.ts","",""
"","9083","Validate Login functionality with emptyFields","webkit","Wed Sep 02 10:23:09 UTC 2026","passed","Wed Sep 02 10:23:18 UTC 2026","","specs\Smoke\1-LoginSmoke.spec.ts","",""
"","19160","Search box filters grid and clears correctly","firefox","Wed Sep 02 10:20:09 UTC 2026","passed","Wed Sep 02 10:20:29 UTC 2026","ACH — Smoke","specs\Smoke\7-ACHSmoke.spec.ts","",""
"","8034","Validate forgot password functionality with No email","firefox","Wed Sep 02 10:08:09 UTC 2026","passed","Wed Sep 02 10:08:17 UTC 2026","","specs\Smoke\1-LoginSmoke.spec.ts","",""
"","7613","Page size change to 10 updates pagination info in bottom-right pager","msedge","Wed Sep 02 10:11:11 UTC 2026","passed","Wed Sep 02 10:11:19 UTC 2026","Presented Checks — Smoke","specs\Smoke\5-PresentedChecksSmoke.spec.ts","",""
"","16427","Typing a page number navigates to that page","webkit","Wed Sep 02 10:33:12 UTC 2026","passed","Wed Sep 02 10:33:28 UTC 2026","Presented Checks — Smoke","specs\Smoke\5-PresentedChecksSmoke.spec.ts","",""
"","8480","Saved Filters dropdown is visible and defaults to no preset","chromium","Wed Sep 02 10:15:05 UTC 2026","passed","Wed Sep 02 10:15:14 UTC 2026","Exceptions — Smoke","specs\Smoke\8-ExceptionsSmoke.spec.ts","",""
"","4640","Validate Login functionality with emptyFields","chromium","Wed Sep 02 10:07:01 UTC 2026","passed","Wed Sep 02 10:07:05 UTC 2026","","specs\Smoke\1-LoginSmoke.spec.ts","",""
"","22477","Save a filter preset, verify it is auto-selected, then delete it","webkit","Wed Sep 02 10:39:36 UTC 2026","passed","Wed Sep 02 10:39:59 UTC 2026","Exceptions — Smoke (Continued)","specs\Smoke\8-ExceptionsSmoke.spec.ts","",""
"","8410","""Delete"" on a row shows a confirm modal; Cancel dismisses it without deleting","chromium","Wed Sep 02 10:13:03 UTC 2026","passed","Wed Sep 02 10:13:11 UTC 2026","Issued Checks — Smoke (Continued)","specs\Smoke\4-IssuedChecksSmoke.spec.ts","",""
"","8155","Default filter auto-applies after logout and re-login","msedge","Wed Sep 02 10:11:19 UTC 2026","skipped","Wed Sep 02 10:11:27 UTC 2026","Issued Checks — Default Filter (Serial)","specs\Smoke\4-IssuedChecksSmoke.spec.ts","",""
"","8982","Verify delayed data note and force refresh link are visible on dashboard","chromium","Wed Sep 02 10:09:16 UTC 2026","passed","Wed Sep 02 10:09:25 UTC 2026","Home Dashboard","specs\Smoke\3-HomeDashboardSmoke.spec.ts","",""
"","7173","API link is visible and points to swagger","msedge","Wed Sep 02 10:09:33 UTC 2026","passed","Wed Sep 02 10:09:40 UTC 2026","Application Navigation Smoke Tests","specs\Smoke\2-NavigationSmoke.spec.ts","",""
"","11585","Validate Login functionality with caseSensitiveEmail","webkit","Wed Sep 02 10:22:34 UTC 2026","passed","Wed Sep 02 10:22:45 UTC 2026","","specs\Smoke\1-LoginSmoke.spec.ts","",""
"","4591","Validate Login functionality with xssInUsername","msedge","Wed Sep 02 10:07:20 UTC 2026","passed","Wed Sep 02 10:07:25 UTC 2026","","specs\Smoke\1-LoginSmoke.spec.ts","",""
"","22189","Branding sub-page loads correctly","webkit","Wed Sep 02 10:25:00 UTC 2026","passed","Wed Sep 02 10:25:23 UTC 2026","Application Navigation Smoke Tests","specs\Smoke\2-NavigationSmoke.spec.ts","",""
"","7754","""+ Add Check"" navigates to the add-check form","msedge","Wed Sep 02 10:09:57 UTC 2026","passed","Wed Sep 02 10:10:04 UTC 2026","Issued Checks — Smoke","specs\Smoke\4-IssuedChecksSmoke.spec.ts","",""
"","15902","Automatic ACH Decision Rules sub-page loads correctly","firefox","Wed Sep 02 10:11:21 UTC 2026","passed","Wed Sep 02 10:11:37 UTC 2026","Application Navigation Smoke Tests","specs\Smoke\2-NavigationSmoke.spec.ts","",""
"","17562","Typing a page number navigates to that page","firefox","Wed Sep 02 10:15:43 UTC 2026","passed","Wed Sep 02 10:16:01 UTC 2026","Presented Checks — Smoke","specs\Smoke\5-PresentedChecksSmoke.spec.ts","",""
"","8575","Saved Filters dropdown is visible and defaults to no preset","msedge","Wed Sep 02 10:12:00 UTC 2026","passed","Wed Sep 02 10:12:09 UTC 2026","Presented Checks — Smoke","specs\Smoke\5-PresentedChecksSmoke.spec.ts","",""
"","17954","Pay/Return decision badge navigates to exception history","firefox","Wed Sep 02 10:18:52 UTC 2026","passed","Wed Sep 02 10:19:10 UTC 2026","Presented Checks — Smoke (Continued)","specs\Smoke\5-PresentedChecksSmoke.spec.ts","",""
"","12719","Verify delayed data note and force refresh link are visible on dashboard","firefox","Wed Sep 02 10:11:05 UTC 2026","passed","Wed Sep 02 10:11:18 UTC 2026","Home Dashboard","specs\Smoke\3-HomeDashboardSmoke.spec.ts","",""
"","16214","""Edit"" link on a row navigates to the check edit form","webkit","Wed Sep 02 10:33:31 UTC 2026","passed","Wed Sep 02 10:33:47 UTC 2026","Issued Checks — Smoke (Continued)","specs\Smoke\4-IssuedChecksSmoke.spec.ts","",""
"","8083","Validate Login functionality with incorrectUsername","webkit","Wed Sep 02 10:22:54 UTC 2026","passed","Wed Sep 02 10:23:02 UTC 2026","","specs\Smoke\1-LoginSmoke.spec.ts","",""
"","9527","Validate forgot password functionality","firefox","Wed Sep 02 10:07:59 UTC 2026","passed","Wed Sep 02 10:08:09 UTC 2026","","specs\Smoke\1-LoginSmoke.spec.ts","",""
"","17532","Issued Checks breadcrumb link is visible on the page","firefox","Wed Sep 02 10:18:45 UTC 2026","passed","Wed Sep 02 10:19:03 UTC 2026","Issued Checks — Smoke (Continued)","specs\Smoke\4-IssuedChecksSmoke.spec.ts","",""
"","15528","Default filter auto-applies after logout and re-login","firefox","Wed Sep 02 10:22:25 UTC 2026","skipped","Wed Sep 02 10:22:41 UTC 2026","ACH — Smoke","specs\Smoke\7-ACHSmoke.spec.ts","",""
"","15539","Saved Filters dropdown is visible and defaults to no preset","webkit","Wed Sep 02 10:31:50 UTC 2026","passed","Wed Sep 02 10:32:06 UTC 2026","Issued Checks — Smoke","specs\Smoke\4-IssuedChecksSmoke.spec.ts","",""
"","15036","Settings page loads correctly","firefox","Wed Sep 02 10:07:59 UTC 2026","passed","Wed Sep 02 10:08:14 UTC 2026","Application Navigation Smoke Tests","specs\Smoke\2-NavigationSmoke.spec.ts","",""
"","8893","Verify dashboard tab checked state updates correctly","msedge","Wed Sep 02 10:08:37 UTC 2026","passed","Wed Sep 02 10:08:46 UTC 2026","Home Dashboard","specs\Smoke\3-HomeDashboardSmoke.spec.ts","",""
"","21380","Column filter popup applies a filter and Clear restores the full row set","webkit","Wed Sep 02 10:35:05 UTC 2026","passed","Wed Sep 02 10:35:26 UTC 2026","Presented Checks — Smoke (Continued)","specs\Smoke\5-PresentedChecksSmoke.spec.ts","",""
"","8475","Exception History grid loads with data rows and key column headers","chromium","Wed Sep 02 10:13:48 UTC 2026","passed","Wed Sep 02 10:13:56 UTC 2026","Exceptions — Smoke","specs\Smoke\8-ExceptionsSmoke.spec.ts","",""
"","16614","Search box filters grid and clears correctly","webkit","Wed Sep 02 10:31:52 UTC 2026","passed","Wed Sep 02 10:32:09 UTC 2026","Presented Checks — Smoke","specs\Smoke\5-PresentedChecksSmoke.spec.ts","",""
"","16436","Search box filters grid and clears correctly","webkit","Wed Sep 02 10:35:42 UTC 2026","passed","Wed Sep 02 10:35:58 UTC 2026","ACH — Smoke","specs\Smoke\7-ACHSmoke.spec.ts","",""
"","12629","Account Settings sub-page loads correctly","webkit","Wed Sep 02 10:23:55 UTC 2026","passed","Wed Sep 02 10:24:08 UTC 2026","Application Navigation Smoke Tests","specs\Smoke\2-NavigationSmoke.spec.ts","",""
"","14109","System Log sub-page loads correctly","webkit","Wed Sep 02 10:28:31 UTC 2026","passed","Wed Sep 02 10:28:46 UTC 2026","Application Navigation Smoke Tests","specs\Smoke\2-NavigationSmoke.spec.ts","",""
"","6182","Exceptions page loads correctly","msedge","Wed Sep 02 10:07:05 UTC 2026","passed","Wed Sep 02 10:07:11 UTC 2026","Application Navigation Smoke Tests","specs\Smoke\2-NavigationSmoke.spec.ts","",""
"","6465","Validate Login functionality with veryLongInput","firefox","Wed Sep 02 10:07:53 UTC 2026","passed","Wed Sep 02 10:07:59 UTC 2026","","specs\Smoke\1-LoginSmoke.spec.ts","",""
"","27488","Clicking a column header sorts ascending, clicking again sorts descending","firefox","Wed Sep 02 10:24:13 UTC 2026","passed","Wed Sep 02 10:24:40 UTC 2026","Exceptions — Smoke (Continued)","specs\Smoke\8-ExceptionsSmoke.spec.ts","",""
"","9187","Last page arrow jumps to the final page","msedge","Wed Sep 02 10:13:22 UTC 2026","passed","Wed Sep 02 10:13:31 UTC 2026","ACH — Smoke","specs\Smoke\7-ACHSmoke.spec.ts","",""
"","16467","""+ Add Check"" navigates to the add-check form","firefox","Wed Sep 02 10:13:39 UTC 2026","passed","Wed Sep 02 10:13:55 UTC 2026","Presented Checks — Smoke","specs\Smoke\5-PresentedChecksSmoke.spec.ts","",""
"","6326","Validate Login functionality with invalidEmailFormat","firefox","Wed Sep 02 10:07:10 UTC 2026","passed","Wed Sep 02 10:07:16 UTC 2026","","specs\Smoke\1-LoginSmoke.spec.ts","",""
"","6943","Verify navigation to Exceptions via nav menu","msedge","Wed Sep 02 10:10:11 UTC 2026","passed","Wed Sep 02 10:10:18 UTC 2026","Home Dashboard","specs\Smoke\3-HomeDashboardSmoke.spec.ts","",""
"","14040","Default filter auto-applies after logout and re-login","webkit","Wed Sep 02 10:38:02 UTC 2026","skipped","Wed Sep 02 10:38:16 UTC 2026","ACH — Smoke","specs\Smoke\7-ACHSmoke.spec.ts","",""
"","17547","Saved Filters dropdown is visible and defaults to no preset","firefox","Wed Sep 02 10:23:22 UTC 2026","passed","Wed Sep 02 10:23:39 UTC 2026","Exceptions — Smoke","specs\Smoke\8-ExceptionsSmoke.spec.ts","",""
"","8629","Validate session persists after page refresh","chromium","Wed Sep 02 10:07:45 UTC 2026","passed","Wed Sep 02 10:07:54 UTC 2026","","specs\Smoke\1-LoginSmoke.spec.ts","",""
"","6588","Last page arrow jumps to the final page","msedge","Wed Sep 02 10:15:27 UTC 2026","passed","Wed Sep 02 10:15:33 UTC 2026","Exceptions — Smoke","specs\Smoke\8-ExceptionsSmoke.spec.ts","",""
"","16463","Default Decision Log sub-page loads correctly","webkit","Wed Sep 02 10:28:15 UTC 2026","passed","Wed Sep 02 10:28:31 UTC 2026","Application Navigation Smoke Tests","specs\Smoke\2-NavigationSmoke.spec.ts","",""
"","18060","Verify dashboard tab checked state updates correctly","webkit","Wed Sep 02 10:26:52 UTC 2026","passed","Wed Sep 02 10:27:10 UTC 2026","Home Dashboard","specs\Smoke\3-HomeDashboardSmoke.spec.ts","",""
"","7653","ACH Approval Rules sub-page loads correctly","chromium","Wed Sep 02 10:09:10 UTC 2026","passed","Wed Sep 02 10:09:17 UTC 2026","Application Navigation Smoke Tests","specs\Smoke\2-NavigationSmoke.spec.ts","",""
"","14003","Verify navigation to ACH via nav menu","firefox","Wed Sep 02 10:12:22 UTC 2026","passed","Wed Sep 02 10:12:36 UTC 2026","Home Dashboard","specs\Smoke\3-HomeDashboardSmoke.spec.ts","",""
"","7209","Decision Files sub-page loads correctly","msedge","Wed Sep 02 10:08:00 UTC 2026","passed","Wed Sep 02 10:08:07 UTC 2026","Application Navigation Smoke Tests","specs\Smoke\2-NavigationSmoke.spec.ts","",""
"","17587","ACH Approval Rules sub-page loads correctly","firefox","Wed Sep 02 10:11:37 UTC 2026","passed","Wed Sep 02 10:11:54 UTC 2026","Application Navigation Smoke Tests","specs\Smoke\2-NavigationSmoke.spec.ts","",""
"","23217","Column filter popup applies a filter and Clear restores the full row set","webkit","Wed Sep 02 10:33:07 UTC 2026","passed","Wed Sep 02 10:33:31 UTC 2026","Issued Checks — Smoke (Continued)","specs\Smoke\4-IssuedChecksSmoke.spec.ts","",""
"","9944","Typing a page number navigates to that page","chromium","Wed Sep 02 10:14:43 UTC 2026","passed","Wed Sep 02 10:14:53 UTC 2026","ACH — Smoke","specs\Smoke\7-ACHSmoke.spec.ts","",""
"","5749","Validate forgot password functionality with No email","msedge","Wed Sep 02 10:07:35 UTC 2026","passed","Wed Sep 02 10:07:41 UTC 2026","","specs\Smoke\1-LoginSmoke.spec.ts","",""
"","12788","Verify delayed data note and force refresh link are visible on dashboard","webkit","Wed Sep 02 10:28:06 UTC 2026","passed","Wed Sep 02 10:28:19 UTC 2026","Home Dashboard","specs\Smoke\3-HomeDashboardSmoke.spec.ts","",""
"","13583","File Processing sub-page loads correctly","firefox","Wed Sep 02 10:12:37 UTC 2026","passed","Wed Sep 02 10:12:51 UTC 2026","Application Navigation Smoke Tests","specs\Smoke\2-NavigationSmoke.spec.ts","",""
"","13664","Column filter popup applies a filter and Clear restores the full row set","chromium","Wed Sep 02 10:16:06 UTC 2026","passed","Wed Sep 02 10:16:19 UTC 2026","ACH — Smoke","specs\Smoke\7-ACHSmoke.spec.ts","",""
"","17087","Search box filters grid and clears correctly","firefox","Wed Sep 02 10:14:16 UTC 2026","passed","Wed Sep 02 10:14:33 UTC 2026","Presented Checks — Smoke","specs\Smoke\5-PresentedChecksSmoke.spec.ts","",""
"","13903","API link is visible and points to swagger","firefox","Wed Sep 02 10:12:51 UTC 2026","passed","Wed Sep 02 10:13:05 UTC 2026","Application Navigation Smoke Tests","specs\Smoke\2-NavigationSmoke.spec.ts","",""
"","16995","Default filter auto-applies after logout and re-login","firefox","Wed Sep 02 10:16:40 UTC 2026","skipped","Wed Sep 02 10:16:57 UTC 2026","Presented Checks — Default Filter (Serial)","specs\Smoke\5-PresentedChecksSmoke.spec.ts","",""
"","13912","Verify navigation to Presented Checks via nav menu","webkit","Wed Sep 02 10:30:08 UTC 2026","passed","Wed Sep 02 10:30:21 UTC 2026","Home Dashboard","specs\Smoke\3-HomeDashboardSmoke.spec.ts","",""
"","15883","Default filter auto-applies after logout and re-login","webkit","Wed Sep 02 10:32:06 UTC 2026","skipped","Wed Sep 02 10:32:22 UTC 2026","Issued Checks — Default Filter (Serial)","specs\Smoke\4-IssuedChecksSmoke.spec.ts","",""
"","8265","Next page arrow advances to page 2","msedge","Wed Sep 02 10:15:18 UTC 2026","passed","Wed Sep 02 10:15:27 UTC 2026","Exceptions — Smoke","specs\Smoke\8-ExceptionsSmoke.spec.ts","",""
"","8142","ACH page loads correctly","chromium","Wed Sep 02 10:07:06 UTC 2026","passed","Wed Sep 02 10:07:14 UTC 2026","Application Navigation Smoke Tests","specs\Smoke\2-NavigationSmoke.spec.ts","",""
"","5638","Presented Checks page loads correctly","msedge","Wed Sep 02 10:06:46 UTC 2026","passed","Wed Sep 02 10:06:51 UTC 2026","Application Navigation Smoke Tests","specs\Smoke\2-NavigationSmoke.spec.ts","",""
"","6488","Validate Login functionality with incorrectPassword","msedge","Wed Sep 02 10:06:44 UTC 2026","passed","Wed Sep 02 10:06:50 UTC 2026","","specs\Smoke\1-LoginSmoke.spec.ts","",""
"","7388","Validate Login functionality with invalidEmailFormat","webkit","Wed Sep 02 10:23:02 UTC 2026","passed","Wed Sep 02 10:23:09 UTC 2026","","specs\Smoke\1-LoginSmoke.spec.ts","",""
"","9230","Clicking a column header sorts ascending, clicking again sorts descending","chromium","Wed Sep 02 10:15:57 UTC 2026","passed","Wed Sep 02 10:16:06 UTC 2026","Exceptions — Smoke (Continued)","specs\Smoke\8-ExceptionsSmoke.spec.ts","",""
"","6514","Web Hooks sub-page loads correctly","chromium","Wed Sep 02 10:09:59 UTC 2026","passed","Wed Sep 02 10:10:06 UTC 2026","Application Navigation Smoke Tests","specs\Smoke\2-NavigationSmoke.spec.ts","",""
"","4340","Validate forgot password functionality with No email","chromium","Wed Sep 02 10:07:36 UTC 2026","passed","Wed Sep 02 10:07:40 UTC 2026","","specs\Smoke\1-LoginSmoke.spec.ts","",""
"","8702","Verify chart title changes with selected tab","chromium","Wed Sep 02 10:08:44 UTC 2026","passed","Wed Sep 02 10:08:52 UTC 2026","Home Dashboard","specs\Smoke\3-HomeDashboardSmoke.spec.ts","",""
"","14313","Column filter popup applies a filter and Clear restores the full row set","msedge","Wed Sep 02 10:14:32 UTC 2026","passed","Wed Sep 02 10:14:46 UTC 2026","ACH — Smoke","specs\Smoke\7-ACHSmoke.spec.ts","",""
"","21150","Validate Login functionality with correctCredentials","firefox","Wed Sep 02 10:06:19 UTC 2026","passed","Wed Sep 02 10:06:40 UTC 2026","","specs\Smoke\1-LoginSmoke.spec.ts","",""
"","10060","Next page arrow advances to page 2","chromium","Wed Sep 02 10:10:55 UTC 2026","passed","Wed Sep 02 10:11:05 UTC 2026","Issued Checks — Smoke","specs\Smoke\4-IssuedChecksSmoke.spec.ts","",""
"","6891","File Processing sub-page loads correctly","msedge","Wed Sep 02 10:09:26 UTC 2026","passed","Wed Sep 02 10:09:33 UTC 2026","Application Navigation Smoke Tests","specs\Smoke\2-NavigationSmoke.spec.ts","",""
"","7765","Excel export button is visible and enabled","chromium","Wed Sep 02 10:14:06 UTC 2026","passed","Wed Sep 02 10:14:13 UTC 2026","Exceptions — Smoke","specs\Smoke\8-ExceptionsSmoke.spec.ts","",""
"","20099","""Delete"" on a row shows a confirm modal; Cancel dismisses it without deleting","firefox","Wed Sep 02 10:18:25 UTC 2026","passed","Wed Sep 02 10:18:45 UTC 2026","Issued Checks — Smoke (Continued)","specs\Smoke\4-IssuedChecksSmoke.spec.ts","",""
"","15777","Page size change to 10 updates pagination info in bottom-right pager","webkit","Wed Sep 02 10:36:13 UTC 2026","passed","Wed Sep 02 10:36:28 UTC 2026","ACH — Smoke","specs\Smoke\7-ACHSmoke.spec.ts","",""
"","7111","""Uploaded Checks"" navigates to the uploads page","msedge","Wed Sep 02 10:10:05 UTC 2026","passed","Wed Sep 02 10:10:12 UTC 2026","Issued Checks — Smoke","specs\Smoke\4-IssuedChecksSmoke.spec.ts","",""
"","7641","Verify ACH Only tab shows ACH-specific chart sections","msedge","Wed Sep 02 10:08:29 UTC 2026","passed","Wed Sep 02 10:08:37 UTC 2026","Home Dashboard","specs\Smoke\3-HomeDashboardSmoke.spec.ts","",""
"","7397","Verify navigation to Settings via nav menu","msedge","Wed Sep 02 10:10:18 UTC 2026","passed","Wed Sep 02 10:10:25 UTC 2026","Home Dashboard","specs\Smoke\3-HomeDashboardSmoke.spec.ts","",""
"","13347","Verify Check Only tab shows Check-specific chart sections","webkit","Wed Sep 02 10:26:26 UTC 2026","passed","Wed Sep 02 10:26:39 UTC 2026","Home Dashboard","specs\Smoke\3-HomeDashboardSmoke.spec.ts","",""
"","18302","Grid loads with data rows and key column headers","webkit","Wed Sep 02 10:31:03 UTC 2026","passed","Wed Sep 02 10:31:21 UTC 2026","Presented Checks — Smoke","specs\Smoke\5-PresentedChecksSmoke.spec.ts","",""
"","7298","Grid loads with data rows and key column headers","chromium","Wed Sep 02 10:10:06 UTC 2026","passed","Wed Sep 02 10:10:13 UTC 2026","Issued Checks — Smoke","specs\Smoke\4-IssuedChecksSmoke.spec.ts","",""
"","8787","Pay/Return decision badge navigates to exception history","msedge","Wed Sep 02 10:14:23 UTC 2026","passed","Wed Sep 02 10:14:31 UTC 2026","Presented Checks — Smoke (Continued)","specs\Smoke\5-PresentedChecksSmoke.spec.ts","",""
"","15313","Verify tab-specific charts are hidden for opposite tab","firefox","Wed Sep 02 10:10:25 UTC 2026","passed","Wed Sep 02 10:10:41 UTC 2026","Home Dashboard","specs\Smoke\3-HomeDashboardSmoke.spec.ts","",""
"","15209","Excel export button is visible and enabled","webkit","Wed Sep 02 10:37:24 UTC 2026","passed","Wed Sep 02 10:37:39 UTC 2026","Exceptions — Smoke","specs\Smoke\8-ExceptionsSmoke.spec.ts","",""
"","11640","Column filter popup applies a filter and Clear restores the full row set","chromium","Wed Sep 02 10:12:51 UTC 2026","passed","Wed Sep 02 10:13:03 UTC 2026","Presented Checks — Smoke (Continued)","specs\Smoke\5-PresentedChecksSmoke.spec.ts","",""
"","15728","Next page arrow advances to page 2","webkit","Wed Sep 02 10:30:40 UTC 2026","passed","Wed Sep 02 10:30:55 UTC 2026","Issued Checks — Smoke","specs\Smoke\4-IssuedChecksSmoke.spec.ts","",""
"","19172","Clicking a column header sorts ascending, clicking again sorts descending","webkit","Wed Sep 02 10:38:45 UTC 2026","passed","Wed Sep 02 10:39:04 UTC 2026","ACH — Smoke","specs\Smoke\7-ACHSmoke.spec.ts","",""
"","6100","Verify dashboard footer footnote and privacy link are visible","chromium","Wed Sep 02 10:09:25 UTC 2026","passed","Wed Sep 02 10:09:31 UTC 2026","Home Dashboard","specs\Smoke\3-HomeDashboardSmoke.spec.ts","",""
"","9030","Search box filters grid and clears correctly","msedge","Wed Sep 02 10:14:47 UTC 2026","passed","Wed Sep 02 10:14:56 UTC 2026","Exceptions — Smoke","specs\Smoke\8-ExceptionsSmoke.spec.ts","",""
"","13320","Validate session persists after page refresh","firefox","Wed Sep 02 10:08:26 UTC 2026","passed","Wed Sep 02 10:08:39 UTC 2026","","specs\Smoke\1-LoginSmoke.spec.ts","",""
"","8005","Saved Filters dropdown is visible and defaults to no preset","chromium","Wed Sep 02 10:11:56 UTC 2026","passed","Wed Sep 02 10:12:04 UTC 2026","Presented Checks — Smoke","specs\Smoke\5-PresentedChecksSmoke.spec.ts","",""
"","8885","Typing a page number navigates to that page","msedge","Wed Sep 02 10:13:31 UTC 2026","passed","Wed Sep 02 10:13:40 UTC 2026","ACH — Smoke","specs\Smoke\7-ACHSmoke.spec.ts","",""
"","18690","Clicking a column header sorts ascending, clicking again sorts descending","firefox","Wed Sep 02 10:17:23 UTC 2026","passed","Wed Sep 02 10:17:41 UTC 2026","Presented Checks — Smoke (Continued)","specs\Smoke\5-PresentedChecksSmoke.spec.ts","",""
"","27196","Verify all three dashboard view tabs are visible","webkit","Wed Sep 02 10:25:31 UTC 2026","passed","Wed Sep 02 10:25:58 UTC 2026","Home Dashboard","specs\Smoke\3-HomeDashboardSmoke.spec.ts","",""
"","17943","""+ Add ACH"" navigates to the add-ACH form","firefox","Wed Sep 02 10:19:33 UTC 2026","passed","Wed Sep 02 10:19:51 UTC 2026","ACH — Smoke","specs\Smoke\7-ACHSmoke.spec.ts","",""
"","6547","API link is visible and points to swagger","chromium","Wed Sep 02 10:09:53 UTC 2026","passed","Wed Sep 02 10:09:59 UTC 2026","Application Navigation Smoke Tests","specs\Smoke\2-NavigationSmoke.spec.ts","",""
"","8551","Verify navigation to ACH via nav menu","msedge","Wed Sep 02 10:10:02 UTC 2026","passed","Wed Sep 02 10:10:11 UTC 2026","Home Dashboard","specs\Smoke\3-HomeDashboardSmoke.spec.ts","",""
"","8684","Excel export button is visible and enabled","msedge","Wed Sep 02 10:14:56 UTC 2026","passed","Wed Sep 02 10:15:05 UTC 2026","Exceptions — Smoke","specs\Smoke\8-ExceptionsSmoke.spec.ts","",""
"","11225","Next page arrow advances to page 2","msedge","Wed Sep 02 10:13:10 UTC 2026","passed","Wed Sep 02 10:13:22 UTC 2026","ACH — Smoke","specs\Smoke\7-ACHSmoke.spec.ts","",""
"","19235","""View"" link on a row opens the Exception Details dialog","firefox","Wed Sep 02 10:24:59 UTC 2026","passed","Wed Sep 02 10:25:18 UTC 2026","Exceptions — Smoke (Continued)","specs\Smoke\8-ExceptionsSmoke.spec.ts","",""
"","6447","Verify Combined View shows all chart sections","msedge","Wed Sep 02 10:08:14 UTC 2026","passed","Wed Sep 02 10:08:20 UTC 2026","Home Dashboard","specs\Smoke\3-HomeDashboardSmoke.spec.ts","",""
"","9147","Issued Checks page loads correctly","chromium","Wed Sep 02 10:06:40 UTC 2026","passed","Wed Sep 02 10:06:49 UTC 2026","Application Navigation Smoke Tests","specs\Smoke\2-NavigationSmoke.spec.ts","",""
"","16808","Grid loads with data rows and key column headers","webkit","Wed Sep 02 10:34:51 UTC 2026","passed","Wed Sep 02 10:35:08 UTC 2026","ACH — Smoke","specs\Smoke\7-ACHSmoke.spec.ts","",""
"","9318","Validate Login functionality with missingPassword","firefox","Wed Sep 02 10:07:22 UTC 2026","passed","Wed Sep 02 10:07:31 UTC 2026","","specs\Smoke\1-LoginSmoke.spec.ts","",""
"","24524","Previous page button returns to page 1, First page button re-enables disabled state","webkit","Wed Sep 02 10:37:21 UTC 2026","passed","Wed Sep 02 10:37:45 UTC 2026","ACH — Smoke","specs\Smoke\7-ACHSmoke.spec.ts","",""
"","13542","Verify Combined View shows all chart sections","firefox","Wed Sep 02 10:09:11 UTC 2026","passed","Wed Sep 02 10:09:24 UTC 2026","Home Dashboard","specs\Smoke\3-HomeDashboardSmoke.spec.ts","",""
"","18690","Validate session persists after page refresh","webkit","Wed Sep 02 10:24:28 UTC 2026","passed","Wed Sep 02 10:24:47 UTC 2026","","specs\Smoke\1-LoginSmoke.spec.ts","",""
"","13887","Verify navigation to Settings via nav menu","webkit","Wed Sep 02 10:30:49 UTC 2026","passed","Wed Sep 02 10:31:03 UTC 2026","Home Dashboard","specs\Smoke\3-HomeDashboardSmoke.spec.ts","",""
"","7797","""+ Add Check"" navigates to the add-check form","chromium","Wed Sep 02 10:10:13 UTC 2026","passed","Wed Sep 02 10:10:21 UTC 2026","Issued Checks — Smoke","specs\Smoke\4-IssuedChecksSmoke.spec.ts","",""
"","12312","Grid View toggle navigates to the open-exceptions grid and shows key column headers","firefox","Wed Sep 02 10:26:09 UTC 2026","passed","Wed Sep 02 10:26:21 UTC 2026","Exceptions — Smoke (Continued)","specs\Smoke\8-ExceptionsSmoke.spec.ts","",""
"","14423","Check Approval Rules sub-page loads correctly","firefox","Wed Sep 02 10:11:06 UTC 2026","passed","Wed Sep 02 10:11:21 UTC 2026","Application Navigation Smoke Tests","specs\Smoke\2-NavigationSmoke.spec.ts","",""
"","10061","Grid loads with data rows and key column headers","chromium","Wed Sep 02 10:13:27 UTC 2026","passed","Wed Sep 02 10:13:37 UTC 2026","ACH — Smoke","specs\Smoke\7-ACHSmoke.spec.ts","",""
"","13725","Verify navigation to Issued Checks via nav menu","webkit","Wed Sep 02 10:29:54 UTC 2026","passed","Wed Sep 02 10:30:08 UTC 2026","Home Dashboard","specs\Smoke\3-HomeDashboardSmoke.spec.ts","",""
"","5609","Page size change to 10 updates pagination info in bottom-right pager","msedge","Wed Sep 02 10:13:05 UTC 2026","passed","Wed Sep 02 10:13:10 UTC 2026","ACH — Smoke","specs\Smoke\7-ACHSmoke.spec.ts","",""
"","7821","Default filter auto-applies after logout and re-login","msedge","Wed Sep 02 10:12:09 UTC 2026","skipped","Wed Sep 02 10:12:17 UTC 2026","Presented Checks — Default Filter (Serial)","specs\Smoke\5-PresentedChecksSmoke.spec.ts","",""
"","21083","Previous page button returns to page 1, First page button re-enables disabled state","webkit","Wed Sep 02 10:33:28 UTC 2026","passed","Wed Sep 02 10:33:50 UTC 2026","Presented Checks — Smoke","specs\Smoke\5-PresentedChecksSmoke.spec.ts","",""
"","11085","Grid loads with data rows and key column headers","chromium","Wed Sep 02 10:10:18 UTC 2026","passed","Wed Sep 02 10:10:29 UTC 2026","Presented Checks — Smoke","specs\Smoke\5-PresentedChecksSmoke.spec.ts","",""
"","8385","Teller page loads correctly","chromium","Wed Sep 02 10:06:57 UTC 2026","passed","Wed Sep 02 10:07:06 UTC 2026","Application Navigation Smoke Tests","specs\Smoke\2-NavigationSmoke.spec.ts","",""
"","5107","Validate Login functionality with emptyFields","firefox","Wed Sep 02 10:07:16 UTC 2026","passed","Wed Sep 02 10:07:22 UTC 2026","","specs\Smoke\1-LoginSmoke.spec.ts","",""
"","11605","Verify navigation to Exceptions via nav menu","firefox","Wed Sep 02 10:12:36 UTC 2026","passed","Wed Sep 02 10:12:48 UTC 2026","Home Dashboard","specs\Smoke\3-HomeDashboardSmoke.spec.ts","",""
"","16962","Saved Filters dropdown is visible and defaults to no preset","firefox","Wed Sep 02 10:22:08 UTC 2026","passed","Wed Sep 02 10:22:25 UTC 2026","ACH — Smoke","specs\Smoke\7-ACHSmoke.spec.ts","",""
"","8493","Validate forgot password with unregistered email","firefox","Wed Sep 02 10:08:17 UTC 2026","passed","Wed Sep 02 10:08:26 UTC 2026","","specs\Smoke\1-LoginSmoke.spec.ts","",""
"","16191","""View"" (Change Log) link on a row navigates to the entity log","webkit","Wed Sep 02 10:33:47 UTC 2026","passed","Wed Sep 02 10:34:03 UTC 2026","Issued Checks — Smoke (Continued)","specs\Smoke\4-IssuedChecksSmoke.spec.ts","",""
"","8598","Page size change to 10 updates pagination info in bottom-right pager","chromium","Wed Sep 02 10:14:13 UTC 2026","passed","Wed Sep 02 10:14:22 UTC 2026","Exceptions — Smoke","specs\Smoke\8-ExceptionsSmoke.spec.ts","",""
"","6873","Verify summary KPI values have expected number formats","msedge","Wed Sep 02 10:09:10 UTC 2026","passed","Wed Sep 02 10:09:17 UTC 2026","Home Dashboard","specs\Smoke\3-HomeDashboardSmoke.spec.ts","",""
"","17104","Search box filters grid and clears correctly","webkit","Wed Sep 02 10:37:07 UTC 2026","passed","Wed Sep 02 10:37:24 UTC 2026","Exceptions — Smoke","specs\Smoke\8-ExceptionsSmoke.spec.ts","",""
"","12067","Validate Login functionality with caseSensitiveEmail","firefox","Wed Sep 02 10:06:43 UTC 2026","passed","Wed Sep 02 10:06:55 UTC 2026","","specs\Smoke\1-LoginSmoke.spec.ts","",""
"","13021","Home page is accessible and shows dashboard","chromium","Wed Sep 02 10:06:27 UTC 2026","passed","Wed Sep 02 10:06:40 UTC 2026","Application Navigation Smoke Tests","specs\Smoke\2-NavigationSmoke.spec.ts","",""
"","16255","Verify Home dashboard is restored after returning from another page","firefox","Wed Sep 02 10:11:42 UTC 2026","passed","Wed Sep 02 10:11:58 UTC 2026","Home Dashboard","specs\Smoke\3-HomeDashboardSmoke.spec.ts","",""
"","17296","Exception History grid loads with data rows and key column headers","webkit","Wed Sep 02 10:36:50 UTC 2026","passed","Wed Sep 02 10:37:07 UTC 2026","Exceptions — Smoke","specs\Smoke\8-ExceptionsSmoke.spec.ts","",""
"","7370","Column filter menu applies a filter and Clear restores the full row set","msedge","Wed Sep 02 10:16:09 UTC 2026","passed","Wed Sep 02 10:16:17 UTC 2026","Exceptions — Smoke (Continued)","specs\Smoke\8-ExceptionsSmoke.spec.ts","",""
"","18879","Typing a page number navigates to that page","firefox","Wed Sep 02 10:22:42 UTC 2026","passed","Wed Sep 02 10:23:01 UTC 2026","Exceptions — Smoke","specs\Smoke\8-ExceptionsSmoke.spec.ts","",""
"","16710","""View"" (Change Log) link on a row navigates to the entity log","webkit","Wed Sep 02 10:35:42 UTC 2026","passed","Wed Sep 02 10:35:59 UTC 2026","Presented Checks — Smoke (Continued)","specs\Smoke\5-PresentedChecksSmoke.spec.ts","",""
"","9722","Grid View toggle navigates to the open-exceptions grid and shows key column headers","webkit","Wed Sep 02 10:41:51 UTC 2026","passed","Wed Sep 02 10:42:01 UTC 2026","Exceptions — Smoke (Continued)","specs\Smoke\8-ExceptionsSmoke.spec.ts","",""
"","5134","Validate forgot password with unregistered email","msedge","Wed Sep 02 10:07:41 UTC 2026","passed","Wed Sep 02 10:07:46 UTC 2026","","specs\Smoke\1-LoginSmoke.spec.ts","",""
"","6041","Teller page loads correctly","msedge","Wed Sep 02 10:06:51 UTC 2026","passed","Wed Sep 02 10:06:57 UTC 2026","Application Navigation Smoke Tests","specs\Smoke\2-NavigationSmoke.spec.ts","",""
"","9291","Next page arrow advances to page 2","chromium","Wed Sep 02 10:11:15 UTC 2026","passed","Wed Sep 02 10:11:25 UTC 2026","Presented Checks — Smoke","specs\Smoke\5-PresentedChecksSmoke.spec.ts","",""
"","8787","Default Decision Log sub-page loads correctly","chromium","Wed Sep 02 10:09:26 UTC 2026","passed","Wed Sep 02 10:09:34 UTC 2026","Application Navigation Smoke Tests","specs\Smoke\2-NavigationSmoke.spec.ts","",""
"","9353","Clicking a column header sorts ascending, clicking again sorts descending","msedge","Wed Sep 02 10:14:23 UTC 2026","passed","Wed Sep 02 10:14:32 UTC 2026","ACH — Smoke","specs\Smoke\7-ACHSmoke.spec.ts","",""
"","15140","Issued Checks breadcrumb link is visible on the page","webkit","Wed Sep 02 10:34:21 UTC 2026","passed","Wed Sep 02 10:34:36 UTC 2026","Issued Checks — Smoke (Continued)","specs\Smoke\4-IssuedChecksSmoke.spec.ts","",""
"","9480","Verify chart title changes with selected tab","msedge","Wed Sep 02 10:08:46 UTC 2026","passed","Wed Sep 02 10:08:55 UTC 2026","Home Dashboard","specs\Smoke\3-HomeDashboardSmoke.spec.ts","",""
"","14557","Excel export button is visible and enabled","webkit","Wed Sep 02 10:35:58 UTC 2026","passed","Wed Sep 02 10:36:13 UTC 2026","ACH — Smoke","specs\Smoke\7-ACHSmoke.spec.ts","",""
"","19146","Clicking a column header sorts ascending, clicking again sorts descending","firefox","Wed Sep 02 10:17:06 UTC 2026","passed","Wed Sep 02 10:17:26 UTC 2026","Issued Checks — Smoke (Continued)","specs\Smoke\4-IssuedChecksSmoke.spec.ts","",""
"","12297","Validate Login functionality with correctCredentials","chromium","Wed Sep 02 10:06:27 UTC 2026","passed","Wed Sep 02 10:06:39 UTC 2026","","specs\Smoke\1-LoginSmoke.spec.ts","",""
"","8426","Automatic Check Decision Rules sub-page loads correctly","chromium","Wed Sep 02 10:08:46 UTC 2026","passed","Wed Sep 02 10:08:54 UTC 2026","Application Navigation Smoke Tests","specs\Smoke\2-NavigationSmoke.spec.ts","",""
"","16990","Grid loads with data rows and key column headers","firefox","Wed Sep 02 10:13:01 UTC 2026","passed","Wed Sep 02 10:13:18 UTC 2026","Issued Checks — Smoke","specs\Smoke\4-IssuedChecksSmoke.spec.ts","",""
"","15374","Presented Checks breadcrumb link is visible on the page","webkit","Wed Sep 02 10:36:34 UTC 2026","passed","Wed Sep 02 10:36:49 UTC 2026","Presented Checks — Smoke (Continued)","specs\Smoke\5-PresentedChecksSmoke.spec.ts","",""
"","6691","Verify navigation to Presented Checks via nav menu","chromium","Wed Sep 02 10:09:51 UTC 2026","passed","Wed Sep 02 10:09:58 UTC 2026","Home Dashboard","specs\Smoke\3-HomeDashboardSmoke.spec.ts","",""
"","8128","Default filter auto-applies after logout and re-login","msedge","Wed Sep 02 10:14:01 UTC 2026","skipped","Wed Sep 02 10:14:09 UTC 2026","ACH — Smoke","specs\Smoke\7-ACHSmoke.spec.ts","",""
"","5596","""Uploaded ACH"" navigates to the uploads page","msedge","Wed Sep 02 10:12:47 UTC 2026","passed","Wed Sep 02 10:12:52 UTC 2026","ACH — Smoke","specs\Smoke\7-ACHSmoke.spec.ts","",""
"","12651","Previous page button returns to page 1, First page button re-enables disabled state","msedge","Wed Sep 02 10:13:40 UTC 2026","passed","Wed Sep 02 10:13:52 UTC 2026","ACH — Smoke","specs\Smoke\7-ACHSmoke.spec.ts","",""
"","16362","Page size change to 10 updates pagination info in bottom-right pager","firefox","Wed Sep 02 10:20:47 UTC 2026","passed","Wed Sep 02 10:21:04 UTC 2026","ACH — Smoke","specs\Smoke\7-ACHSmoke.spec.ts","",""
"","6248","Verify navigation to Exceptions via nav menu","chromium","Wed Sep 02 10:10:05 UTC 2026","passed","Wed Sep 02 10:10:12 UTC 2026","Home Dashboard","specs\Smoke\3-HomeDashboardSmoke.spec.ts","",""
"","8476","Saved Filters dropdown is visible and defaults to no preset","chromium","Wed Sep 02 10:15:06 UTC 2026","passed","Wed Sep 02 10:15:14 UTC 2026","ACH — Smoke","specs\Smoke\7-ACHSmoke.spec.ts","",""
"","10972","Validate forgot password functionality with No email","webkit","Wed Sep 02 10:24:10 UTC 2026","passed","Wed Sep 02 10:24:21 UTC 2026","","specs\Smoke\1-LoginSmoke.spec.ts","",""
"","7667","Validate Login functionality with sqlInjection","webkit","Wed Sep 02 10:23:37 UTC 2026","passed","Wed Sep 02 10:23:45 UTC 2026","","specs\Smoke\1-LoginSmoke.spec.ts","",""
"","11177","Navigation tabs to Pre-Decisions, Approvals, and Exception History are visible","chromium","Wed Sep 02 10:16:48 UTC 2026","passed","Wed Sep 02 10:16:59 UTC 2026","Exceptions — Smoke (Continued)","specs\Smoke\8-ExceptionsSmoke.spec.ts","",""
"","7952","Saved Filters dropdown is visible and defaults to no preset","msedge","Wed Sep 02 10:11:11 UTC 2026","passed","Wed Sep 02 10:11:19 UTC 2026","Issued Checks — Smoke","specs\Smoke\4-IssuedChecksSmoke.spec.ts","",""
"","16586","""Edit"" link on a row navigates to the check edit form","firefox","Wed Sep 02 10:18:01 UTC 2026","passed","Wed Sep 02 10:18:18 UTC 2026","Presented Checks — Smoke (Continued)","specs\Smoke\5-PresentedChecksSmoke.spec.ts","",""
"","10024","""Delete"" on a row shows a confirm modal; Cancel dismisses it without deleting","chromium","Wed Sep 02 10:13:20 UTC 2026","passed","Wed Sep 02 10:13:30 UTC 2026","Presented Checks — Smoke (Continued)","specs\Smoke\5-PresentedChecksSmoke.spec.ts","",""
"","18932","""Delete"" on a row shows a confirm modal; Cancel dismisses it without deleting","firefox","Wed Sep 02 10:18:33 UTC 2026","passed","Wed Sep 02 10:18:52 UTC 2026","Presented Checks — Smoke (Continued)","specs\Smoke\5-PresentedChecksSmoke.spec.ts","",""
"","5437","""+ Add ACH"" navigates to the add-ACH form","msedge","Wed Sep 02 10:12:41 UTC 2026","passed","Wed Sep 02 10:12:47 UTC 2026","ACH — Smoke","specs\Smoke\7-ACHSmoke.spec.ts","",""
"","16039","""Uploaded Checks"" navigates to the uploads page","webkit","Wed Sep 02 10:29:37 UTC 2026","passed","Wed Sep 02 10:29:53 UTC 2026","Issued Checks — Smoke","specs\Smoke\4-IssuedChecksSmoke.spec.ts","",""
"","7652","Verify tab-specific charts are hidden for opposite tab","msedge","Wed Sep 02 10:08:55 UTC 2026","passed","Wed Sep 02 10:09:03 UTC 2026","Home Dashboard","specs\Smoke\3-HomeDashboardSmoke.spec.ts","",""
"","9238","Excel export button is visible and enabled","chromium","Wed Sep 02 10:14:06 UTC 2026","passed","Wed Sep 02 10:14:15 UTC 2026","ACH — Smoke","specs\Smoke\7-ACHSmoke.spec.ts","",""
"","17418","Pay/Return decision badge navigates to exception history","webkit","Wed Sep 02 10:36:17 UTC 2026","passed","Wed Sep 02 10:36:34 UTC 2026","Presented Checks — Smoke (Continued)","specs\Smoke\5-PresentedChecksSmoke.spec.ts","",""
"","8388","""View"" (Change Log) link on a row navigates to the entity log","msedge","Wed Sep 02 10:12:09 UTC 2026","passed","Wed Sep 02 10:12:17 UTC 2026","Issued Checks — Smoke (Continued)","specs\Smoke\4-IssuedChecksSmoke.spec.ts","",""
"","9739","Next page arrow advances to page 2","chromium","Wed Sep 02 10:14:24 UTC 2026","passed","Wed Sep 02 10:14:34 UTC 2026","ACH — Smoke","specs\Smoke\7-ACHSmoke.spec.ts","",""
"","16116","Page size change to 10 updates pagination info in bottom-right pager","firefox","Wed Sep 02 10:20:25 UTC 2026","passed","Wed Sep 02 10:20:42 UTC 2026","Exceptions — Smoke","specs\Smoke\8-ExceptionsSmoke.spec.ts","",""
"","6572","Automatic ACH Decision Rules sub-page loads correctly","chromium","Wed Sep 02 10:09:03 UTC 2026","passed","Wed Sep 02 10:09:10 UTC 2026","Application Navigation Smoke Tests","specs\Smoke\2-NavigationSmoke.spec.ts","",""
"","8236","""Uploaded Checks"" navigates to the uploads page","chromium","Wed Sep 02 10:10:38 UTC 2026","passed","Wed Sep 02 10:10:46 UTC 2026","Presented Checks — Smoke","specs\Smoke\5-PresentedChecksSmoke.spec.ts","",""
"","13689","Exceptions page loads correctly","firefox","Wed Sep 02 10:07:45 UTC 2026","passed","Wed Sep 02 10:07:59 UTC 2026","Application Navigation Smoke Tests","specs\Smoke\2-NavigationSmoke.spec.ts","",""
"","27205","Save a filter preset, verify it is auto-selected, then delete it","webkit","Wed Sep 02 10:34:21 UTC 2026","passed","Wed Sep 02 10:34:48 UTC 2026","Presented Checks — Smoke (Continued)","specs\Smoke\5-PresentedChecksSmoke.spec.ts","",""
"","16679","Clicking a column header sorts ascending, clicking again sorts descending","webkit","Wed Sep 02 10:32:51 UTC 2026","passed","Wed Sep 02 10:33:07 UTC 2026","Issued Checks — Smoke (Continued)","specs\Smoke\4-IssuedChecksSmoke.spec.ts","",""
"","10351","Last page arrow jumps to the final page","chromium","Wed Sep 02 10:11:25 UTC 2026","passed","Wed Sep 02 10:11:35 UTC 2026","Presented Checks — Smoke","specs\Smoke\5-PresentedChecksSmoke.spec.ts","",""
"","14549","Branding sub-page loads correctly","firefox","Wed Sep 02 10:09:24 UTC 2026","passed","Wed Sep 02 10:09:39 UTC 2026","Application Navigation Smoke Tests","specs\Smoke\2-NavigationSmoke.spec.ts","",""
"","18352","Exception History grid loads with data rows and key column headers","firefox","Wed Sep 02 10:19:27 UTC 2026","passed","Wed Sep 02 10:19:46 UTC 2026","Exceptions — Smoke","specs\Smoke\8-ExceptionsSmoke.spec.ts","",""
"","9972","Validate Login functionality with xssInUsername","firefox","Wed Sep 02 10:07:43 UTC 2026","passed","Wed Sep 02 10:07:53 UTC 2026","","specs\Smoke\1-LoginSmoke.spec.ts","",""
"","11218","Column filter popup applies a filter and Clear restores the full row set","msedge","Wed Sep 02 10:11:48 UTC 2026","passed","Wed Sep 02 10:12:00 UTC 2026","Issued Checks — Smoke (Continued)","specs\Smoke\4-IssuedChecksSmoke.spec.ts","",""
"","8408","Open Exceptions page loads with either exception cards or the empty-state message","webkit","Wed Sep 02 10:41:43 UTC 2026","passed","Wed Sep 02 10:41:51 UTC 2026","Exceptions — Smoke (Continued)","specs\Smoke\8-ExceptionsSmoke.spec.ts","",""
"","15339","Next page arrow advances to page 2","webkit","Wed Sep 02 10:32:39 UTC 2026","passed","Wed Sep 02 10:32:55 UTC 2026","Presented Checks — Smoke","specs\Smoke\5-PresentedChecksSmoke.spec.ts","",""
"","24890","Save a filter preset, verify it is auto-selected, then delete it","firefox","Wed Sep 02 10:16:41 UTC 2026","passed","Wed Sep 02 10:17:06 UTC 2026","Issued Checks — Smoke (Continued)","specs\Smoke\4-IssuedChecksSmoke.spec.ts","",""
"","9224","Verify Check Only tab shows Check-specific chart sections","msedge","Wed Sep 02 10:08:20 UTC 2026","passed","Wed Sep 02 10:08:29 UTC 2026","Home Dashboard","specs\Smoke\3-HomeDashboardSmoke.spec.ts","",""
"","19044","Search box filters grid and clears correctly","firefox","Wed Sep 02 10:13:55 UTC 2026","passed","Wed Sep 02 10:14:14 UTC 2026","Issued Checks — Smoke","specs\Smoke\4-IssuedChecksSmoke.spec.ts","",""
"","15672","Default filter auto-applies after logout and re-login","firefox","Wed Sep 02 10:16:26 UTC 2026","skipped","Wed Sep 02 10:16:41 UTC 2026","Issued Checks — Default Filter (Serial)","specs\Smoke\4-IssuedChecksSmoke.spec.ts","",""
"","7707","Issued Checks breadcrumb link is visible on the page","chromium","Wed Sep 02 10:13:11 UTC 2026","passed","Wed Sep 02 10:13:19 UTC 2026","Issued Checks — Smoke (Continued)","specs\Smoke\4-IssuedChecksSmoke.spec.ts","",""
"","22604","Previous page button returns to page 1, First page button re-enables disabled state","firefox","Wed Sep 02 10:15:48 UTC 2026","passed","Wed Sep 02 10:16:10 UTC 2026","Issued Checks — Smoke","specs\Smoke\4-IssuedChecksSmoke.spec.ts","",""
"","13771","Grid loads with data rows and key column headers","webkit","Wed Sep 02 10:29:12 UTC 2026","passed","Wed Sep 02 10:29:26 UTC 2026","Issued Checks — Smoke","specs\Smoke\4-IssuedChecksSmoke.spec.ts","",""
"","9812","Search box filters grid and clears correctly","msedge","Wed Sep 02 10:10:53 UTC 2026","passed","Wed Sep 02 10:11:02 UTC 2026","Presented Checks — Smoke","specs\Smoke\5-PresentedChecksSmoke.spec.ts","",""
"","6945","Grid View toggle navigates to the open-exceptions grid and shows key column headers","msedge","Wed Sep 02 10:16:49 UTC 2026","passed","Wed Sep 02 10:16:56 UTC 2026","Exceptions — Smoke (Continued)","specs\Smoke\8-ExceptionsSmoke.spec.ts","",""
"","7014","Decision badge on an already-reviewed row is blocked with a system message","msedge","Wed Sep 02 10:16:24 UTC 2026","passed","Wed Sep 02 10:16:31 UTC 2026","Exceptions — Smoke (Continued)","specs\Smoke\8-ExceptionsSmoke.spec.ts","",""
"","12499","Previous page button returns to page 1, First page button re-enables disabled state","chromium","Wed Sep 02 10:14:53 UTC 2026","passed","Wed Sep 02 10:15:06 UTC 2026","ACH — Smoke","specs\Smoke\7-ACHSmoke.spec.ts","",""
"","10563","Next page arrow advances to page 2","chromium","Wed Sep 02 10:14:22 UTC 2026","passed","Wed Sep 02 10:14:33 UTC 2026","Exceptions — Smoke","specs\Smoke\8-ExceptionsSmoke.spec.ts","",""
"","28280","Decision Files sub-page loads correctly","webkit","Wed Sep 02 10:25:47 UTC 2026","passed","Wed Sep 02 10:26:15 UTC 2026","Application Navigation Smoke Tests","specs\Smoke\2-NavigationSmoke.spec.ts","",""
"","7550","Verify navigation to Issued Checks via nav menu","msedge","Wed Sep 02 10:09:48 UTC 2026","passed","Wed Sep 02 10:09:56 UTC 2026","Home Dashboard","specs\Smoke\3-HomeDashboardSmoke.spec.ts","",""
"","12002","Exceptions page loads correctly","webkit","Wed Sep 02 10:23:31 UTC 2026","passed","Wed Sep 02 10:23:43 UTC 2026","Application Navigation Smoke Tests","specs\Smoke\2-NavigationSmoke.spec.ts","",""
"","15279","Users sub-page loads correctly","webkit","Wed Sep 02 10:24:21 UTC 2026","passed","Wed Sep 02 10:24:37 UTC 2026","Application Navigation Smoke Tests","specs\Smoke\2-NavigationSmoke.spec.ts","",""
"","6714","Notification Log sub-page loads correctly","msedge","Wed Sep 02 10:09:04 UTC 2026","passed","Wed Sep 02 10:09:10 UTC 2026","Application Navigation Smoke Tests","specs\Smoke\2-NavigationSmoke.spec.ts","",""
"","9822","Typing a page number navigates to that page","msedge","Wed Sep 02 10:11:38 UTC 2026","passed","Wed Sep 02 10:11:48 UTC 2026","Presented Checks — Smoke","specs\Smoke\5-PresentedChecksSmoke.spec.ts","",""
"","20061","Excel export button is visible and enabled","firefox","Wed Sep 02 10:14:14 UTC 2026","passed","Wed Sep 02 10:14:34 UTC 2026","Issued Checks — Smoke","specs\Smoke\4-IssuedChecksSmoke.spec.ts","",""
"","10690","Last page arrow jumps to the final page","chromium","Wed Sep 02 10:14:33 UTC 2026","passed","Wed Sep 02 10:14:43 UTC 2026","Exceptions — Smoke","specs\Smoke\8-ExceptionsSmoke.spec.ts","",""
"","21746","Previous page button returns to page 1, First page button re-enables disabled state","firefox","Wed Sep 02 10:16:01 UTC 2026","passed","Wed Sep 02 10:16:23 UTC 2026","Presented Checks — Smoke","specs\Smoke\5-PresentedChecksSmoke.spec.ts","",""
"","11039","""View"" (Change Log) link on a row navigates to the entity log","chromium","Wed Sep 02 10:12:52 UTC 2026","passed","Wed Sep 02 10:13:03 UTC 2026","Issued Checks — Smoke (Continued)","specs\Smoke\4-IssuedChecksSmoke.spec.ts","",""
"","9574","Validate Login functionality with xssInUsername","webkit","Wed Sep 02 10:23:45 UTC 2026","passed","Wed Sep 02 10:23:54 UTC 2026","","specs\Smoke\1-LoginSmoke.spec.ts","",""
"","13397","Notification Log sub-page loads correctly","firefox","Wed Sep 02 10:11:54 UTC 2026","passed","Wed Sep 02 10:12:08 UTC 2026","Application Navigation Smoke Tests","specs\Smoke\2-NavigationSmoke.spec.ts","",""
"","8192","Notification Log sub-page loads correctly","chromium","Wed Sep 02 10:09:17 UTC 2026","passed","Wed Sep 02 10:09:26 UTC 2026","Application Navigation Smoke Tests","specs\Smoke\2-NavigationSmoke.spec.ts","",""
"","24103","Default filter auto-applies after logout and re-login","chromium","Wed Sep 02 10:12:04 UTC 2026","passed","Wed Sep 02 10:12:28 UTC 2026","Presented Checks — Default Filter (Serial)","specs\Smoke\5-PresentedChecksSmoke.spec.ts","",""
"","9226","""Edit"" link on a row navigates to the check edit form","msedge","Wed Sep 02 10:13:52 UTC 2026","passed","Wed Sep 02 10:14:01 UTC 2026","Presented Checks — Smoke (Continued)","specs\Smoke\5-PresentedChecksSmoke.spec.ts","",""
"","14195","Save a filter preset, verify it is auto-selected, then delete it","chromium","Wed Sep 02 10:12:28 UTC 2026","passed","Wed Sep 02 10:12:42 UTC 2026","Presented Checks — Smoke (Continued)","specs\Smoke\5-PresentedChecksSmoke.spec.ts","",""
"","7800","Saved Filters dropdown is visible and defaults to no preset","chromium","Wed Sep 02 10:11:36 UTC 2026","passed","Wed Sep 02 10:11:43 UTC 2026","Issued Checks — Smoke","specs\Smoke\4-IssuedChecksSmoke.spec.ts","",""
"","9375","Last page arrow jumps to the final page","chromium","Wed Sep 02 10:14:34 UTC 2026","passed","Wed Sep 02 10:14:43 UTC 2026","ACH — Smoke","specs\Smoke\7-ACHSmoke.spec.ts","",""
"","8686","Notification Templates sub-page loads correctly","chromium","Wed Sep 02 10:08:37 UTC 2026","passed","Wed Sep 02 10:08:46 UTC 2026","Application Navigation Smoke Tests","specs\Smoke\2-NavigationSmoke.spec.ts","",""
"","8016","System Log sub-page loads correctly","msedge","Wed Sep 02 10:09:18 UTC 2026","passed","Wed Sep 02 10:09:26 UTC 2026","Application Navigation Smoke Tests","specs\Smoke\2-NavigationSmoke.spec.ts","",""
"","13936","ACH page loads correctly","firefox","Wed Sep 02 10:07:31 UTC 2026","passed","Wed Sep 02 10:07:45 UTC 2026","Application Navigation Smoke Tests","specs\Smoke\2-NavigationSmoke.spec.ts","",""
"","17823","Grid loads with data rows and key column headers","firefox","Wed Sep 02 10:13:21 UTC 2026","passed","Wed Sep 02 10:13:39 UTC 2026","Presented Checks — Smoke","specs\Smoke\5-PresentedChecksSmoke.spec.ts","",""
"","16605","""Delete"" on a row shows a confirm modal; Cancel dismisses it without deleting","firefox","Wed Sep 02 10:24:10 UTC 2026","passed","Wed Sep 02 10:24:27 UTC 2026","ACH — Smoke","specs\Smoke\7-ACHSmoke.spec.ts","",""
"","11614","Navigation tabs to Pre-Decisions, Approvals, and Exception History are visible","firefox","Wed Sep 02 10:25:45 UTC 2026","passed","Wed Sep 02 10:25:57 UTC 2026","Exceptions — Smoke (Continued)","specs\Smoke\8-ExceptionsSmoke.spec.ts","",""
"","6566","Previous page button returns to page 1, First page button re-enables disabled state","msedge","Wed Sep 02 10:15:39 UTC 2026","passed","Wed Sep 02 10:15:45 UTC 2026","Exceptions — Smoke","specs\Smoke\8-ExceptionsSmoke.spec.ts","",""
"","28983","Last page arrow jumps to the final page","firefox","Wed Sep 02 10:22:11 UTC 2026","passed","Wed Sep 02 10:22:40 UTC 2026","Exceptions — Smoke","specs\Smoke\8-ExceptionsSmoke.spec.ts","",""
"","17126","Next page arrow advances to page 2","firefox","Wed Sep 02 10:20:42 UTC 2026","passed","Wed Sep 02 10:20:59 UTC 2026","Exceptions — Smoke","specs\Smoke\8-ExceptionsSmoke.spec.ts","",""
"","7194","Validate Login functionality with incorrectPassword","firefox","Wed Sep 02 10:06:55 UTC 2026","passed","Wed Sep 02 10:07:02 UTC 2026","","specs\Smoke\1-LoginSmoke.spec.ts","",""
"","10528","Decision badge on an already-reviewed row is blocked with a system message","chromium","Wed Sep 02 10:16:30 UTC 2026","passed","Wed Sep 02 10:16:41 UTC 2026","Exceptions — Smoke (Continued)","specs\Smoke\8-ExceptionsSmoke.spec.ts","",""
"","4891","Validate Login functionality with missingPassword","msedge","Wed Sep 02 10:07:05 UTC 2026","passed","Wed Sep 02 10:07:10 UTC 2026","","specs\Smoke\1-LoginSmoke.spec.ts","",""
"","25891","Save a filter preset, verify it is auto-selected, then delete it","firefox","Wed Sep 02 10:16:57 UTC 2026","passed","Wed Sep 02 10:17:23 UTC 2026","Presented Checks — Smoke (Continued)","specs\Smoke\5-PresentedChecksSmoke.spec.ts","",""
"","7895","Validate Login functionality with missingUsername","webkit","Wed Sep 02 10:23:29 UTC 2026","passed","Wed Sep 02 10:23:37 UTC 2026","","specs\Smoke\1-LoginSmoke.spec.ts","",""
"","8821","ACH Approval Rules sub-page loads correctly","msedge","Wed Sep 02 10:08:55 UTC 2026","passed","Wed Sep 02 10:09:04 UTC 2026","Application Navigation Smoke Tests","specs\Smoke\2-NavigationSmoke.spec.ts","",""
"","11205","""+ Add Check"" navigates to the add-check form","webkit","Wed Sep 02 10:29:26 UTC 2026","passed","Wed Sep 02 10:29:37 UTC 2026","Issued Checks — Smoke","specs\Smoke\4-IssuedChecksSmoke.spec.ts","",""
"","4222","Validate Login functionality with invalidEmailFormat","msedge","Wed Sep 02 10:06:55 UTC 2026","passed","Wed Sep 02 10:06:59 UTC 2026","","specs\Smoke\1-LoginSmoke.spec.ts","",""
"","7860","Validate Login functionality with incorrectUsername","firefox","Wed Sep 02 10:07:02 UTC 2026","passed","Wed Sep 02 10:07:10 UTC 2026","","specs\Smoke\1-LoginSmoke.spec.ts","",""
"","13181","Pay/Return decision badge navigates to exception history","msedge","Wed Sep 02 10:15:06 UTC 2026","passed","Wed Sep 02 10:15:19 UTC 2026","ACH — Smoke","specs\Smoke\7-ACHSmoke.spec.ts","",""
"","12684","Previous page button returns to page 1, First page button re-enables disabled state","msedge","Wed Sep 02 10:11:48 UTC 2026","passed","Wed Sep 02 10:12:00 UTC 2026","Presented Checks — Smoke","specs\Smoke\5-PresentedChecksSmoke.spec.ts","",""
"","10203","""View"" link on a row opens the Exception Details dialog","chromium","Wed Sep 02 10:16:20 UTC 2026","passed","Wed Sep 02 10:16:30 UTC 2026","Exceptions — Smoke (Continued)","specs\Smoke\8-ExceptionsSmoke.spec.ts","",""
"","8647","Next page arrow advances to page 2","msedge","Wed Sep 02 10:10:36 UTC 2026","passed","Wed Sep 02 10:10:44 UTC 2026","Issued Checks — Smoke","specs\Smoke\4-IssuedChecksSmoke.spec.ts","",""
"","7895","Business Clients sub-page loads correctly","chromium","Wed Sep 02 10:07:37 UTC 2026","passed","Wed Sep 02 10:07:45 UTC 2026","Application Navigation Smoke Tests","specs\Smoke\2-NavigationSmoke.spec.ts","",""
"","13236","Page size change to 10 updates pagination info in bottom-right pager","msedge","Wed Sep 02 10:15:05 UTC 2026","passed","Wed Sep 02 10:15:18 UTC 2026","Exceptions — Smoke","specs\Smoke\8-ExceptionsSmoke.spec.ts","",""
"","14310","Typing a page number navigates to that page","firefox","Wed Sep 02 10:21:34 UTC 2026","passed","Wed Sep 02 10:21:49 UTC 2026","ACH — Smoke","specs\Smoke\7-ACHSmoke.spec.ts","",""
"","8012","Next page arrow advances to page 2","msedge","Wed Sep 02 10:11:19 UTC 2026","passed","Wed Sep 02 10:11:27 UTC 2026","Presented Checks — Smoke","specs\Smoke\5-PresentedChecksSmoke.spec.ts","",""
"","5283","Validate unauthenticated access to protected route is redirected to login","chromium","Wed Sep 02 10:07:54 UTC 2026","passed","Wed Sep 02 10:07:59 UTC 2026","","specs\Smoke\1-LoginSmoke.spec.ts","",""
"","9422","""+ Add Check"" navigates to the add-check form","chromium","Wed Sep 02 10:10:29 UTC 2026","passed","Wed Sep 02 10:10:38 UTC 2026","Presented Checks — Smoke","specs\Smoke\5-PresentedChecksSmoke.spec.ts","",""
"","14009","Roles/Permissions sub-page loads correctly","firefox","Wed Sep 02 10:09:10 UTC 2026","passed","Wed Sep 02 10:09:24 UTC 2026","Application Navigation Smoke Tests","specs\Smoke\2-NavigationSmoke.spec.ts","",""
"","8666","Page size change to 10 updates pagination info in bottom-right pager","msedge","Wed Sep 02 10:10:27 UTC 2026","passed","Wed Sep 02 10:10:36 UTC 2026","Issued Checks — Smoke","specs\Smoke\4-IssuedChecksSmoke.spec.ts","",""
"","5349","Typing a page number navigates to that page","msedge","Wed Sep 02 10:15:33 UTC 2026","passed","Wed Sep 02 10:15:39 UTC 2026","Exceptions — Smoke","specs\Smoke\8-ExceptionsSmoke.spec.ts","",""
"","6754","Validate Login functionality with sqlInjection","firefox","Wed Sep 02 10:07:36 UTC 2026","passed","Wed Sep 02 10:07:43 UTC 2026","","specs\Smoke\1-LoginSmoke.spec.ts","",""
"","6487","Verify navigation to Presented Checks via nav menu","msedge","Wed Sep 02 10:09:56 UTC 2026","passed","Wed Sep 02 10:10:02 UTC 2026","Home Dashboard","specs\Smoke\3-HomeDashboardSmoke.spec.ts","",""
"","8106","""Delete"" on a row shows a confirm modal; Cancel dismisses it without deleting","msedge","Wed Sep 02 10:12:17 UTC 2026","passed","Wed Sep 02 10:12:26 UTC 2026","Issued Checks — Smoke (Continued)","specs\Smoke\4-IssuedChecksSmoke.spec.ts","",""
"","14826","Automatic Check Decision Rules sub-page loads correctly","webkit","Wed Sep 02 10:27:04 UTC 2026","passed","Wed Sep 02 10:27:19 UTC 2026","Application Navigation Smoke Tests","specs\Smoke\2-NavigationSmoke.spec.ts","",""
"","6438","Verify Total Exceptions and Total Exception Amount labels are visible","chromium","Wed Sep 02 10:09:02 UTC 2026","passed","Wed Sep 02 10:09:08 UTC 2026","Home Dashboard","specs\Smoke\3-HomeDashboardSmoke.spec.ts","",""
"","15503","""Uploaded Checks"" navigates to the uploads page","webkit","Wed Sep 02 10:31:37 UTC 2026","passed","Wed Sep 02 10:31:52 UTC 2026","Presented Checks — Smoke","specs\Smoke\5-PresentedChecksSmoke.spec.ts","",""
"","9341","""Edit"" link on a row navigates to the check edit form","msedge","Wed Sep 02 10:12:00 UTC 2026","passed","Wed Sep 02 10:12:09 UTC 2026","Issued Checks — Smoke (Continued)","specs\Smoke\4-IssuedChecksSmoke.spec.ts","",""
"","17690","Last page arrow jumps to the final page","webkit","Wed Sep 02 10:38:13 UTC 2026","passed","Wed Sep 02 10:38:31 UTC 2026","Exceptions — Smoke","specs\Smoke\8-ExceptionsSmoke.spec.ts","",""
"","12419","Previous page button returns to page 1, First page button re-enables disabled state","chromium","Wed Sep 02 10:14:53 UTC 2026","passed","Wed Sep 02 10:15:05 UTC 2026","Exceptions — Smoke","specs\Smoke\8-ExceptionsSmoke.spec.ts","",""
"","12888","Verify navigation to Settings via nav menu","firefox","Wed Sep 02 10:12:48 UTC 2026","passed","Wed Sep 02 10:13:01 UTC 2026","Home Dashboard","specs\Smoke\3-HomeDashboardSmoke.spec.ts","",""
"","12621","Automatic Check Decision Rules sub-page loads correctly","firefox","Wed Sep 02 10:10:54 UTC 2026","passed","Wed Sep 02 10:11:06 UTC 2026","Application Navigation Smoke Tests","specs\Smoke\2-NavigationSmoke.spec.ts","",""
"","16050","Page size change to 10 updates pagination info in bottom-right pager","webkit","Wed Sep 02 10:37:39 UTC 2026","passed","Wed Sep 02 10:37:55 UTC 2026","Exceptions — Smoke","specs\Smoke\8-ExceptionsSmoke.spec.ts","",""
"","28822","Save a filter preset, verify it is auto-selected, then delete it","webkit","Wed Sep 02 10:32:22 UTC 2026","passed","Wed Sep 02 10:32:51 UTC 2026","Issued Checks — Smoke (Continued)","specs\Smoke\4-IssuedChecksSmoke.spec.ts","",""
"","16941","Verify chart title changes with selected tab","webkit","Wed Sep 02 10:27:10 UTC 2026","passed","Wed Sep 02 10:27:27 UTC 2026","Home Dashboard","specs\Smoke\3-HomeDashboardSmoke.spec.ts","",""
"","13109","Save a filter preset, verify it is auto-selected, then delete it","msedge","Wed Sep 02 10:14:09 UTC 2026","passed","Wed Sep 02 10:14:23 UTC 2026","ACH — Smoke","specs\Smoke\7-ACHSmoke.spec.ts","",""
"","14582","Issued Checks page loads correctly","firefox","Wed Sep 02 10:06:45 UTC 2026","passed","Wed Sep 02 10:07:00 UTC 2026","Application Navigation Smoke Tests","specs\Smoke\2-NavigationSmoke.spec.ts","",""
"","20390","Typing a page number navigates to that page","firefox","Wed Sep 02 10:15:27 UTC 2026","passed","Wed Sep 02 10:15:48 UTC 2026","Issued Checks — Smoke","specs\Smoke\4-IssuedChecksSmoke.spec.ts","",""
"","9248","""Uploaded ACH"" navigates to the uploads page","chromium","Wed Sep 02 10:13:46 UTC 2026","passed","Wed Sep 02 10:13:55 UTC 2026","ACH — Smoke","specs\Smoke\7-ACHSmoke.spec.ts","",""
"","13196","Verify dashboard footer footnote and privacy link are visible","firefox","Wed Sep 02 10:11:18 UTC 2026","passed","Wed Sep 02 10:11:31 UTC 2026","Home Dashboard","specs\Smoke\3-HomeDashboardSmoke.spec.ts","",""
"","14304","Automatic ACH Decision Rules sub-page loads correctly","webkit","Wed Sep 02 10:27:33 UTC 2026","passed","Wed Sep 02 10:27:47 UTC 2026","Application Navigation Smoke Tests","specs\Smoke\2-NavigationSmoke.spec.ts","",""
"","11063","Last page arrow jumps to the final page","msedge","Wed Sep 02 10:11:27 UTC 2026","passed","Wed Sep 02 10:11:38 UTC 2026","Presented Checks — Smoke","specs\Smoke\5-PresentedChecksSmoke.spec.ts","",""
"","15808","Last page arrow jumps to the final page","webkit","Wed Sep 02 10:30:56 UTC 2026","passed","Wed Sep 02 10:31:11 UTC 2026","Issued Checks — Smoke","specs\Smoke\4-IssuedChecksSmoke.spec.ts","",""
"","14247","Check Approval Rules sub-page loads correctly","webkit","Wed Sep 02 10:27:19 UTC 2026","passed","Wed Sep 02 10:27:33 UTC 2026","Application Navigation Smoke Tests","specs\Smoke\2-NavigationSmoke.spec.ts","",""
"","16582","Notification Templates sub-page loads correctly","webkit","Wed Sep 02 10:26:47 UTC 2026","passed","Wed Sep 02 10:27:04 UTC 2026","Application Navigation Smoke Tests","specs\Smoke\2-NavigationSmoke.spec.ts","",""
"","7153","Verify Total Exceptions and Total Exception Amount labels are visible","msedge","Wed Sep 02 10:09:03 UTC 2026","passed","Wed Sep 02 10:09:10 UTC 2026","Home Dashboard","specs\Smoke\3-HomeDashboardSmoke.spec.ts","",""
"","6631","Verify navigation to Issued Checks via nav menu","chromium","Wed Sep 02 10:09:44 UTC 2026","passed","Wed Sep 02 10:09:51 UTC 2026","Home Dashboard","specs\Smoke\3-HomeDashboardSmoke.spec.ts","",""
"","11455","Verify Total Exceptions and Total Exception Amount labels are visible","firefox","Wed Sep 02 10:10:41 UTC 2026","passed","Wed Sep 02 10:10:52 UTC 2026","Home Dashboard","specs\Smoke\3-HomeDashboardSmoke.spec.ts","",""
"","6622","Holiday Schedules sub-page loads correctly","msedge","Wed Sep 02 10:08:07 UTC 2026","passed","Wed Sep 02 10:08:13 UTC 2026","Application Navigation Smoke Tests","specs\Smoke\2-NavigationSmoke.spec.ts","",""
"","5017","Validate unauthenticated access to protected route is redirected to login","msedge","Wed Sep 02 10:07:55 UTC 2026","passed","Wed Sep 02 10:08:00 UTC 2026","","specs\Smoke\1-LoginSmoke.spec.ts","",""
"","8281","ACH breadcrumb link is visible on the page","msedge","Wed Sep 02 10:15:19 UTC 2026","passed","Wed Sep 02 10:15:27 UTC 2026","ACH — Smoke","specs\Smoke\7-ACHSmoke.spec.ts","",""
"","12169","Verify summary KPI values have expected number formats","webkit","Wed Sep 02 10:27:54 UTC 2026","passed","Wed Sep 02 10:28:06 UTC 2026","Home Dashboard","specs\Smoke\3-HomeDashboardSmoke.spec.ts","",""
"","8010","Grid View toggle navigates to the open-exceptions grid and shows key column headers","chromium","Wed Sep 02 10:17:09 UTC 2026","passed","Wed Sep 02 10:17:17 UTC 2026","Exceptions — Smoke (Continued)","specs\Smoke\8-ExceptionsSmoke.spec.ts","",""
"","17118","Holiday Schedules sub-page loads correctly","webkit","Wed Sep 02 10:26:15 UTC 2026","passed","Wed Sep 02 10:26:33 UTC 2026","Application Navigation Smoke Tests","specs\Smoke\2-NavigationSmoke.spec.ts","",""
"","15762","""+ Add Check"" navigates to the add-check form","webkit","Wed Sep 02 10:31:21 UTC 2026","passed","Wed Sep 02 10:31:37 UTC 2026","Presented Checks — Smoke","specs\Smoke\5-PresentedChecksSmoke.spec.ts","",""
"","14736","Save a filter preset, verify it is auto-selected, then delete it","msedge","Wed Sep 02 10:13:13 UTC 2026","passed","Wed Sep 02 10:13:28 UTC 2026","Presented Checks — Smoke (Continued)","specs\Smoke\5-PresentedChecksSmoke.spec.ts","",""
"","4546","Validate forgot password with unregistered email","chromium","Wed Sep 02 10:07:40 UTC 2026","passed","Wed Sep 02 10:07:45 UTC 2026","","specs\Smoke\1-LoginSmoke.spec.ts","",""
"","9635","Clicking a column header sorts ascending, clicking again sorts descending","chromium","Wed Sep 02 10:15:56 UTC 2026","passed","Wed Sep 02 10:16:06 UTC 2026","ACH — Smoke","specs\Smoke\7-ACHSmoke.spec.ts","",""
"","9953","""View"" (Change Log) link on a row navigates to the entity log","msedge","Wed Sep 02 10:14:46 UTC 2026","passed","Wed Sep 02 10:14:56 UTC 2026","ACH — Smoke","specs\Smoke\7-ACHSmoke.spec.ts","",""
"","5275","Validate Login functionality with sqlInjection","chromium","Wed Sep 02 10:07:16 UTC 2026","passed","Wed Sep 02 10:07:21 UTC 2026","","specs\Smoke\1-LoginSmoke.spec.ts","",""
"","9185","Page size change to 10 updates pagination info in bottom-right pager","chromium","Wed Sep 02 10:11:06 UTC 2026","passed","Wed Sep 02 10:11:15 UTC 2026","Presented Checks — Smoke","specs\Smoke\5-PresentedChecksSmoke.spec.ts","",""
"","17344","""Uploaded ACH"" navigates to the uploads page","webkit","Wed Sep 02 10:35:24 UTC 2026","passed","Wed Sep 02 10:35:41 UTC 2026","ACH — Smoke","specs\Smoke\7-ACHSmoke.spec.ts","",""
"","13412","Last page arrow jumps to the final page","firefox","Wed Sep 02 10:21:21 UTC 2026","passed","Wed Sep 02 10:21:34 UTC 2026","ACH — Smoke","specs\Smoke\7-ACHSmoke.spec.ts","",""
"","16988","Saved Filters dropdown is visible and defaults to no preset","firefox","Wed Sep 02 10:16:23 UTC 2026","passed","Wed Sep 02 10:16:40 UTC 2026","Presented Checks — Smoke","specs\Smoke\5-PresentedChecksSmoke.spec.ts","",""
"","17254","""View"" (Change Log) link on a row navigates to the entity log","firefox","Wed Sep 02 10:18:08 UTC 2026","passed","Wed Sep 02 10:18:25 UTC 2026","Issued Checks — Smoke (Continued)","specs\Smoke\4-IssuedChecksSmoke.spec.ts","",""
"","17335","""Edit"" link on a row navigates to the check edit form","firefox","Wed Sep 02 10:17:51 UTC 2026","passed","Wed Sep 02 10:18:08 UTC 2026","Issued Checks — Smoke (Continued)","specs\Smoke\4-IssuedChecksSmoke.spec.ts","",""
"","12187","Default filter auto-applies after logout and re-login","webkit","Wed Sep 02 10:39:24 UTC 2026","skipped","Wed Sep 02 10:39:36 UTC 2026","Exceptions — Default Filter (Serial)","specs\Smoke\8-ExceptionsSmoke.spec.ts","",""
"","7778","ACH breadcrumb link is visible on the page","chromium","Wed Sep 02 10:16:56 UTC 2026","passed","Wed Sep 02 10:17:04 UTC 2026","ACH — Smoke","specs\Smoke\7-ACHSmoke.spec.ts","",""
"","10367","Clicking a column header sorts ascending, clicking again sorts descending","chromium","Wed Sep 02 10:12:21 UTC 2026","passed","Wed Sep 02 10:12:32 UTC 2026","Issued Checks — Smoke (Continued)","specs\Smoke\4-IssuedChecksSmoke.spec.ts","",""
"","17784","""Delete"" on a row shows a confirm modal; Cancel dismisses it without deleting","webkit","Wed Sep 02 10:34:03 UTC 2026","passed","Wed Sep 02 10:34:21 UTC 2026","Issued Checks — Smoke (Continued)","specs\Smoke\4-IssuedChecksSmoke.spec.ts","",""
"","10109","System Log sub-page loads correctly","chromium","Wed Sep 02 10:09:35 UTC 2026","passed","Wed Sep 02 10:09:45 UTC 2026","Application Navigation Smoke Tests","specs\Smoke\2-NavigationSmoke.spec.ts","",""
"","14628","Notification Log sub-page loads correctly","webkit","Wed Sep 02 10:28:00 UTC 2026","passed","Wed Sep 02 10:28:15 UTC 2026","Application Navigation Smoke Tests","specs\Smoke\2-NavigationSmoke.spec.ts","",""
"","15657","Decision badge on an already-reviewed row is blocked with a system message","firefox","Wed Sep 02 10:25:19 UTC 2026","passed","Wed Sep 02 10:25:34 UTC 2026","Exceptions — Smoke (Continued)","specs\Smoke\8-ExceptionsSmoke.spec.ts","",""
"","15128","Verify tab-specific charts are hidden for opposite tab","webkit","Wed Sep 02 10:27:27 UTC 2026","passed","Wed Sep 02 10:27:42 UTC 2026","Home Dashboard","specs\Smoke\3-HomeDashboardSmoke.spec.ts","",""
"","7427","""Uploaded Checks"" navigates to the uploads page","chromium","Wed Sep 02 10:10:21 UTC 2026","passed","Wed Sep 02 10:10:29 UTC 2026","Issued Checks — Smoke","specs\Smoke\4-IssuedChecksSmoke.spec.ts","",""
"","11831","Home page is accessible and shows dashboard","msedge","Wed Sep 02 10:06:26 UTC 2026","passed","Wed Sep 02 10:06:38 UTC 2026","Application Navigation Smoke Tests","specs\Smoke\2-NavigationSmoke.spec.ts","",""
"","24626","Home page is accessible and shows dashboard","firefox","Wed Sep 02 10:06:19 UTC 2026","passed","Wed Sep 02 10:06:43 UTC 2026","Application Navigation Smoke Tests","specs\Smoke\2-NavigationSmoke.spec.ts","",""
"","4575","Validate Login functionality with veryLongInput","chromium","Wed Sep 02 10:07:26 UTC 2026","passed","Wed Sep 02 10:07:30 UTC 2026","","specs\Smoke\1-LoginSmoke.spec.ts","",""
"","11906","Verify Total Exceptions and Total Exception Amount labels are visible","webkit","Wed Sep 02 10:27:42 UTC 2026","passed","Wed Sep 02 10:27:54 UTC 2026","Home Dashboard","specs\Smoke\3-HomeDashboardSmoke.spec.ts","",""
"","15904","Verify ACH Only tab shows ACH-specific chart sections","firefox","Wed Sep 02 10:09:42 UTC 2026","passed","Wed Sep 02 10:09:58 UTC 2026","Home Dashboard","specs\Smoke\3-HomeDashboardSmoke.spec.ts","",""
"","7656","Verify Combined View shows all chart sections","chromium","Wed Sep 02 10:08:13 UTC 2026","passed","Wed Sep 02 10:08:21 UTC 2026","Home Dashboard","specs\Smoke\3-HomeDashboardSmoke.spec.ts","",""
"","10390","Search box filters grid and clears correctly","chromium","Wed Sep 02 10:10:29 UTC 2026","passed","Wed Sep 02 10:10:39 UTC 2026","Issued Checks — Smoke","specs\Smoke\4-IssuedChecksSmoke.spec.ts","",""
"","6329","Users sub-page loads correctly","msedge","Wed Sep 02 10:07:31 UTC 2026","passed","Wed Sep 02 10:07:37 UTC 2026","Application Navigation Smoke Tests","specs\Smoke\2-NavigationSmoke.spec.ts","",""
"","7848","ACH page loads correctly","msedge","Wed Sep 02 10:06:57 UTC 2026","passed","Wed Sep 02 10:07:05 UTC 2026","Application Navigation Smoke Tests","specs\Smoke\2-NavigationSmoke.spec.ts","",""
"","19565","""Delete"" on a row shows a confirm modal; Cancel dismisses it without deleting","webkit","Wed Sep 02 10:40:30 UTC 2026","passed","Wed Sep 02 10:40:50 UTC 2026","ACH — Smoke","specs\Smoke\7-ACHSmoke.spec.ts","",""
"","26176","Pay/Return decision badge navigates to exception history","firefox","Wed Sep 02 10:24:27 UTC 2026","passed","Wed Sep 02 10:24:53 UTC 2026","ACH — Smoke","specs\Smoke\7-ACHSmoke.spec.ts","",""
"","5795","Validate forgot password functionality","chromium","Wed Sep 02 10:07:30 UTC 2026","passed","Wed Sep 02 10:07:36 UTC 2026","","specs\Smoke\1-LoginSmoke.spec.ts","",""
"","23810","""View"" link on a row opens the Exception Details dialog","webkit","Wed Sep 02 10:40:27 UTC 2026","passed","Wed Sep 02 10:40:51 UTC 2026","Exceptions — Smoke (Continued)","specs\Smoke\8-ExceptionsSmoke.spec.ts","",""
"","11934","Column filter popup applies a filter and Clear restores the full row set","chromium","Wed Sep 02 10:12:32 UTC 2026","passed","Wed Sep 02 10:12:44 UTC 2026","Issued Checks — Smoke (Continued)","specs\Smoke\4-IssuedChecksSmoke.spec.ts","",""
"","14016","Verify dashboard tab checked state updates correctly","firefox","Wed Sep 02 10:09:58 UTC 2026","passed","Wed Sep 02 10:10:12 UTC 2026","Home Dashboard","specs\Smoke\3-HomeDashboardSmoke.spec.ts","",""
"","18142","Next page arrow advances to page 2","webkit","Wed Sep 02 10:36:28 UTC 2026","passed","Wed Sep 02 10:36:46 UTC 2026","ACH — Smoke","specs\Smoke\7-ACHSmoke.spec.ts","",""
"","10451","Verify profile menu shows My Info and Logout links","firefox","Wed Sep 02 10:11:31 UTC 2026","passed","Wed Sep 02 10:11:42 UTC 2026","Home Dashboard","specs\Smoke\3-HomeDashboardSmoke.spec.ts","",""
"","22781","Save a filter preset, verify it is auto-selected, then delete it","firefox","Wed Sep 02 10:22:41 UTC 2026","passed","Wed Sep 02 10:23:04 UTC 2026","ACH — Smoke","specs\Smoke\7-ACHSmoke.spec.ts","",""
"","7364","Excel export button is visible and enabled","msedge","Wed Sep 02 10:10:19 UTC 2026","passed","Wed Sep 02 10:10:27 UTC 2026","Issued Checks — Smoke","specs\Smoke\4-IssuedChecksSmoke.spec.ts","",""
"","15827","Default filter auto-applies after logout and re-login","webkit","Wed Sep 02 10:34:05 UTC 2026","skipped","Wed Sep 02 10:34:21 UTC 2026","Presented Checks — Default Filter (Serial)","specs\Smoke\5-PresentedChecksSmoke.spec.ts","",""
"","15677","Teller page loads correctly","firefox","Wed Sep 02 10:07:15 UTC 2026","passed","Wed Sep 02 10:07:31 UTC 2026","Application Navigation Smoke Tests","specs\Smoke\2-NavigationSmoke.spec.ts","",""
"","17981","""Delete"" on a row shows a confirm modal; Cancel dismisses it without deleting","webkit","Wed Sep 02 10:35:59 UTC 2026","passed","Wed Sep 02 10:36:17 UTC 2026","Presented Checks — Smoke (Continued)","specs\Smoke\5-PresentedChecksSmoke.spec.ts","",""
"","12825","Teller page loads correctly","webkit","Wed Sep 02 10:23:04 UTC 2026","passed","Wed Sep 02 10:23:17 UTC 2026","Application Navigation Smoke Tests","specs\Smoke\2-NavigationSmoke.spec.ts","",""
"","15403","Saved Filters dropdown is visible and defaults to no preset","firefox","Wed Sep 02 10:16:10 UTC 2026","passed","Wed Sep 02 10:16:26 UTC 2026","Issued Checks — Smoke","specs\Smoke\4-IssuedChecksSmoke.spec.ts","",""
"","7635","Exceptions breadcrumb link is visible on the page","chromium","Wed Sep 02 10:16:41 UTC 2026","passed","Wed Sep 02 10:16:48 UTC 2026","Exceptions — Smoke (Continued)","specs\Smoke\8-ExceptionsSmoke.spec.ts","",""
"","8404","Verify Home dashboard is restored after returning from another page","msedge","Wed Sep 02 10:09:40 UTC 2026","passed","Wed Sep 02 10:09:48 UTC 2026","Home Dashboard","specs\Smoke\3-HomeDashboardSmoke.spec.ts","",""
"","8470","Users sub-page loads correctly","chromium","Wed Sep 02 10:07:45 UTC 2026","passed","Wed Sep 02 10:07:53 UTC 2026","Application Navigation Smoke Tests","specs\Smoke\2-NavigationSmoke.spec.ts","",""
"","24608","Billing Reports sub-page loads correctly","webkit","Wed Sep 02 10:25:23 UTC 2026","passed","Wed Sep 02 10:25:47 UTC 2026","Application Navigation Smoke Tests","specs\Smoke\2-NavigationSmoke.spec.ts","",""
"","12943","ACH Approval Rules sub-page loads correctly","webkit","Wed Sep 02 10:27:47 UTC 2026","passed","Wed Sep 02 10:28:00 UTC 2026","Application Navigation Smoke Tests","specs\Smoke\2-NavigationSmoke.spec.ts","",""
"","21566","Default filter auto-applies after logout and re-login","chromium","Wed Sep 02 10:11:43 UTC 2026","passed","Wed Sep 02 10:12:05 UTC 2026","Issued Checks — Default Filter (Serial)","specs\Smoke\4-IssuedChecksSmoke.spec.ts","",""
"","10306","Search box filters grid and clears correctly","chromium","Wed Sep 02 10:13:55 UTC 2026","passed","Wed Sep 02 10:14:06 UTC 2026","ACH — Smoke","specs\Smoke\7-ACHSmoke.spec.ts","",""
"","4081","Validate Login functionality with xssInUsername","chromium","Wed Sep 02 10:07:22 UTC 2026","passed","Wed Sep 02 10:07:26 UTC 2026","","specs\Smoke\1-LoginSmoke.spec.ts","",""
"","19094","""View"" (Change Log) link on a row navigates to the entity log","firefox","Wed Sep 02 10:23:51 UTC 2026","passed","Wed Sep 02 10:24:10 UTC 2026","ACH — Smoke","specs\Smoke\7-ACHSmoke.spec.ts","",""
"","7110","Verify Home dashboard is restored after returning from another page","chromium","Wed Sep 02 10:09:37 UTC 2026","passed","Wed Sep 02 10:09:44 UTC 2026","Home Dashboard","specs\Smoke\3-HomeDashboardSmoke.spec.ts","",""
"","4993","Validate Login functionality with veryLongInput","msedge","Wed Sep 02 10:07:25 UTC 2026","passed","Wed Sep 02 10:07:30 UTC 2026","","specs\Smoke\1-LoginSmoke.spec.ts","",""
"","5311","Validate Login functionality with missingUsername","firefox","Wed Sep 02 10:07:31 UTC 2026","passed","Wed Sep 02 10:07:36 UTC 2026","","specs\Smoke\1-LoginSmoke.spec.ts","",""
"","9829","Save a filter preset, verify it is auto-selected, then delete it","msedge","Wed Sep 02 10:15:54 UTC 2026","passed","Wed Sep 02 10:16:04 UTC 2026","Exceptions — Smoke (Continued)","specs\Smoke\8-ExceptionsSmoke.spec.ts","",""
"","20647","Previous page button returns to page 1, First page button re-enables disabled state","firefox","Wed Sep 02 10:23:01 UTC 2026","passed","Wed Sep 02 10:23:22 UTC 2026","Exceptions — Smoke","specs\Smoke\8-ExceptionsSmoke.spec.ts","",""
"","23618","Roles/Permissions sub-page loads correctly","webkit","Wed Sep 02 10:24:37 UTC 2026","passed","Wed Sep 02 10:25:00 UTC 2026","Application Navigation Smoke Tests","specs\Smoke\2-NavigationSmoke.spec.ts","",""
"","12709","Settings page loads correctly","webkit","Wed Sep 02 10:23:43 UTC 2026","passed","Wed Sep 02 10:23:55 UTC 2026","Application Navigation Smoke Tests","specs\Smoke\2-NavigationSmoke.spec.ts","",""
"","9276","Pre-Decisions page loads with either records or the empty-state message","firefox","Wed Sep 02 10:26:32 UTC 2026","passed","Wed Sep 02 10:26:41 UTC 2026","Exceptions — Smoke (Continued)","specs\Smoke\8-ExceptionsSmoke.spec.ts","",""
"","7269","Branding sub-page loads correctly","chromium","Wed Sep 02 10:07:59 UTC 2026","passed","Wed Sep 02 10:08:07 UTC 2026","Application Navigation Smoke Tests","specs\Smoke\2-NavigationSmoke.spec.ts","",""
"","19726","Previous page button returns to page 1, First page button re-enables disabled state","firefox","Wed Sep 02 10:21:49 UTC 2026","passed","Wed Sep 02 10:22:08 UTC 2026","ACH — Smoke","specs\Smoke\7-ACHSmoke.spec.ts","",""
"","7926","Verify delayed data note and force refresh link are visible on dashboard","msedge","Wed Sep 02 10:09:17 UTC 2026","passed","Wed Sep 02 10:09:25 UTC 2026","Home Dashboard","specs\Smoke\3-HomeDashboardSmoke.spec.ts","",""
"","9439","Pay/Return decision badge navigates to exception history","chromium","Wed Sep 02 10:13:30 UTC 2026","passed","Wed Sep 02 10:13:40 UTC 2026","Presented Checks — Smoke (Continued)","specs\Smoke\5-PresentedChecksSmoke.spec.ts","",""
"","16573","Holiday Schedules sub-page loads correctly","firefox","Wed Sep 02 10:10:07 UTC 2026","passed","Wed Sep 02 10:10:24 UTC 2026","Application Navigation Smoke Tests","specs\Smoke\2-NavigationSmoke.spec.ts","",""
"","11507","Previous page button returns to page 1, First page button re-enables disabled state","chromium","Wed Sep 02 10:11:44 UTC 2026","passed","Wed Sep 02 10:11:56 UTC 2026","Presented Checks — Smoke","specs\Smoke\5-PresentedChecksSmoke.spec.ts","",""
"","7186","Validate Login functionality with veryLongInput","webkit","Wed Sep 02 10:23:54 UTC 2026","passed","Wed Sep 02 10:24:02 UTC 2026","","specs\Smoke\1-LoginSmoke.spec.ts","",""
"","25801","Default filter auto-applies after logout and re-login","chromium","Wed Sep 02 10:15:14 UTC 2026","passed","Wed Sep 02 10:15:40 UTC 2026","ACH — Smoke","specs\Smoke\7-ACHSmoke.spec.ts","",""
"","15813","Save a filter preset, verify it is auto-selected, then delete it","chromium","Wed Sep 02 10:15:40 UTC 2026","passed","Wed Sep 02 10:15:56 UTC 2026","ACH — Smoke","specs\Smoke\7-ACHSmoke.spec.ts","",""
"","7547","Billing Reports sub-page loads correctly","chromium","Wed Sep 02 10:08:07 UTC 2026","passed","Wed Sep 02 10:08:14 UTC 2026","Application Navigation Smoke Tests","specs\Smoke\2-NavigationSmoke.spec.ts","",""
"","5855","Validate Login functionality with missingUsername","msedge","Wed Sep 02 10:07:10 UTC 2026","passed","Wed Sep 02 10:07:16 UTC 2026","","specs\Smoke\1-LoginSmoke.spec.ts","",""
"","27481","Verify Combined View shows all chart sections","webkit","Wed Sep 02 10:25:58 UTC 2026","passed","Wed Sep 02 10:26:26 UTC 2026","Home Dashboard","specs\Smoke\3-HomeDashboardSmoke.spec.ts","",""
"","7417","Account Settings sub-page loads correctly","chromium","Wed Sep 02 10:07:29 UTC 2026","passed","Wed Sep 02 10:07:37 UTC 2026","Application Navigation Smoke Tests","specs\Smoke\2-NavigationSmoke.spec.ts","",""
"","13176","Verify summary KPI values have expected number formats","firefox","Wed Sep 02 10:10:52 UTC 2026","passed","Wed Sep 02 10:11:05 UTC 2026","Home Dashboard","specs\Smoke\3-HomeDashboardSmoke.spec.ts","",""
"","7025","Verify dashboard loads after successful login","chromium","Wed Sep 02 10:07:59 UTC 2026","passed","Wed Sep 02 10:08:06 UTC 2026","Home Dashboard","specs\Smoke\3-HomeDashboardSmoke.spec.ts","",""
"","15358","Pay/Return decision badge navigates to exception history","chromium","Wed Sep 02 10:16:40 UTC 2026","passed","Wed Sep 02 10:16:56 UTC 2026","ACH — Smoke","specs\Smoke\7-ACHSmoke.spec.ts","",""
"","10744","Validate Login functionality with missingPassword","webkit","Wed Sep 02 10:23:18 UTC 2026","passed","Wed Sep 02 10:23:29 UTC 2026","","specs\Smoke\1-LoginSmoke.spec.ts","",""
"","9444","""Delete"" on a row shows a confirm modal; Cancel dismisses it without deleting","msedge","Wed Sep 02 10:14:56 UTC 2026","passed","Wed Sep 02 10:15:06 UTC 2026","ACH — Smoke","specs\Smoke\7-ACHSmoke.spec.ts","",""
"","23445","Account Settings sub-page loads correctly","firefox","Wed Sep 02 10:08:14 UTC 2026","passed","Wed Sep 02 10:08:37 UTC 2026","Application Navigation Smoke Tests","specs\Smoke\2-NavigationSmoke.spec.ts","",""
"","9463","Search box filters grid and clears correctly","chromium","Wed Sep 02 10:13:56 UTC 2026","passed","Wed Sep 02 10:14:06 UTC 2026","Exceptions — Smoke","specs\Smoke\8-ExceptionsSmoke.spec.ts","",""
"","16879","Page size change to 10 updates pagination info in bottom-right pager","firefox","Wed Sep 02 10:14:34 UTC 2026","passed","Wed Sep 02 10:14:51 UTC 2026","Issued Checks — Smoke","specs\Smoke\4-IssuedChecksSmoke.spec.ts","",""
"","9439","Typing a page number navigates to that page","chromium","Wed Sep 02 10:11:35 UTC 2026","passed","Wed Sep 02 10:11:44 UTC 2026","Presented Checks — Smoke","specs\Smoke\5-PresentedChecksSmoke.spec.ts","",""
"","14509","Verify navigation to ACH via nav menu","webkit","Wed Sep 02 10:30:22 UTC 2026","passed","Wed Sep 02 10:30:36 UTC 2026","Home Dashboard","specs\Smoke\3-HomeDashboardSmoke.spec.ts","",""
"","22896","Previous page button returns to page 1, First page button re-enables disabled state","webkit","Wed Sep 02 10:31:28 UTC 2026","passed","Wed Sep 02 10:31:50 UTC 2026","Issued Checks — Smoke","specs\Smoke\4-IssuedChecksSmoke.spec.ts","",""
"","17674","Next page arrow advances to page 2","firefox","Wed Sep 02 10:14:51 UTC 2026","passed","Wed Sep 02 10:15:09 UTC 2026","Issued Checks — Smoke","specs\Smoke\4-IssuedChecksSmoke.spec.ts","",""
"","7132","Verify summary KPI values have expected number formats","chromium","Wed Sep 02 10:09:08 UTC 2026","passed","Wed Sep 02 10:09:16 UTC 2026","Home Dashboard","specs\Smoke\3-HomeDashboardSmoke.spec.ts","",""
"","10472","Approvals page loads with either records or the empty-state message","firefox","Wed Sep 02 10:26:21 UTC 2026","passed","Wed Sep 02 10:26:32 UTC 2026","Exceptions — Smoke (Continued)","specs\Smoke\8-ExceptionsSmoke.spec.ts","",""
"","7760","Exceptions page loads correctly","chromium","Wed Sep 02 10:07:14 UTC 2026","passed","Wed Sep 02 10:07:21 UTC 2026","Application Navigation Smoke Tests","specs\Smoke\2-NavigationSmoke.spec.ts","",""
"","8668","Page size change to 10 updates pagination info in bottom-right pager","chromium","Wed Sep 02 10:10:47 UTC 2026","passed","Wed Sep 02 10:10:55 UTC 2026","Issued Checks — Smoke","specs\Smoke\4-IssuedChecksSmoke.spec.ts","",""
"","8722","Validate session persists after page refresh","msedge","Wed Sep 02 10:07:46 UTC 2026","passed","Wed Sep 02 10:07:55 UTC 2026","","specs\Smoke\1-LoginSmoke.spec.ts","",""
"","5749","Validate Login functionality with caseSensitiveEmail","msedge","Wed Sep 02 10:06:38 UTC 2026","passed","Wed Sep 02 10:06:44 UTC 2026","","specs\Smoke\1-LoginSmoke.spec.ts","",""
"","10927","Verify all three dashboard view tabs are visible","firefox","Wed Sep 02 10:09:00 UTC 2026","passed","Wed Sep 02 10:09:11 UTC 2026","Home Dashboard","specs\Smoke\3-HomeDashboardSmoke.spec.ts","",""
"","8663","Automatic Check Decision Rules sub-page loads correctly","msedge","Wed Sep 02 10:08:29 UTC 2026","passed","Wed Sep 02 10:08:38 UTC 2026","Application Navigation Smoke Tests","specs\Smoke\2-NavigationSmoke.spec.ts","",""
"","13982","Column filter menu applies a filter and Clear restores the full row set","chromium","Wed Sep 02 10:16:06 UTC 2026","passed","Wed Sep 02 10:16:20 UTC 2026","Exceptions — Smoke (Continued)","specs\Smoke\8-ExceptionsSmoke.spec.ts","",""
"","17118","Next page arrow advances to page 2","firefox","Wed Sep 02 10:21:04 UTC 2026","passed","Wed Sep 02 10:21:21 UTC 2026","ACH — Smoke","specs\Smoke\7-ACHSmoke.spec.ts","",""
"","18250","""+ Add Check"" navigates to the add-check form","firefox","Wed Sep 02 10:13:18 UTC 2026","passed","Wed Sep 02 10:13:36 UTC 2026","Issued Checks — Smoke","specs\Smoke\4-IssuedChecksSmoke.spec.ts","",""
"","18690","Search box filters grid and clears correctly","firefox","Wed Sep 02 10:19:46 UTC 2026","passed","Wed Sep 02 10:20:04 UTC 2026","Exceptions — Smoke","specs\Smoke\8-ExceptionsSmoke.spec.ts","",""
"","16202","Typing a page number navigates to that page","webkit","Wed Sep 02 10:31:11 UTC 2026","passed","Wed Sep 02 10:31:28 UTC 2026","Issued Checks — Smoke","specs\Smoke\4-IssuedChecksSmoke.spec.ts","",""
"","8292","Automatic ACH Decision Rules sub-page loads correctly","msedge","Wed Sep 02 10:08:46 UTC 2026","passed","Wed Sep 02 10:08:55 UTC 2026","Application Navigation Smoke Tests","specs\Smoke\2-NavigationSmoke.spec.ts","",""
"","8307","Verify dashboard footer footnote and privacy link are visible","msedge","Wed Sep 02 10:09:25 UTC 2026","passed","Wed Sep 02 10:09:33 UTC 2026","Home Dashboard","specs\Smoke\3-HomeDashboardSmoke.spec.ts","",""
"","8939","""+ Add ACH"" navigates to the add-ACH form","chromium","Wed Sep 02 10:13:37 UTC 2026","passed","Wed Sep 02 10:13:46 UTC 2026","ACH — Smoke","specs\Smoke\7-ACHSmoke.spec.ts","",""
"","9031","Clicking a column header sorts ascending, clicking again sorts descending","msedge","Wed Sep 02 10:11:39 UTC 2026","passed","Wed Sep 02 10:11:48 UTC 2026","Issued Checks — Smoke (Continued)","specs\Smoke\4-IssuedChecksSmoke.spec.ts","",""
"","16174","Verify Home dashboard is restored after returning from another page","webkit","Wed Sep 02 10:29:37 UTC 2026","passed","Wed Sep 02 10:29:54 UTC 2026","Home Dashboard","specs\Smoke\3-HomeDashboardSmoke.spec.ts","",""
"","14223","Business Clients sub-page loads correctly","firefox","Wed Sep 02 10:08:37 UTC 2026","passed","Wed Sep 02 10:08:52 UTC 2026","Application Navigation Smoke Tests","specs\Smoke\2-NavigationSmoke.spec.ts","",""
"","6119","Roles/Permissions sub-page loads correctly","chromium","Wed Sep 02 10:07:53 UTC 2026","passed","Wed Sep 02 10:07:59 UTC 2026","Application Navigation Smoke Tests","specs\Smoke\2-NavigationSmoke.spec.ts","",""
"","17248","ACH breadcrumb link is visible on the page","firefox","Wed Sep 02 10:24:53 UTC 2026","passed","Wed Sep 02 10:25:10 UTC 2026","ACH — Smoke","specs\Smoke\7-ACHSmoke.spec.ts","",""
"","7529","Issued Checks page loads correctly","msedge","Wed Sep 02 10:06:38 UTC 2026","passed","Wed Sep 02 10:06:46 UTC 2026","Application Navigation Smoke Tests","specs\Smoke\2-NavigationSmoke.spec.ts","",""
"","5191","Issued Checks breadcrumb link is visible on the page","msedge","Wed Sep 02 10:12:26 UTC 2026","passed","Wed Sep 02 10:12:31 UTC 2026","Issued Checks — Smoke (Continued)","specs\Smoke\4-IssuedChecksSmoke.spec.ts","",""
"","12914","Billing Reports sub-page loads correctly","firefox","Wed Sep 02 10:09:39 UTC 2026","passed","Wed Sep 02 10:09:52 UTC 2026","Application Navigation Smoke Tests","specs\Smoke\2-NavigationSmoke.spec.ts","",""
"","18822","""Uploaded Checks"" navigates to the uploads page","firefox","Wed Sep 02 10:13:36 UTC 2026","passed","Wed Sep 02 10:13:55 UTC 2026","Issued Checks — Smoke","specs\Smoke\4-IssuedChecksSmoke.spec.ts","",""
"","10168","""View"" (Change Log) link on a row navigates to the entity log","chromium","Wed Sep 02 10:16:19 UTC 2026","passed","Wed Sep 02 10:16:30 UTC 2026","ACH — Smoke","specs\Smoke\7-ACHSmoke.spec.ts","",""
"","8149","""+ Add Check"" navigates to the add-check form","msedge","Wed Sep 02 10:10:35 UTC 2026","passed","Wed Sep 02 10:10:44 UTC 2026","Presented Checks — Smoke","specs\Smoke\5-PresentedChecksSmoke.spec.ts","",""
"","7385","Notification Templates sub-page loads correctly","msedge","Wed Sep 02 10:08:22 UTC 2026","passed","Wed Sep 02 10:08:29 UTC 2026","Application Navigation Smoke Tests","specs\Smoke\2-NavigationSmoke.spec.ts","",""
"","15724","Typing a page number navigates to that page","webkit","Wed Sep 02 10:38:31 UTC 2026","passed","Wed Sep 02 10:38:47 UTC 2026","Exceptions — Smoke","specs\Smoke\8-ExceptionsSmoke.spec.ts","",""
"","15542","Last page arrow jumps to the final page","webkit","Wed Sep 02 10:36:47 UTC 2026","passed","Wed Sep 02 10:37:02 UTC 2026","ACH — Smoke","specs\Smoke\7-ACHSmoke.spec.ts","",""
"","4570","Validate Login functionality with incorrectUsername","chromium","Wed Sep 02 10:06:51 UTC 2026","passed","Wed Sep 02 10:06:56 UTC 2026","","specs\Smoke\1-LoginSmoke.spec.ts","",""
"","10932","Verify navigation to Presented Checks via nav menu","firefox","Wed Sep 02 10:12:11 UTC 2026","passed","Wed Sep 02 10:12:22 UTC 2026","Home Dashboard","specs\Smoke\3-HomeDashboardSmoke.spec.ts","",""
"","12670","Column filter popup applies a filter and Clear restores the full row set","msedge","Wed Sep 02 10:13:39 UTC 2026","passed","Wed Sep 02 10:13:52 UTC 2026","Presented Checks — Smoke (Continued)","specs\Smoke\5-PresentedChecksSmoke.spec.ts","",""
"","14658","Page size change to 10 updates pagination info in bottom-right pager","webkit","Wed Sep 02 10:30:25 UTC 2026","passed","Wed Sep 02 10:30:40 UTC 2026","Issued Checks — Smoke","specs\Smoke\4-IssuedChecksSmoke.spec.ts","",""
"","8735","Clicking a column header sorts ascending, clicking again sorts descending","chromium","Wed Sep 02 10:12:42 UTC 2026","passed","Wed Sep 02 10:12:51 UTC 2026","Presented Checks — Smoke (Continued)","specs\Smoke\5-PresentedChecksSmoke.spec.ts","",""
"","16023","Column filter menu applies a filter and Clear restores the full row set","webkit","Wed Sep 02 10:40:11 UTC 2026","passed","Wed Sep 02 10:40:27 UTC 2026","Exceptions — Smoke (Continued)","specs\Smoke\8-ExceptionsSmoke.spec.ts","",""
"","17700","Validate unauthenticated access to protected route is redirected to login","webkit","Wed Sep 02 10:24:47 UTC 2026","passed","Wed Sep 02 10:25:05 UTC 2026","","specs\Smoke\1-LoginSmoke.spec.ts","",""
"","6538","Verify profile menu shows My Info and Logout links","msedge","Wed Sep 02 10:09:33 UTC 2026","passed","Wed Sep 02 10:09:40 UTC 2026","Home Dashboard","specs\Smoke\3-HomeDashboardSmoke.spec.ts","",""
"","18409","""Uploaded ACH"" navigates to the uploads page","firefox","Wed Sep 02 10:19:51 UTC 2026","passed","Wed Sep 02 10:20:09 UTC 2026","ACH — Smoke","specs\Smoke\7-ACHSmoke.spec.ts","",""
"","7407","Validate Login functionality with caseSensitiveEmail","chromium","Wed Sep 02 10:06:39 UTC 2026","passed","Wed Sep 02 10:06:47 UTC 2026","","specs\Smoke\1-LoginSmoke.spec.ts","",""
"","21025","Previous page button returns to page 1, First page button re-enables disabled state","webkit","Wed Sep 02 10:38:47 UTC 2026","passed","Wed Sep 02 10:39:08 UTC 2026","Exceptions — Smoke","specs\Smoke\8-ExceptionsSmoke.spec.ts","",""
"","11500","Validate Login functionality with correctCredentials","msedge","Wed Sep 02 10:06:26 UTC 2026","passed","Wed Sep 02 10:06:38 UTC 2026","","specs\Smoke\1-LoginSmoke.spec.ts","",""
"","16449","""+ Add ACH"" navigates to the add-ACH form","webkit","Wed Sep 02 10:35:08 UTC 2026","passed","Wed Sep 02 10:35:24 UTC 2026","ACH — Smoke","specs\Smoke\7-ACHSmoke.spec.ts","",""
"","3920","Pre-Decisions page loads with either records or the empty-state message","msedge","Wed Sep 02 10:17:00 UTC 2026","passed","Wed Sep 02 10:17:04 UTC 2026","Exceptions — Smoke (Continued)","specs\Smoke\8-ExceptionsSmoke.spec.ts","",""
"","16332","Page size change to 10 updates pagination info in bottom-right pager","firefox","Wed Sep 02 10:14:52 UTC 2026","passed","Wed Sep 02 10:15:08 UTC 2026","Presented Checks — Smoke","specs\Smoke\5-PresentedChecksSmoke.spec.ts","",""
"","17146","Last page arrow jumps to the final page","webkit","Wed Sep 02 10:32:55 UTC 2026","passed","Wed Sep 02 10:33:12 UTC 2026","Presented Checks — Smoke","specs\Smoke\5-PresentedChecksSmoke.spec.ts","",""
"","22201","Column filter popup applies a filter and Clear restores the full row set","webkit","Wed Sep 02 10:39:04 UTC 2026","passed","Wed Sep 02 10:39:26 UTC 2026","ACH — Smoke","specs\Smoke\7-ACHSmoke.spec.ts","",""
"","8247","API link is visible and points to swagger","webkit","Wed Sep 02 10:28:56 UTC 2026","passed","Wed Sep 02 10:29:04 UTC 2026","Application Navigation Smoke Tests","specs\Smoke\2-NavigationSmoke.spec.ts","",""
"","13984","Validate Login functionality with correctCredentials","webkit","Wed Sep 02 10:22:19 UTC 2026","passed","Wed Sep 02 10:22:33 UTC 2026","","specs\Smoke\1-LoginSmoke.spec.ts","",""
"","18325","Last page arrow jumps to the final page","firefox","Wed Sep 02 10:15:09 UTC 2026","passed","Wed Sep 02 10:15:27 UTC 2026","Issued Checks — Smoke","specs\Smoke\4-IssuedChecksSmoke.spec.ts","",""
"","5062","Validate teller presented-check form shows all required fields","msedge","Wed Sep 02 10:12:31 UTC 2026","passed","Wed Sep 02 10:12:36 UTC 2026","Teller - Smoke","specs\Smoke\6-TellerSmoke.spec.ts","",""
"","28785","Save a filter preset, verify it is auto-selected, then delete it","webkit","Wed Sep 02 10:38:16 UTC 2026","passed","Wed Sep 02 10:38:45 UTC 2026","ACH — Smoke","specs\Smoke\7-ACHSmoke.spec.ts","",""
"","19407","Clicking a column header sorts ascending, clicking again sorts descending","firefox","Wed Sep 02 10:23:04 UTC 2026","passed","Wed Sep 02 10:23:23 UTC 2026","ACH — Smoke","specs\Smoke\7-ACHSmoke.spec.ts","",""
"","15977","Page size change to 10 updates pagination info in bottom-right pager","webkit","Wed Sep 02 10:32:23 UTC 2026","passed","Wed Sep 02 10:32:39 UTC 2026","Presented Checks — Smoke","specs\Smoke\5-PresentedChecksSmoke.spec.ts","",""
"","7829","Presented Checks page loads correctly","chromium","Wed Sep 02 10:06:49 UTC 2026","passed","Wed Sep 02 10:06:57 UTC 2026","Application Navigation Smoke Tests","specs\Smoke\2-NavigationSmoke.spec.ts","",""
"","16725","Save a filter preset, verify it is auto-selected, then delete it","chromium","Wed Sep 02 10:15:40 UTC 2026","passed","Wed Sep 02 10:15:57 UTC 2026","Exceptions — Smoke (Continued)","specs\Smoke\8-ExceptionsSmoke.spec.ts","",""
"","4350","Approvals page loads with either records or the empty-state message","msedge","Wed Sep 02 10:16:56 UTC 2026","passed","Wed Sep 02 10:17:00 UTC 2026","Exceptions — Smoke (Continued)","specs\Smoke\8-ExceptionsSmoke.spec.ts","",""
"","12863","Verify chart title changes with selected tab","firefox","Wed Sep 02 10:10:12 UTC 2026","passed","Wed Sep 02 10:10:25 UTC 2026","Home Dashboard","specs\Smoke\3-HomeDashboardSmoke.spec.ts","",""
"","8542","Presented Checks breadcrumb link is visible on the page","msedge","Wed Sep 02 10:14:31 UTC 2026","passed","Wed Sep 02 10:14:40 UTC 2026","Presented Checks — Smoke (Continued)","specs\Smoke\5-PresentedChecksSmoke.spec.ts","",""
"","4718","Validate Login functionality with incorrectPassword","chromium","Wed Sep 02 10:06:47 UTC 2026","passed","Wed Sep 02 10:06:51 UTC 2026","","specs\Smoke\1-LoginSmoke.spec.ts","",""
"","13081","""Delete"" on a row shows a confirm modal; Cancel dismisses it without deleting","msedge","Wed Sep 02 10:14:09 UTC 2026","passed","Wed Sep 02 10:14:22 UTC 2026","Presented Checks — Smoke (Continued)","specs\Smoke\5-PresentedChecksSmoke.spec.ts","",""
"","6879","""View"" link on a row opens the Exception Details dialog","msedge","Wed Sep 02 10:16:17 UTC 2026","passed","Wed Sep 02 10:16:24 UTC 2026","Exceptions — Smoke (Continued)","specs\Smoke\8-ExceptionsSmoke.spec.ts","",""
"","15612","""Edit"" link on a row navigates to the check edit form","webkit","Wed Sep 02 10:35:26 UTC 2026","passed","Wed Sep 02 10:35:42 UTC 2026","Presented Checks — Smoke (Continued)","specs\Smoke\5-PresentedChecksSmoke.spec.ts","",""
"","9308","Default filter auto-applies after logout and re-login","firefox","Wed Sep 02 10:23:39 UTC 2026","skipped","Wed Sep 02 10:23:49 UTC 2026","Exceptions — Default Filter (Serial)","specs\Smoke\8-ExceptionsSmoke.spec.ts","",""
"","8263","""Edit"" link on a row navigates to the check edit form","chromium","Wed Sep 02 10:12:44 UTC 2026","passed","Wed Sep 02 10:12:52 UTC 2026","Issued Checks — Smoke (Continued)","specs\Smoke\4-IssuedChecksSmoke.spec.ts","",""
"","10018","Search box filters grid and clears correctly","chromium","Wed Sep 02 10:10:47 UTC 2026","passed","Wed Sep 02 10:10:57 UTC 2026","Presented Checks — Smoke","specs\Smoke\5-PresentedChecksSmoke.spec.ts","",""
"","9165","Check Approval Rules sub-page loads correctly","chromium","Wed Sep 02 10:08:54 UTC 2026","passed","Wed Sep 02 10:09:03 UTC 2026","Application Navigation Smoke Tests","specs\Smoke\2-NavigationSmoke.spec.ts","",""
"","8244","Verify dashboard tab checked state updates correctly","chromium","Wed Sep 02 10:08:35 UTC 2026","passed","Wed Sep 02 10:08:44 UTC 2026","Home Dashboard","specs\Smoke\3-HomeDashboardSmoke.spec.ts","",""
"","7083","Search box filters grid and clears correctly","msedge","Wed Sep 02 10:12:52 UTC 2026","passed","Wed Sep 02 10:12:59 UTC 2026","ACH — Smoke","specs\Smoke\7-ACHSmoke.spec.ts","",""
"","8182","File Processing sub-page loads correctly","chromium","Wed Sep 02 10:09:45 UTC 2026","passed","Wed Sep 02 10:09:53 UTC 2026","Application Navigation Smoke Tests","specs\Smoke\2-NavigationSmoke.spec.ts","",""
"","16844","Grid loads with data rows and key column headers","firefox","Wed Sep 02 10:19:16 UTC 2026","passed","Wed Sep 02 10:19:33 UTC 2026","ACH — Smoke","specs\Smoke\7-ACHSmoke.spec.ts","",""
"","14584","File Formats sub-page loads correctly","webkit","Wed Sep 02 10:26:33 UTC 2026","passed","Wed Sep 02 10:26:47 UTC 2026","Application Navigation Smoke Tests","specs\Smoke\2-NavigationSmoke.spec.ts","",""
"","18787","Excel export button is visible and enabled","firefox","Wed Sep 02 10:20:29 UTC 2026","passed","Wed Sep 02 10:20:47 UTC 2026","ACH — Smoke","specs\Smoke\7-ACHSmoke.spec.ts","",""
"","14658","""View"" (Change Log) link on a row navigates to the entity log","webkit","Wed Sep 02 10:39:26 UTC 2026","passed","Wed Sep 02 10:39:41 UTC 2026","ACH — Smoke","specs\Smoke\7-ACHSmoke.spec.ts","",""
"","17175","Search box filters grid and clears correctly","webkit","Wed Sep 02 10:29:53 UTC 2026","passed","Wed Sep 02 10:30:11 UTC 2026","Issued Checks — Smoke","specs\Smoke\4-IssuedChecksSmoke.spec.ts","",""
"","14105","Presented Checks page loads correctly","webkit","Wed Sep 02 10:22:50 UTC 2026","passed","Wed Sep 02 10:23:04 UTC 2026","Application Navigation Smoke Tests","specs\Smoke\2-NavigationSmoke.spec.ts","",""
"","7459","Default Decision Log sub-page loads correctly","msedge","Wed Sep 02 10:09:10 UTC 2026","passed","Wed Sep 02 10:09:18 UTC 2026","Application Navigation Smoke Tests","specs\Smoke\2-NavigationSmoke.spec.ts","",""
"","7211","File Formats sub-page loads correctly","chromium","Wed Sep 02 10:08:30 UTC 2026","passed","Wed Sep 02 10:08:37 UTC 2026","Application Navigation Smoke Tests","specs\Smoke\2-NavigationSmoke.spec.ts","",""
"","8156","File Formats sub-page loads correctly","msedge","Wed Sep 02 10:08:13 UTC 2026","passed","Wed Sep 02 10:08:22 UTC 2026","Application Navigation Smoke Tests","specs\Smoke\2-NavigationSmoke.spec.ts","",""
"","6089","Pre-Decisions page loads with either records or the empty-state message","webkit","Wed Sep 02 10:42:07 UTC 2026","passed","Wed Sep 02 10:42:13 UTC 2026","Exceptions — Smoke (Continued)","specs\Smoke\8-ExceptionsSmoke.spec.ts","",""
