"DESCRIPTION","DURATION IN MS","NAME","PARENT SUITE","START TIME","STATUS","STOP TIME","SUB SUITE","SUITE","TEST CLASS","TEST METHOD"
"","4606","""View"" (Change Log) link on a row navigates to the entity log","chromium","Tue Sep 29 10:32:12 UTC 2026","passed","Tue Sep 29 10:32:16 UTC 2026","Presented Checks — Smoke > Row Actions","specs\Smoke\5-PresentedChecksSmoke.spec.ts","",""
"","12495","Automatic Check Decision Rules sub-page loads correctly","webkit","Tue Sep 29 10:14:31 UTC 2026","passed","Tue Sep 29 10:14:44 UTC 2026","Application Navigation Smoke Tests > Settings Sub-navigation","specs\Smoke\2-NavigationSmoke.spec.ts","",""
"","10659","Typing a page number navigates to that page","firefox","Tue Sep 29 10:19:55 UTC 2026","passed","Tue Sep 29 10:20:06 UTC 2026","Issued Checks — Smoke > Pagination","specs\Smoke\4-IssuedChecksSmoke.spec.ts","",""
"","8835","Search box filters grid and clears correctly","msedge","Tue Sep 29 10:16:39 UTC 2026","passed","Tue Sep 29 10:16:48 UTC 2026","Presented Checks — Smoke > Toolbar","specs\Smoke\5-PresentedChecksSmoke.spec.ts","",""
"","7733","Previous page button returns to page 1, First page button re-enables disabled state","msedge","Tue Sep 29 10:17:17 UTC 2026","passed","Tue Sep 29 10:17:25 UTC 2026","Presented Checks — Smoke > Pagination","specs\Smoke\5-PresentedChecksSmoke.spec.ts","",""
"","12841","Verify Combined View shows all chart sections","webkit","Tue Sep 29 10:15:33 UTC 2026","passed","Tue Sep 29 10:15:46 UTC 2026","Home Dashboard > Dashboard Chart Headings","specs\Smoke\3-HomeDashboardSmoke.spec.ts","",""
"","8307","Clicking a column header sorts ascending, clicking again sorts descending","chromium","Tue Sep 29 10:33:35 UTC 2026","passed","Tue Sep 29 10:33:44 UTC 2026","ACH — Smoke > Sorting","specs\Smoke\7-ACHSmoke.spec.ts","",""
"","11624","Excel export button is visible and enabled","firefox","Tue Sep 29 10:19:42 UTC 2026","passed","Tue Sep 29 10:19:53 UTC 2026","Presented Checks — Smoke > Toolbar","specs\Smoke\5-PresentedChecksSmoke.spec.ts","",""
"","8848","Home page is accessible and shows dashboard","webkit","Tue Sep 29 10:11:47 UTC 2026","passed","Tue Sep 29 10:11:55 UTC 2026","Application Navigation Smoke Tests > Top-level Navigation","specs\Smoke\2-NavigationSmoke.spec.ts","",""
"","15921","Validate Login functionality with xssInUsername","firefox","Tue Sep 29 10:13:25 UTC 2026","passed","Tue Sep 29 10:13:41 UTC 2026","Login — Smoke > Login","specs\Smoke\1-LoginSmoke.spec.ts","",""
"","19467","""Uploaded Checks"" navigates to the uploads page","firefox","Tue Sep 29 10:19:09 UTC 2026","passed","Tue Sep 29 10:19:28 UTC 2026","Presented Checks — Smoke > Navigation","specs\Smoke\5-PresentedChecksSmoke.spec.ts","",""
"","10118","""+ Add Check"" navigates to the add-check form","webkit","Tue Sep 29 10:16:54 UTC 2026","passed","Tue Sep 29 10:17:04 UTC 2026","Issued Checks — Smoke > Navigation","specs\Smoke\4-IssuedChecksSmoke.spec.ts","",""
"","2677","Approvals page loads with either records or the empty-state message","msedge","Tue Sep 29 10:20:26 UTC 2026","passed","Tue Sep 29 10:20:28 UTC 2026","Exceptions — Smoke > Approvals","specs\Smoke\8-ExceptionsSmoke.spec.ts","",""
"","11195","""+ Add ACH"" navigates to the add-ACH form","webkit","Tue Sep 29 10:21:17 UTC 2026","passed","Tue Sep 29 10:21:28 UTC 2026","ACH — Smoke > Navigation","specs\Smoke\7-ACHSmoke.spec.ts","",""
"","4767","Branding sub-page loads correctly","msedge","Tue Sep 29 10:14:02 UTC 2026","passed","Tue Sep 29 10:14:07 UTC 2026","Application Navigation Smoke Tests > Settings Sub-navigation","specs\Smoke\2-NavigationSmoke.spec.ts","",""
"","7417","Previous page button returns to page 1, First page button re-enables disabled state","chromium","Tue Sep 29 10:32:52 UTC 2026","passed","Tue Sep 29 10:33:00 UTC 2026","ACH — Smoke > Pagination","specs\Smoke\7-ACHSmoke.spec.ts","",""
"","4631","Verify dashboard loads after successful login","msedge","Tue Sep 29 10:14:22 UTC 2026","passed","Tue Sep 29 10:14:27 UTC 2026","Home Dashboard > Page Load","specs\Smoke\3-HomeDashboardSmoke.spec.ts","",""
"","9151","Column filter menu applies a filter and Clear restores the full row set","webkit","Tue Sep 29 10:25:25 UTC 2026","passed","Tue Sep 29 10:25:34 UTC 2026","Exceptions — Smoke > Exception History > Column Filter","specs\Smoke\8-ExceptionsSmoke.spec.ts","",""
"","4820","Clicking a column header sorts ascending, clicking again sorts descending","msedge","Tue Sep 29 10:17:47 UTC 2026","passed","Tue Sep 29 10:17:52 UTC 2026","Presented Checks — Smoke > Sorting","specs\Smoke\5-PresentedChecksSmoke.spec.ts","",""
"","17140","Previous page button returns to page 1, First page button re-enables disabled state","firefox","Tue Sep 29 10:20:06 UTC 2026","passed","Tue Sep 29 10:20:23 UTC 2026","Issued Checks — Smoke > Pagination","specs\Smoke\4-IssuedChecksSmoke.spec.ts","",""
"","9319","System Log sub-page loads correctly","webkit","Tue Sep 29 10:15:50 UTC 2026","passed","Tue Sep 29 10:15:59 UTC 2026","Application Navigation Smoke Tests > Settings Sub-navigation","specs\Smoke\2-NavigationSmoke.spec.ts","",""
"","3995","Holiday Schedules sub-page loads correctly","chromium","Tue Sep 29 10:28:31 UTC 2026","passed","Tue Sep 29 10:28:35 UTC 2026","Application Navigation Smoke Tests > Settings Sub-navigation","specs\Smoke\2-NavigationSmoke.spec.ts","",""
"","4485","Validate teller presented-check form shows all required fields","chromium","Tue Sep 29 10:31:51 UTC 2026","passed","Tue Sep 29 10:31:56 UTC 2026","Teller — Smoke > Add Check Form","specs\Smoke\6-TellerSmoke.spec.ts","",""
"","4055","Validate Login functionality with invalidEmailFormat","msedge","Tue Sep 29 10:13:29 UTC 2026","passed","Tue Sep 29 10:13:33 UTC 2026","Login — Smoke > Login","specs\Smoke\1-LoginSmoke.spec.ts","",""
"","11850","Save a filter preset, verify it is auto-selected, then delete it","msedge","Tue Sep 29 10:18:55 UTC 2026","passed","Tue Sep 29 10:19:07 UTC 2026","ACH — Smoke > Saved Filters","specs\Smoke\7-ACHSmoke.spec.ts","",""
"","8742","Search box filters grid and clears correctly","msedge","Tue Sep 29 10:18:05 UTC 2026","passed","Tue Sep 29 10:18:14 UTC 2026","ACH — Smoke > Toolbar","specs\Smoke\7-ACHSmoke.spec.ts","",""
"","11987","Save a filter preset, verify it is auto-selected, then delete it","msedge","Tue Sep 29 10:19:28 UTC 2026","passed","Tue Sep 29 10:19:40 UTC 2026","Exceptions — Smoke > Exception History > Saved Filters","specs\Smoke\8-ExceptionsSmoke.spec.ts","",""
"","6591","Grid View toggle navigates to the open-exceptions grid and shows key column headers","firefox","Tue Sep 29 10:27:13 UTC 2026","passed","Tue Sep 29 10:27:19 UTC 2026","Exceptions — Smoke > Open Exceptions","specs\Smoke\8-ExceptionsSmoke.spec.ts","",""
"","5619","Grid loads with data rows and key column headers","msedge","Tue Sep 29 10:16:15 UTC 2026","passed","Tue Sep 29 10:16:20 UTC 2026","Presented Checks — Smoke > Grid","specs\Smoke\5-PresentedChecksSmoke.spec.ts","",""
"","10478","Pay/Return decision badge navigates to exception history","msedge","Tue Sep 29 10:19:40 UTC 2026","passed","Tue Sep 29 10:19:51 UTC 2026","ACH — Smoke > Row Actions","specs\Smoke\7-ACHSmoke.spec.ts","",""
"","11723","Notification Templates sub-page loads correctly","firefox","Tue Sep 29 10:16:06 UTC 2026","passed","Tue Sep 29 10:16:18 UTC 2026","Application Navigation Smoke Tests > Settings Sub-navigation","specs\Smoke\2-NavigationSmoke.spec.ts","",""
"","15132","Verify Home dashboard is restored after returning from another page","webkit","Tue Sep 29 10:17:38 UTC 2026","passed","Tue Sep 29 10:17:53 UTC 2026","Home Dashboard > Summary Stats","specs\Smoke\3-HomeDashboardSmoke.spec.ts","",""
"","13106","Last page arrow jumps to the final page","firefox","Tue Sep 29 10:19:42 UTC 2026","passed","Tue Sep 29 10:19:55 UTC 2026","Issued Checks — Smoke > Pagination","specs\Smoke\4-IssuedChecksSmoke.spec.ts","",""
"","18223","Default filter auto-applies after logout and re-login","chromium","Tue Sep 29 10:33:17 UTC 2026","passed","Tue Sep 29 10:33:35 UTC 2026","ACH — Smoke > Saved Filters > Default Filter","specs\Smoke\7-ACHSmoke.spec.ts","",""
"","3997","Validate Login functionality with veryLongInput","msedge","Tue Sep 29 10:13:54 UTC 2026","passed","Tue Sep 29 10:13:58 UTC 2026","Login — Smoke > Login","specs\Smoke\1-LoginSmoke.spec.ts","",""
"","9011","Validate Login functionality with missingPassword","webkit","Tue Sep 29 10:12:43 UTC 2026","passed","Tue Sep 29 10:12:52 UTC 2026","Login — Smoke > Login","specs\Smoke\1-LoginSmoke.spec.ts","",""
"","5886","""View"" link on a row opens the Exception Details dialog","chromium","Tue Sep 29 10:34:23 UTC 2026","passed","Tue Sep 29 10:34:29 UTC 2026","Exceptions — Smoke > Exception History > Row Actions","specs\Smoke\8-ExceptionsSmoke.spec.ts","",""
"","5146","Open Exceptions page loads with either exception cards or the empty-state message","webkit","Tue Sep 29 10:26:02 UTC 2026","passed","Tue Sep 29 10:26:08 UTC 2026","Exceptions — Smoke > Open Exceptions","specs\Smoke\8-ExceptionsSmoke.spec.ts","",""
"","5124","Last page arrow jumps to the final page","msedge","Tue Sep 29 10:18:31 UTC 2026","passed","Tue Sep 29 10:18:36 UTC 2026","ACH — Smoke > Pagination","specs\Smoke\7-ACHSmoke.spec.ts","",""
"","10488","Web Hooks sub-page loads correctly","firefox","Tue Sep 29 10:17:51 UTC 2026","passed","Tue Sep 29 10:18:02 UTC 2026","Application Navigation Smoke Tests > Settings Sub-navigation","specs\Smoke\2-NavigationSmoke.spec.ts","",""
"","4544","Validate forgot password functionality with No email","msedge","Tue Sep 29 10:14:02 UTC 2026","passed","Tue Sep 29 10:14:07 UTC 2026","Login — Smoke > Forgot Password","specs\Smoke\1-LoginSmoke.spec.ts","",""
"","7218","Business Clients sub-page loads correctly","webkit","Tue Sep 29 10:13:04 UTC 2026","passed","Tue Sep 29 10:13:11 UTC 2026","Application Navigation Smoke Tests > Settings Sub-navigation","specs\Smoke\2-NavigationSmoke.spec.ts","",""
"","8808","Page size change to 10 updates pagination info in bottom-right pager","webkit","Tue Sep 29 10:20:01 UTC 2026","passed","Tue Sep 29 10:20:09 UTC 2026","Presented Checks — Smoke > Pagination","specs\Smoke\5-PresentedChecksSmoke.spec.ts","",""
"","9409","Save a filter preset, verify it is auto-selected, then delete it","msedge","Tue Sep 29 10:16:39 UTC 2026","passed","Tue Sep 29 10:16:49 UTC 2026","Issued Checks — Smoke > Saved Filters","specs\Smoke\4-IssuedChecksSmoke.spec.ts","",""
"","5141","Navigation tabs to Pre-Decisions, Approvals, and Exception History are visible","msedge","Tue Sep 29 10:20:10 UTC 2026","passed","Tue Sep 29 10:20:15 UTC 2026","Exceptions — Smoke > Open Exceptions","specs\Smoke\8-ExceptionsSmoke.spec.ts","",""
"","6866","Exceptions page loads correctly","firefox","Tue Sep 29 10:13:58 UTC 2026","passed","Tue Sep 29 10:14:05 UTC 2026","Application Navigation Smoke Tests > Top-level Navigation","specs\Smoke\2-NavigationSmoke.spec.ts","",""
"","1723","Default filter auto-applies after logout and re-login","firefox","Tue Sep 29 10:25:35 UTC 2026","skipped","Tue Sep 29 10:25:36 UTC 2026","Exceptions — Smoke > Exception History > Saved Filters > Default Filter","specs\Smoke\8-ExceptionsSmoke.spec.ts","",""
"","5853","Holiday Schedules sub-page loads correctly","firefox","Tue Sep 29 10:15:51 UTC 2026","passed","Tue Sep 29 10:15:57 UTC 2026","Application Navigation Smoke Tests > Settings Sub-navigation","specs\Smoke\2-NavigationSmoke.spec.ts","",""
"","11455","ACH Approval Rules sub-page loads correctly","firefox","Tue Sep 29 10:16:50 UTC 2026","passed","Tue Sep 29 10:17:01 UTC 2026","Application Navigation Smoke Tests > Settings Sub-navigation","specs\Smoke\2-NavigationSmoke.spec.ts","",""
"","4509","Verify summary KPI values have expected number formats","msedge","Tue Sep 29 10:15:18 UTC 2026","passed","Tue Sep 29 10:15:23 UTC 2026","Home Dashboard > Summary Stats","specs\Smoke\3-HomeDashboardSmoke.spec.ts","",""
"","4599","Validate Login functionality with incorrectPassword","chromium","Tue Sep 29 10:27:35 UTC 2026","passed","Tue Sep 29 10:27:40 UTC 2026","Login — Smoke > Login","specs\Smoke\1-LoginSmoke.spec.ts","",""
"","4780","Automatic ACH Decision Rules sub-page loads correctly","chromium","Tue Sep 29 10:28:54 UTC 2026","passed","Tue Sep 29 10:28:59 UTC 2026","Application Navigation Smoke Tests > Settings Sub-navigation","specs\Smoke\2-NavigationSmoke.spec.ts","",""
"","9480","Verify navigation to Presented Checks via nav menu","firefox","Tue Sep 29 10:18:02 UTC 2026","passed","Tue Sep 29 10:18:11 UTC 2026","Home Dashboard > Navigation from Dashboard","specs\Smoke\3-HomeDashboardSmoke.spec.ts","",""
"","18913","Validate unauthenticated access to protected route is redirected to login","webkit","Tue Sep 29 10:14:17 UTC 2026","passed","Tue Sep 29 10:14:36 UTC 2026","Login — Smoke > Session & Security","specs\Smoke\1-LoginSmoke.spec.ts","",""
"","8384","Issued Checks breadcrumb link is visible on the page","firefox","Tue Sep 29 10:22:04 UTC 2026","passed","Tue Sep 29 10:22:13 UTC 2026","Issued Checks — Smoke > Breadcrumb","specs\Smoke\4-IssuedChecksSmoke.spec.ts","",""
"","6146","ACH breadcrumb link is visible on the page","msedge","Tue Sep 29 10:19:51 UTC 2026","passed","Tue Sep 29 10:19:57 UTC 2026","ACH — Smoke > Breadcrumb","specs\Smoke\7-ACHSmoke.spec.ts","",""
"","7029","Account Settings sub-page loads correctly","webkit","Tue Sep 29 10:12:57 UTC 2026","passed","Tue Sep 29 10:13:04 UTC 2026","Application Navigation Smoke Tests > Settings Sub-navigation","specs\Smoke\2-NavigationSmoke.spec.ts","",""
"","4221","ACH page loads correctly","msedge","Tue Sep 29 10:13:32 UTC 2026","passed","Tue Sep 29 10:13:37 UTC 2026","Application Navigation Smoke Tests > Top-level Navigation","specs\Smoke\2-NavigationSmoke.spec.ts","",""
"","4677","Verify dashboard footer footnote and privacy link are visible","msedge","Tue Sep 29 10:15:30 UTC 2026","passed","Tue Sep 29 10:15:34 UTC 2026","Home Dashboard > Summary Stats","specs\Smoke\3-HomeDashboardSmoke.spec.ts","",""
"","5175","Verify navigation to Issued Checks via nav menu","chromium","Tue Sep 29 10:29:51 UTC 2026","passed","Tue Sep 29 10:29:56 UTC 2026","Home Dashboard > Navigation from Dashboard","specs\Smoke\3-HomeDashboardSmoke.spec.ts","",""
"","13604","Verify profile menu shows My Info and Logout links","firefox","Tue Sep 29 10:17:26 UTC 2026","passed","Tue Sep 29 10:17:39 UTC 2026","Home Dashboard > Summary Stats","specs\Smoke\3-HomeDashboardSmoke.spec.ts","",""
"","4655","Last page arrow jumps to the final page","chromium","Tue Sep 29 10:32:43 UTC 2026","passed","Tue Sep 29 10:32:48 UTC 2026","ACH — Smoke > Pagination","specs\Smoke\7-ACHSmoke.spec.ts","",""
"","14946","Grid loads with data rows and key column headers","firefox","Tue Sep 29 10:22:36 UTC 2026","passed","Tue Sep 29 10:22:51 UTC 2026","ACH — Smoke > Grid","specs\Smoke\7-ACHSmoke.spec.ts","",""
"","4115","Page size change to 10 updates pagination info in bottom-right pager","chromium","Tue Sep 29 10:32:34 UTC 2026","passed","Tue Sep 29 10:32:38 UTC 2026","ACH — Smoke > Pagination","specs\Smoke\7-ACHSmoke.spec.ts","",""
"","5070","Web Hooks sub-page loads correctly","chromium","Tue Sep 29 10:29:31 UTC 2026","passed","Tue Sep 29 10:29:36 UTC 2026","Application Navigation Smoke Tests > Settings Sub-navigation","specs\Smoke\2-NavigationSmoke.spec.ts","",""
"","7420","Default filter auto-applies after logout and re-login","webkit","Tue Sep 29 10:21:26 UTC 2026","skipped","Tue Sep 29 10:21:34 UTC 2026","Presented Checks — Smoke > Saved Filters > Default Filter","specs\Smoke\5-PresentedChecksSmoke.spec.ts","",""
"","39924","Business Clients sub-page loads correctly","firefox","Tue Sep 29 10:14:26 UTC 2026","passed","Tue Sep 29 10:15:06 UTC 2026","Application Navigation Smoke Tests > Settings Sub-navigation","specs\Smoke\2-NavigationSmoke.spec.ts","",""
"","9927","System Log sub-page loads correctly","firefox","Tue Sep 29 10:17:24 UTC 2026","passed","Tue Sep 29 10:17:34 UTC 2026","Application Navigation Smoke Tests > Settings Sub-navigation","specs\Smoke\2-NavigationSmoke.spec.ts","",""
"","5706","File Processing sub-page loads correctly","msedge","Tue Sep 29 10:15:12 UTC 2026","passed","Tue Sep 29 10:15:17 UTC 2026","Application Navigation Smoke Tests > Settings Sub-navigation","specs\Smoke\2-NavigationSmoke.spec.ts","",""
"","5090","Verify Home dashboard is restored after returning from another page","chromium","Tue Sep 29 10:29:46 UTC 2026","passed","Tue Sep 29 10:29:51 UTC 2026","Home Dashboard > Summary Stats","specs\Smoke\3-HomeDashboardSmoke.spec.ts","",""
"","5491","""View"" (Change Log) link on a row navigates to the entity log","msedge","Tue Sep 29 10:17:12 UTC 2026","passed","Tue Sep 29 10:17:17 UTC 2026","Issued Checks — Smoke > Row Actions","specs\Smoke\4-IssuedChecksSmoke.spec.ts","",""
"","10224","Next page arrow advances to page 2","webkit","Tue Sep 29 10:20:09 UTC 2026","passed","Tue Sep 29 10:20:20 UTC 2026","Presented Checks — Smoke > Pagination","specs\Smoke\5-PresentedChecksSmoke.spec.ts","",""
"","8138","Search box filters grid and clears correctly","chromium","Tue Sep 29 10:32:38 UTC 2026","passed","Tue Sep 29 10:32:46 UTC 2026","Exceptions — Smoke > Exception History > Toolbar","specs\Smoke\8-ExceptionsSmoke.spec.ts","",""
"","7510","Previous page button returns to page 1, First page button re-enables disabled state","msedge","Tue Sep 29 10:16:26 UTC 2026","passed","Tue Sep 29 10:16:33 UTC 2026","Issued Checks — Smoke > Pagination","specs\Smoke\4-IssuedChecksSmoke.spec.ts","",""
"","3391","Roles/Permissions sub-page loads correctly","chromium","Tue Sep 29 10:28:12 UTC 2026","passed","Tue Sep 29 10:28:16 UTC 2026","Application Navigation Smoke Tests > Settings Sub-navigation","specs\Smoke\2-NavigationSmoke.spec.ts","",""
"","8327","Verify dashboard tab checked state updates correctly","msedge","Tue Sep 29 10:14:53 UTC 2026","passed","Tue Sep 29 10:15:01 UTC 2026","Home Dashboard > Dashboard Chart Headings","specs\Smoke\3-HomeDashboardSmoke.spec.ts","",""
"","8674","Verify Total Exceptions and Total Exception Amount labels are visible","webkit","Tue Sep 29 10:16:45 UTC 2026","passed","Tue Sep 29 10:16:54 UTC 2026","Home Dashboard > Summary Stats","specs\Smoke\3-HomeDashboardSmoke.spec.ts","",""
"","5202","Verify Total Exceptions and Total Exception Amount labels are visible","msedge","Tue Sep 29 10:15:13 UTC 2026","passed","Tue Sep 29 10:15:18 UTC 2026","Home Dashboard > Summary Stats","specs\Smoke\3-HomeDashboardSmoke.spec.ts","",""
"","8001","Default filter auto-applies after logout and re-login","firefox","Tue Sep 29 10:20:57 UTC 2026","skipped","Tue Sep 29 10:21:05 UTC 2026","Issued Checks — Smoke > Saved Filters > Default Filter","specs\Smoke\4-IssuedChecksSmoke.spec.ts","",""
"","6301","""Uploaded ACH"" navigates to the uploads page","msedge","Tue Sep 29 10:17:59 UTC 2026","passed","Tue Sep 29 10:18:05 UTC 2026","ACH — Smoke > Navigation","specs\Smoke\7-ACHSmoke.spec.ts","",""
"","11698","Search box filters grid and clears correctly","webkit","Tue Sep 29 10:21:38 UTC 2026","passed","Tue Sep 29 10:21:50 UTC 2026","ACH — Smoke > Toolbar","specs\Smoke\7-ACHSmoke.spec.ts","",""
"","5646","Validate Login functionality with caseSensitiveEmail","msedge","Tue Sep 29 10:13:15 UTC 2026","passed","Tue Sep 29 10:13:20 UTC 2026","Login — Smoke > Login","specs\Smoke\1-LoginSmoke.spec.ts","",""
"","3701","Validate Login functionality with invalidEmailFormat","firefox","Tue Sep 29 10:13:01 UTC 2026","passed","Tue Sep 29 10:13:05 UTC 2026","Login — Smoke > Login","specs\Smoke\1-LoginSmoke.spec.ts","",""
"","11082","""View"" (Change Log) link on a row navigates to the entity log","webkit","Tue Sep 29 10:20:00 UTC 2026","passed","Tue Sep 29 10:20:11 UTC 2026","Issued Checks — Smoke > Row Actions","specs\Smoke\4-IssuedChecksSmoke.spec.ts","",""
"","3892","Users sub-page loads correctly","chromium","Tue Sep 29 10:28:08 UTC 2026","passed","Tue Sep 29 10:28:12 UTC 2026","Application Navigation Smoke Tests > Settings Sub-navigation","specs\Smoke\2-NavigationSmoke.spec.ts","",""
"","5963","Saved Filters dropdown is visible and defaults to no preset","msedge","Tue Sep 29 10:16:33 UTC 2026","passed","Tue Sep 29 10:16:39 UTC 2026","Issued Checks — Smoke > Saved Filters","specs\Smoke\4-IssuedChecksSmoke.spec.ts","",""
"","12926","Verify Home dashboard is restored after returning from another page","firefox","Tue Sep 29 10:17:39 UTC 2026","passed","Tue Sep 29 10:17:52 UTC 2026","Home Dashboard > Summary Stats","specs\Smoke\3-HomeDashboardSmoke.spec.ts","",""
"","4101","Saved Filters dropdown is visible and defaults to no preset","msedge","Tue Sep 29 10:19:24 UTC 2026","passed","Tue Sep 29 10:19:28 UTC 2026","Exceptions — Smoke > Exception History > Saved Filters","specs\Smoke\8-ExceptionsSmoke.spec.ts","",""
"","7591","Users sub-page loads correctly","webkit","Tue Sep 29 10:13:11 UTC 2026","passed","Tue Sep 29 10:13:18 UTC 2026","Application Navigation Smoke Tests > Settings Sub-navigation","specs\Smoke\2-NavigationSmoke.spec.ts","",""
"","13394","Search box filters grid and clears correctly","firefox","Tue Sep 29 10:19:28 UTC 2026","passed","Tue Sep 29 10:19:42 UTC 2026","Presented Checks — Smoke > Toolbar","specs\Smoke\5-PresentedChecksSmoke.spec.ts","",""
"","7216","Next page arrow advances to page 2","msedge","Tue Sep 29 10:16:59 UTC 2026","passed","Tue Sep 29 10:17:07 UTC 2026","Presented Checks — Smoke > Pagination","specs\Smoke\5-PresentedChecksSmoke.spec.ts","",""
"","2305","Pre-Decisions page loads with either records or the empty-state message","chromium","Tue Sep 29 10:34:55 UTC 2026","passed","Tue Sep 29 10:34:57 UTC 2026","Exceptions — Smoke > Pre-Decisions","specs\Smoke\8-ExceptionsSmoke.spec.ts","",""
"","10352","Validate Login functionality with correctCredentials","chromium","Tue Sep 29 10:27:19 UTC 2026","passed","Tue Sep 29 10:27:30 UTC 2026","Login — Smoke > Login","specs\Smoke\1-LoginSmoke.spec.ts","",""
"","5622","""Uploaded Checks"" navigates to the uploads page","msedge","Tue Sep 29 10:16:33 UTC 2026","passed","Tue Sep 29 10:16:39 UTC 2026","Presented Checks — Smoke > Navigation","specs\Smoke\5-PresentedChecksSmoke.spec.ts","",""
"","4413","Verify dashboard loads after successful login","chromium","Tue Sep 29 10:28:35 UTC 2026","passed","Tue Sep 29 10:28:39 UTC 2026","Home Dashboard > Page Load","specs\Smoke\3-HomeDashboardSmoke.spec.ts","",""
"","18846","Verify dashboard tab checked state updates correctly","firefox","Tue Sep 29 10:15:59 UTC 2026","passed","Tue Sep 29 10:16:18 UTC 2026","Home Dashboard > Dashboard Chart Headings","specs\Smoke\3-HomeDashboardSmoke.spec.ts","",""
"","8396","Automatic ACH Decision Rules sub-page loads correctly","webkit","Tue Sep 29 10:14:56 UTC 2026","passed","Tue Sep 29 10:15:05 UTC 2026","Application Navigation Smoke Tests > Settings Sub-navigation","specs\Smoke\2-NavigationSmoke.spec.ts","",""
"","8506","Save a filter preset, verify it is auto-selected, then delete it","chromium","Tue Sep 29 10:30:39 UTC 2026","passed","Tue Sep 29 10:30:47 UTC 2026","Issued Checks — Smoke > Saved Filters","specs\Smoke\4-IssuedChecksSmoke.spec.ts","",""
"","6808","Previous page button returns to page 1, First page button re-enables disabled state","chromium","Tue Sep 29 10:30:27 UTC 2026","passed","Tue Sep 29 10:30:34 UTC 2026","Issued Checks — Smoke > Pagination","specs\Smoke\4-IssuedChecksSmoke.spec.ts","",""
"","21906","Save a filter preset, verify it is auto-selected, then delete it","webkit","Tue Sep 29 10:23:12 UTC 2026","passed","Tue Sep 29 10:23:34 UTC 2026","ACH — Smoke > Saved Filters","specs\Smoke\7-ACHSmoke.spec.ts","",""
"","10899","Saved Filters dropdown is visible and defaults to no preset","firefox","Tue Sep 29 10:20:53 UTC 2026","passed","Tue Sep 29 10:21:04 UTC 2026","Presented Checks — Smoke > Saved Filters","specs\Smoke\5-PresentedChecksSmoke.spec.ts","",""
"","9799","Validate forgot password with unregistered email","webkit","Tue Sep 29 10:13:44 UTC 2026","passed","Tue Sep 29 10:13:54 UTC 2026","Login — Smoke > Forgot Password","specs\Smoke\1-LoginSmoke.spec.ts","",""
"","6320","Last page arrow jumps to the final page","chromium","Tue Sep 29 10:33:05 UTC 2026","passed","Tue Sep 29 10:33:11 UTC 2026","Exceptions — Smoke > Exception History > Pagination","specs\Smoke\8-ExceptionsSmoke.spec.ts","",""
"","4717","""Uploaded Checks"" navigates to the uploads page","chromium","Tue Sep 29 10:29:52 UTC 2026","passed","Tue Sep 29 10:29:56 UTC 2026","Issued Checks — Smoke > Navigation","specs\Smoke\4-IssuedChecksSmoke.spec.ts","",""
"","6132","Verify chart title changes with selected tab","msedge","Tue Sep 29 10:15:01 UTC 2026","passed","Tue Sep 29 10:15:07 UTC 2026","Home Dashboard > Dashboard Chart Headings","specs\Smoke\3-HomeDashboardSmoke.spec.ts","",""
"","4002","Validate Login functionality with veryLongInput","chromium","Tue Sep 29 10:28:08 UTC 2026","passed","Tue Sep 29 10:28:12 UTC 2026","Login — Smoke > Login","specs\Smoke\1-LoginSmoke.spec.ts","",""
"","6181","Verify navigation to Issued Checks via nav menu","msedge","Tue Sep 29 10:15:46 UTC 2026","passed","Tue Sep 29 10:15:52 UTC 2026","Home Dashboard > Navigation from Dashboard","specs\Smoke\3-HomeDashboardSmoke.spec.ts","",""
"","4292","Validate Login functionality with sqlInjection","msedge","Tue Sep 29 10:13:45 UTC 2026","passed","Tue Sep 29 10:13:50 UTC 2026","Login — Smoke > Login","specs\Smoke\1-LoginSmoke.spec.ts","",""
"","3683","Pre-Decisions page loads with either records or the empty-state message","firefox","Tue Sep 29 10:27:26 UTC 2026","passed","Tue Sep 29 10:27:30 UTC 2026","Exceptions — Smoke > Pre-Decisions","specs\Smoke\8-ExceptionsSmoke.spec.ts","",""
"","4168","Validate forgot password functionality","msedge","Tue Sep 29 10:13:58 UTC 2026","passed","Tue Sep 29 10:14:02 UTC 2026","Login — Smoke > Forgot Password","specs\Smoke\1-LoginSmoke.spec.ts","",""
"","5202","Next page arrow advances to page 2","chromium","Tue Sep 29 10:32:59 UTC 2026","passed","Tue Sep 29 10:33:05 UTC 2026","Exceptions — Smoke > Exception History > Pagination","specs\Smoke\8-ExceptionsSmoke.spec.ts","",""
"","10058","Open Exceptions page loads with either exception cards or the empty-state message","firefox","Tue Sep 29 10:27:03 UTC 2026","passed","Tue Sep 29 10:27:13 UTC 2026","Exceptions — Smoke > Open Exceptions","specs\Smoke\8-ExceptionsSmoke.spec.ts","",""
"","4981","Next page arrow advances to page 2","chromium","Tue Sep 29 10:30:12 UTC 2026","passed","Tue Sep 29 10:30:17 UTC 2026","Issued Checks — Smoke > Pagination","specs\Smoke\4-IssuedChecksSmoke.spec.ts","",""
"","5500","Grid loads with data rows and key column headers","chromium","Tue Sep 29 10:29:36 UTC 2026","passed","Tue Sep 29 10:29:42 UTC 2026","Issued Checks — Smoke > Grid","specs\Smoke\4-IssuedChecksSmoke.spec.ts","",""
"","12852","Check Approval Rules sub-page loads correctly","webkit","Tue Sep 29 10:14:44 UTC 2026","passed","Tue Sep 29 10:14:56 UTC 2026","Application Navigation Smoke Tests > Settings Sub-navigation","specs\Smoke\2-NavigationSmoke.spec.ts","",""
"","13273","Search box filters grid and clears correctly","webkit","Tue Sep 29 10:23:17 UTC 2026","passed","Tue Sep 29 10:23:30 UTC 2026","Exceptions — Smoke > Exception History > Toolbar","specs\Smoke\8-ExceptionsSmoke.spec.ts","",""
"","9135","Saved Filters dropdown is visible and defaults to no preset","webkit","Tue Sep 29 10:20:55 UTC 2026","passed","Tue Sep 29 10:21:04 UTC 2026","Presented Checks — Smoke > Saved Filters","specs\Smoke\5-PresentedChecksSmoke.spec.ts","",""
"","14436","""Delete"" on a row shows a confirm modal; Cancel dismisses it without deleting","webkit","Tue Sep 29 10:24:26 UTC 2026","passed","Tue Sep 29 10:24:40 UTC 2026","ACH — Smoke > Row Actions","specs\Smoke\7-ACHSmoke.spec.ts","",""
"","12053","""View"" (Change Log) link on a row navigates to the entity log","firefox","Tue Sep 29 10:21:40 UTC 2026","passed","Tue Sep 29 10:21:52 UTC 2026","Issued Checks — Smoke > Row Actions","specs\Smoke\4-IssuedChecksSmoke.spec.ts","",""
"","14152","Verify navigation to Exceptions via nav menu","webkit","Tue Sep 29 10:18:29 UTC 2026","passed","Tue Sep 29 10:18:43 UTC 2026","Home Dashboard > Navigation from Dashboard","specs\Smoke\3-HomeDashboardSmoke.spec.ts","",""
"","11429","Clicking a column header sorts ascending, clicking again sorts descending","firefox","Tue Sep 29 10:21:05 UTC 2026","passed","Tue Sep 29 10:21:17 UTC 2026","Issued Checks — Smoke > Sorting","specs\Smoke\4-IssuedChecksSmoke.spec.ts","",""
"","5823","""View"" link on a row opens the Exception Details dialog","msedge","Tue Sep 29 10:19:56 UTC 2026","passed","Tue Sep 29 10:20:02 UTC 2026","Exceptions — Smoke > Exception History > Row Actions","specs\Smoke\8-ExceptionsSmoke.spec.ts","",""
"","22935","Validate session persists after page refresh","webkit","Tue Sep 29 10:13:54 UTC 2026","passed","Tue Sep 29 10:14:17 UTC 2026","Login — Smoke > Session & Security","specs\Smoke\1-LoginSmoke.spec.ts","",""
"","13655","Next page arrow advances to page 2","firefox","Tue Sep 29 10:24:01 UTC 2026","passed","Tue Sep 29 10:24:14 UTC 2026","ACH — Smoke > Pagination","specs\Smoke\7-ACHSmoke.spec.ts","",""
"","7200","Column filter popup applies a filter and Clear restores the full row set","msedge","Tue Sep 29 10:16:59 UTC 2026","passed","Tue Sep 29 10:17:06 UTC 2026","Issued Checks — Smoke > Column Filter","specs\Smoke\4-IssuedChecksSmoke.spec.ts","",""
"","14738","Validate teller presented-check form shows all required fields","firefox","Tue Sep 29 10:22:13 UTC 2026","passed","Tue Sep 29 10:22:28 UTC 2026","Teller — Smoke > Add Check Form","specs\Smoke\6-TellerSmoke.spec.ts","",""
"","3966","Validate Login functionality with emptyFields","msedge","Tue Sep 29 10:13:33 UTC 2026","passed","Tue Sep 29 10:13:37 UTC 2026","Login — Smoke > Login","specs\Smoke\1-LoginSmoke.spec.ts","",""
"","10129","Excel export button is visible and enabled","firefox","Tue Sep 29 10:23:54 UTC 2026","passed","Tue Sep 29 10:24:04 UTC 2026","Exceptions — Smoke > Exception History > Toolbar","specs\Smoke\8-ExceptionsSmoke.spec.ts","",""
"","4799","""Delete"" on a row shows a confirm modal; Cancel dismisses it without deleting","msedge","Tue Sep 29 10:18:10 UTC 2026","passed","Tue Sep 29 10:18:15 UTC 2026","Presented Checks — Smoke > Row Actions","specs\Smoke\5-PresentedChecksSmoke.spec.ts","",""
"","9508","Verify Total Exceptions and Total Exception Amount labels are visible","firefox","Tue Sep 29 10:16:42 UTC 2026","passed","Tue Sep 29 10:16:52 UTC 2026","Home Dashboard > Summary Stats","specs\Smoke\3-HomeDashboardSmoke.spec.ts","",""
"","10936","Exceptions breadcrumb link is visible on the page","firefox","Tue Sep 29 10:26:45 UTC 2026","passed","Tue Sep 29 10:26:56 UTC 2026","Exceptions — Smoke > Exception History > Breadcrumb","specs\Smoke\8-ExceptionsSmoke.spec.ts","",""
"","9531","Default filter auto-applies after logout and re-login","firefox","Tue Sep 29 10:25:33 UTC 2026","skipped","Tue Sep 29 10:25:43 UTC 2026","ACH — Smoke > Saved Filters > Default Filter","specs\Smoke\7-ACHSmoke.spec.ts","",""
"","6036","File Processing sub-page loads correctly","firefox","Tue Sep 29 10:17:34 UTC 2026","passed","Tue Sep 29 10:17:40 UTC 2026","Application Navigation Smoke Tests > Settings Sub-navigation","specs\Smoke\2-NavigationSmoke.spec.ts","",""
"","5465","Verify navigation to Presented Checks via nav menu","chromium","Tue Sep 29 10:29:56 UTC 2026","passed","Tue Sep 29 10:30:02 UTC 2026","Home Dashboard > Navigation from Dashboard","specs\Smoke\3-HomeDashboardSmoke.spec.ts","",""
"","11509","Save a filter preset, verify it is auto-selected, then delete it","chromium","Tue Sep 29 10:33:33 UTC 2026","passed","Tue Sep 29 10:33:45 UTC 2026","Exceptions — Smoke > Exception History > Saved Filters","specs\Smoke\8-ExceptionsSmoke.spec.ts","",""
"","5102","Last page arrow jumps to the final page","chromium","Tue Sep 29 10:31:04 UTC 2026","passed","Tue Sep 29 10:31:09 UTC 2026","Presented Checks — Smoke > Pagination","specs\Smoke\5-PresentedChecksSmoke.spec.ts","",""
"","11607","Validate Login functionality with caseSensitiveEmail","webkit","Tue Sep 29 10:11:58 UTC 2026","passed","Tue Sep 29 10:12:10 UTC 2026","Login — Smoke > Login","specs\Smoke\1-LoginSmoke.spec.ts","",""
"","5671","System Log sub-page loads correctly","chromium","Tue Sep 29 10:29:16 UTC 2026","passed","Tue Sep 29 10:29:22 UTC 2026","Application Navigation Smoke Tests > Settings Sub-navigation","specs\Smoke\2-NavigationSmoke.spec.ts","",""
"","11866","Next page arrow advances to page 2","firefox","Tue Sep 29 10:24:16 UTC 2026","passed","Tue Sep 29 10:24:28 UTC 2026","Exceptions — Smoke > Exception History > Pagination","specs\Smoke\8-ExceptionsSmoke.spec.ts","",""
"","12730","Typing a page number navigates to that page","webkit","Tue Sep 29 10:22:33 UTC 2026","passed","Tue Sep 29 10:22:46 UTC 2026","ACH — Smoke > Pagination","specs\Smoke\7-ACHSmoke.spec.ts","",""
"","5157","Verify Check Only tab shows Check-specific chart sections","chromium","Tue Sep 29 10:28:53 UTC 2026","passed","Tue Sep 29 10:28:59 UTC 2026","Home Dashboard > Dashboard Chart Headings","specs\Smoke\3-HomeDashboardSmoke.spec.ts","",""
"","5025","Decision badge on an already-reviewed row is blocked with a system message","chromium","Tue Sep 29 10:34:29 UTC 2026","passed","Tue Sep 29 10:34:34 UTC 2026","Exceptions — Smoke > Exception History > Row Actions","specs\Smoke\8-ExceptionsSmoke.spec.ts","",""
"","5167","Pay/Return decision badge navigates to exception history","chromium","Tue Sep 29 10:32:21 UTC 2026","passed","Tue Sep 29 10:32:26 UTC 2026","Presented Checks — Smoke > Row Actions","specs\Smoke\5-PresentedChecksSmoke.spec.ts","",""
"","11678","""View"" (Change Log) link on a row navigates to the entity log","firefox","Tue Sep 29 10:22:24 UTC 2026","passed","Tue Sep 29 10:22:35 UTC 2026","Presented Checks — Smoke > Row Actions","specs\Smoke\5-PresentedChecksSmoke.spec.ts","",""
"","7667","Presented Checks page loads correctly","webkit","Tue Sep 29 10:12:17 UTC 2026","passed","Tue Sep 29 10:12:25 UTC 2026","Application Navigation Smoke Tests > Top-level Navigation","specs\Smoke\2-NavigationSmoke.spec.ts","",""
"","11358","API link is visible and points to swagger","firefox","Tue Sep 29 10:17:40 UTC 2026","passed","Tue Sep 29 10:17:51 UTC 2026","Application Navigation Smoke Tests > Settings Sub-navigation","specs\Smoke\2-NavigationSmoke.spec.ts","",""
"","5812","Last page arrow jumps to the final page","chromium","Tue Sep 29 10:30:17 UTC 2026","passed","Tue Sep 29 10:30:23 UTC 2026","Issued Checks — Smoke > Pagination","specs\Smoke\4-IssuedChecksSmoke.spec.ts","",""
"","5628","Verify tab-specific charts are hidden for opposite tab","chromium","Tue Sep 29 10:29:16 UTC 2026","passed","Tue Sep 29 10:29:22 UTC 2026","Home Dashboard > Dashboard Chart Headings","specs\Smoke\3-HomeDashboardSmoke.spec.ts","",""
"","8142","Column filter popup applies a filter and Clear restores the full row set","msedge","Tue Sep 29 10:19:18 UTC 2026","passed","Tue Sep 29 10:19:26 UTC 2026","ACH — Smoke > Column Filter","specs\Smoke\7-ACHSmoke.spec.ts","",""
"","11298","Presented Checks page loads correctly","firefox","Tue Sep 29 10:13:25 UTC 2026","passed","Tue Sep 29 10:13:37 UTC 2026","Application Navigation Smoke Tests > Top-level Navigation","specs\Smoke\2-NavigationSmoke.spec.ts","",""
"","4856","Saved Filters dropdown is visible and defaults to no preset","msedge","Tue Sep 29 10:17:25 UTC 2026","passed","Tue Sep 29 10:17:30 UTC 2026","Presented Checks — Smoke > Saved Filters","specs\Smoke\5-PresentedChecksSmoke.spec.ts","",""
"","10089","Page size change to 10 updates pagination info in bottom-right pager","firefox","Tue Sep 29 10:19:54 UTC 2026","passed","Tue Sep 29 10:20:04 UTC 2026","Presented Checks — Smoke > Pagination","specs\Smoke\5-PresentedChecksSmoke.spec.ts","",""
"","4367","Verify all three dashboard view tabs are visible","chromium","Tue Sep 29 10:28:44 UTC 2026","passed","Tue Sep 29 10:28:49 UTC 2026","Home Dashboard > Page Load","specs\Smoke\3-HomeDashboardSmoke.spec.ts","",""
"","4716","Saved Filters dropdown is visible and defaults to no preset","chromium","Tue Sep 29 10:30:34 UTC 2026","passed","Tue Sep 29 10:30:39 UTC 2026","Issued Checks — Smoke > Saved Filters","specs\Smoke\4-IssuedChecksSmoke.spec.ts","",""
"","10432","Verify profile menu shows My Info and Logout links","webkit","Tue Sep 29 10:17:28 UTC 2026","passed","Tue Sep 29 10:17:38 UTC 2026","Home Dashboard > Summary Stats","specs\Smoke\3-HomeDashboardSmoke.spec.ts","",""
"","12178","Search box filters grid and clears correctly","firefox","Tue Sep 29 10:23:24 UTC 2026","passed","Tue Sep 29 10:23:37 UTC 2026","ACH — Smoke > Toolbar","specs\Smoke\7-ACHSmoke.spec.ts","",""
"","4958","Page size change to 10 updates pagination info in bottom-right pager","msedge","Tue Sep 29 10:18:19 UTC 2026","passed","Tue Sep 29 10:18:24 UTC 2026","ACH — Smoke > Pagination","specs\Smoke\7-ACHSmoke.spec.ts","",""
"","9251","ACH page loads correctly","webkit","Tue Sep 29 10:12:33 UTC 2026","passed","Tue Sep 29 10:12:42 UTC 2026","Application Navigation Smoke Tests > Top-level Navigation","specs\Smoke\2-NavigationSmoke.spec.ts","",""
"","6885","Exceptions page loads correctly","webkit","Tue Sep 29 10:12:42 UTC 2026","passed","Tue Sep 29 10:12:49 UTC 2026","Application Navigation Smoke Tests > Top-level Navigation","specs\Smoke\2-NavigationSmoke.spec.ts","",""
"","10976","Clicking a column header sorts ascending, clicking again sorts descending","webkit","Tue Sep 29 10:19:23 UTC 2026","passed","Tue Sep 29 10:19:34 UTC 2026","Issued Checks — Smoke > Sorting","specs\Smoke\4-IssuedChecksSmoke.spec.ts","",""
"","9804","Excel export button is visible and enabled","webkit","Tue Sep 29 10:17:27 UTC 2026","passed","Tue Sep 29 10:17:36 UTC 2026","Issued Checks — Smoke > Toolbar","specs\Smoke\4-IssuedChecksSmoke.spec.ts","",""
"","3645","Pre-Decisions page loads with either records or the empty-state message","webkit","Tue Sep 29 10:26:17 UTC 2026","passed","Tue Sep 29 10:26:21 UTC 2026","Exceptions — Smoke > Pre-Decisions","specs\Smoke\8-ExceptionsSmoke.spec.ts","",""
"","13536","Users sub-page loads correctly","firefox","Tue Sep 29 10:15:06 UTC 2026","passed","Tue Sep 29 10:15:19 UTC 2026","Application Navigation Smoke Tests > Settings Sub-navigation","specs\Smoke\2-NavigationSmoke.spec.ts","",""
"","7286","Clicking a column header sorts ascending, clicking again sorts descending","chromium","Tue Sep 29 10:34:09 UTC 2026","passed","Tue Sep 29 10:34:16 UTC 2026","Exceptions — Smoke > Exception History > Sorting","specs\Smoke\8-ExceptionsSmoke.spec.ts","",""
"","6018","ACH Approval Rules sub-page loads correctly","chromium","Tue Sep 29 10:28:59 UTC 2026","passed","Tue Sep 29 10:29:05 UTC 2026","Application Navigation Smoke Tests > Settings Sub-navigation","specs\Smoke\2-NavigationSmoke.spec.ts","",""
"","5037","Automatic Check Decision Rules sub-page loads correctly","msedge","Tue Sep 29 10:14:31 UTC 2026","passed","Tue Sep 29 10:14:36 UTC 2026","Application Navigation Smoke Tests > Settings Sub-navigation","specs\Smoke\2-NavigationSmoke.spec.ts","",""
"","8708","Typing a page number navigates to that page","firefox","Tue Sep 29 10:24:40 UTC 2026","passed","Tue Sep 29 10:24:49 UTC 2026","Exceptions — Smoke > Exception History > Pagination","specs\Smoke\8-ExceptionsSmoke.spec.ts","",""
"","4952","Presented Checks breadcrumb link is visible on the page","msedge","Tue Sep 29 10:18:20 UTC 2026","passed","Tue Sep 29 10:18:25 UTC 2026","Presented Checks — Smoke > Breadcrumb","specs\Smoke\5-PresentedChecksSmoke.spec.ts","",""
"","4689","Verify all three dashboard view tabs are visible","msedge","Tue Sep 29 10:14:31 UTC 2026","passed","Tue Sep 29 10:14:36 UTC 2026","Home Dashboard > Page Load","specs\Smoke\3-HomeDashboardSmoke.spec.ts","",""
"","14977","Column filter popup applies a filter and Clear restores the full row set","firefox","Tue Sep 29 10:21:17 UTC 2026","passed","Tue Sep 29 10:21:32 UTC 2026","Issued Checks — Smoke > Column Filter","specs\Smoke\4-IssuedChecksSmoke.spec.ts","",""
"","6409","""+ Add Check"" navigates to the add-check form","msedge","Tue Sep 29 10:15:39 UTC 2026","passed","Tue Sep 29 10:15:46 UTC 2026","Issued Checks — Smoke > Navigation","specs\Smoke\4-IssuedChecksSmoke.spec.ts","",""
"","4611","Account Settings sub-page loads correctly","msedge","Tue Sep 29 10:13:45 UTC 2026","passed","Tue Sep 29 10:13:50 UTC 2026","Application Navigation Smoke Tests > Settings Sub-navigation","specs\Smoke\2-NavigationSmoke.spec.ts","",""
"","4280","Roles/Permissions sub-page loads correctly","msedge","Tue Sep 29 10:13:58 UTC 2026","passed","Tue Sep 29 10:14:02 UTC 2026","Application Navigation Smoke Tests > Settings Sub-navigation","specs\Smoke\2-NavigationSmoke.spec.ts","",""
"","12257","Last page arrow jumps to the final page","firefox","Tue Sep 29 10:24:14 UTC 2026","passed","Tue Sep 29 10:24:27 UTC 2026","ACH — Smoke > Pagination","specs\Smoke\7-ACHSmoke.spec.ts","",""
"","4462","Check Approval Rules sub-page loads correctly","msedge","Tue Sep 29 10:14:36 UTC 2026","passed","Tue Sep 29 10:14:41 UTC 2026","Application Navigation Smoke Tests > Settings Sub-navigation","specs\Smoke\2-NavigationSmoke.spec.ts","",""
"","6502","Verify all three dashboard view tabs are visible","firefox","Tue Sep 29 10:14:46 UTC 2026","passed","Tue Sep 29 10:14:52 UTC 2026","Home Dashboard > Page Load","specs\Smoke\3-HomeDashboardSmoke.spec.ts","",""
"","13996","Notification Templates sub-page loads correctly","webkit","Tue Sep 29 10:14:17 UTC 2026","passed","Tue Sep 29 10:14:31 UTC 2026","Application Navigation Smoke Tests > Settings Sub-navigation","specs\Smoke\2-NavigationSmoke.spec.ts","",""
"","3824","Validate Login functionality with missingPassword","chromium","Tue Sep 29 10:27:52 UTC 2026","passed","Tue Sep 29 10:27:56 UTC 2026","Login — Smoke > Login","specs\Smoke\1-LoginSmoke.spec.ts","",""
"","4260","Exceptions page loads correctly","chromium","Tue Sep 29 10:27:52 UTC 2026","passed","Tue Sep 29 10:27:56 UTC 2026","Application Navigation Smoke Tests > Top-level Navigation","specs\Smoke\2-NavigationSmoke.spec.ts","",""
"","14719","Decision badge on an already-reviewed row is blocked with a system message","firefox","Tue Sep 29 10:26:30 UTC 2026","passed","Tue Sep 29 10:26:45 UTC 2026","Exceptions — Smoke > Exception History > Row Actions","specs\Smoke\8-ExceptionsSmoke.spec.ts","",""
"","7533","""View"" (Change Log) link on a row navigates to the entity log","msedge","Tue Sep 29 10:19:26 UTC 2026","passed","Tue Sep 29 10:19:34 UTC 2026","ACH — Smoke > Row Actions","specs\Smoke\7-ACHSmoke.spec.ts","",""
"","10882","""+ Add Check"" navigates to the add-check form","firefox","Tue Sep 29 10:18:58 UTC 2026","passed","Tue Sep 29 10:19:09 UTC 2026","Presented Checks — Smoke > Navigation","specs\Smoke\5-PresentedChecksSmoke.spec.ts","",""
"","9966","Verify summary KPI values have expected number formats","webkit","Tue Sep 29 10:16:54 UTC 2026","passed","Tue Sep 29 10:17:04 UTC 2026","Home Dashboard > Summary Stats","specs\Smoke\3-HomeDashboardSmoke.spec.ts","",""
"","11146","Verify dashboard footer footnote and privacy link are visible","firefox","Tue Sep 29 10:17:15 UTC 2026","passed","Tue Sep 29 10:17:26 UTC 2026","Home Dashboard > Summary Stats","specs\Smoke\3-HomeDashboardSmoke.spec.ts","",""
"","13399","Previous page button returns to page 1, First page button re-enables disabled state","webkit","Tue Sep 29 10:20:41 UTC 2026","passed","Tue Sep 29 10:20:55 UTC 2026","Presented Checks — Smoke > Pagination","specs\Smoke\5-PresentedChecksSmoke.spec.ts","",""
"","6175","Excel export button is visible and enabled","chromium","Tue Sep 29 10:32:46 UTC 2026","passed","Tue Sep 29 10:32:52 UTC 2026","Exceptions — Smoke > Exception History > Toolbar","specs\Smoke\8-ExceptionsSmoke.spec.ts","",""
"","3971","Presented Checks page loads correctly","msedge","Tue Sep 29 10:13:24 UTC 2026","passed","Tue Sep 29 10:13:28 UTC 2026","Application Navigation Smoke Tests > Top-level Navigation","specs\Smoke\2-NavigationSmoke.spec.ts","",""
"","4126","Branding sub-page loads correctly","chromium","Tue Sep 29 10:28:16 UTC 2026","passed","Tue Sep 29 10:28:20 UTC 2026","Application Navigation Smoke Tests > Settings Sub-navigation","specs\Smoke\2-NavigationSmoke.spec.ts","",""
"","7834","Default Decision Log sub-page loads correctly","webkit","Tue Sep 29 10:15:42 UTC 2026","passed","Tue Sep 29 10:15:50 UTC 2026","Application Navigation Smoke Tests > Settings Sub-navigation","specs\Smoke\2-NavigationSmoke.spec.ts","",""
"","9525","Saved Filters dropdown is visible and defaults to no preset","firefox","Tue Sep 29 10:25:05 UTC 2026","passed","Tue Sep 29 10:25:14 UTC 2026","Exceptions — Smoke > Exception History > Saved Filters","specs\Smoke\8-ExceptionsSmoke.spec.ts","",""
"","9070","Verify summary KPI values have expected number formats","firefox","Tue Sep 29 10:16:52 UTC 2026","passed","Tue Sep 29 10:17:01 UTC 2026","Home Dashboard > Summary Stats","specs\Smoke\3-HomeDashboardSmoke.spec.ts","",""
"","7008","System Log sub-page loads correctly","msedge","Tue Sep 29 10:15:05 UTC 2026","passed","Tue Sep 29 10:15:12 UTC 2026","Application Navigation Smoke Tests > Settings Sub-navigation","specs\Smoke\2-NavigationSmoke.spec.ts","",""
"","4944","Check Approval Rules sub-page loads correctly","chromium","Tue Sep 29 10:28:49 UTC 2026","passed","Tue Sep 29 10:28:54 UTC 2026","Application Navigation Smoke Tests > Settings Sub-navigation","specs\Smoke\2-NavigationSmoke.spec.ts","",""
"","4759","""Uploaded Checks"" navigates to the uploads page","chromium","Tue Sep 29 10:30:33 UTC 2026","passed","Tue Sep 29 10:30:38 UTC 2026","Presented Checks — Smoke > Navigation","specs\Smoke\5-PresentedChecksSmoke.spec.ts","",""
"","6080","Decision Files sub-page loads correctly","msedge","Tue Sep 29 10:14:11 UTC 2026","passed","Tue Sep 29 10:14:17 UTC 2026","Application Navigation Smoke Tests > Settings Sub-navigation","specs\Smoke\2-NavigationSmoke.spec.ts","",""
"","11626","Next page arrow advances to page 2","firefox","Tue Sep 29 10:19:30 UTC 2026","passed","Tue Sep 29 10:19:42 UTC 2026","Issued Checks — Smoke > Pagination","specs\Smoke\4-IssuedChecksSmoke.spec.ts","",""
"","6638","Decision Files sub-page loads correctly","firefox","Tue Sep 29 10:15:44 UTC 2026","passed","Tue Sep 29 10:15:51 UTC 2026","Application Navigation Smoke Tests > Settings Sub-navigation","specs\Smoke\2-NavigationSmoke.spec.ts","",""
"","11510","Search box filters grid and clears correctly","webkit","Tue Sep 29 10:17:15 UTC 2026","passed","Tue Sep 29 10:17:27 UTC 2026","Issued Checks — Smoke > Toolbar","specs\Smoke\4-IssuedChecksSmoke.spec.ts","",""
"","11800","Verify chart title changes with selected tab","webkit","Tue Sep 29 10:16:23 UTC 2026","passed","Tue Sep 29 10:16:35 UTC 2026","Home Dashboard > Dashboard Chart Headings","specs\Smoke\3-HomeDashboardSmoke.spec.ts","",""
"","21131","Save a filter preset, verify it is auto-selected, then delete it","firefox","Tue Sep 29 10:21:04 UTC 2026","passed","Tue Sep 29 10:21:25 UTC 2026","Presented Checks — Smoke > Saved Filters","specs\Smoke\5-PresentedChecksSmoke.spec.ts","",""
"","6166","Next page arrow advances to page 2","chromium","Tue Sep 29 10:30:58 UTC 2026","passed","Tue Sep 29 10:31:04 UTC 2026","Presented Checks — Smoke > Pagination","specs\Smoke\5-PresentedChecksSmoke.spec.ts","",""
"","5238","Excel export button is visible and enabled","msedge","Tue Sep 29 10:15:59 UTC 2026","passed","Tue Sep 29 10:16:04 UTC 2026","Issued Checks — Smoke > Toolbar","specs\Smoke\4-IssuedChecksSmoke.spec.ts","",""
"","6238","Verify Check Only tab shows Check-specific chart sections","msedge","Tue Sep 29 10:14:41 UTC 2026","passed","Tue Sep 29 10:14:47 UTC 2026","Home Dashboard > Dashboard Chart Headings","specs\Smoke\3-HomeDashboardSmoke.spec.ts","",""
"","15471","Previous page button returns to page 1, First page button re-enables disabled state","firefox","Tue Sep 29 10:24:47 UTC 2026","passed","Tue Sep 29 10:25:03 UTC 2026","ACH — Smoke > Pagination","specs\Smoke\7-ACHSmoke.spec.ts","",""
"","10050","File Processing sub-page loads correctly","webkit","Tue Sep 29 10:15:59 UTC 2026","passed","Tue Sep 29 10:16:09 UTC 2026","Application Navigation Smoke Tests > Settings Sub-navigation","specs\Smoke\2-NavigationSmoke.spec.ts","",""
"","12622","Typing a page number navigates to that page","webkit","Tue Sep 29 10:24:13 UTC 2026","passed","Tue Sep 29 10:24:25 UTC 2026","Exceptions — Smoke > Exception History > Pagination","specs\Smoke\8-ExceptionsSmoke.spec.ts","",""
"","4815","Issued Checks page loads correctly","msedge","Tue Sep 29 10:13:19 UTC 2026","passed","Tue Sep 29 10:13:24 UTC 2026","Application Navigation Smoke Tests > Top-level Navigation","specs\Smoke\2-NavigationSmoke.spec.ts","",""
"","9990","ACH breadcrumb link is visible on the page","webkit","Tue Sep 29 10:25:08 UTC 2026","passed","Tue Sep 29 10:25:18 UTC 2026","ACH — Smoke > Breadcrumb","specs\Smoke\7-ACHSmoke.spec.ts","",""
"","13011","Next page arrow advances to page 2","webkit","Tue Sep 29 10:17:45 UTC 2026","passed","Tue Sep 29 10:17:58 UTC 2026","Issued Checks — Smoke > Pagination","specs\Smoke\4-IssuedChecksSmoke.spec.ts","",""
"","17679","Default filter auto-applies after logout and re-login","chromium","Tue Sep 29 10:31:36 UTC 2026","passed","Tue Sep 29 10:31:54 UTC 2026","Presented Checks — Smoke > Saved Filters > Default Filter","specs\Smoke\5-PresentedChecksSmoke.spec.ts","",""
"","10491","Validate Login functionality with missingUsername","webkit","Tue Sep 29 10:12:52 UTC 2026","passed","Tue Sep 29 10:13:02 UTC 2026","Login — Smoke > Login","specs\Smoke\1-LoginSmoke.spec.ts","",""
"","6486","Navigation tabs to Pre-Decisions, Approvals, and Exception History are visible","firefox","Tue Sep 29 10:26:56 UTC 2026","passed","Tue Sep 29 10:27:03 UTC 2026","Exceptions — Smoke > Open Exceptions","specs\Smoke\8-ExceptionsSmoke.spec.ts","",""
"","5740","Exception History grid loads with data rows and key column headers","msedge","Tue Sep 29 10:18:25 UTC 2026","passed","Tue Sep 29 10:18:31 UTC 2026","Exceptions — Smoke > Exception History > Grid","specs\Smoke\8-ExceptionsSmoke.spec.ts","",""
"","5149","""View"" (Change Log) link on a row navigates to the entity log","msedge","Tue Sep 29 10:18:05 UTC 2026","passed","Tue Sep 29 10:18:10 UTC 2026","Presented Checks — Smoke > Row Actions","specs\Smoke\5-PresentedChecksSmoke.spec.ts","",""
"","5547","Default filter auto-applies after logout and re-login","msedge","Tue Sep 29 10:19:07 UTC 2026","skipped","Tue Sep 29 10:19:13 UTC 2026","ACH — Smoke > Saved Filters > Default Filter","specs\Smoke\7-ACHSmoke.spec.ts","",""
"","12367","Validate session persists after page refresh","firefox","Tue Sep 29 10:14:14 UTC 2026","passed","Tue Sep 29 10:14:26 UTC 2026","Login — Smoke > Session & Security","specs\Smoke\1-LoginSmoke.spec.ts","",""
"","3879","Validate Login functionality with xssInUsername","chromium","Tue Sep 29 10:28:04 UTC 2026","passed","Tue Sep 29 10:28:08 UTC 2026","Login — Smoke > Login","specs\Smoke\1-LoginSmoke.spec.ts","",""
"","20580","Clicking a column header sorts ascending, clicking again sorts descending","firefox","Tue Sep 29 10:25:37 UTC 2026","passed","Tue Sep 29 10:25:57 UTC 2026","Exceptions — Smoke > Exception History > Sorting","specs\Smoke\8-ExceptionsSmoke.spec.ts","",""
"","3557","Presented Checks breadcrumb link is visible on the page","chromium","Tue Sep 29 10:32:26 UTC 2026","passed","Tue Sep 29 10:32:30 UTC 2026","Presented Checks — Smoke > Breadcrumb","specs\Smoke\5-PresentedChecksSmoke.spec.ts","",""
"","4422","Validate Login functionality with incorrectPassword","msedge","Tue Sep 29 10:13:20 UTC 2026","passed","Tue Sep 29 10:13:25 UTC 2026","Login — Smoke > Login","specs\Smoke\1-LoginSmoke.spec.ts","",""
"","7403","Branding sub-page loads correctly","webkit","Tue Sep 29 10:13:26 UTC 2026","passed","Tue Sep 29 10:13:33 UTC 2026","Application Navigation Smoke Tests > Settings Sub-navigation","specs\Smoke\2-NavigationSmoke.spec.ts","",""
"","7648","Previous page button returns to page 1, First page button re-enables disabled state","msedge","Tue Sep 29 10:18:41 UTC 2026","passed","Tue Sep 29 10:18:49 UTC 2026","ACH — Smoke > Pagination","specs\Smoke\7-ACHSmoke.spec.ts","",""
"","11892","Verify Check Only tab shows Check-specific chart sections","webkit","Tue Sep 29 10:15:46 UTC 2026","passed","Tue Sep 29 10:15:58 UTC 2026","Home Dashboard > Dashboard Chart Headings","specs\Smoke\3-HomeDashboardSmoke.spec.ts","",""
"","5595","Excel export button is visible and enabled","msedge","Tue Sep 29 10:18:14 UTC 2026","passed","Tue Sep 29 10:18:19 UTC 2026","ACH — Smoke > Toolbar","specs\Smoke\7-ACHSmoke.spec.ts","",""
"","4187","Settings page loads correctly","msedge","Tue Sep 29 10:13:41 UTC 2026","passed","Tue Sep 29 10:13:45 UTC 2026","Application Navigation Smoke Tests > Top-level Navigation","specs\Smoke\2-NavigationSmoke.spec.ts","",""
"","5498","Excel export button is visible and enabled","msedge","Tue Sep 29 10:16:48 UTC 2026","passed","Tue Sep 29 10:16:53 UTC 2026","Presented Checks — Smoke > Toolbar","specs\Smoke\5-PresentedChecksSmoke.spec.ts","",""
"","8735","Default Decision Log sub-page loads correctly","firefox","Tue Sep 29 10:17:15 UTC 2026","passed","Tue Sep 29 10:17:24 UTC 2026","Application Navigation Smoke Tests > Settings Sub-navigation","specs\Smoke\2-NavigationSmoke.spec.ts","",""
"","12378","Last page arrow jumps to the final page","firefox","Tue Sep 29 10:24:28 UTC 2026","passed","Tue Sep 29 10:24:40 UTC 2026","Exceptions — Smoke > Exception History > Pagination","specs\Smoke\8-ExceptionsSmoke.spec.ts","",""
"","12222","Clicking a column header sorts ascending, clicking again sorts descending","firefox","Tue Sep 29 10:25:43 UTC 2026","passed","Tue Sep 29 10:25:55 UTC 2026","ACH — Smoke > Sorting","specs\Smoke\7-ACHSmoke.spec.ts","",""
"","8517","Column filter popup applies a filter and Clear restores the full row set","chromium","Tue Sep 29 10:31:14 UTC 2026","passed","Tue Sep 29 10:31:23 UTC 2026","Issued Checks — Smoke > Column Filter","specs\Smoke\4-IssuedChecksSmoke.spec.ts","",""
"","5481","Validate Login functionality with missingUsername","firefox","Tue Sep 29 10:13:14 UTC 2026","passed","Tue Sep 29 10:13:19 UTC 2026","Login — Smoke > Login","specs\Smoke\1-LoginSmoke.spec.ts","",""
"","11648","Verify delayed data note and force refresh link are visible on dashboard","webkit","Tue Sep 29 10:17:04 UTC 2026","passed","Tue Sep 29 10:17:16 UTC 2026","Home Dashboard > Summary Stats","specs\Smoke\3-HomeDashboardSmoke.spec.ts","",""
"","6894","Validate session persists after page refresh","msedge","Tue Sep 29 10:14:10 UTC 2026","passed","Tue Sep 29 10:14:17 UTC 2026","Login — Smoke > Session & Security","specs\Smoke\1-LoginSmoke.spec.ts","",""
"","3622","Validate Login functionality with emptyFields","chromium","Tue Sep 29 10:27:48 UTC 2026","passed","Tue Sep 29 10:27:52 UTC 2026","Login — Smoke > Login","specs\Smoke\1-LoginSmoke.spec.ts","",""
"","13427","Notification Log sub-page loads correctly","firefox","Tue Sep 29 10:17:01 UTC 2026","passed","Tue Sep 29 10:17:15 UTC 2026","Application Navigation Smoke Tests > Settings Sub-navigation","specs\Smoke\2-NavigationSmoke.spec.ts","",""
"","5140","Open Exceptions page loads with either exception cards or the empty-state message","msedge","Tue Sep 29 10:20:15 UTC 2026","passed","Tue Sep 29 10:20:20 UTC 2026","Exceptions — Smoke > Open Exceptions","specs\Smoke\8-ExceptionsSmoke.spec.ts","",""
"","7816","Decision Files sub-page loads correctly","webkit","Tue Sep 29 10:13:41 UTC 2026","passed","Tue Sep 29 10:13:49 UTC 2026","Application Navigation Smoke Tests > Settings Sub-navigation","specs\Smoke\2-NavigationSmoke.spec.ts","",""
"","5717","ACH Approval Rules sub-page loads correctly","msedge","Tue Sep 29 10:14:46 UTC 2026","passed","Tue Sep 29 10:14:52 UTC 2026","Application Navigation Smoke Tests > Settings Sub-navigation","specs\Smoke\2-NavigationSmoke.spec.ts","",""
"","18305","Verify Check Only tab shows Check-specific chart sections","firefox","Tue Sep 29 10:15:03 UTC 2026","passed","Tue Sep 29 10:15:21 UTC 2026","Home Dashboard > Dashboard Chart Headings","specs\Smoke\3-HomeDashboardSmoke.spec.ts","",""
"","5039","Verify navigation to Presented Checks via nav menu","msedge","Tue Sep 29 10:15:52 UTC 2026","passed","Tue Sep 29 10:15:57 UTC 2026","Home Dashboard > Navigation from Dashboard","specs\Smoke\3-HomeDashboardSmoke.spec.ts","",""
"","11661","Typing a page number navigates to that page","webkit","Tue Sep 29 10:20:30 UTC 2026","passed","Tue Sep 29 10:20:41 UTC 2026","Presented Checks — Smoke > Pagination","specs\Smoke\5-PresentedChecksSmoke.spec.ts","",""
"","5398","Typing a page number navigates to that page","msedge","Tue Sep 29 10:17:12 UTC 2026","passed","Tue Sep 29 10:17:17 UTC 2026","Presented Checks — Smoke > Pagination","specs\Smoke\5-PresentedChecksSmoke.spec.ts","",""
"","4632","Verify Total Exceptions and Total Exception Amount labels are visible","chromium","Tue Sep 29 10:29:22 UTC 2026","passed","Tue Sep 29 10:29:27 UTC 2026","Home Dashboard > Summary Stats","specs\Smoke\3-HomeDashboardSmoke.spec.ts","",""
"","5523","Clicking a column header sorts ascending, clicking again sorts descending","msedge","Tue Sep 29 10:16:53 UTC 2026","passed","Tue Sep 29 10:16:59 UTC 2026","Issued Checks — Smoke > Sorting","specs\Smoke\4-IssuedChecksSmoke.spec.ts","",""
"","12014","Save a filter preset, verify it is auto-selected, then delete it","chromium","Tue Sep 29 10:33:05 UTC 2026","passed","Tue Sep 29 10:33:17 UTC 2026","ACH — Smoke > Saved Filters","specs\Smoke\7-ACHSmoke.spec.ts","",""
"","15522","Previous page button returns to page 1, First page button re-enables disabled state","firefox","Tue Sep 29 10:24:49 UTC 2026","passed","Tue Sep 29 10:25:05 UTC 2026","Exceptions — Smoke > Exception History > Pagination","specs\Smoke\8-ExceptionsSmoke.spec.ts","",""
"","9325","Issued Checks page loads correctly","webkit","Tue Sep 29 10:12:08 UTC 2026","passed","Tue Sep 29 10:12:17 UTC 2026","Application Navigation Smoke Tests > Top-level Navigation","specs\Smoke\2-NavigationSmoke.spec.ts","",""
"","16383","Column filter popup applies a filter and Clear restores the full row set","webkit","Tue Sep 29 10:21:47 UTC 2026","passed","Tue Sep 29 10:22:03 UTC 2026","Presented Checks — Smoke > Column Filter","specs\Smoke\5-PresentedChecksSmoke.spec.ts","",""
"","9916","Column filter popup applies a filter and Clear restores the full row set","chromium","Tue Sep 29 10:33:44 UTC 2026","passed","Tue Sep 29 10:33:54 UTC 2026","ACH — Smoke > Column Filter","specs\Smoke\7-ACHSmoke.spec.ts","",""
"","12612","Verify navigation to Issued Checks via nav menu","webkit","Tue Sep 29 10:17:53 UTC 2026","passed","Tue Sep 29 10:18:06 UTC 2026","Home Dashboard > Navigation from Dashboard","specs\Smoke\3-HomeDashboardSmoke.spec.ts","",""
"","7977","Previous page button returns to page 1, First page button re-enables disabled state","chromium","Tue Sep 29 10:31:14 UTC 2026","passed","Tue Sep 29 10:31:22 UTC 2026","Presented Checks — Smoke > Pagination","specs\Smoke\5-PresentedChecksSmoke.spec.ts","",""
"","7191","""+ Add Check"" navigates to the add-check form","msedge","Tue Sep 29 10:16:26 UTC 2026","passed","Tue Sep 29 10:16:33 UTC 2026","Presented Checks — Smoke > Navigation","specs\Smoke\5-PresentedChecksSmoke.spec.ts","",""
"","3653","Automatic ACH Decision Rules sub-page loads correctly","firefox","Tue Sep 29 10:16:46 UTC 2026","passed","Tue Sep 29 10:16:50 UTC 2026","Application Navigation Smoke Tests > Settings Sub-navigation","specs\Smoke\2-NavigationSmoke.spec.ts","",""
"","2801","Exceptions breadcrumb link is visible on the page","msedge","Tue Sep 29 10:20:07 UTC 2026","passed","Tue Sep 29 10:20:10 UTC 2026","Exceptions — Smoke > Exception History > Breadcrumb","specs\Smoke\8-ExceptionsSmoke.spec.ts","",""
"","7414","Validate Login functionality with invalidEmailFormat","webkit","Tue Sep 29 10:12:27 UTC 2026","passed","Tue Sep 29 10:12:34 UTC 2026","Login — Smoke > Login","specs\Smoke\1-LoginSmoke.spec.ts","",""
"","4219","Issued Checks page loads correctly","chromium","Tue Sep 29 10:27:35 UTC 2026","passed","Tue Sep 29 10:27:39 UTC 2026","Application Navigation Smoke Tests > Top-level Navigation","specs\Smoke\2-NavigationSmoke.spec.ts","",""
"","5286","Page size change to 10 updates pagination info in bottom-right pager","msedge","Tue Sep 29 10:18:49 UTC 2026","passed","Tue Sep 29 10:18:55 UTC 2026","Exceptions — Smoke > Exception History > Pagination","specs\Smoke\8-ExceptionsSmoke.spec.ts","",""
"","6387","""+ Add Check"" navigates to the add-check form","chromium","Tue Sep 29 10:30:27 UTC 2026","passed","Tue Sep 29 10:30:33 UTC 2026","Presented Checks — Smoke > Navigation","specs\Smoke\5-PresentedChecksSmoke.spec.ts","",""
"","15932","Column filter menu applies a filter and Clear restores the full row set","firefox","Tue Sep 29 10:25:57 UTC 2026","passed","Tue Sep 29 10:26:13 UTC 2026","Exceptions — Smoke > Exception History > Column Filter","specs\Smoke\8-ExceptionsSmoke.spec.ts","",""
"","4657","Verify Combined View shows all chart sections","msedge","Tue Sep 29 10:14:36 UTC 2026","passed","Tue Sep 29 10:14:41 UTC 2026","Home Dashboard > Dashboard Chart Headings","specs\Smoke\3-HomeDashboardSmoke.spec.ts","",""
"","11822","Grid loads with data rows and key column headers","firefox","Tue Sep 29 10:18:37 UTC 2026","passed","Tue Sep 29 10:18:49 UTC 2026","Presented Checks — Smoke > Grid","specs\Smoke\5-PresentedChecksSmoke.spec.ts","",""
"","10067","Verify tab-specific charts are hidden for opposite tab","firefox","Tue Sep 29 10:16:32 UTC 2026","passed","Tue Sep 29 10:16:42 UTC 2026","Home Dashboard > Dashboard Chart Headings","specs\Smoke\3-HomeDashboardSmoke.spec.ts","",""
"","340","Default filter auto-applies after logout and re-login","msedge","Tue Sep 29 10:19:40 UTC 2026","skipped","Tue Sep 29 10:19:40 UTC 2026","Exceptions — Smoke > Exception History > Saved Filters > Default Filter","specs\Smoke\8-ExceptionsSmoke.spec.ts","",""
"","7776","Teller page loads correctly","webkit","Tue Sep 29 10:12:25 UTC 2026","passed","Tue Sep 29 10:12:33 UTC 2026","Application Navigation Smoke Tests > Top-level Navigation","specs\Smoke\2-NavigationSmoke.spec.ts","",""
"","10331","Verify Combined View shows all chart sections","firefox","Tue Sep 29 10:14:52 UTC 2026","passed","Tue Sep 29 10:15:03 UTC 2026","Home Dashboard > Dashboard Chart Headings","specs\Smoke\3-HomeDashboardSmoke.spec.ts","",""
"","12578","Next page arrow advances to page 2","firefox","Tue Sep 29 10:20:04 UTC 2026","passed","Tue Sep 29 10:20:16 UTC 2026","Presented Checks — Smoke > Pagination","specs\Smoke\5-PresentedChecksSmoke.spec.ts","",""
"","8400","Validate Login functionality with incorrectPassword","webkit","Tue Sep 29 10:12:10 UTC 2026","passed","Tue Sep 29 10:12:18 UTC 2026","Login — Smoke > Login","specs\Smoke\1-LoginSmoke.spec.ts","",""
"","3324","Validate Login functionality with incorrectUsername","firefox","Tue Sep 29 10:12:58 UTC 2026","passed","Tue Sep 29 10:13:01 UTC 2026","Login — Smoke > Login","specs\Smoke\1-LoginSmoke.spec.ts","",""
"","16949","Previous page button returns to page 1, First page button re-enables disabled state","webkit","Tue Sep 29 10:24:25 UTC 2026","passed","Tue Sep 29 10:24:42 UTC 2026","Exceptions — Smoke > Exception History > Pagination","specs\Smoke\8-ExceptionsSmoke.spec.ts","",""
"","7854","Page size change to 10 updates pagination info in bottom-right pager","firefox","Tue Sep 29 10:19:22 UTC 2026","passed","Tue Sep 29 10:19:30 UTC 2026","Issued Checks — Smoke > Pagination","specs\Smoke\4-IssuedChecksSmoke.spec.ts","",""
"","6374","Verify navigation to ACH via nav menu","msedge","Tue Sep 29 10:15:57 UTC 2026","passed","Tue Sep 29 10:16:03 UTC 2026","Home Dashboard > Navigation from Dashboard","specs\Smoke\3-HomeDashboardSmoke.spec.ts","",""
"","6112","Validate Login functionality with caseSensitiveEmail","firefox","Tue Sep 29 10:12:48 UTC 2026","passed","Tue Sep 29 10:12:54 UTC 2026","Login — Smoke > Login","specs\Smoke\1-LoginSmoke.spec.ts","",""
"","11877","Saved Filters dropdown is visible and defaults to no preset","firefox","Tue Sep 29 10:25:03 UTC 2026","passed","Tue Sep 29 10:25:15 UTC 2026","ACH — Smoke > Saved Filters","specs\Smoke\7-ACHSmoke.spec.ts","",""
"","2733","Approvals page loads with either records or the empty-state message","chromium","Tue Sep 29 10:34:52 UTC 2026","passed","Tue Sep 29 10:34:55 UTC 2026","Exceptions — Smoke > Approvals","specs\Smoke\8-ExceptionsSmoke.spec.ts","",""
"","10993","Issued Checks page loads correctly","firefox","Tue Sep 29 10:13:14 UTC 2026","passed","Tue Sep 29 10:13:25 UTC 2026","Application Navigation Smoke Tests > Top-level Navigation","specs\Smoke\2-NavigationSmoke.spec.ts","",""
"","9921","""Edit"" link on a row navigates to the check edit form","webkit","Tue Sep 29 10:22:03 UTC 2026","passed","Tue Sep 29 10:22:13 UTC 2026","Presented Checks — Smoke > Row Actions","specs\Smoke\5-PresentedChecksSmoke.spec.ts","",""
"","7360","Settings page loads correctly","webkit","Tue Sep 29 10:12:49 UTC 2026","passed","Tue Sep 29 10:12:56 UTC 2026","Application Navigation Smoke Tests > Top-level Navigation","specs\Smoke\2-NavigationSmoke.spec.ts","",""
"","11179","""Uploaded Checks"" navigates to the uploads page","firefox","Tue Sep 29 10:18:46 UTC 2026","passed","Tue Sep 29 10:18:57 UTC 2026","Issued Checks — Smoke > Navigation","specs\Smoke\4-IssuedChecksSmoke.spec.ts","",""
"","5983","Validate teller presented-check form shows all required fields","msedge","Tue Sep 29 10:17:29 UTC 2026","passed","Tue Sep 29 10:17:35 UTC 2026","Teller — Smoke > Add Check Form","specs\Smoke\6-TellerSmoke.spec.ts","",""
"","12451","""Delete"" on a row shows a confirm modal; Cancel dismisses it without deleting","firefox","Tue Sep 29 10:21:52 UTC 2026","passed","Tue Sep 29 10:22:04 UTC 2026","Issued Checks — Smoke > Row Actions","specs\Smoke\4-IssuedChecksSmoke.spec.ts","",""
"","11706","Automatic Check Decision Rules sub-page loads correctly","firefox","Tue Sep 29 10:16:18 UTC 2026","passed","Tue Sep 29 10:16:29 UTC 2026","Application Navigation Smoke Tests > Settings Sub-navigation","specs\Smoke\2-NavigationSmoke.spec.ts","",""
"","11216","Presented Checks breadcrumb link is visible on the page","firefox","Tue Sep 29 10:23:00 UTC 2026","passed","Tue Sep 29 10:23:11 UTC 2026","Presented Checks — Smoke > Breadcrumb","specs\Smoke\5-PresentedChecksSmoke.spec.ts","",""
"","16922","Saved Filters dropdown is visible and defaults to no preset","firefox","Tue Sep 29 10:20:23 UTC 2026","passed","Tue Sep 29 10:20:40 UTC 2026","Issued Checks — Smoke > Saved Filters","specs\Smoke\4-IssuedChecksSmoke.spec.ts","",""
"","8779","Excel export button is visible and enabled","webkit","Tue Sep 29 10:23:30 UTC 2026","passed","Tue Sep 29 10:23:39 UTC 2026","Exceptions — Smoke > Exception History > Toolbar","specs\Smoke\8-ExceptionsSmoke.spec.ts","",""
"","5845","Clicking a column header sorts ascending, clicking again sorts descending","chromium","Tue Sep 29 10:31:54 UTC 2026","passed","Tue Sep 29 10:32:00 UTC 2026","Presented Checks — Smoke > Sorting","specs\Smoke\5-PresentedChecksSmoke.spec.ts","",""
"","12322","Roles/Permissions sub-page loads correctly","firefox","Tue Sep 29 10:15:19 UTC 2026","passed","Tue Sep 29 10:15:31 UTC 2026","Application Navigation Smoke Tests > Settings Sub-navigation","specs\Smoke\2-NavigationSmoke.spec.ts","",""
"","13472","ACH page loads correctly","firefox","Tue Sep 29 10:13:44 UTC 2026","passed","Tue Sep 29 10:13:58 UTC 2026","Application Navigation Smoke Tests > Top-level Navigation","specs\Smoke\2-NavigationSmoke.spec.ts","",""
"","5532","Automatic ACH Decision Rules sub-page loads correctly","msedge","Tue Sep 29 10:14:41 UTC 2026","passed","Tue Sep 29 10:14:46 UTC 2026","Application Navigation Smoke Tests > Settings Sub-navigation","specs\Smoke\2-NavigationSmoke.spec.ts","",""
"","3771","Teller page loads correctly","chromium","Tue Sep 29 10:27:44 UTC 2026","passed","Tue Sep 29 10:27:48 UTC 2026","Application Navigation Smoke Tests > Top-level Navigation","specs\Smoke\2-NavigationSmoke.spec.ts","",""
"","8643","Validate forgot password functionality","webkit","Tue Sep 29 10:13:26 UTC 2026","passed","Tue Sep 29 10:13:35 UTC 2026","Login — Smoke > Forgot Password","specs\Smoke\1-LoginSmoke.spec.ts","",""
"","19177","Verify dashboard loads after successful login","webkit","Tue Sep 29 10:14:37 UTC 2026","passed","Tue Sep 29 10:14:56 UTC 2026","Home Dashboard > Page Load","specs\Smoke\3-HomeDashboardSmoke.spec.ts","",""
"","5304","Grid View toggle navigates to the open-exceptions grid and shows key column headers","chromium","Tue Sep 29 10:34:47 UTC 2026","passed","Tue Sep 29 10:34:52 UTC 2026","Exceptions — Smoke > Open Exceptions","specs\Smoke\8-ExceptionsSmoke.spec.ts","",""
"","3647","File Formats sub-page loads correctly","chromium","Tue Sep 29 10:28:35 UTC 2026","passed","Tue Sep 29 10:28:38 UTC 2026","Application Navigation Smoke Tests > Settings Sub-navigation","specs\Smoke\2-NavigationSmoke.spec.ts","",""
"","8944","Column filter menu applies a filter and Clear restores the full row set","msedge","Tue Sep 29 10:19:47 UTC 2026","passed","Tue Sep 29 10:19:56 UTC 2026","Exceptions — Smoke > Exception History > Column Filter","specs\Smoke\8-ExceptionsSmoke.spec.ts","",""
"","17118","Column filter popup applies a filter and Clear restores the full row set","firefox","Tue Sep 29 10:25:55 UTC 2026","passed","Tue Sep 29 10:26:12 UTC 2026","ACH — Smoke > Column Filter","specs\Smoke\7-ACHSmoke.spec.ts","",""
"","6332","Excel export button is visible and enabled","msedge","Tue Sep 29 10:18:43 UTC 2026","passed","Tue Sep 29 10:18:49 UTC 2026","Exceptions — Smoke > Exception History > Toolbar","specs\Smoke\8-ExceptionsSmoke.spec.ts","",""
"","7962","Decision badge on an already-reviewed row is blocked with a system message","webkit","Tue Sep 29 10:25:45 UTC 2026","passed","Tue Sep 29 10:25:53 UTC 2026","Exceptions — Smoke > Exception History > Row Actions","specs\Smoke\8-ExceptionsSmoke.spec.ts","",""
"","17621","File Formats sub-page loads correctly","webkit","Tue Sep 29 10:13:59 UTC 2026","passed","Tue Sep 29 10:14:17 UTC 2026","Application Navigation Smoke Tests > Settings Sub-navigation","specs\Smoke\2-NavigationSmoke.spec.ts","",""
"","4430","Business Clients sub-page loads correctly","chromium","Tue Sep 29 10:28:04 UTC 2026","passed","Tue Sep 29 10:28:08 UTC 2026","Application Navigation Smoke Tests > Settings Sub-navigation","specs\Smoke\2-NavigationSmoke.spec.ts","",""
"","6041","Verify Home dashboard is restored after returning from another page","msedge","Tue Sep 29 10:15:40 UTC 2026","passed","Tue Sep 29 10:15:46 UTC 2026","Home Dashboard > Summary Stats","specs\Smoke\3-HomeDashboardSmoke.spec.ts","",""
"","5726","Validate Login functionality with sqlInjection","firefox","Tue Sep 29 10:13:19 UTC 2026","passed","Tue Sep 29 10:13:25 UTC 2026","Login — Smoke > Login","specs\Smoke\1-LoginSmoke.spec.ts","",""
"","5637","Grid loads with data rows and key column headers","msedge","Tue Sep 29 10:17:42 UTC 2026","passed","Tue Sep 29 10:17:47 UTC 2026","ACH — Smoke > Grid","specs\Smoke\7-ACHSmoke.spec.ts","",""
"","4408","Validate unauthenticated access to protected route is redirected to login","msedge","Tue Sep 29 10:14:17 UTC 2026","passed","Tue Sep 29 10:14:22 UTC 2026","Login — Smoke > Session & Security","specs\Smoke\1-LoginSmoke.spec.ts","",""
"","5274","""+ Add Check"" navigates to the add-check form","chromium","Tue Sep 29 10:29:46 UTC 2026","passed","Tue Sep 29 10:29:52 UTC 2026","Issued Checks — Smoke > Navigation","specs\Smoke\4-IssuedChecksSmoke.spec.ts","",""
"","4238","Validate Login functionality with incorrectUsername","chromium","Tue Sep 29 10:27:40 UTC 2026","passed","Tue Sep 29 10:27:44 UTC 2026","Login — Smoke > Login","specs\Smoke\1-LoginSmoke.spec.ts","",""
"","3851","Validate Login functionality with invalidEmailFormat","chromium","Tue Sep 29 10:27:44 UTC 2026","passed","Tue Sep 29 10:27:48 UTC 2026","Login — Smoke > Login","specs\Smoke\1-LoginSmoke.spec.ts","",""
"","7820","Search box filters grid and clears correctly","chromium","Tue Sep 29 10:30:38 UTC 2026","passed","Tue Sep 29 10:30:46 UTC 2026","Presented Checks — Smoke > Toolbar","specs\Smoke\5-PresentedChecksSmoke.spec.ts","",""
"","11338","""+ Add ACH"" navigates to the add-ACH form","firefox","Tue Sep 29 10:23:00 UTC 2026","passed","Tue Sep 29 10:23:11 UTC 2026","ACH — Smoke > Navigation","specs\Smoke\7-ACHSmoke.spec.ts","",""
"","3874","Validate forgot password with unregistered email","msedge","Tue Sep 29 10:14:07 UTC 2026","passed","Tue Sep 29 10:14:10 UTC 2026","Login — Smoke > Forgot Password","specs\Smoke\1-LoginSmoke.spec.ts","",""
"","10073","""View"" (Change Log) link on a row navigates to the entity log","webkit","Tue Sep 29 10:22:13 UTC 2026","passed","Tue Sep 29 10:22:23 UTC 2026","Presented Checks — Smoke > Row Actions","specs\Smoke\5-PresentedChecksSmoke.spec.ts","",""
"","10994","Grid loads with data rows and key column headers","webkit","Tue Sep 29 10:16:27 UTC 2026","passed","Tue Sep 29 10:16:38 UTC 2026","Issued Checks — Smoke > Grid","specs\Smoke\4-IssuedChecksSmoke.spec.ts","",""
"","5351","Verify dashboard footer footnote and privacy link are visible","chromium","Tue Sep 29 10:29:36 UTC 2026","passed","Tue Sep 29 10:29:41 UTC 2026","Home Dashboard > Summary Stats","specs\Smoke\3-HomeDashboardSmoke.spec.ts","",""
"","9833","""Uploaded ACH"" navigates to the uploads page","webkit","Tue Sep 29 10:21:28 UTC 2026","passed","Tue Sep 29 10:21:38 UTC 2026","ACH — Smoke > Navigation","specs\Smoke\7-ACHSmoke.spec.ts","",""
"","14695","""Delete"" on a row shows a confirm modal; Cancel dismisses it without deleting","firefox","Tue Sep 29 10:26:24 UTC 2026","passed","Tue Sep 29 10:26:38 UTC 2026","ACH — Smoke > Row Actions","specs\Smoke\7-ACHSmoke.spec.ts","",""
"","12081","Grid loads with data rows and key column headers","webkit","Tue Sep 29 10:20:53 UTC 2026","passed","Tue Sep 29 10:21:05 UTC 2026","ACH — Smoke > Grid","specs\Smoke\7-ACHSmoke.spec.ts","",""
"","4763","Page size change to 10 updates pagination info in bottom-right pager","chromium","Tue Sep 29 10:30:07 UTC 2026","passed","Tue Sep 29 10:30:12 UTC 2026","Issued Checks — Smoke > Pagination","specs\Smoke\4-IssuedChecksSmoke.spec.ts","",""
"","6591","Approvals page loads with either records or the empty-state message","firefox","Tue Sep 29 10:27:19 UTC 2026","passed","Tue Sep 29 10:27:26 UTC 2026","Exceptions — Smoke > Approvals","specs\Smoke\8-ExceptionsSmoke.spec.ts","",""
"","9432","Last page arrow jumps to the final page","firefox","Tue Sep 29 10:20:16 UTC 2026","passed","Tue Sep 29 10:20:26 UTC 2026","Presented Checks — Smoke > Pagination","specs\Smoke\5-PresentedChecksSmoke.spec.ts","",""
"","6570","Next page arrow advances to page 2","msedge","Tue Sep 29 10:18:55 UTC 2026","passed","Tue Sep 29 10:19:01 UTC 2026","Exceptions — Smoke > Exception History > Pagination","specs\Smoke\8-ExceptionsSmoke.spec.ts","",""
"","16591","Column filter popup applies a filter and Clear restores the full row set","firefox","Tue Sep 29 10:21:52 UTC 2026","passed","Tue Sep 29 10:22:09 UTC 2026","Presented Checks — Smoke > Column Filter","specs\Smoke\5-PresentedChecksSmoke.spec.ts","",""
"","4209","Business Clients sub-page loads correctly","msedge","Tue Sep 29 10:13:50 UTC 2026","passed","Tue Sep 29 10:13:54 UTC 2026","Application Navigation Smoke Tests > Settings Sub-navigation","specs\Smoke\2-NavigationSmoke.spec.ts","",""
"","12971","""Delete"" on a row shows a confirm modal; Cancel dismisses it without deleting","firefox","Tue Sep 29 10:22:35 UTC 2026","passed","Tue Sep 29 10:22:48 UTC 2026","Presented Checks — Smoke > Row Actions","specs\Smoke\5-PresentedChecksSmoke.spec.ts","",""
"","13202","Search box filters grid and clears correctly","webkit","Tue Sep 29 10:19:37 UTC 2026","passed","Tue Sep 29 10:19:51 UTC 2026","Presented Checks — Smoke > Toolbar","specs\Smoke\5-PresentedChecksSmoke.spec.ts","",""
"","6152","""Uploaded Checks"" navigates to the uploads page","msedge","Tue Sep 29 10:15:46 UTC 2026","passed","Tue Sep 29 10:15:52 UTC 2026","Issued Checks — Smoke > Navigation","specs\Smoke\4-IssuedChecksSmoke.spec.ts","",""
"","3971","Validate unauthenticated access to protected route is redirected to login","chromium","Tue Sep 29 10:28:31 UTC 2026","passed","Tue Sep 29 10:28:35 UTC 2026","Login — Smoke > Session & Security","specs\Smoke\1-LoginSmoke.spec.ts","",""
"","11285","Verify navigation to Settings via nav menu","webkit","Tue Sep 29 10:18:43 UTC 2026","passed","Tue Sep 29 10:18:54 UTC 2026","Home Dashboard > Navigation from Dashboard","specs\Smoke\3-HomeDashboardSmoke.spec.ts","",""
"","5833","Default Decision Log sub-page loads correctly","msedge","Tue Sep 29 10:14:59 UTC 2026","passed","Tue Sep 29 10:15:05 UTC 2026","Application Navigation Smoke Tests > Settings Sub-navigation","specs\Smoke\2-NavigationSmoke.spec.ts","",""
"","11089","Pay/Return decision badge navigates to exception history","webkit","Tue Sep 29 10:22:35 UTC 2026","passed","Tue Sep 29 10:22:46 UTC 2026","Presented Checks — Smoke > Row Actions","specs\Smoke\5-PresentedChecksSmoke.spec.ts","",""
"","5809","Verify dashboard tab checked state updates correctly","chromium","Tue Sep 29 10:29:04 UTC 2026","passed","Tue Sep 29 10:29:10 UTC 2026","Home Dashboard > Dashboard Chart Headings","specs\Smoke\3-HomeDashboardSmoke.spec.ts","",""
"","6223","Automatic Check Decision Rules sub-page loads correctly","chromium","Tue Sep 29 10:28:43 UTC 2026","passed","Tue Sep 29 10:28:49 UTC 2026","Application Navigation Smoke Tests > Settings Sub-navigation","specs\Smoke\2-NavigationSmoke.spec.ts","",""
"","4242","Validate Login functionality with xssInUsername","msedge","Tue Sep 29 10:13:50 UTC 2026","passed","Tue Sep 29 10:13:54 UTC 2026","Login — Smoke > Login","specs\Smoke\1-LoginSmoke.spec.ts","",""
"","9909","Page size change to 10 updates pagination info in bottom-right pager","webkit","Tue Sep 29 10:23:39 UTC 2026","passed","Tue Sep 29 10:23:49 UTC 2026","Exceptions — Smoke > Exception History > Pagination","specs\Smoke\8-ExceptionsSmoke.spec.ts","",""
"","3940","Validate Login functionality with sqlInjection","chromium","Tue Sep 29 10:28:00 UTC 2026","passed","Tue Sep 29 10:28:04 UTC 2026","Login — Smoke > Login","specs\Smoke\1-LoginSmoke.spec.ts","",""
"","5719","Excel export button is visible and enabled","chromium","Tue Sep 29 10:32:28 UTC 2026","passed","Tue Sep 29 10:32:34 UTC 2026","ACH — Smoke > Toolbar","specs\Smoke\7-ACHSmoke.spec.ts","",""
"","4989","Exception History grid loads with data rows and key column headers","chromium","Tue Sep 29 10:32:30 UTC 2026","passed","Tue Sep 29 10:32:35 UTC 2026","Exceptions — Smoke > Exception History > Grid","specs\Smoke\8-ExceptionsSmoke.spec.ts","",""
"","5761","Notification Log sub-page loads correctly","chromium","Tue Sep 29 10:29:05 UTC 2026","passed","Tue Sep 29 10:29:11 UTC 2026","Application Navigation Smoke Tests > Settings Sub-navigation","specs\Smoke\2-NavigationSmoke.spec.ts","",""
"","7611","Verify navigation to Settings via nav menu","firefox","Tue Sep 29 10:18:29 UTC 2026","passed","Tue Sep 29 10:18:37 UTC 2026","Home Dashboard > Navigation from Dashboard","specs\Smoke\3-HomeDashboardSmoke.spec.ts","",""
"","7778","Verify navigation to Exceptions via nav menu","firefox","Tue Sep 29 10:18:21 UTC 2026","passed","Tue Sep 29 10:18:29 UTC 2026","Home Dashboard > Navigation from Dashboard","specs\Smoke\3-HomeDashboardSmoke.spec.ts","",""
"","5277","Saved Filters dropdown is visible and defaults to no preset","chromium","Tue Sep 29 10:33:00 UTC 2026","passed","Tue Sep 29 10:33:05 UTC 2026","ACH — Smoke > Saved Filters","specs\Smoke\7-ACHSmoke.spec.ts","",""
"","13308","Exception History grid loads with data rows and key column headers","firefox","Tue Sep 29 10:23:11 UTC 2026","passed","Tue Sep 29 10:23:24 UTC 2026","Exceptions — Smoke > Exception History > Grid","specs\Smoke\8-ExceptionsSmoke.spec.ts","",""
"","5460","Saved Filters dropdown is visible and defaults to no preset","chromium","Tue Sep 29 10:31:22 UTC 2026","passed","Tue Sep 29 10:31:28 UTC 2026","Presented Checks — Smoke > Saved Filters","specs\Smoke\5-PresentedChecksSmoke.spec.ts","",""
"","4061","Validate forgot password functionality with No email","chromium","Tue Sep 29 10:28:16 UTC 2026","passed","Tue Sep 29 10:28:20 UTC 2026","Login — Smoke > Forgot Password","specs\Smoke\1-LoginSmoke.spec.ts","",""
"","5072","Last page arrow jumps to the final page","msedge","Tue Sep 29 10:17:07 UTC 2026","passed","Tue Sep 29 10:17:12 UTC 2026","Presented Checks — Smoke > Pagination","specs\Smoke\5-PresentedChecksSmoke.spec.ts","",""
"","5365","Navigation tabs to Pre-Decisions, Approvals, and Exception History are visible","webkit","Tue Sep 29 10:25:57 UTC 2026","passed","Tue Sep 29 10:26:02 UTC 2026","Exceptions — Smoke > Open Exceptions","specs\Smoke\8-ExceptionsSmoke.spec.ts","",""
"","8224","Validate Login functionality with xssInUsername","webkit","Tue Sep 29 10:13:10 UTC 2026","passed","Tue Sep 29 10:13:18 UTC 2026","Login — Smoke > Login","specs\Smoke\1-LoginSmoke.spec.ts","",""
"","12584","Clicking a column header sorts ascending, clicking again sorts descending","webkit","Tue Sep 29 10:23:44 UTC 2026","passed","Tue Sep 29 10:23:56 UTC 2026","ACH — Smoke > Sorting","specs\Smoke\7-ACHSmoke.spec.ts","",""
"","4046","Billing Reports sub-page loads correctly","msedge","Tue Sep 29 10:14:07 UTC 2026","passed","Tue Sep 29 10:14:11 UTC 2026","Application Navigation Smoke Tests > Settings Sub-navigation","specs\Smoke\2-NavigationSmoke.spec.ts","",""
"","14296","Verify chart title changes with selected tab","firefox","Tue Sep 29 10:16:18 UTC 2026","passed","Tue Sep 29 10:16:32 UTC 2026","Home Dashboard > Dashboard Chart Headings","specs\Smoke\3-HomeDashboardSmoke.spec.ts","",""
"","10983","Verify navigation to ACH via nav menu","webkit","Tue Sep 29 10:18:18 UTC 2026","passed","Tue Sep 29 10:18:29 UTC 2026","Home Dashboard > Navigation from Dashboard","specs\Smoke\3-HomeDashboardSmoke.spec.ts","",""
"","16882","ACH breadcrumb link is visible on the page","firefox","Tue Sep 29 10:27:02 UTC 2026","passed","Tue Sep 29 10:27:19 UTC 2026","ACH — Smoke > Breadcrumb","specs\Smoke\7-ACHSmoke.spec.ts","",""
"","5050","Validate Login functionality with missingPassword","firefox","Tue Sep 29 10:13:09 UTC 2026","passed","Tue Sep 29 10:13:14 UTC 2026","Login — Smoke > Login","specs\Smoke\1-LoginSmoke.spec.ts","",""
"","9940","""+ Add Check"" navigates to the add-check form","firefox","Tue Sep 29 10:18:36 UTC 2026","passed","Tue Sep 29 10:18:46 UTC 2026","Issued Checks — Smoke > Navigation","specs\Smoke\4-IssuedChecksSmoke.spec.ts","",""
"","4649","Verify navigation to ACH via nav menu","chromium","Tue Sep 29 10:30:02 UTC 2026","passed","Tue Sep 29 10:30:06 UTC 2026","Home Dashboard > Navigation from Dashboard","specs\Smoke\3-HomeDashboardSmoke.spec.ts","",""
"","4670","File Processing sub-page loads correctly","chromium","Tue Sep 29 10:29:22 UTC 2026","passed","Tue Sep 29 10:29:27 UTC 2026","Application Navigation Smoke Tests > Settings Sub-navigation","specs\Smoke\2-NavigationSmoke.spec.ts","",""
"","11047","""Uploaded Checks"" navigates to the uploads page","webkit","Tue Sep 29 10:19:26 UTC 2026","passed","Tue Sep 29 10:19:37 UTC 2026","Presented Checks — Smoke > Navigation","specs\Smoke\5-PresentedChecksSmoke.spec.ts","",""
"","15047","Verify all three dashboard view tabs are visible","webkit","Tue Sep 29 10:15:18 UTC 2026","passed","Tue Sep 29 10:15:33 UTC 2026","Home Dashboard > Page Load","specs\Smoke\3-HomeDashboardSmoke.spec.ts","",""
"","11491","""Delete"" on a row shows a confirm modal; Cancel dismisses it without deleting","webkit","Tue Sep 29 10:20:11 UTC 2026","passed","Tue Sep 29 10:20:23 UTC 2026","Issued Checks — Smoke > Row Actions","specs\Smoke\4-IssuedChecksSmoke.spec.ts","",""
"","5152","Navigation tabs to Pre-Decisions, Approvals, and Exception History are visible","chromium","Tue Sep 29 10:34:37 UTC 2026","passed","Tue Sep 29 10:34:42 UTC 2026","Exceptions — Smoke > Open Exceptions","specs\Smoke\8-ExceptionsSmoke.spec.ts","",""
"","11320","""Uploaded Checks"" navigates to the uploads page","webkit","Tue Sep 29 10:17:04 UTC 2026","passed","Tue Sep 29 10:17:15 UTC 2026","Issued Checks — Smoke > Navigation","specs\Smoke\4-IssuedChecksSmoke.spec.ts","",""
"","6663","Search box filters grid and clears correctly","msedge","Tue Sep 29 10:15:52 UTC 2026","passed","Tue Sep 29 10:15:59 UTC 2026","Issued Checks — Smoke > Toolbar","specs\Smoke\4-IssuedChecksSmoke.spec.ts","",""
"","3787","Validate Login functionality with incorrectPassword","firefox","Tue Sep 29 10:12:54 UTC 2026","passed","Tue Sep 29 10:12:58 UTC 2026","Login — Smoke > Login","specs\Smoke\1-LoginSmoke.spec.ts","",""
"","4972","Open Exceptions page loads with either exception cards or the empty-state message","chromium","Tue Sep 29 10:34:42 UTC 2026","passed","Tue Sep 29 10:34:47 UTC 2026","Exceptions — Smoke > Open Exceptions","specs\Smoke\8-ExceptionsSmoke.spec.ts","",""
"","7227","Clicking a column header sorts ascending, clicking again sorts descending","msedge","Tue Sep 29 10:19:40 UTC 2026","passed","Tue Sep 29 10:19:47 UTC 2026","Exceptions — Smoke > Exception History > Sorting","specs\Smoke\8-ExceptionsSmoke.spec.ts","",""
"","23948","Default filter auto-applies after logout and re-login","chromium","Tue Sep 29 10:33:45 UTC 2026","passed","Tue Sep 29 10:34:08 UTC 2026","Exceptions — Smoke > Exception History > Saved Filters > Default Filter","specs\Smoke\8-ExceptionsSmoke.spec.ts","",""
"","19463","Search box filters grid and clears correctly","firefox","Tue Sep 29 10:23:34 UTC 2026","passed","Tue Sep 29 10:23:53 UTC 2026","Exceptions — Smoke > Exception History > Toolbar","specs\Smoke\8-ExceptionsSmoke.spec.ts","",""
"","4354","ACH page loads correctly","chromium","Tue Sep 29 10:27:48 UTC 2026","passed","Tue Sep 29 10:27:52 UTC 2026","Application Navigation Smoke Tests > Top-level Navigation","specs\Smoke\2-NavigationSmoke.spec.ts","",""
"","4419","Typing a page number navigates to that page","chromium","Tue Sep 29 10:30:23 UTC 2026","passed","Tue Sep 29 10:30:27 UTC 2026","Issued Checks — Smoke > Pagination","specs\Smoke\4-IssuedChecksSmoke.spec.ts","",""
"","7202","Column filter popup applies a filter and Clear restores the full row set","chromium","Tue Sep 29 10:32:00 UTC 2026","passed","Tue Sep 29 10:32:07 UTC 2026","Presented Checks — Smoke > Column Filter","specs\Smoke\5-PresentedChecksSmoke.spec.ts","",""
"","6930","Search box filters grid and clears correctly","msedge","Tue Sep 29 10:18:36 UTC 2026","passed","Tue Sep 29 10:18:43 UTC 2026","Exceptions — Smoke > Exception History > Toolbar","specs\Smoke\8-ExceptionsSmoke.spec.ts","",""
"","6069","Saved Filters dropdown is visible and defaults to no preset","msedge","Tue Sep 29 10:18:49 UTC 2026","passed","Tue Sep 29 10:18:55 UTC 2026","ACH — Smoke > Saved Filters","specs\Smoke\7-ACHSmoke.spec.ts","",""
"","8999","Validate forgot password functionality with No email","firefox","Tue Sep 29 10:13:56 UTC 2026","passed","Tue Sep 29 10:14:05 UTC 2026","Login — Smoke > Forgot Password","specs\Smoke\1-LoginSmoke.spec.ts","",""
"","11694","Verify dashboard footer footnote and privacy link are visible","webkit","Tue Sep 29 10:17:16 UTC 2026","passed","Tue Sep 29 10:17:28 UTC 2026","Home Dashboard > Summary Stats","specs\Smoke\3-HomeDashboardSmoke.spec.ts","",""
"","4727","Issued Checks breadcrumb link is visible on the page","msedge","Tue Sep 29 10:17:24 UTC 2026","passed","Tue Sep 29 10:17:29 UTC 2026","Issued Checks — Smoke > Breadcrumb","specs\Smoke\4-IssuedChecksSmoke.spec.ts","",""
"","9764","Validate teller presented-check form shows all required fields","webkit","Tue Sep 29 10:20:32 UTC 2026","passed","Tue Sep 29 10:20:42 UTC 2026","Teller — Smoke > Add Check Form","specs\Smoke\6-TellerSmoke.spec.ts","",""
"","8587","""Delete"" on a row shows a confirm modal; Cancel dismisses it without deleting","chromium","Tue Sep 29 10:34:01 UTC 2026","passed","Tue Sep 29 10:34:09 UTC 2026","ACH — Smoke > Row Actions","specs\Smoke\7-ACHSmoke.spec.ts","",""
"","17037","Previous page button returns to page 1, First page button re-enables disabled state","webkit","Tue Sep 29 10:22:46 UTC 2026","passed","Tue Sep 29 10:23:03 UTC 2026","ACH — Smoke > Pagination","specs\Smoke\7-ACHSmoke.spec.ts","",""
"","3803","Users sub-page loads correctly","msedge","Tue Sep 29 10:13:54 UTC 2026","passed","Tue Sep 29 10:13:58 UTC 2026","Application Navigation Smoke Tests > Settings Sub-navigation","specs\Smoke\2-NavigationSmoke.spec.ts","",""
"","7668","Issued Checks breadcrumb link is visible on the page","chromium","Tue Sep 29 10:31:43 UTC 2026","passed","Tue Sep 29 10:31:51 UTC 2026","Issued Checks — Smoke > Breadcrumb","specs\Smoke\4-IssuedChecksSmoke.spec.ts","",""
"","10374","Verify tab-specific charts are hidden for opposite tab","webkit","Tue Sep 29 10:16:35 UTC 2026","passed","Tue Sep 29 10:16:45 UTC 2026","Home Dashboard > Dashboard Chart Headings","specs\Smoke\3-HomeDashboardSmoke.spec.ts","",""
"","7588","Saved Filters dropdown is visible and defaults to no preset","chromium","Tue Sep 29 10:33:25 UTC 2026","passed","Tue Sep 29 10:33:33 UTC 2026","Exceptions — Smoke > Exception History > Saved Filters","specs\Smoke\8-ExceptionsSmoke.spec.ts","",""
"","10694","Excel export button is visible and enabled","webkit","Tue Sep 29 10:21:50 UTC 2026","passed","Tue Sep 29 10:22:00 UTC 2026","ACH — Smoke > Toolbar","specs\Smoke\7-ACHSmoke.spec.ts","",""
"","8467","Page size change to 10 updates pagination info in bottom-right pager","webkit","Tue Sep 29 10:17:37 UTC 2026","passed","Tue Sep 29 10:17:45 UTC 2026","Issued Checks — Smoke > Pagination","specs\Smoke\4-IssuedChecksSmoke.spec.ts","",""
"","6982","""View"" (Change Log) link on a row navigates to the entity log","chromium","Tue Sep 29 10:33:54 UTC 2026","passed","Tue Sep 29 10:34:01 UTC 2026","ACH — Smoke > Row Actions","specs\Smoke\7-ACHSmoke.spec.ts","",""
"","5953","Search box filters grid and clears correctly","chromium","Tue Sep 29 10:29:56 UTC 2026","passed","Tue Sep 29 10:30:02 UTC 2026","Issued Checks — Smoke > Toolbar","specs\Smoke\4-IssuedChecksSmoke.spec.ts","",""
"","7774","Web Hooks sub-page loads correctly","webkit","Tue Sep 29 10:16:19 UTC 2026","passed","Tue Sep 29 10:16:27 UTC 2026","Application Navigation Smoke Tests > Settings Sub-navigation","specs\Smoke\2-NavigationSmoke.spec.ts","",""
"","2773","Pre-Decisions page loads with either records or the empty-state message","msedge","Tue Sep 29 10:20:28 UTC 2026","passed","Tue Sep 29 10:20:31 UTC 2026","Exceptions — Smoke > Pre-Decisions","specs\Smoke\8-ExceptionsSmoke.spec.ts","",""
"","11383","Typing a page number navigates to that page","firefox","Tue Sep 29 10:20:26 UTC 2026","passed","Tue Sep 29 10:20:37 UTC 2026","Presented Checks — Smoke > Pagination","specs\Smoke\5-PresentedChecksSmoke.spec.ts","",""
"","9011","Issued Checks breadcrumb link is visible on the page","webkit","Tue Sep 29 10:20:23 UTC 2026","passed","Tue Sep 29 10:20:32 UTC 2026","Issued Checks — Smoke > Breadcrumb","specs\Smoke\4-IssuedChecksSmoke.spec.ts","",""
"","10593","Grid loads with data rows and key column headers","webkit","Tue Sep 29 10:18:54 UTC 2026","passed","Tue Sep 29 10:19:05 UTC 2026","Presented Checks — Smoke > Grid","specs\Smoke\5-PresentedChecksSmoke.spec.ts","",""
"","22643","Grid loads with data rows and key column headers","firefox","Tue Sep 29 10:18:02 UTC 2026","passed","Tue Sep 29 10:18:25 UTC 2026","Issued Checks — Smoke > Grid","specs\Smoke\4-IssuedChecksSmoke.spec.ts","",""
"","10141","Presented Checks breadcrumb link is visible on the page","webkit","Tue Sep 29 10:22:46 UTC 2026","passed","Tue Sep 29 10:22:56 UTC 2026","Presented Checks — Smoke > Breadcrumb","specs\Smoke\5-PresentedChecksSmoke.spec.ts","",""
"","5466","Verify ACH Only tab shows ACH-specific chart sections","chromium","Tue Sep 29 10:28:59 UTC 2026","passed","Tue Sep 29 10:29:04 UTC 2026","Home Dashboard > Dashboard Chart Headings","specs\Smoke\3-HomeDashboardSmoke.spec.ts","",""
"","17385","Save a filter preset, verify it is auto-selected, then delete it","firefox","Tue Sep 29 10:20:40 UTC 2026","passed","Tue Sep 29 10:20:57 UTC 2026","Issued Checks — Smoke > Saved Filters","specs\Smoke\4-IssuedChecksSmoke.spec.ts","",""
"","5645","Typing a page number navigates to that page","msedge","Tue Sep 29 10:19:08 UTC 2026","passed","Tue Sep 29 10:19:13 UTC 2026","Exceptions — Smoke > Exception History > Pagination","specs\Smoke\8-ExceptionsSmoke.spec.ts","",""
"","7092","""+ Add ACH"" navigates to the add-ACH form","msedge","Tue Sep 29 10:17:52 UTC 2026","passed","Tue Sep 29 10:17:59 UTC 2026","ACH — Smoke > Navigation","specs\Smoke\7-ACHSmoke.spec.ts","",""
"","4254","Default filter auto-applies after logout and re-login","msedge","Tue Sep 29 10:16:49 UTC 2026","skipped","Tue Sep 29 10:16:53 UTC 2026","Issued Checks — Smoke > Saved Filters > Default Filter","specs\Smoke\4-IssuedChecksSmoke.spec.ts","",""
"","22334","Save a filter preset, verify it is auto-selected, then delete it","webkit","Tue Sep 29 10:21:04 UTC 2026","passed","Tue Sep 29 10:21:26 UTC 2026","Presented Checks — Smoke > Saved Filters","specs\Smoke\5-PresentedChecksSmoke.spec.ts","",""
"","5917","Billing Reports sub-page loads correctly","firefox","Tue Sep 29 10:15:38 UTC 2026","passed","Tue Sep 29 10:15:44 UTC 2026","Application Navigation Smoke Tests > Settings Sub-navigation","specs\Smoke\2-NavigationSmoke.spec.ts","",""
"","9689","Verify navigation to ACH via nav menu","firefox","Tue Sep 29 10:18:12 UTC 2026","passed","Tue Sep 29 10:18:21 UTC 2026","Home Dashboard > Navigation from Dashboard","specs\Smoke\3-HomeDashboardSmoke.spec.ts","",""
"","6850","Validate Login functionality with veryLongInput","firefox","Tue Sep 29 10:13:41 UTC 2026","passed","Tue Sep 29 10:13:48 UTC 2026","Login — Smoke > Login","specs\Smoke\1-LoginSmoke.spec.ts","",""
"","11382","Exception History grid loads with data rows and key column headers","webkit","Tue Sep 29 10:22:56 UTC 2026","passed","Tue Sep 29 10:23:08 UTC 2026","Exceptions — Smoke > Exception History > Grid","specs\Smoke\8-ExceptionsSmoke.spec.ts","",""
"","14475","Verify dashboard tab checked state updates correctly","webkit","Tue Sep 29 10:16:09 UTC 2026","passed","Tue Sep 29 10:16:23 UTC 2026","Home Dashboard > Dashboard Chart Headings","specs\Smoke\3-HomeDashboardSmoke.spec.ts","",""
"","9239","""+ Add Check"" navigates to the add-check form","webkit","Tue Sep 29 10:19:17 UTC 2026","passed","Tue Sep 29 10:19:26 UTC 2026","Presented Checks — Smoke > Navigation","specs\Smoke\5-PresentedChecksSmoke.spec.ts","",""
"","7017","Page size change to 10 updates pagination info in bottom-right pager","chromium","Tue Sep 29 10:32:52 UTC 2026","passed","Tue Sep 29 10:32:59 UTC 2026","Exceptions — Smoke > Exception History > Pagination","specs\Smoke\8-ExceptionsSmoke.spec.ts","",""
"","16728","Check Approval Rules sub-page loads correctly","firefox","Tue Sep 29 10:16:29 UTC 2026","passed","Tue Sep 29 10:16:46 UTC 2026","Application Navigation Smoke Tests > Settings Sub-navigation","specs\Smoke\2-NavigationSmoke.spec.ts","",""
"","5631","Search box filters grid and clears correctly","chromium","Tue Sep 29 10:32:22 UTC 2026","passed","Tue Sep 29 10:32:28 UTC 2026","ACH — Smoke > Toolbar","specs\Smoke\7-ACHSmoke.spec.ts","",""
"","4420","Exceptions breadcrumb link is visible on the page","webkit","Tue Sep 29 10:25:53 UTC 2026","passed","Tue Sep 29 10:25:57 UTC 2026","Exceptions — Smoke > Exception History > Breadcrumb","specs\Smoke\8-ExceptionsSmoke.spec.ts","",""
"","4394","Notification Templates sub-page loads correctly","chromium","Tue Sep 29 10:28:38 UTC 2026","passed","Tue Sep 29 10:28:43 UTC 2026","Application Navigation Smoke Tests > Settings Sub-navigation","specs\Smoke\2-NavigationSmoke.spec.ts","",""
"","6017","Home page is accessible and shows dashboard","chromium","Tue Sep 29 10:27:19 UTC 2026","passed","Tue Sep 29 10:27:25 UTC 2026","Application Navigation Smoke Tests > Top-level Navigation","specs\Smoke\2-NavigationSmoke.spec.ts","",""
"","10819","Pay/Return decision badge navigates to exception history","chromium","Tue Sep 29 10:34:09 UTC 2026","passed","Tue Sep 29 10:34:20 UTC 2026","ACH — Smoke > Row Actions","specs\Smoke\7-ACHSmoke.spec.ts","",""
"","15433","Previous page button returns to page 1, First page button re-enables disabled state","firefox","Tue Sep 29 10:20:37 UTC 2026","passed","Tue Sep 29 10:20:53 UTC 2026","Presented Checks — Smoke > Pagination","specs\Smoke\5-PresentedChecksSmoke.spec.ts","",""
"","11550","Validate Login functionality with correctCredentials","webkit","Tue Sep 29 10:11:47 UTC 2026","passed","Tue Sep 29 10:11:58 UTC 2026","Login — Smoke > Login","specs\Smoke\1-LoginSmoke.spec.ts","",""
"","4574","Excel export button is visible and enabled","chromium","Tue Sep 29 10:30:02 UTC 2026","passed","Tue Sep 29 10:30:07 UTC 2026","Issued Checks — Smoke > Toolbar","specs\Smoke\4-IssuedChecksSmoke.spec.ts","",""
"","12057","Typing a page number navigates to that page","webkit","Tue Sep 29 10:18:11 UTC 2026","passed","Tue Sep 29 10:18:23 UTC 2026","Issued Checks — Smoke > Pagination","specs\Smoke\4-IssuedChecksSmoke.spec.ts","",""
"","14836","Search box filters grid and clears correctly","firefox","Tue Sep 29 10:18:57 UTC 2026","passed","Tue Sep 29 10:19:12 UTC 2026","Issued Checks — Smoke > Toolbar","specs\Smoke\4-IssuedChecksSmoke.spec.ts","",""
"","5730","""Edit"" link on a row navigates to the check edit form","msedge","Tue Sep 29 10:17:06 UTC 2026","passed","Tue Sep 29 10:17:12 UTC 2026","Issued Checks — Smoke > Row Actions","specs\Smoke\4-IssuedChecksSmoke.spec.ts","",""
"","4707","Typing a page number navigates to that page","msedge","Tue Sep 29 10:16:21 UTC 2026","passed","Tue Sep 29 10:16:26 UTC 2026","Issued Checks — Smoke > Pagination","specs\Smoke\4-IssuedChecksSmoke.spec.ts","",""
"","23673","Save a filter preset, verify it is auto-selected, then delete it","webkit","Tue Sep 29 10:24:53 UTC 2026","passed","Tue Sep 29 10:25:17 UTC 2026","Exceptions — Smoke > Exception History > Saved Filters","specs\Smoke\8-ExceptionsSmoke.spec.ts","",""
"","8539","ACH breadcrumb link is visible on the page","chromium","Tue Sep 29 10:34:20 UTC 2026","passed","Tue Sep 29 10:34:29 UTC 2026","ACH — Smoke > Breadcrumb","specs\Smoke\7-ACHSmoke.spec.ts","",""
"","19377","Notification Log sub-page loads correctly","webkit","Tue Sep 29 10:15:23 UTC 2026","passed","Tue Sep 29 10:15:42 UTC 2026","Application Navigation Smoke Tests > Settings Sub-navigation","specs\Smoke\2-NavigationSmoke.spec.ts","",""
"","9856","Excel export button is visible and enabled","firefox","Tue Sep 29 10:19:12 UTC 2026","passed","Tue Sep 29 10:19:22 UTC 2026","Issued Checks — Smoke > Toolbar","specs\Smoke\4-IssuedChecksSmoke.spec.ts","",""
"","5114","Grid loads with data rows and key column headers","chromium","Tue Sep 29 10:32:00 UTC 2026","passed","Tue Sep 29 10:32:05 UTC 2026","ACH — Smoke > Grid","specs\Smoke\7-ACHSmoke.spec.ts","",""
"","5079","""Edit"" link on a row navigates to the check edit form","chromium","Tue Sep 29 10:31:23 UTC 2026","passed","Tue Sep 29 10:31:28 UTC 2026","Issued Checks — Smoke > Row Actions","specs\Smoke\4-IssuedChecksSmoke.spec.ts","",""
"","20440","Save a filter preset, verify it is auto-selected, then delete it","firefox","Tue Sep 29 10:25:14 UTC 2026","passed","Tue Sep 29 10:25:35 UTC 2026","Exceptions — Smoke > Exception History > Saved Filters","specs\Smoke\8-ExceptionsSmoke.spec.ts","",""
"","4433","Exceptions page loads correctly","msedge","Tue Sep 29 10:13:37 UTC 2026","passed","Tue Sep 29 10:13:41 UTC 2026","Application Navigation Smoke Tests > Top-level Navigation","specs\Smoke\2-NavigationSmoke.spec.ts","",""
"","5520","Default Decision Log sub-page loads correctly","chromium","Tue Sep 29 10:29:11 UTC 2026","passed","Tue Sep 29 10:29:16 UTC 2026","Application Navigation Smoke Tests > Settings Sub-navigation","specs\Smoke\2-NavigationSmoke.spec.ts","",""
"","13385","""Uploaded ACH"" navigates to the uploads page","firefox","Tue Sep 29 10:23:11 UTC 2026","passed","Tue Sep 29 10:23:24 UTC 2026","ACH — Smoke > Navigation","specs\Smoke\7-ACHSmoke.spec.ts","",""
"","7163","Column filter menu applies a filter and Clear restores the full row set","chromium","Tue Sep 29 10:34:16 UTC 2026","passed","Tue Sep 29 10:34:23 UTC 2026","Exceptions — Smoke > Exception History > Column Filter","specs\Smoke\8-ExceptionsSmoke.spec.ts","",""
"","9526","API link is visible and points to swagger","webkit","Tue Sep 29 10:16:09 UTC 2026","passed","Tue Sep 29 10:16:19 UTC 2026","Application Navigation Smoke Tests > Settings Sub-navigation","specs\Smoke\2-NavigationSmoke.spec.ts","",""
"","3967","Validate Login functionality with missingUsername","msedge","Tue Sep 29 10:13:41 UTC 2026","passed","Tue Sep 29 10:13:45 UTC 2026","Login — Smoke > Login","specs\Smoke\1-LoginSmoke.spec.ts","",""
"","3922","Validate forgot password functionality","chromium","Tue Sep 29 10:28:12 UTC 2026","passed","Tue Sep 29 10:28:16 UTC 2026","Login — Smoke > Forgot Password","specs\Smoke\1-LoginSmoke.spec.ts","",""
"","4505","Billing Reports sub-page loads correctly","chromium","Tue Sep 29 10:28:20 UTC 2026","passed","Tue Sep 29 10:28:24 UTC 2026","Application Navigation Smoke Tests > Settings Sub-navigation","specs\Smoke\2-NavigationSmoke.spec.ts","",""
"","5186","API link is visible and points to swagger","msedge","Tue Sep 29 10:15:17 UTC 2026","passed","Tue Sep 29 10:15:23 UTC 2026","Application Navigation Smoke Tests > Settings Sub-navigation","specs\Smoke\2-NavigationSmoke.spec.ts","",""
"","7912","""View"" (Change Log) link on a row navigates to the entity log","chromium","Tue Sep 29 10:31:28 UTC 2026","passed","Tue Sep 29 10:31:36 UTC 2026","Issued Checks — Smoke > Row Actions","specs\Smoke\4-IssuedChecksSmoke.spec.ts","",""
"","18820","Previous page button returns to page 1, First page button re-enables disabled state","webkit","Tue Sep 29 10:18:23 UTC 2026","passed","Tue Sep 29 10:18:42 UTC 2026","Issued Checks — Smoke > Pagination","specs\Smoke\4-IssuedChecksSmoke.spec.ts","",""
"","9477","Saved Filters dropdown is visible and defaults to no preset","webkit","Tue Sep 29 10:23:03 UTC 2026","passed","Tue Sep 29 10:23:12 UTC 2026","ACH — Smoke > Saved Filters","specs\Smoke\7-ACHSmoke.spec.ts","",""
"","8845","Previous page button returns to page 1, First page button re-enables disabled state","chromium","Tue Sep 29 10:33:17 UTC 2026","passed","Tue Sep 29 10:33:25 UTC 2026","Exceptions — Smoke > Exception History > Pagination","specs\Smoke\8-ExceptionsSmoke.spec.ts","",""
"","5036","Decision badge on an already-reviewed row is blocked with a system message","msedge","Tue Sep 29 10:20:02 UTC 2026","passed","Tue Sep 29 10:20:07 UTC 2026","Exceptions — Smoke > Exception History > Row Actions","specs\Smoke\8-ExceptionsSmoke.spec.ts","",""
"","5318","Typing a page number navigates to that page","msedge","Tue Sep 29 10:18:36 UTC 2026","passed","Tue Sep 29 10:18:41 UTC 2026","ACH — Smoke > Pagination","specs\Smoke\7-ACHSmoke.spec.ts","",""
"","5013","Home page is accessible and shows dashboard","msedge","Tue Sep 29 10:13:04 UTC 2026","passed","Tue Sep 29 10:13:09 UTC 2026","Application Navigation Smoke Tests > Top-level Navigation","specs\Smoke\2-NavigationSmoke.spec.ts","",""
"","6477","""Delete"" on a row shows a confirm modal; Cancel dismisses it without deleting","msedge","Tue Sep 29 10:19:34 UTC 2026","passed","Tue Sep 29 10:19:40 UTC 2026","ACH — Smoke > Row Actions","specs\Smoke\7-ACHSmoke.spec.ts","",""
"","10566","Verify ACH Only tab shows ACH-specific chart sections","webkit","Tue Sep 29 10:15:58 UTC 2026","passed","Tue Sep 29 10:16:09 UTC 2026","Home Dashboard > Dashboard Chart Headings","specs\Smoke\3-HomeDashboardSmoke.spec.ts","",""
"","4506","Verify Combined View shows all chart sections","chromium","Tue Sep 29 10:28:49 UTC 2026","passed","Tue Sep 29 10:28:53 UTC 2026","Home Dashboard > Dashboard Chart Headings","specs\Smoke\3-HomeDashboardSmoke.spec.ts","",""
"","5115","""+ Add ACH"" navigates to the add-ACH form","chromium","Tue Sep 29 10:32:12 UTC 2026","passed","Tue Sep 29 10:32:17 UTC 2026","ACH — Smoke > Navigation","specs\Smoke\7-ACHSmoke.spec.ts","",""
"","10878","Account Settings sub-page loads correctly","firefox","Tue Sep 29 10:14:15 UTC 2026","passed","Tue Sep 29 10:14:26 UTC 2026","Application Navigation Smoke Tests > Settings Sub-navigation","specs\Smoke\2-NavigationSmoke.spec.ts","",""
"","23875","Pay/Return decision badge navigates to exception history","firefox","Tue Sep 29 10:26:38 UTC 2026","passed","Tue Sep 29 10:27:02 UTC 2026","ACH — Smoke > Row Actions","specs\Smoke\7-ACHSmoke.spec.ts","",""
"","11282","Pay/Return decision badge navigates to exception history","firefox","Tue Sep 29 10:22:48 UTC 2026","passed","Tue Sep 29 10:22:59 UTC 2026","Presented Checks — Smoke > Row Actions","specs\Smoke\5-PresentedChecksSmoke.spec.ts","",""
"","5715","Verify tab-specific charts are hidden for opposite tab","msedge","Tue Sep 29 10:15:07 UTC 2026","passed","Tue Sep 29 10:15:13 UTC 2026","Home Dashboard > Dashboard Chart Headings","specs\Smoke\3-HomeDashboardSmoke.spec.ts","",""
"","12420","Next page arrow advances to page 2","webkit","Tue Sep 29 10:22:10 UTC 2026","passed","Tue Sep 29 10:22:23 UTC 2026","ACH — Smoke > Pagination","specs\Smoke\7-ACHSmoke.spec.ts","",""
"","12850","Last page arrow jumps to the final page","webkit","Tue Sep 29 10:17:58 UTC 2026","passed","Tue Sep 29 10:18:11 UTC 2026","Issued Checks — Smoke > Pagination","specs\Smoke\4-IssuedChecksSmoke.spec.ts","",""
"","6674","Clicking a column header sorts ascending, clicking again sorts descending","webkit","Tue Sep 29 10:25:18 UTC 2026","passed","Tue Sep 29 10:25:25 UTC 2026","Exceptions — Smoke > Exception History > Sorting","specs\Smoke\8-ExceptionsSmoke.spec.ts","",""
"","10258","Holiday Schedules sub-page loads correctly","webkit","Tue Sep 29 10:13:49 UTC 2026","passed","Tue Sep 29 10:13:59 UTC 2026","Application Navigation Smoke Tests > Settings Sub-navigation","specs\Smoke\2-NavigationSmoke.spec.ts","",""
"","6020","Grid View toggle navigates to the open-exceptions grid and shows key column headers","webkit","Tue Sep 29 10:26:08 UTC 2026","passed","Tue Sep 29 10:26:14 UTC 2026","Exceptions — Smoke > Open Exceptions","specs\Smoke\8-ExceptionsSmoke.spec.ts","",""
"","8007","Validate Login functionality with sqlInjection","webkit","Tue Sep 29 10:13:02 UTC 2026","passed","Tue Sep 29 10:13:10 UTC 2026","Login — Smoke > Login","specs\Smoke\1-LoginSmoke.spec.ts","",""
"","9873","Excel export button is visible and enabled","webkit","Tue Sep 29 10:19:51 UTC 2026","passed","Tue Sep 29 10:20:00 UTC 2026","Presented Checks — Smoke > Toolbar","specs\Smoke\5-PresentedChecksSmoke.spec.ts","",""
"","11813","Verify navigation to Presented Checks via nav menu","webkit","Tue Sep 29 10:18:06 UTC 2026","passed","Tue Sep 29 10:18:18 UTC 2026","Home Dashboard > Navigation from Dashboard","specs\Smoke\3-HomeDashboardSmoke.spec.ts","",""
"","21564","Default filter auto-applies after logout and re-login","chromium","Tue Sep 29 10:30:47 UTC 2026","passed","Tue Sep 29 10:31:09 UTC 2026","Issued Checks — Smoke > Saved Filters > Default Filter","specs\Smoke\4-IssuedChecksSmoke.spec.ts","",""
"","13038","Clicking a column header sorts ascending, clicking again sorts descending","webkit","Tue Sep 29 10:21:34 UTC 2026","passed","Tue Sep 29 10:21:47 UTC 2026","Presented Checks — Smoke > Sorting","specs\Smoke\5-PresentedChecksSmoke.spec.ts","",""
"","10858","Saved Filters dropdown is visible and defaults to no preset","webkit","Tue Sep 29 10:24:42 UTC 2026","passed","Tue Sep 29 10:24:53 UTC 2026","Exceptions — Smoke > Exception History > Saved Filters","specs\Smoke\8-ExceptionsSmoke.spec.ts","",""
"","9611","Verify navigation to Issued Checks via nav menu","firefox","Tue Sep 29 10:17:52 UTC 2026","passed","Tue Sep 29 10:18:02 UTC 2026","Home Dashboard > Navigation from Dashboard","specs\Smoke\3-HomeDashboardSmoke.spec.ts","",""
"","11322","Clicking a column header sorts ascending, clicking again sorts descending","firefox","Tue Sep 29 10:21:41 UTC 2026","passed","Tue Sep 29 10:21:52 UTC 2026","Presented Checks — Smoke > Sorting","specs\Smoke\5-PresentedChecksSmoke.spec.ts","",""
"","12372","Page size change to 10 updates pagination info in bottom-right pager","firefox","Tue Sep 29 10:24:04 UTC 2026","passed","Tue Sep 29 10:24:16 UTC 2026","Exceptions — Smoke > Exception History > Pagination","specs\Smoke\8-ExceptionsSmoke.spec.ts","",""
"","9874","Settings page loads correctly","firefox","Tue Sep 29 10:14:05 UTC 2026","passed","Tue Sep 29 10:14:15 UTC 2026","Application Navigation Smoke Tests > Top-level Navigation","specs\Smoke\2-NavigationSmoke.spec.ts","",""
"","11458","Excel export button is visible and enabled","firefox","Tue Sep 29 10:23:37 UTC 2026","passed","Tue Sep 29 10:23:48 UTC 2026","ACH — Smoke > Toolbar","specs\Smoke\7-ACHSmoke.spec.ts","",""
"","11447","Next page arrow advances to page 2","webkit","Tue Sep 29 10:23:49 UTC 2026","passed","Tue Sep 29 10:24:00 UTC 2026","Exceptions — Smoke > Exception History > Pagination","specs\Smoke\8-ExceptionsSmoke.spec.ts","",""
"","4333","API link is visible and points to swagger","chromium","Tue Sep 29 10:29:27 UTC 2026","passed","Tue Sep 29 10:29:31 UTC 2026","Application Navigation Smoke Tests > Settings Sub-navigation","specs\Smoke\2-NavigationSmoke.spec.ts","",""
"","20464","Typing a page number navigates to that page","firefox","Tue Sep 29 10:24:27 UTC 2026","passed","Tue Sep 29 10:24:47 UTC 2026","ACH — Smoke > Pagination","specs\Smoke\7-ACHSmoke.spec.ts","",""
"","14525","""Edit"" link on a row navigates to the check edit form","firefox","Tue Sep 29 10:22:09 UTC 2026","passed","Tue Sep 29 10:22:23 UTC 2026","Presented Checks — Smoke > Row Actions","specs\Smoke\5-PresentedChecksSmoke.spec.ts","",""
"","10165","Validate Login functionality with correctCredentials","msedge","Tue Sep 29 10:13:04 UTC 2026","passed","Tue Sep 29 10:13:14 UTC 2026","Login — Smoke > Login","specs\Smoke\1-LoginSmoke.spec.ts","",""
"","21993","Save a filter preset, verify it is auto-selected, then delete it","webkit","Tue Sep 29 10:18:53 UTC 2026","passed","Tue Sep 29 10:19:15 UTC 2026","Issued Checks — Smoke > Saved Filters","specs\Smoke\4-IssuedChecksSmoke.spec.ts","",""
"","12408","Page size change to 10 updates pagination info in bottom-right pager","firefox","Tue Sep 29 10:23:48 UTC 2026","passed","Tue Sep 29 10:24:01 UTC 2026","ACH — Smoke > Pagination","specs\Smoke\7-ACHSmoke.spec.ts","",""
"","5538","Typing a page number navigates to that page","chromium","Tue Sep 29 10:33:11 UTC 2026","passed","Tue Sep 29 10:33:17 UTC 2026","Exceptions — Smoke > Exception History > Pagination","specs\Smoke\8-ExceptionsSmoke.spec.ts","",""
"","9575","Default filter auto-applies after logout and re-login","webkit","Tue Sep 29 10:23:34 UTC 2026","skipped","Tue Sep 29 10:23:44 UTC 2026","ACH — Smoke > Saved Filters > Default Filter","specs\Smoke\7-ACHSmoke.spec.ts","",""
"","6353","Verify chart title changes with selected tab","chromium","Tue Sep 29 10:29:10 UTC 2026","passed","Tue Sep 29 10:29:16 UTC 2026","Home Dashboard > Dashboard Chart Headings","specs\Smoke\3-HomeDashboardSmoke.spec.ts","",""
"","17992","Column filter popup applies a filter and Clear restores the full row set","webkit","Tue Sep 29 10:23:56 UTC 2026","passed","Tue Sep 29 10:24:14 UTC 2026","ACH — Smoke > Column Filter","specs\Smoke\7-ACHSmoke.spec.ts","",""
"","6134","Excel export button is visible and enabled","chromium","Tue Sep 29 10:30:46 UTC 2026","passed","Tue Sep 29 10:30:52 UTC 2026","Presented Checks — Smoke > Toolbar","specs\Smoke\5-PresentedChecksSmoke.spec.ts","",""
"","3365","Approvals page loads with either records or the empty-state message","webkit","Tue Sep 29 10:26:14 UTC 2026","passed","Tue Sep 29 10:26:17 UTC 2026","Exceptions — Smoke > Approvals","specs\Smoke\8-ExceptionsSmoke.spec.ts","",""
"","9178","Validate forgot password with unregistered email","firefox","Tue Sep 29 10:14:05 UTC 2026","passed","Tue Sep 29 10:14:14 UTC 2026","Login — Smoke > Forgot Password","specs\Smoke\1-LoginSmoke.spec.ts","",""
"","2853","Exceptions breadcrumb link is visible on the page","chromium","Tue Sep 29 10:34:34 UTC 2026","passed","Tue Sep 29 10:34:37 UTC 2026","Exceptions — Smoke > Exception History > Breadcrumb","specs\Smoke\8-ExceptionsSmoke.spec.ts","",""
"","17160","""View"" link on a row opens the Exception Details dialog","firefox","Tue Sep 29 10:26:13 UTC 2026","passed","Tue Sep 29 10:26:30 UTC 2026","Exceptions — Smoke > Exception History > Row Actions","specs\Smoke\8-ExceptionsSmoke.spec.ts","",""
"","4825","""Delete"" on a row shows a confirm modal; Cancel dismisses it without deleting","chromium","Tue Sep 29 10:32:16 UTC 2026","passed","Tue Sep 29 10:32:21 UTC 2026","Presented Checks — Smoke > Row Actions","specs\Smoke\5-PresentedChecksSmoke.spec.ts","",""
"","9907","Page size change to 10 updates pagination info in bottom-right pager","webkit","Tue Sep 29 10:22:00 UTC 2026","passed","Tue Sep 29 10:22:10 UTC 2026","ACH — Smoke > Pagination","specs\Smoke\7-ACHSmoke.spec.ts","",""
"","6031","Page size change to 10 updates pagination info in bottom-right pager","msedge","Tue Sep 29 10:16:53 UTC 2026","passed","Tue Sep 29 10:16:59 UTC 2026","Presented Checks — Smoke > Pagination","specs\Smoke\5-PresentedChecksSmoke.spec.ts","",""
"","10016","Last page arrow jumps to the final page","webkit","Tue Sep 29 10:20:20 UTC 2026","passed","Tue Sep 29 10:20:30 UTC 2026","Presented Checks — Smoke > Pagination","specs\Smoke\5-PresentedChecksSmoke.spec.ts","",""
"","8551","Validate Login functionality with emptyFields","webkit","Tue Sep 29 10:12:34 UTC 2026","passed","Tue Sep 29 10:12:43 UTC 2026","Login — Smoke > Login","specs\Smoke\1-LoginSmoke.spec.ts","",""
"","4636","Verify profile menu shows My Info and Logout links","chromium","Tue Sep 29 10:29:41 UTC 2026","passed","Tue Sep 29 10:29:46 UTC 2026","Home Dashboard > Summary Stats","specs\Smoke\3-HomeDashboardSmoke.spec.ts","",""
"","10532","Saved Filters dropdown is visible and defaults to no preset","webkit","Tue Sep 29 10:18:42 UTC 2026","passed","Tue Sep 29 10:18:52 UTC 2026","Issued Checks — Smoke > Saved Filters","specs\Smoke\4-IssuedChecksSmoke.spec.ts","",""
"","8509","Save a filter preset, verify it is auto-selected, then delete it","chromium","Tue Sep 29 10:31:28 UTC 2026","passed","Tue Sep 29 10:31:36 UTC 2026","Presented Checks — Smoke > Saved Filters","specs\Smoke\5-PresentedChecksSmoke.spec.ts","",""
"","10171","Previous page button returns to page 1, First page button re-enables disabled state","msedge","Tue Sep 29 10:19:13 UTC 2026","passed","Tue Sep 29 10:19:24 UTC 2026","Exceptions — Smoke > Exception History > Pagination","specs\Smoke\8-ExceptionsSmoke.spec.ts","",""
"","10232","""View"" link on a row opens the Exception Details dialog","webkit","Tue Sep 29 10:25:34 UTC 2026","passed","Tue Sep 29 10:25:45 UTC 2026","Exceptions — Smoke > Exception History > Row Actions","specs\Smoke\8-ExceptionsSmoke.spec.ts","",""
"","33408","Home page is accessible and shows dashboard","firefox","Tue Sep 29 10:12:23 UTC 2026","passed","Tue Sep 29 10:12:56 UTC 2026","Application Navigation Smoke Tests > Top-level Navigation","specs\Smoke\2-NavigationSmoke.spec.ts","",""
"","7663","Teller page loads correctly","firefox","Tue Sep 29 10:13:37 UTC 2026","passed","Tue Sep 29 10:13:44 UTC 2026","Application Navigation Smoke Tests > Top-level Navigation","specs\Smoke\2-NavigationSmoke.spec.ts","",""
"","5669","Verify ACH Only tab shows ACH-specific chart sections","msedge","Tue Sep 29 10:14:47 UTC 2026","passed","Tue Sep 29 10:14:53 UTC 2026","Home Dashboard > Dashboard Chart Headings","specs\Smoke\3-HomeDashboardSmoke.spec.ts","",""
"","12631","Last page arrow jumps to the final page","webkit","Tue Sep 29 10:24:00 UTC 2026","passed","Tue Sep 29 10:24:13 UTC 2026","Exceptions — Smoke > Exception History > Pagination","specs\Smoke\8-ExceptionsSmoke.spec.ts","",""
"","10090","Last page arrow jumps to the final page","webkit","Tue Sep 29 10:22:23 UTC 2026","passed","Tue Sep 29 10:22:33 UTC 2026","ACH — Smoke > Pagination","specs\Smoke\7-ACHSmoke.spec.ts","",""
"","4811","Verify navigation to Exceptions via nav menu","chromium","Tue Sep 29 10:30:06 UTC 2026","passed","Tue Sep 29 10:30:11 UTC 2026","Home Dashboard > Navigation from Dashboard","specs\Smoke\3-HomeDashboardSmoke.spec.ts","",""
"","4937","File Formats sub-page loads correctly","msedge","Tue Sep 29 10:14:22 UTC 2026","passed","Tue Sep 29 10:14:27 UTC 2026","Application Navigation Smoke Tests > Settings Sub-navigation","specs\Smoke\2-NavigationSmoke.spec.ts","",""
"","6712","Notification Log sub-page loads correctly","msedge","Tue Sep 29 10:14:52 UTC 2026","passed","Tue Sep 29 10:14:59 UTC 2026","Application Navigation Smoke Tests > Settings Sub-navigation","specs\Smoke\2-NavigationSmoke.spec.ts","",""
"","6052","Decision Files sub-page loads correctly","chromium","Tue Sep 29 10:28:24 UTC 2026","passed","Tue Sep 29 10:28:31 UTC 2026","Application Navigation Smoke Tests > Settings Sub-navigation","specs\Smoke\2-NavigationSmoke.spec.ts","",""
"","4361","Verify summary KPI values have expected number formats","chromium","Tue Sep 29 10:29:27 UTC 2026","passed","Tue Sep 29 10:29:31 UTC 2026","Home Dashboard > Summary Stats","specs\Smoke\3-HomeDashboardSmoke.spec.ts","",""
"","6283","Next page arrow advances to page 2","msedge","Tue Sep 29 10:16:09 UTC 2026","passed","Tue Sep 29 10:16:15 UTC 2026","Issued Checks — Smoke > Pagination","specs\Smoke\4-IssuedChecksSmoke.spec.ts","",""
"","22072","Validate Login functionality with correctCredentials","firefox","Tue Sep 29 10:12:23 UTC 2026","passed","Tue Sep 29 10:12:45 UTC 2026","Login — Smoke > Login","specs\Smoke\1-LoginSmoke.spec.ts","",""
"","6429","Next page arrow advances to page 2","msedge","Tue Sep 29 10:18:24 UTC 2026","passed","Tue Sep 29 10:18:31 UTC 2026","ACH — Smoke > Pagination","specs\Smoke\7-ACHSmoke.spec.ts","",""
"","5321","Clicking a column header sorts ascending, clicking again sorts descending","msedge","Tue Sep 29 10:19:13 UTC 2026","passed","Tue Sep 29 10:19:18 UTC 2026","ACH — Smoke > Sorting","specs\Smoke\7-ACHSmoke.spec.ts","",""
"","11735","""Delete"" on a row shows a confirm modal; Cancel dismisses it without deleting","webkit","Tue Sep 29 10:22:23 UTC 2026","passed","Tue Sep 29 10:22:35 UTC 2026","Presented Checks — Smoke > Row Actions","specs\Smoke\5-PresentedChecksSmoke.spec.ts","",""
"","7414","Validate forgot password functionality","firefox","Tue Sep 29 10:13:48 UTC 2026","passed","Tue Sep 29 10:13:55 UTC 2026","Login — Smoke > Forgot Password","specs\Smoke\1-LoginSmoke.spec.ts","",""
"","8020","Validate unauthenticated access to protected route is redirected to login","firefox","Tue Sep 29 10:14:26 UTC 2026","passed","Tue Sep 29 10:14:34 UTC 2026","Login — Smoke > Session & Security","specs\Smoke\1-LoginSmoke.spec.ts","",""
"","5577","Verify dashboard loads after successful login","firefox","Tue Sep 29 10:14:34 UTC 2026","passed","Tue Sep 29 10:14:40 UTC 2026","Home Dashboard > Page Load","specs\Smoke\3-HomeDashboardSmoke.spec.ts","",""
"","6996","""Delete"" on a row shows a confirm modal; Cancel dismisses it without deleting","msedge","Tue Sep 29 10:17:17 UTC 2026","passed","Tue Sep 29 10:17:24 UTC 2026","Issued Checks — Smoke > Row Actions","specs\Smoke\4-IssuedChecksSmoke.spec.ts","",""
"","6976","Verify delayed data note and force refresh link are visible on dashboard","msedge","Tue Sep 29 10:15:23 UTC 2026","passed","Tue Sep 29 10:15:30 UTC 2026","Home Dashboard > Summary Stats","specs\Smoke\3-HomeDashboardSmoke.spec.ts","",""
"","5895","Last page arrow jumps to the final page","msedge","Tue Sep 29 10:16:15 UTC 2026","passed","Tue Sep 29 10:16:21 UTC 2026","Issued Checks — Smoke > Pagination","specs\Smoke\4-IssuedChecksSmoke.spec.ts","",""
"","4193","Validate Login functionality with missingUsername","chromium","Tue Sep 29 10:27:56 UTC 2026","passed","Tue Sep 29 10:28:00 UTC 2026","Login — Smoke > Login","specs\Smoke\1-LoginSmoke.spec.ts","",""
"","4965","Page size change to 10 updates pagination info in bottom-right pager","msedge","Tue Sep 29 10:16:04 UTC 2026","passed","Tue Sep 29 10:16:09 UTC 2026","Issued Checks — Smoke > Pagination","specs\Smoke\4-IssuedChecksSmoke.spec.ts","",""
"","1347","Default filter auto-applies after logout and re-login","webkit","Tue Sep 29 10:25:17 UTC 2026","skipped","Tue Sep 29 10:25:18 UTC 2026","Exceptions — Smoke > Exception History > Saved Filters > Default Filter","specs\Smoke\8-ExceptionsSmoke.spec.ts","",""
"","4624","Notification Templates sub-page loads correctly","msedge","Tue Sep 29 10:14:27 UTC 2026","passed","Tue Sep 29 10:14:31 UTC 2026","Application Navigation Smoke Tests > Settings Sub-navigation","specs\Smoke\2-NavigationSmoke.spec.ts","",""
"","17644","ACH Approval Rules sub-page loads correctly","webkit","Tue Sep 29 10:15:05 UTC 2026","passed","Tue Sep 29 10:15:23 UTC 2026","Application Navigation Smoke Tests > Settings Sub-navigation","specs\Smoke\2-NavigationSmoke.spec.ts","",""
"","4602","Typing a page number navigates to that page","chromium","Tue Sep 29 10:32:48 UTC 2026","passed","Tue Sep 29 10:32:52 UTC 2026","ACH — Smoke > Pagination","specs\Smoke\7-ACHSmoke.spec.ts","",""
"","7312","""Delete"" on a row shows a confirm modal; Cancel dismisses it without deleting","chromium","Tue Sep 29 10:31:36 UTC 2026","passed","Tue Sep 29 10:31:43 UTC 2026","Issued Checks — Smoke > Row Actions","specs\Smoke\4-IssuedChecksSmoke.spec.ts","",""
"","4918","Typing a page number navigates to that page","chromium","Tue Sep 29 10:31:09 UTC 2026","passed","Tue Sep 29 10:31:14 UTC 2026","Presented Checks — Smoke > Pagination","specs\Smoke\5-PresentedChecksSmoke.spec.ts","",""
"","5689","Grid loads with data rows and key column headers","msedge","Tue Sep 29 10:15:28 UTC 2026","passed","Tue Sep 29 10:15:34 UTC 2026","Issued Checks — Smoke > Grid","specs\Smoke\4-IssuedChecksSmoke.spec.ts","",""
"","7910","Validate Login functionality with veryLongInput","webkit","Tue Sep 29 10:13:19 UTC 2026","passed","Tue Sep 29 10:13:26 UTC 2026","Login — Smoke > Login","specs\Smoke\1-LoginSmoke.spec.ts","",""
"","5160","Verify profile menu shows My Info and Logout links","msedge","Tue Sep 29 10:15:34 UTC 2026","passed","Tue Sep 29 10:15:40 UTC 2026","Home Dashboard > Summary Stats","specs\Smoke\3-HomeDashboardSmoke.spec.ts","",""
"","16218","Default filter auto-applies after logout and re-login","firefox","Tue Sep 29 10:21:25 UTC 2026","skipped","Tue Sep 29 10:21:41 UTC 2026","Presented Checks — Smoke > Saved Filters > Default Filter","specs\Smoke\5-PresentedChecksSmoke.spec.ts","",""
"","4255","Holiday Schedules sub-page loads correctly","msedge","Tue Sep 29 10:14:17 UTC 2026","passed","Tue Sep 29 10:14:22 UTC 2026","Application Navigation Smoke Tests > Settings Sub-navigation","specs\Smoke\2-NavigationSmoke.spec.ts","",""
"","6748","Validate session persists after page refresh","chromium","Tue Sep 29 10:28:24 UTC 2026","passed","Tue Sep 29 10:28:31 UTC 2026","Login — Smoke > Session & Security","specs\Smoke\1-LoginSmoke.spec.ts","",""
"","27430","Pay/Return decision badge navigates to exception history","webkit","Tue Sep 29 10:24:40 UTC 2026","passed","Tue Sep 29 10:25:08 UTC 2026","ACH — Smoke > Row Actions","specs\Smoke\7-ACHSmoke.spec.ts","",""
"","5618","Clicking a column header sorts ascending, clicking again sorts descending","chromium","Tue Sep 29 10:31:09 UTC 2026","passed","Tue Sep 29 10:31:14 UTC 2026","Issued Checks — Smoke > Sorting","specs\Smoke\4-IssuedChecksSmoke.spec.ts","",""
"","4907","Verify delayed data note and force refresh link are visible on dashboard","chromium","Tue Sep 29 10:29:31 UTC 2026","passed","Tue Sep 29 10:29:36 UTC 2026","Home Dashboard > Summary Stats","specs\Smoke\3-HomeDashboardSmoke.spec.ts","",""
"","4071","Validate forgot password with unregistered email","chromium","Tue Sep 29 10:28:20 UTC 2026","passed","Tue Sep 29 10:28:24 UTC 2026","Login — Smoke > Forgot Password","specs\Smoke\1-LoginSmoke.spec.ts","",""
"","18514","Save a filter preset, verify it is auto-selected, then delete it","firefox","Tue Sep 29 10:25:15 UTC 2026","passed","Tue Sep 29 10:25:33 UTC 2026","ACH — Smoke > Saved Filters","specs\Smoke\7-ACHSmoke.spec.ts","",""
"","5196","Web Hooks sub-page loads correctly","msedge","Tue Sep 29 10:15:23 UTC 2026","passed","Tue Sep 29 10:15:28 UTC 2026","Application Navigation Smoke Tests > Settings Sub-navigation","specs\Smoke\2-NavigationSmoke.spec.ts","",""
"","4561","Teller page loads correctly","msedge","Tue Sep 29 10:13:28 UTC 2026","passed","Tue Sep 29 10:13:32 UTC 2026","Application Navigation Smoke Tests > Top-level Navigation","specs\Smoke\2-NavigationSmoke.spec.ts","",""
"","4229","Presented Checks page loads correctly","chromium","Tue Sep 29 10:27:40 UTC 2026","passed","Tue Sep 29 10:27:44 UTC 2026","Application Navigation Smoke Tests > Top-level Navigation","specs\Smoke\2-NavigationSmoke.spec.ts","",""
"","13862","Verify delayed data note and force refresh link are visible on dashboard","firefox","Tue Sep 29 10:17:01 UTC 2026","passed","Tue Sep 29 10:17:15 UTC 2026","Home Dashboard > Summary Stats","specs\Smoke\3-HomeDashboardSmoke.spec.ts","",""
"","4293","""Edit"" link on a row navigates to the check edit form","chromium","Tue Sep 29 10:32:07 UTC 2026","passed","Tue Sep 29 10:32:12 UTC 2026","Presented Checks — Smoke > Row Actions","specs\Smoke\5-PresentedChecksSmoke.spec.ts","",""
"","7979","Column filter popup applies a filter and Clear restores the full row set","msedge","Tue Sep 29 10:17:52 UTC 2026","passed","Tue Sep 29 10:18:00 UTC 2026","Presented Checks — Smoke > Column Filter","specs\Smoke\5-PresentedChecksSmoke.spec.ts","",""
"","8308","""Edit"" link on a row navigates to the check edit form","firefox","Tue Sep 29 10:21:32 UTC 2026","passed","Tue Sep 29 10:21:40 UTC 2026","Issued Checks — Smoke > Row Actions","specs\Smoke\4-IssuedChecksSmoke.spec.ts","",""
"","6792","Branding sub-page loads correctly","firefox","Tue Sep 29 10:15:32 UTC 2026","passed","Tue Sep 29 10:15:38 UTC 2026","Application Navigation Smoke Tests > Settings Sub-navigation","specs\Smoke\2-NavigationSmoke.spec.ts","",""
"","6603","Last page arrow jumps to the final page","msedge","Tue Sep 29 10:19:01 UTC 2026","passed","Tue Sep 29 10:19:08 UTC 2026","Exceptions — Smoke > Exception History > Pagination","specs\Smoke\8-ExceptionsSmoke.spec.ts","",""
"","4161","Validate Login functionality with missingPassword","msedge","Tue Sep 29 10:13:37 UTC 2026","passed","Tue Sep 29 10:13:41 UTC 2026","Login — Smoke > Login","specs\Smoke\1-LoginSmoke.spec.ts","",""
"","5441","""Uploaded ACH"" navigates to the uploads page","chromium","Tue Sep 29 10:32:17 UTC 2026","passed","Tue Sep 29 10:32:22 UTC 2026","ACH — Smoke > Navigation","specs\Smoke\7-ACHSmoke.spec.ts","",""
"","8075","Default filter auto-applies after logout and re-login","webkit","Tue Sep 29 10:19:15 UTC 2026","skipped","Tue Sep 29 10:19:23 UTC 2026","Issued Checks — Smoke > Saved Filters > Default Filter","specs\Smoke\4-IssuedChecksSmoke.spec.ts","",""
"","5004","Grid loads with data rows and key column headers","chromium","Tue Sep 29 10:30:17 UTC 2026","passed","Tue Sep 29 10:30:22 UTC 2026","Presented Checks — Smoke > Grid","specs\Smoke\5-PresentedChecksSmoke.spec.ts","",""
"","9850","""Edit"" link on a row navigates to the check edit form","webkit","Tue Sep 29 10:19:50 UTC 2026","passed","Tue Sep 29 10:20:00 UTC 2026","Issued Checks — Smoke > Row Actions","specs\Smoke\4-IssuedChecksSmoke.spec.ts","",""
"","5425","Verify navigation to Exceptions via nav menu","msedge","Tue Sep 29 10:16:03 UTC 2026","passed","Tue Sep 29 10:16:09 UTC 2026","Home Dashboard > Navigation from Dashboard","specs\Smoke\3-HomeDashboardSmoke.spec.ts","",""
"","11051","Save a filter preset, verify it is auto-selected, then delete it","msedge","Tue Sep 29 10:17:30 UTC 2026","passed","Tue Sep 29 10:17:41 UTC 2026","Presented Checks — Smoke > Saved Filters","specs\Smoke\5-PresentedChecksSmoke.spec.ts","",""
"","3968","Validate Login functionality with emptyFields","firefox","Tue Sep 29 10:13:05 UTC 2026","passed","Tue Sep 29 10:13:09 UTC 2026","Login — Smoke > Login","specs\Smoke\1-LoginSmoke.spec.ts","",""
"","5267","Validate Login functionality with caseSensitiveEmail","chromium","Tue Sep 29 10:27:30 UTC 2026","passed","Tue Sep 29 10:27:35 UTC 2026","Login — Smoke > Login","specs\Smoke\1-LoginSmoke.spec.ts","",""
"","3404","Account Settings sub-page loads correctly","chromium","Tue Sep 29 10:28:01 UTC 2026","passed","Tue Sep 29 10:28:04 UTC 2026","Application Navigation Smoke Tests > Settings Sub-navigation","specs\Smoke\2-NavigationSmoke.spec.ts","",""
"","11202","""View"" (Change Log) link on a row navigates to the entity log","webkit","Tue Sep 29 10:24:14 UTC 2026","passed","Tue Sep 29 10:24:26 UTC 2026","ACH — Smoke > Row Actions","specs\Smoke\7-ACHSmoke.spec.ts","",""
"","7826","Billing Reports sub-page loads correctly","webkit","Tue Sep 29 10:13:33 UTC 2026","passed","Tue Sep 29 10:13:41 UTC 2026","Application Navigation Smoke Tests > Settings Sub-navigation","specs\Smoke\2-NavigationSmoke.spec.ts","",""
"","4332","Settings page loads correctly","chromium","Tue Sep 29 10:27:56 UTC 2026","passed","Tue Sep 29 10:28:01 UTC 2026","Application Navigation Smoke Tests > Top-level Navigation","specs\Smoke\2-NavigationSmoke.spec.ts","",""
"","37426","Verify ACH Only tab shows ACH-specific chart sections","firefox","Tue Sep 29 10:15:21 UTC 2026","passed","Tue Sep 29 10:15:59 UTC 2026","Home Dashboard > Dashboard Chart Headings","specs\Smoke\3-HomeDashboardSmoke.spec.ts","",""
"","6136","Page size change to 10 updates pagination info in bottom-right pager","chromium","Tue Sep 29 10:30:52 UTC 2026","passed","Tue Sep 29 10:30:58 UTC 2026","Presented Checks — Smoke > Pagination","specs\Smoke\5-PresentedChecksSmoke.spec.ts","",""
"","5337","Grid View toggle navigates to the open-exceptions grid and shows key column headers","msedge","Tue Sep 29 10:20:20 UTC 2026","passed","Tue Sep 29 10:20:26 UTC 2026","Exceptions — Smoke > Open Exceptions","specs\Smoke\8-ExceptionsSmoke.spec.ts","",""
"","7572","Roles/Permissions sub-page loads correctly","webkit","Tue Sep 29 10:13:18 UTC 2026","passed","Tue Sep 29 10:13:26 UTC 2026","Application Navigation Smoke Tests > Settings Sub-navigation","specs\Smoke\2-NavigationSmoke.spec.ts","",""
"","5285","Next page arrow advances to page 2","chromium","Tue Sep 29 10:32:38 UTC 2026","passed","Tue Sep 29 10:32:43 UTC 2026","ACH — Smoke > Pagination","specs\Smoke\7-ACHSmoke.spec.ts","",""
"","8234","Validate Login functionality with incorrectUsername","webkit","Tue Sep 29 10:12:18 UTC 2026","passed","Tue Sep 29 10:12:27 UTC 2026","Login — Smoke > Login","specs\Smoke\1-LoginSmoke.spec.ts","",""
"","4732","""Edit"" link on a row navigates to the check edit form","msedge","Tue Sep 29 10:18:00 UTC 2026","passed","Tue Sep 29 10:18:05 UTC 2026","Presented Checks — Smoke > Row Actions","specs\Smoke\5-PresentedChecksSmoke.spec.ts","",""
"","16649","Column filter popup applies a filter and Clear restores the full row set","webkit","Tue Sep 29 10:19:34 UTC 2026","passed","Tue Sep 29 10:19:50 UTC 2026","Issued Checks — Smoke > Column Filter","specs\Smoke\4-IssuedChecksSmoke.spec.ts","",""
"","5271","Verify navigation to Settings via nav menu","chromium","Tue Sep 29 10:30:11 UTC 2026","passed","Tue Sep 29 10:30:17 UTC 2026","Home Dashboard > Navigation from Dashboard","specs\Smoke\3-HomeDashboardSmoke.spec.ts","",""
"","9046","File Formats sub-page loads correctly","firefox","Tue Sep 29 10:15:57 UTC 2026","passed","Tue Sep 29 10:16:06 UTC 2026","Application Navigation Smoke Tests > Settings Sub-navigation","specs\Smoke\2-NavigationSmoke.spec.ts","",""
"","5791","Verify navigation to Settings via nav menu","msedge","Tue Sep 29 10:16:09 UTC 2026","passed","Tue Sep 29 10:16:15 UTC 2026","Home Dashboard > Navigation from Dashboard","specs\Smoke\3-HomeDashboardSmoke.spec.ts","",""
"","5386","Pay/Return decision badge navigates to exception history","msedge","Tue Sep 29 10:18:15 UTC 2026","passed","Tue Sep 29 10:18:20 UTC 2026","Presented Checks — Smoke > Row Actions","specs\Smoke\5-PresentedChecksSmoke.spec.ts","",""
"","9355","Validate forgot password functionality with No email","webkit","Tue Sep 29 10:13:35 UTC 2026","passed","Tue Sep 29 10:13:44 UTC 2026","Login — Smoke > Forgot Password","specs\Smoke\1-LoginSmoke.spec.ts","",""
"","4288","Validate Login functionality with incorrectUsername","msedge","Tue Sep 29 10:13:25 UTC 2026","passed","Tue Sep 29 10:13:29 UTC 2026","Login — Smoke > Login","specs\Smoke\1-LoginSmoke.spec.ts","",""
"","11475","""View"" (Change Log) link on a row navigates to the entity log","firefox","Tue Sep 29 10:26:12 UTC 2026","passed","Tue Sep 29 10:26:24 UTC 2026","ACH — Smoke > Row Actions","specs\Smoke\7-ACHSmoke.spec.ts","",""
"","5998","Default filter auto-applies after logout and re-login","msedge","Tue Sep 29 10:17:41 UTC 2026","skipped","Tue Sep 29 10:17:47 UTC 2026","Presented Checks — Smoke > Saved Filters > Default Filter","specs\Smoke\5-PresentedChecksSmoke.spec.ts","",""
