"DESCRIPTION","DURATION IN MS","NAME","PARENT SUITE","START TIME","STATUS","STOP TIME","SUB SUITE","SUITE","TEST CLASS","TEST METHOD"
"","31401","Save a filter preset, verify it is auto-selected, then delete it","webkit","Thu Sep 03 10:19:50 UTC 2026","passed","Thu Sep 03 10:20:22 UTC 2026","Presented Checks — Smoke (Continued)","specs\Smoke\5-PresentedChecksSmoke.spec.ts","",""
"","11738","Excel export button is visible and enabled","msedge","Thu Sep 03 10:32:41 UTC 2026","passed","Thu Sep 03 10:32:53 UTC 2026","ACH — Smoke","specs\Smoke\7-ACHSmoke.spec.ts","",""
"","9231","Next page arrow advances to page 2","chromium","Thu Sep 03 10:13:11 UTC 2026","passed","Thu Sep 03 10:13:20 UTC 2026","Exceptions — Smoke","specs\Smoke\8-ExceptionsSmoke.spec.ts","",""
"","18873","File Processing sub-page loads correctly","webkit","Thu Sep 03 10:14:05 UTC 2026","passed","Thu Sep 03 10:14:24 UTC 2026","Application Navigation Smoke Tests","specs\Smoke\2-NavigationSmoke.spec.ts","",""
"","10283","Column filter popup applies a filter and Clear restores the full row set","chromium","Thu Sep 03 10:14:45 UTC 2026","passed","Thu Sep 03 10:14:55 UTC 2026","ACH — Smoke","specs\Smoke\7-ACHSmoke.spec.ts","",""
"","9731","Grid loads with data rows and key column headers","chromium","Thu Sep 03 10:12:09 UTC 2026","passed","Thu Sep 03 10:12:18 UTC 2026","ACH — Smoke","specs\Smoke\7-ACHSmoke.spec.ts","",""
"","6134","Validate Login functionality with sqlInjection","msedge","Thu Sep 03 10:24:06 UTC 2026","passed","Thu Sep 03 10:24:12 UTC 2026","","specs\Smoke\1-LoginSmoke.spec.ts","",""
"","17527","Saved Filters dropdown is visible and defaults to no preset","firefox","Thu Sep 03 10:18:04 UTC 2026","passed","Thu Sep 03 10:18:22 UTC 2026","Issued Checks — Smoke","specs\Smoke\4-IssuedChecksSmoke.spec.ts","",""
"","7306","Verify dashboard footer footnote and privacy link are visible","msedge","Thu Sep 03 10:26:37 UTC 2026","passed","Thu Sep 03 10:26:44 UTC 2026","Home Dashboard","specs\Smoke\3-HomeDashboardSmoke.spec.ts","",""
"","24789","Next page arrow advances to page 2","webkit","Thu Sep 03 10:23:56 UTC 2026","passed","Thu Sep 03 10:24:21 UTC 2026","Exceptions — Smoke","specs\Smoke\8-ExceptionsSmoke.spec.ts","",""
"","18344","""View"" (Change Log) link on a row navigates to the entity log","firefox","Thu Sep 03 10:26:11 UTC 2026","passed","Thu Sep 03 10:26:29 UTC 2026","ACH — Smoke","specs\Smoke\7-ACHSmoke.spec.ts","",""
"","18935","""Delete"" on a row shows a confirm modal; Cancel dismisses it without deleting","firefox","Thu Sep 03 10:26:29 UTC 2026","passed","Thu Sep 03 10:26:48 UTC 2026","ACH — Smoke","specs\Smoke\7-ACHSmoke.spec.ts","",""
"","16478","Verify Check Only tab shows Check-specific chart sections","webkit","Thu Sep 03 10:10:57 UTC 2026","passed","Thu Sep 03 10:11:13 UTC 2026","Home Dashboard","specs\Smoke\3-HomeDashboardSmoke.spec.ts","",""
"","6005","Verify Combined View shows all chart sections","chromium","Thu Sep 03 10:06:44 UTC 2026","passed","Thu Sep 03 10:06:50 UTC 2026","Home Dashboard","specs\Smoke\3-HomeDashboardSmoke.spec.ts","",""
"","11211","Decision Files sub-page loads correctly","msedge","Thu Sep 03 10:25:21 UTC 2026","passed","Thu Sep 03 10:25:32 UTC 2026","Application Navigation Smoke Tests","specs\Smoke\2-NavigationSmoke.spec.ts","",""
"","5362","Presented Checks page loads correctly","chromium","Thu Sep 03 10:05:27 UTC 2026","passed","Thu Sep 03 10:05:33 UTC 2026","Application Navigation Smoke Tests","specs\Smoke\2-NavigationSmoke.spec.ts","",""
"","5872","File Processing sub-page loads correctly","chromium","Thu Sep 03 10:07:54 UTC 2026","passed","Thu Sep 03 10:08:00 UTC 2026","Application Navigation Smoke Tests","specs\Smoke\2-NavigationSmoke.spec.ts","",""
"","17265","Grid View toggle navigates to the open-exceptions grid and shows key column headers","firefox","Thu Sep 03 10:27:21 UTC 2026","passed","Thu Sep 03 10:27:38 UTC 2026","Exceptions — Smoke (Continued)","specs\Smoke\8-ExceptionsSmoke.spec.ts","",""
"","24907","Home page is accessible and shows dashboard","firefox","Thu Sep 03 10:06:13 UTC 2026","passed","Thu Sep 03 10:06:38 UTC 2026","Application Navigation Smoke Tests","specs\Smoke\2-NavigationSmoke.spec.ts","",""
"","14294","Notification Log sub-page loads correctly","firefox","Thu Sep 03 10:13:14 UTC 2026","passed","Thu Sep 03 10:13:28 UTC 2026","Application Navigation Smoke Tests","specs\Smoke\2-NavigationSmoke.spec.ts","",""
"","5800","Validate Login functionality with emptyFields","msedge","Thu Sep 03 10:23:48 UTC 2026","passed","Thu Sep 03 10:23:54 UTC 2026","","specs\Smoke\1-LoginSmoke.spec.ts","",""
"","8381","""Uploaded ACH"" navigates to the uploads page","chromium","Thu Sep 03 10:12:28 UTC 2026","passed","Thu Sep 03 10:12:36 UTC 2026","ACH — Smoke","specs\Smoke\7-ACHSmoke.spec.ts","",""
"","10654","Validate Login functionality with correctCredentials","chromium","Thu Sep 03 10:05:09 UTC 2026","passed","Thu Sep 03 10:05:19 UTC 2026","","specs\Smoke\1-LoginSmoke.spec.ts","",""
"","7046","Navigation tabs to Pre-Decisions, Approvals, and Exception History are visible","chromium","Thu Sep 03 10:15:36 UTC 2026","passed","Thu Sep 03 10:15:43 UTC 2026","Exceptions — Smoke (Continued)","specs\Smoke\8-ExceptionsSmoke.spec.ts","",""
"","44528","Validate forgot password with unregistered email","firefox","Thu Sep 03 10:08:49 UTC 2026","passed","Thu Sep 03 10:09:33 UTC 2026","","specs\Smoke\1-LoginSmoke.spec.ts","",""
"","12770","Last page arrow jumps to the final page","msedge","Thu Sep 03 10:29:03 UTC 2026","passed","Thu Sep 03 10:29:16 UTC 2026","Presented Checks — Smoke","specs\Smoke\5-PresentedChecksSmoke.spec.ts","",""
"","20970","""Delete"" on a row shows a confirm modal; Cancel dismisses it without deleting","webkit","Thu Sep 03 10:21:44 UTC 2026","passed","Thu Sep 03 10:22:05 UTC 2026","Presented Checks — Smoke (Continued)","specs\Smoke\5-PresentedChecksSmoke.spec.ts","",""
"","5662","Validate Login functionality with veryLongInput","msedge","Thu Sep 03 10:24:17 UTC 2026","passed","Thu Sep 03 10:24:23 UTC 2026","","specs\Smoke\1-LoginSmoke.spec.ts","",""
"","8889","Last page arrow jumps to the final page","chromium","Thu Sep 03 10:13:12 UTC 2026","passed","Thu Sep 03 10:13:20 UTC 2026","ACH — Smoke","specs\Smoke\7-ACHSmoke.spec.ts","",""
"","11285","Automatic Check Decision Rules sub-page loads correctly","msedge","Thu Sep 03 10:26:03 UTC 2026","passed","Thu Sep 03 10:26:14 UTC 2026","Application Navigation Smoke Tests","specs\Smoke\2-NavigationSmoke.spec.ts","",""
"","8357","Verify chart title changes with selected tab","chromium","Thu Sep 03 10:07:12 UTC 2026","passed","Thu Sep 03 10:07:21 UTC 2026","Home Dashboard","specs\Smoke\3-HomeDashboardSmoke.spec.ts","",""
"","24035","Decision badge on an already-reviewed row is blocked with a system message","firefox","Thu Sep 03 10:26:08 UTC 2026","passed","Thu Sep 03 10:26:32 UTC 2026","Exceptions — Smoke (Continued)","specs\Smoke\8-ExceptionsSmoke.spec.ts","",""
"","11338","Navigation tabs to Pre-Decisions, Approvals, and Exception History are visible","msedge","Thu Sep 03 10:35:18 UTC 2026","passed","Thu Sep 03 10:35:29 UTC 2026","Exceptions — Smoke (Continued)","specs\Smoke\8-ExceptionsSmoke.spec.ts","",""
"","3710","Validate forgot password functionality with No email","chromium","Thu Sep 03 10:06:11 UTC 2026","passed","Thu Sep 03 10:06:15 UTC 2026","","specs\Smoke\1-LoginSmoke.spec.ts","",""
"","19289","Verify Home dashboard is restored after returning from another page","webkit","Thu Sep 03 10:14:05 UTC 2026","passed","Thu Sep 03 10:14:24 UTC 2026","Home Dashboard","specs\Smoke\3-HomeDashboardSmoke.spec.ts","",""
"","6039","Verify dashboard loads after successful login","chromium","Thu Sep 03 10:06:32 UTC 2026","passed","Thu Sep 03 10:06:38 UTC 2026","Home Dashboard","specs\Smoke\3-HomeDashboardSmoke.spec.ts","",""
"","11562","""+ Add ACH"" navigates to the add-ACH form","msedge","Thu Sep 03 10:32:05 UTC 2026","passed","Thu Sep 03 10:32:17 UTC 2026","ACH — Smoke","specs\Smoke\7-ACHSmoke.spec.ts","",""
"","8915","Validate Login functionality with caseSensitiveEmail","msedge","Thu Sep 03 10:23:22 UTC 2026","passed","Thu Sep 03 10:23:31 UTC 2026","","specs\Smoke\1-LoginSmoke.spec.ts","",""
"","10516","System Log sub-page loads correctly","msedge","Thu Sep 03 10:27:02 UTC 2026","passed","Thu Sep 03 10:27:12 UTC 2026","Application Navigation Smoke Tests","specs\Smoke\2-NavigationSmoke.spec.ts","",""
"","8002","Excel export button is visible and enabled","chromium","Thu Sep 03 10:12:54 UTC 2026","passed","Thu Sep 03 10:13:02 UTC 2026","Exceptions — Smoke","specs\Smoke\8-ExceptionsSmoke.spec.ts","",""
"","13045","Excel export button is visible and enabled","msedge","Thu Sep 03 10:32:18 UTC 2026","passed","Thu Sep 03 10:32:31 UTC 2026","Exceptions — Smoke","specs\Smoke\8-ExceptionsSmoke.spec.ts","",""
"","8959","Verify dashboard tab checked state updates correctly","msedge","Thu Sep 03 10:25:40 UTC 2026","passed","Thu Sep 03 10:25:49 UTC 2026","Home Dashboard","specs\Smoke\3-HomeDashboardSmoke.spec.ts","",""
"","17483","Verify navigation to ACH via nav menu","webkit","Thu Sep 03 10:15:00 UTC 2026","passed","Thu Sep 03 10:15:17 UTC 2026","Home Dashboard","specs\Smoke\3-HomeDashboardSmoke.spec.ts","",""
"","6324","Verify delayed data note and force refresh link are visible on dashboard","chromium","Thu Sep 03 10:07:40 UTC 2026","passed","Thu Sep 03 10:07:46 UTC 2026","Home Dashboard","specs\Smoke\3-HomeDashboardSmoke.spec.ts","",""
"","20798","Automatic ACH Decision Rules sub-page loads correctly","firefox","Thu Sep 03 10:12:38 UTC 2026","passed","Thu Sep 03 10:12:59 UTC 2026","Application Navigation Smoke Tests","specs\Smoke\2-NavigationSmoke.spec.ts","",""
"","10852","Issued Checks breadcrumb link is visible on the page","chromium","Thu Sep 03 10:11:49 UTC 2026","passed","Thu Sep 03 10:12:00 UTC 2026","Issued Checks — Smoke (Continued)","specs\Smoke\4-IssuedChecksSmoke.spec.ts","",""
"","26466","Saved Filters dropdown is visible and defaults to no preset","webkit","Thu Sep 03 10:24:54 UTC 2026","passed","Thu Sep 03 10:25:20 UTC 2026","ACH — Smoke","specs\Smoke\7-ACHSmoke.spec.ts","",""
"","25638","Validate Login functionality with correctCredentials","firefox","Thu Sep 03 10:06:13 UTC 2026","passed","Thu Sep 03 10:06:39 UTC 2026","","specs\Smoke\1-LoginSmoke.spec.ts","",""
"","5713","Branding sub-page loads correctly","chromium","Thu Sep 03 10:06:26 UTC 2026","passed","Thu Sep 03 10:06:32 UTC 2026","Application Navigation Smoke Tests","specs\Smoke\2-NavigationSmoke.spec.ts","",""
"","51824","Settings page loads correctly","firefox","Thu Sep 03 10:08:20 UTC 2026","passed","Thu Sep 03 10:09:12 UTC 2026","Application Navigation Smoke Tests","specs\Smoke\2-NavigationSmoke.spec.ts","",""
"","16763","Issued Checks page loads correctly","webkit","Thu Sep 03 10:06:11 UTC 2026","passed","Thu Sep 03 10:06:28 UTC 2026","Application Navigation Smoke Tests","specs\Smoke\2-NavigationSmoke.spec.ts","",""
"","25025","Column filter popup applies a filter and Clear restores the full row set","webkit","Thu Sep 03 10:19:28 UTC 2026","passed","Thu Sep 03 10:19:53 UTC 2026","Issued Checks — Smoke (Continued)","specs\Smoke\4-IssuedChecksSmoke.spec.ts","",""
"","6100","Validate Login functionality with missingPassword","msedge","Thu Sep 03 10:23:54 UTC 2026","passed","Thu Sep 03 10:24:00 UTC 2026","","specs\Smoke\1-LoginSmoke.spec.ts","",""
"","9762","Verify Home dashboard is restored after returning from another page","msedge","Thu Sep 03 10:26:52 UTC 2026","passed","Thu Sep 03 10:27:02 UTC 2026","Home Dashboard","specs\Smoke\3-HomeDashboardSmoke.spec.ts","",""
"","22236","Verify Check Only tab shows Check-specific chart sections","firefox","Thu Sep 03 10:10:50 UTC 2026","passed","Thu Sep 03 10:11:12 UTC 2026","Home Dashboard","specs\Smoke\3-HomeDashboardSmoke.spec.ts","",""
"","24225","Typing a page number navigates to that page","webkit","Thu Sep 03 10:23:56 UTC 2026","passed","Thu Sep 03 10:24:21 UTC 2026","ACH — Smoke","specs\Smoke\7-ACHSmoke.spec.ts","",""
"","15581","Issued Checks page loads correctly","firefox","Thu Sep 03 10:06:40 UTC 2026","passed","Thu Sep 03 10:06:55 UTC 2026","Application Navigation Smoke Tests","specs\Smoke\2-NavigationSmoke.spec.ts","",""
"","10654","Next page arrow advances to page 2","msedge","Thu Sep 03 10:32:42 UTC 2026","passed","Thu Sep 03 10:32:53 UTC 2026","Exceptions — Smoke","specs\Smoke\8-ExceptionsSmoke.spec.ts","",""
"","9951","Roles/Permissions sub-page loads correctly","msedge","Thu Sep 03 10:24:50 UTC 2026","passed","Thu Sep 03 10:25:00 UTC 2026","Application Navigation Smoke Tests","specs\Smoke\2-NavigationSmoke.spec.ts","",""
"","18173","Page size change to 10 updates pagination info in bottom-right pager","webkit","Thu Sep 03 10:17:20 UTC 2026","passed","Thu Sep 03 10:17:39 UTC 2026","Presented Checks — Smoke","specs\Smoke\5-PresentedChecksSmoke.spec.ts","",""
"","17301","Holiday Schedules sub-page loads correctly","webkit","Thu Sep 03 10:10:53 UTC 2026","passed","Thu Sep 03 10:11:11 UTC 2026","Application Navigation Smoke Tests","specs\Smoke\2-NavigationSmoke.spec.ts","",""
"","20781","Verify tab-specific charts are hidden for opposite tab","webkit","Thu Sep 03 10:12:18 UTC 2026","passed","Thu Sep 03 10:12:39 UTC 2026","Home Dashboard","specs\Smoke\3-HomeDashboardSmoke.spec.ts","",""
"","12122","Excel export button is visible and enabled","msedge","Thu Sep 03 10:28:30 UTC 2026","passed","Thu Sep 03 10:28:43 UTC 2026","Issued Checks — Smoke","specs\Smoke\4-IssuedChecksSmoke.spec.ts","",""
"","19697","Clicking a column header sorts ascending, clicking again sorts descending","webkit","Thu Sep 03 10:26:47 UTC 2026","passed","Thu Sep 03 10:27:07 UTC 2026","Exceptions — Smoke (Continued)","specs\Smoke\8-ExceptionsSmoke.spec.ts","",""
"","15118","Validate Login functionality with xssInUsername","webkit","Thu Sep 03 10:07:37 UTC 2026","passed","Thu Sep 03 10:07:53 UTC 2026","","specs\Smoke\1-LoginSmoke.spec.ts","",""
"","15419","Page size change to 10 updates pagination info in bottom-right pager","firefox","Thu Sep 03 10:22:51 UTC 2026","passed","Thu Sep 03 10:23:06 UTC 2026","ACH — Smoke","specs\Smoke\7-ACHSmoke.spec.ts","",""
"","6994","Automatic ACH Decision Rules sub-page loads correctly","chromium","Thu Sep 03 10:07:21 UTC 2026","passed","Thu Sep 03 10:07:28 UTC 2026","Application Navigation Smoke Tests","specs\Smoke\2-NavigationSmoke.spec.ts","",""
"","10534","Billing Reports sub-page loads correctly","msedge","Thu Sep 03 10:25:10 UTC 2026","passed","Thu Sep 03 10:25:21 UTC 2026","Application Navigation Smoke Tests","specs\Smoke\2-NavigationSmoke.spec.ts","",""
"","17274","Web Hooks sub-page loads correctly","webkit","Thu Sep 03 10:14:42 UTC 2026","passed","Thu Sep 03 10:14:59 UTC 2026","Application Navigation Smoke Tests","specs\Smoke\2-NavigationSmoke.spec.ts","",""
"","10317","Notification Log sub-page loads correctly","msedge","Thu Sep 03 10:26:42 UTC 2026","passed","Thu Sep 03 10:26:52 UTC 2026","Application Navigation Smoke Tests","specs\Smoke\2-NavigationSmoke.spec.ts","",""
"","12298","""+ Add Check"" navigates to the add-check form","msedge","Thu Sep 03 10:27:53 UTC 2026","passed","Thu Sep 03 10:28:05 UTC 2026","Issued Checks — Smoke","specs\Smoke\4-IssuedChecksSmoke.spec.ts","",""
"","9792","API link is visible and points to swagger","msedge","Thu Sep 03 10:27:21 UTC 2026","passed","Thu Sep 03 10:27:31 UTC 2026","Application Navigation Smoke Tests","specs\Smoke\2-NavigationSmoke.spec.ts","",""
"","17826","Verify dashboard loads after successful login","firefox","Thu Sep 03 10:10:01 UTC 2026","passed","Thu Sep 03 10:10:19 UTC 2026","Home Dashboard","specs\Smoke\3-HomeDashboardSmoke.spec.ts","",""
"","18063","Presented Checks page loads correctly","firefox","Thu Sep 03 10:06:55 UTC 2026","passed","Thu Sep 03 10:07:13 UTC 2026","Application Navigation Smoke Tests","specs\Smoke\2-NavigationSmoke.spec.ts","",""
"","17318","Default Decision Log sub-page loads correctly","firefox","Thu Sep 03 10:13:28 UTC 2026","passed","Thu Sep 03 10:13:45 UTC 2026","Application Navigation Smoke Tests","specs\Smoke\2-NavigationSmoke.spec.ts","",""
"","18563","""+ Add Check"" navigates to the add-check form","webkit","Thu Sep 03 10:16:06 UTC 2026","passed","Thu Sep 03 10:16:24 UTC 2026","Presented Checks — Smoke","specs\Smoke\5-PresentedChecksSmoke.spec.ts","",""
"","25285","Column filter popup applies a filter and Clear restores the full row set","webkit","Thu Sep 03 10:26:28 UTC 2026","passed","Thu Sep 03 10:26:54 UTC 2026","ACH — Smoke","specs\Smoke\7-ACHSmoke.spec.ts","",""
"","11517","""View"" (Change Log) link on a row navigates to the entity log","msedge","Thu Sep 03 10:35:08 UTC 2026","passed","Thu Sep 03 10:35:20 UTC 2026","ACH — Smoke","specs\Smoke\7-ACHSmoke.spec.ts","",""
"","14739","Pay/Return decision badge navigates to exception history","chromium","Thu Sep 03 10:15:15 UTC 2026","passed","Thu Sep 03 10:15:30 UTC 2026","ACH — Smoke","specs\Smoke\7-ACHSmoke.spec.ts","",""
"","6450","System Log sub-page loads correctly","chromium","Thu Sep 03 10:07:48 UTC 2026","passed","Thu Sep 03 10:07:54 UTC 2026","Application Navigation Smoke Tests","specs\Smoke\2-NavigationSmoke.spec.ts","",""
"","14580","Verify navigation to Issued Checks via nav menu","firefox","Thu Sep 03 10:13:56 UTC 2026","passed","Thu Sep 03 10:14:11 UTC 2026","Home Dashboard","specs\Smoke\3-HomeDashboardSmoke.spec.ts","",""
"","6628","Verify navigation to Exceptions via nav menu","msedge","Thu Sep 03 10:27:28 UTC 2026","passed","Thu Sep 03 10:27:35 UTC 2026","Home Dashboard","specs\Smoke\3-HomeDashboardSmoke.spec.ts","",""
"","24174","Billing Reports sub-page loads correctly","webkit","Thu Sep 03 10:10:02 UTC 2026","passed","Thu Sep 03 10:10:26 UTC 2026","Application Navigation Smoke Tests","specs\Smoke\2-NavigationSmoke.spec.ts","",""
"","19270","Next page arrow advances to page 2","webkit","Thu Sep 03 10:17:39 UTC 2026","passed","Thu Sep 03 10:17:58 UTC 2026","Presented Checks — Smoke","specs\Smoke\5-PresentedChecksSmoke.spec.ts","",""
"","17340","Typing a page number navigates to that page","firefox","Thu Sep 03 10:17:44 UTC 2026","passed","Thu Sep 03 10:18:02 UTC 2026","Presented Checks — Smoke","specs\Smoke\5-PresentedChecksSmoke.spec.ts","",""
"","17968","""+ Add ACH"" navigates to the add-ACH form","firefox","Thu Sep 03 10:21:35 UTC 2026","passed","Thu Sep 03 10:21:53 UTC 2026","ACH — Smoke","specs\Smoke\7-ACHSmoke.spec.ts","",""
"","16398","Saved Filters dropdown is visible and defaults to no preset","chromium","Thu Sep 03 10:10:26 UTC 2026","passed","Thu Sep 03 10:10:42 UTC 2026","Presented Checks — Smoke","specs\Smoke\5-PresentedChecksSmoke.spec.ts","",""
"","17900","""Uploaded Checks"" navigates to the uploads page","webkit","Thu Sep 03 10:16:24 UTC 2026","passed","Thu Sep 03 10:16:42 UTC 2026","Presented Checks — Smoke","specs\Smoke\5-PresentedChecksSmoke.spec.ts","",""
"","11545","Exception History grid loads with data rows and key column headers","msedge","Thu Sep 03 10:31:54 UTC 2026","passed","Thu Sep 03 10:32:05 UTC 2026","Exceptions — Smoke","specs\Smoke\8-ExceptionsSmoke.spec.ts","",""
"","19640","Search box filters grid and clears correctly","firefox","Thu Sep 03 10:21:53 UTC 2026","passed","Thu Sep 03 10:22:13 UTC 2026","Exceptions — Smoke","specs\Smoke\8-ExceptionsSmoke.spec.ts","",""
"","18514","""Edit"" link on a row navigates to the check edit form","webkit","Thu Sep 03 10:19:53 UTC 2026","passed","Thu Sep 03 10:20:12 UTC 2026","Issued Checks — Smoke (Continued)","specs\Smoke\4-IssuedChecksSmoke.spec.ts","",""
"","21026","Validate session persists after page refresh","firefox","Thu Sep 03 10:09:33 UTC 2026","passed","Thu Sep 03 10:09:54 UTC 2026","","specs\Smoke\1-LoginSmoke.spec.ts","",""
"","10207","Open Exceptions page loads with either exception cards or the empty-state message","webkit","Thu Sep 03 10:28:44 UTC 2026","passed","Thu Sep 03 10:28:54 UTC 2026","Exceptions — Smoke (Continued)","specs\Smoke\8-ExceptionsSmoke.spec.ts","",""
"","7489","Verify Check Only tab shows Check-specific chart sections","chromium","Thu Sep 03 10:06:50 UTC 2026","passed","Thu Sep 03 10:06:57 UTC 2026","Home Dashboard","specs\Smoke\3-HomeDashboardSmoke.spec.ts","",""
"","23754","Previous page button returns to page 1, First page button re-enables disabled state","webkit","Thu Sep 03 10:17:42 UTC 2026","passed","Thu Sep 03 10:18:06 UTC 2026","Issued Checks — Smoke","specs\Smoke\4-IssuedChecksSmoke.spec.ts","",""
"","11386","Pay/Return decision badge navigates to exception history","msedge","Thu Sep 03 10:31:31 UTC 2026","passed","Thu Sep 03 10:31:42 UTC 2026","Presented Checks — Smoke (Continued)","specs\Smoke\5-PresentedChecksSmoke.spec.ts","",""
"","9206","Verify delayed data note and force refresh link are visible on dashboard","msedge","Thu Sep 03 10:26:28 UTC 2026","passed","Thu Sep 03 10:26:37 UTC 2026","Home Dashboard","specs\Smoke\3-HomeDashboardSmoke.spec.ts","",""
"","17032","Saved Filters dropdown is visible and defaults to no preset","webkit","Thu Sep 03 10:19:15 UTC 2026","passed","Thu Sep 03 10:19:32 UTC 2026","Presented Checks — Smoke","specs\Smoke\5-PresentedChecksSmoke.spec.ts","",""
"","21695","Previous page button returns to page 1, First page button re-enables disabled state","firefox","Thu Sep 03 10:18:02 UTC 2026","passed","Thu Sep 03 10:18:23 UTC 2026","Presented Checks — Smoke","specs\Smoke\5-PresentedChecksSmoke.spec.ts","",""
"","10418","Holiday Schedules sub-page loads correctly","msedge","Thu Sep 03 10:25:32 UTC 2026","passed","Thu Sep 03 10:25:42 UTC 2026","Application Navigation Smoke Tests","specs\Smoke\2-NavigationSmoke.spec.ts","",""
"","17325","Verify Total Exceptions and Total Exception Amount labels are visible","webkit","Thu Sep 03 10:12:39 UTC 2026","passed","Thu Sep 03 10:12:56 UTC 2026","Home Dashboard","specs\Smoke\3-HomeDashboardSmoke.spec.ts","",""
"","23340","""Uploaded Checks"" navigates to the uploads page","firefox","Thu Sep 03 10:15:32 UTC 2026","passed","Thu Sep 03 10:15:55 UTC 2026","Issued Checks — Smoke","specs\Smoke\4-IssuedChecksSmoke.spec.ts","",""
"","16082","Default filter auto-applies after logout and re-login","firefox","Thu Sep 03 10:18:22 UTC 2026","skipped","Thu Sep 03 10:18:38 UTC 2026","Issued Checks — Default Filter (Serial)","specs\Smoke\4-IssuedChecksSmoke.spec.ts","",""
"","6831","Exceptions page loads correctly","chromium","Thu Sep 03 10:05:46 UTC 2026","passed","Thu Sep 03 10:05:53 UTC 2026","Application Navigation Smoke Tests","specs\Smoke\2-NavigationSmoke.spec.ts","",""
"","12908","""Delete"" on a row shows a confirm modal; Cancel dismisses it without deleting","msedge","Thu Sep 03 10:31:18 UTC 2026","passed","Thu Sep 03 10:31:31 UTC 2026","Presented Checks — Smoke (Continued)","specs\Smoke\5-PresentedChecksSmoke.spec.ts","",""
"","7543","Open Exceptions page loads with either exception cards or the empty-state message","chromium","Thu Sep 03 10:15:43 UTC 2026","passed","Thu Sep 03 10:15:51 UTC 2026","Exceptions — Smoke (Continued)","specs\Smoke\8-ExceptionsSmoke.spec.ts","",""
"","16645","Notification Templates sub-page loads correctly","firefox","Thu Sep 03 10:11:45 UTC 2026","passed","Thu Sep 03 10:12:01 UTC 2026","Application Navigation Smoke Tests","specs\Smoke\2-NavigationSmoke.spec.ts","",""
"","16268","Save a filter preset, verify it is auto-selected, then delete it","chromium","Thu Sep 03 10:10:23 UTC 2026","passed","Thu Sep 03 10:10:39 UTC 2026","Issued Checks — Smoke (Continued)","specs\Smoke\4-IssuedChecksSmoke.spec.ts","",""
"","18345","""Delete"" on a row shows a confirm modal; Cancel dismisses it without deleting","firefox","Thu Sep 03 10:20:41 UTC 2026","passed","Thu Sep 03 10:21:00 UTC 2026","Presented Checks — Smoke (Continued)","specs\Smoke\5-PresentedChecksSmoke.spec.ts","",""
"","12286","Previous page button returns to page 1, First page button re-enables disabled state","chromium","Thu Sep 03 10:10:13 UTC 2026","passed","Thu Sep 03 10:10:26 UTC 2026","Presented Checks — Smoke","specs\Smoke\5-PresentedChecksSmoke.spec.ts","",""
"","17845","""Uploaded ACH"" navigates to the uploads page","webkit","Thu Sep 03 10:22:06 UTC 2026","passed","Thu Sep 03 10:22:23 UTC 2026","ACH — Smoke","specs\Smoke\7-ACHSmoke.spec.ts","",""
"","16306","Teller page loads correctly","webkit","Thu Sep 03 10:06:44 UTC 2026","passed","Thu Sep 03 10:07:01 UTC 2026","Application Navigation Smoke Tests","specs\Smoke\2-NavigationSmoke.spec.ts","",""
"","5489","Validate Login functionality with missingUsername","firefox","Thu Sep 03 10:07:32 UTC 2026","passed","Thu Sep 03 10:07:37 UTC 2026","","specs\Smoke\1-LoginSmoke.spec.ts","",""
"","29884","Typing a page number navigates to that page","webkit","Thu Sep 03 10:24:51 UTC 2026","passed","Thu Sep 03 10:25:21 UTC 2026","Exceptions — Smoke","specs\Smoke\8-ExceptionsSmoke.spec.ts","",""
"","12306","""View"" (Change Log) link on a row navigates to the entity log","msedge","Thu Sep 03 10:31:06 UTC 2026","passed","Thu Sep 03 10:31:18 UTC 2026","Issued Checks — Smoke (Continued)","specs\Smoke\4-IssuedChecksSmoke.spec.ts","",""
"","9122","Page size change to 10 updates pagination info in bottom-right pager","chromium","Thu Sep 03 10:12:53 UTC 2026","passed","Thu Sep 03 10:13:02 UTC 2026","ACH — Smoke","specs\Smoke\7-ACHSmoke.spec.ts","",""
"","18962","Default Decision Log sub-page loads correctly","webkit","Thu Sep 03 10:13:27 UTC 2026","passed","Thu Sep 03 10:13:46 UTC 2026","Application Navigation Smoke Tests","specs\Smoke\2-NavigationSmoke.spec.ts","",""
"","14956","Column filter menu applies a filter and Clear restores the full row set","msedge","Thu Sep 03 10:34:21 UTC 2026","passed","Thu Sep 03 10:34:36 UTC 2026","Exceptions — Smoke (Continued)","specs\Smoke\8-ExceptionsSmoke.spec.ts","",""
"","7598","Validate session persists after page refresh","chromium","Thu Sep 03 10:06:19 UTC 2026","passed","Thu Sep 03 10:06:27 UTC 2026","","specs\Smoke\1-LoginSmoke.spec.ts","",""
"","6887","Grid loads with data rows and key column headers","chromium","Thu Sep 03 10:08:15 UTC 2026","passed","Thu Sep 03 10:08:21 UTC 2026","Issued Checks — Smoke","specs\Smoke\4-IssuedChecksSmoke.spec.ts","",""
"","7256","Default filter auto-applies after logout and re-login","msedge","Thu Sep 03 10:33:42 UTC 2026","skipped","Thu Sep 03 10:33:49 UTC 2026","Exceptions — Default Filter (Serial)","specs\Smoke\8-ExceptionsSmoke.spec.ts","",""
"","12353","Typing a page number navigates to that page","msedge","Thu Sep 03 10:29:16 UTC 2026","passed","Thu Sep 03 10:29:29 UTC 2026","Issued Checks — Smoke","specs\Smoke\4-IssuedChecksSmoke.spec.ts","",""
"","14153","Verify navigation to ACH via nav menu","firefox","Thu Sep 03 10:14:27 UTC 2026","passed","Thu Sep 03 10:14:41 UTC 2026","Home Dashboard","specs\Smoke\3-HomeDashboardSmoke.spec.ts","",""
"","10116","ACH breadcrumb link is visible on the page","msedge","Thu Sep 03 10:35:50 UTC 2026","passed","Thu Sep 03 10:36:00 UTC 2026","ACH — Smoke","specs\Smoke\7-ACHSmoke.spec.ts","",""
"","5417","Validate Login functionality with emptyFields","chromium","Thu Sep 03 10:05:40 UTC 2026","passed","Thu Sep 03 10:05:46 UTC 2026","","specs\Smoke\1-LoginSmoke.spec.ts","",""
"","27258","Decision Files sub-page loads correctly","webkit","Thu Sep 03 10:10:26 UTC 2026","passed","Thu Sep 03 10:10:53 UTC 2026","Application Navigation Smoke Tests","specs\Smoke\2-NavigationSmoke.spec.ts","",""
"","5980","Validate Login functionality with incorrectPassword","msedge","Thu Sep 03 10:23:31 UTC 2026","passed","Thu Sep 03 10:23:37 UTC 2026","","specs\Smoke\1-LoginSmoke.spec.ts","",""
"","20201","Next page arrow advances to page 2","firefox","Thu Sep 03 10:22:47 UTC 2026","passed","Thu Sep 03 10:23:07 UTC 2026","Exceptions — Smoke","specs\Smoke\8-ExceptionsSmoke.spec.ts","",""
"","19296","Verify Combined View shows all chart sections","webkit","Thu Sep 03 10:10:37 UTC 2026","passed","Thu Sep 03 10:10:57 UTC 2026","Home Dashboard","specs\Smoke\3-HomeDashboardSmoke.spec.ts","",""
"","16091","Last page arrow jumps to the final page","firefox","Thu Sep 03 10:17:09 UTC 2026","passed","Thu Sep 03 10:17:25 UTC 2026","Issued Checks — Smoke","specs\Smoke\4-IssuedChecksSmoke.spec.ts","",""
"","10801","Decision badge on an already-reviewed row is blocked with a system message","chromium","Thu Sep 03 10:15:16 UTC 2026","passed","Thu Sep 03 10:15:27 UTC 2026","Exceptions — Smoke (Continued)","specs\Smoke\8-ExceptionsSmoke.spec.ts","",""
"","4044","Validate forgot password with unregistered email","chromium","Thu Sep 03 10:06:15 UTC 2026","passed","Thu Sep 03 10:06:19 UTC 2026","","specs\Smoke\1-LoginSmoke.spec.ts","",""
"","16272","Column filter popup applies a filter and Clear restores the full row set","msedge","Thu Sep 03 10:30:38 UTC 2026","passed","Thu Sep 03 10:30:55 UTC 2026","Issued Checks — Smoke (Continued)","specs\Smoke\4-IssuedChecksSmoke.spec.ts","",""
"","17812","Holiday Schedules sub-page loads correctly","firefox","Thu Sep 03 10:11:11 UTC 2026","passed","Thu Sep 03 10:11:29 UTC 2026","Application Navigation Smoke Tests","specs\Smoke\2-NavigationSmoke.spec.ts","",""
"","5930","Verify navigation to Settings via nav menu","chromium","Thu Sep 03 10:08:37 UTC 2026","passed","Thu Sep 03 10:08:43 UTC 2026","Home Dashboard","specs\Smoke\3-HomeDashboardSmoke.spec.ts","",""
"","20475","""+ Add Check"" navigates to the add-check form","firefox","Thu Sep 03 10:15:11 UTC 2026","passed","Thu Sep 03 10:15:32 UTC 2026","Issued Checks — Smoke","specs\Smoke\4-IssuedChecksSmoke.spec.ts","",""
"","17749","Next page arrow advances to page 2","firefox","Thu Sep 03 10:17:08 UTC 2026","passed","Thu Sep 03 10:17:26 UTC 2026","Presented Checks — Smoke","specs\Smoke\5-PresentedChecksSmoke.spec.ts","",""
"","18037","Page size change to 10 updates pagination info in bottom-right pager","firefox","Thu Sep 03 10:22:29 UTC 2026","passed","Thu Sep 03 10:22:47 UTC 2026","Exceptions — Smoke","specs\Smoke\8-ExceptionsSmoke.spec.ts","",""
"","7518","Verify summary KPI values have expected number formats","msedge","Thu Sep 03 10:26:20 UTC 2026","passed","Thu Sep 03 10:26:28 UTC 2026","Home Dashboard","specs\Smoke\3-HomeDashboardSmoke.spec.ts","",""
"","16594","Verify navigation to Settings via nav menu","webkit","Thu Sep 03 10:15:31 UTC 2026","passed","Thu Sep 03 10:15:48 UTC 2026","Home Dashboard","specs\Smoke\3-HomeDashboardSmoke.spec.ts","",""
"","4004","Validate Login functionality with xssInUsername","chromium","Thu Sep 03 10:05:59 UTC 2026","passed","Thu Sep 03 10:06:03 UTC 2026","","specs\Smoke\1-LoginSmoke.spec.ts","",""
"","19849","Search box filters grid and clears correctly","firefox","Thu Sep 03 10:16:11 UTC 2026","passed","Thu Sep 03 10:16:31 UTC 2026","Presented Checks — Smoke","specs\Smoke\5-PresentedChecksSmoke.spec.ts","",""
"","17945","Excel export button is visible and enabled","webkit","Thu Sep 03 10:16:13 UTC 2026","passed","Thu Sep 03 10:16:31 UTC 2026","Issued Checks — Smoke","specs\Smoke\4-IssuedChecksSmoke.spec.ts","",""
"","16240","ACH breadcrumb link is visible on the page","firefox","Thu Sep 03 10:27:18 UTC 2026","passed","Thu Sep 03 10:27:35 UTC 2026","ACH — Smoke","specs\Smoke\7-ACHSmoke.spec.ts","",""
"","6785","Notification Templates sub-page loads correctly","chromium","Thu Sep 03 10:06:57 UTC 2026","passed","Thu Sep 03 10:07:04 UTC 2026","Application Navigation Smoke Tests","specs\Smoke\2-NavigationSmoke.spec.ts","",""
"","13760","Verify navigation to Exceptions via nav menu","webkit","Thu Sep 03 10:15:17 UTC 2026","passed","Thu Sep 03 10:15:31 UTC 2026","Home Dashboard","specs\Smoke\3-HomeDashboardSmoke.spec.ts","",""
"","19833","Clicking a column header sorts ascending, clicking again sorts descending","webkit","Thu Sep 03 10:20:22 UTC 2026","passed","Thu Sep 03 10:20:41 UTC 2026","Presented Checks — Smoke (Continued)","specs\Smoke\5-PresentedChecksSmoke.spec.ts","",""
"","30015","Last page arrow jumps to the final page","webkit","Thu Sep 03 10:24:21 UTC 2026","passed","Thu Sep 03 10:24:51 UTC 2026","Exceptions — Smoke","specs\Smoke\8-ExceptionsSmoke.spec.ts","",""
"","10164","Users sub-page loads correctly","msedge","Thu Sep 03 10:24:39 UTC 2026","passed","Thu Sep 03 10:24:50 UTC 2026","Application Navigation Smoke Tests","specs\Smoke\2-NavigationSmoke.spec.ts","",""
"","6451","ACH breadcrumb link is visible on the page","chromium","Thu Sep 03 10:15:30 UTC 2026","passed","Thu Sep 03 10:15:37 UTC 2026","ACH — Smoke","specs\Smoke\7-ACHSmoke.spec.ts","",""
"","8913","Exceptions page loads correctly","msedge","Thu Sep 03 10:24:03 UTC 2026","passed","Thu Sep 03 10:24:12 UTC 2026","Application Navigation Smoke Tests","specs\Smoke\2-NavigationSmoke.spec.ts","",""
"","10877","ACH page loads correctly","msedge","Thu Sep 03 10:23:52 UTC 2026","passed","Thu Sep 03 10:24:03 UTC 2026","Application Navigation Smoke Tests","specs\Smoke\2-NavigationSmoke.spec.ts","",""
"","4677","Validate forgot password functionality","chromium","Thu Sep 03 10:06:07 UTC 2026","passed","Thu Sep 03 10:06:11 UTC 2026","","specs\Smoke\1-LoginSmoke.spec.ts","",""
"","16824","Verify delayed data note and force refresh link are visible on dashboard","webkit","Thu Sep 03 10:13:13 UTC 2026","passed","Thu Sep 03 10:13:30 UTC 2026","Home Dashboard","specs\Smoke\3-HomeDashboardSmoke.spec.ts","",""
"","7270","Teller page loads correctly","chromium","Thu Sep 03 10:05:33 UTC 2026","passed","Thu Sep 03 10:05:40 UTC 2026","Application Navigation Smoke Tests","specs\Smoke\2-NavigationSmoke.spec.ts","",""
"","8581","Verify navigation to Exceptions via nav menu","chromium","Thu Sep 03 10:08:28 UTC 2026","passed","Thu Sep 03 10:08:37 UTC 2026","Home Dashboard","specs\Smoke\3-HomeDashboardSmoke.spec.ts","",""
"","8967","Account Settings sub-page loads correctly","msedge","Thu Sep 03 10:24:21 UTC 2026","passed","Thu Sep 03 10:24:30 UTC 2026","Application Navigation Smoke Tests","specs\Smoke\2-NavigationSmoke.spec.ts","",""
"","15315","Column filter popup applies a filter and Clear restores the full row set","msedge","Thu Sep 03 10:34:53 UTC 2026","passed","Thu Sep 03 10:35:08 UTC 2026","ACH — Smoke","specs\Smoke\7-ACHSmoke.spec.ts","",""
"","13936","Last page arrow jumps to the final page","msedge","Thu Sep 03 10:33:17 UTC 2026","passed","Thu Sep 03 10:33:31 UTC 2026","ACH — Smoke","specs\Smoke\7-ACHSmoke.spec.ts","",""
"","9705","Validate Login functionality with incorrectUsername","webkit","Thu Sep 03 10:06:34 UTC 2026","passed","Thu Sep 03 10:06:44 UTC 2026","","specs\Smoke\1-LoginSmoke.spec.ts","",""
"","7462","Verify dashboard tab checked state updates correctly","chromium","Thu Sep 03 10:07:05 UTC 2026","passed","Thu Sep 03 10:07:12 UTC 2026","Home Dashboard","specs\Smoke\3-HomeDashboardSmoke.spec.ts","",""
"","22611","Clicking a column header sorts ascending, clicking again sorts descending","firefox","Thu Sep 03 10:25:04 UTC 2026","passed","Thu Sep 03 10:25:27 UTC 2026","Exceptions — Smoke (Continued)","specs\Smoke\8-ExceptionsSmoke.spec.ts","",""
"","6431","Validate Login functionality with caseSensitiveEmail","chromium","Thu Sep 03 10:05:20 UTC 2026","passed","Thu Sep 03 10:05:26 UTC 2026","","specs\Smoke\1-LoginSmoke.spec.ts","",""
"","16390","Web Hooks sub-page loads correctly","firefox","Thu Sep 03 10:14:35 UTC 2026","passed","Thu Sep 03 10:14:51 UTC 2026","Application Navigation Smoke Tests","specs\Smoke\2-NavigationSmoke.spec.ts","",""
"","8809","Presented Checks breadcrumb link is visible on the page","chromium","Thu Sep 03 10:12:28 UTC 2026","passed","Thu Sep 03 10:12:36 UTC 2026","Presented Checks — Smoke (Continued)","specs\Smoke\5-PresentedChecksSmoke.spec.ts","",""
"","16881","Saved Filters dropdown is visible and defaults to no preset","firefox","Thu Sep 03 10:24:09 UTC 2026","passed","Thu Sep 03 10:24:26 UTC 2026","Exceptions — Smoke","specs\Smoke\8-ExceptionsSmoke.spec.ts","",""
"","9778","Web Hooks sub-page loads correctly","msedge","Thu Sep 03 10:27:31 UTC 2026","passed","Thu Sep 03 10:27:41 UTC 2026","Application Navigation Smoke Tests","specs\Smoke\2-NavigationSmoke.spec.ts","",""
"","10060","Navigation tabs to Pre-Decisions, Approvals, and Exception History are visible","webkit","Thu Sep 03 10:28:34 UTC 2026","passed","Thu Sep 03 10:28:44 UTC 2026","Exceptions — Smoke (Continued)","specs\Smoke\8-ExceptionsSmoke.spec.ts","",""
"","20128","Exceptions page loads correctly","firefox","Thu Sep 03 10:08:00 UTC 2026","passed","Thu Sep 03 10:08:20 UTC 2026","Application Navigation Smoke Tests","specs\Smoke\2-NavigationSmoke.spec.ts","",""
"","15993","Verify navigation to Presented Checks via nav menu","firefox","Thu Sep 03 10:14:11 UTC 2026","passed","Thu Sep 03 10:14:27 UTC 2026","Home Dashboard","specs\Smoke\3-HomeDashboardSmoke.spec.ts","",""
"","12745","Validate Login functionality with emptyFields","webkit","Thu Sep 03 10:06:52 UTC 2026","passed","Thu Sep 03 10:07:05 UTC 2026","","specs\Smoke\1-LoginSmoke.spec.ts","",""
"","7022","Verify Home dashboard is restored after returning from another page","chromium","Thu Sep 03 10:08:00 UTC 2026","passed","Thu Sep 03 10:08:07 UTC 2026","Home Dashboard","specs\Smoke\3-HomeDashboardSmoke.spec.ts","",""
"","17943","Verify navigation to Issued Checks via nav menu","webkit","Thu Sep 03 10:14:24 UTC 2026","passed","Thu Sep 03 10:14:42 UTC 2026","Home Dashboard","specs\Smoke\3-HomeDashboardSmoke.spec.ts","",""
"","10888","Saved Filters dropdown is visible and defaults to no preset","msedge","Thu Sep 03 10:29:44 UTC 2026","passed","Thu Sep 03 10:29:55 UTC 2026","Issued Checks — Smoke","specs\Smoke\4-IssuedChecksSmoke.spec.ts","",""
"","20190","""Delete"" on a row shows a confirm modal; Cancel dismisses it without deleting","webkit","Thu Sep 03 10:20:30 UTC 2026","passed","Thu Sep 03 10:20:50 UTC 2026","Issued Checks — Smoke (Continued)","specs\Smoke\4-IssuedChecksSmoke.spec.ts","",""
"","32886","Previous page button returns to page 1, First page button re-enables disabled state","webkit","Thu Sep 03 10:24:21 UTC 2026","passed","Thu Sep 03 10:24:53 UTC 2026","ACH — Smoke","specs\Smoke\7-ACHSmoke.spec.ts","",""
"","6183","ACH Approval Rules sub-page loads correctly","chromium","Thu Sep 03 10:07:28 UTC 2026","passed","Thu Sep 03 10:07:34 UTC 2026","Application Navigation Smoke Tests","specs\Smoke\2-NavigationSmoke.spec.ts","",""
"","15099","Verify navigation to Exceptions via nav menu","firefox","Thu Sep 03 10:14:41 UTC 2026","passed","Thu Sep 03 10:14:56 UTC 2026","Home Dashboard","specs\Smoke\3-HomeDashboardSmoke.spec.ts","",""
"","11216","Presented Checks breadcrumb link is visible on the page","msedge","Thu Sep 03 10:31:42 UTC 2026","passed","Thu Sep 03 10:31:53 UTC 2026","Presented Checks — Smoke (Continued)","specs\Smoke\5-PresentedChecksSmoke.spec.ts","",""
"","13895","Next page arrow advances to page 2","chromium","Thu Sep 03 10:09:32 UTC 2026","passed","Thu Sep 03 10:09:46 UTC 2026","Presented Checks — Smoke","specs\Smoke\5-PresentedChecksSmoke.spec.ts","",""
"","10399","Validate Login functionality with sqlInjection","webkit","Thu Sep 03 10:07:27 UTC 2026","passed","Thu Sep 03 10:07:37 UTC 2026","","specs\Smoke\1-LoginSmoke.spec.ts","",""
"","8153","Verify all three dashboard view tabs are visible","msedge","Thu Sep 03 10:25:07 UTC 2026","passed","Thu Sep 03 10:25:15 UTC 2026","Home Dashboard","specs\Smoke\3-HomeDashboardSmoke.spec.ts","",""
"","8775","Typing a page number navigates to that page","chromium","Thu Sep 03 10:13:21 UTC 2026","passed","Thu Sep 03 10:13:29 UTC 2026","ACH — Smoke","specs\Smoke\7-ACHSmoke.spec.ts","",""
"","7897","""Uploaded Checks"" navigates to the uploads page","chromium","Thu Sep 03 10:08:56 UTC 2026","passed","Thu Sep 03 10:09:04 UTC 2026","Presented Checks — Smoke","specs\Smoke\5-PresentedChecksSmoke.spec.ts","",""
"","5018","Validate Login functionality with invalidEmailFormat","msedge","Thu Sep 03 10:23:43 UTC 2026","passed","Thu Sep 03 10:23:48 UTC 2026","","specs\Smoke\1-LoginSmoke.spec.ts","",""
"","6829","Web Hooks sub-page loads correctly","chromium","Thu Sep 03 10:08:08 UTC 2026","passed","Thu Sep 03 10:08:14 UTC 2026","Application Navigation Smoke Tests","specs\Smoke\2-NavigationSmoke.spec.ts","",""
"","17031","""View"" (Change Log) link on a row navigates to the entity log","webkit","Thu Sep 03 10:21:27 UTC 2026","passed","Thu Sep 03 10:21:44 UTC 2026","Presented Checks — Smoke (Continued)","specs\Smoke\5-PresentedChecksSmoke.spec.ts","",""
"","12514","Saved Filters dropdown is visible and defaults to no preset","msedge","Thu Sep 03 10:33:56 UTC 2026","passed","Thu Sep 03 10:34:09 UTC 2026","ACH — Smoke","specs\Smoke\7-ACHSmoke.spec.ts","",""
"","15810","Exceptions page loads correctly","webkit","Thu Sep 03 10:07:18 UTC 2026","passed","Thu Sep 03 10:07:34 UTC 2026","Application Navigation Smoke Tests","specs\Smoke\2-NavigationSmoke.spec.ts","",""
"","15039","Verify summary KPI values have expected number formats","firefox","Thu Sep 03 10:12:35 UTC 2026","passed","Thu Sep 03 10:12:50 UTC 2026","Home Dashboard","specs\Smoke\3-HomeDashboardSmoke.spec.ts","",""
"","12605","Clicking a column header sorts ascending, clicking again sorts descending","msedge","Thu Sep 03 10:30:26 UTC 2026","passed","Thu Sep 03 10:30:39 UTC 2026","Presented Checks — Smoke (Continued)","specs\Smoke\5-PresentedChecksSmoke.spec.ts","",""
"","20492","Validate forgot password functionality","webkit","Thu Sep 03 10:08:10 UTC 2026","passed","Thu Sep 03 10:08:31 UTC 2026","","specs\Smoke\1-LoginSmoke.spec.ts","",""
"","11106","""Edit"" link on a row navigates to the check edit form","msedge","Thu Sep 03 10:30:55 UTC 2026","passed","Thu Sep 03 10:31:06 UTC 2026","Presented Checks — Smoke (Continued)","specs\Smoke\5-PresentedChecksSmoke.spec.ts","",""
"","6825","Validate Login functionality with incorrectPassword","firefox","Thu Sep 03 10:06:53 UTC 2026","passed","Thu Sep 03 10:07:00 UTC 2026","","specs\Smoke\1-LoginSmoke.spec.ts","",""
"","4265","Validate Login functionality with missingPassword","chromium","Thu Sep 03 10:05:46 UTC 2026","passed","Thu Sep 03 10:05:50 UTC 2026","","specs\Smoke\1-LoginSmoke.spec.ts","",""
"","11980","Default filter auto-applies after logout and re-login","firefox","Thu Sep 03 10:24:26 UTC 2026","skipped","Thu Sep 03 10:24:38 UTC 2026","Exceptions — Default Filter (Serial)","specs\Smoke\8-ExceptionsSmoke.spec.ts","",""
"","16292","Validate Login functionality with correctCredentials","msedge","Thu Sep 03 10:23:04 UTC 2026","passed","Thu Sep 03 10:23:20 UTC 2026","","specs\Smoke\1-LoginSmoke.spec.ts","",""
"","12171","""Delete"" on a row shows a confirm modal; Cancel dismisses it without deleting","msedge","Thu Sep 03 10:31:18 UTC 2026","passed","Thu Sep 03 10:31:30 UTC 2026","Issued Checks — Smoke (Continued)","specs\Smoke\4-IssuedChecksSmoke.spec.ts","",""
"","18551","Typing a page number navigates to that page","firefox","Thu Sep 03 10:23:45 UTC 2026","passed","Thu Sep 03 10:24:04 UTC 2026","ACH — Smoke","specs\Smoke\7-ACHSmoke.spec.ts","",""
"","25615","Column filter menu applies a filter and Clear restores the full row set","webkit","Thu Sep 03 10:27:07 UTC 2026","passed","Thu Sep 03 10:27:32 UTC 2026","Exceptions — Smoke (Continued)","specs\Smoke\8-ExceptionsSmoke.spec.ts","",""
"","6758","Verify dashboard footer footnote and privacy link are visible","chromium","Thu Sep 03 10:07:46 UTC 2026","passed","Thu Sep 03 10:07:53 UTC 2026","Home Dashboard","specs\Smoke\3-HomeDashboardSmoke.spec.ts","",""
"","15883","Excel export button is visible and enabled","firefox","Thu Sep 03 10:22:13 UTC 2026","passed","Thu Sep 03 10:22:29 UTC 2026","Exceptions — Smoke","specs\Smoke\8-ExceptionsSmoke.spec.ts","",""
"","10237","Notification Templates sub-page loads correctly","msedge","Thu Sep 03 10:25:53 UTC 2026","passed","Thu Sep 03 10:26:03 UTC 2026","Application Navigation Smoke Tests","specs\Smoke\2-NavigationSmoke.spec.ts","",""
"","10841","""View"" link on a row opens the Exception Details dialog","chromium","Thu Sep 03 10:15:05 UTC 2026","passed","Thu Sep 03 10:15:16 UTC 2026","Exceptions — Smoke (Continued)","specs\Smoke\8-ExceptionsSmoke.spec.ts","",""
"","5935","Verify all three dashboard view tabs are visible","chromium","Thu Sep 03 10:06:38 UTC 2026","passed","Thu Sep 03 10:06:44 UTC 2026","Home Dashboard","specs\Smoke\3-HomeDashboardSmoke.spec.ts","",""
"","26801","Column filter popup applies a filter and Clear restores the full row set","webkit","Thu Sep 03 10:20:41 UTC 2026","passed","Thu Sep 03 10:21:08 UTC 2026","Presented Checks — Smoke (Continued)","specs\Smoke\5-PresentedChecksSmoke.spec.ts","",""
"","8682","Verify ACH Only tab shows ACH-specific chart sections","msedge","Thu Sep 03 10:25:32 UTC 2026","passed","Thu Sep 03 10:25:40 UTC 2026","Home Dashboard","specs\Smoke\3-HomeDashboardSmoke.spec.ts","",""
"","17171","Verify dashboard footer footnote and privacy link are visible","webkit","Thu Sep 03 10:13:30 UTC 2026","passed","Thu Sep 03 10:13:47 UTC 2026","Home Dashboard","specs\Smoke\3-HomeDashboardSmoke.spec.ts","",""
"","16432","Validate Login functionality with xssInUsername","firefox","Thu Sep 03 10:07:47 UTC 2026","passed","Thu Sep 03 10:08:03 UTC 2026","","specs\Smoke\1-LoginSmoke.spec.ts","",""
"","10851","Default filter auto-applies after logout and re-login","msedge","Thu Sep 03 10:29:55 UTC 2026","skipped","Thu Sep 03 10:30:06 UTC 2026","Presented Checks — Default Filter (Serial)","specs\Smoke\5-PresentedChecksSmoke.spec.ts","",""
"","5065","Validate Login functionality with incorrectPassword","chromium","Thu Sep 03 10:05:26 UTC 2026","passed","Thu Sep 03 10:05:31 UTC 2026","","specs\Smoke\1-LoginSmoke.spec.ts","",""
"","24607","Roles/Permissions sub-page loads correctly","webkit","Thu Sep 03 10:09:22 UTC 2026","passed","Thu Sep 03 10:09:47 UTC 2026","Application Navigation Smoke Tests","specs\Smoke\2-NavigationSmoke.spec.ts","",""
"","20214","Clicking a column header sorts ascending, clicking again sorts descending","webkit","Thu Sep 03 10:26:08 UTC 2026","passed","Thu Sep 03 10:26:28 UTC 2026","ACH — Smoke","specs\Smoke\7-ACHSmoke.spec.ts","",""
"","10045","""View"" (Change Log) link on a row navigates to the entity log","chromium","Thu Sep 03 10:14:55 UTC 2026","passed","Thu Sep 03 10:15:05 UTC 2026","ACH — Smoke","specs\Smoke\7-ACHSmoke.spec.ts","",""
"","10274","Typing a page number navigates to that page","msedge","Thu Sep 03 10:33:31 UTC 2026","passed","Thu Sep 03 10:33:41 UTC 2026","ACH — Smoke","specs\Smoke\7-ACHSmoke.spec.ts","",""
"","21987","Settings page loads correctly","webkit","Thu Sep 03 10:07:34 UTC 2026","passed","Thu Sep 03 10:07:56 UTC 2026","Application Navigation Smoke Tests","specs\Smoke\2-NavigationSmoke.spec.ts","",""
"","19182","Page size change to 10 updates pagination info in bottom-right pager","webkit","Thu Sep 03 10:23:37 UTC 2026","passed","Thu Sep 03 10:23:56 UTC 2026","Exceptions — Smoke","specs\Smoke\8-ExceptionsSmoke.spec.ts","",""
"","18473","Exception History grid loads with data rows and key column headers","webkit","Thu Sep 03 10:22:41 UTC 2026","passed","Thu Sep 03 10:23:00 UTC 2026","Exceptions — Smoke","specs\Smoke\8-ExceptionsSmoke.spec.ts","",""
"","12577","Page size change to 10 updates pagination info in bottom-right pager","msedge","Thu Sep 03 10:32:53 UTC 2026","passed","Thu Sep 03 10:33:05 UTC 2026","ACH — Smoke","specs\Smoke\7-ACHSmoke.spec.ts","",""
"","10320","Presented Checks page loads correctly","msedge","Thu Sep 03 10:23:32 UTC 2026","passed","Thu Sep 03 10:23:42 UTC 2026","Application Navigation Smoke Tests","specs\Smoke\2-NavigationSmoke.spec.ts","",""
"","13740","Search box filters grid and clears correctly","msedge","Thu Sep 03 10:28:17 UTC 2026","passed","Thu Sep 03 10:28:30 UTC 2026","Issued Checks — Smoke","specs\Smoke\4-IssuedChecksSmoke.spec.ts","",""
"","19144","""+ Add ACH"" navigates to the add-ACH form","webkit","Thu Sep 03 10:21:46 UTC 2026","passed","Thu Sep 03 10:22:06 UTC 2026","ACH — Smoke","specs\Smoke\7-ACHSmoke.spec.ts","",""
"","18751","Last page arrow jumps to the final page","webkit","Thu Sep 03 10:17:58 UTC 2026","passed","Thu Sep 03 10:18:17 UTC 2026","Presented Checks — Smoke","specs\Smoke\5-PresentedChecksSmoke.spec.ts","",""
"","7936","Page size change to 10 updates pagination info in bottom-right pager","chromium","Thu Sep 03 10:08:57 UTC 2026","passed","Thu Sep 03 10:09:04 UTC 2026","Issued Checks — Smoke","specs\Smoke\4-IssuedChecksSmoke.spec.ts","",""
"","22719","Verify dashboard tab checked state updates correctly","webkit","Thu Sep 03 10:11:30 UTC 2026","passed","Thu Sep 03 10:11:53 UTC 2026","Home Dashboard","specs\Smoke\3-HomeDashboardSmoke.spec.ts","",""
"","19598","Excel export button is visible and enabled","firefox","Thu Sep 03 10:16:31 UTC 2026","passed","Thu Sep 03 10:16:50 UTC 2026","Presented Checks — Smoke","specs\Smoke\5-PresentedChecksSmoke.spec.ts","",""
"","7113","Validate Login functionality with missingPassword","firefox","Thu Sep 03 10:07:25 UTC 2026","passed","Thu Sep 03 10:07:32 UTC 2026","","specs\Smoke\1-LoginSmoke.spec.ts","",""
"","17664","Verify profile menu shows My Info and Logout links","webkit","Thu Sep 03 10:13:47 UTC 2026","passed","Thu Sep 03 10:14:05 UTC 2026","Home Dashboard","specs\Smoke\3-HomeDashboardSmoke.spec.ts","",""
"","18501","""View"" (Change Log) link on a row navigates to the entity log","firefox","Thu Sep 03 10:20:23 UTC 2026","passed","Thu Sep 03 10:20:41 UTC 2026","Presented Checks — Smoke (Continued)","specs\Smoke\5-PresentedChecksSmoke.spec.ts","",""
"","8245","""+ Add Check"" navigates to the add-check form","chromium","Thu Sep 03 10:08:21 UTC 2026","passed","Thu Sep 03 10:08:30 UTC 2026","Issued Checks — Smoke","specs\Smoke\4-IssuedChecksSmoke.spec.ts","",""
"","16899","Excel export button is visible and enabled","webkit","Thu Sep 03 10:17:04 UTC 2026","passed","Thu Sep 03 10:17:20 UTC 2026","Presented Checks — Smoke","specs\Smoke\5-PresentedChecksSmoke.spec.ts","",""
"","6954","Account Settings sub-page loads correctly","chromium","Thu Sep 03 10:05:59 UTC 2026","passed","Thu Sep 03 10:06:06 UTC 2026","Application Navigation Smoke Tests","specs\Smoke\2-NavigationSmoke.spec.ts","",""
"","17224","Check Approval Rules sub-page loads correctly","firefox","Thu Sep 03 10:12:20 UTC 2026","passed","Thu Sep 03 10:12:38 UTC 2026","Application Navigation Smoke Tests","specs\Smoke\2-NavigationSmoke.spec.ts","",""
"","18000","Exception History grid loads with data rows and key column headers","firefox","Thu Sep 03 10:21:35 UTC 2026","passed","Thu Sep 03 10:21:53 UTC 2026","Exceptions — Smoke","specs\Smoke\8-ExceptionsSmoke.spec.ts","",""
"","9245","Last page arrow jumps to the final page","chromium","Thu Sep 03 10:09:13 UTC 2026","passed","Thu Sep 03 10:09:22 UTC 2026","Issued Checks — Smoke","specs\Smoke\4-IssuedChecksSmoke.spec.ts","",""
"","8380","Check Approval Rules sub-page loads correctly","chromium","Thu Sep 03 10:07:13 UTC 2026","passed","Thu Sep 03 10:07:21 UTC 2026","Application Navigation Smoke Tests","specs\Smoke\2-NavigationSmoke.spec.ts","",""
"","7129","Verify navigation to ACH via nav menu","chromium","Thu Sep 03 10:08:21 UTC 2026","passed","Thu Sep 03 10:08:28 UTC 2026","Home Dashboard","specs\Smoke\3-HomeDashboardSmoke.spec.ts","",""
"","14981","Previous page button returns to page 1, First page button re-enables disabled state","msedge","Thu Sep 03 10:33:41 UTC 2026","passed","Thu Sep 03 10:33:56 UTC 2026","ACH — Smoke","specs\Smoke\7-ACHSmoke.spec.ts","",""
"","19113","Grid loads with data rows and key column headers","webkit","Thu Sep 03 10:21:27 UTC 2026","passed","Thu Sep 03 10:21:46 UTC 2026","ACH — Smoke","specs\Smoke\7-ACHSmoke.spec.ts","",""
"","8433","Excel export button is visible and enabled","chromium","Thu Sep 03 10:12:44 UTC 2026","passed","Thu Sep 03 10:12:53 UTC 2026","ACH — Smoke","specs\Smoke\7-ACHSmoke.spec.ts","",""
"","9801","Exceptions breadcrumb link is visible on the page","msedge","Thu Sep 03 10:35:08 UTC 2026","passed","Thu Sep 03 10:35:18 UTC 2026","Exceptions — Smoke (Continued)","specs\Smoke\8-ExceptionsSmoke.spec.ts","",""
"","12776","Validate forgot password functionality","firefox","Thu Sep 03 10:08:18 UTC 2026","passed","Thu Sep 03 10:08:31 UTC 2026","","specs\Smoke\1-LoginSmoke.spec.ts","",""
"","9102","Pre-Decisions page loads with either records or the empty-state message","firefox","Thu Sep 03 10:27:49 UTC 2026","passed","Thu Sep 03 10:27:58 UTC 2026","Exceptions — Smoke (Continued)","specs\Smoke\8-ExceptionsSmoke.spec.ts","",""
"","6451","Users sub-page loads correctly","chromium","Thu Sep 03 10:06:12 UTC 2026","passed","Thu Sep 03 10:06:18 UTC 2026","Application Navigation Smoke Tests","specs\Smoke\2-NavigationSmoke.spec.ts","",""
"","9480","""Edit"" link on a row navigates to the check edit form","chromium","Thu Sep 03 10:11:51 UTC 2026","passed","Thu Sep 03 10:12:01 UTC 2026","Presented Checks — Smoke (Continued)","specs\Smoke\5-PresentedChecksSmoke.spec.ts","",""
"","18826","Column filter menu applies a filter and Clear restores the full row set","firefox","Thu Sep 03 10:25:27 UTC 2026","passed","Thu Sep 03 10:25:46 UTC 2026","Exceptions — Smoke (Continued)","specs\Smoke\8-ExceptionsSmoke.spec.ts","",""
"","9990","Exceptions breadcrumb link is visible on the page","webkit","Thu Sep 03 10:28:24 UTC 2026","passed","Thu Sep 03 10:28:34 UTC 2026","Exceptions — Smoke (Continued)","specs\Smoke\8-ExceptionsSmoke.spec.ts","",""
"","20603","ACH Approval Rules sub-page loads correctly","webkit","Thu Sep 03 10:12:49 UTC 2026","passed","Thu Sep 03 10:13:09 UTC 2026","Application Navigation Smoke Tests","specs\Smoke\2-NavigationSmoke.spec.ts","",""
"","26393","Default filter auto-applies after logout and re-login","chromium","Thu Sep 03 10:09:57 UTC 2026","passed","Thu Sep 03 10:10:23 UTC 2026","Issued Checks — Default Filter (Serial)","specs\Smoke\4-IssuedChecksSmoke.spec.ts","",""
"","10087","File Formats sub-page loads correctly","msedge","Thu Sep 03 10:25:43 UTC 2026","passed","Thu Sep 03 10:25:53 UTC 2026","Application Navigation Smoke Tests","specs\Smoke\2-NavigationSmoke.spec.ts","",""
"","8642","File Processing sub-page loads correctly","msedge","Thu Sep 03 10:27:12 UTC 2026","passed","Thu Sep 03 10:27:21 UTC 2026","Application Navigation Smoke Tests","specs\Smoke\2-NavigationSmoke.spec.ts","",""
"","10214","Excel export button is visible and enabled","msedge","Thu Sep 03 10:28:29 UTC 2026","passed","Thu Sep 03 10:28:40 UTC 2026","Presented Checks — Smoke","specs\Smoke\5-PresentedChecksSmoke.spec.ts","",""
"","31725","Business Clients sub-page loads correctly","webkit","Thu Sep 03 10:08:20 UTC 2026","passed","Thu Sep 03 10:08:52 UTC 2026","Application Navigation Smoke Tests","specs\Smoke\2-NavigationSmoke.spec.ts","",""
"","26556","Save a filter preset, verify it is auto-selected, then delete it","firefox","Thu Sep 03 10:24:38 UTC 2026","passed","Thu Sep 03 10:25:04 UTC 2026","Exceptions — Smoke (Continued)","specs\Smoke\8-ExceptionsSmoke.spec.ts","",""
"","7140","Verify profile menu shows My Info and Logout links","chromium","Thu Sep 03 10:07:53 UTC 2026","passed","Thu Sep 03 10:08:00 UTC 2026","Home Dashboard","specs\Smoke\3-HomeDashboardSmoke.spec.ts","",""
"","4749","Validate Login functionality with sqlInjection","chromium","Thu Sep 03 10:05:54 UTC 2026","passed","Thu Sep 03 10:05:59 UTC 2026","","specs\Smoke\1-LoginSmoke.spec.ts","",""
"","12702","Verify delayed data note and force refresh link are visible on dashboard","firefox","Thu Sep 03 10:12:50 UTC 2026","passed","Thu Sep 03 10:13:03 UTC 2026","Home Dashboard","specs\Smoke\3-HomeDashboardSmoke.spec.ts","",""
"","10683","Approvals page loads with either records or the empty-state message","firefox","Thu Sep 03 10:27:38 UTC 2026","passed","Thu Sep 03 10:27:49 UTC 2026","Exceptions — Smoke (Continued)","specs\Smoke\8-ExceptionsSmoke.spec.ts","",""
"","25129","Validate session persists after page refresh","webkit","Thu Sep 03 10:09:22 UTC 2026","passed","Thu Sep 03 10:09:47 UTC 2026","","specs\Smoke\1-LoginSmoke.spec.ts","",""
"","22310","""Uploaded ACH"" navigates to the uploads page","firefox","Thu Sep 03 10:21:53 UTC 2026","passed","Thu Sep 03 10:22:15 UTC 2026","ACH — Smoke","specs\Smoke\7-ACHSmoke.spec.ts","",""
"","10007","Clicking a column header sorts ascending, clicking again sorts descending","chromium","Thu Sep 03 10:14:44 UTC 2026","passed","Thu Sep 03 10:14:54 UTC 2026","Exceptions — Smoke (Continued)","specs\Smoke\8-ExceptionsSmoke.spec.ts","",""
"","22099","Verify Home dashboard is restored after returning from another page","firefox","Thu Sep 03 10:13:34 UTC 2026","passed","Thu Sep 03 10:13:56 UTC 2026","Home Dashboard","specs\Smoke\3-HomeDashboardSmoke.spec.ts","",""
"","4817","Pre-Decisions page loads with either records or the empty-state message","chromium","Thu Sep 03 10:16:04 UTC 2026","passed","Thu Sep 03 10:16:08 UTC 2026","Exceptions — Smoke (Continued)","specs\Smoke\8-ExceptionsSmoke.spec.ts","",""
"","10763","""Uploaded ACH"" navigates to the uploads page","msedge","Thu Sep 03 10:32:17 UTC 2026","passed","Thu Sep 03 10:32:27 UTC 2026","ACH — Smoke","specs\Smoke\7-ACHSmoke.spec.ts","",""
"","12001","Issued Checks breadcrumb link is visible on the page","msedge","Thu Sep 03 10:31:30 UTC 2026","passed","Thu Sep 03 10:31:42 UTC 2026","Issued Checks — Smoke (Continued)","specs\Smoke\4-IssuedChecksSmoke.spec.ts","",""
"","21549","Automatic ACH Decision Rules sub-page loads correctly","webkit","Thu Sep 03 10:12:27 UTC 2026","passed","Thu Sep 03 10:12:49 UTC 2026","Application Navigation Smoke Tests","specs\Smoke\2-NavigationSmoke.spec.ts","",""
"","11853","Grid View toggle navigates to the open-exceptions grid and shows key column headers","msedge","Thu Sep 03 10:35:43 UTC 2026","passed","Thu Sep 03 10:35:54 UTC 2026","Exceptions — Smoke (Continued)","specs\Smoke\8-ExceptionsSmoke.spec.ts","",""
"","17018","Page size change to 10 updates pagination info in bottom-right pager","firefox","Thu Sep 03 10:16:35 UTC 2026","passed","Thu Sep 03 10:16:52 UTC 2026","Issued Checks — Smoke","specs\Smoke\4-IssuedChecksSmoke.spec.ts","",""
"","16519","Home page is accessible and shows dashboard","msedge","Thu Sep 03 10:23:04 UTC 2026","passed","Thu Sep 03 10:23:21 UTC 2026","Application Navigation Smoke Tests","specs\Smoke\2-NavigationSmoke.spec.ts","",""
"","19930","Grid loads with data rows and key column headers","firefox","Thu Sep 03 10:14:51 UTC 2026","passed","Thu Sep 03 10:15:11 UTC 2026","Issued Checks — Smoke","specs\Smoke\4-IssuedChecksSmoke.spec.ts","",""
"","11423","""Delete"" on a row shows a confirm modal; Cancel dismisses it without deleting","msedge","Thu Sep 03 10:35:20 UTC 2026","passed","Thu Sep 03 10:35:31 UTC 2026","ACH — Smoke","specs\Smoke\7-ACHSmoke.spec.ts","",""
"","17568","Page size change to 10 updates pagination info in bottom-right pager","firefox","Thu Sep 03 10:16:50 UTC 2026","passed","Thu Sep 03 10:17:08 UTC 2026","Presented Checks — Smoke","specs\Smoke\5-PresentedChecksSmoke.spec.ts","",""
"","19747","Search box filters grid and clears correctly","webkit","Thu Sep 03 10:22:23 UTC 2026","passed","Thu Sep 03 10:22:43 UTC 2026","ACH — Smoke","specs\Smoke\7-ACHSmoke.spec.ts","",""
"","12082","Saved Filters dropdown is visible and defaults to no preset","chromium","Thu Sep 03 10:09:44 UTC 2026","passed","Thu Sep 03 10:09:57 UTC 2026","Issued Checks — Smoke","specs\Smoke\4-IssuedChecksSmoke.spec.ts","",""
"","5963","Validate Login functionality with incorrectUsername","msedge","Thu Sep 03 10:23:37 UTC 2026","passed","Thu Sep 03 10:23:43 UTC 2026","","specs\Smoke\1-LoginSmoke.spec.ts","",""
"","15356","Open Exceptions page loads with either exception cards or the empty-state message","firefox","Thu Sep 03 10:27:06 UTC 2026","passed","Thu Sep 03 10:27:21 UTC 2026","Exceptions — Smoke (Continued)","specs\Smoke\8-ExceptionsSmoke.spec.ts","",""
"","19837","Save a filter preset, verify it is auto-selected, then delete it","msedge","Thu Sep 03 10:30:06 UTC 2026","passed","Thu Sep 03 10:30:25 UTC 2026","Issued Checks — Smoke (Continued)","specs\Smoke\4-IssuedChecksSmoke.spec.ts","",""
"","19896","Clicking a column header sorts ascending, clicking again sorts descending","firefox","Thu Sep 03 10:19:07 UTC 2026","passed","Thu Sep 03 10:19:27 UTC 2026","Issued Checks — Smoke (Continued)","specs\Smoke\4-IssuedChecksSmoke.spec.ts","",""
"","15194","Column filter popup applies a filter and Clear restores the full row set","chromium","Thu Sep 03 10:11:36 UTC 2026","passed","Thu Sep 03 10:11:51 UTC 2026","Presented Checks — Smoke (Continued)","specs\Smoke\5-PresentedChecksSmoke.spec.ts","",""
"","8511","Search box filters grid and clears correctly","chromium","Thu Sep 03 10:12:36 UTC 2026","passed","Thu Sep 03 10:12:44 UTC 2026","ACH — Smoke","specs\Smoke\7-ACHSmoke.spec.ts","",""
"","11768","""View"" (Change Log) link on a row navigates to the entity log","chromium","Thu Sep 03 10:11:24 UTC 2026","passed","Thu Sep 03 10:11:36 UTC 2026","Issued Checks — Smoke (Continued)","specs\Smoke\4-IssuedChecksSmoke.spec.ts","",""
"","17937","Branding sub-page loads correctly","firefox","Thu Sep 03 10:10:20 UTC 2026","passed","Thu Sep 03 10:10:38 UTC 2026","Application Navigation Smoke Tests","specs\Smoke\2-NavigationSmoke.spec.ts","",""
"","17268","Last page arrow jumps to the final page","webkit","Thu Sep 03 10:17:07 UTC 2026","passed","Thu Sep 03 10:17:24 UTC 2026","Issued Checks — Smoke","specs\Smoke\4-IssuedChecksSmoke.spec.ts","",""
"","5614","Settings page loads correctly","chromium","Thu Sep 03 10:05:53 UTC 2026","passed","Thu Sep 03 10:05:59 UTC 2026","Application Navigation Smoke Tests","specs\Smoke\2-NavigationSmoke.spec.ts","",""
"","17301","Issued Checks breadcrumb link is visible on the page","firefox","Thu Sep 03 10:20:43 UTC 2026","passed","Thu Sep 03 10:21:00 UTC 2026","Issued Checks — Smoke (Continued)","specs\Smoke\4-IssuedChecksSmoke.spec.ts","",""
"","30027","Users sub-page loads correctly","webkit","Thu Sep 03 10:08:52 UTC 2026","passed","Thu Sep 03 10:09:22 UTC 2026","Application Navigation Smoke Tests","specs\Smoke\2-NavigationSmoke.spec.ts","",""
"","9044","""+ Add ACH"" navigates to the add-ACH form","chromium","Thu Sep 03 10:12:18 UTC 2026","passed","Thu Sep 03 10:12:28 UTC 2026","ACH — Smoke","specs\Smoke\7-ACHSmoke.spec.ts","",""
"","24036","Teller page loads correctly","firefox","Thu Sep 03 10:07:13 UTC 2026","passed","Thu Sep 03 10:07:37 UTC 2026","Application Navigation Smoke Tests","specs\Smoke\2-NavigationSmoke.spec.ts","",""
"","10656","Typing a page number navigates to that page","chromium","Thu Sep 03 10:13:29 UTC 2026","passed","Thu Sep 03 10:13:40 UTC 2026","Exceptions — Smoke","specs\Smoke\8-ExceptionsSmoke.spec.ts","",""
"","9485","Teller page loads correctly","msedge","Thu Sep 03 10:23:42 UTC 2026","passed","Thu Sep 03 10:23:52 UTC 2026","Application Navigation Smoke Tests","specs\Smoke\2-NavigationSmoke.spec.ts","",""
"","30075","Default filter auto-applies after logout and re-login","chromium","Thu Sep 03 10:13:50 UTC 2026","passed","Thu Sep 03 10:14:20 UTC 2026","ACH — Smoke","specs\Smoke\7-ACHSmoke.spec.ts","",""
"","21194","Search box filters grid and clears correctly","webkit","Thu Sep 03 10:16:42 UTC 2026","passed","Thu Sep 03 10:17:04 UTC 2026","Presented Checks — Smoke","specs\Smoke\5-PresentedChecksSmoke.spec.ts","",""
"","19209","Search box filters grid and clears correctly","firefox","Thu Sep 03 10:22:15 UTC 2026","passed","Thu Sep 03 10:22:34 UTC 2026","ACH — Smoke","specs\Smoke\7-ACHSmoke.spec.ts","",""
"","18474","Clicking a column header sorts ascending, clicking again sorts descending","firefox","Thu Sep 03 10:25:30 UTC 2026","passed","Thu Sep 03 10:25:48 UTC 2026","ACH — Smoke","specs\Smoke\7-ACHSmoke.spec.ts","",""
"","11052","Page size change to 10 updates pagination info in bottom-right pager","msedge","Thu Sep 03 10:32:31 UTC 2026","passed","Thu Sep 03 10:32:42 UTC 2026","Exceptions — Smoke","specs\Smoke\8-ExceptionsSmoke.spec.ts","",""
"","6438","ACH page loads correctly","chromium","Thu Sep 03 10:05:40 UTC 2026","passed","Thu Sep 03 10:05:46 UTC 2026","Application Navigation Smoke Tests","specs\Smoke\2-NavigationSmoke.spec.ts","",""
"","6868","Verify tab-specific charts are hidden for opposite tab","chromium","Thu Sep 03 10:07:21 UTC 2026","passed","Thu Sep 03 10:07:27 UTC 2026","Home Dashboard","specs\Smoke\3-HomeDashboardSmoke.spec.ts","",""
"","11333","Validate teller presented-check form shows all required fields","msedge","Thu Sep 03 10:31:42 UTC 2026","passed","Thu Sep 03 10:31:54 UTC 2026","Teller - Smoke","specs\Smoke\6-TellerSmoke.spec.ts","",""
"","11725","Verify tab-specific charts are hidden for opposite tab","msedge","Thu Sep 03 10:26:01 UTC 2026","passed","Thu Sep 03 10:26:12 UTC 2026","Home Dashboard","specs\Smoke\3-HomeDashboardSmoke.spec.ts","",""
"","22109","Grid loads with data rows and key column headers","firefox","Thu Sep 03 10:15:11 UTC 2026","passed","Thu Sep 03 10:15:33 UTC 2026","Presented Checks — Smoke","specs\Smoke\5-PresentedChecksSmoke.spec.ts","",""
"","12741","Save a filter preset, verify it is auto-selected, then delete it","chromium","Thu Sep 03 10:14:20 UTC 2026","passed","Thu Sep 03 10:14:33 UTC 2026","ACH — Smoke","specs\Smoke\7-ACHSmoke.spec.ts","",""
"","17652","Saved Filters dropdown is visible and defaults to no preset","webkit","Thu Sep 03 10:18:06 UTC 2026","passed","Thu Sep 03 10:18:24 UTC 2026","Issued Checks — Smoke","specs\Smoke\4-IssuedChecksSmoke.spec.ts","",""
"","7764","Validate Login functionality with invalidEmailFormat","webkit","Thu Sep 03 10:06:44 UTC 2026","passed","Thu Sep 03 10:06:52 UTC 2026","","specs\Smoke\1-LoginSmoke.spec.ts","",""
"","17019","Saved Filters dropdown is visible and defaults to no preset","firefox","Thu Sep 03 10:24:26 UTC 2026","passed","Thu Sep 03 10:24:43 UTC 2026","ACH — Smoke","specs\Smoke\7-ACHSmoke.spec.ts","",""
"","18594","Validate teller presented-check form shows all required fields","webkit","Thu Sep 03 10:21:09 UTC 2026","passed","Thu Sep 03 10:21:27 UTC 2026","Teller - Smoke","specs\Smoke\6-TellerSmoke.spec.ts","",""
"","6244","Decision Files sub-page loads correctly","chromium","Thu Sep 03 10:06:38 UTC 2026","passed","Thu Sep 03 10:06:44 UTC 2026","Application Navigation Smoke Tests","specs\Smoke\2-NavigationSmoke.spec.ts","",""
"","12585","Search box filters grid and clears correctly","msedge","Thu Sep 03 10:32:05 UTC 2026","passed","Thu Sep 03 10:32:18 UTC 2026","Exceptions — Smoke","specs\Smoke\8-ExceptionsSmoke.spec.ts","",""
"","26338","Column filter popup applies a filter and Clear restores the full row set","firefox","Thu Sep 03 10:19:38 UTC 2026","passed","Thu Sep 03 10:20:04 UTC 2026","Presented Checks — Smoke (Continued)","specs\Smoke\5-PresentedChecksSmoke.spec.ts","",""
"","17701","""Uploaded Checks"" navigates to the uploads page","webkit","Thu Sep 03 10:15:35 UTC 2026","passed","Thu Sep 03 10:15:53 UTC 2026","Issued Checks — Smoke","specs\Smoke\4-IssuedChecksSmoke.spec.ts","",""
"","19359","Verify dashboard loads after successful login","webkit","Thu Sep 03 10:09:57 UTC 2026","passed","Thu Sep 03 10:10:16 UTC 2026","Home Dashboard","specs\Smoke\3-HomeDashboardSmoke.spec.ts","",""
"","3815","Validate Login functionality with veryLongInput","chromium","Thu Sep 03 10:06:03 UTC 2026","passed","Thu Sep 03 10:06:07 UTC 2026","","specs\Smoke\1-LoginSmoke.spec.ts","",""
"","5757","Validate forgot password with unregistered email","msedge","Thu Sep 03 10:24:36 UTC 2026","passed","Thu Sep 03 10:24:42 UTC 2026","","specs\Smoke\1-LoginSmoke.spec.ts","",""
"","38359","Previous page button returns to page 1, First page button re-enables disabled state","webkit","Thu Sep 03 10:18:37 UTC 2026","passed","Thu Sep 03 10:19:15 UTC 2026","Presented Checks — Smoke","specs\Smoke\5-PresentedChecksSmoke.spec.ts","",""
"","8459","Automatic Check Decision Rules sub-page loads correctly","chromium","Thu Sep 03 10:07:04 UTC 2026","passed","Thu Sep 03 10:07:13 UTC 2026","Application Navigation Smoke Tests","specs\Smoke\2-NavigationSmoke.spec.ts","",""
"","14557","Previous page button returns to page 1, First page button re-enables disabled state","msedge","Thu Sep 03 10:29:29 UTC 2026","passed","Thu Sep 03 10:29:43 UTC 2026","Presented Checks — Smoke","specs\Smoke\5-PresentedChecksSmoke.spec.ts","",""
"","18783","Next page arrow advances to page 2","firefox","Thu Sep 03 10:23:07 UTC 2026","passed","Thu Sep 03 10:23:25 UTC 2026","ACH — Smoke","specs\Smoke\7-ACHSmoke.spec.ts","",""
"","7976","Exception History grid loads with data rows and key column headers","chromium","Thu Sep 03 10:12:37 UTC 2026","passed","Thu Sep 03 10:12:45 UTC 2026","Exceptions — Smoke","specs\Smoke\8-ExceptionsSmoke.spec.ts","",""
"","11067","Page size change to 10 updates pagination info in bottom-right pager","msedge","Thu Sep 03 10:28:43 UTC 2026","passed","Thu Sep 03 10:28:54 UTC 2026","Issued Checks — Smoke","specs\Smoke\4-IssuedChecksSmoke.spec.ts","",""
"","13401","Search box filters grid and clears correctly","msedge","Thu Sep 03 10:32:27 UTC 2026","passed","Thu Sep 03 10:32:41 UTC 2026","ACH — Smoke","specs\Smoke\7-ACHSmoke.spec.ts","",""
"","15099","Verify all three dashboard view tabs are visible","firefox","Thu Sep 03 10:10:19 UTC 2026","passed","Thu Sep 03 10:10:34 UTC 2026","Home Dashboard","specs\Smoke\3-HomeDashboardSmoke.spec.ts","",""
"","4339","Validate Login functionality with invalidEmailFormat","chromium","Thu Sep 03 10:05:36 UTC 2026","passed","Thu Sep 03 10:05:40 UTC 2026","","specs\Smoke\1-LoginSmoke.spec.ts","",""
"","5520","Validate Login functionality with xssInUsername","msedge","Thu Sep 03 10:24:12 UTC 2026","passed","Thu Sep 03 10:24:17 UTC 2026","","specs\Smoke\1-LoginSmoke.spec.ts","",""
"","16629","Default filter auto-applies after logout and re-login","firefox","Thu Sep 03 10:24:43 UTC 2026","skipped","Thu Sep 03 10:24:59 UTC 2026","ACH — Smoke","specs\Smoke\7-ACHSmoke.spec.ts","",""
"","11355","Saved Filters dropdown is visible and defaults to no preset","msedge","Thu Sep 03 10:29:43 UTC 2026","passed","Thu Sep 03 10:29:55 UTC 2026","Presented Checks — Smoke","specs\Smoke\5-PresentedChecksSmoke.spec.ts","",""
"","15227","Validate teller presented-check form shows all required fields","firefox","Thu Sep 03 10:21:00 UTC 2026","passed","Thu Sep 03 10:21:16 UTC 2026","Teller - Smoke","specs\Smoke\6-TellerSmoke.spec.ts","",""
"","8478","Page size change to 10 updates pagination info in bottom-right pager","chromium","Thu Sep 03 10:09:24 UTC 2026","passed","Thu Sep 03 10:09:32 UTC 2026","Presented Checks — Smoke","specs\Smoke\5-PresentedChecksSmoke.spec.ts","",""
"","9717","Business Clients sub-page loads correctly","msedge","Thu Sep 03 10:24:30 UTC 2026","passed","Thu Sep 03 10:24:39 UTC 2026","Application Navigation Smoke Tests","specs\Smoke\2-NavigationSmoke.spec.ts","",""
"","7535","Roles/Permissions sub-page loads correctly","chromium","Thu Sep 03 10:06:18 UTC 2026","passed","Thu Sep 03 10:06:26 UTC 2026","Application Navigation Smoke Tests","specs\Smoke\2-NavigationSmoke.spec.ts","",""
"","12507","Next page arrow advances to page 2","msedge","Thu Sep 03 10:28:50 UTC 2026","passed","Thu Sep 03 10:29:03 UTC 2026","Presented Checks — Smoke","specs\Smoke\5-PresentedChecksSmoke.spec.ts","",""
"","17398","Save a filter preset, verify it is auto-selected, then delete it","chromium","Thu Sep 03 10:11:09 UTC 2026","passed","Thu Sep 03 10:11:26 UTC 2026","Presented Checks — Smoke (Continued)","specs\Smoke\5-PresentedChecksSmoke.spec.ts","",""
"","11194","""Edit"" link on a row navigates to the check edit form","msedge","Thu Sep 03 10:30:55 UTC 2026","passed","Thu Sep 03 10:31:06 UTC 2026","Issued Checks — Smoke (Continued)","specs\Smoke\4-IssuedChecksSmoke.spec.ts","",""
"","20624","""Delete"" on a row shows a confirm modal; Cancel dismisses it without deleting","webkit","Thu Sep 03 10:27:12 UTC 2026","passed","Thu Sep 03 10:27:33 UTC 2026","ACH — Smoke","specs\Smoke\7-ACHSmoke.spec.ts","",""
"","21120","Verify all three dashboard view tabs are visible","webkit","Thu Sep 03 10:10:16 UTC 2026","passed","Thu Sep 03 10:10:37 UTC 2026","Home Dashboard","specs\Smoke\3-HomeDashboardSmoke.spec.ts","",""
"","18463","Verify tab-specific charts are hidden for opposite tab","firefox","Thu Sep 03 10:12:01 UTC 2026","passed","Thu Sep 03 10:12:20 UTC 2026","Home Dashboard","specs\Smoke\3-HomeDashboardSmoke.spec.ts","",""
"","16711","Decision Files sub-page loads correctly","firefox","Thu Sep 03 10:10:54 UTC 2026","passed","Thu Sep 03 10:11:11 UTC 2026","Application Navigation Smoke Tests","specs\Smoke\2-NavigationSmoke.spec.ts","",""
"","11693","""+ Add Check"" navigates to the add-check form","msedge","Thu Sep 03 10:27:53 UTC 2026","passed","Thu Sep 03 10:28:05 UTC 2026","Presented Checks — Smoke","specs\Smoke\5-PresentedChecksSmoke.spec.ts","",""
"","15399","System Log sub-page loads correctly","firefox","Thu Sep 03 10:13:45 UTC 2026","passed","Thu Sep 03 10:14:01 UTC 2026","Application Navigation Smoke Tests","specs\Smoke\2-NavigationSmoke.spec.ts","",""
"","17751","Default filter auto-applies after logout and re-login","webkit","Thu Sep 03 10:19:32 UTC 2026","skipped","Thu Sep 03 10:19:50 UTC 2026","Presented Checks — Default Filter (Serial)","specs\Smoke\5-PresentedChecksSmoke.spec.ts","",""
"","9901","Clicking a column header sorts ascending, clicking again sorts descending","chromium","Thu Sep 03 10:10:39 UTC 2026","passed","Thu Sep 03 10:10:49 UTC 2026","Issued Checks — Smoke (Continued)","specs\Smoke\4-IssuedChecksSmoke.spec.ts","",""
"","7218","Default Decision Log sub-page loads correctly","chromium","Thu Sep 03 10:07:41 UTC 2026","passed","Thu Sep 03 10:07:48 UTC 2026","Application Navigation Smoke Tests","specs\Smoke\2-NavigationSmoke.spec.ts","",""
"","18814","Pay/Return decision badge navigates to exception history","msedge","Thu Sep 03 10:35:31 UTC 2026","passed","Thu Sep 03 10:35:50 UTC 2026","ACH — Smoke","specs\Smoke\7-ACHSmoke.spec.ts","",""
"","18615","Users sub-page loads correctly","firefox","Thu Sep 03 10:09:42 UTC 2026","passed","Thu Sep 03 10:10:00 UTC 2026","Application Navigation Smoke Tests","specs\Smoke\2-NavigationSmoke.spec.ts","",""
"","17477","Notification Log sub-page loads correctly","webkit","Thu Sep 03 10:13:09 UTC 2026","passed","Thu Sep 03 10:13:27 UTC 2026","Application Navigation Smoke Tests","specs\Smoke\2-NavigationSmoke.spec.ts","",""
"","4475","Validate Login functionality with incorrectUsername","chromium","Thu Sep 03 10:05:31 UTC 2026","passed","Thu Sep 03 10:05:36 UTC 2026","","specs\Smoke\1-LoginSmoke.spec.ts","",""
"","15374","Verify Total Exceptions and Total Exception Amount labels are visible","firefox","Thu Sep 03 10:12:20 UTC 2026","passed","Thu Sep 03 10:12:35 UTC 2026","Home Dashboard","specs\Smoke\3-HomeDashboardSmoke.spec.ts","",""
"","16619","Verify chart title changes with selected tab","firefox","Thu Sep 03 10:11:45 UTC 2026","passed","Thu Sep 03 10:12:01 UTC 2026","Home Dashboard","specs\Smoke\3-HomeDashboardSmoke.spec.ts","",""
"","9260","Validate unauthenticated access to protected route is redirected to login","webkit","Thu Sep 03 10:09:47 UTC 2026","passed","Thu Sep 03 10:09:57 UTC 2026","","specs\Smoke\1-LoginSmoke.spec.ts","",""
"","6918","Approvals page loads with either records or the empty-state message","webkit","Thu Sep 03 10:29:05 UTC 2026","passed","Thu Sep 03 10:29:12 UTC 2026","Exceptions — Smoke (Continued)","specs\Smoke\8-ExceptionsSmoke.spec.ts","",""
"","14399","Account Settings sub-page loads correctly","firefox","Thu Sep 03 10:09:12 UTC 2026","passed","Thu Sep 03 10:09:26 UTC 2026","Application Navigation Smoke Tests","specs\Smoke\2-NavigationSmoke.spec.ts","",""
"","12090","""Uploaded Checks"" navigates to the uploads page","msedge","Thu Sep 03 10:28:05 UTC 2026","passed","Thu Sep 03 10:28:17 UTC 2026","Presented Checks — Smoke","specs\Smoke\5-PresentedChecksSmoke.spec.ts","",""
"","27011","Validate forgot password functionality with No email","webkit","Thu Sep 03 10:08:31 UTC 2026","passed","Thu Sep 03 10:08:58 UTC 2026","","specs\Smoke\1-LoginSmoke.spec.ts","",""
"","21698","Clicking a column header sorts ascending, clicking again sorts descending","firefox","Thu Sep 03 10:19:16 UTC 2026","passed","Thu Sep 03 10:19:38 UTC 2026","Presented Checks — Smoke (Continued)","specs\Smoke\5-PresentedChecksSmoke.spec.ts","",""
"","29083","Save a filter preset, verify it is auto-selected, then delete it","firefox","Thu Sep 03 10:18:38 UTC 2026","passed","Thu Sep 03 10:19:07 UTC 2026","Issued Checks — Smoke (Continued)","specs\Smoke\4-IssuedChecksSmoke.spec.ts","",""
"","17048","Presented Checks breadcrumb link is visible on the page","webkit","Thu Sep 03 10:22:24 UTC 2026","passed","Thu Sep 03 10:22:41 UTC 2026","Presented Checks — Smoke (Continued)","specs\Smoke\5-PresentedChecksSmoke.spec.ts","",""
"","17711","ACH breadcrumb link is visible on the page","webkit","Thu Sep 03 10:28:07 UTC 2026","passed","Thu Sep 03 10:28:24 UTC 2026","ACH — Smoke","specs\Smoke\7-ACHSmoke.spec.ts","",""
"","9541","Search box filters grid and clears correctly","chromium","Thu Sep 03 10:12:45 UTC 2026","passed","Thu Sep 03 10:12:54 UTC 2026","Exceptions — Smoke","specs\Smoke\8-ExceptionsSmoke.spec.ts","",""
"","9017","Excel export button is visible and enabled","chromium","Thu Sep 03 10:08:48 UTC 2026","passed","Thu Sep 03 10:08:57 UTC 2026","Issued Checks — Smoke","specs\Smoke\4-IssuedChecksSmoke.spec.ts","",""
"","12099","Default filter auto-applies after logout and re-login","webkit","Thu Sep 03 10:26:00 UTC 2026","skipped","Thu Sep 03 10:26:12 UTC 2026","Exceptions — Default Filter (Serial)","specs\Smoke\8-ExceptionsSmoke.spec.ts","",""
"","17568","""View"" (Change Log) link on a row navigates to the entity log","firefox","Thu Sep 03 10:20:06 UTC 2026","passed","Thu Sep 03 10:20:24 UTC 2026","Issued Checks — Smoke (Continued)","specs\Smoke\4-IssuedChecksSmoke.spec.ts","",""
"","12613","Search box filters grid and clears correctly","msedge","Thu Sep 03 10:28:17 UTC 2026","passed","Thu Sep 03 10:28:29 UTC 2026","Presented Checks — Smoke","specs\Smoke\5-PresentedChecksSmoke.spec.ts","",""
"","10924","Default filter auto-applies after logout and re-login","msedge","Thu Sep 03 10:29:55 UTC 2026","skipped","Thu Sep 03 10:30:05 UTC 2026","Issued Checks — Default Filter (Serial)","specs\Smoke\4-IssuedChecksSmoke.spec.ts","",""
"","22940","Previous page button returns to page 1, First page button re-enables disabled state","webkit","Thu Sep 03 10:25:21 UTC 2026","passed","Thu Sep 03 10:25:44 UTC 2026","Exceptions — Smoke","specs\Smoke\8-ExceptionsSmoke.spec.ts","",""
"","16697","Exceptions breadcrumb link is visible on the page","firefox","Thu Sep 03 10:26:32 UTC 2026","passed","Thu Sep 03 10:26:49 UTC 2026","Exceptions — Smoke (Continued)","specs\Smoke\8-ExceptionsSmoke.spec.ts","",""
"","6831","File Formats sub-page loads correctly","chromium","Thu Sep 03 10:06:51 UTC 2026","passed","Thu Sep 03 10:06:57 UTC 2026","Application Navigation Smoke Tests","specs\Smoke\2-NavigationSmoke.spec.ts","",""
"","11732","Typing a page number navigates to that page","msedge","Thu Sep 03 10:33:05 UTC 2026","passed","Thu Sep 03 10:33:17 UTC 2026","Exceptions — Smoke","specs\Smoke\8-ExceptionsSmoke.spec.ts","",""
"","16691","Default filter auto-applies after logout and re-login","firefox","Thu Sep 03 10:18:38 UTC 2026","skipped","Thu Sep 03 10:18:55 UTC 2026","Presented Checks — Default Filter (Serial)","specs\Smoke\5-PresentedChecksSmoke.spec.ts","",""
"","10591","Branding sub-page loads correctly","msedge","Thu Sep 03 10:25:00 UTC 2026","passed","Thu Sep 03 10:25:10 UTC 2026","Application Navigation Smoke Tests","specs\Smoke\2-NavigationSmoke.spec.ts","",""
"","26513","Default filter auto-applies after logout and re-login","chromium","Thu Sep 03 10:10:42 UTC 2026","passed","Thu Sep 03 10:11:09 UTC 2026","Presented Checks — Default Filter (Serial)","specs\Smoke\5-PresentedChecksSmoke.spec.ts","",""
"","6620","Verify navigation to Issued Checks via nav menu","chromium","Thu Sep 03 10:08:07 UTC 2026","passed","Thu Sep 03 10:08:14 UTC 2026","Home Dashboard","specs\Smoke\3-HomeDashboardSmoke.spec.ts","",""
"","25079","Verify chart title changes with selected tab","webkit","Thu Sep 03 10:11:53 UTC 2026","passed","Thu Sep 03 10:12:18 UTC 2026","Home Dashboard","specs\Smoke\3-HomeDashboardSmoke.spec.ts","",""
"","16655","Verify ACH Only tab shows ACH-specific chart sections","webkit","Thu Sep 03 10:11:13 UTC 2026","passed","Thu Sep 03 10:11:30 UTC 2026","Home Dashboard","specs\Smoke\3-HomeDashboardSmoke.spec.ts","",""
"","22684","ACH page loads correctly","firefox","Thu Sep 03 10:07:37 UTC 2026","passed","Thu Sep 03 10:08:00 UTC 2026","Application Navigation Smoke Tests","specs\Smoke\2-NavigationSmoke.spec.ts","",""
"","6792","Issued Checks page loads correctly","chromium","Thu Sep 03 10:05:20 UTC 2026","passed","Thu Sep 03 10:05:27 UTC 2026","Application Navigation Smoke Tests","specs\Smoke\2-NavigationSmoke.spec.ts","",""
"","11251","Saved Filters dropdown is visible and defaults to no preset","chromium","Thu Sep 03 10:13:50 UTC 2026","passed","Thu Sep 03 10:14:02 UTC 2026","Exceptions — Smoke","specs\Smoke\8-ExceptionsSmoke.spec.ts","",""
"","19036","Roles/Permissions sub-page loads correctly","firefox","Thu Sep 03 10:10:01 UTC 2026","passed","Thu Sep 03 10:10:20 UTC 2026","Application Navigation Smoke Tests","specs\Smoke\2-NavigationSmoke.spec.ts","",""
"","9094","Exceptions breadcrumb link is visible on the page","chromium","Thu Sep 03 10:15:27 UTC 2026","passed","Thu Sep 03 10:15:36 UTC 2026","Exceptions — Smoke (Continued)","specs\Smoke\8-ExceptionsSmoke.spec.ts","",""
"","17720","Validate forgot password functionality with No email","firefox","Thu Sep 03 10:08:31 UTC 2026","passed","Thu Sep 03 10:08:49 UTC 2026","","specs\Smoke\1-LoginSmoke.spec.ts","",""
"","24353","Account Settings sub-page loads correctly","webkit","Thu Sep 03 10:07:56 UTC 2026","passed","Thu Sep 03 10:08:20 UTC 2026","Application Navigation Smoke Tests","specs\Smoke\2-NavigationSmoke.spec.ts","",""
"","29391","Save a filter preset, verify it is auto-selected, then delete it","webkit","Thu Sep 03 10:25:39 UTC 2026","passed","Thu Sep 03 10:26:08 UTC 2026","ACH — Smoke","specs\Smoke\7-ACHSmoke.spec.ts","",""
"","10535","""Delete"" on a row shows a confirm modal; Cancel dismisses it without deleting","chromium","Thu Sep 03 10:15:05 UTC 2026","passed","Thu Sep 03 10:15:15 UTC 2026","ACH — Smoke","specs\Smoke\7-ACHSmoke.spec.ts","",""
"","7004","Validate Login functionality with incorrectUsername","firefox","Thu Sep 03 10:07:00 UTC 2026","passed","Thu Sep 03 10:07:07 UTC 2026","","specs\Smoke\1-LoginSmoke.spec.ts","",""
"","9679","Validate session persists after page refresh","msedge","Thu Sep 03 10:24:42 UTC 2026","passed","Thu Sep 03 10:24:52 UTC 2026","","specs\Smoke\1-LoginSmoke.spec.ts","",""
"","18991","Automatic Check Decision Rules sub-page loads correctly","webkit","Thu Sep 03 10:11:48 UTC 2026","passed","Thu Sep 03 10:12:07 UTC 2026","Application Navigation Smoke Tests","specs\Smoke\2-NavigationSmoke.spec.ts","",""
"","13969","Previous page button returns to page 1, First page button re-enables disabled state","msedge","Thu Sep 03 10:33:17 UTC 2026","passed","Thu Sep 03 10:33:31 UTC 2026","Exceptions — Smoke","specs\Smoke\8-ExceptionsSmoke.spec.ts","",""
"","10884","Next page arrow advances to page 2","msedge","Thu Sep 03 10:28:54 UTC 2026","passed","Thu Sep 03 10:29:05 UTC 2026","Issued Checks — Smoke","specs\Smoke\4-IssuedChecksSmoke.spec.ts","",""
"","11504","Last page arrow jumps to the final page","msedge","Thu Sep 03 10:29:05 UTC 2026","passed","Thu Sep 03 10:29:16 UTC 2026","Issued Checks — Smoke","specs\Smoke\4-IssuedChecksSmoke.spec.ts","",""
"","9323","Check Approval Rules sub-page loads correctly","msedge","Thu Sep 03 10:26:14 UTC 2026","passed","Thu Sep 03 10:26:24 UTC 2026","Application Navigation Smoke Tests","specs\Smoke\2-NavigationSmoke.spec.ts","",""
"","10011","Validate Login functionality with emptyFields","firefox","Thu Sep 03 10:07:15 UTC 2026","passed","Thu Sep 03 10:07:25 UTC 2026","","specs\Smoke\1-LoginSmoke.spec.ts","",""
"","11313","Previous page button returns to page 1, First page button re-enables disabled state","chromium","Thu Sep 03 10:13:29 UTC 2026","passed","Thu Sep 03 10:13:41 UTC 2026","ACH — Smoke","specs\Smoke\7-ACHSmoke.spec.ts","",""
"","11231","Column filter menu applies a filter and Clear restores the full row set","chromium","Thu Sep 03 10:14:54 UTC 2026","passed","Thu Sep 03 10:15:05 UTC 2026","Exceptions — Smoke (Continued)","specs\Smoke\8-ExceptionsSmoke.spec.ts","",""
"","6130","Notification Log sub-page loads correctly","chromium","Thu Sep 03 10:07:34 UTC 2026","passed","Thu Sep 03 10:07:40 UTC 2026","Application Navigation Smoke Tests","specs\Smoke\2-NavigationSmoke.spec.ts","",""
"","7497","Verify Total Exceptions and Total Exception Amount labels are visible","msedge","Thu Sep 03 10:26:12 UTC 2026","passed","Thu Sep 03 10:26:20 UTC 2026","Home Dashboard","specs\Smoke\3-HomeDashboardSmoke.spec.ts","",""
"","7702","Verify profile menu shows My Info and Logout links","msedge","Thu Sep 03 10:26:44 UTC 2026","passed","Thu Sep 03 10:26:52 UTC 2026","Home Dashboard","specs\Smoke\3-HomeDashboardSmoke.spec.ts","",""
"","7931","Verify Check Only tab shows Check-specific chart sections","msedge","Thu Sep 03 10:25:24 UTC 2026","passed","Thu Sep 03 10:25:32 UTC 2026","Home Dashboard","specs\Smoke\3-HomeDashboardSmoke.spec.ts","",""
"","17869","Validate Login functionality with veryLongInput","webkit","Thu Sep 03 10:07:53 UTC 2026","passed","Thu Sep 03 10:08:10 UTC 2026","","specs\Smoke\1-LoginSmoke.spec.ts","",""
"","7322","Validate Login functionality with incorrectPassword","webkit","Thu Sep 03 10:06:27 UTC 2026","passed","Thu Sep 03 10:06:34 UTC 2026","","specs\Smoke\1-LoginSmoke.spec.ts","",""
"","19512","Search box filters grid and clears correctly","webkit","Thu Sep 03 10:23:00 UTC 2026","passed","Thu Sep 03 10:23:19 UTC 2026","Exceptions — Smoke","specs\Smoke\8-ExceptionsSmoke.spec.ts","",""
"","9570","Default Decision Log sub-page loads correctly","msedge","Thu Sep 03 10:26:52 UTC 2026","passed","Thu Sep 03 10:27:02 UTC 2026","Application Navigation Smoke Tests","specs\Smoke\2-NavigationSmoke.spec.ts","",""
"","27139","Save a filter preset, verify it is auto-selected, then delete it","webkit","Thu Sep 03 10:18:42 UTC 2026","passed","Thu Sep 03 10:19:09 UTC 2026","Issued Checks — Smoke (Continued)","specs\Smoke\4-IssuedChecksSmoke.spec.ts","",""
"","18632","""View"" (Change Log) link on a row navigates to the entity log","webkit","Thu Sep 03 10:26:54 UTC 2026","passed","Thu Sep 03 10:27:12 UTC 2026","ACH — Smoke","specs\Smoke\7-ACHSmoke.spec.ts","",""
"","13070","Typing a page number navigates to that page","msedge","Thu Sep 03 10:29:16 UTC 2026","passed","Thu Sep 03 10:29:29 UTC 2026","Presented Checks — Smoke","specs\Smoke\5-PresentedChecksSmoke.spec.ts","",""
"","17107","Validate Login functionality with correctCredentials","webkit","Thu Sep 03 10:05:53 UTC 2026","passed","Thu Sep 03 10:06:10 UTC 2026","","specs\Smoke\1-LoginSmoke.spec.ts","",""
"","10426","Search box filters grid and clears correctly","chromium","Thu Sep 03 10:08:37 UTC 2026","passed","Thu Sep 03 10:08:47 UTC 2026","Issued Checks — Smoke","specs\Smoke\4-IssuedChecksSmoke.spec.ts","",""
"","20274","Save a filter preset, verify it is auto-selected, then delete it","msedge","Thu Sep 03 10:30:06 UTC 2026","passed","Thu Sep 03 10:30:26 UTC 2026","Presented Checks — Smoke (Continued)","specs\Smoke\5-PresentedChecksSmoke.spec.ts","",""
"","7973","Grid View toggle navigates to the open-exceptions grid and shows key column headers","chromium","Thu Sep 03 10:15:51 UTC 2026","passed","Thu Sep 03 10:15:59 UTC 2026","Exceptions — Smoke (Continued)","specs\Smoke\8-ExceptionsSmoke.spec.ts","",""
"","17353","Page size change to 10 updates pagination info in bottom-right pager","webkit","Thu Sep 03 10:16:31 UTC 2026","passed","Thu Sep 03 10:16:48 UTC 2026","Issued Checks — Smoke","specs\Smoke\4-IssuedChecksSmoke.spec.ts","",""
"","34641","Save a filter preset, verify it is auto-selected, then delete it","webkit","Thu Sep 03 10:26:12 UTC 2026","passed","Thu Sep 03 10:26:47 UTC 2026","Exceptions — Smoke (Continued)","specs\Smoke\8-ExceptionsSmoke.spec.ts","",""
"","19907","Save a filter preset, verify it is auto-selected, then delete it","msedge","Thu Sep 03 10:34:20 UTC 2026","passed","Thu Sep 03 10:34:40 UTC 2026","ACH — Smoke","specs\Smoke\7-ACHSmoke.spec.ts","",""
"","7113","Validate Login functionality with invalidEmailFormat","firefox","Thu Sep 03 10:07:07 UTC 2026","passed","Thu Sep 03 10:07:14 UTC 2026","","specs\Smoke\1-LoginSmoke.spec.ts","",""
"","10344","Grid loads with data rows and key column headers","msedge","Thu Sep 03 10:27:43 UTC 2026","passed","Thu Sep 03 10:27:53 UTC 2026","Presented Checks — Smoke","specs\Smoke\5-PresentedChecksSmoke.spec.ts","",""
"","16334","Presented Checks page loads correctly","webkit","Thu Sep 03 10:06:28 UTC 2026","passed","Thu Sep 03 10:06:44 UTC 2026","Application Navigation Smoke Tests","specs\Smoke\2-NavigationSmoke.spec.ts","",""
"","8892","Settings page loads correctly","msedge","Thu Sep 03 10:24:12 UTC 2026","passed","Thu Sep 03 10:24:21 UTC 2026","Application Navigation Smoke Tests","specs\Smoke\2-NavigationSmoke.spec.ts","",""
"","18742","Grid loads with data rows and key column headers","firefox","Thu Sep 03 10:21:16 UTC 2026","passed","Thu Sep 03 10:21:35 UTC 2026","ACH — Smoke","specs\Smoke\7-ACHSmoke.spec.ts","",""
"","18899","""+ Add Check"" navigates to the add-check form","firefox","Thu Sep 03 10:15:33 UTC 2026","passed","Thu Sep 03 10:15:52 UTC 2026","Presented Checks — Smoke","specs\Smoke\5-PresentedChecksSmoke.spec.ts","",""
"","27056","Default filter auto-applies after logout and re-login","chromium","Thu Sep 03 10:14:02 UTC 2026","passed","Thu Sep 03 10:14:29 UTC 2026","Exceptions — Default Filter (Serial)","specs\Smoke\8-ExceptionsSmoke.spec.ts","",""
"","7838","Automatic ACH Decision Rules sub-page loads correctly","msedge","Thu Sep 03 10:26:24 UTC 2026","passed","Thu Sep 03 10:26:31 UTC 2026","Application Navigation Smoke Tests","specs\Smoke\2-NavigationSmoke.spec.ts","",""
"","17975","Last page arrow jumps to the final page","firefox","Thu Sep 03 10:23:07 UTC 2026","passed","Thu Sep 03 10:23:25 UTC 2026","Exceptions — Smoke","specs\Smoke\8-ExceptionsSmoke.spec.ts","",""
"","11525","Grid loads with data rows and key column headers","msedge","Thu Sep 03 10:31:54 UTC 2026","passed","Thu Sep 03 10:32:05 UTC 2026","ACH — Smoke","specs\Smoke\7-ACHSmoke.spec.ts","",""
"","11723","Home page is accessible and shows dashboard","chromium","Thu Sep 03 10:05:08 UTC 2026","passed","Thu Sep 03 10:05:20 UTC 2026","Application Navigation Smoke Tests","specs\Smoke\2-NavigationSmoke.spec.ts","",""
"","13093","""Delete"" on a row shows a confirm modal; Cancel dismisses it without deleting","chromium","Thu Sep 03 10:11:36 UTC 2026","passed","Thu Sep 03 10:11:49 UTC 2026","Issued Checks — Smoke (Continued)","specs\Smoke\4-IssuedChecksSmoke.spec.ts","",""
"","6717","Validate forgot password functionality with No email","msedge","Thu Sep 03 10:24:29 UTC 2026","passed","Thu Sep 03 10:24:36 UTC 2026","","specs\Smoke\1-LoginSmoke.spec.ts","",""
"","7545","""+ Add Check"" navigates to the add-check form","chromium","Thu Sep 03 10:08:49 UTC 2026","passed","Thu Sep 03 10:08:56 UTC 2026","Presented Checks — Smoke","specs\Smoke\5-PresentedChecksSmoke.spec.ts","",""
"","4943","Validate unauthenticated access to protected route is redirected to login","chromium","Thu Sep 03 10:06:27 UTC 2026","passed","Thu Sep 03 10:06:32 UTC 2026","","specs\Smoke\1-LoginSmoke.spec.ts","",""
"","8670","""Delete"" on a row shows a confirm modal; Cancel dismisses it without deleting","chromium","Thu Sep 03 10:12:10 UTC 2026","passed","Thu Sep 03 10:12:18 UTC 2026","Presented Checks — Smoke (Continued)","specs\Smoke\5-PresentedChecksSmoke.spec.ts","",""
"","16465","Excel export button is visible and enabled","firefox","Thu Sep 03 10:16:18 UTC 2026","passed","Thu Sep 03 10:16:35 UTC 2026","Issued Checks — Smoke","specs\Smoke\4-IssuedChecksSmoke.spec.ts","",""
"","21728","Previous page button returns to page 1, First page button re-enables disabled state","firefox","Thu Sep 03 10:24:04 UTC 2026","passed","Thu Sep 03 10:24:26 UTC 2026","ACH — Smoke","specs\Smoke\7-ACHSmoke.spec.ts","",""
"","20256","Typing a page number navigates to that page","firefox","Thu Sep 03 10:23:25 UTC 2026","passed","Thu Sep 03 10:23:45 UTC 2026","Exceptions — Smoke","specs\Smoke\8-ExceptionsSmoke.spec.ts","",""
"","9514","Saved Filters dropdown is visible and defaults to no preset","chromium","Thu Sep 03 10:13:41 UTC 2026","passed","Thu Sep 03 10:13:50 UTC 2026","ACH — Smoke","specs\Smoke\7-ACHSmoke.spec.ts","",""
"","15091","ACH Approval Rules sub-page loads correctly","firefox","Thu Sep 03 10:12:59 UTC 2026","passed","Thu Sep 03 10:13:14 UTC 2026","Application Navigation Smoke Tests","specs\Smoke\2-NavigationSmoke.spec.ts","",""
"","8851","""View"" (Change Log) link on a row navigates to the entity log","chromium","Thu Sep 03 10:12:01 UTC 2026","passed","Thu Sep 03 10:12:10 UTC 2026","Presented Checks — Smoke (Continued)","specs\Smoke\5-PresentedChecksSmoke.spec.ts","",""
"","5556","Validate Login functionality with missingUsername","msedge","Thu Sep 03 10:24:00 UTC 2026","passed","Thu Sep 03 10:24:06 UTC 2026","","specs\Smoke\1-LoginSmoke.spec.ts","",""
"","8674","Validate teller presented-check form shows all required fields","chromium","Thu Sep 03 10:12:00 UTC 2026","passed","Thu Sep 03 10:12:09 UTC 2026","Teller - Smoke","specs\Smoke\6-TellerSmoke.spec.ts","",""
"","18932","Automatic Check Decision Rules sub-page loads correctly","firefox","Thu Sep 03 10:12:02 UTC 2026","passed","Thu Sep 03 10:12:20 UTC 2026","Application Navigation Smoke Tests","specs\Smoke\2-NavigationSmoke.spec.ts","",""
"","15653","""Edit"" link on a row navigates to the check edit form","chromium","Thu Sep 03 10:11:08 UTC 2026","passed","Thu Sep 03 10:11:24 UTC 2026","Issued Checks — Smoke (Continued)","specs\Smoke\4-IssuedChecksSmoke.spec.ts","",""
"","16359","Presented Checks breadcrumb link is visible on the page","firefox","Thu Sep 03 10:21:18 UTC 2026","passed","Thu Sep 03 10:21:35 UTC 2026","Presented Checks — Smoke (Continued)","specs\Smoke\5-PresentedChecksSmoke.spec.ts","",""
"","22182","Column filter popup applies a filter and Clear restores the full row set","firefox","Thu Sep 03 10:19:27 UTC 2026","passed","Thu Sep 03 10:19:49 UTC 2026","Issued Checks — Smoke (Continued)","specs\Smoke\4-IssuedChecksSmoke.spec.ts","",""
"","7137","Verify navigation to Presented Checks via nav menu","chromium","Thu Sep 03 10:08:14 UTC 2026","passed","Thu Sep 03 10:08:21 UTC 2026","Home Dashboard","specs\Smoke\3-HomeDashboardSmoke.spec.ts","",""
"","19131","Save a filter preset, verify it is auto-selected, then delete it","msedge","Thu Sep 03 10:33:49 UTC 2026","passed","Thu Sep 03 10:34:08 UTC 2026","Exceptions — Smoke (Continued)","specs\Smoke\8-ExceptionsSmoke.spec.ts","",""
"","18323","Page size change to 10 updates pagination info in bottom-right pager","webkit","Thu Sep 03 10:23:01 UTC 2026","passed","Thu Sep 03 10:23:19 UTC 2026","ACH — Smoke","specs\Smoke\7-ACHSmoke.spec.ts","",""
"","21227","Save a filter preset, verify it is auto-selected, then delete it","firefox","Thu Sep 03 10:18:55 UTC 2026","passed","Thu Sep 03 10:19:16 UTC 2026","Presented Checks — Smoke (Continued)","specs\Smoke\5-PresentedChecksSmoke.spec.ts","",""
"","11141","Default filter auto-applies after logout and re-login","msedge","Thu Sep 03 10:34:09 UTC 2026","skipped","Thu Sep 03 10:34:20 UTC 2026","ACH — Smoke","specs\Smoke\7-ACHSmoke.spec.ts","",""
"","17465","Excel export button is visible and enabled","webkit","Thu Sep 03 10:23:19 UTC 2026","passed","Thu Sep 03 10:23:37 UTC 2026","Exceptions — Smoke","specs\Smoke\8-ExceptionsSmoke.spec.ts","",""
"","20237","Typing a page number navigates to that page","webkit","Thu Sep 03 10:18:17 UTC 2026","passed","Thu Sep 03 10:18:37 UTC 2026","Presented Checks — Smoke","specs\Smoke\5-PresentedChecksSmoke.spec.ts","",""
"","7323","Verify ACH Only tab shows ACH-specific chart sections","chromium","Thu Sep 03 10:06:57 UTC 2026","passed","Thu Sep 03 10:07:05 UTC 2026","Home Dashboard","specs\Smoke\3-HomeDashboardSmoke.spec.ts","",""
"","15199","Save a filter preset, verify it is auto-selected, then delete it","chromium","Thu Sep 03 10:14:29 UTC 2026","passed","Thu Sep 03 10:14:44 UTC 2026","Exceptions — Smoke (Continued)","specs\Smoke\8-ExceptionsSmoke.spec.ts","",""
"","8971","Verify navigation to ACH via nav menu","msedge","Thu Sep 03 10:27:19 UTC 2026","passed","Thu Sep 03 10:27:28 UTC 2026","Home Dashboard","specs\Smoke\3-HomeDashboardSmoke.spec.ts","",""
"","8763","Page size change to 10 updates pagination info in bottom-right pager","chromium","Thu Sep 03 10:13:02 UTC 2026","passed","Thu Sep 03 10:13:11 UTC 2026","Exceptions — Smoke","specs\Smoke\8-ExceptionsSmoke.spec.ts","",""
"","17912","Default filter auto-applies after logout and re-login","webkit","Thu Sep 03 10:18:24 UTC 2026","skipped","Thu Sep 03 10:18:42 UTC 2026","Issued Checks — Default Filter (Serial)","specs\Smoke\4-IssuedChecksSmoke.spec.ts","",""
"","10892","Saved Filters dropdown is visible and defaults to no preset","msedge","Thu Sep 03 10:33:31 UTC 2026","passed","Thu Sep 03 10:33:42 UTC 2026","Exceptions — Smoke","specs\Smoke\8-ExceptionsSmoke.spec.ts","",""
"","22643","Column filter popup applies a filter and Clear restores the full row set","firefox","Thu Sep 03 10:25:48 UTC 2026","passed","Thu Sep 03 10:26:11 UTC 2026","ACH — Smoke","specs\Smoke\7-ACHSmoke.spec.ts","",""
"","10017","Last page arrow jumps to the final page","chromium","Thu Sep 03 10:09:46 UTC 2026","passed","Thu Sep 03 10:09:56 UTC 2026","Presented Checks — Smoke","specs\Smoke\5-PresentedChecksSmoke.spec.ts","",""
"","23342","Previous page button returns to page 1, First page button re-enables disabled state","firefox","Thu Sep 03 10:23:45 UTC 2026","passed","Thu Sep 03 10:24:09 UTC 2026","Exceptions — Smoke","specs\Smoke\8-ExceptionsSmoke.spec.ts","",""
"","8864","Last page arrow jumps to the final page","chromium","Thu Sep 03 10:13:20 UTC 2026","passed","Thu Sep 03 10:13:29 UTC 2026","Exceptions — Smoke","specs\Smoke\8-ExceptionsSmoke.spec.ts","",""
"","10024","Search box filters grid and clears correctly","chromium","Thu Sep 03 10:09:04 UTC 2026","passed","Thu Sep 03 10:09:14 UTC 2026","Presented Checks — Smoke","specs\Smoke\5-PresentedChecksSmoke.spec.ts","",""
"","17693","Verify navigation to Presented Checks via nav menu","webkit","Thu Sep 03 10:14:42 UTC 2026","passed","Thu Sep 03 10:15:00 UTC 2026","Home Dashboard","specs\Smoke\3-HomeDashboardSmoke.spec.ts","",""
"","19978","Last page arrow jumps to the final page","firefox","Thu Sep 03 10:23:25 UTC 2026","passed","Thu Sep 03 10:23:45 UTC 2026","ACH — Smoke","specs\Smoke\7-ACHSmoke.spec.ts","",""
"","26455","""View"" link on a row opens the Exception Details dialog","webkit","Thu Sep 03 10:27:32 UTC 2026","passed","Thu Sep 03 10:27:59 UTC 2026","Exceptions — Smoke (Continued)","specs\Smoke\8-ExceptionsSmoke.spec.ts","",""
"","18662","Last page arrow jumps to the final page","webkit","Thu Sep 03 10:23:38 UTC 2026","passed","Thu Sep 03 10:23:56 UTC 2026","ACH — Smoke","specs\Smoke\7-ACHSmoke.spec.ts","",""
"","16843","Next page arrow advances to page 2","firefox","Thu Sep 03 10:16:52 UTC 2026","passed","Thu Sep 03 10:17:09 UTC 2026","Issued Checks — Smoke","specs\Smoke\4-IssuedChecksSmoke.spec.ts","",""
"","9152","Typing a page number navigates to that page","chromium","Thu Sep 03 10:09:22 UTC 2026","passed","Thu Sep 03 10:09:32 UTC 2026","Issued Checks — Smoke","specs\Smoke\4-IssuedChecksSmoke.spec.ts","",""
"","7485","API link is visible and points to swagger","chromium","Thu Sep 03 10:08:00 UTC 2026","passed","Thu Sep 03 10:08:08 UTC 2026","Application Navigation Smoke Tests","specs\Smoke\2-NavigationSmoke.spec.ts","",""
"","8611","Next page arrow advances to page 2","chromium","Thu Sep 03 10:09:05 UTC 2026","passed","Thu Sep 03 10:09:13 UTC 2026","Issued Checks — Smoke","specs\Smoke\4-IssuedChecksSmoke.spec.ts","",""
"","10716","Page size change to 10 updates pagination info in bottom-right pager","msedge","Thu Sep 03 10:28:40 UTC 2026","passed","Thu Sep 03 10:28:50 UTC 2026","Presented Checks — Smoke","specs\Smoke\5-PresentedChecksSmoke.spec.ts","",""
"","22984","Search box filters grid and clears correctly","firefox","Thu Sep 03 10:15:55 UTC 2026","passed","Thu Sep 03 10:16:18 UTC 2026","Issued Checks — Smoke","specs\Smoke\4-IssuedChecksSmoke.spec.ts","",""
"","15930","Verify ACH Only tab shows ACH-specific chart sections","firefox","Thu Sep 03 10:11:13 UTC 2026","passed","Thu Sep 03 10:11:28 UTC 2026","Home Dashboard","specs\Smoke\3-HomeDashboardSmoke.spec.ts","",""
"","6134","Billing Reports sub-page loads correctly","chromium","Thu Sep 03 10:06:32 UTC 2026","passed","Thu Sep 03 10:06:38 UTC 2026","Application Navigation Smoke Tests","specs\Smoke\2-NavigationSmoke.spec.ts","",""
"","17922","Excel export button is visible and enabled","webkit","Thu Sep 03 10:22:43 UTC 2026","passed","Thu Sep 03 10:23:01 UTC 2026","ACH — Smoke","specs\Smoke\7-ACHSmoke.spec.ts","",""
"","18994","System Log sub-page loads correctly","webkit","Thu Sep 03 10:13:46 UTC 2026","passed","Thu Sep 03 10:14:05 UTC 2026","Application Navigation Smoke Tests","specs\Smoke\2-NavigationSmoke.spec.ts","",""
"","16309","""View"" link on a row opens the Exception Details dialog","msedge","Thu Sep 03 10:34:36 UTC 2026","passed","Thu Sep 03 10:34:52 UTC 2026","Exceptions — Smoke (Continued)","specs\Smoke\8-ExceptionsSmoke.spec.ts","",""
"","6372","Holiday Schedules sub-page loads correctly","chromium","Thu Sep 03 10:06:44 UTC 2026","passed","Thu Sep 03 10:06:51 UTC 2026","Application Navigation Smoke Tests","specs\Smoke\2-NavigationSmoke.spec.ts","",""
"","9356","Validate Login functionality with sqlInjection","firefox","Thu Sep 03 10:07:37 UTC 2026","passed","Thu Sep 03 10:07:47 UTC 2026","","specs\Smoke\1-LoginSmoke.spec.ts","",""
"","17971","API link is visible and points to swagger","webkit","Thu Sep 03 10:14:24 UTC 2026","passed","Thu Sep 03 10:14:42 UTC 2026","Application Navigation Smoke Tests","specs\Smoke\2-NavigationSmoke.spec.ts","",""
"","19008","Next page arrow advances to page 2","webkit","Thu Sep 03 10:16:48 UTC 2026","passed","Thu Sep 03 10:17:07 UTC 2026","Issued Checks — Smoke","specs\Smoke\4-IssuedChecksSmoke.spec.ts","",""
"","19566","Search box filters grid and clears correctly","webkit","Thu Sep 03 10:15:53 UTC 2026","passed","Thu Sep 03 10:16:13 UTC 2026","Issued Checks — Smoke","specs\Smoke\4-IssuedChecksSmoke.spec.ts","",""
"","14301","Verify navigation to Settings via nav menu","firefox","Thu Sep 03 10:14:56 UTC 2026","passed","Thu Sep 03 10:15:11 UTC 2026","Home Dashboard","specs\Smoke\3-HomeDashboardSmoke.spec.ts","",""
"","5958","Verify Total Exceptions and Total Exception Amount labels are visible","chromium","Thu Sep 03 10:07:27 UTC 2026","passed","Thu Sep 03 10:07:33 UTC 2026","Home Dashboard","specs\Smoke\3-HomeDashboardSmoke.spec.ts","",""
"","24117","Validate forgot password with unregistered email","webkit","Thu Sep 03 10:08:58 UTC 2026","passed","Thu Sep 03 10:09:22 UTC 2026","","specs\Smoke\1-LoginSmoke.spec.ts","",""
"","16060","Verify dashboard tab checked state updates correctly","firefox","Thu Sep 03 10:11:28 UTC 2026","passed","Thu Sep 03 10:11:45 UTC 2026","Home Dashboard","specs\Smoke\3-HomeDashboardSmoke.spec.ts","",""
"","16842","Verify dashboard footer footnote and privacy link are visible","firefox","Thu Sep 03 10:13:03 UTC 2026","passed","Thu Sep 03 10:13:20 UTC 2026","Home Dashboard","specs\Smoke\3-HomeDashboardSmoke.spec.ts","",""
"","4887","Approvals page loads with either records or the empty-state message","chromium","Thu Sep 03 10:15:59 UTC 2026","passed","Thu Sep 03 10:16:04 UTC 2026","Exceptions — Smoke (Continued)","specs\Smoke\8-ExceptionsSmoke.spec.ts","",""
"","17185","Typing a page number navigates to that page","chromium","Thu Sep 03 10:09:56 UTC 2026","passed","Thu Sep 03 10:10:13 UTC 2026","Presented Checks — Smoke","specs\Smoke\5-PresentedChecksSmoke.spec.ts","",""
"","19478","Typing a page number navigates to that page","firefox","Thu Sep 03 10:17:25 UTC 2026","passed","Thu Sep 03 10:17:44 UTC 2026","Issued Checks — Smoke","specs\Smoke\4-IssuedChecksSmoke.spec.ts","",""
"","17090","Verify summary KPI values have expected number formats","webkit","Thu Sep 03 10:12:56 UTC 2026","passed","Thu Sep 03 10:13:13 UTC 2026","Home Dashboard","specs\Smoke\3-HomeDashboardSmoke.spec.ts","",""
"","6837","Pre-Decisions page loads with either records or the empty-state message","msedge","Thu Sep 03 10:36:05 UTC 2026","passed","Thu Sep 03 10:36:11 UTC 2026","Exceptions — Smoke (Continued)","specs\Smoke\8-ExceptionsSmoke.spec.ts","",""
"","9252","Pay/Return decision badge navigates to exception history","chromium","Thu Sep 03 10:12:18 UTC 2026","passed","Thu Sep 03 10:12:28 UTC 2026","Presented Checks — Smoke (Continued)","specs\Smoke\5-PresentedChecksSmoke.spec.ts","",""
"","30075","Pay/Return decision badge navigates to exception history","firefox","Thu Sep 03 10:26:48 UTC 2026","passed","Thu Sep 03 10:27:18 UTC 2026","ACH — Smoke","specs\Smoke\7-ACHSmoke.spec.ts","",""
"","19215","Column filter popup applies a filter and Clear restores the full row set","chromium","Thu Sep 03 10:10:49 UTC 2026","passed","Thu Sep 03 10:11:08 UTC 2026","Issued Checks — Smoke (Continued)","specs\Smoke\4-IssuedChecksSmoke.spec.ts","",""
"","17731","Typing a page number navigates to that page","webkit","Thu Sep 03 10:17:24 UTC 2026","passed","Thu Sep 03 10:17:42 UTC 2026","Issued Checks — Smoke","specs\Smoke\4-IssuedChecksSmoke.spec.ts","",""
"","18491","""Edit"" link on a row navigates to the check edit form","firefox","Thu Sep 03 10:20:04 UTC 2026","passed","Thu Sep 03 10:20:23 UTC 2026","Presented Checks — Smoke (Continued)","specs\Smoke\5-PresentedChecksSmoke.spec.ts","",""
"","9396","Excel export button is visible and enabled","chromium","Thu Sep 03 10:09:14 UTC 2026","passed","Thu Sep 03 10:09:24 UTC 2026","Presented Checks — Smoke","specs\Smoke\5-PresentedChecksSmoke.spec.ts","",""
"","8998","Verify dashboard loads after successful login","msedge","Thu Sep 03 10:24:58 UTC 2026","passed","Thu Sep 03 10:25:07 UTC 2026","Home Dashboard","specs\Smoke\3-HomeDashboardSmoke.spec.ts","",""
"","18100","Next page arrow advances to page 2","webkit","Thu Sep 03 10:23:20 UTC 2026","passed","Thu Sep 03 10:23:38 UTC 2026","ACH — Smoke","specs\Smoke\7-ACHSmoke.spec.ts","",""
"","18491","Issued Checks breadcrumb link is visible on the page","webkit","Thu Sep 03 10:20:50 UTC 2026","passed","Thu Sep 03 10:21:09 UTC 2026","Issued Checks — Smoke (Continued)","specs\Smoke\4-IssuedChecksSmoke.spec.ts","",""
"","16725","Saved Filters dropdown is visible and defaults to no preset","webkit","Thu Sep 03 10:25:44 UTC 2026","passed","Thu Sep 03 10:26:00 UTC 2026","Exceptions — Smoke","specs\Smoke\8-ExceptionsSmoke.spec.ts","",""
"","13404","Open Exceptions page loads with either exception cards or the empty-state message","msedge","Thu Sep 03 10:35:29 UTC 2026","passed","Thu Sep 03 10:35:43 UTC 2026","Exceptions — Smoke (Continued)","specs\Smoke\8-ExceptionsSmoke.spec.ts","",""
"","11897","Grid loads with data rows and key column headers","msedge","Thu Sep 03 10:27:41 UTC 2026","passed","Thu Sep 03 10:27:53 UTC 2026","Issued Checks — Smoke","specs\Smoke\4-IssuedChecksSmoke.spec.ts","",""
"","11565","""View"" (Change Log) link on a row navigates to the entity log","msedge","Thu Sep 03 10:31:06 UTC 2026","passed","Thu Sep 03 10:31:18 UTC 2026","Presented Checks — Smoke (Continued)","specs\Smoke\5-PresentedChecksSmoke.spec.ts","",""
"","6349","Verify summary KPI values have expected number formats","chromium","Thu Sep 03 10:07:33 UTC 2026","passed","Thu Sep 03 10:07:40 UTC 2026","Home Dashboard","specs\Smoke\3-HomeDashboardSmoke.spec.ts","",""
"","14932","Saved Filters dropdown is visible and defaults to no preset","firefox","Thu Sep 03 10:18:23 UTC 2026","passed","Thu Sep 03 10:18:38 UTC 2026","Presented Checks — Smoke","specs\Smoke\5-PresentedChecksSmoke.spec.ts","",""
"","8931","Verify navigation to Issued Checks via nav menu","msedge","Thu Sep 03 10:27:02 UTC 2026","passed","Thu Sep 03 10:27:11 UTC 2026","Home Dashboard","specs\Smoke\3-HomeDashboardSmoke.spec.ts","",""
"","11946","Next page arrow advances to page 2","msedge","Thu Sep 03 10:33:05 UTC 2026","passed","Thu Sep 03 10:33:17 UTC 2026","ACH — Smoke","specs\Smoke\7-ACHSmoke.spec.ts","",""
"","9984","Approvals page loads with either records or the empty-state message","msedge","Thu Sep 03 10:35:55 UTC 2026","passed","Thu Sep 03 10:36:05 UTC 2026","Exceptions — Smoke (Continued)","specs\Smoke\8-ExceptionsSmoke.spec.ts","",""
"","18321","API link is visible and points to swagger","firefox","Thu Sep 03 10:14:17 UTC 2026","passed","Thu Sep 03 10:14:35 UTC 2026","Application Navigation Smoke Tests","specs\Smoke\2-NavigationSmoke.spec.ts","",""
"","7673","Verify navigation to Settings via nav menu","msedge","Thu Sep 03 10:27:35 UTC 2026","passed","Thu Sep 03 10:27:43 UTC 2026","Home Dashboard","specs\Smoke\3-HomeDashboardSmoke.spec.ts","",""
"","16042","Decision badge on an already-reviewed row is blocked with a system message","msedge","Thu Sep 03 10:34:52 UTC 2026","passed","Thu Sep 03 10:35:08 UTC 2026","Exceptions — Smoke (Continued)","specs\Smoke\8-ExceptionsSmoke.spec.ts","",""
"","16850","Billing Reports sub-page loads correctly","firefox","Thu Sep 03 10:10:38 UTC 2026","passed","Thu Sep 03 10:10:54 UTC 2026","Application Navigation Smoke Tests","specs\Smoke\2-NavigationSmoke.spec.ts","",""
"","15719","File Processing sub-page loads correctly","firefox","Thu Sep 03 10:14:01 UTC 2026","passed","Thu Sep 03 10:14:16 UTC 2026","Application Navigation Smoke Tests","specs\Smoke\2-NavigationSmoke.spec.ts","",""
"","8578","Verify navigation to Presented Checks via nav menu","msedge","Thu Sep 03 10:27:11 UTC 2026","passed","Thu Sep 03 10:27:19 UTC 2026","Home Dashboard","specs\Smoke\3-HomeDashboardSmoke.spec.ts","",""
"","16452","Column filter popup applies a filter and Clear restores the full row set","msedge","Thu Sep 03 10:30:39 UTC 2026","passed","Thu Sep 03 10:30:55 UTC 2026","Presented Checks — Smoke (Continued)","specs\Smoke\5-PresentedChecksSmoke.spec.ts","",""
"","20292","Check Approval Rules sub-page loads correctly","webkit","Thu Sep 03 10:12:07 UTC 2026","passed","Thu Sep 03 10:12:27 UTC 2026","Application Navigation Smoke Tests","specs\Smoke\2-NavigationSmoke.spec.ts","",""
"","18953","""Delete"" on a row shows a confirm modal; Cancel dismisses it without deleting","firefox","Thu Sep 03 10:20:24 UTC 2026","passed","Thu Sep 03 10:20:43 UTC 2026","Issued Checks — Smoke (Continued)","specs\Smoke\4-IssuedChecksSmoke.spec.ts","",""
"","11063","Grid View toggle navigates to the open-exceptions grid and shows key column headers","webkit","Thu Sep 03 10:28:54 UTC 2026","passed","Thu Sep 03 10:29:05 UTC 2026","Exceptions — Smoke (Continued)","specs\Smoke\8-ExceptionsSmoke.spec.ts","",""
"","18442","Last page arrow jumps to the final page","firefox","Thu Sep 03 10:17:26 UTC 2026","passed","Thu Sep 03 10:17:44 UTC 2026","Presented Checks — Smoke","specs\Smoke\5-PresentedChecksSmoke.spec.ts","",""
"","30247","Save a filter preset, verify it is auto-selected, then delete it","firefox","Thu Sep 03 10:24:59 UTC 2026","passed","Thu Sep 03 10:25:30 UTC 2026","ACH — Smoke","specs\Smoke\7-ACHSmoke.spec.ts","",""
"","15746","File Formats sub-page loads correctly","firefox","Thu Sep 03 10:11:29 UTC 2026","passed","Thu Sep 03 10:11:45 UTC 2026","Application Navigation Smoke Tests","specs\Smoke\2-NavigationSmoke.spec.ts","",""
"","25107","Decision badge on an already-reviewed row is blocked with a system message","webkit","Thu Sep 03 10:27:59 UTC 2026","passed","Thu Sep 03 10:28:24 UTC 2026","Exceptions — Smoke (Continued)","specs\Smoke\8-ExceptionsSmoke.spec.ts","",""
"","9481","Next page arrow advances to page 2","chromium","Thu Sep 03 10:13:02 UTC 2026","passed","Thu Sep 03 10:13:12 UTC 2026","ACH — Smoke","specs\Smoke\7-ACHSmoke.spec.ts","",""
"","4059","Validate Login functionality with missingUsername","chromium","Thu Sep 03 10:05:50 UTC 2026","passed","Thu Sep 03 10:05:54 UTC 2026","","specs\Smoke\1-LoginSmoke.spec.ts","",""
"","18053","Grid loads with data rows and key column headers","webkit","Thu Sep 03 10:15:48 UTC 2026","passed","Thu Sep 03 10:16:06 UTC 2026","Presented Checks — Smoke","specs\Smoke\5-PresentedChecksSmoke.spec.ts","",""
"","6127","Grid loads with data rows and key column headers","chromium","Thu Sep 03 10:08:43 UTC 2026","passed","Thu Sep 03 10:08:49 UTC 2026","Presented Checks — Smoke","specs\Smoke\5-PresentedChecksSmoke.spec.ts","",""
"","15058","Previous page button returns to page 1, First page button re-enables disabled state","msedge","Thu Sep 03 10:29:29 UTC 2026","passed","Thu Sep 03 10:29:44 UTC 2026","Issued Checks — Smoke","specs\Smoke\4-IssuedChecksSmoke.spec.ts","",""
"","8303","Verify Combined View shows all chart sections","msedge","Thu Sep 03 10:25:15 UTC 2026","passed","Thu Sep 03 10:25:24 UTC 2026","Home Dashboard","specs\Smoke\3-HomeDashboardSmoke.spec.ts","",""
"","18754","File Formats sub-page loads correctly","webkit","Thu Sep 03 10:11:11 UTC 2026","passed","Thu Sep 03 10:11:29 UTC 2026","Application Navigation Smoke Tests","specs\Smoke\2-NavigationSmoke.spec.ts","",""
"","6706","Validate unauthenticated access to protected route is redirected to login","firefox","Thu Sep 03 10:09:54 UTC 2026","passed","Thu Sep 03 10:10:01 UTC 2026","","specs\Smoke\1-LoginSmoke.spec.ts","",""
"","6313","Validate unauthenticated access to protected route is redirected to login","msedge","Thu Sep 03 10:24:52 UTC 2026","passed","Thu Sep 03 10:24:58 UTC 2026","","specs\Smoke\1-LoginSmoke.spec.ts","",""
"","16868","Excel export button is visible and enabled","firefox","Thu Sep 03 10:22:34 UTC 2026","passed","Thu Sep 03 10:22:51 UTC 2026","ACH — Smoke","specs\Smoke\7-ACHSmoke.spec.ts","",""
"","18172","""View"" (Change Log) link on a row navigates to the entity log","webkit","Thu Sep 03 10:20:12 UTC 2026","passed","Thu Sep 03 10:20:30 UTC 2026","Issued Checks — Smoke (Continued)","specs\Smoke\4-IssuedChecksSmoke.spec.ts","",""
"","15978","Verify Combined View shows all chart sections","firefox","Thu Sep 03 10:10:34 UTC 2026","passed","Thu Sep 03 10:10:50 UTC 2026","Home Dashboard","specs\Smoke\3-HomeDashboardSmoke.spec.ts","",""
"","12673","Clicking a column header sorts ascending, clicking again sorts descending","msedge","Thu Sep 03 10:34:40 UTC 2026","passed","Thu Sep 03 10:34:53 UTC 2026","ACH — Smoke","specs\Smoke\7-ACHSmoke.spec.ts","",""
"","22247","""View"" link on a row opens the Exception Details dialog","firefox","Thu Sep 03 10:25:46 UTC 2026","passed","Thu Sep 03 10:26:08 UTC 2026","Exceptions — Smoke (Continued)","specs\Smoke\8-ExceptionsSmoke.spec.ts","",""
"","14930","Validate Login functionality with veryLongInput","firefox","Thu Sep 03 10:08:03 UTC 2026","passed","Thu Sep 03 10:08:18 UTC 2026","","specs\Smoke\1-LoginSmoke.spec.ts","",""
"","16525","""+ Add Check"" navigates to the add-check form","webkit","Thu Sep 03 10:15:19 UTC 2026","passed","Thu Sep 03 10:15:35 UTC 2026","Issued Checks — Smoke","specs\Smoke\4-IssuedChecksSmoke.spec.ts","",""
"","10539","Previous page button returns to page 1, First page button re-enables disabled state","chromium","Thu Sep 03 10:13:40 UTC 2026","passed","Thu Sep 03 10:13:50 UTC 2026","Exceptions — Smoke","specs\Smoke\8-ExceptionsSmoke.spec.ts","",""
"","9976","Clicking a column header sorts ascending, clicking again sorts descending","chromium","Thu Sep 03 10:11:26 UTC 2026","passed","Thu Sep 03 10:11:36 UTC 2026","Presented Checks — Smoke (Continued)","specs\Smoke\5-PresentedChecksSmoke.spec.ts","",""
"","18533","Pay/Return decision badge navigates to exception history","firefox","Thu Sep 03 10:21:00 UTC 2026","passed","Thu Sep 03 10:21:18 UTC 2026","Presented Checks — Smoke (Continued)","specs\Smoke\5-PresentedChecksSmoke.spec.ts","",""
"","19242","Clicking a column header sorts ascending, clicking again sorts descending","webkit","Thu Sep 03 10:19:09 UTC 2026","passed","Thu Sep 03 10:19:28 UTC 2026","Issued Checks — Smoke (Continued)","specs\Smoke\4-IssuedChecksSmoke.spec.ts","",""
"","7269","""Uploaded Checks"" navigates to the uploads page","chromium","Thu Sep 03 10:08:30 UTC 2026","passed","Thu Sep 03 10:08:37 UTC 2026","Issued Checks — Smoke","specs\Smoke\4-IssuedChecksSmoke.spec.ts","",""
"","10388","ACH Approval Rules sub-page loads correctly","msedge","Thu Sep 03 10:26:31 UTC 2026","passed","Thu Sep 03 10:26:42 UTC 2026","Application Navigation Smoke Tests","specs\Smoke\2-NavigationSmoke.spec.ts","",""
"","7695","Pre-Decisions page loads with either records or the empty-state message","webkit","Thu Sep 03 10:29:12 UTC 2026","passed","Thu Sep 03 10:29:20 UTC 2026","Exceptions — Smoke (Continued)","specs\Smoke\8-ExceptionsSmoke.spec.ts","",""
"","20013","Previous page button returns to page 1, First page button re-enables disabled state","firefox","Thu Sep 03 10:17:44 UTC 2026","passed","Thu Sep 03 10:18:04 UTC 2026","Issued Checks — Smoke","specs\Smoke\4-IssuedChecksSmoke.spec.ts","",""
"","18887","""Uploaded Checks"" navigates to the uploads page","firefox","Thu Sep 03 10:15:52 UTC 2026","passed","Thu Sep 03 10:16:11 UTC 2026","Presented Checks — Smoke","specs\Smoke\5-PresentedChecksSmoke.spec.ts","",""
"","17427","ACH page loads correctly","webkit","Thu Sep 03 10:07:01 UTC 2026","passed","Thu Sep 03 10:07:18 UTC 2026","Application Navigation Smoke Tests","specs\Smoke\2-NavigationSmoke.spec.ts","",""
"","12500","Clicking a column header sorts ascending, clicking again sorts descending","msedge","Thu Sep 03 10:34:08 UTC 2026","passed","Thu Sep 03 10:34:21 UTC 2026","Exceptions — Smoke (Continued)","specs\Smoke\8-ExceptionsSmoke.spec.ts","",""
"","9413","Validate Login functionality with missingUsername","webkit","Thu Sep 03 10:07:18 UTC 2026","passed","Thu Sep 03 10:07:27 UTC 2026","","specs\Smoke\1-LoginSmoke.spec.ts","",""
"","19167","Pay/Return decision badge navigates to exception history","webkit","Thu Sep 03 10:22:05 UTC 2026","passed","Thu Sep 03 10:22:24 UTC 2026","Presented Checks — Smoke (Continued)","specs\Smoke\5-PresentedChecksSmoke.spec.ts","",""
"","16099","Validate Login functionality with caseSensitiveEmail","webkit","Thu Sep 03 10:06:11 UTC 2026","passed","Thu Sep 03 10:06:27 UTC 2026","","specs\Smoke\1-LoginSmoke.spec.ts","",""
"","19790","Grid loads with data rows and key column headers","webkit","Thu Sep 03 10:14:59 UTC 2026","passed","Thu Sep 03 10:15:19 UTC 2026","Issued Checks — Smoke","specs\Smoke\4-IssuedChecksSmoke.spec.ts","",""
"","15338","Business Clients sub-page loads correctly","firefox","Thu Sep 03 10:09:27 UTC 2026","passed","Thu Sep 03 10:09:42 UTC 2026","Application Navigation Smoke Tests","specs\Smoke\2-NavigationSmoke.spec.ts","",""
"","33665","Pay/Return decision badge navigates to exception history","webkit","Thu Sep 03 10:27:33 UTC 2026","passed","Thu Sep 03 10:28:07 UTC 2026","ACH — Smoke","specs\Smoke\7-ACHSmoke.spec.ts","",""
"","12882","Clicking a column header sorts ascending, clicking again sorts descending","msedge","Thu Sep 03 10:30:25 UTC 2026","passed","Thu Sep 03 10:30:38 UTC 2026","Issued Checks — Smoke (Continued)","specs\Smoke\4-IssuedChecksSmoke.spec.ts","",""
"","9844","Issued Checks page loads correctly","msedge","Thu Sep 03 10:23:22 UTC 2026","passed","Thu Sep 03 10:23:32 UTC 2026","Application Navigation Smoke Tests","specs\Smoke\2-NavigationSmoke.spec.ts","",""
"","18572","Default filter auto-applies after logout and re-login","webkit","Thu Sep 03 10:25:20 UTC 2026","skipped","Thu Sep 03 10:25:39 UTC 2026","ACH — Smoke","specs\Smoke\7-ACHSmoke.spec.ts","",""
"","17611","Home page is accessible and shows dashboard","webkit","Thu Sep 03 10:05:53 UTC 2026","passed","Thu Sep 03 10:06:11 UTC 2026","Application Navigation Smoke Tests","specs\Smoke\2-NavigationSmoke.spec.ts","",""
"","11683","""Uploaded Checks"" navigates to the uploads page","msedge","Thu Sep 03 10:28:05 UTC 2026","passed","Thu Sep 03 10:28:17 UTC 2026","Issued Checks — Smoke","specs\Smoke\4-IssuedChecksSmoke.spec.ts","",""
"","18406","Notification Templates sub-page loads correctly","webkit","Thu Sep 03 10:11:29 UTC 2026","passed","Thu Sep 03 10:11:48 UTC 2026","Application Navigation Smoke Tests","specs\Smoke\2-NavigationSmoke.spec.ts","",""
"","6089","Business Clients sub-page loads correctly","chromium","Thu Sep 03 10:06:06 UTC 2026","passed","Thu Sep 03 10:06:12 UTC 2026","Application Navigation Smoke Tests","specs\Smoke\2-NavigationSmoke.spec.ts","",""
"","14525","Verify profile menu shows My Info and Logout links","firefox","Thu Sep 03 10:13:20 UTC 2026","passed","Thu Sep 03 10:13:34 UTC 2026","Home Dashboard","specs\Smoke\3-HomeDashboardSmoke.spec.ts","",""
"","6497","Validate forgot password functionality","msedge","Thu Sep 03 10:24:23 UTC 2026","passed","Thu Sep 03 10:24:29 UTC 2026","","specs\Smoke\1-LoginSmoke.spec.ts","",""
"","18348","""Edit"" link on a row navigates to the check edit form","webkit","Thu Sep 03 10:21:08 UTC 2026","passed","Thu Sep 03 10:21:27 UTC 2026","Presented Checks — Smoke (Continued)","specs\Smoke\5-PresentedChecksSmoke.spec.ts","",""
"","11729","Validate Login functionality with caseSensitiveEmail","firefox","Thu Sep 03 10:06:42 UTC 2026","passed","Thu Sep 03 10:06:53 UTC 2026","","specs\Smoke\1-LoginSmoke.spec.ts","",""
"","11415","Clicking a column header sorts ascending, clicking again sorts descending","chromium","Thu Sep 03 10:14:33 UTC 2026","passed","Thu Sep 03 10:14:45 UTC 2026","ACH — Smoke","specs\Smoke\7-ACHSmoke.spec.ts","",""
"","16779","Navigation tabs to Pre-Decisions, Approvals, and Exception History are visible","firefox","Thu Sep 03 10:26:49 UTC 2026","passed","Thu Sep 03 10:27:06 UTC 2026","Exceptions — Smoke (Continued)","specs\Smoke\8-ExceptionsSmoke.spec.ts","",""
"","11410","Verify chart title changes with selected tab","msedge","Thu Sep 03 10:25:49 UTC 2026","passed","Thu Sep 03 10:26:01 UTC 2026","Home Dashboard","specs\Smoke\3-HomeDashboardSmoke.spec.ts","",""
"","16634","""Edit"" link on a row navigates to the check edit form","firefox","Thu Sep 03 10:19:49 UTC 2026","passed","Thu Sep 03 10:20:06 UTC 2026","Issued Checks — Smoke (Continued)","specs\Smoke\4-IssuedChecksSmoke.spec.ts","",""
"","12826","Previous page button returns to page 1, First page button re-enables disabled state","chromium","Thu Sep 03 10:09:32 UTC 2026","passed","Thu Sep 03 10:09:44 UTC 2026","Issued Checks — Smoke","specs\Smoke\4-IssuedChecksSmoke.spec.ts","",""
"","14797","Branding sub-page loads correctly","webkit","Thu Sep 03 10:09:47 UTC 2026","passed","Thu Sep 03 10:10:02 UTC 2026","Application Navigation Smoke Tests","specs\Smoke\2-NavigationSmoke.spec.ts","",""
"","12157","Last page arrow jumps to the final page","msedge","Thu Sep 03 10:32:53 UTC 2026","passed","Thu Sep 03 10:33:05 UTC 2026","Exceptions — Smoke","specs\Smoke\8-ExceptionsSmoke.spec.ts","",""
"","12878","Validate Login functionality with missingPassword","webkit","Thu Sep 03 10:07:05 UTC 2026","passed","Thu Sep 03 10:07:17 UTC 2026","","specs\Smoke\1-LoginSmoke.spec.ts","",""
