"DESCRIPTION","DURATION IN MS","NAME","PARENT SUITE","START TIME","STATUS","STOP TIME","SUB SUITE","SUITE","TEST CLASS","TEST METHOD"
"","7505","Typing a page number navigates to that page","chromium","Wed Sep 30 10:16:50 UTC 2026","passed","Wed Sep 30 10:16:58 UTC 2026","Presented Checks — Smoke > Pagination","specs\Smoke\5-PresentedChecksSmoke.spec.ts","",""
"","7511","Previous page button returns to page 1, First page button re-enables disabled state","msedge","Wed Sep 30 10:34:40 UTC 2026","passed","Wed Sep 30 10:34:48 UTC 2026","ACH — Smoke > Pagination","specs\Smoke\7-ACHSmoke.spec.ts","",""
"","4284","Validate Login functionality with sqlInjection","msedge","Wed Sep 30 10:30:08 UTC 2026","passed","Wed Sep 30 10:30:12 UTC 2026","Login — Smoke > Login","specs\Smoke\1-LoginSmoke.spec.ts","",""
"","12888","Validate session persists after page refresh","firefox","Wed Sep 30 10:14:45 UTC 2026","passed","Wed Sep 30 10:14:58 UTC 2026","Login — Smoke > Session & Security","specs\Smoke\1-LoginSmoke.spec.ts","",""
"","6680","Validate Login functionality with emptyFields","msedge","Wed Sep 30 10:29:49 UTC 2026","passed","Wed Sep 30 10:29:55 UTC 2026","Login — Smoke > Login","specs\Smoke\1-LoginSmoke.spec.ts","",""
"","3242","Approvals page loads with either records or the empty-state message","webkit","Wed Sep 30 10:25:29 UTC 2026","passed","Wed Sep 30 10:25:33 UTC 2026","Exceptions — Smoke > Approvals","specs\Smoke\8-ExceptionsSmoke.spec.ts","",""
"","9740","Validate forgot password functionality with No email","webkit","Wed Sep 30 10:12:33 UTC 2026","passed","Wed Sep 30 10:12:43 UTC 2026","Login — Smoke > Forgot Password","specs\Smoke\1-LoginSmoke.spec.ts","",""
"","5895","""Delete"" on a row shows a confirm modal; Cancel dismisses it without deleting","msedge","Wed Sep 30 10:33:23 UTC 2026","passed","Wed Sep 30 10:33:29 UTC 2026","Issued Checks — Smoke > Row Actions","specs\Smoke\4-IssuedChecksSmoke.spec.ts","",""
"","14756","Grid loads with data rows and key column headers","firefox","Wed Sep 30 10:22:14 UTC 2026","passed","Wed Sep 30 10:22:28 UTC 2026","ACH — Smoke > Grid","specs\Smoke\7-ACHSmoke.spec.ts","",""
"","9136","ACH breadcrumb link is visible on the page","webkit","Wed Sep 30 10:24:22 UTC 2026","passed","Wed Sep 30 10:24:32 UTC 2026","ACH — Smoke > Breadcrumb","specs\Smoke\7-ACHSmoke.spec.ts","",""
"","5643","Excel export button is visible and enabled","msedge","Wed Sep 30 10:32:05 UTC 2026","passed","Wed Sep 30 10:32:11 UTC 2026","Issued Checks — Smoke > Toolbar","specs\Smoke\4-IssuedChecksSmoke.spec.ts","",""
"","6858","Validate Login functionality with sqlInjection","firefox","Wed Sep 30 10:13:59 UTC 2026","passed","Wed Sep 30 10:14:06 UTC 2026","Login — Smoke > Login","specs\Smoke\1-LoginSmoke.spec.ts","",""
"","4668","Saved Filters dropdown is visible and defaults to no preset","msedge","Wed Sep 30 10:32:40 UTC 2026","passed","Wed Sep 30 10:32:45 UTC 2026","Issued Checks — Smoke > Saved Filters","specs\Smoke\4-IssuedChecksSmoke.spec.ts","",""
"","6324","Teller page loads correctly","chromium","Wed Sep 30 10:11:27 UTC 2026","passed","Wed Sep 30 10:11:33 UTC 2026","Application Navigation Smoke Tests > Top-level Navigation","specs\Smoke\2-NavigationSmoke.spec.ts","",""
"","7558","""Delete"" on a row shows a confirm modal; Cancel dismisses it without deleting","chromium","Wed Sep 30 10:18:28 UTC 2026","passed","Wed Sep 30 10:18:36 UTC 2026","Presented Checks — Smoke > Row Actions","specs\Smoke\5-PresentedChecksSmoke.spec.ts","",""
"","11555","Excel export button is visible and enabled","webkit","Wed Sep 30 10:16:41 UTC 2026","passed","Wed Sep 30 10:16:52 UTC 2026","Issued Checks — Smoke > Toolbar","specs\Smoke\4-IssuedChecksSmoke.spec.ts","",""
"","6128","Previous page button returns to page 1, First page button re-enables disabled state","msedge","Wed Sep 30 10:33:34 UTC 2026","passed","Wed Sep 30 10:33:40 UTC 2026","Presented Checks — Smoke > Pagination","specs\Smoke\5-PresentedChecksSmoke.spec.ts","",""
"","9622","Saved Filters dropdown is visible and defaults to no preset","webkit","Wed Sep 30 10:17:54 UTC 2026","passed","Wed Sep 30 10:18:03 UTC 2026","Issued Checks — Smoke > Saved Filters","specs\Smoke\4-IssuedChecksSmoke.spec.ts","",""
"","5012","Saved Filters dropdown is visible and defaults to no preset","msedge","Wed Sep 30 10:34:48 UTC 2026","passed","Wed Sep 30 10:34:53 UTC 2026","ACH — Smoke > Saved Filters","specs\Smoke\7-ACHSmoke.spec.ts","",""
"","8577","Issued Checks page loads correctly","webkit","Wed Sep 30 10:11:06 UTC 2026","passed","Wed Sep 30 10:11:14 UTC 2026","Application Navigation Smoke Tests > Top-level Navigation","specs\Smoke\2-NavigationSmoke.spec.ts","",""
"","7171","Excel export button is visible and enabled","chromium","Wed Sep 30 10:16:19 UTC 2026","passed","Wed Sep 30 10:16:27 UTC 2026","Presented Checks — Smoke > Toolbar","specs\Smoke\5-PresentedChecksSmoke.spec.ts","",""
"","9530","Verify ACH Only tab shows ACH-specific chart sections","chromium","Wed Sep 30 10:13:29 UTC 2026","passed","Wed Sep 30 10:13:39 UTC 2026","Home Dashboard > Dashboard Chart Headings","specs\Smoke\3-HomeDashboardSmoke.spec.ts","",""
"","13852","Next page arrow advances to page 2","firefox","Wed Sep 30 10:24:41 UTC 2026","passed","Wed Sep 30 10:24:55 UTC 2026","Exceptions — Smoke > Exception History > Pagination","specs\Smoke\8-ExceptionsSmoke.spec.ts","",""
"","15454","Typing a page number navigates to that page","firefox","Wed Sep 30 10:25:08 UTC 2026","passed","Wed Sep 30 10:25:24 UTC 2026","Exceptions — Smoke > Exception History > Pagination","specs\Smoke\8-ExceptionsSmoke.spec.ts","",""
"","10080","Validate Login functionality with xssInUsername","firefox","Wed Sep 30 10:14:06 UTC 2026","passed","Wed Sep 30 10:14:16 UTC 2026","Login — Smoke > Login","specs\Smoke\1-LoginSmoke.spec.ts","",""
"","6039","Branding sub-page loads correctly","chromium","Wed Sep 30 10:12:14 UTC 2026","passed","Wed Sep 30 10:12:20 UTC 2026","Application Navigation Smoke Tests > Settings Sub-navigation","specs\Smoke\2-NavigationSmoke.spec.ts","",""
"","5996","Decision Files sub-page loads correctly","chromium","Wed Sep 30 10:12:26 UTC 2026","passed","Wed Sep 30 10:12:32 UTC 2026","Application Navigation Smoke Tests > Settings Sub-navigation","specs\Smoke\2-NavigationSmoke.spec.ts","",""
"","16510","Grid loads with data rows and key column headers","firefox","Wed Sep 30 10:17:25 UTC 2026","passed","Wed Sep 30 10:17:42 UTC 2026","Issued Checks — Smoke > Grid","specs\Smoke\4-IssuedChecksSmoke.spec.ts","",""
"","9903","Grid loads with data rows and key column headers","webkit","Wed Sep 30 10:15:41 UTC 2026","passed","Wed Sep 30 10:15:51 UTC 2026","Issued Checks — Smoke > Grid","specs\Smoke\4-IssuedChecksSmoke.spec.ts","",""
"","7980","Last page arrow jumps to the final page","chromium","Wed Sep 30 10:19:40 UTC 2026","passed","Wed Sep 30 10:19:47 UTC 2026","Exceptions — Smoke > Exception History > Pagination","specs\Smoke\8-ExceptionsSmoke.spec.ts","",""
"","6628","Saved Filters dropdown is visible and defaults to no preset","chromium","Wed Sep 30 10:17:08 UTC 2026","passed","Wed Sep 30 10:17:14 UTC 2026","Presented Checks — Smoke > Saved Filters","specs\Smoke\5-PresentedChecksSmoke.spec.ts","",""
"","10287","Saved Filters dropdown is visible and defaults to no preset","firefox","Wed Sep 30 10:21:28 UTC 2026","passed","Wed Sep 30 10:21:39 UTC 2026","Presented Checks — Smoke > Saved Filters","specs\Smoke\5-PresentedChecksSmoke.spec.ts","",""
"","5158","""+ Add Check"" navigates to the add-check form","msedge","Wed Sep 30 10:31:49 UTC 2026","passed","Wed Sep 30 10:31:54 UTC 2026","Issued Checks — Smoke > Navigation","specs\Smoke\4-IssuedChecksSmoke.spec.ts","",""
"","11568","Clicking a column header sorts ascending, clicking again sorts descending","webkit","Wed Sep 30 10:23:05 UTC 2026","passed","Wed Sep 30 10:23:17 UTC 2026","ACH — Smoke > Sorting","specs\Smoke\7-ACHSmoke.spec.ts","",""
"","5185","Navigation tabs to Pre-Decisions, Approvals, and Exception History are visible","msedge","Wed Sep 30 10:36:23 UTC 2026","passed","Wed Sep 30 10:36:28 UTC 2026","Exceptions — Smoke > Open Exceptions","specs\Smoke\8-ExceptionsSmoke.spec.ts","",""
"","8485","Validate unauthenticated access to protected route is redirected to login","webkit","Wed Sep 30 10:13:08 UTC 2026","passed","Wed Sep 30 10:13:17 UTC 2026","Login — Smoke > Session & Security","specs\Smoke\1-LoginSmoke.spec.ts","",""
"","1046","Default filter auto-applies after logout and re-login","firefox","Wed Sep 30 10:26:19 UTC 2026","skipped","Wed Sep 30 10:26:20 UTC 2026","Exceptions — Smoke > Exception History > Saved Filters > Default Filter","specs\Smoke\8-ExceptionsSmoke.spec.ts","",""
"","11484","Validate Login functionality with correctCredentials","chromium","Wed Sep 30 10:10:58 UTC 2026","passed","Wed Sep 30 10:11:10 UTC 2026","Login — Smoke > Login","specs\Smoke\1-LoginSmoke.spec.ts","",""
"","16834","Column filter popup applies a filter and Clear restores the full row set","firefox","Wed Sep 30 10:22:22 UTC 2026","passed","Wed Sep 30 10:22:39 UTC 2026","Presented Checks — Smoke > Column Filter","specs\Smoke\5-PresentedChecksSmoke.spec.ts","",""
"","18012","Save a filter preset, verify it is auto-selected, then delete it","firefox","Wed Sep 30 10:20:05 UTC 2026","passed","Wed Sep 30 10:20:23 UTC 2026","Issued Checks — Smoke > Saved Filters","specs\Smoke\4-IssuedChecksSmoke.spec.ts","",""
"","7987","Last page arrow jumps to the final page","chromium","Wed Sep 30 10:16:42 UTC 2026","passed","Wed Sep 30 10:16:50 UTC 2026","Presented Checks — Smoke > Pagination","specs\Smoke\5-PresentedChecksSmoke.spec.ts","",""
"","9419","Validate Login functionality with missingUsername","webkit","Wed Sep 30 10:11:51 UTC 2026","passed","Wed Sep 30 10:12:01 UTC 2026","Login — Smoke > Login","specs\Smoke\1-LoginSmoke.spec.ts","",""
"","6217","Validate forgot password functionality","firefox","Wed Sep 30 10:14:24 UTC 2026","passed","Wed Sep 30 10:14:30 UTC 2026","Login — Smoke > Forgot Password","specs\Smoke\1-LoginSmoke.spec.ts","",""
"","7331","Page size change to 10 updates pagination info in bottom-right pager","chromium","Wed Sep 30 10:15:06 UTC 2026","passed","Wed Sep 30 10:15:13 UTC 2026","Issued Checks — Smoke > Pagination","specs\Smoke\4-IssuedChecksSmoke.spec.ts","",""
"","4467","Notification Templates sub-page loads correctly","msedge","Wed Sep 30 10:30:46 UTC 2026","passed","Wed Sep 30 10:30:51 UTC 2026","Application Navigation Smoke Tests > Settings Sub-navigation","specs\Smoke\2-NavigationSmoke.spec.ts","",""
"","20750","File Processing sub-page loads correctly","webkit","Wed Sep 30 10:14:39 UTC 2026","passed","Wed Sep 30 10:14:59 UTC 2026","Application Navigation Smoke Tests > Settings Sub-navigation","specs\Smoke\2-NavigationSmoke.spec.ts","",""
"","4658","""+ Add ACH"" navigates to the add-ACH form","msedge","Wed Sep 30 10:33:57 UTC 2026","passed","Wed Sep 30 10:34:01 UTC 2026","ACH — Smoke > Navigation","specs\Smoke\7-ACHSmoke.spec.ts","",""
"","8746","Automatic ACH Decision Rules sub-page loads correctly","webkit","Wed Sep 30 10:13:34 UTC 2026","passed","Wed Sep 30 10:13:42 UTC 2026","Application Navigation Smoke Tests > Settings Sub-navigation","specs\Smoke\2-NavigationSmoke.spec.ts","",""
"","10069","Verify dashboard tab checked state updates correctly","chromium","Wed Sep 30 10:13:39 UTC 2026","passed","Wed Sep 30 10:13:49 UTC 2026","Home Dashboard > Dashboard Chart Headings","specs\Smoke\3-HomeDashboardSmoke.spec.ts","",""
"","10442","Verify dashboard tab checked state updates correctly","firefox","Wed Sep 30 10:16:15 UTC 2026","passed","Wed Sep 30 10:16:25 UTC 2026","Home Dashboard > Dashboard Chart Headings","specs\Smoke\3-HomeDashboardSmoke.spec.ts","",""
"","8357","Settings page loads correctly","webkit","Wed Sep 30 10:11:46 UTC 2026","passed","Wed Sep 30 10:11:54 UTC 2026","Application Navigation Smoke Tests > Top-level Navigation","specs\Smoke\2-NavigationSmoke.spec.ts","",""
"","14745","Pay/Return decision badge navigates to exception history","chromium","Wed Sep 30 10:20:26 UTC 2026","passed","Wed Sep 30 10:20:41 UTC 2026","ACH — Smoke > Row Actions","specs\Smoke\7-ACHSmoke.spec.ts","",""
"","10476","Verify dashboard footer footnote and privacy link are visible","webkit","Wed Sep 30 10:16:19 UTC 2026","passed","Wed Sep 30 10:16:29 UTC 2026","Home Dashboard > Summary Stats","specs\Smoke\3-HomeDashboardSmoke.spec.ts","",""
"","5521","Validate forgot password functionality","chromium","Wed Sep 30 10:12:11 UTC 2026","passed","Wed Sep 30 10:12:17 UTC 2026","Login — Smoke > Forgot Password","specs\Smoke\1-LoginSmoke.spec.ts","",""
"","11711","Pay/Return decision badge navigates to exception history","firefox","Wed Sep 30 10:23:15 UTC 2026","passed","Wed Sep 30 10:23:27 UTC 2026","Presented Checks — Smoke > Row Actions","specs\Smoke\5-PresentedChecksSmoke.spec.ts","",""
"","6060","Validate Login functionality with invalidEmailFormat","chromium","Wed Sep 30 10:11:30 UTC 2026","passed","Wed Sep 30 10:11:36 UTC 2026","Login — Smoke > Login","specs\Smoke\1-LoginSmoke.spec.ts","",""
"","11765","Verify Check Only tab shows Check-specific chart sections","firefox","Wed Sep 30 10:15:51 UTC 2026","passed","Wed Sep 30 10:16:03 UTC 2026","Home Dashboard > Dashboard Chart Headings","specs\Smoke\3-HomeDashboardSmoke.spec.ts","",""
"","5789","Settings page loads correctly","chromium","Wed Sep 30 10:11:45 UTC 2026","passed","Wed Sep 30 10:11:51 UTC 2026","Application Navigation Smoke Tests > Top-level Navigation","specs\Smoke\2-NavigationSmoke.spec.ts","",""
"","12350","Notification Log sub-page loads correctly","webkit","Wed Sep 30 10:13:51 UTC 2026","passed","Wed Sep 30 10:14:03 UTC 2026","Application Navigation Smoke Tests > Settings Sub-navigation","specs\Smoke\2-NavigationSmoke.spec.ts","",""
"","10689","Save a filter preset, verify it is auto-selected, then delete it","msedge","Wed Sep 30 10:33:44 UTC 2026","passed","Wed Sep 30 10:33:55 UTC 2026","Presented Checks — Smoke > Saved Filters","specs\Smoke\5-PresentedChecksSmoke.spec.ts","",""
"","4973","System Log sub-page loads correctly","msedge","Wed Sep 30 10:31:17 UTC 2026","passed","Wed Sep 30 10:31:22 UTC 2026","Application Navigation Smoke Tests > Settings Sub-navigation","specs\Smoke\2-NavigationSmoke.spec.ts","",""
"","6211","Verify navigation to Settings via nav menu","msedge","Wed Sep 30 10:32:32 UTC 2026","passed","Wed Sep 30 10:32:38 UTC 2026","Home Dashboard > Navigation from Dashboard","specs\Smoke\3-HomeDashboardSmoke.spec.ts","",""
"","5203","Validate forgot password functionality with No email","msedge","Wed Sep 30 10:30:30 UTC 2026","passed","Wed Sep 30 10:30:35 UTC 2026","Login — Smoke > Forgot Password","specs\Smoke\1-LoginSmoke.spec.ts","",""
"","11414","Page size change to 10 updates pagination info in bottom-right pager","firefox","Wed Sep 30 10:24:30 UTC 2026","passed","Wed Sep 30 10:24:41 UTC 2026","Exceptions — Smoke > Exception History > Pagination","specs\Smoke\8-ExceptionsSmoke.spec.ts","",""
"","19663","Web Hooks sub-page loads correctly","webkit","Wed Sep 30 10:15:20 UTC 2026","passed","Wed Sep 30 10:15:40 UTC 2026","Application Navigation Smoke Tests > Settings Sub-navigation","specs\Smoke\2-NavigationSmoke.spec.ts","",""
"","5950","Validate Login functionality with missingUsername","chromium","Wed Sep 30 10:11:48 UTC 2026","passed","Wed Sep 30 10:11:54 UTC 2026","Login — Smoke > Login","specs\Smoke\1-LoginSmoke.spec.ts","",""
"","8419","Presented Checks breadcrumb link is visible on the page","webkit","Wed Sep 30 10:21:45 UTC 2026","passed","Wed Sep 30 10:21:53 UTC 2026","Presented Checks — Smoke > Breadcrumb","specs\Smoke\5-PresentedChecksSmoke.spec.ts","",""
"","10115","Search box filters grid and clears correctly","chromium","Wed Sep 30 10:18:07 UTC 2026","passed","Wed Sep 30 10:18:18 UTC 2026","ACH — Smoke > Toolbar","specs\Smoke\7-ACHSmoke.spec.ts","",""
"","11055","Next page arrow advances to page 2","webkit","Wed Sep 30 10:17:03 UTC 2026","passed","Wed Sep 30 10:17:14 UTC 2026","Issued Checks — Smoke > Pagination","specs\Smoke\4-IssuedChecksSmoke.spec.ts","",""
"","26006","Save a filter preset, verify it is auto-selected, then delete it","webkit","Wed Sep 30 10:24:00 UTC 2026","passed","Wed Sep 30 10:24:26 UTC 2026","Exceptions — Smoke > Exception History > Saved Filters","specs\Smoke\8-ExceptionsSmoke.spec.ts","",""
"","24862","Pay/Return decision badge navigates to exception history","webkit","Wed Sep 30 10:23:57 UTC 2026","passed","Wed Sep 30 10:24:22 UTC 2026","ACH — Smoke > Row Actions","specs\Smoke\7-ACHSmoke.spec.ts","",""
"","13836","Previous page button returns to page 1, First page button re-enables disabled state","firefox","Wed Sep 30 10:19:35 UTC 2026","passed","Wed Sep 30 10:19:49 UTC 2026","Issued Checks — Smoke > Pagination","specs\Smoke\4-IssuedChecksSmoke.spec.ts","",""
"","15381","System Log sub-page loads correctly","webkit","Wed Sep 30 10:14:23 UTC 2026","passed","Wed Sep 30 10:14:39 UTC 2026","Application Navigation Smoke Tests > Settings Sub-navigation","specs\Smoke\2-NavigationSmoke.spec.ts","",""
"","25950","Verify dashboard tab checked state updates correctly","webkit","Wed Sep 30 10:14:32 UTC 2026","passed","Wed Sep 30 10:14:58 UTC 2026","Home Dashboard > Dashboard Chart Headings","specs\Smoke\3-HomeDashboardSmoke.spec.ts","",""
"","4226","Validate forgot password with unregistered email","msedge","Wed Sep 30 10:30:35 UTC 2026","passed","Wed Sep 30 10:30:39 UTC 2026","Login — Smoke > Forgot Password","specs\Smoke\1-LoginSmoke.spec.ts","",""
"","5350","Validate Login functionality with xssInUsername","chromium","Wed Sep 30 10:12:00 UTC 2026","passed","Wed Sep 30 10:12:05 UTC 2026","Login — Smoke > Login","specs\Smoke\1-LoginSmoke.spec.ts","",""
"","16260","Validate session persists after page refresh","webkit","Wed Sep 30 10:12:52 UTC 2026","passed","Wed Sep 30 10:13:08 UTC 2026","Login — Smoke > Session & Security","specs\Smoke\1-LoginSmoke.spec.ts","",""
"","5780","Validate forgot password with unregistered email","chromium","Wed Sep 30 10:12:23 UTC 2026","passed","Wed Sep 30 10:12:29 UTC 2026","Login — Smoke > Forgot Password","specs\Smoke\1-LoginSmoke.spec.ts","",""
"","4652","Validate Login functionality with invalidEmailFormat","msedge","Wed Sep 30 10:29:44 UTC 2026","passed","Wed Sep 30 10:29:49 UTC 2026","Login — Smoke > Login","specs\Smoke\1-LoginSmoke.spec.ts","",""
"","8823","Home page is accessible and shows dashboard","firefox","Wed Sep 30 10:12:45 UTC 2026","passed","Wed Sep 30 10:12:54 UTC 2026","Application Navigation Smoke Tests > Top-level Navigation","specs\Smoke\2-NavigationSmoke.spec.ts","",""
"","3952","Automatic Check Decision Rules sub-page loads correctly","msedge","Wed Sep 30 10:30:51 UTC 2026","passed","Wed Sep 30 10:30:55 UTC 2026","Application Navigation Smoke Tests > Settings Sub-navigation","specs\Smoke\2-NavigationSmoke.spec.ts","",""
"","12061","""View"" (Change Log) link on a row navigates to the entity log","firefox","Wed Sep 30 10:22:50 UTC 2026","passed","Wed Sep 30 10:23:02 UTC 2026","Presented Checks — Smoke > Row Actions","specs\Smoke\5-PresentedChecksSmoke.spec.ts","",""
"","6656","Saved Filters dropdown is visible and defaults to no preset","chromium","Wed Sep 30 10:15:44 UTC 2026","passed","Wed Sep 30 10:15:50 UTC 2026","Issued Checks — Smoke > Saved Filters","specs\Smoke\4-IssuedChecksSmoke.spec.ts","",""
"","5677","Last page arrow jumps to the final page","msedge","Wed Sep 30 10:34:29 UTC 2026","passed","Wed Sep 30 10:34:35 UTC 2026","ACH — Smoke > Pagination","specs\Smoke\7-ACHSmoke.spec.ts","",""
"","5956","Account Settings sub-page loads correctly","msedge","Wed Sep 30 10:30:00 UTC 2026","passed","Wed Sep 30 10:30:06 UTC 2026","Application Navigation Smoke Tests > Settings Sub-navigation","specs\Smoke\2-NavigationSmoke.spec.ts","",""
"","9073","Verify Combined View shows all chart sections","chromium","Wed Sep 30 10:13:09 UTC 2026","passed","Wed Sep 30 10:13:18 UTC 2026","Home Dashboard > Dashboard Chart Headings","specs\Smoke\3-HomeDashboardSmoke.spec.ts","",""
"","6855","Clicking a column header sorts ascending, clicking again sorts descending","chromium","Wed Sep 30 10:16:32 UTC 2026","passed","Wed Sep 30 10:16:39 UTC 2026","Issued Checks — Smoke > Sorting","specs\Smoke\4-IssuedChecksSmoke.spec.ts","",""
"","8497","Validate forgot password functionality","webkit","Wed Sep 30 10:12:24 UTC 2026","passed","Wed Sep 30 10:12:33 UTC 2026","Login — Smoke > Forgot Password","specs\Smoke\1-LoginSmoke.spec.ts","",""
"","9295","Search box filters grid and clears correctly","chromium","Wed Sep 30 10:16:10 UTC 2026","passed","Wed Sep 30 10:16:19 UTC 2026","Presented Checks — Smoke > Toolbar","specs\Smoke\5-PresentedChecksSmoke.spec.ts","",""
"","8270","Saved Filters dropdown is visible and defaults to no preset","webkit","Wed Sep 30 10:19:57 UTC 2026","passed","Wed Sep 30 10:20:05 UTC 2026","Presented Checks — Smoke > Saved Filters","specs\Smoke\5-PresentedChecksSmoke.spec.ts","",""
"","20285","Default Decision Log sub-page loads correctly","webkit","Wed Sep 30 10:14:03 UTC 2026","passed","Wed Sep 30 10:14:23 UTC 2026","Application Navigation Smoke Tests > Settings Sub-navigation","specs\Smoke\2-NavigationSmoke.spec.ts","",""
"","11584","""Uploaded ACH"" navigates to the uploads page","webkit","Wed Sep 30 10:20:50 UTC 2026","passed","Wed Sep 30 10:21:02 UTC 2026","ACH — Smoke > Navigation","specs\Smoke\7-ACHSmoke.spec.ts","",""
"","8920","Verify dashboard footer footnote and privacy link are visible","chromium","Wed Sep 30 10:14:41 UTC 2026","passed","Wed Sep 30 10:14:50 UTC 2026","Home Dashboard > Summary Stats","specs\Smoke\3-HomeDashboardSmoke.spec.ts","",""
"","4900","""Edit"" link on a row navigates to the check edit form","msedge","Wed Sep 30 10:34:13 UTC 2026","passed","Wed Sep 30 10:34:18 UTC 2026","Presented Checks — Smoke > Row Actions","specs\Smoke\5-PresentedChecksSmoke.spec.ts","",""
"","7733","Default filter auto-applies after logout and re-login","webkit","Wed Sep 30 10:20:27 UTC 2026","skipped","Wed Sep 30 10:20:34 UTC 2026","Presented Checks — Smoke > Saved Filters > Default Filter","specs\Smoke\5-PresentedChecksSmoke.spec.ts","",""
"","10324","Excel export button is visible and enabled","firefox","Wed Sep 30 10:24:19 UTC 2026","passed","Wed Sep 30 10:24:30 UTC 2026","Exceptions — Smoke > Exception History > Toolbar","specs\Smoke\8-ExceptionsSmoke.spec.ts","",""
"","6065","Validate Login functionality with missingPassword","chromium","Wed Sep 30 10:11:42 UTC 2026","passed","Wed Sep 30 10:11:48 UTC 2026","Login — Smoke > Login","specs\Smoke\1-LoginSmoke.spec.ts","",""
"","11330","Verify navigation to ACH via nav menu","webkit","Wed Sep 30 10:17:15 UTC 2026","passed","Wed Sep 30 10:17:26 UTC 2026","Home Dashboard > Navigation from Dashboard","specs\Smoke\3-HomeDashboardSmoke.spec.ts","",""
"","9258","""+ Add Check"" navigates to the add-check form","chromium","Wed Sep 30 10:15:53 UTC 2026","passed","Wed Sep 30 10:16:03 UTC 2026","Presented Checks — Smoke > Navigation","specs\Smoke\5-PresentedChecksSmoke.spec.ts","",""
"","11778","Verify Total Exceptions and Total Exception Amount labels are visible","firefox","Wed Sep 30 10:16:49 UTC 2026","passed","Wed Sep 30 10:17:01 UTC 2026","Home Dashboard > Summary Stats","specs\Smoke\3-HomeDashboardSmoke.spec.ts","",""
"","6301","Clicking a column header sorts ascending, clicking again sorts descending","msedge","Wed Sep 30 10:33:59 UTC 2026","passed","Wed Sep 30 10:34:06 UTC 2026","Presented Checks — Smoke > Sorting","specs\Smoke\5-PresentedChecksSmoke.spec.ts","",""
"","3589","Pre-Decisions page loads with either records or the empty-state message","webkit","Wed Sep 30 10:25:33 UTC 2026","passed","Wed Sep 30 10:25:36 UTC 2026","Exceptions — Smoke > Pre-Decisions","specs\Smoke\8-ExceptionsSmoke.spec.ts","",""
"","6360","Saved Filters dropdown is visible and defaults to no preset","msedge","Wed Sep 30 10:35:38 UTC 2026","passed","Wed Sep 30 10:35:44 UTC 2026","Exceptions — Smoke > Exception History > Saved Filters","specs\Smoke\8-ExceptionsSmoke.spec.ts","",""
"","10734","Verify tab-specific charts are hidden for opposite tab","firefox","Wed Sep 30 10:16:39 UTC 2026","passed","Wed Sep 30 10:16:49 UTC 2026","Home Dashboard > Dashboard Chart Headings","specs\Smoke\3-HomeDashboardSmoke.spec.ts","",""
"","5697","Column filter menu applies a filter and Clear restores the full row set","msedge","Wed Sep 30 10:36:02 UTC 2026","passed","Wed Sep 30 10:36:07 UTC 2026","Exceptions — Smoke > Exception History > Column Filter","specs\Smoke\8-ExceptionsSmoke.spec.ts","",""
"","7929","File Processing sub-page loads correctly","firefox","Wed Sep 30 10:16:54 UTC 2026","passed","Wed Sep 30 10:17:02 UTC 2026","Application Navigation Smoke Tests > Settings Sub-navigation","specs\Smoke\2-NavigationSmoke.spec.ts","",""
"","7964","Grid loads with data rows and key column headers","chromium","Wed Sep 30 10:17:38 UTC 2026","passed","Wed Sep 30 10:17:46 UTC 2026","ACH — Smoke > Grid","specs\Smoke\7-ACHSmoke.spec.ts","",""
"","2613","Pre-Decisions page loads with either records or the empty-state message","msedge","Wed Sep 30 10:36:41 UTC 2026","passed","Wed Sep 30 10:36:43 UTC 2026","Exceptions — Smoke > Pre-Decisions","specs\Smoke\8-ExceptionsSmoke.spec.ts","",""
"","14560","Verify profile menu shows My Info and Logout links","firefox","Wed Sep 30 10:17:34 UTC 2026","passed","Wed Sep 30 10:17:49 UTC 2026","Home Dashboard > Summary Stats","specs\Smoke\3-HomeDashboardSmoke.spec.ts","",""
"","11483","API link is visible and points to swagger","firefox","Wed Sep 30 10:17:02 UTC 2026","passed","Wed Sep 30 10:17:14 UTC 2026","Application Navigation Smoke Tests > Settings Sub-navigation","specs\Smoke\2-NavigationSmoke.spec.ts","",""
"","12498","Verify delayed data note and force refresh link are visible on dashboard","firefox","Wed Sep 30 10:17:11 UTC 2026","passed","Wed Sep 30 10:17:23 UTC 2026","Home Dashboard > Summary Stats","specs\Smoke\3-HomeDashboardSmoke.spec.ts","",""
"","8065","Teller page loads correctly","firefox","Wed Sep 30 10:13:33 UTC 2026","passed","Wed Sep 30 10:13:41 UTC 2026","Application Navigation Smoke Tests > Top-level Navigation","specs\Smoke\2-NavigationSmoke.spec.ts","",""
"","24549","Verify tab-specific charts are hidden for opposite tab","webkit","Wed Sep 30 10:15:23 UTC 2026","passed","Wed Sep 30 10:15:48 UTC 2026","Home Dashboard > Dashboard Chart Headings","specs\Smoke\3-HomeDashboardSmoke.spec.ts","",""
"","11032","Business Clients sub-page loads correctly","firefox","Wed Sep 30 10:14:15 UTC 2026","passed","Wed Sep 30 10:14:26 UTC 2026","Application Navigation Smoke Tests > Settings Sub-navigation","specs\Smoke\2-NavigationSmoke.spec.ts","",""
"","12264","Validate Login functionality with correctCredentials","msedge","Wed Sep 30 10:29:11 UTC 2026","passed","Wed Sep 30 10:29:23 UTC 2026","Login — Smoke > Login","specs\Smoke\1-LoginSmoke.spec.ts","",""
"","6886","Validate Login functionality with veryLongInput","msedge","Wed Sep 30 10:30:17 UTC 2026","passed","Wed Sep 30 10:30:24 UTC 2026","Login — Smoke > Login","specs\Smoke\1-LoginSmoke.spec.ts","",""
"","6170","Validate Login functionality with missingPassword","firefox","Wed Sep 30 10:13:43 UTC 2026","passed","Wed Sep 30 10:13:49 UTC 2026","Login — Smoke > Login","specs\Smoke\1-LoginSmoke.spec.ts","",""
"","15968","Column filter popup applies a filter and Clear restores the full row set","webkit","Wed Sep 30 10:23:17 UTC 2026","passed","Wed Sep 30 10:23:33 UTC 2026","ACH — Smoke > Column Filter","specs\Smoke\7-ACHSmoke.spec.ts","",""
"","15632","Column filter popup applies a filter and Clear restores the full row set","webkit","Wed Sep 30 10:20:45 UTC 2026","passed","Wed Sep 30 10:21:01 UTC 2026","Presented Checks — Smoke > Column Filter","specs\Smoke\5-PresentedChecksSmoke.spec.ts","",""
"","12495","Pay/Return decision badge navigates to exception history","msedge","Wed Sep 30 10:35:37 UTC 2026","passed","Wed Sep 30 10:35:49 UTC 2026","ACH — Smoke > Row Actions","specs\Smoke\7-ACHSmoke.spec.ts","",""
"","9692","Validate teller presented-check form shows all required fields","webkit","Wed Sep 30 10:19:52 UTC 2026","passed","Wed Sep 30 10:20:02 UTC 2026","Teller — Smoke > Add Check Form","specs\Smoke\6-TellerSmoke.spec.ts","",""
"","10095","ACH Approval Rules sub-page loads correctly","chromium","Wed Sep 30 10:13:09 UTC 2026","passed","Wed Sep 30 10:13:19 UTC 2026","Application Navigation Smoke Tests > Settings Sub-navigation","specs\Smoke\2-NavigationSmoke.spec.ts","",""
"","10572","Pay/Return decision badge navigates to exception history","webkit","Wed Sep 30 10:21:34 UTC 2026","passed","Wed Sep 30 10:21:45 UTC 2026","Presented Checks — Smoke > Row Actions","specs\Smoke\5-PresentedChecksSmoke.spec.ts","",""
"","12467","Previous page button returns to page 1, First page button re-enables disabled state","chromium","Wed Sep 30 10:19:55 UTC 2026","passed","Wed Sep 30 10:20:08 UTC 2026","Exceptions — Smoke > Exception History > Pagination","specs\Smoke\8-ExceptionsSmoke.spec.ts","",""
"","11564","Last page arrow jumps to the final page","webkit","Wed Sep 30 10:23:06 UTC 2026","passed","Wed Sep 30 10:23:17 UTC 2026","Exceptions — Smoke > Exception History > Pagination","specs\Smoke\8-ExceptionsSmoke.spec.ts","",""
"","13822","Verify Home dashboard is restored after returning from another page","firefox","Wed Sep 30 10:17:49 UTC 2026","passed","Wed Sep 30 10:18:03 UTC 2026","Home Dashboard > Summary Stats","specs\Smoke\3-HomeDashboardSmoke.spec.ts","",""
"","5864","Exceptions page loads correctly","chromium","Wed Sep 30 10:11:39 UTC 2026","passed","Wed Sep 30 10:11:45 UTC 2026","Application Navigation Smoke Tests > Top-level Navigation","specs\Smoke\2-NavigationSmoke.spec.ts","",""
"","5693","Verify chart title changes with selected tab","msedge","Wed Sep 30 10:31:28 UTC 2026","passed","Wed Sep 30 10:31:34 UTC 2026","Home Dashboard > Dashboard Chart Headings","specs\Smoke\3-HomeDashboardSmoke.spec.ts","",""
"","8213","Page size change to 10 updates pagination info in bottom-right pager","chromium","Wed Sep 30 10:16:27 UTC 2026","passed","Wed Sep 30 10:16:35 UTC 2026","Presented Checks — Smoke > Pagination","specs\Smoke\5-PresentedChecksSmoke.spec.ts","",""
"","12153","Verify navigation to ACH via nav menu","firefox","Wed Sep 30 10:18:27 UTC 2026","passed","Wed Sep 30 10:18:39 UTC 2026","Home Dashboard > Navigation from Dashboard","specs\Smoke\3-HomeDashboardSmoke.spec.ts","",""
"","12057","Verify ACH Only tab shows ACH-specific chart sections","firefox","Wed Sep 30 10:16:03 UTC 2026","passed","Wed Sep 30 10:16:15 UTC 2026","Home Dashboard > Dashboard Chart Headings","specs\Smoke\3-HomeDashboardSmoke.spec.ts","",""
"","9862","API link is visible and points to swagger","chromium","Wed Sep 30 10:13:53 UTC 2026","passed","Wed Sep 30 10:14:03 UTC 2026","Application Navigation Smoke Tests > Settings Sub-navigation","specs\Smoke\2-NavigationSmoke.spec.ts","",""
"","5764","API link is visible and points to swagger","msedge","Wed Sep 30 10:31:29 UTC 2026","passed","Wed Sep 30 10:31:35 UTC 2026","Application Navigation Smoke Tests > Settings Sub-navigation","specs\Smoke\2-NavigationSmoke.spec.ts","",""
"","12613","""Delete"" on a row shows a confirm modal; Cancel dismisses it without deleting","firefox","Wed Sep 30 10:26:07 UTC 2026","passed","Wed Sep 30 10:26:20 UTC 2026","ACH — Smoke > Row Actions","specs\Smoke\7-ACHSmoke.spec.ts","",""
"","5391","Holiday Schedules sub-page loads correctly","chromium","Wed Sep 30 10:12:32 UTC 2026","passed","Wed Sep 30 10:12:37 UTC 2026","Application Navigation Smoke Tests > Settings Sub-navigation","specs\Smoke\2-NavigationSmoke.spec.ts","",""
"","10204","Previous page button returns to page 1, First page button re-enables disabled state","chromium","Wed Sep 30 10:15:34 UTC 2026","passed","Wed Sep 30 10:15:44 UTC 2026","Issued Checks — Smoke > Pagination","specs\Smoke\4-IssuedChecksSmoke.spec.ts","",""
"","7461","File Formats sub-page loads correctly","firefox","Wed Sep 30 10:15:26 UTC 2026","passed","Wed Sep 30 10:15:34 UTC 2026","Application Navigation Smoke Tests > Settings Sub-navigation","specs\Smoke\2-NavigationSmoke.spec.ts","",""
"","5244","""Uploaded Checks"" navigates to the uploads page","msedge","Wed Sep 30 10:31:54 UTC 2026","passed","Wed Sep 30 10:31:59 UTC 2026","Issued Checks — Smoke > Navigation","specs\Smoke\4-IssuedChecksSmoke.spec.ts","",""
"","5581","Roles/Permissions sub-page loads correctly","msedge","Wed Sep 30 10:30:17 UTC 2026","passed","Wed Sep 30 10:30:22 UTC 2026","Application Navigation Smoke Tests > Settings Sub-navigation","specs\Smoke\2-NavigationSmoke.spec.ts","",""
"","5877","Billing Reports sub-page loads correctly","chromium","Wed Sep 30 10:12:20 UTC 2026","passed","Wed Sep 30 10:12:26 UTC 2026","Application Navigation Smoke Tests > Settings Sub-navigation","specs\Smoke\2-NavigationSmoke.spec.ts","",""
"","12664","Typing a page number navigates to that page","webkit","Wed Sep 30 10:23:17 UTC 2026","passed","Wed Sep 30 10:23:30 UTC 2026","Exceptions — Smoke > Exception History > Pagination","specs\Smoke\8-ExceptionsSmoke.spec.ts","",""
"","5289","Verify navigation to Presented Checks via nav menu","msedge","Wed Sep 30 10:32:16 UTC 2026","passed","Wed Sep 30 10:32:22 UTC 2026","Home Dashboard > Navigation from Dashboard","specs\Smoke\3-HomeDashboardSmoke.spec.ts","",""
"","11593","Search box filters grid and clears correctly","webkit","Wed Sep 30 10:16:29 UTC 2026","passed","Wed Sep 30 10:16:41 UTC 2026","Issued Checks — Smoke > Toolbar","specs\Smoke\4-IssuedChecksSmoke.spec.ts","",""
"","14835","Check Approval Rules sub-page loads correctly","firefox","Wed Sep 30 10:15:50 UTC 2026","passed","Wed Sep 30 10:16:05 UTC 2026","Application Navigation Smoke Tests > Settings Sub-navigation","specs\Smoke\2-NavigationSmoke.spec.ts","",""
"","10421","""View"" (Change Log) link on a row navigates to the entity log","webkit","Wed Sep 30 10:19:20 UTC 2026","passed","Wed Sep 30 10:19:31 UTC 2026","Issued Checks — Smoke > Row Actions","specs\Smoke\4-IssuedChecksSmoke.spec.ts","",""
"","8904","Clicking a column header sorts ascending, clicking again sorts descending","webkit","Wed Sep 30 10:24:28 UTC 2026","passed","Wed Sep 30 10:24:36 UTC 2026","Exceptions — Smoke > Exception History > Sorting","specs\Smoke\8-ExceptionsSmoke.spec.ts","",""
"","5328","Users sub-page loads correctly","chromium","Wed Sep 30 10:12:03 UTC 2026","passed","Wed Sep 30 10:12:08 UTC 2026","Application Navigation Smoke Tests > Settings Sub-navigation","specs\Smoke\2-NavigationSmoke.spec.ts","",""
"","7397","""Uploaded Checks"" navigates to the uploads page","chromium","Wed Sep 30 10:16:03 UTC 2026","passed","Wed Sep 30 10:16:10 UTC 2026","Presented Checks — Smoke > Navigation","specs\Smoke\5-PresentedChecksSmoke.spec.ts","",""
"","5614","Validate Login functionality with invalidEmailFormat","firefox","Wed Sep 30 10:13:33 UTC 2026","passed","Wed Sep 30 10:13:38 UTC 2026","Login — Smoke > Login","specs\Smoke\1-LoginSmoke.spec.ts","",""
"","12004","Save a filter preset, verify it is auto-selected, then delete it","msedge","Wed Sep 30 10:34:53 UTC 2026","passed","Wed Sep 30 10:35:05 UTC 2026","ACH — Smoke > Saved Filters","specs\Smoke\7-ACHSmoke.spec.ts","",""
"","11474","Grid loads with data rows and key column headers","webkit","Wed Sep 30 10:20:16 UTC 2026","passed","Wed Sep 30 10:20:27 UTC 2026","ACH — Smoke > Grid","specs\Smoke\7-ACHSmoke.spec.ts","",""
"","9929","Verify navigation to Exceptions via nav menu","firefox","Wed Sep 30 10:18:39 UTC 2026","passed","Wed Sep 30 10:18:49 UTC 2026","Home Dashboard > Navigation from Dashboard","specs\Smoke\3-HomeDashboardSmoke.spec.ts","",""
"","6507","Verify Home dashboard is restored after returning from another page","msedge","Wed Sep 30 10:32:04 UTC 2026","passed","Wed Sep 30 10:32:11 UTC 2026","Home Dashboard > Summary Stats","specs\Smoke\3-HomeDashboardSmoke.spec.ts","",""
"","13564","""Uploaded ACH"" navigates to the uploads page","firefox","Wed Sep 30 10:22:49 UTC 2026","passed","Wed Sep 30 10:23:03 UTC 2026","ACH — Smoke > Navigation","specs\Smoke\7-ACHSmoke.spec.ts","",""
"","9759","Grid loads with data rows and key column headers","chromium","Wed Sep 30 10:14:14 UTC 2026","passed","Wed Sep 30 10:14:24 UTC 2026","Issued Checks — Smoke > Grid","specs\Smoke\4-IssuedChecksSmoke.spec.ts","",""
"","7608","Holiday Schedules sub-page loads correctly","webkit","Wed Sep 30 10:12:52 UTC 2026","passed","Wed Sep 30 10:12:59 UTC 2026","Application Navigation Smoke Tests > Settings Sub-navigation","specs\Smoke\2-NavigationSmoke.spec.ts","",""
"","7668","Decision badge on an already-reviewed row is blocked with a system message","chromium","Wed Sep 30 10:21:21 UTC 2026","passed","Wed Sep 30 10:21:29 UTC 2026","Exceptions — Smoke > Exception History > Row Actions","specs\Smoke\8-ExceptionsSmoke.spec.ts","",""
"","10042","Previous page button returns to page 1, First page button re-enables disabled state","chromium","Wed Sep 30 10:16:58 UTC 2026","passed","Wed Sep 30 10:17:08 UTC 2026","Presented Checks — Smoke > Pagination","specs\Smoke\5-PresentedChecksSmoke.spec.ts","",""
"","8578","File Processing sub-page loads correctly","chromium","Wed Sep 30 10:13:44 UTC 2026","passed","Wed Sep 30 10:13:53 UTC 2026","Application Navigation Smoke Tests > Settings Sub-navigation","specs\Smoke\2-NavigationSmoke.spec.ts","",""
"","5815","Exception History grid loads with data rows and key column headers","msedge","Wed Sep 30 10:34:40 UTC 2026","passed","Wed Sep 30 10:34:46 UTC 2026","Exceptions — Smoke > Exception History > Grid","specs\Smoke\8-ExceptionsSmoke.spec.ts","",""
"","4441","Pre-Decisions page loads with either records or the empty-state message","firefox","Wed Sep 30 10:27:43 UTC 2026","passed","Wed Sep 30 10:27:47 UTC 2026","Exceptions — Smoke > Pre-Decisions","specs\Smoke\8-ExceptionsSmoke.spec.ts","",""
"","11659","Last page arrow jumps to the final page","webkit","Wed Sep 30 10:17:14 UTC 2026","passed","Wed Sep 30 10:17:26 UTC 2026","Issued Checks — Smoke > Pagination","specs\Smoke\4-IssuedChecksSmoke.spec.ts","",""
"","5673","Open Exceptions page loads with either exception cards or the empty-state message","chromium","Wed Sep 30 10:21:40 UTC 2026","passed","Wed Sep 30 10:21:46 UTC 2026","Exceptions — Smoke > Open Exceptions","specs\Smoke\8-ExceptionsSmoke.spec.ts","",""
"","7137","""Uploaded ACH"" navigates to the uploads page","chromium","Wed Sep 30 10:18:00 UTC 2026","passed","Wed Sep 30 10:18:07 UTC 2026","ACH — Smoke > Navigation","specs\Smoke\7-ACHSmoke.spec.ts","",""
"","4863","Navigation tabs to Pre-Decisions, Approvals, and Exception History are visible","firefox","Wed Sep 30 10:27:22 UTC 2026","passed","Wed Sep 30 10:27:27 UTC 2026","Exceptions — Smoke > Open Exceptions","specs\Smoke\8-ExceptionsSmoke.spec.ts","",""
"","11288","Column filter popup applies a filter and Clear restores the full row set","chromium","Wed Sep 30 10:19:59 UTC 2026","passed","Wed Sep 30 10:20:10 UTC 2026","ACH — Smoke > Column Filter","specs\Smoke\7-ACHSmoke.spec.ts","",""
"","8203","Validate Login functionality with xssInUsername","webkit","Wed Sep 30 10:12:08 UTC 2026","passed","Wed Sep 30 10:12:17 UTC 2026","Login — Smoke > Login","specs\Smoke\1-LoginSmoke.spec.ts","",""
"","8387","Notification Templates sub-page loads correctly","webkit","Wed Sep 30 10:13:09 UTC 2026","passed","Wed Sep 30 10:13:17 UTC 2026","Application Navigation Smoke Tests > Settings Sub-navigation","specs\Smoke\2-NavigationSmoke.spec.ts","",""
"","2554","Approvals page loads with either records or the empty-state message","msedge","Wed Sep 30 10:36:38 UTC 2026","passed","Wed Sep 30 10:36:41 UTC 2026","Exceptions — Smoke > Approvals","specs\Smoke\8-ExceptionsSmoke.spec.ts","",""
"","5533","Verify Combined View shows all chart sections","msedge","Wed Sep 30 10:31:06 UTC 2026","passed","Wed Sep 30 10:31:12 UTC 2026","Home Dashboard > Dashboard Chart Headings","specs\Smoke\3-HomeDashboardSmoke.spec.ts","",""
"","8150","Users sub-page loads correctly","webkit","Wed Sep 30 10:12:10 UTC 2026","passed","Wed Sep 30 10:12:18 UTC 2026","Application Navigation Smoke Tests > Settings Sub-navigation","specs\Smoke\2-NavigationSmoke.spec.ts","",""
"","6650","ACH page loads correctly","msedge","Wed Sep 30 10:29:42 UTC 2026","passed","Wed Sep 30 10:29:48 UTC 2026","Application Navigation Smoke Tests > Top-level Navigation","specs\Smoke\2-NavigationSmoke.spec.ts","",""
"","5235","Page size change to 10 updates pagination info in bottom-right pager","msedge","Wed Sep 30 10:35:05 UTC 2026","passed","Wed Sep 30 10:35:11 UTC 2026","Exceptions — Smoke > Exception History > Pagination","specs\Smoke\8-ExceptionsSmoke.spec.ts","",""
"","5573","Excel export button is visible and enabled","msedge","Wed Sep 30 10:33:07 UTC 2026","passed","Wed Sep 30 10:33:13 UTC 2026","Presented Checks — Smoke > Toolbar","specs\Smoke\5-PresentedChecksSmoke.spec.ts","",""
"","4807","Verify summary KPI values have expected number formats","msedge","Wed Sep 30 10:31:44 UTC 2026","passed","Wed Sep 30 10:31:49 UTC 2026","Home Dashboard > Summary Stats","specs\Smoke\3-HomeDashboardSmoke.spec.ts","",""
"","5269","Grid View toggle navigates to the open-exceptions grid and shows key column headers","firefox","Wed Sep 30 10:27:32 UTC 2026","passed","Wed Sep 30 10:27:38 UTC 2026","Exceptions — Smoke > Open Exceptions","specs\Smoke\8-ExceptionsSmoke.spec.ts","",""
"","6106","Notification Templates sub-page loads correctly","chromium","Wed Sep 30 10:12:43 UTC 2026","passed","Wed Sep 30 10:12:49 UTC 2026","Application Navigation Smoke Tests > Settings Sub-navigation","specs\Smoke\2-NavigationSmoke.spec.ts","",""
"","6113","Account Settings sub-page loads correctly","chromium","Wed Sep 30 10:11:51 UTC 2026","passed","Wed Sep 30 10:11:57 UTC 2026","Application Navigation Smoke Tests > Settings Sub-navigation","specs\Smoke\2-NavigationSmoke.spec.ts","",""
"","11924","Verify navigation to Presented Checks via nav menu","firefox","Wed Sep 30 10:18:15 UTC 2026","passed","Wed Sep 30 10:18:27 UTC 2026","Home Dashboard > Navigation from Dashboard","specs\Smoke\3-HomeDashboardSmoke.spec.ts","",""
"","7494","Page size change to 10 updates pagination info in bottom-right pager","chromium","Wed Sep 30 10:19:23 UTC 2026","passed","Wed Sep 30 10:19:31 UTC 2026","Exceptions — Smoke > Exception History > Pagination","specs\Smoke\8-ExceptionsSmoke.spec.ts","",""
"","9212","Settings page loads correctly","firefox","Wed Sep 30 10:13:57 UTC 2026","passed","Wed Sep 30 10:14:06 UTC 2026","Application Navigation Smoke Tests > Top-level Navigation","specs\Smoke\2-NavigationSmoke.spec.ts","",""
"","10708","""Edit"" link on a row navigates to the check edit form","webkit","Wed Sep 30 10:19:09 UTC 2026","passed","Wed Sep 30 10:19:20 UTC 2026","Issued Checks — Smoke > Row Actions","specs\Smoke\4-IssuedChecksSmoke.spec.ts","",""
"","4902","Presented Checks page loads correctly","msedge","Wed Sep 30 10:29:32 UTC 2026","passed","Wed Sep 30 10:29:37 UTC 2026","Application Navigation Smoke Tests > Top-level Navigation","specs\Smoke\2-NavigationSmoke.spec.ts","",""
"","18972","Previous page button returns to page 1, First page button re-enables disabled state","firefox","Wed Sep 30 10:25:24 UTC 2026","passed","Wed Sep 30 10:25:43 UTC 2026","Exceptions — Smoke > Exception History > Pagination","specs\Smoke\8-ExceptionsSmoke.spec.ts","",""
"","10784","Next page arrow advances to page 2","webkit","Wed Sep 30 10:19:10 UTC 2026","passed","Wed Sep 30 10:19:21 UTC 2026","Presented Checks — Smoke > Pagination","specs\Smoke\5-PresentedChecksSmoke.spec.ts","",""
"","10527","Grid loads with data rows and key column headers","webkit","Wed Sep 30 10:17:52 UTC 2026","passed","Wed Sep 30 10:18:02 UTC 2026","Presented Checks — Smoke > Grid","specs\Smoke\5-PresentedChecksSmoke.spec.ts","",""
"","7325","Branding sub-page loads correctly","webkit","Wed Sep 30 10:12:26 UTC 2026","passed","Wed Sep 30 10:12:33 UTC 2026","Application Navigation Smoke Tests > Settings Sub-navigation","specs\Smoke\2-NavigationSmoke.spec.ts","",""
"","8363","Search box filters grid and clears correctly","chromium","Wed Sep 30 10:14:50 UTC 2026","passed","Wed Sep 30 10:14:59 UTC 2026","Issued Checks — Smoke > Toolbar","specs\Smoke\4-IssuedChecksSmoke.spec.ts","",""
"","6210","Automatic Check Decision Rules sub-page loads correctly","firefox","Wed Sep 30 10:15:44 UTC 2026","passed","Wed Sep 30 10:15:50 UTC 2026","Application Navigation Smoke Tests > Settings Sub-navigation","specs\Smoke\2-NavigationSmoke.spec.ts","",""
"","4984","Verify Check Only tab shows Check-specific chart sections","msedge","Wed Sep 30 10:31:12 UTC 2026","passed","Wed Sep 30 10:31:17 UTC 2026","Home Dashboard > Dashboard Chart Headings","specs\Smoke\3-HomeDashboardSmoke.spec.ts","",""
"","13197","Typing a page number navigates to that page","firefox","Wed Sep 30 10:21:00 UTC 2026","passed","Wed Sep 30 10:21:13 UTC 2026","Presented Checks — Smoke > Pagination","specs\Smoke\5-PresentedChecksSmoke.spec.ts","",""
"","8493","ACH page loads correctly","webkit","Wed Sep 30 10:11:30 UTC 2026","passed","Wed Sep 30 10:11:38 UTC 2026","Application Navigation Smoke Tests > Top-level Navigation","specs\Smoke\2-NavigationSmoke.spec.ts","",""
"","8877","Default Decision Log sub-page loads correctly","chromium","Wed Sep 30 10:13:29 UTC 2026","passed","Wed Sep 30 10:13:37 UTC 2026","Application Navigation Smoke Tests > Settings Sub-navigation","specs\Smoke\2-NavigationSmoke.spec.ts","",""
"","11825","""Delete"" on a row shows a confirm modal; Cancel dismisses it without deleting","webkit","Wed Sep 30 10:21:22 UTC 2026","passed","Wed Sep 30 10:21:34 UTC 2026","Presented Checks — Smoke > Row Actions","specs\Smoke\5-PresentedChecksSmoke.spec.ts","",""
"","9023","Verify summary KPI values have expected number formats","chromium","Wed Sep 30 10:14:21 UTC 2026","passed","Wed Sep 30 10:14:30 UTC 2026","Home Dashboard > Summary Stats","specs\Smoke\3-HomeDashboardSmoke.spec.ts","",""
"","5324","Exceptions page loads correctly","msedge","Wed Sep 30 10:29:48 UTC 2026","passed","Wed Sep 30 10:29:54 UTC 2026","Application Navigation Smoke Tests > Top-level Navigation","specs\Smoke\2-NavigationSmoke.spec.ts","",""
"","5751","""Delete"" on a row shows a confirm modal; Cancel dismisses it without deleting","msedge","Wed Sep 30 10:34:23 UTC 2026","passed","Wed Sep 30 10:34:29 UTC 2026","Presented Checks — Smoke > Row Actions","specs\Smoke\5-PresentedChecksSmoke.spec.ts","",""
"","6122","Validate Login functionality with incorrectUsername","chromium","Wed Sep 30 10:11:24 UTC 2026","passed","Wed Sep 30 10:11:30 UTC 2026","Login — Smoke > Login","specs\Smoke\1-LoginSmoke.spec.ts","",""
"","4953","Grid loads with data rows and key column headers","msedge","Wed Sep 30 10:31:40 UTC 2026","passed","Wed Sep 30 10:31:45 UTC 2026","Issued Checks — Smoke > Grid","specs\Smoke\4-IssuedChecksSmoke.spec.ts","",""
"","14915","Column filter menu applies a filter and Clear restores the full row set","firefox","Wed Sep 30 10:26:40 UTC 2026","passed","Wed Sep 30 10:26:55 UTC 2026","Exceptions — Smoke > Exception History > Column Filter","specs\Smoke\8-ExceptionsSmoke.spec.ts","",""
"","6356","Verify dashboard tab checked state updates correctly","msedge","Wed Sep 30 10:31:22 UTC 2026","passed","Wed Sep 30 10:31:28 UTC 2026","Home Dashboard > Dashboard Chart Headings","specs\Smoke\3-HomeDashboardSmoke.spec.ts","",""
"","11884","Exception History grid loads with data rows and key column headers","webkit","Wed Sep 30 10:21:53 UTC 2026","passed","Wed Sep 30 10:22:05 UTC 2026","Exceptions — Smoke > Exception History > Grid","specs\Smoke\8-ExceptionsSmoke.spec.ts","",""
"","13979","Saved Filters dropdown is visible and defaults to no preset","firefox","Wed Sep 30 10:25:43 UTC 2026","passed","Wed Sep 30 10:25:57 UTC 2026","Exceptions — Smoke > Exception History > Saved Filters","specs\Smoke\8-ExceptionsSmoke.spec.ts","",""
"","22716","Pay/Return decision badge navigates to exception history","firefox","Wed Sep 30 10:26:20 UTC 2026","passed","Wed Sep 30 10:26:42 UTC 2026","ACH — Smoke > Row Actions","specs\Smoke\7-ACHSmoke.spec.ts","",""
"","5056","Default filter auto-applies after logout and re-login","msedge","Wed Sep 30 10:32:55 UTC 2026","skipped","Wed Sep 30 10:33:00 UTC 2026","Issued Checks — Smoke > Saved Filters > Default Filter","specs\Smoke\4-IssuedChecksSmoke.spec.ts","",""
"","5370","Open Exceptions page loads with either exception cards or the empty-state message","webkit","Wed Sep 30 10:25:18 UTC 2026","passed","Wed Sep 30 10:25:23 UTC 2026","Exceptions — Smoke > Open Exceptions","specs\Smoke\8-ExceptionsSmoke.spec.ts","",""
"","7705","Validate Login functionality with veryLongInput","firefox","Wed Sep 30 10:14:16 UTC 2026","passed","Wed Sep 30 10:14:24 UTC 2026","Login — Smoke > Login","specs\Smoke\1-LoginSmoke.spec.ts","",""
"","4867","Approvals page loads with either records or the empty-state message","firefox","Wed Sep 30 10:27:38 UTC 2026","passed","Wed Sep 30 10:27:43 UTC 2026","Exceptions — Smoke > Approvals","specs\Smoke\8-ExceptionsSmoke.spec.ts","",""
"","11245","Web Hooks sub-page loads correctly","chromium","Wed Sep 30 10:14:03 UTC 2026","passed","Wed Sep 30 10:14:14 UTC 2026","Application Navigation Smoke Tests > Settings Sub-navigation","specs\Smoke\2-NavigationSmoke.spec.ts","",""
"","15232","Next page arrow advances to page 2","firefox","Wed Sep 30 10:23:40 UTC 2026","passed","Wed Sep 30 10:23:55 UTC 2026","ACH — Smoke > Pagination","specs\Smoke\7-ACHSmoke.spec.ts","",""
"","5361","Default filter auto-applies after logout and re-login","msedge","Wed Sep 30 10:35:05 UTC 2026","skipped","Wed Sep 30 10:35:10 UTC 2026","ACH — Smoke > Saved Filters > Default Filter","specs\Smoke\7-ACHSmoke.spec.ts","",""
"","8159","Previous page button returns to page 1, First page button re-enables disabled state","msedge","Wed Sep 30 10:35:30 UTC 2026","passed","Wed Sep 30 10:35:38 UTC 2026","Exceptions — Smoke > Exception History > Pagination","specs\Smoke\8-ExceptionsSmoke.spec.ts","",""
"","10732","Issued Checks page loads correctly","firefox","Wed Sep 30 10:13:12 UTC 2026","passed","Wed Sep 30 10:13:23 UTC 2026","Application Navigation Smoke Tests > Top-level Navigation","specs\Smoke\2-NavigationSmoke.spec.ts","",""
"","4498","Default filter auto-applies after logout and re-login","msedge","Wed Sep 30 10:33:55 UTC 2026","skipped","Wed Sep 30 10:33:59 UTC 2026","Presented Checks — Smoke > Saved Filters > Default Filter","specs\Smoke\5-PresentedChecksSmoke.spec.ts","",""
"","17886","Previous page button returns to page 1, First page button re-enables disabled state","webkit","Wed Sep 30 10:23:30 UTC 2026","passed","Wed Sep 30 10:23:48 UTC 2026","Exceptions — Smoke > Exception History > Pagination","specs\Smoke\8-ExceptionsSmoke.spec.ts","",""
"","12944","Verify Home dashboard is restored after returning from another page","webkit","Wed Sep 30 10:16:41 UTC 2026","passed","Wed Sep 30 10:16:54 UTC 2026","Home Dashboard > Summary Stats","specs\Smoke\3-HomeDashboardSmoke.spec.ts","",""
"","13433","Page size change to 10 updates pagination info in bottom-right pager","firefox","Wed Sep 30 10:20:18 UTC 2026","passed","Wed Sep 30 10:20:31 UTC 2026","Presented Checks — Smoke > Pagination","specs\Smoke\5-PresentedChecksSmoke.spec.ts","",""
"","11884","Excel export button is visible and enabled","firefox","Wed Sep 30 10:18:29 UTC 2026","passed","Wed Sep 30 10:18:41 UTC 2026","Issued Checks — Smoke > Toolbar","specs\Smoke\4-IssuedChecksSmoke.spec.ts","",""
"","5852","Roles/Permissions sub-page loads correctly","chromium","Wed Sep 30 10:12:08 UTC 2026","passed","Wed Sep 30 10:12:14 UTC 2026","Application Navigation Smoke Tests > Settings Sub-navigation","specs\Smoke\2-NavigationSmoke.spec.ts","",""
"","5894","Grid loads with data rows and key column headers","msedge","Wed Sep 30 10:32:39 UTC 2026","passed","Wed Sep 30 10:32:44 UTC 2026","Presented Checks — Smoke > Grid","specs\Smoke\5-PresentedChecksSmoke.spec.ts","",""
"","7332","Business Clients sub-page loads correctly","webkit","Wed Sep 30 10:12:03 UTC 2026","passed","Wed Sep 30 10:12:10 UTC 2026","Application Navigation Smoke Tests > Settings Sub-navigation","specs\Smoke\2-NavigationSmoke.spec.ts","",""
"","6602","Verify navigation to Exceptions via nav menu","chromium","Wed Sep 30 10:15:26 UTC 2026","passed","Wed Sep 30 10:15:33 UTC 2026","Home Dashboard > Navigation from Dashboard","specs\Smoke\3-HomeDashboardSmoke.spec.ts","",""
"","10406","Verify delayed data note and force refresh link are visible on dashboard","chromium","Wed Sep 30 10:14:31 UTC 2026","passed","Wed Sep 30 10:14:41 UTC 2026","Home Dashboard > Summary Stats","specs\Smoke\3-HomeDashboardSmoke.spec.ts","",""
"","10003","Excel export button is visible and enabled","chromium","Wed Sep 30 10:19:13 UTC 2026","passed","Wed Sep 30 10:19:23 UTC 2026","Exceptions — Smoke > Exception History > Toolbar","specs\Smoke\8-ExceptionsSmoke.spec.ts","",""
"","13368","Validate Login functionality with correctCredentials","webkit","Wed Sep 30 10:10:41 UTC 2026","passed","Wed Sep 30 10:10:54 UTC 2026","Login — Smoke > Login","specs\Smoke\1-LoginSmoke.spec.ts","",""
"","9186","Issued Checks breadcrumb link is visible on the page","webkit","Wed Sep 30 10:19:43 UTC 2026","passed","Wed Sep 30 10:19:52 UTC 2026","Issued Checks — Smoke > Breadcrumb","specs\Smoke\4-IssuedChecksSmoke.spec.ts","",""
"","9540","Verify summary KPI values have expected number formats","firefox","Wed Sep 30 10:17:01 UTC 2026","passed","Wed Sep 30 10:17:11 UTC 2026","Home Dashboard > Summary Stats","specs\Smoke\3-HomeDashboardSmoke.spec.ts","",""
"","7563","Column filter popup applies a filter and Clear restores the full row set","msedge","Wed Sep 30 10:34:06 UTC 2026","passed","Wed Sep 30 10:34:13 UTC 2026","Presented Checks — Smoke > Column Filter","specs\Smoke\5-PresentedChecksSmoke.spec.ts","",""
"","15805","Saved Filters dropdown is visible and defaults to no preset","firefox","Wed Sep 30 10:19:49 UTC 2026","passed","Wed Sep 30 10:20:04 UTC 2026","Issued Checks — Smoke > Saved Filters","specs\Smoke\4-IssuedChecksSmoke.spec.ts","",""
"","6362","Search box filters grid and clears correctly","msedge","Wed Sep 30 10:33:01 UTC 2026","passed","Wed Sep 30 10:33:07 UTC 2026","Presented Checks — Smoke > Toolbar","specs\Smoke\5-PresentedChecksSmoke.spec.ts","",""
"","7504","Roles/Permissions sub-page loads correctly","webkit","Wed Sep 30 10:12:18 UTC 2026","passed","Wed Sep 30 10:12:26 UTC 2026","Application Navigation Smoke Tests > Settings Sub-navigation","specs\Smoke\2-NavigationSmoke.spec.ts","",""
"","9809","Holiday Schedules sub-page loads correctly","firefox","Wed Sep 30 10:15:17 UTC 2026","passed","Wed Sep 30 10:15:26 UTC 2026","Application Navigation Smoke Tests > Settings Sub-navigation","specs\Smoke\2-NavigationSmoke.spec.ts","",""
"","6932","Validate forgot password with unregistered email","firefox","Wed Sep 30 10:14:38 UTC 2026","passed","Wed Sep 30 10:14:45 UTC 2026","Login — Smoke > Forgot Password","specs\Smoke\1-LoginSmoke.spec.ts","",""
"","5831","Clicking a column header sorts ascending, clicking again sorts descending","msedge","Wed Sep 30 10:35:10 UTC 2026","passed","Wed Sep 30 10:35:16 UTC 2026","ACH — Smoke > Sorting","specs\Smoke\7-ACHSmoke.spec.ts","",""
"","9493","Validate forgot password with unregistered email","webkit","Wed Sep 30 10:12:43 UTC 2026","passed","Wed Sep 30 10:12:52 UTC 2026","Login — Smoke > Forgot Password","specs\Smoke\1-LoginSmoke.spec.ts","",""
"","7349","Verify profile menu shows My Info and Logout links","chromium","Wed Sep 30 10:14:50 UTC 2026","passed","Wed Sep 30 10:14:57 UTC 2026","Home Dashboard > Summary Stats","specs\Smoke\3-HomeDashboardSmoke.spec.ts","",""
"","6987","Search box filters grid and clears correctly","msedge","Wed Sep 30 10:34:52 UTC 2026","passed","Wed Sep 30 10:34:59 UTC 2026","Exceptions — Smoke > Exception History > Toolbar","specs\Smoke\8-ExceptionsSmoke.spec.ts","",""
"","12868","Validate teller presented-check form shows all required fields","firefox","Wed Sep 30 10:21:53 UTC 2026","passed","Wed Sep 30 10:22:06 UTC 2026","Teller — Smoke > Add Check Form","specs\Smoke\6-TellerSmoke.spec.ts","",""
"","5253","Open Exceptions page loads with either exception cards or the empty-state message","firefox","Wed Sep 30 10:27:27 UTC 2026","passed","Wed Sep 30 10:27:32 UTC 2026","Exceptions — Smoke > Open Exceptions","specs\Smoke\8-ExceptionsSmoke.spec.ts","",""
"","6155","Validate Login functionality with emptyFields","chromium","Wed Sep 30 10:11:36 UTC 2026","passed","Wed Sep 30 10:11:42 UTC 2026","Login — Smoke > Login","specs\Smoke\1-LoginSmoke.spec.ts","",""
"","21946","Save a filter preset, verify it is auto-selected, then delete it","webkit","Wed Sep 30 10:18:03 UTC 2026","passed","Wed Sep 30 10:18:25 UTC 2026","Issued Checks — Smoke > Saved Filters","specs\Smoke\4-IssuedChecksSmoke.spec.ts","",""
"","4839","Validate Login functionality with missingPassword","msedge","Wed Sep 30 10:29:55 UTC 2026","passed","Wed Sep 30 10:30:00 UTC 2026","Login — Smoke > Login","specs\Smoke\1-LoginSmoke.spec.ts","",""
"","21890","Save a filter preset, verify it is auto-selected, then delete it","webkit","Wed Sep 30 10:22:33 UTC 2026","passed","Wed Sep 30 10:22:55 UTC 2026","ACH — Smoke > Saved Filters","specs\Smoke\7-ACHSmoke.spec.ts","",""
"","7566","Next page arrow advances to page 2","chromium","Wed Sep 30 10:18:31 UTC 2026","passed","Wed Sep 30 10:18:39 UTC 2026","ACH — Smoke > Pagination","specs\Smoke\7-ACHSmoke.spec.ts","",""
"","10085","Verify all three dashboard view tabs are visible","chromium","Wed Sep 30 10:12:59 UTC 2026","passed","Wed Sep 30 10:13:09 UTC 2026","Home Dashboard > Page Load","specs\Smoke\3-HomeDashboardSmoke.spec.ts","",""
"","6091","Grid View toggle navigates to the open-exceptions grid and shows key column headers","webkit","Wed Sep 30 10:25:23 UTC 2026","passed","Wed Sep 30 10:25:29 UTC 2026","Exceptions — Smoke > Open Exceptions","specs\Smoke\8-ExceptionsSmoke.spec.ts","",""
"","9381","Verify navigation to Settings via nav menu","firefox","Wed Sep 30 10:18:49 UTC 2026","passed","Wed Sep 30 10:18:58 UTC 2026","Home Dashboard > Navigation from Dashboard","specs\Smoke\3-HomeDashboardSmoke.spec.ts","",""
"","5571","Clicking a column header sorts ascending, clicking again sorts descending","chromium","Wed Sep 30 10:21:00 UTC 2026","passed","Wed Sep 30 10:21:06 UTC 2026","Exceptions — Smoke > Exception History > Sorting","specs\Smoke\8-ExceptionsSmoke.spec.ts","",""
"","11243","Search box filters grid and clears correctly","webkit","Wed Sep 30 10:21:02 UTC 2026","passed","Wed Sep 30 10:21:13 UTC 2026","ACH — Smoke > Toolbar","specs\Smoke\7-ACHSmoke.spec.ts","",""
"","5828","Validate Login functionality with veryLongInput","chromium","Wed Sep 30 10:12:05 UTC 2026","passed","Wed Sep 30 10:12:11 UTC 2026","Login — Smoke > Login","specs\Smoke\1-LoginSmoke.spec.ts","",""
"","9308","Home page is accessible and shows dashboard","webkit","Wed Sep 30 10:10:41 UTC 2026","passed","Wed Sep 30 10:10:50 UTC 2026","Application Navigation Smoke Tests > Top-level Navigation","specs\Smoke\2-NavigationSmoke.spec.ts","",""
"","6796","Verify navigation to Presented Checks via nav menu","chromium","Wed Sep 30 10:15:12 UTC 2026","passed","Wed Sep 30 10:15:19 UTC 2026","Home Dashboard > Navigation from Dashboard","specs\Smoke\3-HomeDashboardSmoke.spec.ts","",""
"","5976","Typing a page number navigates to that page","msedge","Wed Sep 30 10:35:24 UTC 2026","passed","Wed Sep 30 10:35:30 UTC 2026","Exceptions — Smoke > Exception History > Pagination","specs\Smoke\8-ExceptionsSmoke.spec.ts","",""
"","5561","Verify navigation to Issued Checks via nav menu","msedge","Wed Sep 30 10:32:11 UTC 2026","passed","Wed Sep 30 10:32:16 UTC 2026","Home Dashboard > Navigation from Dashboard","specs\Smoke\3-HomeDashboardSmoke.spec.ts","",""
"","12386","""View"" (Change Log) link on a row navigates to the entity log","firefox","Wed Sep 30 10:21:13 UTC 2026","passed","Wed Sep 30 10:21:25 UTC 2026","Issued Checks — Smoke > Row Actions","specs\Smoke\4-IssuedChecksSmoke.spec.ts","",""
"","12850","Search box filters grid and clears correctly","firefox","Wed Sep 30 10:19:52 UTC 2026","passed","Wed Sep 30 10:20:05 UTC 2026","Presented Checks — Smoke > Toolbar","specs\Smoke\5-PresentedChecksSmoke.spec.ts","",""
"","11286","Validate Login functionality with caseSensitiveEmail","firefox","Wed Sep 30 10:13:10 UTC 2026","passed","Wed Sep 30 10:13:21 UTC 2026","Login — Smoke > Login","specs\Smoke\1-LoginSmoke.spec.ts","",""
"","8679","Search box filters grid and clears correctly","chromium","Wed Sep 30 10:19:05 UTC 2026","passed","Wed Sep 30 10:19:13 UTC 2026","Exceptions — Smoke > Exception History > Toolbar","specs\Smoke\8-ExceptionsSmoke.spec.ts","",""
"","7305","""+ Add ACH"" navigates to the add-ACH form","chromium","Wed Sep 30 10:17:53 UTC 2026","passed","Wed Sep 30 10:18:00 UTC 2026","ACH — Smoke > Navigation","specs\Smoke\7-ACHSmoke.spec.ts","",""
"","9405","Validate Login functionality with missingUsername","firefox","Wed Sep 30 10:13:49 UTC 2026","passed","Wed Sep 30 10:13:59 UTC 2026","Login — Smoke > Login","specs\Smoke\1-LoginSmoke.spec.ts","",""
"","5884","Grid View toggle navigates to the open-exceptions grid and shows key column headers","chromium","Wed Sep 30 10:21:46 UTC 2026","passed","Wed Sep 30 10:21:52 UTC 2026","Exceptions — Smoke > Open Exceptions","specs\Smoke\8-ExceptionsSmoke.spec.ts","",""
"","5746","Presented Checks page loads correctly","chromium","Wed Sep 30 10:11:21 UTC 2026","passed","Wed Sep 30 10:11:27 UTC 2026","Application Navigation Smoke Tests > Top-level Navigation","specs\Smoke\2-NavigationSmoke.spec.ts","",""
"","3956","Check Approval Rules sub-page loads correctly","msedge","Wed Sep 30 10:30:55 UTC 2026","passed","Wed Sep 30 10:30:59 UTC 2026","Application Navigation Smoke Tests > Settings Sub-navigation","specs\Smoke\2-NavigationSmoke.spec.ts","",""
"","11183","Page size change to 10 updates pagination info in bottom-right pager","webkit","Wed Sep 30 10:22:43 UTC 2026","passed","Wed Sep 30 10:22:54 UTC 2026","Exceptions — Smoke > Exception History > Pagination","specs\Smoke\8-ExceptionsSmoke.spec.ts","",""
"","9053","""Uploaded Checks"" navigates to the uploads page","chromium","Wed Sep 30 10:14:41 UTC 2026","passed","Wed Sep 30 10:14:50 UTC 2026","Issued Checks — Smoke > Navigation","specs\Smoke\4-IssuedChecksSmoke.spec.ts","",""
"","8341","Presented Checks page loads correctly","webkit","Wed Sep 30 10:11:14 UTC 2026","passed","Wed Sep 30 10:11:23 UTC 2026","Application Navigation Smoke Tests > Top-level Navigation","specs\Smoke\2-NavigationSmoke.spec.ts","",""
"","5957","ACH page loads correctly","chromium","Wed Sep 30 10:11:33 UTC 2026","passed","Wed Sep 30 10:11:39 UTC 2026","Application Navigation Smoke Tests > Top-level Navigation","specs\Smoke\2-NavigationSmoke.spec.ts","",""
"","10966","Page size change to 10 updates pagination info in bottom-right pager","webkit","Wed Sep 30 10:21:23 UTC 2026","passed","Wed Sep 30 10:21:34 UTC 2026","ACH — Smoke > Pagination","specs\Smoke\7-ACHSmoke.spec.ts","",""
"","13230","""+ Add ACH"" navigates to the add-ACH form","firefox","Wed Sep 30 10:22:36 UTC 2026","passed","Wed Sep 30 10:22:49 UTC 2026","ACH — Smoke > Navigation","specs\Smoke\7-ACHSmoke.spec.ts","",""
"","14685","Search box filters grid and clears correctly","firefox","Wed Sep 30 10:18:14 UTC 2026","passed","Wed Sep 30 10:18:29 UTC 2026","Issued Checks — Smoke > Toolbar","specs\Smoke\4-IssuedChecksSmoke.spec.ts","",""
"","12409","Saved Filters dropdown is visible and defaults to no preset","webkit","Wed Sep 30 10:23:48 UTC 2026","passed","Wed Sep 30 10:24:00 UTC 2026","Exceptions — Smoke > Exception History > Saved Filters","specs\Smoke\8-ExceptionsSmoke.spec.ts","",""
"","14094","""Delete"" on a row shows a confirm modal; Cancel dismisses it without deleting","firefox","Wed Sep 30 10:21:25 UTC 2026","passed","Wed Sep 30 10:21:40 UTC 2026","Issued Checks — Smoke > Row Actions","specs\Smoke\4-IssuedChecksSmoke.spec.ts","",""
"","7012","Column filter popup applies a filter and Clear restores the full row set","msedge","Wed Sep 30 10:33:05 UTC 2026","passed","Wed Sep 30 10:33:12 UTC 2026","Issued Checks — Smoke > Column Filter","specs\Smoke\4-IssuedChecksSmoke.spec.ts","",""
"","7269","Clicking a column header sorts ascending, clicking again sorts descending","chromium","Wed Sep 30 10:17:57 UTC 2026","passed","Wed Sep 30 10:18:04 UTC 2026","Presented Checks — Smoke > Sorting","specs\Smoke\5-PresentedChecksSmoke.spec.ts","",""
"","13224","Page size change to 10 updates pagination info in bottom-right pager","firefox","Wed Sep 30 10:18:41 UTC 2026","passed","Wed Sep 30 10:18:54 UTC 2026","Issued Checks — Smoke > Pagination","specs\Smoke\4-IssuedChecksSmoke.spec.ts","",""
"","8719","Validate Login functionality with incorrectUsername","webkit","Wed Sep 30 10:11:15 UTC 2026","passed","Wed Sep 30 10:11:23 UTC 2026","Login — Smoke > Login","specs\Smoke\1-LoginSmoke.spec.ts","",""
"","4584","Notification Log sub-page loads correctly","msedge","Wed Sep 30 10:31:07 UTC 2026","passed","Wed Sep 30 10:31:12 UTC 2026","Application Navigation Smoke Tests > Settings Sub-navigation","specs\Smoke\2-NavigationSmoke.spec.ts","",""
"","8538","Validate Login functionality with invalidEmailFormat","webkit","Wed Sep 30 10:11:23 UTC 2026","passed","Wed Sep 30 10:11:32 UTC 2026","Login — Smoke > Login","specs\Smoke\1-LoginSmoke.spec.ts","",""
"","8793","Account Settings sub-page loads correctly","firefox","Wed Sep 30 10:14:06 UTC 2026","passed","Wed Sep 30 10:14:15 UTC 2026","Application Navigation Smoke Tests > Settings Sub-navigation","specs\Smoke\2-NavigationSmoke.spec.ts","",""
"","13464","Clicking a column header sorts ascending, clicking again sorts descending","firefox","Wed Sep 30 10:25:24 UTC 2026","passed","Wed Sep 30 10:25:37 UTC 2026","ACH — Smoke > Sorting","specs\Smoke\7-ACHSmoke.spec.ts","",""
"","8011","Validate session persists after page refresh","msedge","Wed Sep 30 10:30:39 UTC 2026","passed","Wed Sep 30 10:30:47 UTC 2026","Login — Smoke > Session & Security","specs\Smoke\1-LoginSmoke.spec.ts","",""
"","4617","Teller page loads correctly","msedge","Wed Sep 30 10:29:37 UTC 2026","passed","Wed Sep 30 10:29:42 UTC 2026","Application Navigation Smoke Tests > Top-level Navigation","specs\Smoke\2-NavigationSmoke.spec.ts","",""
"","6099","Settings page loads correctly","msedge","Wed Sep 30 10:29:54 UTC 2026","passed","Wed Sep 30 10:30:00 UTC 2026","Application Navigation Smoke Tests > Top-level Navigation","specs\Smoke\2-NavigationSmoke.spec.ts","",""
"","5670","Last page arrow jumps to the final page","msedge","Wed Sep 30 10:32:23 UTC 2026","passed","Wed Sep 30 10:32:28 UTC 2026","Issued Checks — Smoke > Pagination","specs\Smoke\4-IssuedChecksSmoke.spec.ts","",""
"","18776","""Uploaded Checks"" navigates to the uploads page","firefox","Wed Sep 30 10:19:34 UTC 2026","passed","Wed Sep 30 10:19:52 UTC 2026","Presented Checks — Smoke > Navigation","specs\Smoke\5-PresentedChecksSmoke.spec.ts","",""
"","8280","Page size change to 10 updates pagination info in bottom-right pager","webkit","Wed Sep 30 10:19:01 UTC 2026","passed","Wed Sep 30 10:19:10 UTC 2026","Presented Checks — Smoke > Pagination","specs\Smoke\5-PresentedChecksSmoke.spec.ts","",""
"","1283","Default filter auto-applies after logout and re-login","webkit","Wed Sep 30 10:24:26 UTC 2026","skipped","Wed Sep 30 10:24:28 UTC 2026","Exceptions — Smoke > Exception History > Saved Filters > Default Filter","specs\Smoke\8-ExceptionsSmoke.spec.ts","",""
"","12426","""+ Add Check"" navigates to the add-check form","firefox","Wed Sep 30 10:17:50 UTC 2026","passed","Wed Sep 30 10:18:02 UTC 2026","Issued Checks — Smoke > Navigation","specs\Smoke\4-IssuedChecksSmoke.spec.ts","",""
"","11966","""Delete"" on a row shows a confirm modal; Cancel dismisses it without deleting","webkit","Wed Sep 30 10:19:31 UTC 2026","passed","Wed Sep 30 10:19:43 UTC 2026","Issued Checks — Smoke > Row Actions","specs\Smoke\4-IssuedChecksSmoke.spec.ts","",""
"","11161","Next page arrow advances to page 2","webkit","Wed Sep 30 10:21:34 UTC 2026","passed","Wed Sep 30 10:21:45 UTC 2026","ACH — Smoke > Pagination","specs\Smoke\7-ACHSmoke.spec.ts","",""
"","15308","Clicking a column header sorts ascending, clicking again sorts descending","webkit","Wed Sep 30 10:18:35 UTC 2026","passed","Wed Sep 30 10:18:50 UTC 2026","Issued Checks — Smoke > Sorting","specs\Smoke\4-IssuedChecksSmoke.spec.ts","",""
"","8405","ACH breadcrumb link is visible on the page","chromium","Wed Sep 30 10:20:41 UTC 2026","passed","Wed Sep 30 10:20:50 UTC 2026","ACH — Smoke > Breadcrumb","specs\Smoke\7-ACHSmoke.spec.ts","",""
"","5397","Users sub-page loads correctly","msedge","Wed Sep 30 10:30:11 UTC 2026","passed","Wed Sep 30 10:30:17 UTC 2026","Application Navigation Smoke Tests > Settings Sub-navigation","specs\Smoke\2-NavigationSmoke.spec.ts","",""
"","11582","""+ Add Check"" navigates to the add-check form","webkit","Wed Sep 30 10:16:08 UTC 2026","passed","Wed Sep 30 10:16:19 UTC 2026","Issued Checks — Smoke > Navigation","specs\Smoke\4-IssuedChecksSmoke.spec.ts","",""
"","17293","Previous page button returns to page 1, First page button re-enables disabled state","webkit","Wed Sep 30 10:17:36 UTC 2026","passed","Wed Sep 30 10:17:54 UTC 2026","Issued Checks — Smoke > Pagination","specs\Smoke\4-IssuedChecksSmoke.spec.ts","",""
"","5336","Clicking a column header sorts ascending, clicking again sorts descending","msedge","Wed Sep 30 10:33:00 UTC 2026","passed","Wed Sep 30 10:33:05 UTC 2026","Issued Checks — Smoke > Sorting","specs\Smoke\4-IssuedChecksSmoke.spec.ts","",""
"","6577","""View"" (Change Log) link on a row navigates to the entity log","chromium","Wed Sep 30 10:18:22 UTC 2026","passed","Wed Sep 30 10:18:28 UTC 2026","Presented Checks — Smoke > Row Actions","specs\Smoke\5-PresentedChecksSmoke.spec.ts","",""
"","8141","ACH Approval Rules sub-page loads correctly","webkit","Wed Sep 30 10:13:42 UTC 2026","passed","Wed Sep 30 10:13:50 UTC 2026","Application Navigation Smoke Tests > Settings Sub-navigation","specs\Smoke\2-NavigationSmoke.spec.ts","",""
"","5125","""Uploaded Checks"" navigates to the uploads page","msedge","Wed Sep 30 10:32:55 UTC 2026","passed","Wed Sep 30 10:33:01 UTC 2026","Presented Checks — Smoke > Navigation","specs\Smoke\5-PresentedChecksSmoke.spec.ts","",""
"","7294","Search box filters grid and clears correctly","msedge","Wed Sep 30 10:34:06 UTC 2026","passed","Wed Sep 30 10:34:14 UTC 2026","ACH — Smoke > Toolbar","specs\Smoke\7-ACHSmoke.spec.ts","",""
"","18508","Verify ACH Only tab shows ACH-specific chart sections","webkit","Wed Sep 30 10:14:13 UTC 2026","passed","Wed Sep 30 10:14:32 UTC 2026","Home Dashboard > Dashboard Chart Headings","specs\Smoke\3-HomeDashboardSmoke.spec.ts","",""
"","10599","Verify navigation to Issued Checks via nav menu","webkit","Wed Sep 30 10:16:54 UTC 2026","passed","Wed Sep 30 10:17:04 UTC 2026","Home Dashboard > Navigation from Dashboard","specs\Smoke\3-HomeDashboardSmoke.spec.ts","",""
"","17813","Save a filter preset, verify it is auto-selected, then delete it","firefox","Wed Sep 30 10:24:55 UTC 2026","passed","Wed Sep 30 10:25:13 UTC 2026","ACH — Smoke > Saved Filters","specs\Smoke\7-ACHSmoke.spec.ts","",""
"","11073","Verify Total Exceptions and Total Exception Amount labels are visible","webkit","Wed Sep 30 10:15:48 UTC 2026","passed","Wed Sep 30 10:15:59 UTC 2026","Home Dashboard > Summary Stats","specs\Smoke\3-HomeDashboardSmoke.spec.ts","",""
"","21001","API link is visible and points to swagger","webkit","Wed Sep 30 10:14:59 UTC 2026","passed","Wed Sep 30 10:15:20 UTC 2026","Application Navigation Smoke Tests > Settings Sub-navigation","specs\Smoke\2-NavigationSmoke.spec.ts","",""
"","7187","Verify dashboard loads after successful login","chromium","Wed Sep 30 10:12:46 UTC 2026","passed","Wed Sep 30 10:12:53 UTC 2026","Home Dashboard > Page Load","specs\Smoke\3-HomeDashboardSmoke.spec.ts","",""
"","13253","Verify Combined View shows all chart sections","webkit","Wed Sep 30 10:13:47 UTC 2026","passed","Wed Sep 30 10:14:00 UTC 2026","Home Dashboard > Dashboard Chart Headings","specs\Smoke\3-HomeDashboardSmoke.spec.ts","",""
"","6458","""View"" (Change Log) link on a row navigates to the entity log","chromium","Wed Sep 30 10:20:10 UTC 2026","passed","Wed Sep 30 10:20:17 UTC 2026","ACH — Smoke > Row Actions","specs\Smoke\7-ACHSmoke.spec.ts","",""
"","7487","Verify navigation to Issued Checks via nav menu","chromium","Wed Sep 30 10:15:05 UTC 2026","passed","Wed Sep 30 10:15:12 UTC 2026","Home Dashboard > Navigation from Dashboard","specs\Smoke\3-HomeDashboardSmoke.spec.ts","",""
"","10819","Last page arrow jumps to the final page","webkit","Wed Sep 30 10:19:21 UTC 2026","passed","Wed Sep 30 10:19:31 UTC 2026","Presented Checks — Smoke > Pagination","specs\Smoke\5-PresentedChecksSmoke.spec.ts","",""
"","4084","ACH Approval Rules sub-page loads correctly","msedge","Wed Sep 30 10:31:03 UTC 2026","passed","Wed Sep 30 10:31:07 UTC 2026","Application Navigation Smoke Tests > Settings Sub-navigation","specs\Smoke\2-NavigationSmoke.spec.ts","",""
"","16541","Column filter popup applies a filter and Clear restores the full row set","firefox","Wed Sep 30 10:20:46 UTC 2026","passed","Wed Sep 30 10:21:02 UTC 2026","Issued Checks — Smoke > Column Filter","specs\Smoke\4-IssuedChecksSmoke.spec.ts","",""
"","5637","Typing a page number navigates to that page","msedge","Wed Sep 30 10:32:28 UTC 2026","passed","Wed Sep 30 10:32:34 UTC 2026","Issued Checks — Smoke > Pagination","specs\Smoke\4-IssuedChecksSmoke.spec.ts","",""
"","18021","Column filter popup applies a filter and Clear restores the full row set","firefox","Wed Sep 30 10:25:37 UTC 2026","passed","Wed Sep 30 10:25:55 UTC 2026","ACH — Smoke > Column Filter","specs\Smoke\7-ACHSmoke.spec.ts","",""
"","12795","Save a filter preset, verify it is auto-selected, then delete it","chromium","Wed Sep 30 10:17:14 UTC 2026","passed","Wed Sep 30 10:17:27 UTC 2026","Presented Checks — Smoke > Saved Filters","specs\Smoke\5-PresentedChecksSmoke.spec.ts","",""
"","9421","Decision Files sub-page loads correctly","webkit","Wed Sep 30 10:12:42 UTC 2026","passed","Wed Sep 30 10:12:52 UTC 2026","Application Navigation Smoke Tests > Settings Sub-navigation","specs\Smoke\2-NavigationSmoke.spec.ts","",""
"","5286","Default Decision Log sub-page loads correctly","msedge","Wed Sep 30 10:31:12 UTC 2026","passed","Wed Sep 30 10:31:17 UTC 2026","Application Navigation Smoke Tests > Settings Sub-navigation","specs\Smoke\2-NavigationSmoke.spec.ts","",""
"","5969","Decision badge on an already-reviewed row is blocked with a system message","msedge","Wed Sep 30 10:36:13 UTC 2026","passed","Wed Sep 30 10:36:19 UTC 2026","Exceptions — Smoke > Exception History > Row Actions","specs\Smoke\8-ExceptionsSmoke.spec.ts","",""
"","10545","Verify navigation to Presented Checks via nav menu","webkit","Wed Sep 30 10:17:04 UTC 2026","passed","Wed Sep 30 10:17:15 UTC 2026","Home Dashboard > Navigation from Dashboard","specs\Smoke\3-HomeDashboardSmoke.spec.ts","",""
"","11132","Verify delayed data note and force refresh link are visible on dashboard","webkit","Wed Sep 30 10:16:08 UTC 2026","passed","Wed Sep 30 10:16:19 UTC 2026","Home Dashboard > Summary Stats","specs\Smoke\3-HomeDashboardSmoke.spec.ts","",""
"","5530","File Formats sub-page loads correctly","chromium","Wed Sep 30 10:12:37 UTC 2026","passed","Wed Sep 30 10:12:43 UTC 2026","Application Navigation Smoke Tests > Settings Sub-navigation","specs\Smoke\2-NavigationSmoke.spec.ts","",""
"","3712","Exceptions breadcrumb link is visible on the page","msedge","Wed Sep 30 10:36:19 UTC 2026","passed","Wed Sep 30 10:36:23 UTC 2026","Exceptions — Smoke > Exception History > Breadcrumb","specs\Smoke\8-ExceptionsSmoke.spec.ts","",""
"","5234","Navigation tabs to Pre-Decisions, Approvals, and Exception History are visible","webkit","Wed Sep 30 10:25:13 UTC 2026","passed","Wed Sep 30 10:25:18 UTC 2026","Exceptions — Smoke > Open Exceptions","specs\Smoke\8-ExceptionsSmoke.spec.ts","",""
"","13283","Last page arrow jumps to the final page","firefox","Wed Sep 30 10:20:46 UTC 2026","passed","Wed Sep 30 10:21:00 UTC 2026","Presented Checks — Smoke > Pagination","specs\Smoke\5-PresentedChecksSmoke.spec.ts","",""
"","5490","Business Clients sub-page loads correctly","msedge","Wed Sep 30 10:30:06 UTC 2026","passed","Wed Sep 30 10:30:11 UTC 2026","Application Navigation Smoke Tests > Settings Sub-navigation","specs\Smoke\2-NavigationSmoke.spec.ts","",""
"","5616","Validate forgot password functionality","msedge","Wed Sep 30 10:30:24 UTC 2026","passed","Wed Sep 30 10:30:30 UTC 2026","Login — Smoke > Forgot Password","specs\Smoke\1-LoginSmoke.spec.ts","",""
"","5393","Validate Login functionality with xssInUsername","msedge","Wed Sep 30 10:30:12 UTC 2026","passed","Wed Sep 30 10:30:17 UTC 2026","Login — Smoke > Login","specs\Smoke\1-LoginSmoke.spec.ts","",""
"","9801","""Uploaded Checks"" navigates to the uploads page","webkit","Wed Sep 30 10:16:19 UTC 2026","passed","Wed Sep 30 10:16:29 UTC 2026","Issued Checks — Smoke > Navigation","specs\Smoke\4-IssuedChecksSmoke.spec.ts","",""
"","9492","Validate Login functionality with emptyFields","webkit","Wed Sep 30 10:11:32 UTC 2026","passed","Wed Sep 30 10:11:41 UTC 2026","Login — Smoke > Login","specs\Smoke\1-LoginSmoke.spec.ts","",""
"","8753","Validate Login functionality with caseSensitiveEmail","msedge","Wed Sep 30 10:29:23 UTC 2026","passed","Wed Sep 30 10:29:32 UTC 2026","Login — Smoke > Login","specs\Smoke\1-LoginSmoke.spec.ts","",""
"","15050","Previous page button returns to page 1, First page button re-enables disabled state","firefox","Wed Sep 30 10:24:28 UTC 2026","passed","Wed Sep 30 10:24:43 UTC 2026","ACH — Smoke > Pagination","specs\Smoke\7-ACHSmoke.spec.ts","",""
"","6109","Automatic ACH Decision Rules sub-page loads correctly","chromium","Wed Sep 30 10:13:03 UTC 2026","passed","Wed Sep 30 10:13:09 UTC 2026","Application Navigation Smoke Tests > Settings Sub-navigation","specs\Smoke\2-NavigationSmoke.spec.ts","",""
"","5847","Issued Checks breadcrumb link is visible on the page","chromium","Wed Sep 30 10:17:12 UTC 2026","passed","Wed Sep 30 10:17:18 UTC 2026","Issued Checks — Smoke > Breadcrumb","specs\Smoke\4-IssuedChecksSmoke.spec.ts","",""
"","6026","Next page arrow advances to page 2","msedge","Wed Sep 30 10:32:17 UTC 2026","passed","Wed Sep 30 10:32:23 UTC 2026","Issued Checks — Smoke > Pagination","specs\Smoke\4-IssuedChecksSmoke.spec.ts","",""
"","6182","Validate forgot password functionality with No email","chromium","Wed Sep 30 10:12:17 UTC 2026","passed","Wed Sep 30 10:12:23 UTC 2026","Login — Smoke > Forgot Password","specs\Smoke\1-LoginSmoke.spec.ts","",""
"","5864","Validate Login functionality with incorrectPassword","chromium","Wed Sep 30 10:11:18 UTC 2026","passed","Wed Sep 30 10:11:24 UTC 2026","Login — Smoke > Login","specs\Smoke\1-LoginSmoke.spec.ts","",""
"","12777","""Delete"" on a row shows a confirm modal; Cancel dismisses it without deleting","firefox","Wed Sep 30 10:23:02 UTC 2026","passed","Wed Sep 30 10:23:15 UTC 2026","Presented Checks — Smoke > Row Actions","specs\Smoke\5-PresentedChecksSmoke.spec.ts","",""
"","7841","Validate Login functionality with caseSensitiveEmail","chromium","Wed Sep 30 10:11:10 UTC 2026","passed","Wed Sep 30 10:11:18 UTC 2026","Login — Smoke > Login","specs\Smoke\1-LoginSmoke.spec.ts","",""
"","6998","Page size change to 10 updates pagination info in bottom-right pager","chromium","Wed Sep 30 10:18:24 UTC 2026","passed","Wed Sep 30 10:18:31 UTC 2026","ACH — Smoke > Pagination","specs\Smoke\7-ACHSmoke.spec.ts","",""
"","12886","Excel export button is visible and enabled","firefox","Wed Sep 30 10:23:16 UTC 2026","passed","Wed Sep 30 10:23:29 UTC 2026","ACH — Smoke > Toolbar","specs\Smoke\7-ACHSmoke.spec.ts","",""
"","4943","Typing a page number navigates to that page","msedge","Wed Sep 30 10:33:29 UTC 2026","passed","Wed Sep 30 10:33:34 UTC 2026","Presented Checks — Smoke > Pagination","specs\Smoke\5-PresentedChecksSmoke.spec.ts","",""
"","7707","Verify Total Exceptions and Total Exception Amount labels are visible","chromium","Wed Sep 30 10:14:14 UTC 2026","passed","Wed Sep 30 10:14:21 UTC 2026","Home Dashboard > Summary Stats","specs\Smoke\3-HomeDashboardSmoke.spec.ts","",""
"","8387","Account Settings sub-page loads correctly","webkit","Wed Sep 30 10:11:54 UTC 2026","passed","Wed Sep 30 10:12:03 UTC 2026","Application Navigation Smoke Tests > Settings Sub-navigation","specs\Smoke\2-NavigationSmoke.spec.ts","",""
"","7179","Automatic ACH Decision Rules sub-page loads correctly","firefox","Wed Sep 30 10:16:05 UTC 2026","passed","Wed Sep 30 10:16:12 UTC 2026","Application Navigation Smoke Tests > Settings Sub-navigation","specs\Smoke\2-NavigationSmoke.spec.ts","",""
"","6950","Automatic Check Decision Rules sub-page loads correctly","chromium","Wed Sep 30 10:12:49 UTC 2026","passed","Wed Sep 30 10:12:56 UTC 2026","Application Navigation Smoke Tests > Settings Sub-navigation","specs\Smoke\2-NavigationSmoke.spec.ts","",""
"","14775","Next page arrow advances to page 2","firefox","Wed Sep 30 10:20:31 UTC 2026","passed","Wed Sep 30 10:20:46 UTC 2026","Presented Checks — Smoke > Pagination","specs\Smoke\5-PresentedChecksSmoke.spec.ts","",""
"","7010","Next page arrow advances to page 2","chromium","Wed Sep 30 10:15:13 UTC 2026","passed","Wed Sep 30 10:15:20 UTC 2026","Issued Checks — Smoke > Pagination","specs\Smoke\4-IssuedChecksSmoke.spec.ts","",""
"","9153","Decision badge on an already-reviewed row is blocked with a system message","firefox","Wed Sep 30 10:27:07 UTC 2026","passed","Wed Sep 30 10:27:16 UTC 2026","Exceptions — Smoke > Exception History > Row Actions","specs\Smoke\8-ExceptionsSmoke.spec.ts","",""
"","5636","Billing Reports sub-page loads correctly","msedge","Wed Sep 30 10:30:27 UTC 2026","passed","Wed Sep 30 10:30:33 UTC 2026","Application Navigation Smoke Tests > Settings Sub-navigation","specs\Smoke\2-NavigationSmoke.spec.ts","",""
"","5730","""View"" (Change Log) link on a row navigates to the entity log","msedge","Wed Sep 30 10:33:17 UTC 2026","passed","Wed Sep 30 10:33:23 UTC 2026","Issued Checks — Smoke > Row Actions","specs\Smoke\4-IssuedChecksSmoke.spec.ts","",""
"","5012","""Uploaded ACH"" navigates to the uploads page","msedge","Wed Sep 30 10:34:01 UTC 2026","passed","Wed Sep 30 10:34:06 UTC 2026","ACH — Smoke > Navigation","specs\Smoke\7-ACHSmoke.spec.ts","",""
"","10184","Notification Templates sub-page loads correctly","firefox","Wed Sep 30 10:15:34 UTC 2026","passed","Wed Sep 30 10:15:44 UTC 2026","Application Navigation Smoke Tests > Settings Sub-navigation","specs\Smoke\2-NavigationSmoke.spec.ts","",""
"","14532","Search box filters grid and clears correctly","webkit","Wed Sep 30 10:18:36 UTC 2026","passed","Wed Sep 30 10:18:51 UTC 2026","Presented Checks — Smoke > Toolbar","specs\Smoke\5-PresentedChecksSmoke.spec.ts","",""
"","18038","Typing a page number navigates to that page","firefox","Wed Sep 30 10:24:10 UTC 2026","passed","Wed Sep 30 10:24:28 UTC 2026","ACH — Smoke > Pagination","specs\Smoke\7-ACHSmoke.spec.ts","",""
"","3963","Holiday Schedules sub-page loads correctly","msedge","Wed Sep 30 10:30:37 UTC 2026","passed","Wed Sep 30 10:30:41 UTC 2026","Application Navigation Smoke Tests > Settings Sub-navigation","specs\Smoke\2-NavigationSmoke.spec.ts","",""
"","8807","Verify all three dashboard view tabs are visible","webkit","Wed Sep 30 10:13:38 UTC 2026","passed","Wed Sep 30 10:13:47 UTC 2026","Home Dashboard > Page Load","specs\Smoke\3-HomeDashboardSmoke.spec.ts","",""
"","4416","Approvals page loads with either records or the empty-state message","chromium","Wed Sep 30 10:21:52 UTC 2026","passed","Wed Sep 30 10:21:56 UTC 2026","Exceptions — Smoke > Approvals","specs\Smoke\8-ExceptionsSmoke.spec.ts","",""
"","7570","Exceptions page loads correctly","firefox","Wed Sep 30 10:13:50 UTC 2026","passed","Wed Sep 30 10:13:57 UTC 2026","Application Navigation Smoke Tests > Top-level Navigation","specs\Smoke\2-NavigationSmoke.spec.ts","",""
"","11793","""View"" (Change Log) link on a row navigates to the entity log","webkit","Wed Sep 30 10:23:33 UTC 2026","passed","Wed Sep 30 10:23:45 UTC 2026","ACH — Smoke > Row Actions","specs\Smoke\7-ACHSmoke.spec.ts","",""
"","8285","ACH page loads correctly","firefox","Wed Sep 30 10:13:41 UTC 2026","passed","Wed Sep 30 10:13:50 UTC 2026","Application Navigation Smoke Tests > Top-level Navigation","specs\Smoke\2-NavigationSmoke.spec.ts","",""
"","9741","Presented Checks breadcrumb link is visible on the page","firefox","Wed Sep 30 10:23:27 UTC 2026","passed","Wed Sep 30 10:23:37 UTC 2026","Presented Checks — Smoke > Breadcrumb","specs\Smoke\5-PresentedChecksSmoke.spec.ts","",""
"","27808","Default filter auto-applies after logout and re-login","chromium","Wed Sep 30 10:19:23 UTC 2026","passed","Wed Sep 30 10:19:51 UTC 2026","ACH — Smoke > Saved Filters > Default Filter","specs\Smoke\7-ACHSmoke.spec.ts","",""
"","5657","Home page is accessible and shows dashboard","msedge","Wed Sep 30 10:29:10 UTC 2026","passed","Wed Sep 30 10:29:16 UTC 2026","Application Navigation Smoke Tests > Top-level Navigation","specs\Smoke\2-NavigationSmoke.spec.ts","",""
"","13420","Clicking a column header sorts ascending, clicking again sorts descending","firefox","Wed Sep 30 10:20:32 UTC 2026","passed","Wed Sep 30 10:20:46 UTC 2026","Issued Checks — Smoke > Sorting","specs\Smoke\4-IssuedChecksSmoke.spec.ts","",""
"","5386","Page size change to 10 updates pagination info in bottom-right pager","msedge","Wed Sep 30 10:33:13 UTC 2026","passed","Wed Sep 30 10:33:18 UTC 2026","Presented Checks — Smoke > Pagination","specs\Smoke\5-PresentedChecksSmoke.spec.ts","",""
"","11153","Validate Login functionality with caseSensitiveEmail","webkit","Wed Sep 30 10:10:54 UTC 2026","passed","Wed Sep 30 10:11:06 UTC 2026","Login — Smoke > Login","specs\Smoke\1-LoginSmoke.spec.ts","",""
"","6666","Home page is accessible and shows dashboard","chromium","Wed Sep 30 10:10:58 UTC 2026","passed","Wed Sep 30 10:11:05 UTC 2026","Application Navigation Smoke Tests > Top-level Navigation","specs\Smoke\2-NavigationSmoke.spec.ts","",""
"","13351","Verify chart title changes with selected tab","firefox","Wed Sep 30 10:16:25 UTC 2026","passed","Wed Sep 30 10:16:39 UTC 2026","Home Dashboard > Dashboard Chart Headings","specs\Smoke\3-HomeDashboardSmoke.spec.ts","",""
"","8662","Next page arrow advances to page 2","chromium","Wed Sep 30 10:19:31 UTC 2026","passed","Wed Sep 30 10:19:39 UTC 2026","Exceptions — Smoke > Exception History > Pagination","specs\Smoke\8-ExceptionsSmoke.spec.ts","",""
"","5377","Validate teller presented-check form shows all required fields","msedge","Wed Sep 30 10:33:34 UTC 2026","passed","Wed Sep 30 10:33:40 UTC 2026","Teller — Smoke > Add Check Form","specs\Smoke\6-TellerSmoke.spec.ts","",""
"","12075","Exception History grid loads with data rows and key column headers","firefox","Wed Sep 30 10:23:37 UTC 2026","passed","Wed Sep 30 10:23:49 UTC 2026","Exceptions — Smoke > Exception History > Grid","specs\Smoke\8-ExceptionsSmoke.spec.ts","",""
"","10397","Column filter popup applies a filter and Clear restores the full row set","chromium","Wed Sep 30 10:16:39 UTC 2026","passed","Wed Sep 30 10:16:49 UTC 2026","Issued Checks — Smoke > Column Filter","specs\Smoke\4-IssuedChecksSmoke.spec.ts","",""
"","6852","Presented Checks breadcrumb link is visible on the page","chromium","Wed Sep 30 10:18:43 UTC 2026","passed","Wed Sep 30 10:18:50 UTC 2026","Presented Checks — Smoke > Breadcrumb","specs\Smoke\5-PresentedChecksSmoke.spec.ts","",""
"","11393","Page size change to 10 updates pagination info in bottom-right pager","firefox","Wed Sep 30 10:23:29 UTC 2026","passed","Wed Sep 30 10:23:40 UTC 2026","ACH — Smoke > Pagination","specs\Smoke\7-ACHSmoke.spec.ts","",""
"","11687","Clicking a column header sorts ascending, clicking again sorts descending","firefox","Wed Sep 30 10:22:10 UTC 2026","passed","Wed Sep 30 10:22:22 UTC 2026","Presented Checks — Smoke > Sorting","specs\Smoke\5-PresentedChecksSmoke.spec.ts","",""
"","9794","""Edit"" link on a row navigates to the check edit form","webkit","Wed Sep 30 10:21:01 UTC 2026","passed","Wed Sep 30 10:21:11 UTC 2026","Presented Checks — Smoke > Row Actions","specs\Smoke\5-PresentedChecksSmoke.spec.ts","",""
"","10408","""+ Add ACH"" navigates to the add-ACH form","webkit","Wed Sep 30 10:20:40 UTC 2026","passed","Wed Sep 30 10:20:50 UTC 2026","ACH — Smoke > Navigation","specs\Smoke\7-ACHSmoke.spec.ts","",""
"","10826","""View"" link on a row opens the Exception Details dialog","webkit","Wed Sep 30 10:24:47 UTC 2026","passed","Wed Sep 30 10:24:58 UTC 2026","Exceptions — Smoke > Exception History > Row Actions","specs\Smoke\8-ExceptionsSmoke.spec.ts","",""
"","10593","Default filter auto-applies after logout and re-login","webkit","Wed Sep 30 10:22:55 UTC 2026","skipped","Wed Sep 30 10:23:05 UTC 2026","ACH — Smoke > Saved Filters > Default Filter","specs\Smoke\7-ACHSmoke.spec.ts","",""
"","12496","Grid loads with data rows and key column headers","firefox","Wed Sep 30 10:18:58 UTC 2026","passed","Wed Sep 30 10:19:11 UTC 2026","Presented Checks — Smoke > Grid","specs\Smoke\5-PresentedChecksSmoke.spec.ts","",""
"","4304","Automatic ACH Decision Rules sub-page loads correctly","msedge","Wed Sep 30 10:30:59 UTC 2026","passed","Wed Sep 30 10:31:03 UTC 2026","Application Navigation Smoke Tests > Settings Sub-navigation","specs\Smoke\2-NavigationSmoke.spec.ts","",""
"","7878","Typing a page number navigates to that page","chromium","Wed Sep 30 10:19:48 UTC 2026","passed","Wed Sep 30 10:19:55 UTC 2026","Exceptions — Smoke > Exception History > Pagination","specs\Smoke\8-ExceptionsSmoke.spec.ts","",""
"","7223","""Delete"" on a row shows a confirm modal; Cancel dismisses it without deleting","msedge","Wed Sep 30 10:35:30 UTC 2026","passed","Wed Sep 30 10:35:37 UTC 2026","ACH — Smoke > Row Actions","specs\Smoke\7-ACHSmoke.spec.ts","",""
"","9591","File Formats sub-page loads correctly","webkit","Wed Sep 30 10:12:59 UTC 2026","passed","Wed Sep 30 10:13:09 UTC 2026","Application Navigation Smoke Tests > Settings Sub-navigation","specs\Smoke\2-NavigationSmoke.spec.ts","",""
"","14959","Next page arrow advances to page 2","firefox","Wed Sep 30 10:18:54 UTC 2026","passed","Wed Sep 30 10:19:09 UTC 2026","Issued Checks — Smoke > Pagination","specs\Smoke\4-IssuedChecksSmoke.spec.ts","",""
"","12984","Verify chart title changes with selected tab","chromium","Wed Sep 30 10:13:49 UTC 2026","passed","Wed Sep 30 10:14:02 UTC 2026","Home Dashboard > Dashboard Chart Headings","specs\Smoke\3-HomeDashboardSmoke.spec.ts","",""
"","10119","Save a filter preset, verify it is auto-selected, then delete it","msedge","Wed Sep 30 10:32:45 UTC 2026","passed","Wed Sep 30 10:32:55 UTC 2026","Issued Checks — Smoke > Saved Filters","specs\Smoke\4-IssuedChecksSmoke.spec.ts","",""
"","13311","""+ Add Check"" navigates to the add-check form","firefox","Wed Sep 30 10:19:20 UTC 2026","passed","Wed Sep 30 10:19:33 UTC 2026","Presented Checks — Smoke > Navigation","specs\Smoke\5-PresentedChecksSmoke.spec.ts","",""
"","11233","""Edit"" link on a row navigates to the check edit form","firefox","Wed Sep 30 10:22:39 UTC 2026","passed","Wed Sep 30 10:22:50 UTC 2026","Presented Checks — Smoke > Row Actions","specs\Smoke\5-PresentedChecksSmoke.spec.ts","",""
"","11415","""View"" (Change Log) link on a row navigates to the entity log","webkit","Wed Sep 30 10:21:11 UTC 2026","passed","Wed Sep 30 10:21:22 UTC 2026","Presented Checks — Smoke > Row Actions","specs\Smoke\5-PresentedChecksSmoke.spec.ts","",""
"","4901","File Formats sub-page loads correctly","msedge","Wed Sep 30 10:30:41 UTC 2026","passed","Wed Sep 30 10:30:46 UTC 2026","Application Navigation Smoke Tests > Settings Sub-navigation","specs\Smoke\2-NavigationSmoke.spec.ts","",""
"","4929","Open Exceptions page loads with either exception cards or the empty-state message","msedge","Wed Sep 30 10:36:28 UTC 2026","passed","Wed Sep 30 10:36:33 UTC 2026","Exceptions — Smoke > Open Exceptions","specs\Smoke\8-ExceptionsSmoke.spec.ts","",""
"","11246","Validate session persists after page refresh","chromium","Wed Sep 30 10:12:29 UTC 2026","passed","Wed Sep 30 10:12:40 UTC 2026","Login — Smoke > Session & Security","specs\Smoke\1-LoginSmoke.spec.ts","",""
"","6190","""+ Add Check"" navigates to the add-check form","msedge","Wed Sep 30 10:32:49 UTC 2026","passed","Wed Sep 30 10:32:55 UTC 2026","Presented Checks — Smoke > Navigation","specs\Smoke\5-PresentedChecksSmoke.spec.ts","",""
"","7563","Last page arrow jumps to the final page","chromium","Wed Sep 30 10:15:20 UTC 2026","passed","Wed Sep 30 10:15:27 UTC 2026","Issued Checks — Smoke > Pagination","specs\Smoke\4-IssuedChecksSmoke.spec.ts","",""
"","5986","Next page arrow advances to page 2","msedge","Wed Sep 30 10:35:11 UTC 2026","passed","Wed Sep 30 10:35:17 UTC 2026","Exceptions — Smoke > Exception History > Pagination","specs\Smoke\8-ExceptionsSmoke.spec.ts","",""
"","7577","Verify Home dashboard is restored after returning from another page","chromium","Wed Sep 30 10:14:57 UTC 2026","passed","Wed Sep 30 10:15:05 UTC 2026","Home Dashboard > Summary Stats","specs\Smoke\3-HomeDashboardSmoke.spec.ts","",""
"","4876","Verify profile menu shows My Info and Logout links","msedge","Wed Sep 30 10:31:59 UTC 2026","passed","Wed Sep 30 10:32:04 UTC 2026","Home Dashboard > Summary Stats","specs\Smoke\3-HomeDashboardSmoke.spec.ts","",""
"","5109","Presented Checks breadcrumb link is visible on the page","msedge","Wed Sep 30 10:34:35 UTC 2026","passed","Wed Sep 30 10:34:40 UTC 2026","Presented Checks — Smoke > Breadcrumb","specs\Smoke\5-PresentedChecksSmoke.spec.ts","",""
"","5745","Validate Login functionality with sqlInjection","chromium","Wed Sep 30 10:11:54 UTC 2026","passed","Wed Sep 30 10:12:00 UTC 2026","Login — Smoke > Login","specs\Smoke\1-LoginSmoke.spec.ts","",""
"","9646","Default filter auto-applies after logout and re-login","firefox","Wed Sep 30 10:20:23 UTC 2026","skipped","Wed Sep 30 10:20:32 UTC 2026","Issued Checks — Smoke > Saved Filters > Default Filter","specs\Smoke\4-IssuedChecksSmoke.spec.ts","",""
"","4964","Branding sub-page loads correctly","msedge","Wed Sep 30 10:30:22 UTC 2026","passed","Wed Sep 30 10:30:27 UTC 2026","Application Navigation Smoke Tests > Settings Sub-navigation","specs\Smoke\2-NavigationSmoke.spec.ts","",""
"","6579","""Edit"" link on a row navigates to the check edit form","chromium","Wed Sep 30 10:18:15 UTC 2026","passed","Wed Sep 30 10:18:21 UTC 2026","Presented Checks — Smoke > Row Actions","specs\Smoke\5-PresentedChecksSmoke.spec.ts","",""
"","12745","""Delete"" on a row shows a confirm modal; Cancel dismisses it without deleting","webkit","Wed Sep 30 10:23:45 UTC 2026","passed","Wed Sep 30 10:23:57 UTC 2026","ACH — Smoke > Row Actions","specs\Smoke\7-ACHSmoke.spec.ts","",""
"","6549","Validate Login functionality with incorrectUsername","msedge","Wed Sep 30 10:29:37 UTC 2026","passed","Wed Sep 30 10:29:44 UTC 2026","Login — Smoke > Login","specs\Smoke\1-LoginSmoke.spec.ts","",""
"","21065","Search box filters grid and clears correctly","firefox","Wed Sep 30 10:23:58 UTC 2026","passed","Wed Sep 30 10:24:19 UTC 2026","Exceptions — Smoke > Exception History > Toolbar","specs\Smoke\8-ExceptionsSmoke.spec.ts","",""
"","19177","Column filter popup applies a filter and Clear restores the full row set","webkit","Wed Sep 30 10:18:50 UTC 2026","passed","Wed Sep 30 10:19:09 UTC 2026","Issued Checks — Smoke > Column Filter","specs\Smoke\4-IssuedChecksSmoke.spec.ts","",""
"","7742","Validate Login functionality with sqlInjection","webkit","Wed Sep 30 10:12:01 UTC 2026","passed","Wed Sep 30 10:12:08 UTC 2026","Login — Smoke > Login","specs\Smoke\1-LoginSmoke.spec.ts","",""
"","19539","Clicking a column header sorts ascending, clicking again sorts descending","firefox","Wed Sep 30 10:26:20 UTC 2026","passed","Wed Sep 30 10:26:40 UTC 2026","Exceptions — Smoke > Exception History > Sorting","specs\Smoke\8-ExceptionsSmoke.spec.ts","",""
"","7189","Pay/Return decision badge navigates to exception history","chromium","Wed Sep 30 10:18:36 UTC 2026","passed","Wed Sep 30 10:18:43 UTC 2026","Presented Checks — Smoke > Row Actions","specs\Smoke\5-PresentedChecksSmoke.spec.ts","",""
"","7342","Typing a page number navigates to that page","chromium","Wed Sep 30 10:18:47 UTC 2026","passed","Wed Sep 30 10:18:54 UTC 2026","ACH — Smoke > Pagination","specs\Smoke\7-ACHSmoke.spec.ts","",""
"","6732","Excel export button is visible and enabled","chromium","Wed Sep 30 10:18:18 UTC 2026","passed","Wed Sep 30 10:18:24 UTC 2026","ACH — Smoke > Toolbar","specs\Smoke\7-ACHSmoke.spec.ts","",""
"","6453","Excel export button is visible and enabled","msedge","Wed Sep 30 10:34:59 UTC 2026","passed","Wed Sep 30 10:35:05 UTC 2026","Exceptions — Smoke > Exception History > Toolbar","specs\Smoke\8-ExceptionsSmoke.spec.ts","",""
"","11835","Excel export button is visible and enabled","webkit","Wed Sep 30 10:22:31 UTC 2026","passed","Wed Sep 30 10:22:43 UTC 2026","Exceptions — Smoke > Exception History > Toolbar","specs\Smoke\8-ExceptionsSmoke.spec.ts","",""
"","11287","Next page arrow advances to page 2","webkit","Wed Sep 30 10:22:54 UTC 2026","passed","Wed Sep 30 10:23:06 UTC 2026","Exceptions — Smoke > Exception History > Pagination","specs\Smoke\8-ExceptionsSmoke.spec.ts","",""
"","5733","Navigation tabs to Pre-Decisions, Approvals, and Exception History are visible","chromium","Wed Sep 30 10:21:34 UTC 2026","passed","Wed Sep 30 10:21:40 UTC 2026","Exceptions — Smoke > Open Exceptions","specs\Smoke\8-ExceptionsSmoke.spec.ts","",""
"","5824","Validate unauthenticated access to protected route is redirected to login","chromium","Wed Sep 30 10:12:40 UTC 2026","passed","Wed Sep 30 10:12:46 UTC 2026","Login — Smoke > Session & Security","specs\Smoke\1-LoginSmoke.spec.ts","",""
"","7506","""View"" link on a row opens the Exception Details dialog","chromium","Wed Sep 30 10:21:14 UTC 2026","passed","Wed Sep 30 10:21:21 UTC 2026","Exceptions — Smoke > Exception History > Row Actions","specs\Smoke\8-ExceptionsSmoke.spec.ts","",""
"","6040","Validate Login functionality with incorrectUsername","firefox","Wed Sep 30 10:13:27 UTC 2026","passed","Wed Sep 30 10:13:33 UTC 2026","Login — Smoke > Login","specs\Smoke\1-LoginSmoke.spec.ts","",""
"","7188","Teller page loads correctly","webkit","Wed Sep 30 10:11:23 UTC 2026","passed","Wed Sep 30 10:11:30 UTC 2026","Application Navigation Smoke Tests > Top-level Navigation","specs\Smoke\2-NavigationSmoke.spec.ts","",""
"","5046","Issued Checks breadcrumb link is visible on the page","msedge","Wed Sep 30 10:33:29 UTC 2026","passed","Wed Sep 30 10:33:34 UTC 2026","Issued Checks — Smoke > Breadcrumb","specs\Smoke\4-IssuedChecksSmoke.spec.ts","",""
"","13200","Verify Check Only tab shows Check-specific chart sections","webkit","Wed Sep 30 10:14:00 UTC 2026","passed","Wed Sep 30 10:14:13 UTC 2026","Home Dashboard > Dashboard Chart Headings","specs\Smoke\3-HomeDashboardSmoke.spec.ts","",""
"","8885","Billing Reports sub-page loads correctly","webkit","Wed Sep 30 10:12:33 UTC 2026","passed","Wed Sep 30 10:12:42 UTC 2026","Application Navigation Smoke Tests > Settings Sub-navigation","specs\Smoke\2-NavigationSmoke.spec.ts","",""
"","11047","Web Hooks sub-page loads correctly","firefox","Wed Sep 30 10:17:14 UTC 2026","passed","Wed Sep 30 10:17:25 UTC 2026","Application Navigation Smoke Tests > Settings Sub-navigation","specs\Smoke\2-NavigationSmoke.spec.ts","",""
"","12620","Save a filter preset, verify it is auto-selected, then delete it","msedge","Wed Sep 30 10:35:44 UTC 2026","passed","Wed Sep 30 10:35:57 UTC 2026","Exceptions — Smoke > Exception History > Saved Filters","specs\Smoke\8-ExceptionsSmoke.spec.ts","",""
"","14015","Previous page button returns to page 1, First page button re-enables disabled state","webkit","Wed Sep 30 10:19:43 UTC 2026","passed","Wed Sep 30 10:19:57 UTC 2026","Presented Checks — Smoke > Pagination","specs\Smoke\5-PresentedChecksSmoke.spec.ts","",""
"","13360","Last page arrow jumps to the final page","firefox","Wed Sep 30 10:24:55 UTC 2026","passed","Wed Sep 30 10:25:08 UTC 2026","Exceptions — Smoke > Exception History > Pagination","specs\Smoke\8-ExceptionsSmoke.spec.ts","",""
"","292","Default filter auto-applies after logout and re-login","msedge","Wed Sep 30 10:35:57 UTC 2026","skipped","Wed Sep 30 10:35:57 UTC 2026","Exceptions — Smoke > Exception History > Saved Filters > Default Filter","specs\Smoke\8-ExceptionsSmoke.spec.ts","",""
"","9305","Decision Files sub-page loads correctly","firefox","Wed Sep 30 10:15:07 UTC 2026","passed","Wed Sep 30 10:15:17 UTC 2026","Application Navigation Smoke Tests > Settings Sub-navigation","specs\Smoke\2-NavigationSmoke.spec.ts","",""
"","9572","Validate Login functionality with missingPassword","webkit","Wed Sep 30 10:11:42 UTC 2026","passed","Wed Sep 30 10:11:51 UTC 2026","Login — Smoke > Login","specs\Smoke\1-LoginSmoke.spec.ts","",""
"","10744","""Edit"" link on a row navigates to the check edit form","firefox","Wed Sep 30 10:21:02 UTC 2026","passed","Wed Sep 30 10:21:13 UTC 2026","Issued Checks — Smoke > Row Actions","specs\Smoke\4-IssuedChecksSmoke.spec.ts","",""
"","6669","Excel export button is visible and enabled","chromium","Wed Sep 30 10:14:59 UTC 2026","passed","Wed Sep 30 10:15:06 UTC 2026","Issued Checks — Smoke > Toolbar","specs\Smoke\4-IssuedChecksSmoke.spec.ts","",""
"","5611","Pay/Return decision badge navigates to exception history","msedge","Wed Sep 30 10:34:29 UTC 2026","passed","Wed Sep 30 10:34:35 UTC 2026","Presented Checks — Smoke > Row Actions","specs\Smoke\5-PresentedChecksSmoke.spec.ts","",""
"","5551","Last page arrow jumps to the final page","msedge","Wed Sep 30 10:33:23 UTC 2026","passed","Wed Sep 30 10:33:29 UTC 2026","Presented Checks — Smoke > Pagination","specs\Smoke\5-PresentedChecksSmoke.spec.ts","",""
"","11744","Verify navigation to Issued Checks via nav menu","firefox","Wed Sep 30 10:18:03 UTC 2026","passed","Wed Sep 30 10:18:15 UTC 2026","Home Dashboard > Navigation from Dashboard","specs\Smoke\3-HomeDashboardSmoke.spec.ts","",""
"","7537","ACH breadcrumb link is visible on the page","msedge","Wed Sep 30 10:35:49 UTC 2026","passed","Wed Sep 30 10:35:57 UTC 2026","ACH — Smoke > Breadcrumb","specs\Smoke\7-ACHSmoke.spec.ts","",""
"","5127","Grid View toggle navigates to the open-exceptions grid and shows key column headers","msedge","Wed Sep 30 10:36:33 UTC 2026","passed","Wed Sep 30 10:36:38 UTC 2026","Exceptions — Smoke > Open Exceptions","specs\Smoke\8-ExceptionsSmoke.spec.ts","",""
"","11620","Save a filter preset, verify it is auto-selected, then delete it","chromium","Wed Sep 30 10:19:11 UTC 2026","passed","Wed Sep 30 10:19:23 UTC 2026","ACH — Smoke > Saved Filters","specs\Smoke\7-ACHSmoke.spec.ts","",""
"","8292","Validate forgot password functionality with No email","firefox","Wed Sep 30 10:14:30 UTC 2026","passed","Wed Sep 30 10:14:38 UTC 2026","Login — Smoke > Forgot Password","specs\Smoke\1-LoginSmoke.spec.ts","",""
"","9058","Validate Login functionality with incorrectPassword","webkit","Wed Sep 30 10:11:06 UTC 2026","passed","Wed Sep 30 10:11:15 UTC 2026","Login — Smoke > Login","specs\Smoke\1-LoginSmoke.spec.ts","",""
"","8319","Default Decision Log sub-page loads correctly","firefox","Wed Sep 30 10:16:37 UTC 2026","passed","Wed Sep 30 10:16:45 UTC 2026","Application Navigation Smoke Tests > Settings Sub-navigation","specs\Smoke\2-NavigationSmoke.spec.ts","",""
"","10706","Excel export button is visible and enabled","webkit","Wed Sep 30 10:18:51 UTC 2026","passed","Wed Sep 30 10:19:01 UTC 2026","Presented Checks — Smoke > Toolbar","specs\Smoke\5-PresentedChecksSmoke.spec.ts","",""
"","10287","Verify navigation to Exceptions via nav menu","webkit","Wed Sep 30 10:17:26 UTC 2026","passed","Wed Sep 30 10:17:37 UTC 2026","Home Dashboard > Navigation from Dashboard","specs\Smoke\3-HomeDashboardSmoke.spec.ts","",""
"","9689","Notification Log sub-page loads correctly","chromium","Wed Sep 30 10:13:19 UTC 2026","passed","Wed Sep 30 10:13:29 UTC 2026","Application Navigation Smoke Tests > Settings Sub-navigation","specs\Smoke\2-NavigationSmoke.spec.ts","",""
"","11954","""Uploaded Checks"" navigates to the uploads page","firefox","Wed Sep 30 10:18:02 UTC 2026","passed","Wed Sep 30 10:18:14 UTC 2026","Issued Checks — Smoke > Navigation","specs\Smoke\4-IssuedChecksSmoke.spec.ts","",""
"","5023","Verify dashboard loads after successful login","msedge","Wed Sep 30 10:30:52 UTC 2026","passed","Wed Sep 30 10:30:57 UTC 2026","Home Dashboard > Page Load","specs\Smoke\3-HomeDashboardSmoke.spec.ts","",""
"","14592","Verify navigation to Settings via nav menu","webkit","Wed Sep 30 10:17:37 UTC 2026","passed","Wed Sep 30 10:17:51 UTC 2026","Home Dashboard > Navigation from Dashboard","specs\Smoke\3-HomeDashboardSmoke.spec.ts","",""
"","15206","Save a filter preset, verify it is auto-selected, then delete it","chromium","Wed Sep 30 10:20:14 UTC 2026","passed","Wed Sep 30 10:20:30 UTC 2026","Exceptions — Smoke > Exception History > Saved Filters","specs\Smoke\8-ExceptionsSmoke.spec.ts","",""
"","10419","Typing a page number navigates to that page","webkit","Wed Sep 30 10:17:26 UTC 2026","passed","Wed Sep 30 10:17:36 UTC 2026","Issued Checks — Smoke > Pagination","specs\Smoke\4-IssuedChecksSmoke.spec.ts","",""
"","29272","Default filter auto-applies after logout and re-login","chromium","Wed Sep 30 10:16:03 UTC 2026","passed","Wed Sep 30 10:16:32 UTC 2026","Issued Checks — Smoke > Saved Filters > Default Filter","specs\Smoke\4-IssuedChecksSmoke.spec.ts","",""
"","5330","Excel export button is visible and enabled","msedge","Wed Sep 30 10:34:14 UTC 2026","passed","Wed Sep 30 10:34:19 UTC 2026","ACH — Smoke > Toolbar","specs\Smoke\7-ACHSmoke.spec.ts","",""
"","9947","Excel export button is visible and enabled","webkit","Wed Sep 30 10:21:13 UTC 2026","passed","Wed Sep 30 10:21:23 UTC 2026","ACH — Smoke > Toolbar","specs\Smoke\7-ACHSmoke.spec.ts","",""
"","8863","Billing Reports sub-page loads correctly","firefox","Wed Sep 30 10:14:58 UTC 2026","passed","Wed Sep 30 10:15:07 UTC 2026","Application Navigation Smoke Tests > Settings Sub-navigation","specs\Smoke\2-NavigationSmoke.spec.ts","",""
"","25300","Verify chart title changes with selected tab","webkit","Wed Sep 30 10:14:58 UTC 2026","passed","Wed Sep 30 10:15:23 UTC 2026","Home Dashboard > Dashboard Chart Headings","specs\Smoke\3-HomeDashboardSmoke.spec.ts","",""
"","12191","Typing a page number navigates to that page","firefox","Wed Sep 30 10:19:23 UTC 2026","passed","Wed Sep 30 10:19:35 UTC 2026","Issued Checks — Smoke > Pagination","specs\Smoke\4-IssuedChecksSmoke.spec.ts","",""
"","5216","Exceptions breadcrumb link is visible on the page","chromium","Wed Sep 30 10:21:29 UTC 2026","passed","Wed Sep 30 10:21:34 UTC 2026","Exceptions — Smoke > Exception History > Breadcrumb","specs\Smoke\8-ExceptionsSmoke.spec.ts","",""
"","5915","Check Approval Rules sub-page loads correctly","webkit","Wed Sep 30 10:13:28 UTC 2026","passed","Wed Sep 30 10:13:34 UTC 2026","Application Navigation Smoke Tests > Settings Sub-navigation","specs\Smoke\2-NavigationSmoke.spec.ts","",""
"","11827","""View"" (Change Log) link on a row navigates to the entity log","firefox","Wed Sep 30 10:25:55 UTC 2026","passed","Wed Sep 30 10:26:07 UTC 2026","ACH — Smoke > Row Actions","specs\Smoke\7-ACHSmoke.spec.ts","",""
"","5427","Validate Login functionality with incorrectPassword","msedge","Wed Sep 30 10:29:32 UTC 2026","passed","Wed Sep 30 10:29:37 UTC 2026","Login — Smoke > Login","specs\Smoke\1-LoginSmoke.spec.ts","",""
"","12196","Save a filter preset, verify it is auto-selected, then delete it","chromium","Wed Sep 30 10:15:50 UTC 2026","passed","Wed Sep 30 10:16:03 UTC 2026","Issued Checks — Smoke > Saved Filters","specs\Smoke\4-IssuedChecksSmoke.spec.ts","",""
"","8652","Exception History grid loads with data rows and key column headers","chromium","Wed Sep 30 10:18:50 UTC 2026","passed","Wed Sep 30 10:18:58 UTC 2026","Exceptions — Smoke > Exception History > Grid","specs\Smoke\8-ExceptionsSmoke.spec.ts","",""
"","5426","Page size change to 10 updates pagination info in bottom-right pager","msedge","Wed Sep 30 10:32:11 UTC 2026","passed","Wed Sep 30 10:32:17 UTC 2026","Issued Checks — Smoke > Pagination","specs\Smoke\4-IssuedChecksSmoke.spec.ts","",""
"","5537","""View"" link on a row opens the Exception Details dialog","msedge","Wed Sep 30 10:36:07 UTC 2026","passed","Wed Sep 30 10:36:13 UTC 2026","Exceptions — Smoke > Exception History > Row Actions","specs\Smoke\8-ExceptionsSmoke.spec.ts","",""
"","10609","Typing a page number navigates to that page","webkit","Wed Sep 30 10:21:55 UTC 2026","passed","Wed Sep 30 10:22:06 UTC 2026","ACH — Smoke > Pagination","specs\Smoke\7-ACHSmoke.spec.ts","",""
"","5778","Business Clients sub-page loads correctly","chromium","Wed Sep 30 10:11:57 UTC 2026","passed","Wed Sep 30 10:12:03 UTC 2026","Application Navigation Smoke Tests > Settings Sub-navigation","specs\Smoke\2-NavigationSmoke.spec.ts","",""
"","7717","Column filter menu applies a filter and Clear restores the full row set","chromium","Wed Sep 30 10:21:06 UTC 2026","passed","Wed Sep 30 10:21:14 UTC 2026","Exceptions — Smoke > Exception History > Column Filter","specs\Smoke\8-ExceptionsSmoke.spec.ts","",""
"","5687","""View"" (Change Log) link on a row navigates to the entity log","msedge","Wed Sep 30 10:35:24 UTC 2026","passed","Wed Sep 30 10:35:29 UTC 2026","ACH — Smoke > Row Actions","specs\Smoke\7-ACHSmoke.spec.ts","",""
"","4423","Validate unauthenticated access to protected route is redirected to login","msedge","Wed Sep 30 10:30:47 UTC 2026","passed","Wed Sep 30 10:30:52 UTC 2026","Login — Smoke > Session & Security","specs\Smoke\1-LoginSmoke.spec.ts","",""
"","4762","Validate Login functionality with emptyFields","firefox","Wed Sep 30 10:13:38 UTC 2026","passed","Wed Sep 30 10:13:43 UTC 2026","Login — Smoke > Login","specs\Smoke\1-LoginSmoke.spec.ts","",""
"","7011","Verify navigation to ACH via nav menu","chromium","Wed Sep 30 10:15:19 UTC 2026","passed","Wed Sep 30 10:15:26 UTC 2026","Home Dashboard > Navigation from Dashboard","specs\Smoke\3-HomeDashboardSmoke.spec.ts","",""
"","10766","Page size change to 10 updates pagination info in bottom-right pager","webkit","Wed Sep 30 10:16:52 UTC 2026","passed","Wed Sep 30 10:17:03 UTC 2026","Issued Checks — Smoke > Pagination","specs\Smoke\4-IssuedChecksSmoke.spec.ts","",""
"","6407","Saved Filters dropdown is visible and defaults to no preset","chromium","Wed Sep 30 10:20:08 UTC 2026","passed","Wed Sep 30 10:20:14 UTC 2026","Exceptions — Smoke > Exception History > Saved Filters","specs\Smoke\8-ExceptionsSmoke.spec.ts","",""
"","10736","Verify Check Only tab shows Check-specific chart sections","chromium","Wed Sep 30 10:13:19 UTC 2026","passed","Wed Sep 30 10:13:29 UTC 2026","Home Dashboard > Dashboard Chart Headings","specs\Smoke\3-HomeDashboardSmoke.spec.ts","",""
"","5439","Next page arrow advances to page 2","msedge","Wed Sep 30 10:33:18 UTC 2026","passed","Wed Sep 30 10:33:23 UTC 2026","Presented Checks — Smoke > Pagination","specs\Smoke\5-PresentedChecksSmoke.spec.ts","",""
"","6754","Grid loads with data rows and key column headers","chromium","Wed Sep 30 10:15:41 UTC 2026","passed","Wed Sep 30 10:15:47 UTC 2026","Presented Checks — Smoke > Grid","specs\Smoke\5-PresentedChecksSmoke.spec.ts","",""
"","22948","Validate Login functionality with correctCredentials","firefox","Wed Sep 30 10:12:45 UTC 2026","passed","Wed Sep 30 10:13:08 UTC 2026","Login — Smoke > Login","specs\Smoke\1-LoginSmoke.spec.ts","",""
"","12912","Search box filters grid and clears correctly","firefox","Wed Sep 30 10:23:03 UTC 2026","passed","Wed Sep 30 10:23:16 UTC 2026","ACH — Smoke > Toolbar","specs\Smoke\7-ACHSmoke.spec.ts","",""
"","7019","Grid loads with data rows and key column headers","msedge","Wed Sep 30 10:33:44 UTC 2026","passed","Wed Sep 30 10:33:51 UTC 2026","ACH — Smoke > Grid","specs\Smoke\7-ACHSmoke.spec.ts","",""
"","4754","Verify Total Exceptions and Total Exception Amount labels are visible","msedge","Wed Sep 30 10:31:39 UTC 2026","passed","Wed Sep 30 10:31:44 UTC 2026","Home Dashboard > Summary Stats","specs\Smoke\3-HomeDashboardSmoke.spec.ts","",""
"","6313","Exceptions breadcrumb link is visible on the page","firefox","Wed Sep 30 10:27:16 UTC 2026","passed","Wed Sep 30 10:27:22 UTC 2026","Exceptions — Smoke > Exception History > Breadcrumb","specs\Smoke\8-ExceptionsSmoke.spec.ts","",""
"","9173","System Log sub-page loads correctly","firefox","Wed Sep 30 10:16:45 UTC 2026","passed","Wed Sep 30 10:16:54 UTC 2026","Application Navigation Smoke Tests > Settings Sub-navigation","specs\Smoke\2-NavigationSmoke.spec.ts","",""
"","5189","Issued Checks page loads correctly","msedge","Wed Sep 30 10:29:27 UTC 2026","passed","Wed Sep 30 10:29:32 UTC 2026","Application Navigation Smoke Tests > Top-level Navigation","specs\Smoke\2-NavigationSmoke.spec.ts","",""
"","4766","Page size change to 10 updates pagination info in bottom-right pager","msedge","Wed Sep 30 10:34:19 UTC 2026","passed","Wed Sep 30 10:34:24 UTC 2026","ACH — Smoke > Pagination","specs\Smoke\7-ACHSmoke.spec.ts","",""
"","7587","Exceptions page loads correctly","webkit","Wed Sep 30 10:11:38 UTC 2026","passed","Wed Sep 30 10:11:46 UTC 2026","Application Navigation Smoke Tests > Top-level Navigation","specs\Smoke\2-NavigationSmoke.spec.ts","",""
"","15198","Default filter auto-applies after logout and re-login","firefox","Wed Sep 30 10:21:55 UTC 2026","skipped","Wed Sep 30 10:22:10 UTC 2026","Presented Checks — Smoke > Saved Filters > Default Filter","specs\Smoke\5-PresentedChecksSmoke.spec.ts","",""
"","6972","Last page arrow jumps to the final page","msedge","Wed Sep 30 10:35:17 UTC 2026","passed","Wed Sep 30 10:35:24 UTC 2026","Exceptions — Smoke > Exception History > Pagination","specs\Smoke\8-ExceptionsSmoke.spec.ts","",""
"","17661","Previous page button returns to page 1, First page button re-enables disabled state","webkit","Wed Sep 30 10:22:06 UTC 2026","passed","Wed Sep 30 10:22:23 UTC 2026","ACH — Smoke > Pagination","specs\Smoke\7-ACHSmoke.spec.ts","",""
"","9769","Verify all three dashboard view tabs are visible","firefox","Wed Sep 30 10:15:24 UTC 2026","passed","Wed Sep 30 10:15:34 UTC 2026","Home Dashboard > Page Load","specs\Smoke\3-HomeDashboardSmoke.spec.ts","",""
"","12830","ACH Approval Rules sub-page loads correctly","firefox","Wed Sep 30 10:16:12 UTC 2026","passed","Wed Sep 30 10:16:25 UTC 2026","Application Navigation Smoke Tests > Settings Sub-navigation","specs\Smoke\2-NavigationSmoke.spec.ts","",""
"","6546","File Processing sub-page loads correctly","msedge","Wed Sep 30 10:31:22 UTC 2026","passed","Wed Sep 30 10:31:29 UTC 2026","Application Navigation Smoke Tests > Settings Sub-navigation","specs\Smoke\2-NavigationSmoke.spec.ts","",""
"","5096","Typing a page number navigates to that page","msedge","Wed Sep 30 10:34:35 UTC 2026","passed","Wed Sep 30 10:34:40 UTC 2026","ACH — Smoke > Pagination","specs\Smoke\7-ACHSmoke.spec.ts","",""
"","7311","Issued Checks page loads correctly","chromium","Wed Sep 30 10:11:14 UTC 2026","passed","Wed Sep 30 10:11:21 UTC 2026","Application Navigation Smoke Tests > Top-level Navigation","specs\Smoke\2-NavigationSmoke.spec.ts","",""
"","9283","Roles/Permissions sub-page loads correctly","firefox","Wed Sep 30 10:14:36 UTC 2026","passed","Wed Sep 30 10:14:45 UTC 2026","Application Navigation Smoke Tests > Settings Sub-navigation","specs\Smoke\2-NavigationSmoke.spec.ts","",""
"","9383","Default filter auto-applies after logout and re-login","webkit","Wed Sep 30 10:18:25 UTC 2026","skipped","Wed Sep 30 10:18:35 UTC 2026","Issued Checks — Smoke > Saved Filters > Default Filter","specs\Smoke\4-IssuedChecksSmoke.spec.ts","",""
"","9672","Last page arrow jumps to the final page","webkit","Wed Sep 30 10:21:45 UTC 2026","passed","Wed Sep 30 10:21:55 UTC 2026","ACH — Smoke > Pagination","specs\Smoke\7-ACHSmoke.spec.ts","",""
"","13302","Last page arrow jumps to the final page","firefox","Wed Sep 30 10:19:09 UTC 2026","passed","Wed Sep 30 10:19:23 UTC 2026","Issued Checks — Smoke > Pagination","specs\Smoke\4-IssuedChecksSmoke.spec.ts","",""
"","3898","Saved Filters dropdown is visible and defaults to no preset","msedge","Wed Sep 30 10:33:40 UTC 2026","passed","Wed Sep 30 10:33:44 UTC 2026","Presented Checks — Smoke > Saved Filters","specs\Smoke\5-PresentedChecksSmoke.spec.ts","",""
"","4391","Clicking a column header sorts ascending, clicking again sorts descending","msedge","Wed Sep 30 10:35:57 UTC 2026","passed","Wed Sep 30 10:36:02 UTC 2026","Exceptions — Smoke > Exception History > Sorting","specs\Smoke\8-ExceptionsSmoke.spec.ts","",""
"","14703","ACH breadcrumb link is visible on the page","firefox","Wed Sep 30 10:26:42 UTC 2026","passed","Wed Sep 30 10:26:57 UTC 2026","ACH — Smoke > Breadcrumb","specs\Smoke\7-ACHSmoke.spec.ts","",""
"","10253","Validate teller presented-check form shows all required fields","chromium","Wed Sep 30 10:17:18 UTC 2026","passed","Wed Sep 30 10:17:28 UTC 2026","Teller — Smoke > Add Check Form","specs\Smoke\6-TellerSmoke.spec.ts","",""
"","10740","Column filter menu applies a filter and Clear restores the full row set","webkit","Wed Sep 30 10:24:37 UTC 2026","passed","Wed Sep 30 10:24:47 UTC 2026","Exceptions — Smoke > Exception History > Column Filter","specs\Smoke\8-ExceptionsSmoke.spec.ts","",""
"","7919","Clicking a column header sorts ascending, clicking again sorts descending","chromium","Wed Sep 30 10:19:51 UTC 2026","passed","Wed Sep 30 10:19:59 UTC 2026","ACH — Smoke > Sorting","specs\Smoke\7-ACHSmoke.spec.ts","",""
"","10213","Presented Checks page loads correctly","firefox","Wed Sep 30 10:13:23 UTC 2026","passed","Wed Sep 30 10:13:33 UTC 2026","Application Navigation Smoke Tests > Top-level Navigation","specs\Smoke\2-NavigationSmoke.spec.ts","",""
"","9616","""Delete"" on a row shows a confirm modal; Cancel dismisses it without deleting","chromium","Wed Sep 30 10:20:17 UTC 2026","passed","Wed Sep 30 10:20:26 UTC 2026","ACH — Smoke > Row Actions","specs\Smoke\7-ACHSmoke.spec.ts","",""
"","9303","Saved Filters dropdown is visible and defaults to no preset","webkit","Wed Sep 30 10:22:23 UTC 2026","passed","Wed Sep 30 10:22:33 UTC 2026","ACH — Smoke > Saved Filters","specs\Smoke\7-ACHSmoke.spec.ts","",""
"","5982","Typing a page number navigates to that page","chromium","Wed Sep 30 10:15:28 UTC 2026","passed","Wed Sep 30 10:15:33 UTC 2026","Issued Checks — Smoke > Pagination","specs\Smoke\4-IssuedChecksSmoke.spec.ts","",""
"","5030","""View"" (Change Log) link on a row navigates to the entity log","msedge","Wed Sep 30 10:34:18 UTC 2026","passed","Wed Sep 30 10:34:23 UTC 2026","Presented Checks — Smoke > Row Actions","specs\Smoke\5-PresentedChecksSmoke.spec.ts","",""
"","4211","Pre-Decisions page loads with either records or the empty-state message","chromium","Wed Sep 30 10:21:56 UTC 2026","passed","Wed Sep 30 10:22:00 UTC 2026","Exceptions — Smoke > Pre-Decisions","specs\Smoke\8-ExceptionsSmoke.spec.ts","",""
"","13062","Search box filters grid and clears correctly","webkit","Wed Sep 30 10:22:18 UTC 2026","passed","Wed Sep 30 10:22:31 UTC 2026","Exceptions — Smoke > Exception History > Toolbar","specs\Smoke\8-ExceptionsSmoke.spec.ts","",""
"","11466","Notification Log sub-page loads correctly","firefox","Wed Sep 30 10:16:25 UTC 2026","passed","Wed Sep 30 10:16:37 UTC 2026","Application Navigation Smoke Tests > Settings Sub-navigation","specs\Smoke\2-NavigationSmoke.spec.ts","",""
"","5267","Verify navigation to Exceptions via nav menu","msedge","Wed Sep 30 10:32:27 UTC 2026","passed","Wed Sep 30 10:32:32 UTC 2026","Home Dashboard > Navigation from Dashboard","specs\Smoke\3-HomeDashboardSmoke.spec.ts","",""
"","21214","Save a filter preset, verify it is auto-selected, then delete it","webkit","Wed Sep 30 10:20:05 UTC 2026","passed","Wed Sep 30 10:20:26 UTC 2026","Presented Checks — Smoke > Saved Filters","specs\Smoke\5-PresentedChecksSmoke.spec.ts","",""
"","11495","Verify profile menu shows My Info and Logout links","webkit","Wed Sep 30 10:16:29 UTC 2026","passed","Wed Sep 30 10:16:41 UTC 2026","Home Dashboard > Summary Stats","specs\Smoke\3-HomeDashboardSmoke.spec.ts","",""
"","7069","Next page arrow advances to page 2","chromium","Wed Sep 30 10:16:35 UTC 2026","passed","Wed Sep 30 10:16:42 UTC 2026","Presented Checks — Smoke > Pagination","specs\Smoke\5-PresentedChecksSmoke.spec.ts","",""
"","12211","Saved Filters dropdown is visible and defaults to no preset","firefox","Wed Sep 30 10:24:43 UTC 2026","passed","Wed Sep 30 10:24:55 UTC 2026","ACH — Smoke > Saved Filters","specs\Smoke\7-ACHSmoke.spec.ts","",""
"","5484","Next page arrow advances to page 2","msedge","Wed Sep 30 10:34:24 UTC 2026","passed","Wed Sep 30 10:34:29 UTC 2026","ACH — Smoke > Pagination","specs\Smoke\7-ACHSmoke.spec.ts","",""
"","7633","Verify navigation to Settings via nav menu","chromium","Wed Sep 30 10:15:33 UTC 2026","passed","Wed Sep 30 10:15:40 UTC 2026","Home Dashboard > Navigation from Dashboard","specs\Smoke\3-HomeDashboardSmoke.spec.ts","",""
"","7363","Validate Login functionality with missingUsername","msedge","Wed Sep 30 10:30:00 UTC 2026","passed","Wed Sep 30 10:30:08 UTC 2026","Login — Smoke > Login","specs\Smoke\1-LoginSmoke.spec.ts","",""
"","5166","Verify delayed data note and force refresh link are visible on dashboard","msedge","Wed Sep 30 10:31:49 UTC 2026","passed","Wed Sep 30 10:31:54 UTC 2026","Home Dashboard > Summary Stats","specs\Smoke\3-HomeDashboardSmoke.spec.ts","",""
"","4467","Decision Files sub-page loads correctly","msedge","Wed Sep 30 10:30:33 UTC 2026","passed","Wed Sep 30 10:30:37 UTC 2026","Application Navigation Smoke Tests > Settings Sub-navigation","specs\Smoke\2-NavigationSmoke.spec.ts","",""
"","4642","Exceptions breadcrumb link is visible on the page","webkit","Wed Sep 30 10:25:08 UTC 2026","passed","Wed Sep 30 10:25:13 UTC 2026","Exceptions — Smoke > Exception History > Breadcrumb","specs\Smoke\8-ExceptionsSmoke.spec.ts","",""
"","5186","Verify ACH Only tab shows ACH-specific chart sections","msedge","Wed Sep 30 10:31:17 UTC 2026","passed","Wed Sep 30 10:31:22 UTC 2026","Home Dashboard > Dashboard Chart Headings","specs\Smoke\3-HomeDashboardSmoke.spec.ts","",""
"","5967","Previous page button returns to page 1, First page button re-enables disabled state","msedge","Wed Sep 30 10:32:34 UTC 2026","passed","Wed Sep 30 10:32:40 UTC 2026","Issued Checks — Smoke > Pagination","specs\Smoke\4-IssuedChecksSmoke.spec.ts","",""
"","9570","""Uploaded Checks"" navigates to the uploads page","webkit","Wed Sep 30 10:18:27 UTC 2026","passed","Wed Sep 30 10:18:36 UTC 2026","Presented Checks — Smoke > Navigation","specs\Smoke\5-PresentedChecksSmoke.spec.ts","",""
"","10314","Automatic Check Decision Rules sub-page loads correctly","webkit","Wed Sep 30 10:13:17 UTC 2026","passed","Wed Sep 30 10:13:28 UTC 2026","Application Navigation Smoke Tests > Settings Sub-navigation","specs\Smoke\2-NavigationSmoke.spec.ts","",""
"","22412","Save a filter preset, verify it is auto-selected, then delete it","firefox","Wed Sep 30 10:25:57 UTC 2026","passed","Wed Sep 30 10:26:19 UTC 2026","Exceptions — Smoke > Exception History > Saved Filters","specs\Smoke\8-ExceptionsSmoke.spec.ts","",""
"","30879","Default filter auto-applies after logout and re-login","chromium","Wed Sep 30 10:20:30 UTC 2026","passed","Wed Sep 30 10:21:00 UTC 2026","Exceptions — Smoke > Exception History > Saved Filters > Default Filter","specs\Smoke\8-ExceptionsSmoke.spec.ts","",""
"","7761","Validate Login functionality with veryLongInput","webkit","Wed Sep 30 10:12:17 UTC 2026","passed","Wed Sep 30 10:12:24 UTC 2026","Login — Smoke > Login","specs\Smoke\1-LoginSmoke.spec.ts","",""
"","16724","Verify Combined View shows all chart sections","firefox","Wed Sep 30 10:15:34 UTC 2026","passed","Wed Sep 30 10:15:51 UTC 2026","Home Dashboard > Dashboard Chart Headings","specs\Smoke\3-HomeDashboardSmoke.spec.ts","",""
"","5116","""Edit"" link on a row navigates to the check edit form","msedge","Wed Sep 30 10:33:12 UTC 2026","passed","Wed Sep 30 10:33:17 UTC 2026","Issued Checks — Smoke > Row Actions","specs\Smoke\4-IssuedChecksSmoke.spec.ts","",""
"","9869","Decision badge on an already-reviewed row is blocked with a system message","webkit","Wed Sep 30 10:24:58 UTC 2026","passed","Wed Sep 30 10:25:08 UTC 2026","Exceptions — Smoke > Exception History > Row Actions","specs\Smoke\8-ExceptionsSmoke.spec.ts","",""
"","7293","Saved Filters dropdown is visible and defaults to no preset","chromium","Wed Sep 30 10:19:04 UTC 2026","passed","Wed Sep 30 10:19:11 UTC 2026","ACH — Smoke > Saved Filters","specs\Smoke\7-ACHSmoke.spec.ts","",""
"","10411","Column filter popup applies a filter and Clear restores the full row set","chromium","Wed Sep 30 10:18:04 UTC 2026","passed","Wed Sep 30 10:18:15 UTC 2026","Presented Checks — Smoke > Column Filter","specs\Smoke\5-PresentedChecksSmoke.spec.ts","",""
"","7896","Column filter popup applies a filter and Clear restores the full row set","msedge","Wed Sep 30 10:35:16 UTC 2026","passed","Wed Sep 30 10:35:24 UTC 2026","ACH — Smoke > Column Filter","specs\Smoke\7-ACHSmoke.spec.ts","",""
"","5044","Verify all three dashboard view tabs are visible","msedge","Wed Sep 30 10:31:01 UTC 2026","passed","Wed Sep 30 10:31:06 UTC 2026","Home Dashboard > Page Load","specs\Smoke\3-HomeDashboardSmoke.spec.ts","",""
"","8890","Verify summary KPI values have expected number formats","webkit","Wed Sep 30 10:15:59 UTC 2026","passed","Wed Sep 30 10:16:08 UTC 2026","Home Dashboard > Summary Stats","specs\Smoke\3-HomeDashboardSmoke.spec.ts","",""
"","5432","Verify tab-specific charts are hidden for opposite tab","msedge","Wed Sep 30 10:31:34 UTC 2026","passed","Wed Sep 30 10:31:39 UTC 2026","Home Dashboard > Dashboard Chart Headings","specs\Smoke\3-HomeDashboardSmoke.spec.ts","",""
"","12799","Excel export button is visible and enabled","firefox","Wed Sep 30 10:20:05 UTC 2026","passed","Wed Sep 30 10:20:18 UTC 2026","Presented Checks — Smoke > Toolbar","specs\Smoke\5-PresentedChecksSmoke.spec.ts","",""
"","11068","Clicking a column header sorts ascending, clicking again sorts descending","webkit","Wed Sep 30 10:20:34 UTC 2026","passed","Wed Sep 30 10:20:45 UTC 2026","Presented Checks — Smoke > Sorting","specs\Smoke\5-PresentedChecksSmoke.spec.ts","",""
"","7804","""Edit"" link on a row navigates to the check edit form","chromium","Wed Sep 30 10:16:49 UTC 2026","passed","Wed Sep 30 10:16:57 UTC 2026","Issued Checks — Smoke > Row Actions","specs\Smoke\4-IssuedChecksSmoke.spec.ts","",""
"","10129","Previous page button returns to page 1, First page button re-enables disabled state","chromium","Wed Sep 30 10:18:54 UTC 2026","passed","Wed Sep 30 10:19:04 UTC 2026","ACH — Smoke > Pagination","specs\Smoke\7-ACHSmoke.spec.ts","",""
"","8106","Verify dashboard loads after successful login","webkit","Wed Sep 30 10:13:17 UTC 2026","passed","Wed Sep 30 10:13:25 UTC 2026","Home Dashboard > Page Load","specs\Smoke\3-HomeDashboardSmoke.spec.ts","",""
"","14138","Last page arrow jumps to the final page","firefox","Wed Sep 30 10:23:56 UTC 2026","passed","Wed Sep 30 10:24:10 UTC 2026","ACH — Smoke > Pagination","specs\Smoke\7-ACHSmoke.spec.ts","",""
"","5465","Validate Login functionality with incorrectPassword","firefox","Wed Sep 30 10:13:21 UTC 2026","passed","Wed Sep 30 10:13:27 UTC 2026","Login — Smoke > Login","specs\Smoke\1-LoginSmoke.spec.ts","",""
"","6420","Check Approval Rules sub-page loads correctly","chromium","Wed Sep 30 10:12:56 UTC 2026","passed","Wed Sep 30 10:13:03 UTC 2026","Application Navigation Smoke Tests > Settings Sub-navigation","specs\Smoke\2-NavigationSmoke.spec.ts","",""
"","5218","Verify dashboard footer footnote and privacy link are visible","msedge","Wed Sep 30 10:31:54 UTC 2026","passed","Wed Sep 30 10:31:59 UTC 2026","Home Dashboard > Summary Stats","specs\Smoke\3-HomeDashboardSmoke.spec.ts","",""
"","10616","Default filter auto-applies after logout and re-login","firefox","Wed Sep 30 10:25:13 UTC 2026","skipped","Wed Sep 30 10:25:24 UTC 2026","ACH — Smoke > Saved Filters > Default Filter","specs\Smoke\7-ACHSmoke.spec.ts","",""
"","10320","Verify dashboard loads after successful login","firefox","Wed Sep 30 10:15:05 UTC 2026","passed","Wed Sep 30 10:15:16 UTC 2026","Home Dashboard > Page Load","specs\Smoke\3-HomeDashboardSmoke.spec.ts","",""
"","10715","""+ Add Check"" navigates to the add-check form","webkit","Wed Sep 30 10:18:16 UTC 2026","passed","Wed Sep 30 10:18:27 UTC 2026","Presented Checks — Smoke > Navigation","specs\Smoke\5-PresentedChecksSmoke.spec.ts","",""
"","11760","""View"" link on a row opens the Exception Details dialog","firefox","Wed Sep 30 10:26:55 UTC 2026","passed","Wed Sep 30 10:27:07 UTC 2026","Exceptions — Smoke > Exception History > Row Actions","specs\Smoke\8-ExceptionsSmoke.spec.ts","",""
"","7347","""View"" (Change Log) link on a row navigates to the entity log","chromium","Wed Sep 30 10:16:57 UTC 2026","passed","Wed Sep 30 10:17:04 UTC 2026","Issued Checks — Smoke > Row Actions","specs\Smoke\4-IssuedChecksSmoke.spec.ts","",""
"","30048","Default filter auto-applies after logout and re-login","chromium","Wed Sep 30 10:17:27 UTC 2026","passed","Wed Sep 30 10:17:57 UTC 2026","Presented Checks — Smoke > Saved Filters > Default Filter","specs\Smoke\5-PresentedChecksSmoke.spec.ts","",""
"","11713","Verify tab-specific charts are hidden for opposite tab","chromium","Wed Sep 30 10:14:02 UTC 2026","passed","Wed Sep 30 10:14:14 UTC 2026","Home Dashboard > Dashboard Chart Headings","specs\Smoke\3-HomeDashboardSmoke.spec.ts","",""
"","6210","Search box filters grid and clears correctly","msedge","Wed Sep 30 10:31:59 UTC 2026","passed","Wed Sep 30 10:32:05 UTC 2026","Issued Checks — Smoke > Toolbar","specs\Smoke\4-IssuedChecksSmoke.spec.ts","",""
"","6920","Validate unauthenticated access to protected route is redirected to login","firefox","Wed Sep 30 10:14:58 UTC 2026","passed","Wed Sep 30 10:15:05 UTC 2026","Login — Smoke > Session & Security","specs\Smoke\1-LoginSmoke.spec.ts","",""
"","5212","Verify navigation to ACH via nav menu","msedge","Wed Sep 30 10:32:22 UTC 2026","passed","Wed Sep 30 10:32:27 UTC 2026","Home Dashboard > Navigation from Dashboard","specs\Smoke\3-HomeDashboardSmoke.spec.ts","",""
"","5051","Web Hooks sub-page loads correctly","msedge","Wed Sep 30 10:31:35 UTC 2026","passed","Wed Sep 30 10:31:40 UTC 2026","Application Navigation Smoke Tests > Settings Sub-navigation","specs\Smoke\2-NavigationSmoke.spec.ts","",""
"","15624","Previous page button returns to page 1, First page button re-enables disabled state","firefox","Wed Sep 30 10:21:13 UTC 2026","passed","Wed Sep 30 10:21:28 UTC 2026","Presented Checks — Smoke > Pagination","specs\Smoke\5-PresentedChecksSmoke.spec.ts","",""
"","9529","Users sub-page loads correctly","firefox","Wed Sep 30 10:14:26 UTC 2026","passed","Wed Sep 30 10:14:36 UTC 2026","Application Navigation Smoke Tests > Settings Sub-navigation","specs\Smoke\2-NavigationSmoke.spec.ts","",""
"","11112","Verify dashboard footer footnote and privacy link are visible","firefox","Wed Sep 30 10:17:23 UTC 2026","passed","Wed Sep 30 10:17:34 UTC 2026","Home Dashboard > Summary Stats","specs\Smoke\3-HomeDashboardSmoke.spec.ts","",""
"","10773","""+ Add Check"" navigates to the add-check form","chromium","Wed Sep 30 10:14:31 UTC 2026","passed","Wed Sep 30 10:14:41 UTC 2026","Issued Checks — Smoke > Navigation","specs\Smoke\4-IssuedChecksSmoke.spec.ts","",""
"","13218","Issued Checks breadcrumb link is visible on the page","firefox","Wed Sep 30 10:21:40 UTC 2026","passed","Wed Sep 30 10:21:53 UTC 2026","Issued Checks — Smoke > Breadcrumb","specs\Smoke\4-IssuedChecksSmoke.spec.ts","",""
"","7604","Last page arrow jumps to the final page","chromium","Wed Sep 30 10:18:39 UTC 2026","passed","Wed Sep 30 10:18:47 UTC 2026","ACH — Smoke > Pagination","specs\Smoke\7-ACHSmoke.spec.ts","",""
"","6736","System Log sub-page loads correctly","chromium","Wed Sep 30 10:13:37 UTC 2026","passed","Wed Sep 30 10:13:44 UTC 2026","Application Navigation Smoke Tests > Settings Sub-navigation","specs\Smoke\2-NavigationSmoke.spec.ts","",""
"","16251","Save a filter preset, verify it is auto-selected, then delete it","firefox","Wed Sep 30 10:21:39 UTC 2026","passed","Wed Sep 30 10:21:55 UTC 2026","Presented Checks — Smoke > Saved Filters","specs\Smoke\5-PresentedChecksSmoke.spec.ts","",""
"","13251","Branding sub-page loads correctly","firefox","Wed Sep 30 10:14:45 UTC 2026","passed","Wed Sep 30 10:14:58 UTC 2026","Application Navigation Smoke Tests > Settings Sub-navigation","specs\Smoke\2-NavigationSmoke.spec.ts","",""
"","7555","""Delete"" on a row shows a confirm modal; Cancel dismisses it without deleting","chromium","Wed Sep 30 10:17:04 UTC 2026","passed","Wed Sep 30 10:17:12 UTC 2026","Issued Checks — Smoke > Row Actions","specs\Smoke\4-IssuedChecksSmoke.spec.ts","",""
"","11468","Typing a page number navigates to that page","webkit","Wed Sep 30 10:19:31 UTC 2026","passed","Wed Sep 30 10:19:43 UTC 2026","Presented Checks — Smoke > Pagination","specs\Smoke\5-PresentedChecksSmoke.spec.ts","",""
