"DESCRIPTION","DURATION IN MS","NAME","PARENT SUITE","START TIME","STATUS","STOP TIME","SUB SUITE","SUITE","TEST CLASS","TEST METHOD"
"","7229","Verify Combined View shows all chart sections","msedge","Fri Sep 18 10:33:49 UTC 2026","passed","Fri Sep 18 10:33:56 UTC 2026","Home Dashboard","specs\Smoke\3-HomeDashboardSmoke.spec.ts","",""
"","9237","""View"" (Change Log) link on a row navigates to the entity log","chromium","Fri Sep 18 10:21:30 UTC 2026","passed","Fri Sep 18 10:21:39 UTC 2026","Presented Checks — Smoke (Continued)","specs\Smoke\5-PresentedChecksSmoke.spec.ts","",""
"","14843","Default Decision Log sub-page loads correctly","webkit","Fri Sep 18 10:18:03 UTC 2026","passed","Fri Sep 18 10:18:18 UTC 2026","Application Navigation Smoke Tests","specs\Smoke\2-NavigationSmoke.spec.ts","",""
"","7233","ACH Approval Rules sub-page loads correctly","msedge","Fri Sep 18 10:34:45 UTC 2026","passed","Fri Sep 18 10:34:52 UTC 2026","Application Navigation Smoke Tests","specs\Smoke\2-NavigationSmoke.spec.ts","",""
"","8361","Teller page loads correctly","msedge","Fri Sep 18 10:32:30 UTC 2026","passed","Fri Sep 18 10:32:39 UTC 2026","Application Navigation Smoke Tests","specs\Smoke\2-NavigationSmoke.spec.ts","",""
"","17669","Excel export button is visible and enabled","webkit","Fri Sep 18 10:26:36 UTC 2026","passed","Fri Sep 18 10:26:53 UTC 2026","Exceptions — Smoke","specs\Smoke\8-ExceptionsSmoke.spec.ts","",""
"","23996","Verify chart title changes with selected tab","firefox","Fri Sep 18 10:16:02 UTC 2026","passed","Fri Sep 18 10:16:26 UTC 2026","Home Dashboard","specs\Smoke\3-HomeDashboardSmoke.spec.ts","",""
"","5457","Next page arrow advances to page 2","chromium","Fri Sep 18 10:22:34 UTC 2026","passed","Fri Sep 18 10:22:40 UTC 2026","Exceptions — Smoke","specs\Smoke\8-ExceptionsSmoke.spec.ts","",""
"","8977","""Delete"" on a row shows a confirm modal; Cancel dismisses it without deleting","msedge","Fri Sep 18 10:41:51 UTC 2026","passed","Fri Sep 18 10:42:00 UTC 2026","ACH — Smoke","specs\Smoke\7-ACHSmoke.spec.ts","",""
"","8189","Default Decision Log sub-page loads correctly","msedge","Fri Sep 18 10:35:02 UTC 2026","passed","Fri Sep 18 10:35:10 UTC 2026","Application Navigation Smoke Tests","specs\Smoke\2-NavigationSmoke.spec.ts","",""
"","15018","Issued Checks page loads correctly","webkit","Fri Sep 18 10:11:34 UTC 2026","passed","Fri Sep 18 10:11:49 UTC 2026","Application Navigation Smoke Tests","specs\Smoke\2-NavigationSmoke.spec.ts","",""
"","7747","Verify Home dashboard is restored after returning from another page","chromium","Fri Sep 18 10:16:37 UTC 2026","passed","Fri Sep 18 10:16:45 UTC 2026","Home Dashboard","specs\Smoke\3-HomeDashboardSmoke.spec.ts","",""
"","5603","Exceptions breadcrumb link is visible on the page","msedge","Fri Sep 18 10:42:23 UTC 2026","passed","Fri Sep 18 10:42:29 UTC 2026","Exceptions — Smoke (Continued)","specs\Smoke\8-ExceptionsSmoke.spec.ts","",""
"","16465","Saved Filters dropdown is visible and defaults to no preset","firefox","Fri Sep 18 10:27:26 UTC 2026","passed","Fri Sep 18 10:27:43 UTC 2026","ACH — Smoke","specs\Smoke\7-ACHSmoke.spec.ts","",""
"","7603","Verify navigation to ACH via nav menu","msedge","Fri Sep 18 10:35:34 UTC 2026","passed","Fri Sep 18 10:35:42 UTC 2026","Home Dashboard","specs\Smoke\3-HomeDashboardSmoke.spec.ts","",""
"","16721","""+ Add ACH"" navigates to the add-ACH form","webkit","Fri Sep 18 10:25:46 UTC 2026","passed","Fri Sep 18 10:26:02 UTC 2026","ACH — Smoke","specs\Smoke\7-ACHSmoke.spec.ts","",""
"","16212","Validate Login functionality with correctCredentials","webkit","Fri Sep 18 10:11:17 UTC 2026","passed","Fri Sep 18 10:11:33 UTC 2026","","specs\Smoke\1-LoginSmoke.spec.ts","",""
"","19289","Typing a page number navigates to that page","webkit","Fri Sep 18 10:27:46 UTC 2026","passed","Fri Sep 18 10:28:06 UTC 2026","Exceptions — Smoke","specs\Smoke\8-ExceptionsSmoke.spec.ts","",""
"","7216","Decision Files sub-page loads correctly","chromium","Fri Sep 18 10:14:05 UTC 2026","passed","Fri Sep 18 10:14:12 UTC 2026","Application Navigation Smoke Tests","specs\Smoke\2-NavigationSmoke.spec.ts","",""
"","5056","Validate Login functionality with incorrectUsername","msedge","Fri Sep 18 10:32:25 UTC 2026","passed","Fri Sep 18 10:32:30 UTC 2026","","specs\Smoke\1-LoginSmoke.spec.ts","",""
"","11844","Clicking a column header sorts ascending, clicking again sorts descending","msedge","Fri Sep 18 10:38:10 UTC 2026","passed","Fri Sep 18 10:38:22 UTC 2026","Presented Checks — Smoke (Continued)","specs\Smoke\5-PresentedChecksSmoke.spec.ts","",""
"","19339","Column filter menu applies a filter and Clear restores the full row set","firefox","Fri Sep 18 10:28:18 UTC 2026","passed","Fri Sep 18 10:28:38 UTC 2026","Exceptions — Smoke (Continued)","specs\Smoke\8-ExceptionsSmoke.spec.ts","",""
"","8367","Validate Login functionality with xssInUsername","webkit","Fri Sep 18 10:12:48 UTC 2026","passed","Fri Sep 18 10:12:56 UTC 2026","","specs\Smoke\1-LoginSmoke.spec.ts","",""
"","21683","Save a filter preset, verify it is auto-selected, then delete it","firefox","Fri Sep 18 10:27:39 UTC 2026","passed","Fri Sep 18 10:28:00 UTC 2026","Exceptions — Smoke (Continued)","specs\Smoke\8-ExceptionsSmoke.spec.ts","",""
"","26216","Column filter popup applies a filter and Clear restores the full row set","firefox","Fri Sep 18 10:22:59 UTC 2026","passed","Fri Sep 18 10:23:25 UTC 2026","Presented Checks — Smoke (Continued)","specs\Smoke\5-PresentedChecksSmoke.spec.ts","",""
"","8240","Check Approval Rules sub-page loads correctly","chromium","Fri Sep 18 10:14:43 UTC 2026","passed","Fri Sep 18 10:14:51 UTC 2026","Application Navigation Smoke Tests","specs\Smoke\2-NavigationSmoke.spec.ts","",""
"","17022","Page size change to 10 updates pagination info in bottom-right pager","webkit","Fri Sep 18 10:21:20 UTC 2026","passed","Fri Sep 18 10:21:37 UTC 2026","Presented Checks — Smoke","specs\Smoke\5-PresentedChecksSmoke.spec.ts","",""
"","10788","Column filter popup applies a filter and Clear restores the full row set","chromium","Fri Sep 18 10:21:10 UTC 2026","passed","Fri Sep 18 10:21:21 UTC 2026","Presented Checks — Smoke (Continued)","specs\Smoke\5-PresentedChecksSmoke.spec.ts","",""
"","16072","""Uploaded Checks"" navigates to the uploads page","firefox","Fri Sep 18 10:19:35 UTC 2026","passed","Fri Sep 18 10:19:51 UTC 2026","Presented Checks — Smoke","specs\Smoke\5-PresentedChecksSmoke.spec.ts","",""
"","14235","Account Settings sub-page loads correctly","firefox","Fri Sep 18 10:13:16 UTC 2026","passed","Fri Sep 18 10:13:30 UTC 2026","Application Navigation Smoke Tests","specs\Smoke\2-NavigationSmoke.spec.ts","",""
"","23838","Previous page button returns to page 1, First page button re-enables disabled state","webkit","Fri Sep 18 10:28:06 UTC 2026","passed","Fri Sep 18 10:28:29 UTC 2026","Exceptions — Smoke","specs\Smoke\8-ExceptionsSmoke.spec.ts","",""
"","9711","Notification Log sub-page loads correctly","msedge","Fri Sep 18 10:34:52 UTC 2026","passed","Fri Sep 18 10:35:02 UTC 2026","Application Navigation Smoke Tests","specs\Smoke\2-NavigationSmoke.spec.ts","",""
"","14315","Last page arrow jumps to the final page","firefox","Fri Sep 18 10:26:18 UTC 2026","passed","Fri Sep 18 10:26:33 UTC 2026","Exceptions — Smoke","specs\Smoke\8-ExceptionsSmoke.spec.ts","",""
"","19249","Previous page button returns to page 1, First page button re-enables disabled state","firefox","Fri Sep 18 10:21:18 UTC 2026","passed","Fri Sep 18 10:21:37 UTC 2026","Issued Checks — Smoke","specs\Smoke\4-IssuedChecksSmoke.spec.ts","",""
"","17405","Page size change to 10 updates pagination info in bottom-right pager","webkit","Fri Sep 18 10:26:54 UTC 2026","passed","Fri Sep 18 10:27:11 UTC 2026","ACH — Smoke","specs\Smoke\7-ACHSmoke.spec.ts","",""
"","17525","Save a filter preset, verify it is auto-selected, then delete it","chromium","Fri Sep 18 10:20:52 UTC 2026","passed","Fri Sep 18 10:21:10 UTC 2026","ACH — Smoke","specs\Smoke\7-ACHSmoke.spec.ts","",""
"","15754","""+ Add ACH"" navigates to the add-ACH form","firefox","Fri Sep 18 10:24:48 UTC 2026","passed","Fri Sep 18 10:25:04 UTC 2026","ACH — Smoke","specs\Smoke\7-ACHSmoke.spec.ts","",""
"","9536","""+ Add ACH"" navigates to the add-ACH form","msedge","Fri Sep 18 10:39:20 UTC 2026","passed","Fri Sep 18 10:39:30 UTC 2026","ACH — Smoke","specs\Smoke\7-ACHSmoke.spec.ts","",""
"","19117","""Uploaded ACH"" navigates to the uploads page","firefox","Fri Sep 18 10:25:04 UTC 2026","passed","Fri Sep 18 10:25:23 UTC 2026","ACH — Smoke","specs\Smoke\7-ACHSmoke.spec.ts","",""
"","15610","Billing Reports sub-page loads correctly","webkit","Fri Sep 18 10:14:06 UTC 2026","passed","Fri Sep 18 10:14:22 UTC 2026","Application Navigation Smoke Tests","specs\Smoke\2-NavigationSmoke.spec.ts","",""
"","7416","Business Clients sub-page loads correctly","chromium","Fri Sep 18 10:13:27 UTC 2026","passed","Fri Sep 18 10:13:35 UTC 2026","Application Navigation Smoke Tests","specs\Smoke\2-NavigationSmoke.spec.ts","",""
"","16369","Page size change to 10 updates pagination info in bottom-right pager","webkit","Fri Sep 18 10:26:53 UTC 2026","passed","Fri Sep 18 10:27:10 UTC 2026","Exceptions — Smoke","specs\Smoke\8-ExceptionsSmoke.spec.ts","",""
"","9231","Default filter auto-applies after logout and re-login","msedge","Fri Sep 18 10:40:56 UTC 2026","skipped","Fri Sep 18 10:41:06 UTC 2026","ACH — Smoke","specs\Smoke\7-ACHSmoke.spec.ts","",""
"","8109","Verify Combined View shows all chart sections","chromium","Fri Sep 18 10:14:09 UTC 2026","passed","Fri Sep 18 10:14:17 UTC 2026","Home Dashboard","specs\Smoke\3-HomeDashboardSmoke.spec.ts","",""
"","7422","Verify dashboard loads after successful login","chromium","Fri Sep 18 10:13:54 UTC 2026","passed","Fri Sep 18 10:14:02 UTC 2026","Home Dashboard","specs\Smoke\3-HomeDashboardSmoke.spec.ts","",""
"","8021","Exceptions page loads correctly","msedge","Fri Sep 18 10:32:46 UTC 2026","passed","Fri Sep 18 10:32:54 UTC 2026","Application Navigation Smoke Tests","specs\Smoke\2-NavigationSmoke.spec.ts","",""
"","8818","Clicking a column header sorts ascending, clicking again sorts descending","chromium","Fri Sep 18 10:17:55 UTC 2026","passed","Fri Sep 18 10:18:04 UTC 2026","Issued Checks — Smoke (Continued)","specs\Smoke\4-IssuedChecksSmoke.spec.ts","",""
"","7371","Validate forgot password functionality","firefox","Fri Sep 18 10:12:51 UTC 2026","passed","Fri Sep 18 10:12:59 UTC 2026","","specs\Smoke\1-LoginSmoke.spec.ts","",""
"","8505","Web Hooks sub-page loads correctly","msedge","Fri Sep 18 10:35:36 UTC 2026","passed","Fri Sep 18 10:35:45 UTC 2026","Application Navigation Smoke Tests","specs\Smoke\2-NavigationSmoke.spec.ts","",""
"","9045","""Uploaded Checks"" navigates to the uploads page","msedge","Fri Sep 18 10:36:13 UTC 2026","passed","Fri Sep 18 10:36:22 UTC 2026","Presented Checks — Smoke","specs\Smoke\5-PresentedChecksSmoke.spec.ts","",""
"","21747","Roles/Permissions sub-page loads correctly","firefox","Fri Sep 18 10:14:30 UTC 2026","passed","Fri Sep 18 10:14:51 UTC 2026","Application Navigation Smoke Tests","specs\Smoke\2-NavigationSmoke.spec.ts","",""
"","6484","Navigation tabs to Pre-Decisions, Approvals, and Exception History are visible","chromium","Fri Sep 18 10:23:57 UTC 2026","passed","Fri Sep 18 10:24:04 UTC 2026","Exceptions — Smoke (Continued)","specs\Smoke\8-ExceptionsSmoke.spec.ts","",""
"","10805","""Delete"" on a row shows a confirm modal; Cancel dismisses it without deleting","msedge","Fri Sep 18 10:38:42 UTC 2026","passed","Fri Sep 18 10:38:53 UTC 2026","Issued Checks — Smoke (Continued)","specs\Smoke\4-IssuedChecksSmoke.spec.ts","",""
"","8664","Presented Checks breadcrumb link is visible on the page","msedge","Fri Sep 18 10:39:12 UTC 2026","passed","Fri Sep 18 10:39:20 UTC 2026","Presented Checks — Smoke (Continued)","specs\Smoke\5-PresentedChecksSmoke.spec.ts","",""
"","5058","Validate Login functionality with sqlInjection","chromium","Fri Sep 18 10:13:12 UTC 2026","passed","Fri Sep 18 10:13:17 UTC 2026","","specs\Smoke\1-LoginSmoke.spec.ts","",""
"","6945","Verify all three dashboard view tabs are visible","chromium","Fri Sep 18 10:14:02 UTC 2026","passed","Fri Sep 18 10:14:09 UTC 2026","Home Dashboard","specs\Smoke\3-HomeDashboardSmoke.spec.ts","",""
"","11488","Saved Filters dropdown is visible and defaults to no preset","msedge","Fri Sep 18 10:37:23 UTC 2026","passed","Fri Sep 18 10:37:35 UTC 2026","Issued Checks — Smoke","specs\Smoke\4-IssuedChecksSmoke.spec.ts","",""
"","10502","""Edit"" link on a row navigates to the check edit form","msedge","Fri Sep 18 10:38:21 UTC 2026","passed","Fri Sep 18 10:38:32 UTC 2026","Issued Checks — Smoke (Continued)","specs\Smoke\4-IssuedChecksSmoke.spec.ts","",""
"","14504","File Formats sub-page loads correctly","webkit","Fri Sep 18 10:14:52 UTC 2026","passed","Fri Sep 18 10:15:06 UTC 2026","Application Navigation Smoke Tests","specs\Smoke\2-NavigationSmoke.spec.ts","",""
"","8779","Saved Filters dropdown is visible and defaults to no preset","msedge","Fri Sep 18 10:37:34 UTC 2026","passed","Fri Sep 18 10:37:43 UTC 2026","Presented Checks — Smoke","specs\Smoke\5-PresentedChecksSmoke.spec.ts","",""
"","17267","Typing a page number navigates to that page","firefox","Fri Sep 18 10:26:33 UTC 2026","passed","Fri Sep 18 10:26:50 UTC 2026","Exceptions — Smoke","specs\Smoke\8-ExceptionsSmoke.spec.ts","",""
"","11916","Clicking a column header sorts ascending, clicking again sorts descending","chromium","Fri Sep 18 10:20:58 UTC 2026","passed","Fri Sep 18 10:21:10 UTC 2026","Presented Checks — Smoke (Continued)","specs\Smoke\5-PresentedChecksSmoke.spec.ts","",""
"","8867","Excel export button is visible and enabled","msedge","Fri Sep 18 10:36:34 UTC 2026","passed","Fri Sep 18 10:36:43 UTC 2026","Presented Checks — Smoke","specs\Smoke\5-PresentedChecksSmoke.spec.ts","",""
"","5408","Verify navigation to Presented Checks via nav menu","chromium","Fri Sep 18 10:16:52 UTC 2026","passed","Fri Sep 18 10:16:57 UTC 2026","Home Dashboard","specs\Smoke\3-HomeDashboardSmoke.spec.ts","",""
"","5305","Last page arrow jumps to the final page","chromium","Fri Sep 18 10:22:40 UTC 2026","passed","Fri Sep 18 10:22:45 UTC 2026","Exceptions — Smoke","specs\Smoke\8-ExceptionsSmoke.spec.ts","",""
"","10868","""View"" (Change Log) link on a row navigates to the entity log","msedge","Fri Sep 18 10:38:43 UTC 2026","passed","Fri Sep 18 10:38:54 UTC 2026","Presented Checks — Smoke (Continued)","specs\Smoke\5-PresentedChecksSmoke.spec.ts","",""
"","10931","Verify dashboard footer footnote and privacy link are visible","firefox","Fri Sep 18 10:17:11 UTC 2026","passed","Fri Sep 18 10:17:22 UTC 2026","Home Dashboard","specs\Smoke\3-HomeDashboardSmoke.spec.ts","",""
"","16929","""+ Add Check"" navigates to the add-check form","webkit","Fri Sep 18 10:19:36 UTC 2026","passed","Fri Sep 18 10:19:53 UTC 2026","Issued Checks — Smoke","specs\Smoke\4-IssuedChecksSmoke.spec.ts","",""
"","7924","Saved Filters dropdown is visible and defaults to no preset","msedge","Fri Sep 18 10:40:48 UTC 2026","passed","Fri Sep 18 10:40:56 UTC 2026","ACH — Smoke","specs\Smoke\7-ACHSmoke.spec.ts","",""
"","10170","Verify navigation to Exceptions via nav menu","firefox","Fri Sep 18 10:18:30 UTC 2026","passed","Fri Sep 18 10:18:40 UTC 2026","Home Dashboard","specs\Smoke\3-HomeDashboardSmoke.spec.ts","",""
"","15939","Pay/Return decision badge navigates to exception history","chromium","Fri Sep 18 10:21:50 UTC 2026","passed","Fri Sep 18 10:22:06 UTC 2026","ACH — Smoke","specs\Smoke\7-ACHSmoke.spec.ts","",""
"","10553","Validate Login functionality with emptyFields","webkit","Fri Sep 18 10:12:09 UTC 2026","passed","Fri Sep 18 10:12:19 UTC 2026","","specs\Smoke\1-LoginSmoke.spec.ts","",""
"","11790","Billing Reports sub-page loads correctly","firefox","Fri Sep 18 10:15:02 UTC 2026","passed","Fri Sep 18 10:15:14 UTC 2026","Application Navigation Smoke Tests","specs\Smoke\2-NavigationSmoke.spec.ts","",""
"","17794","""View"" (Change Log) link on a row navigates to the entity log","webkit","Fri Sep 18 10:24:51 UTC 2026","passed","Fri Sep 18 10:25:08 UTC 2026","Presented Checks — Smoke (Continued)","specs\Smoke\5-PresentedChecksSmoke.spec.ts","",""
"","7672","ACH breadcrumb link is visible on the page","msedge","Fri Sep 18 10:42:12 UTC 2026","passed","Fri Sep 18 10:42:20 UTC 2026","ACH — Smoke","specs\Smoke\7-ACHSmoke.spec.ts","",""
"","17794","""Edit"" link on a row navigates to the check edit form","webkit","Fri Sep 18 10:24:03 UTC 2026","passed","Fri Sep 18 10:24:21 UTC 2026","Issued Checks — Smoke (Continued)","specs\Smoke\4-IssuedChecksSmoke.spec.ts","",""
"","19733","Search box filters grid and clears correctly","webkit","Fri Sep 18 10:20:13 UTC 2026","passed","Fri Sep 18 10:20:32 UTC 2026","Issued Checks — Smoke","specs\Smoke\4-IssuedChecksSmoke.spec.ts","",""
"","14539","Saved Filters dropdown is visible and defaults to no preset","firefox","Fri Sep 18 10:21:55 UTC 2026","passed","Fri Sep 18 10:22:10 UTC 2026","Presented Checks — Smoke","specs\Smoke\5-PresentedChecksSmoke.spec.ts","",""
"","18729","Clicking a column header sorts ascending, clicking again sorts descending","webkit","Fri Sep 18 10:29:33 UTC 2026","passed","Fri Sep 18 10:29:52 UTC 2026","ACH — Smoke","specs\Smoke\7-ACHSmoke.spec.ts","",""
"","18278","Search box filters grid and clears correctly","firefox","Fri Sep 18 10:25:23 UTC 2026","passed","Fri Sep 18 10:25:42 UTC 2026","ACH — Smoke","specs\Smoke\7-ACHSmoke.spec.ts","",""
"","5873","Clicking a column header sorts ascending, clicking again sorts descending","chromium","Fri Sep 18 10:23:26 UTC 2026","passed","Fri Sep 18 10:23:32 UTC 2026","Exceptions — Smoke (Continued)","specs\Smoke\8-ExceptionsSmoke.spec.ts","",""
"","14825","""Delete"" on a row shows a confirm modal; Cancel dismisses it without deleting","chromium","Fri Sep 18 10:18:33 UTC 2026","passed","Fri Sep 18 10:18:48 UTC 2026","Issued Checks — Smoke (Continued)","specs\Smoke\4-IssuedChecksSmoke.spec.ts","",""
"","16373","API link is visible and points to swagger","firefox","Fri Sep 18 10:17:59 UTC 2026","passed","Fri Sep 18 10:18:16 UTC 2026","Application Navigation Smoke Tests","specs\Smoke\2-NavigationSmoke.spec.ts","",""
"","15475","""View"" (Change Log) link on a row navigates to the entity log","firefox","Fri Sep 18 10:28:57 UTC 2026","passed","Fri Sep 18 10:29:13 UTC 2026","ACH — Smoke","specs\Smoke\7-ACHSmoke.spec.ts","",""
"","9229","Presented Checks breadcrumb link is visible on the page","chromium","Fri Sep 18 10:21:57 UTC 2026","passed","Fri Sep 18 10:22:07 UTC 2026","Presented Checks — Smoke (Continued)","specs\Smoke\5-PresentedChecksSmoke.spec.ts","",""
"","6836","Validate Login functionality with caseSensitiveEmail","chromium","Fri Sep 18 10:12:36 UTC 2026","passed","Fri Sep 18 10:12:43 UTC 2026","","specs\Smoke\1-LoginSmoke.spec.ts","",""
"","5996","Verify all three dashboard view tabs are visible","firefox","Fri Sep 18 10:13:46 UTC 2026","passed","Fri Sep 18 10:13:52 UTC 2026","Home Dashboard","specs\Smoke\3-HomeDashboardSmoke.spec.ts","",""
"","22122","Validate Login functionality with correctCredentials","firefox","Fri Sep 18 10:11:20 UTC 2026","passed","Fri Sep 18 10:11:42 UTC 2026","","specs\Smoke\1-LoginSmoke.spec.ts","",""
"","13546","Exceptions page loads correctly","webkit","Fri Sep 18 10:12:31 UTC 2026","passed","Fri Sep 18 10:12:45 UTC 2026","Application Navigation Smoke Tests","specs\Smoke\2-NavigationSmoke.spec.ts","",""
"","7991","Verify Check Only tab shows Check-specific chart sections","chromium","Fri Sep 18 10:14:17 UTC 2026","passed","Fri Sep 18 10:14:25 UTC 2026","Home Dashboard","specs\Smoke\3-HomeDashboardSmoke.spec.ts","",""
"","11199","""Uploaded Checks"" navigates to the uploads page","chromium","Fri Sep 18 10:17:43 UTC 2026","passed","Fri Sep 18 10:17:55 UTC 2026","Presented Checks — Smoke","specs\Smoke\5-PresentedChecksSmoke.spec.ts","",""
"","4737","Validate Login functionality with missingPassword","chromium","Fri Sep 18 10:13:02 UTC 2026","passed","Fri Sep 18 10:13:07 UTC 2026","","specs\Smoke\1-LoginSmoke.spec.ts","",""
"","8438","Default filter auto-applies after logout and re-login","msedge","Fri Sep 18 10:37:35 UTC 2026","skipped","Fri Sep 18 10:37:43 UTC 2026","Issued Checks — Default Filter (Serial)","specs\Smoke\4-IssuedChecksSmoke.spec.ts","",""
"","16763","Last page arrow jumps to the final page","webkit","Fri Sep 18 10:27:29 UTC 2026","passed","Fri Sep 18 10:27:46 UTC 2026","ACH — Smoke","specs\Smoke\7-ACHSmoke.spec.ts","",""
"","17808","Exception History grid loads with data rows and key column headers","firefox","Fri Sep 18 10:24:49 UTC 2026","passed","Fri Sep 18 10:25:06 UTC 2026","Exceptions — Smoke","specs\Smoke\8-ExceptionsSmoke.spec.ts","",""
"","4876","Validate Login functionality with emptyFields","msedge","Fri Sep 18 10:32:34 UTC 2026","passed","Fri Sep 18 10:32:39 UTC 2026","","specs\Smoke\1-LoginSmoke.spec.ts","",""
"","9774","Holiday Schedules sub-page loads correctly","firefox","Fri Sep 18 10:15:26 UTC 2026","passed","Fri Sep 18 10:15:35 UTC 2026","Application Navigation Smoke Tests","specs\Smoke\2-NavigationSmoke.spec.ts","",""
"","8503","API link is visible and points to swagger","msedge","Fri Sep 18 10:35:28 UTC 2026","passed","Fri Sep 18 10:35:36 UTC 2026","Application Navigation Smoke Tests","specs\Smoke\2-NavigationSmoke.spec.ts","",""
"","14498","Verify navigation to Exceptions via nav menu","webkit","Fri Sep 18 10:19:19 UTC 2026","passed","Fri Sep 18 10:19:34 UTC 2026","Home Dashboard","specs\Smoke\3-HomeDashboardSmoke.spec.ts","",""
"","7059","Pre-Decisions page loads with either records or the empty-state message","webkit","Fri Sep 18 10:32:12 UTC 2026","passed","Fri Sep 18 10:32:19 UTC 2026","Exceptions — Smoke (Continued)","specs\Smoke\8-ExceptionsSmoke.spec.ts","",""
"","10646","Branding sub-page loads correctly","firefox","Fri Sep 18 10:14:51 UTC 2026","passed","Fri Sep 18 10:15:02 UTC 2026","Application Navigation Smoke Tests","specs\Smoke\2-NavigationSmoke.spec.ts","",""
"","19897","""+ Add Check"" navigates to the add-check form","webkit","Fri Sep 18 10:20:09 UTC 2026","passed","Fri Sep 18 10:20:29 UTC 2026","Presented Checks — Smoke","specs\Smoke\5-PresentedChecksSmoke.spec.ts","",""
"","13702","Teller page loads correctly","webkit","Fri Sep 18 10:12:03 UTC 2026","passed","Fri Sep 18 10:12:17 UTC 2026","Application Navigation Smoke Tests","specs\Smoke\2-NavigationSmoke.spec.ts","",""
"","10255","Clicking a column header sorts ascending, clicking again sorts descending","msedge","Fri Sep 18 10:37:58 UTC 2026","passed","Fri Sep 18 10:38:09 UTC 2026","Issued Checks — Smoke (Continued)","specs\Smoke\4-IssuedChecksSmoke.spec.ts","",""
"","21318","Default filter auto-applies after logout and re-login","chromium","Fri Sep 18 10:17:21 UTC 2026","passed","Fri Sep 18 10:17:43 UTC 2026","Issued Checks — Default Filter (Serial)","specs\Smoke\4-IssuedChecksSmoke.spec.ts","",""
"","22909","Previous page button returns to page 1, First page button re-enables disabled state","webkit","Fri Sep 18 10:22:27 UTC 2026","passed","Fri Sep 18 10:22:49 UTC 2026","Presented Checks — Smoke","specs\Smoke\5-PresentedChecksSmoke.spec.ts","",""
"","17312","Notification Log sub-page loads correctly","firefox","Fri Sep 18 10:17:03 UTC 2026","passed","Fri Sep 18 10:17:20 UTC 2026","Application Navigation Smoke Tests","specs\Smoke\2-NavigationSmoke.spec.ts","",""
"","26014","Home page is accessible and shows dashboard","firefox","Fri Sep 18 10:11:20 UTC 2026","passed","Fri Sep 18 10:11:46 UTC 2026","Application Navigation Smoke Tests","specs\Smoke\2-NavigationSmoke.spec.ts","",""
"","8097","Validate Login functionality with invalidEmailFormat","webkit","Fri Sep 18 10:12:01 UTC 2026","passed","Fri Sep 18 10:12:09 UTC 2026","","specs\Smoke\1-LoginSmoke.spec.ts","",""
"","11867","Search box filters grid and clears correctly","msedge","Fri Sep 18 10:36:13 UTC 2026","passed","Fri Sep 18 10:36:25 UTC 2026","Issued Checks — Smoke","specs\Smoke\4-IssuedChecksSmoke.spec.ts","",""
"","15453","""View"" (Change Log) link on a row navigates to the entity log","firefox","Fri Sep 18 10:23:43 UTC 2026","passed","Fri Sep 18 10:23:58 UTC 2026","Presented Checks — Smoke (Continued)","specs\Smoke\5-PresentedChecksSmoke.spec.ts","",""
"","17288","Notification Templates sub-page loads correctly","webkit","Fri Sep 18 10:15:06 UTC 2026","passed","Fri Sep 18 10:15:24 UTC 2026","Application Navigation Smoke Tests","specs\Smoke\2-NavigationSmoke.spec.ts","",""
"","6369","Validate Login functionality with invalidEmailFormat","firefox","Fri Sep 18 10:12:06 UTC 2026","passed","Fri Sep 18 10:12:12 UTC 2026","","specs\Smoke\1-LoginSmoke.spec.ts","",""
"","21458","Next page arrow advances to page 2","firefox","Fri Sep 18 10:25:57 UTC 2026","passed","Fri Sep 18 10:26:18 UTC 2026","Exceptions — Smoke","specs\Smoke\8-ExceptionsSmoke.spec.ts","",""
"","30269","Check Approval Rules sub-page loads correctly","webkit","Fri Sep 18 10:16:43 UTC 2026","passed","Fri Sep 18 10:17:13 UTC 2026","Application Navigation Smoke Tests","specs\Smoke\2-NavigationSmoke.spec.ts","",""
"","10655","""+ Add Check"" navigates to the add-check form","msedge","Fri Sep 18 10:35:54 UTC 2026","passed","Fri Sep 18 10:36:04 UTC 2026","Issued Checks — Smoke","specs\Smoke\4-IssuedChecksSmoke.spec.ts","",""
"","9075","Verify Home dashboard is restored after returning from another page","msedge","Fri Sep 18 10:35:10 UTC 2026","passed","Fri Sep 18 10:35:19 UTC 2026","Home Dashboard","specs\Smoke\3-HomeDashboardSmoke.spec.ts","",""
"","6454","Holiday Schedules sub-page loads correctly","chromium","Fri Sep 18 10:14:12 UTC 2026","passed","Fri Sep 18 10:14:19 UTC 2026","Application Navigation Smoke Tests","specs\Smoke\2-NavigationSmoke.spec.ts","",""
"","10342","Search box filters grid and clears correctly","msedge","Fri Sep 18 10:39:30 UTC 2026","passed","Fri Sep 18 10:39:41 UTC 2026","Exceptions — Smoke","specs\Smoke\8-ExceptionsSmoke.spec.ts","",""
"","12371","Verify navigation to Presented Checks via nav menu","firefox","Fri Sep 18 10:18:06 UTC 2026","passed","Fri Sep 18 10:18:18 UTC 2026","Home Dashboard","specs\Smoke\3-HomeDashboardSmoke.spec.ts","",""
"","10088","Last page arrow jumps to the final page","msedge","Fri Sep 18 10:37:02 UTC 2026","passed","Fri Sep 18 10:37:12 UTC 2026","Presented Checks — Smoke","specs\Smoke\5-PresentedChecksSmoke.spec.ts","",""
"","8833","File Processing sub-page loads correctly","chromium","Fri Sep 18 10:15:29 UTC 2026","passed","Fri Sep 18 10:15:38 UTC 2026","Application Navigation Smoke Tests","specs\Smoke\2-NavigationSmoke.spec.ts","",""
"","8337","Saved Filters dropdown is visible and defaults to no preset","chromium","Fri Sep 18 10:20:19 UTC 2026","passed","Fri Sep 18 10:20:27 UTC 2026","ACH — Smoke","specs\Smoke\7-ACHSmoke.spec.ts","",""
"","9882","Holiday Schedules sub-page loads correctly","msedge","Fri Sep 18 10:33:53 UTC 2026","passed","Fri Sep 18 10:34:03 UTC 2026","Application Navigation Smoke Tests","specs\Smoke\2-NavigationSmoke.spec.ts","",""
"","8748","Page size change to 10 updates pagination info in bottom-right pager","chromium","Fri Sep 18 10:18:14 UTC 2026","passed","Fri Sep 18 10:18:23 UTC 2026","Presented Checks — Smoke","specs\Smoke\5-PresentedChecksSmoke.spec.ts","",""
"","16637","Saved Filters dropdown is visible and defaults to no preset","webkit","Fri Sep 18 10:22:19 UTC 2026","passed","Fri Sep 18 10:22:36 UTC 2026","Issued Checks — Smoke","specs\Smoke\4-IssuedChecksSmoke.spec.ts","",""
"","4204","Validate Login functionality with veryLongInput","msedge","Fri Sep 18 10:32:59 UTC 2026","passed","Fri Sep 18 10:33:03 UTC 2026","","specs\Smoke\1-LoginSmoke.spec.ts","",""
"","7527","Notification Templates sub-page loads correctly","chromium","Fri Sep 18 10:14:26 UTC 2026","passed","Fri Sep 18 10:14:34 UTC 2026","Application Navigation Smoke Tests","specs\Smoke\2-NavigationSmoke.spec.ts","",""
"","14669","Verify navigation to ACH via nav menu","webkit","Fri Sep 18 10:19:05 UTC 2026","passed","Fri Sep 18 10:19:19 UTC 2026","Home Dashboard","specs\Smoke\3-HomeDashboardSmoke.spec.ts","",""
"","11595","Verify navigation to ACH via nav menu","firefox","Fri Sep 18 10:18:18 UTC 2026","passed","Fri Sep 18 10:18:30 UTC 2026","Home Dashboard","specs\Smoke\3-HomeDashboardSmoke.spec.ts","",""
"","10359","Next page arrow advances to page 2","msedge","Fri Sep 18 10:39:59 UTC 2026","passed","Fri Sep 18 10:40:09 UTC 2026","Exceptions — Smoke","specs\Smoke\8-ExceptionsSmoke.spec.ts","",""
"","14062","Verify delayed data note and force refresh link are visible on dashboard","webkit","Fri Sep 18 10:17:35 UTC 2026","passed","Fri Sep 18 10:17:49 UTC 2026","Home Dashboard","specs\Smoke\3-HomeDashboardSmoke.spec.ts","",""
"","8566","""View"" (Change Log) link on a row navigates to the entity log","chromium","Fri Sep 18 10:21:31 UTC 2026","passed","Fri Sep 18 10:21:40 UTC 2026","ACH — Smoke","specs\Smoke\7-ACHSmoke.spec.ts","",""
"","16531","Last page arrow jumps to the final page","firefox","Fri Sep 18 10:26:31 UTC 2026","passed","Fri Sep 18 10:26:47 UTC 2026","ACH — Smoke","specs\Smoke\7-ACHSmoke.spec.ts","",""
"","6605","Approvals page loads with either records or the empty-state message","webkit","Fri Sep 18 10:32:05 UTC 2026","passed","Fri Sep 18 10:32:12 UTC 2026","Exceptions — Smoke (Continued)","specs\Smoke\8-ExceptionsSmoke.spec.ts","",""
"","96553","Verify dashboard tab checked state updates correctly","firefox","Fri Sep 18 10:14:26 UTC 2026","passed","Fri Sep 18 10:16:02 UTC 2026","Home Dashboard","specs\Smoke\3-HomeDashboardSmoke.spec.ts","",""
"","8281","Automatic ACH Decision Rules sub-page loads correctly","chromium","Fri Sep 18 10:14:51 UTC 2026","passed","Fri Sep 18 10:15:00 UTC 2026","Application Navigation Smoke Tests","specs\Smoke\2-NavigationSmoke.spec.ts","",""
"","10980","""+ Add ACH"" navigates to the add-ACH form","chromium","Fri Sep 18 10:19:13 UTC 2026","passed","Fri Sep 18 10:19:24 UTC 2026","ACH — Smoke","specs\Smoke\7-ACHSmoke.spec.ts","",""
"","4944","Validate Login functionality with veryLongInput","chromium","Fri Sep 18 10:13:21 UTC 2026","passed","Fri Sep 18 10:13:26 UTC 2026","","specs\Smoke\1-LoginSmoke.spec.ts","",""
"","24680","Column filter popup applies a filter and Clear restores the full row set","webkit","Fri Sep 18 10:23:38 UTC 2026","passed","Fri Sep 18 10:24:03 UTC 2026","Issued Checks — Smoke (Continued)","specs\Smoke\4-IssuedChecksSmoke.spec.ts","",""
"","14275","Issued Checks page loads correctly","firefox","Fri Sep 18 10:11:48 UTC 2026","passed","Fri Sep 18 10:12:02 UTC 2026","Application Navigation Smoke Tests","specs\Smoke\2-NavigationSmoke.spec.ts","",""
"","22964","Previous page button returns to page 1, First page button re-enables disabled state","webkit","Fri Sep 18 10:21:56 UTC 2026","passed","Fri Sep 18 10:22:19 UTC 2026","Issued Checks — Smoke","specs\Smoke\4-IssuedChecksSmoke.spec.ts","",""
"","4276","Validate Login functionality with emptyFields","chromium","Fri Sep 18 10:12:57 UTC 2026","passed","Fri Sep 18 10:13:02 UTC 2026","","specs\Smoke\1-LoginSmoke.spec.ts","",""
"","4539","Validate Login functionality with missingUsername","firefox","Fri Sep 18 10:12:22 UTC 2026","passed","Fri Sep 18 10:12:27 UTC 2026","","specs\Smoke\1-LoginSmoke.spec.ts","",""
"","24054","Decision badge on an already-reviewed row is blocked with a system message","firefox","Fri Sep 18 10:28:58 UTC 2026","passed","Fri Sep 18 10:29:22 UTC 2026","Exceptions — Smoke (Continued)","specs\Smoke\8-ExceptionsSmoke.spec.ts","",""
"","6860","Column filter menu applies a filter and Clear restores the full row set","chromium","Fri Sep 18 10:23:32 UTC 2026","passed","Fri Sep 18 10:23:39 UTC 2026","Exceptions — Smoke (Continued)","specs\Smoke\8-ExceptionsSmoke.spec.ts","",""
"","19323","""Delete"" on a row shows a confirm modal; Cancel dismisses it without deleting","firefox","Fri Sep 18 10:23:58 UTC 2026","passed","Fri Sep 18 10:24:18 UTC 2026","Presented Checks — Smoke (Continued)","specs\Smoke\5-PresentedChecksSmoke.spec.ts","",""
"","17833","Next page arrow advances to page 2","webkit","Fri Sep 18 10:21:37 UTC 2026","passed","Fri Sep 18 10:21:55 UTC 2026","Presented Checks — Smoke","specs\Smoke\5-PresentedChecksSmoke.spec.ts","",""
"","9485","""Delete"" on a row shows a confirm modal; Cancel dismisses it without deleting","msedge","Fri Sep 18 10:38:54 UTC 2026","passed","Fri Sep 18 10:39:03 UTC 2026","Presented Checks — Smoke (Continued)","specs\Smoke\5-PresentedChecksSmoke.spec.ts","",""
"","12291","Verify all three dashboard view tabs are visible","webkit","Fri Sep 18 10:14:09 UTC 2026","passed","Fri Sep 18 10:14:21 UTC 2026","Home Dashboard","specs\Smoke\3-HomeDashboardSmoke.spec.ts","",""
"","12948","Verify Combined View shows all chart sections","webkit","Fri Sep 18 10:14:21 UTC 2026","passed","Fri Sep 18 10:14:34 UTC 2026","Home Dashboard","specs\Smoke\3-HomeDashboardSmoke.spec.ts","",""
"","16201","""Delete"" on a row shows a confirm modal; Cancel dismisses it without deleting","firefox","Fri Sep 18 10:29:13 UTC 2026","passed","Fri Sep 18 10:29:29 UTC 2026","ACH — Smoke","specs\Smoke\7-ACHSmoke.spec.ts","",""
"","13304","Default filter auto-applies after logout and re-login","webkit","Fri Sep 18 10:28:47 UTC 2026","skipped","Fri Sep 18 10:29:00 UTC 2026","Exceptions — Default Filter (Serial)","specs\Smoke\8-ExceptionsSmoke.spec.ts","",""
"","17886","Typing a page number navigates to that page","firefox","Fri Sep 18 10:21:17 UTC 2026","passed","Fri Sep 18 10:21:35 UTC 2026","Presented Checks — Smoke","specs\Smoke\5-PresentedChecksSmoke.spec.ts","",""
"","14353","Verify tab-specific charts are hidden for opposite tab","firefox","Fri Sep 18 10:16:26 UTC 2026","passed","Fri Sep 18 10:16:41 UTC 2026","Home Dashboard","specs\Smoke\3-HomeDashboardSmoke.spec.ts","",""
"","28161","""View"" link on a row opens the Exception Details dialog","webkit","Fri Sep 18 10:30:18 UTC 2026","passed","Fri Sep 18 10:30:47 UTC 2026","Exceptions — Smoke (Continued)","specs\Smoke\8-ExceptionsSmoke.spec.ts","",""
"","5004","Validate forgot password with unregistered email","chromium","Fri Sep 18 10:13:35 UTC 2026","passed","Fri Sep 18 10:13:40 UTC 2026","","specs\Smoke\1-LoginSmoke.spec.ts","",""
"","10483","""Delete"" on a row shows a confirm modal; Cancel dismisses it without deleting","chromium","Fri Sep 18 10:21:40 UTC 2026","passed","Fri Sep 18 10:21:50 UTC 2026","ACH — Smoke","specs\Smoke\7-ACHSmoke.spec.ts","",""
"","16112","Excel export button is visible and enabled","webkit","Fri Sep 18 10:21:04 UTC 2026","passed","Fri Sep 18 10:21:20 UTC 2026","Presented Checks — Smoke","specs\Smoke\5-PresentedChecksSmoke.spec.ts","",""
"","9742","Typing a page number navigates to that page","msedge","Fri Sep 18 10:37:02 UTC 2026","passed","Fri Sep 18 10:37:12 UTC 2026","Issued Checks — Smoke","specs\Smoke\4-IssuedChecksSmoke.spec.ts","",""
"","13995","Decision Files sub-page loads correctly","webkit","Fri Sep 18 10:14:22 UTC 2026","passed","Fri Sep 18 10:14:36 UTC 2026","Application Navigation Smoke Tests","specs\Smoke\2-NavigationSmoke.spec.ts","",""
"","12050","Validate Login functionality with correctCredentials","chromium","Fri Sep 18 10:12:22 UTC 2026","passed","Fri Sep 18 10:12:34 UTC 2026","","specs\Smoke\1-LoginSmoke.spec.ts","",""
"","15145","Default filter auto-applies after logout and re-login","chromium","Fri Sep 18 10:23:02 UTC 2026","passed","Fri Sep 18 10:23:17 UTC 2026","Exceptions — Default Filter (Serial)","specs\Smoke\8-ExceptionsSmoke.spec.ts","",""
"","9121","Validate Login functionality with caseSensitiveEmail","firefox","Fri Sep 18 10:11:45 UTC 2026","passed","Fri Sep 18 10:11:54 UTC 2026","","specs\Smoke\1-LoginSmoke.spec.ts","",""
"","15312","""Edit"" link on a row navigates to the check edit form","firefox","Fri Sep 18 10:23:15 UTC 2026","passed","Fri Sep 18 10:23:30 UTC 2026","Issued Checks — Smoke (Continued)","specs\Smoke\4-IssuedChecksSmoke.spec.ts","",""
"","6117","Verify Total Exceptions and Total Exception Amount labels are visible","msedge","Fri Sep 18 10:34:36 UTC 2026","passed","Fri Sep 18 10:34:42 UTC 2026","Home Dashboard","specs\Smoke\3-HomeDashboardSmoke.spec.ts","",""
"","10450","Notification Templates sub-page loads correctly","firefox","Fri Sep 18 10:15:46 UTC 2026","passed","Fri Sep 18 10:15:57 UTC 2026","Application Navigation Smoke Tests","specs\Smoke\2-NavigationSmoke.spec.ts","",""
"","14733","Verify navigation to Issued Checks via nav menu","firefox","Fri Sep 18 10:17:51 UTC 2026","passed","Fri Sep 18 10:18:06 UTC 2026","Home Dashboard","specs\Smoke\3-HomeDashboardSmoke.spec.ts","",""
"","8942","Clicking a column header sorts ascending, clicking again sorts descending","msedge","Fri Sep 18 10:41:20 UTC 2026","passed","Fri Sep 18 10:41:29 UTC 2026","ACH — Smoke","specs\Smoke\7-ACHSmoke.spec.ts","",""
"","14066","Roles/Permissions sub-page loads correctly","webkit","Fri Sep 18 10:13:37 UTC 2026","passed","Fri Sep 18 10:13:52 UTC 2026","Application Navigation Smoke Tests","specs\Smoke\2-NavigationSmoke.spec.ts","",""
"","6926","Verify summary KPI values have expected number formats","msedge","Fri Sep 18 10:34:42 UTC 2026","passed","Fri Sep 18 10:34:49 UTC 2026","Home Dashboard","specs\Smoke\3-HomeDashboardSmoke.spec.ts","",""
"","11205","Column filter popup applies a filter and Clear restores the full row set","chromium","Fri Sep 18 10:21:20 UTC 2026","passed","Fri Sep 18 10:21:31 UTC 2026","ACH — Smoke","specs\Smoke\7-ACHSmoke.spec.ts","",""
"","7408","Pay/Return decision badge navigates to exception history","chromium","Fri Sep 18 10:21:50 UTC 2026","passed","Fri Sep 18 10:21:57 UTC 2026","Presented Checks — Smoke (Continued)","specs\Smoke\5-PresentedChecksSmoke.spec.ts","",""
"","7292","Verify dashboard loads after successful login","msedge","Fri Sep 18 10:33:35 UTC 2026","passed","Fri Sep 18 10:33:43 UTC 2026","Home Dashboard","specs\Smoke\3-HomeDashboardSmoke.spec.ts","",""
"","16615","Last page arrow jumps to the final page","webkit","Fri Sep 18 10:21:55 UTC 2026","passed","Fri Sep 18 10:22:12 UTC 2026","Presented Checks — Smoke","specs\Smoke\5-PresentedChecksSmoke.spec.ts","",""
"","8540","Page size change to 10 updates pagination info in bottom-right pager","chromium","Fri Sep 18 10:16:28 UTC 2026","passed","Fri Sep 18 10:16:37 UTC 2026","Issued Checks — Smoke","specs\Smoke\4-IssuedChecksSmoke.spec.ts","",""
"","16905","Validate teller presented-check form shows all required fields","webkit","Fri Sep 18 10:25:11 UTC 2026","passed","Fri Sep 18 10:25:28 UTC 2026","Teller - Smoke","specs\Smoke\6-TellerSmoke.spec.ts","",""
"","14305","ACH page loads correctly","webkit","Fri Sep 18 10:12:17 UTC 2026","passed","Fri Sep 18 10:12:31 UTC 2026","Application Navigation Smoke Tests","specs\Smoke\2-NavigationSmoke.spec.ts","",""
"","9145","Page size change to 10 updates pagination info in bottom-right pager","msedge","Fri Sep 18 10:39:50 UTC 2026","passed","Fri Sep 18 10:39:59 UTC 2026","Exceptions — Smoke","specs\Smoke\8-ExceptionsSmoke.spec.ts","",""
"","9497","Verify dashboard loads after successful login","firefox","Fri Sep 18 10:13:36 UTC 2026","passed","Fri Sep 18 10:13:46 UTC 2026","Home Dashboard","specs\Smoke\3-HomeDashboardSmoke.spec.ts","",""
"","5431","Last page arrow jumps to the final page","chromium","Fri Sep 18 10:19:59 UTC 2026","passed","Fri Sep 18 10:20:04 UTC 2026","ACH — Smoke","specs\Smoke\7-ACHSmoke.spec.ts","",""
"","8304","Last page arrow jumps to the final page","msedge","Fri Sep 18 10:40:09 UTC 2026","passed","Fri Sep 18 10:40:18 UTC 2026","Exceptions — Smoke","specs\Smoke\8-ExceptionsSmoke.spec.ts","",""
"","13587","Presented Checks page loads correctly","firefox","Fri Sep 18 10:12:02 UTC 2026","passed","Fri Sep 18 10:12:16 UTC 2026","Application Navigation Smoke Tests","specs\Smoke\2-NavigationSmoke.spec.ts","",""
"","4643","Validate Login functionality with incorrectPassword","chromium","Fri Sep 18 10:12:43 UTC 2026","passed","Fri Sep 18 10:12:48 UTC 2026","","specs\Smoke\1-LoginSmoke.spec.ts","",""
"","8089","Issued Checks page loads correctly","chromium","Fri Sep 18 10:12:36 UTC 2026","passed","Fri Sep 18 10:12:44 UTC 2026","Application Navigation Smoke Tests","specs\Smoke\2-NavigationSmoke.spec.ts","",""
"","17824","Page size change to 10 updates pagination info in bottom-right pager","firefox","Fri Sep 18 10:25:39 UTC 2026","passed","Fri Sep 18 10:25:57 UTC 2026","Exceptions — Smoke","specs\Smoke\8-ExceptionsSmoke.spec.ts","",""
"","20302","Automatic ACH Decision Rules sub-page loads correctly","webkit","Fri Sep 18 10:17:13 UTC 2026","passed","Fri Sep 18 10:17:33 UTC 2026","Application Navigation Smoke Tests","specs\Smoke\2-NavigationSmoke.spec.ts","",""
"","18624","Automatic Check Decision Rules sub-page loads correctly","firefox","Fri Sep 18 10:15:57 UTC 2026","passed","Fri Sep 18 10:16:15 UTC 2026","Application Navigation Smoke Tests","specs\Smoke\2-NavigationSmoke.spec.ts","",""
"","11680","Validate Login functionality with correctCredentials","msedge","Fri Sep 18 10:32:01 UTC 2026","passed","Fri Sep 18 10:32:13 UTC 2026","","specs\Smoke\1-LoginSmoke.spec.ts","",""
"","7924","Verify navigation to ACH via nav menu","chromium","Fri Sep 18 10:16:57 UTC 2026","passed","Fri Sep 18 10:17:05 UTC 2026","Home Dashboard","specs\Smoke\3-HomeDashboardSmoke.spec.ts","",""
"","8825","Previous page button returns to page 1, First page button re-enables disabled state","chromium","Fri Sep 18 10:20:10 UTC 2026","passed","Fri Sep 18 10:20:19 UTC 2026","ACH — Smoke","specs\Smoke\7-ACHSmoke.spec.ts","",""
"","8543","Account Settings sub-page loads correctly","chromium","Fri Sep 18 10:13:19 UTC 2026","passed","Fri Sep 18 10:13:27 UTC 2026","Application Navigation Smoke Tests","specs\Smoke\2-NavigationSmoke.spec.ts","",""
"","15733","Default filter auto-applies after logout and re-login","webkit","Fri Sep 18 10:22:36 UTC 2026","skipped","Fri Sep 18 10:22:52 UTC 2026","Issued Checks — Default Filter (Serial)","specs\Smoke\4-IssuedChecksSmoke.spec.ts","",""
"","5121","Validate Login functionality with invalidEmailFormat","chromium","Fri Sep 18 10:12:52 UTC 2026","passed","Fri Sep 18 10:12:57 UTC 2026","","specs\Smoke\1-LoginSmoke.spec.ts","",""
"","14376","Default filter auto-applies after logout and re-login","firefox","Fri Sep 18 10:22:10 UTC 2026","skipped","Fri Sep 18 10:22:24 UTC 2026","Presented Checks — Default Filter (Serial)","specs\Smoke\5-PresentedChecksSmoke.spec.ts","",""
"","8934","Exception History grid loads with data rows and key column headers","chromium","Fri Sep 18 10:22:07 UTC 2026","passed","Fri Sep 18 10:22:16 UTC 2026","Exceptions — Smoke","specs\Smoke\8-ExceptionsSmoke.spec.ts","",""
"","8744","File Processing sub-page loads correctly","msedge","Fri Sep 18 10:35:19 UTC 2026","passed","Fri Sep 18 10:35:28 UTC 2026","Application Navigation Smoke Tests","specs\Smoke\2-NavigationSmoke.spec.ts","",""
"","9167","Page size change to 10 updates pagination info in bottom-right pager","msedge","Fri Sep 18 10:36:43 UTC 2026","passed","Fri Sep 18 10:36:52 UTC 2026","Presented Checks — Smoke","specs\Smoke\5-PresentedChecksSmoke.spec.ts","",""
"","11828","Pay/Return decision badge navigates to exception history","msedge","Fri Sep 18 10:42:00 UTC 2026","passed","Fri Sep 18 10:42:12 UTC 2026","ACH — Smoke","specs\Smoke\7-ACHSmoke.spec.ts","",""
"","6987","Verify Combined View shows all chart sections","firefox","Fri Sep 18 10:13:52 UTC 2026","passed","Fri Sep 18 10:13:59 UTC 2026","Home Dashboard","specs\Smoke\3-HomeDashboardSmoke.spec.ts","",""
"","17129","""Uploaded Checks"" navigates to the uploads page","webkit","Fri Sep 18 10:20:29 UTC 2026","passed","Fri Sep 18 10:20:46 UTC 2026","Presented Checks — Smoke","specs\Smoke\5-PresentedChecksSmoke.spec.ts","",""
"","13749","Notification Log sub-page loads correctly","webkit","Fri Sep 18 10:17:50 UTC 2026","passed","Fri Sep 18 10:18:03 UTC 2026","Application Navigation Smoke Tests","specs\Smoke\2-NavigationSmoke.spec.ts","",""
"","4652","Validate Login functionality with incorrectPassword","msedge","Fri Sep 18 10:32:20 UTC 2026","passed","Fri Sep 18 10:32:25 UTC 2026","","specs\Smoke\1-LoginSmoke.spec.ts","",""
"","11774","Verify summary KPI values have expected number formats","firefox","Fri Sep 18 10:16:49 UTC 2026","passed","Fri Sep 18 10:17:00 UTC 2026","Home Dashboard","specs\Smoke\3-HomeDashboardSmoke.spec.ts","",""
"","8293","""Uploaded ACH"" navigates to the uploads page","chromium","Fri Sep 18 10:19:24 UTC 2026","passed","Fri Sep 18 10:19:32 UTC 2026","ACH — Smoke","specs\Smoke\7-ACHSmoke.spec.ts","",""
"","9650","Validate Login functionality with xssInUsername","firefox","Fri Sep 18 10:12:32 UTC 2026","passed","Fri Sep 18 10:12:41 UTC 2026","","specs\Smoke\1-LoginSmoke.spec.ts","",""
"","4193","Validate Login functionality with invalidEmailFormat","msedge","Fri Sep 18 10:32:30 UTC 2026","passed","Fri Sep 18 10:32:34 UTC 2026","","specs\Smoke\1-LoginSmoke.spec.ts","",""
"","8226","Pay/Return decision badge navigates to exception history","msedge","Fri Sep 18 10:39:03 UTC 2026","passed","Fri Sep 18 10:39:12 UTC 2026","Presented Checks — Smoke (Continued)","specs\Smoke\5-PresentedChecksSmoke.spec.ts","",""
"","14223","Default filter auto-applies after logout and re-login","webkit","Fri Sep 18 10:28:48 UTC 2026","skipped","Fri Sep 18 10:29:02 UTC 2026","ACH — Smoke","specs\Smoke\7-ACHSmoke.spec.ts","",""
"","7161","Verify Check Only tab shows Check-specific chart sections","msedge","Fri Sep 18 10:33:56 UTC 2026","passed","Fri Sep 18 10:34:04 UTC 2026","Home Dashboard","specs\Smoke\3-HomeDashboardSmoke.spec.ts","",""
"","7388","Grid loads with data rows and key column headers","chromium","Fri Sep 18 10:15:52 UTC 2026","passed","Fri Sep 18 10:16:00 UTC 2026","Issued Checks — Smoke","specs\Smoke\4-IssuedChecksSmoke.spec.ts","",""
"","17844","Clicking a column header sorts ascending, clicking again sorts descending","webkit","Fri Sep 18 10:23:52 UTC 2026","passed","Fri Sep 18 10:24:09 UTC 2026","Presented Checks — Smoke (Continued)","specs\Smoke\5-PresentedChecksSmoke.spec.ts","",""
"","29883","Verify chart title changes with selected tab","webkit","Fri Sep 18 10:16:08 UTC 2026","passed","Fri Sep 18 10:16:37 UTC 2026","Home Dashboard","specs\Smoke\3-HomeDashboardSmoke.spec.ts","",""
"","7002","Verify navigation to Settings via nav menu","chromium","Fri Sep 18 10:17:14 UTC 2026","passed","Fri Sep 18 10:17:21 UTC 2026","Home Dashboard","specs\Smoke\3-HomeDashboardSmoke.spec.ts","",""
"","10582","Clicking a column header sorts ascending, clicking again sorts descending","msedge","Fri Sep 18 10:41:13 UTC 2026","passed","Fri Sep 18 10:41:23 UTC 2026","Exceptions — Smoke (Continued)","specs\Smoke\8-ExceptionsSmoke.spec.ts","",""
"","7976","Verify tab-specific charts are hidden for opposite tab","chromium","Fri Sep 18 10:14:50 UTC 2026","passed","Fri Sep 18 10:14:58 UTC 2026","Home Dashboard","specs\Smoke\3-HomeDashboardSmoke.spec.ts","",""
"","6817","Branding sub-page loads correctly","msedge","Fri Sep 18 10:33:30 UTC 2026","passed","Fri Sep 18 10:33:37 UTC 2026","Application Navigation Smoke Tests","specs\Smoke\2-NavigationSmoke.spec.ts","",""
"","21705","Grid loads with data rows and key column headers","firefox","Fri Sep 18 10:18:58 UTC 2026","passed","Fri Sep 18 10:19:19 UTC 2026","Presented Checks — Smoke","specs\Smoke\5-PresentedChecksSmoke.spec.ts","",""
"","28471","Save a filter preset, verify it is auto-selected, then delete it","webkit","Fri Sep 18 10:22:52 UTC 2026","passed","Fri Sep 18 10:23:20 UTC 2026","Issued Checks — Smoke (Continued)","specs\Smoke\4-IssuedChecksSmoke.spec.ts","",""
"","18465","Search box filters grid and clears correctly","webkit","Fri Sep 18 10:26:17 UTC 2026","passed","Fri Sep 18 10:26:36 UTC 2026","Exceptions — Smoke","specs\Smoke\8-ExceptionsSmoke.spec.ts","",""
"","17131","Typing a page number navigates to that page","webkit","Fri Sep 18 10:21:39 UTC 2026","passed","Fri Sep 18 10:21:56 UTC 2026","Issued Checks — Smoke","specs\Smoke\4-IssuedChecksSmoke.spec.ts","",""
"","15721","Excel export button is visible and enabled","firefox","Fri Sep 18 10:19:53 UTC 2026","passed","Fri Sep 18 10:20:08 UTC 2026","Issued Checks — Smoke","specs\Smoke\4-IssuedChecksSmoke.spec.ts","",""
"","17897","Clicking a column header sorts ascending, clicking again sorts descending","firefox","Fri Sep 18 10:28:00 UTC 2026","passed","Fri Sep 18 10:28:18 UTC 2026","Exceptions — Smoke (Continued)","specs\Smoke\8-ExceptionsSmoke.spec.ts","",""
"","14975","Validate teller presented-check form shows all required fields","firefox","Fri Sep 18 10:24:18 UTC 2026","passed","Fri Sep 18 10:24:33 UTC 2026","Teller - Smoke","specs\Smoke\6-TellerSmoke.spec.ts","",""
"","6341","Verify all three dashboard view tabs are visible","msedge","Fri Sep 18 10:33:43 UTC 2026","passed","Fri Sep 18 10:33:49 UTC 2026","Home Dashboard","specs\Smoke\3-HomeDashboardSmoke.spec.ts","",""
"","14452","Excel export button is visible and enabled","webkit","Fri Sep 18 10:26:39 UTC 2026","passed","Fri Sep 18 10:26:54 UTC 2026","ACH — Smoke","specs\Smoke\7-ACHSmoke.spec.ts","",""
"","9429","Validate teller presented-check form shows all required fields","chromium","Fri Sep 18 10:18:55 UTC 2026","passed","Fri Sep 18 10:19:05 UTC 2026","Teller - Smoke","specs\Smoke\6-TellerSmoke.spec.ts","",""
"","20089","Verify dashboard tab checked state updates correctly","webkit","Fri Sep 18 10:15:05 UTC 2026","passed","Fri Sep 18 10:15:25 UTC 2026","Home Dashboard","specs\Smoke\3-HomeDashboardSmoke.spec.ts","",""
"","18350","""Delete"" on a row shows a confirm modal; Cancel dismisses it without deleting","webkit","Fri Sep 18 10:25:08 UTC 2026","passed","Fri Sep 18 10:25:27 UTC 2026","Presented Checks — Smoke (Continued)","specs\Smoke\5-PresentedChecksSmoke.spec.ts","",""
"","12275","Home page is accessible and shows dashboard","chromium","Fri Sep 18 10:12:22 UTC 2026","passed","Fri Sep 18 10:12:34 UTC 2026","Application Navigation Smoke Tests","specs\Smoke\2-NavigationSmoke.spec.ts","",""
"","5230","Validate Login functionality with incorrectUsername","firefox","Fri Sep 18 10:12:00 UTC 2026","passed","Fri Sep 18 10:12:06 UTC 2026","","specs\Smoke\1-LoginSmoke.spec.ts","",""
"","19991","Previous page button returns to page 1, First page button re-enables disabled state","firefox","Fri Sep 18 10:21:35 UTC 2026","passed","Fri Sep 18 10:21:55 UTC 2026","Presented Checks — Smoke","specs\Smoke\5-PresentedChecksSmoke.spec.ts","",""
"","17052","Verify Home dashboard is restored after returning from another page","firefox","Fri Sep 18 10:17:34 UTC 2026","passed","Fri Sep 18 10:17:51 UTC 2026","Home Dashboard","specs\Smoke\3-HomeDashboardSmoke.spec.ts","",""
"","19912","Grid loads with data rows and key column headers","webkit","Fri Sep 18 10:19:49 UTC 2026","passed","Fri Sep 18 10:20:09 UTC 2026","Presented Checks — Smoke","specs\Smoke\5-PresentedChecksSmoke.spec.ts","",""
"","14083","Verify Check Only tab shows Check-specific chart sections","webkit","Fri Sep 18 10:14:34 UTC 2026","passed","Fri Sep 18 10:14:48 UTC 2026","Home Dashboard","specs\Smoke\3-HomeDashboardSmoke.spec.ts","",""
"","6558","Verify navigation to Issued Checks via nav menu","chromium","Fri Sep 18 10:16:45 UTC 2026","passed","Fri Sep 18 10:16:52 UTC 2026","Home Dashboard","specs\Smoke\3-HomeDashboardSmoke.spec.ts","",""
"","6378","Validate unauthenticated access to protected route is redirected to login","msedge","Fri Sep 18 10:33:29 UTC 2026","passed","Fri Sep 18 10:33:35 UTC 2026","","specs\Smoke\1-LoginSmoke.spec.ts","",""
"","13457","Settings page loads correctly","webkit","Fri Sep 18 10:12:45 UTC 2026","passed","Fri Sep 18 10:12:58 UTC 2026","Application Navigation Smoke Tests","specs\Smoke\2-NavigationSmoke.spec.ts","",""
"","7181","Excel export button is visible and enabled","chromium","Fri Sep 18 10:19:39 UTC 2026","passed","Fri Sep 18 10:19:46 UTC 2026","ACH — Smoke","specs\Smoke\7-ACHSmoke.spec.ts","",""
"","7626","Roles/Permissions sub-page loads correctly","msedge","Fri Sep 18 10:33:23 UTC 2026","passed","Fri Sep 18 10:33:30 UTC 2026","Application Navigation Smoke Tests","specs\Smoke\2-NavigationSmoke.spec.ts","",""
"","10903","Validate Login functionality with missingPassword","webkit","Fri Sep 18 10:12:19 UTC 2026","passed","Fri Sep 18 10:12:30 UTC 2026","","specs\Smoke\1-LoginSmoke.spec.ts","",""
"","17889","Typing a page number navigates to that page","firefox","Fri Sep 18 10:26:48 UTC 2026","passed","Fri Sep 18 10:27:05 UTC 2026","ACH — Smoke","specs\Smoke\7-ACHSmoke.spec.ts","",""
"","19032","ACH page loads correctly","firefox","Fri Sep 18 10:12:29 UTC 2026","passed","Fri Sep 18 10:12:48 UTC 2026","Application Navigation Smoke Tests","specs\Smoke\2-NavigationSmoke.spec.ts","",""
"","13461","Exceptions page loads correctly","firefox","Fri Sep 18 10:12:48 UTC 2026","passed","Fri Sep 18 10:13:01 UTC 2026","Application Navigation Smoke Tests","specs\Smoke\2-NavigationSmoke.spec.ts","",""
"","7912","Typing a page number navigates to that page","chromium","Fri Sep 18 10:18:44 UTC 2026","passed","Fri Sep 18 10:18:52 UTC 2026","Presented Checks — Smoke","specs\Smoke\5-PresentedChecksSmoke.spec.ts","",""
"","9100","System Log sub-page loads correctly","msedge","Fri Sep 18 10:35:10 UTC 2026","passed","Fri Sep 18 10:35:19 UTC 2026","Application Navigation Smoke Tests","specs\Smoke\2-NavigationSmoke.spec.ts","",""
"","16777","Saved Filters dropdown is visible and defaults to no preset","webkit","Fri Sep 18 10:28:31 UTC 2026","passed","Fri Sep 18 10:28:48 UTC 2026","ACH — Smoke","specs\Smoke\7-ACHSmoke.spec.ts","",""
"","9029","Last page arrow jumps to the final page","msedge","Fri Sep 18 10:40:17 UTC 2026","passed","Fri Sep 18 10:40:26 UTC 2026","ACH — Smoke","specs\Smoke\7-ACHSmoke.spec.ts","",""
"","8970","Grid loads with data rows and key column headers","msedge","Fri Sep 18 10:35:55 UTC 2026","passed","Fri Sep 18 10:36:04 UTC 2026","Presented Checks — Smoke","specs\Smoke\5-PresentedChecksSmoke.spec.ts","",""
"","7913","Excel export button is visible and enabled","msedge","Fri Sep 18 10:36:25 UTC 2026","passed","Fri Sep 18 10:36:33 UTC 2026","Issued Checks — Smoke","specs\Smoke\4-IssuedChecksSmoke.spec.ts","",""
"","13995","Issued Checks breadcrumb link is visible on the page","firefox","Fri Sep 18 10:24:04 UTC 2026","passed","Fri Sep 18 10:24:18 UTC 2026","Issued Checks — Smoke (Continued)","specs\Smoke\4-IssuedChecksSmoke.spec.ts","",""
"","9729","Next page arrow advances to page 2","msedge","Fri Sep 18 10:40:08 UTC 2026","passed","Fri Sep 18 10:40:17 UTC 2026","ACH — Smoke","specs\Smoke\7-ACHSmoke.spec.ts","",""
"","7372","Automatic ACH Decision Rules sub-page loads correctly","msedge","Fri Sep 18 10:34:37 UTC 2026","passed","Fri Sep 18 10:34:45 UTC 2026","Application Navigation Smoke Tests","specs\Smoke\2-NavigationSmoke.spec.ts","",""
"","9303","Exception History grid loads with data rows and key column headers","msedge","Fri Sep 18 10:39:21 UTC 2026","passed","Fri Sep 18 10:39:30 UTC 2026","Exceptions — Smoke","specs\Smoke\8-ExceptionsSmoke.spec.ts","",""
"","7230","Verify delayed data note and force refresh link are visible on dashboard","msedge","Fri Sep 18 10:34:49 UTC 2026","passed","Fri Sep 18 10:34:56 UTC 2026","Home Dashboard","specs\Smoke\3-HomeDashboardSmoke.spec.ts","",""
"","9545","Previous page button returns to page 1, First page button re-enables disabled state","chromium","Fri Sep 18 10:17:05 UTC 2026","passed","Fri Sep 18 10:17:14 UTC 2026","Issued Checks — Smoke","specs\Smoke\4-IssuedChecksSmoke.spec.ts","",""
"","8454","Grid View toggle navigates to the open-exceptions grid and shows key column headers","msedge","Fri Sep 18 10:42:44 UTC 2026","passed","Fri Sep 18 10:42:52 UTC 2026","Exceptions — Smoke (Continued)","specs\Smoke\8-ExceptionsSmoke.spec.ts","",""
"","15641","Presented Checks breadcrumb link is visible on the page","firefox","Fri Sep 18 10:24:33 UTC 2026","passed","Fri Sep 18 10:24:48 UTC 2026","Presented Checks — Smoke (Continued)","specs\Smoke\5-PresentedChecksSmoke.spec.ts","",""
"","7687","Pre-Decisions page loads with either records or the empty-state message","firefox","Fri Sep 18 10:30:26 UTC 2026","passed","Fri Sep 18 10:30:34 UTC 2026","Exceptions — Smoke (Continued)","specs\Smoke\8-ExceptionsSmoke.spec.ts","",""
"","16506","Save a filter preset, verify it is auto-selected, then delete it","msedge","Fri Sep 18 10:40:56 UTC 2026","passed","Fri Sep 18 10:41:13 UTC 2026","Exceptions — Smoke (Continued)","specs\Smoke\8-ExceptionsSmoke.spec.ts","",""
"","5353","Validate unauthenticated access to protected route is redirected to login","chromium","Fri Sep 18 10:13:49 UTC 2026","passed","Fri Sep 18 10:13:54 UTC 2026","","specs\Smoke\1-LoginSmoke.spec.ts","",""
"","9450","Validate session persists after page refresh","msedge","Fri Sep 18 10:33:19 UTC 2026","passed","Fri Sep 18 10:33:29 UTC 2026","","specs\Smoke\1-LoginSmoke.spec.ts","",""
"","6907","Previous page button returns to page 1, First page button re-enables disabled state","chromium","Fri Sep 18 10:22:50 UTC 2026","passed","Fri Sep 18 10:22:57 UTC 2026","Exceptions — Smoke","specs\Smoke\8-ExceptionsSmoke.spec.ts","",""
"","18960","Exception History grid loads with data rows and key column headers","webkit","Fri Sep 18 10:25:58 UTC 2026","passed","Fri Sep 18 10:26:17 UTC 2026","Exceptions — Smoke","specs\Smoke\8-ExceptionsSmoke.spec.ts","",""
"","8322","Verify chart title changes with selected tab","msedge","Fri Sep 18 10:34:20 UTC 2026","passed","Fri Sep 18 10:34:28 UTC 2026","Home Dashboard","specs\Smoke\3-HomeDashboardSmoke.spec.ts","",""
"","9235","Automatic Check Decision Rules sub-page loads correctly","chromium","Fri Sep 18 10:14:34 UTC 2026","passed","Fri Sep 18 10:14:43 UTC 2026","Application Navigation Smoke Tests","specs\Smoke\2-NavigationSmoke.spec.ts","",""
"","9547","Issued Checks breadcrumb link is visible on the page","msedge","Fri Sep 18 10:38:53 UTC 2026","passed","Fri Sep 18 10:39:03 UTC 2026","Issued Checks — Smoke (Continued)","specs\Smoke\4-IssuedChecksSmoke.spec.ts","",""
"","24059","Column filter popup applies a filter and Clear restores the full row set","webkit","Fri Sep 18 10:24:09 UTC 2026","passed","Fri Sep 18 10:24:33 UTC 2026","Presented Checks — Smoke (Continued)","specs\Smoke\5-PresentedChecksSmoke.spec.ts","",""
"","10844","""View"" (Change Log) link on a row navigates to the entity log","msedge","Fri Sep 18 10:38:32 UTC 2026","passed","Fri Sep 18 10:38:42 UTC 2026","Issued Checks — Smoke (Continued)","specs\Smoke\4-IssuedChecksSmoke.spec.ts","",""
"","12037","Business Clients sub-page loads correctly","webkit","Fri Sep 18 10:13:12 UTC 2026","passed","Fri Sep 18 10:13:24 UTC 2026","Application Navigation Smoke Tests","specs\Smoke\2-NavigationSmoke.spec.ts","",""
"","8343","Decision Files sub-page loads correctly","msedge","Fri Sep 18 10:33:45 UTC 2026","passed","Fri Sep 18 10:33:53 UTC 2026","Application Navigation Smoke Tests","specs\Smoke\2-NavigationSmoke.spec.ts","",""
"","8314","""View"" (Change Log) link on a row navigates to the entity log","msedge","Fri Sep 18 10:41:43 UTC 2026","passed","Fri Sep 18 10:41:51 UTC 2026","ACH — Smoke","specs\Smoke\7-ACHSmoke.spec.ts","",""
"","17363","Last page arrow jumps to the final page","webkit","Fri Sep 18 10:27:29 UTC 2026","passed","Fri Sep 18 10:27:46 UTC 2026","Exceptions — Smoke","specs\Smoke\8-ExceptionsSmoke.spec.ts","",""
"","14415","Verify ACH Only tab shows ACH-specific chart sections","firefox","Fri Sep 18 10:14:11 UTC 2026","passed","Fri Sep 18 10:14:26 UTC 2026","Home Dashboard","specs\Smoke\3-HomeDashboardSmoke.spec.ts","",""
"","15307","Grid loads with data rows and key column headers","firefox","Fri Sep 18 10:24:33 UTC 2026","passed","Fri Sep 18 10:24:48 UTC 2026","ACH — Smoke","specs\Smoke\7-ACHSmoke.spec.ts","",""
"","18447","Last page arrow jumps to the final page","firefox","Fri Sep 18 10:20:41 UTC 2026","passed","Fri Sep 18 10:21:00 UTC 2026","Issued Checks — Smoke","specs\Smoke\4-IssuedChecksSmoke.spec.ts","",""
"","5823","Validate unauthenticated access to protected route is redirected to login","firefox","Fri Sep 18 10:13:30 UTC 2026","passed","Fri Sep 18 10:13:36 UTC 2026","","specs\Smoke\1-LoginSmoke.spec.ts","",""
"","18989","Next page arrow advances to page 2","webkit","Fri Sep 18 10:27:10 UTC 2026","passed","Fri Sep 18 10:27:29 UTC 2026","Exceptions — Smoke","specs\Smoke\8-ExceptionsSmoke.spec.ts","",""
"","17015","""Edit"" link on a row navigates to the check edit form","webkit","Fri Sep 18 10:24:33 UTC 2026","passed","Fri Sep 18 10:24:51 UTC 2026","Presented Checks — Smoke (Continued)","specs\Smoke\5-PresentedChecksSmoke.spec.ts","",""
"","15972","Page size change to 10 updates pagination info in bottom-right pager","firefox","Fri Sep 18 10:25:57 UTC 2026","passed","Fri Sep 18 10:26:13 UTC 2026","ACH — Smoke","specs\Smoke\7-ACHSmoke.spec.ts","",""
"","33795","Save a filter preset, verify it is auto-selected, then delete it","webkit","Fri Sep 18 10:29:00 UTC 2026","passed","Fri Sep 18 10:29:34 UTC 2026","Exceptions — Smoke (Continued)","specs\Smoke\8-ExceptionsSmoke.spec.ts","",""
"","14363","Exceptions breadcrumb link is visible on the page","firefox","Fri Sep 18 10:29:22 UTC 2026","passed","Fri Sep 18 10:29:36 UTC 2026","Exceptions — Smoke (Continued)","specs\Smoke\8-ExceptionsSmoke.spec.ts","",""
"","21327","Previous page button returns to page 1, First page button re-enables disabled state","firefox","Fri Sep 18 10:26:50 UTC 2026","passed","Fri Sep 18 10:27:11 UTC 2026","Exceptions — Smoke","specs\Smoke\8-ExceptionsSmoke.spec.ts","",""
"","7917","Validate Login functionality with incorrectPassword","webkit","Fri Sep 18 10:11:44 UTC 2026","passed","Fri Sep 18 10:11:52 UTC 2026","","specs\Smoke\1-LoginSmoke.spec.ts","",""
"","12612","Page size change to 10 updates pagination info in bottom-right pager","firefox","Fri Sep 18 10:20:33 UTC 2026","passed","Fri Sep 18 10:20:45 UTC 2026","Presented Checks — Smoke","specs\Smoke\5-PresentedChecksSmoke.spec.ts","",""
"","11102","Typing a page number navigates to that page","msedge","Fri Sep 18 10:37:12 UTC 2026","passed","Fri Sep 18 10:37:23 UTC 2026","Presented Checks — Smoke","specs\Smoke\5-PresentedChecksSmoke.spec.ts","",""
"","11427","Previous page button returns to page 1, First page button re-enables disabled state","msedge","Fri Sep 18 10:37:12 UTC 2026","passed","Fri Sep 18 10:37:23 UTC 2026","Issued Checks — Smoke","specs\Smoke\4-IssuedChecksSmoke.spec.ts","",""
"","8597","Validate forgot password with unregistered email","firefox","Fri Sep 18 10:13:07 UTC 2026","passed","Fri Sep 18 10:13:16 UTC 2026","","specs\Smoke\1-LoginSmoke.spec.ts","",""
"","3991","Validate forgot password functionality with No email","chromium","Fri Sep 18 10:13:31 UTC 2026","passed","Fri Sep 18 10:13:35 UTC 2026","","specs\Smoke\1-LoginSmoke.spec.ts","",""
"","4145","Validate Login functionality with xssInUsername","chromium","Fri Sep 18 10:13:17 UTC 2026","passed","Fri Sep 18 10:13:21 UTC 2026","","specs\Smoke\1-LoginSmoke.spec.ts","",""
"","7501","Verify ACH Only tab shows ACH-specific chart sections","msedge","Fri Sep 18 10:34:04 UTC 2026","passed","Fri Sep 18 10:34:11 UTC 2026","Home Dashboard","specs\Smoke\3-HomeDashboardSmoke.spec.ts","",""
"","6890","Verify dashboard footer footnote and privacy link are visible","chromium","Fri Sep 18 10:15:21 UTC 2026","passed","Fri Sep 18 10:15:28 UTC 2026","Home Dashboard","specs\Smoke\3-HomeDashboardSmoke.spec.ts","",""
"","5029","Page size change to 10 updates pagination info in bottom-right pager","chromium","Fri Sep 18 10:22:29 UTC 2026","passed","Fri Sep 18 10:22:34 UTC 2026","Exceptions — Smoke","specs\Smoke\8-ExceptionsSmoke.spec.ts","",""
"","8550","Validate session persists after page refresh","chromium","Fri Sep 18 10:13:40 UTC 2026","passed","Fri Sep 18 10:13:49 UTC 2026","","specs\Smoke\1-LoginSmoke.spec.ts","",""
"","10842","File Formats sub-page loads correctly","firefox","Fri Sep 18 10:15:35 UTC 2026","passed","Fri Sep 18 10:15:46 UTC 2026","Application Navigation Smoke Tests","specs\Smoke\2-NavigationSmoke.spec.ts","",""
"","8960","Excel export button is visible and enabled","msedge","Fri Sep 18 10:39:41 UTC 2026","passed","Fri Sep 18 10:39:50 UTC 2026","Exceptions — Smoke","specs\Smoke\8-ExceptionsSmoke.spec.ts","",""
"","18557","Column filter popup applies a filter and Clear restores the full row set","firefox","Fri Sep 18 10:28:39 UTC 2026","passed","Fri Sep 18 10:28:57 UTC 2026","ACH — Smoke","specs\Smoke\7-ACHSmoke.spec.ts","",""
"","13323","Column filter popup applies a filter and Clear restores the full row set","msedge","Fri Sep 18 10:41:29 UTC 2026","passed","Fri Sep 18 10:41:43 UTC 2026","ACH — Smoke","specs\Smoke\7-ACHSmoke.spec.ts","",""
"","8845","Verify dashboard tab checked state updates correctly","msedge","Fri Sep 18 10:34:11 UTC 2026","passed","Fri Sep 18 10:34:20 UTC 2026","Home Dashboard","specs\Smoke\3-HomeDashboardSmoke.spec.ts","",""
"","8559","Grid loads with data rows and key column headers","msedge","Fri Sep 18 10:35:45 UTC 2026","passed","Fri Sep 18 10:35:54 UTC 2026","Issued Checks — Smoke","specs\Smoke\4-IssuedChecksSmoke.spec.ts","",""
"","17272","Next page arrow advances to page 2","firefox","Fri Sep 18 10:26:13 UTC 2026","passed","Fri Sep 18 10:26:31 UTC 2026","ACH — Smoke","specs\Smoke\7-ACHSmoke.spec.ts","",""
"","15774","Next page arrow advances to page 2","firefox","Fri Sep 18 10:20:45 UTC 2026","passed","Fri Sep 18 10:21:01 UTC 2026","Presented Checks — Smoke","specs\Smoke\5-PresentedChecksSmoke.spec.ts","",""
"","6422","Verify navigation to Settings via nav menu","msedge","Fri Sep 18 10:35:49 UTC 2026","passed","Fri Sep 18 10:35:55 UTC 2026","Home Dashboard","specs\Smoke\3-HomeDashboardSmoke.spec.ts","",""
"","7717","Billing Reports sub-page loads correctly","msedge","Fri Sep 18 10:33:37 UTC 2026","passed","Fri Sep 18 10:33:45 UTC 2026","Application Navigation Smoke Tests","specs\Smoke\2-NavigationSmoke.spec.ts","",""
"","16168","Saved Filters dropdown is visible and defaults to no preset","webkit","Fri Sep 18 10:22:50 UTC 2026","passed","Fri Sep 18 10:23:06 UTC 2026","Presented Checks — Smoke","specs\Smoke\5-PresentedChecksSmoke.spec.ts","",""
"","7635","Presented Checks page loads correctly","msedge","Fri Sep 18 10:32:23 UTC 2026","passed","Fri Sep 18 10:32:30 UTC 2026","Application Navigation Smoke Tests","specs\Smoke\2-NavigationSmoke.spec.ts","",""
"","14836","Presented Checks breadcrumb link is visible on the page","webkit","Fri Sep 18 10:25:43 UTC 2026","passed","Fri Sep 18 10:25:58 UTC 2026","Presented Checks — Smoke (Continued)","specs\Smoke\5-PresentedChecksSmoke.spec.ts","",""
"","7406","Issued Checks breadcrumb link is visible on the page","chromium","Fri Sep 18 10:18:48 UTC 2026","passed","Fri Sep 18 10:18:55 UTC 2026","Issued Checks — Smoke (Continued)","specs\Smoke\4-IssuedChecksSmoke.spec.ts","",""
"","6687","Default filter auto-applies after logout and re-login","msedge","Fri Sep 18 10:40:49 UTC 2026","skipped","Fri Sep 18 10:40:56 UTC 2026","Exceptions — Default Filter (Serial)","specs\Smoke\8-ExceptionsSmoke.spec.ts","",""
"","7359","Presented Checks page loads correctly","chromium","Fri Sep 18 10:12:44 UTC 2026","passed","Fri Sep 18 10:12:52 UTC 2026","Application Navigation Smoke Tests","specs\Smoke\2-NavigationSmoke.spec.ts","",""
"","15952","Excel export button is visible and enabled","firefox","Fri Sep 18 10:25:23 UTC 2026","passed","Fri Sep 18 10:25:39 UTC 2026","Exceptions — Smoke","specs\Smoke\8-ExceptionsSmoke.spec.ts","",""
"","11957","Verify profile menu shows My Info and Logout links","firefox","Fri Sep 18 10:17:22 UTC 2026","passed","Fri Sep 18 10:17:34 UTC 2026","Home Dashboard","specs\Smoke\3-HomeDashboardSmoke.spec.ts","",""
"","10746","Decision badge on an already-reviewed row is blocked with a system message","msedge","Fri Sep 18 10:42:12 UTC 2026","passed","Fri Sep 18 10:42:23 UTC 2026","Exceptions — Smoke (Continued)","specs\Smoke\8-ExceptionsSmoke.spec.ts","",""
"","8461","Validate Login functionality with incorrectUsername","webkit","Fri Sep 18 10:11:52 UTC 2026","passed","Fri Sep 18 10:12:01 UTC 2026","","specs\Smoke\1-LoginSmoke.spec.ts","",""
"","7779","Verify navigation to Issued Checks via nav menu","msedge","Fri Sep 18 10:35:19 UTC 2026","passed","Fri Sep 18 10:35:27 UTC 2026","Home Dashboard","specs\Smoke\3-HomeDashboardSmoke.spec.ts","",""
"","7893","Grid loads with data rows and key column headers","chromium","Fri Sep 18 10:19:05 UTC 2026","passed","Fri Sep 18 10:19:13 UTC 2026","ACH — Smoke","specs\Smoke\7-ACHSmoke.spec.ts","",""
"","9198","Verify dashboard tab checked state updates correctly","chromium","Fri Sep 18 10:14:33 UTC 2026","passed","Fri Sep 18 10:14:42 UTC 2026","Home Dashboard","specs\Smoke\3-HomeDashboardSmoke.spec.ts","",""
"","12792","Previous page button returns to page 1, First page button re-enables disabled state","msedge","Fri Sep 18 10:40:36 UTC 2026","passed","Fri Sep 18 10:40:48 UTC 2026","ACH — Smoke","specs\Smoke\7-ACHSmoke.spec.ts","",""
"","8205","Verify ACH Only tab shows ACH-specific chart sections","chromium","Fri Sep 18 10:14:25 UTC 2026","passed","Fri Sep 18 10:14:33 UTC 2026","Home Dashboard","specs\Smoke\3-HomeDashboardSmoke.spec.ts","",""
"","11630","Decision Files sub-page loads correctly","firefox","Fri Sep 18 10:15:14 UTC 2026","passed","Fri Sep 18 10:15:26 UTC 2026","Application Navigation Smoke Tests","specs\Smoke\2-NavigationSmoke.spec.ts","",""
"","10243","Grid View toggle navigates to the open-exceptions grid and shows key column headers","webkit","Fri Sep 18 10:31:55 UTC 2026","passed","Fri Sep 18 10:32:05 UTC 2026","Exceptions — Smoke (Continued)","specs\Smoke\8-ExceptionsSmoke.spec.ts","",""
"","8485","Default filter auto-applies after logout and re-login","msedge","Fri Sep 18 10:37:43 UTC 2026","skipped","Fri Sep 18 10:37:51 UTC 2026","Presented Checks — Default Filter (Serial)","specs\Smoke\5-PresentedChecksSmoke.spec.ts","",""
"","24555","Default filter auto-applies after logout and re-login","chromium","Fri Sep 18 10:20:28 UTC 2026","passed","Fri Sep 18 10:20:52 UTC 2026","ACH — Smoke","specs\Smoke\7-ACHSmoke.spec.ts","",""
"","7334","Validate Login functionality with veryLongInput","webkit","Fri Sep 18 10:12:56 UTC 2026","passed","Fri Sep 18 10:13:04 UTC 2026","","specs\Smoke\1-LoginSmoke.spec.ts","",""
"","8830","Billing Reports sub-page loads correctly","chromium","Fri Sep 18 10:13:56 UTC 2026","passed","Fri Sep 18 10:14:05 UTC 2026","Application Navigation Smoke Tests","specs\Smoke\2-NavigationSmoke.spec.ts","",""
"","8681","Page size change to 10 updates pagination info in bottom-right pager","msedge","Fri Sep 18 10:36:33 UTC 2026","passed","Fri Sep 18 10:36:42 UTC 2026","Issued Checks — Smoke","specs\Smoke\4-IssuedChecksSmoke.spec.ts","",""
"","8320","Automatic Check Decision Rules sub-page loads correctly","msedge","Fri Sep 18 10:34:21 UTC 2026","passed","Fri Sep 18 10:34:29 UTC 2026","Application Navigation Smoke Tests","specs\Smoke\2-NavigationSmoke.spec.ts","",""
"","7424","Verify profile menu shows My Info and Logout links","msedge","Fri Sep 18 10:35:03 UTC 2026","passed","Fri Sep 18 10:35:10 UTC 2026","Home Dashboard","specs\Smoke\3-HomeDashboardSmoke.spec.ts","",""
"","14421","Navigation tabs to Pre-Decisions, Approvals, and Exception History are visible","firefox","Fri Sep 18 10:29:36 UTC 2026","passed","Fri Sep 18 10:29:51 UTC 2026","Exceptions — Smoke (Continued)","specs\Smoke\8-ExceptionsSmoke.spec.ts","",""
"","8878","Validate forgot password functionality","webkit","Fri Sep 18 10:13:04 UTC 2026","passed","Fri Sep 18 10:13:12 UTC 2026","","specs\Smoke\1-LoginSmoke.spec.ts","",""
"","25184","Column filter popup applies a filter and Clear restores the full row set","webkit","Fri Sep 18 10:29:52 UTC 2026","passed","Fri Sep 18 10:30:17 UTC 2026","ACH — Smoke","specs\Smoke\7-ACHSmoke.spec.ts","",""
"","10004","Search box filters grid and clears correctly","chromium","Fri Sep 18 10:17:55 UTC 2026","passed","Fri Sep 18 10:18:05 UTC 2026","Presented Checks — Smoke","specs\Smoke\5-PresentedChecksSmoke.spec.ts","",""
"","11753","Default Decision Log sub-page loads correctly","firefox","Fri Sep 18 10:17:21 UTC 2026","passed","Fri Sep 18 10:17:32 UTC 2026","Application Navigation Smoke Tests","specs\Smoke\2-NavigationSmoke.spec.ts","",""
"","12811","Column filter popup applies a filter and Clear restores the full row set","chromium","Fri Sep 18 10:18:04 UTC 2026","passed","Fri Sep 18 10:18:17 UTC 2026","Issued Checks — Smoke (Continued)","specs\Smoke\4-IssuedChecksSmoke.spec.ts","",""
"","8147","Search box filters grid and clears correctly","chromium","Fri Sep 18 10:22:16 UTC 2026","passed","Fri Sep 18 10:22:24 UTC 2026","Exceptions — Smoke","specs\Smoke\8-ExceptionsSmoke.spec.ts","",""
"","4912","Validate Login functionality with sqlInjection","msedge","Fri Sep 18 10:32:49 UTC 2026","passed","Fri Sep 18 10:32:54 UTC 2026","","specs\Smoke\1-LoginSmoke.spec.ts","",""
"","5407","Validate forgot password functionality with No email","msedge","Fri Sep 18 10:33:09 UTC 2026","passed","Fri Sep 18 10:33:14 UTC 2026","","specs\Smoke\1-LoginSmoke.spec.ts","",""
"","6606","Verify dashboard footer footnote and privacy link are visible","msedge","Fri Sep 18 10:34:56 UTC 2026","passed","Fri Sep 18 10:35:03 UTC 2026","Home Dashboard","specs\Smoke\3-HomeDashboardSmoke.spec.ts","",""
"","15664","""View"" (Change Log) link on a row navigates to the entity log","webkit","Fri Sep 18 10:24:21 UTC 2026","passed","Fri Sep 18 10:24:36 UTC 2026","Issued Checks — Smoke (Continued)","specs\Smoke\4-IssuedChecksSmoke.spec.ts","",""
"","8241","Validate forgot password functionality with No email","firefox","Fri Sep 18 10:12:59 UTC 2026","passed","Fri Sep 18 10:13:07 UTC 2026","","specs\Smoke\1-LoginSmoke.spec.ts","",""
"","20283","Save a filter preset, verify it is auto-selected, then delete it","firefox","Fri Sep 18 10:22:24 UTC 2026","passed","Fri Sep 18 10:22:45 UTC 2026","Presented Checks — Smoke (Continued)","specs\Smoke\5-PresentedChecksSmoke.spec.ts","",""
"","17356","Saved Filters dropdown is visible and defaults to no preset","webkit","Fri Sep 18 10:28:29 UTC 2026","passed","Fri Sep 18 10:28:47 UTC 2026","Exceptions — Smoke","specs\Smoke\8-ExceptionsSmoke.spec.ts","",""
"","13659","Account Settings sub-page loads correctly","webkit","Fri Sep 18 10:12:58 UTC 2026","passed","Fri Sep 18 10:13:12 UTC 2026","Application Navigation Smoke Tests","specs\Smoke\2-NavigationSmoke.spec.ts","",""
"","6342","Users sub-page loads correctly","chromium","Fri Sep 18 10:13:35 UTC 2026","passed","Fri Sep 18 10:13:41 UTC 2026","Application Navigation Smoke Tests","specs\Smoke\2-NavigationSmoke.spec.ts","",""
"","9109","Last page arrow jumps to the final page","chromium","Fri Sep 18 10:16:46 UTC 2026","passed","Fri Sep 18 10:16:55 UTC 2026","Issued Checks — Smoke","specs\Smoke\4-IssuedChecksSmoke.spec.ts","",""
"","10427","Verify delayed data note and force refresh link are visible on dashboard","firefox","Fri Sep 18 10:17:00 UTC 2026","passed","Fri Sep 18 10:17:11 UTC 2026","Home Dashboard","specs\Smoke\3-HomeDashboardSmoke.spec.ts","",""
"","7127","Decision badge on an already-reviewed row is blocked with a system message","chromium","Fri Sep 18 10:23:46 UTC 2026","passed","Fri Sep 18 10:23:53 UTC 2026","Exceptions — Smoke (Continued)","specs\Smoke\8-ExceptionsSmoke.spec.ts","",""
"","9983","Last page arrow jumps to the final page","msedge","Fri Sep 18 10:36:52 UTC 2026","passed","Fri Sep 18 10:37:02 UTC 2026","Issued Checks — Smoke","specs\Smoke\4-IssuedChecksSmoke.spec.ts","",""
"","12314","Verify dashboard loads after successful login","webkit","Fri Sep 18 10:13:57 UTC 2026","passed","Fri Sep 18 10:14:09 UTC 2026","Home Dashboard","specs\Smoke\3-HomeDashboardSmoke.spec.ts","",""
"","6707","Validate unauthenticated access to protected route is redirected to login","webkit","Fri Sep 18 10:13:50 UTC 2026","passed","Fri Sep 18 10:13:57 UTC 2026","","specs\Smoke\1-LoginSmoke.spec.ts","",""
"","5154","Saved Filters dropdown is visible and defaults to no preset","chromium","Fri Sep 18 10:22:57 UTC 2026","passed","Fri Sep 18 10:23:02 UTC 2026","Exceptions — Smoke","specs\Smoke\8-ExceptionsSmoke.spec.ts","",""
"","13094","Grid View toggle navigates to the open-exceptions grid and shows key column headers","firefox","Fri Sep 18 10:30:06 UTC 2026","passed","Fri Sep 18 10:30:19 UTC 2026","Exceptions — Smoke (Continued)","specs\Smoke\8-ExceptionsSmoke.spec.ts","",""
"","17845","Typing a page number navigates to that page","firefox","Fri Sep 18 10:21:00 UTC 2026","passed","Fri Sep 18 10:21:18 UTC 2026","Issued Checks — Smoke","specs\Smoke\4-IssuedChecksSmoke.spec.ts","",""
"","29229","Save a filter preset, verify it is auto-selected, then delete it","firefox","Fri Sep 18 10:22:06 UTC 2026","passed","Fri Sep 18 10:22:35 UTC 2026","Issued Checks — Smoke (Continued)","specs\Smoke\4-IssuedChecksSmoke.spec.ts","",""
"","7217","Grid View toggle navigates to the open-exceptions grid and shows key column headers","chromium","Fri Sep 18 10:24:11 UTC 2026","passed","Fri Sep 18 10:24:18 UTC 2026","Exceptions — Smoke (Continued)","specs\Smoke\8-ExceptionsSmoke.spec.ts","",""
"","7484","ACH page loads correctly","msedge","Fri Sep 18 10:32:39 UTC 2026","passed","Fri Sep 18 10:32:46 UTC 2026","Application Navigation Smoke Tests","specs\Smoke\2-NavigationSmoke.spec.ts","",""
"","10084","Next page arrow advances to page 2","msedge","Fri Sep 18 10:36:52 UTC 2026","passed","Fri Sep 18 10:37:02 UTC 2026","Presented Checks — Smoke","specs\Smoke\5-PresentedChecksSmoke.spec.ts","",""
"","5666","Excel export button is visible and enabled","chromium","Fri Sep 18 10:16:23 UTC 2026","passed","Fri Sep 18 10:16:28 UTC 2026","Issued Checks — Smoke","specs\Smoke\4-IssuedChecksSmoke.spec.ts","",""
"","23972","Column filter menu applies a filter and Clear restores the full row set","webkit","Fri Sep 18 10:29:54 UTC 2026","passed","Fri Sep 18 10:30:18 UTC 2026","Exceptions — Smoke (Continued)","specs\Smoke\8-ExceptionsSmoke.spec.ts","",""
"","9949","""Edit"" link on a row navigates to the check edit form","msedge","Fri Sep 18 10:38:33 UTC 2026","passed","Fri Sep 18 10:38:43 UTC 2026","Presented Checks — Smoke (Continued)","specs\Smoke\5-PresentedChecksSmoke.spec.ts","",""
"","4414","Validate Login functionality with missingPassword","firefox","Fri Sep 18 10:12:18 UTC 2026","passed","Fri Sep 18 10:12:22 UTC 2026","","specs\Smoke\1-LoginSmoke.spec.ts","",""
"","12422","Verify Check Only tab shows Check-specific chart sections","firefox","Fri Sep 18 10:13:59 UTC 2026","passed","Fri Sep 18 10:14:11 UTC 2026","Home Dashboard","specs\Smoke\3-HomeDashboardSmoke.spec.ts","",""
"","8937","""+ Add Check"" navigates to the add-check form","msedge","Fri Sep 18 10:36:04 UTC 2026","passed","Fri Sep 18 10:36:13 UTC 2026","Presented Checks — Smoke","specs\Smoke\5-PresentedChecksSmoke.spec.ts","",""
"","8745","""Uploaded Checks"" navigates to the uploads page","msedge","Fri Sep 18 10:36:04 UTC 2026","passed","Fri Sep 18 10:36:13 UTC 2026","Issued Checks — Smoke","specs\Smoke\4-IssuedChecksSmoke.spec.ts","",""
"","15446","System Log sub-page loads correctly","firefox","Fri Sep 18 10:17:32 UTC 2026","passed","Fri Sep 18 10:17:48 UTC 2026","Application Navigation Smoke Tests","specs\Smoke\2-NavigationSmoke.spec.ts","",""
"","19107","Verify Home dashboard is restored after returning from another page","webkit","Fri Sep 18 10:18:17 UTC 2026","passed","Fri Sep 18 10:18:37 UTC 2026","Home Dashboard","specs\Smoke\3-HomeDashboardSmoke.spec.ts","",""
"","8741","Validate Login functionality with sqlInjection","webkit","Fri Sep 18 10:12:39 UTC 2026","passed","Fri Sep 18 10:12:48 UTC 2026","","specs\Smoke\1-LoginSmoke.spec.ts","",""
"","5580","Pre-Decisions page loads with either records or the empty-state message","msedge","Fri Sep 18 10:42:58 UTC 2026","passed","Fri Sep 18 10:43:03 UTC 2026","Exceptions — Smoke (Continued)","specs\Smoke\8-ExceptionsSmoke.spec.ts","",""
"","7286","Verify profile menu shows My Info and Logout links","chromium","Fri Sep 18 10:16:30 UTC 2026","passed","Fri Sep 18 10:16:37 UTC 2026","Home Dashboard","specs\Smoke\3-HomeDashboardSmoke.spec.ts","",""
"","25477","Previous page button returns to page 1, First page button re-enables disabled state","webkit","Fri Sep 18 10:28:06 UTC 2026","passed","Fri Sep 18 10:28:31 UTC 2026","ACH — Smoke","specs\Smoke\7-ACHSmoke.spec.ts","",""
"","7275","Web Hooks sub-page loads correctly","chromium","Fri Sep 18 10:15:45 UTC 2026","passed","Fri Sep 18 10:15:52 UTC 2026","Application Navigation Smoke Tests","specs\Smoke\2-NavigationSmoke.spec.ts","",""
"","14305","Validate session persists after page refresh","firefox","Fri Sep 18 10:13:16 UTC 2026","passed","Fri Sep 18 10:13:30 UTC 2026","","specs\Smoke\1-LoginSmoke.spec.ts","",""
"","5126","Approvals page loads with either records or the empty-state message","msedge","Fri Sep 18 10:42:52 UTC 2026","passed","Fri Sep 18 10:42:58 UTC 2026","Exceptions — Smoke (Continued)","specs\Smoke\8-ExceptionsSmoke.spec.ts","",""
"","23293","Grid loads with data rows and key column headers","firefox","Fri Sep 18 10:18:31 UTC 2026","passed","Fri Sep 18 10:18:55 UTC 2026","Issued Checks — Smoke","specs\Smoke\4-IssuedChecksSmoke.spec.ts","",""
"","8539","Verify navigation to Exceptions via nav menu","chromium","Fri Sep 18 10:17:05 UTC 2026","passed","Fri Sep 18 10:17:14 UTC 2026","Home Dashboard","specs\Smoke\3-HomeDashboardSmoke.spec.ts","",""
"","9996","Typing a page number navigates to that page","msedge","Fri Sep 18 10:40:18 UTC 2026","passed","Fri Sep 18 10:40:28 UTC 2026","Exceptions — Smoke","specs\Smoke\8-ExceptionsSmoke.spec.ts","",""
"","6852","Settings page loads correctly","msedge","Fri Sep 18 10:32:54 UTC 2026","passed","Fri Sep 18 10:33:01 UTC 2026","Application Navigation Smoke Tests","specs\Smoke\2-NavigationSmoke.spec.ts","",""
"","13585","ACH breadcrumb link is visible on the page","firefox","Fri Sep 18 10:29:53 UTC 2026","passed","Fri Sep 18 10:30:06 UTC 2026","ACH — Smoke","specs\Smoke\7-ACHSmoke.spec.ts","",""
"","16397","ACH Approval Rules sub-page loads correctly","webkit","Fri Sep 18 10:17:33 UTC 2026","passed","Fri Sep 18 10:17:50 UTC 2026","Application Navigation Smoke Tests","specs\Smoke\2-NavigationSmoke.spec.ts","",""
"","7140","Validate Login functionality with caseSensitiveEmail","msedge","Fri Sep 18 10:32:13 UTC 2026","passed","Fri Sep 18 10:32:20 UTC 2026","","specs\Smoke\1-LoginSmoke.spec.ts","",""
"","9746","Excel export button is visible and enabled","chromium","Fri Sep 18 10:18:05 UTC 2026","passed","Fri Sep 18 10:18:14 UTC 2026","Presented Checks — Smoke","specs\Smoke\5-PresentedChecksSmoke.spec.ts","",""
"","23542","Pay/Return decision badge navigates to exception history","firefox","Fri Sep 18 10:29:29 UTC 2026","passed","Fri Sep 18 10:29:53 UTC 2026","ACH — Smoke","specs\Smoke\7-ACHSmoke.spec.ts","",""
"","10939","Previous page button returns to page 1, First page button re-enables disabled state","msedge","Fri Sep 18 10:37:23 UTC 2026","passed","Fri Sep 18 10:37:34 UTC 2026","Presented Checks — Smoke","specs\Smoke\5-PresentedChecksSmoke.spec.ts","",""
"","13045","Teller page loads correctly","firefox","Fri Sep 18 10:12:16 UTC 2026","passed","Fri Sep 18 10:12:29 UTC 2026","Application Navigation Smoke Tests","specs\Smoke\2-NavigationSmoke.spec.ts","",""
"","17921","Clicking a column header sorts ascending, clicking again sorts descending","webkit","Fri Sep 18 10:23:20 UTC 2026","passed","Fri Sep 18 10:23:38 UTC 2026","Issued Checks — Smoke (Continued)","specs\Smoke\4-IssuedChecksSmoke.spec.ts","",""
"","9768","ACH breadcrumb link is visible on the page","chromium","Fri Sep 18 10:22:06 UTC 2026","passed","Fri Sep 18 10:22:16 UTC 2026","ACH — Smoke","specs\Smoke\7-ACHSmoke.spec.ts","",""
"","13930","Verify navigation to Presented Checks via nav menu","webkit","Fri Sep 18 10:18:51 UTC 2026","passed","Fri Sep 18 10:19:05 UTC 2026","Home Dashboard","specs\Smoke\3-HomeDashboardSmoke.spec.ts","",""
"","16243","Page size change to 10 updates pagination info in bottom-right pager","webkit","Fri Sep 18 10:20:48 UTC 2026","passed","Fri Sep 18 10:21:04 UTC 2026","Issued Checks — Smoke","specs\Smoke\4-IssuedChecksSmoke.spec.ts","",""
"","18304","Save a filter preset, verify it is auto-selected, then delete it","msedge","Fri Sep 18 10:37:51 UTC 2026","passed","Fri Sep 18 10:38:10 UTC 2026","Presented Checks — Smoke (Continued)","specs\Smoke\5-PresentedChecksSmoke.spec.ts","",""
"","17300","Grid loads with data rows and key column headers","webkit","Fri Sep 18 10:25:28 UTC 2026","passed","Fri Sep 18 10:25:46 UTC 2026","ACH — Smoke","specs\Smoke\7-ACHSmoke.spec.ts","",""
"","17970","""View"" (Change Log) link on a row navigates to the entity log","webkit","Fri Sep 18 10:30:17 UTC 2026","passed","Fri Sep 18 10:30:35 UTC 2026","ACH — Smoke","specs\Smoke\7-ACHSmoke.spec.ts","",""
"","17376","""Delete"" on a row shows a confirm modal; Cancel dismisses it without deleting","firefox","Fri Sep 18 10:23:46 UTC 2026","passed","Fri Sep 18 10:24:04 UTC 2026","Issued Checks — Smoke (Continued)","specs\Smoke\4-IssuedChecksSmoke.spec.ts","",""
"","11740","Verify summary KPI values have expected number formats","webkit","Fri Sep 18 10:17:23 UTC 2026","passed","Fri Sep 18 10:17:35 UTC 2026","Home Dashboard","specs\Smoke\3-HomeDashboardSmoke.spec.ts","",""
"","16108","Verify ACH Only tab shows ACH-specific chart sections","webkit","Fri Sep 18 10:14:48 UTC 2026","passed","Fri Sep 18 10:15:05 UTC 2026","Home Dashboard","specs\Smoke\3-HomeDashboardSmoke.spec.ts","",""
"","33894","Automatic Check Decision Rules sub-page loads correctly","webkit","Fri Sep 18 10:16:08 UTC 2026","passed","Fri Sep 18 10:16:42 UTC 2026","Application Navigation Smoke Tests","specs\Smoke\2-NavigationSmoke.spec.ts","",""
"","5223","Validate Login functionality with xssInUsername","msedge","Fri Sep 18 10:32:54 UTC 2026","passed","Fri Sep 18 10:32:59 UTC 2026","","specs\Smoke\1-LoginSmoke.spec.ts","",""
"","6348","Settings page loads correctly","chromium","Fri Sep 18 10:13:12 UTC 2026","passed","Fri Sep 18 10:13:19 UTC 2026","Application Navigation Smoke Tests","specs\Smoke\2-NavigationSmoke.spec.ts","",""
"","10643","Validate Login functionality with caseSensitiveEmail","webkit","Fri Sep 18 10:11:34 UTC 2026","passed","Fri Sep 18 10:11:44 UTC 2026","","specs\Smoke\1-LoginSmoke.spec.ts","",""
"","3878","Pre-Decisions page loads with either records or the empty-state message","chromium","Fri Sep 18 10:24:22 UTC 2026","passed","Fri Sep 18 10:24:26 UTC 2026","Exceptions — Smoke (Continued)","specs\Smoke\8-ExceptionsSmoke.spec.ts","",""
"","7982","Notification Log sub-page loads correctly","chromium","Fri Sep 18 10:15:07 UTC 2026","passed","Fri Sep 18 10:15:15 UTC 2026","Application Navigation Smoke Tests","specs\Smoke\2-NavigationSmoke.spec.ts","",""
"","10844","Search box filters grid and clears correctly","msedge","Fri Sep 18 10:39:39 UTC 2026","passed","Fri Sep 18 10:39:50 UTC 2026","ACH — Smoke","specs\Smoke\7-ACHSmoke.spec.ts","",""
"","12256","Previous page button returns to page 1, First page button re-enables disabled state","chromium","Fri Sep 18 10:18:52 UTC 2026","passed","Fri Sep 18 10:19:04 UTC 2026","Presented Checks — Smoke","specs\Smoke\5-PresentedChecksSmoke.spec.ts","",""
"","8408","Check Approval Rules sub-page loads correctly","msedge","Fri Sep 18 10:34:29 UTC 2026","passed","Fri Sep 18 10:34:37 UTC 2026","Application Navigation Smoke Tests","specs\Smoke\2-NavigationSmoke.spec.ts","",""
"","8696","Validate teller presented-check form shows all required fields","msedge","Fri Sep 18 10:39:03 UTC 2026","passed","Fri Sep 18 10:39:12 UTC 2026","Teller - Smoke","specs\Smoke\6-TellerSmoke.spec.ts","",""
"","12091","Home page is accessible and shows dashboard","msedge","Fri Sep 18 10:32:01 UTC 2026","passed","Fri Sep 18 10:32:13 UTC 2026","Application Navigation Smoke Tests","specs\Smoke\2-NavigationSmoke.spec.ts","",""
"","6712","Open Exceptions page loads with either exception cards or the empty-state message","chromium","Fri Sep 18 10:24:04 UTC 2026","passed","Fri Sep 18 10:24:11 UTC 2026","Exceptions — Smoke (Continued)","specs\Smoke\8-ExceptionsSmoke.spec.ts","",""
"","16021","Holiday Schedules sub-page loads correctly","webkit","Fri Sep 18 10:14:36 UTC 2026","passed","Fri Sep 18 10:14:52 UTC 2026","Application Navigation Smoke Tests","specs\Smoke\2-NavigationSmoke.spec.ts","",""
"","7797","File Formats sub-page loads correctly","chromium","Fri Sep 18 10:14:19 UTC 2026","passed","Fri Sep 18 10:14:26 UTC 2026","Application Navigation Smoke Tests","specs\Smoke\2-NavigationSmoke.spec.ts","",""
"","4956","Validate forgot password with unregistered email","msedge","Fri Sep 18 10:33:15 UTC 2026","passed","Fri Sep 18 10:33:19 UTC 2026","","specs\Smoke\1-LoginSmoke.spec.ts","",""
"","7330","Verify navigation to Presented Checks via nav menu","msedge","Fri Sep 18 10:35:27 UTC 2026","passed","Fri Sep 18 10:35:34 UTC 2026","Home Dashboard","specs\Smoke\3-HomeDashboardSmoke.spec.ts","",""
"","20711","Previous page button returns to page 1, First page button re-enables disabled state","firefox","Fri Sep 18 10:27:05 UTC 2026","passed","Fri Sep 18 10:27:26 UTC 2026","ACH — Smoke","specs\Smoke\7-ACHSmoke.spec.ts","",""
"","4598","Validate Login functionality with missingUsername","msedge","Fri Sep 18 10:32:44 UTC 2026","passed","Fri Sep 18 10:32:49 UTC 2026","","specs\Smoke\1-LoginSmoke.spec.ts","",""
"","8514","Search box filters grid and clears correctly","chromium","Fri Sep 18 10:16:14 UTC 2026","passed","Fri Sep 18 10:16:23 UTC 2026","Issued Checks — Smoke","specs\Smoke\4-IssuedChecksSmoke.spec.ts","",""
"","15678","Excel export button is visible and enabled","firefox","Fri Sep 18 10:25:42 UTC 2026","passed","Fri Sep 18 10:25:57 UTC 2026","ACH — Smoke","specs\Smoke\7-ACHSmoke.spec.ts","",""
"","15965","Saved Filters dropdown is visible and defaults to no preset","firefox","Fri Sep 18 10:27:11 UTC 2026","passed","Fri Sep 18 10:27:27 UTC 2026","Exceptions — Smoke","specs\Smoke\8-ExceptionsSmoke.spec.ts","",""
"","12922","ACH Approval Rules sub-page loads correctly","firefox","Fri Sep 18 10:16:50 UTC 2026","passed","Fri Sep 18 10:17:03 UTC 2026","Application Navigation Smoke Tests","specs\Smoke\2-NavigationSmoke.spec.ts","",""
"","17049","Verify Total Exceptions and Total Exception Amount labels are visible","webkit","Fri Sep 18 10:17:06 UTC 2026","passed","Fri Sep 18 10:17:23 UTC 2026","Home Dashboard","specs\Smoke\3-HomeDashboardSmoke.spec.ts","",""
"","7380","Navigation tabs to Pre-Decisions, Approvals, and Exception History are visible","msedge","Fri Sep 18 10:42:29 UTC 2026","passed","Fri Sep 18 10:42:36 UTC 2026","Exceptions — Smoke (Continued)","specs\Smoke\8-ExceptionsSmoke.spec.ts","",""
"","4765","Validate Login functionality with incorrectUsername","chromium","Fri Sep 18 10:12:48 UTC 2026","passed","Fri Sep 18 10:12:52 UTC 2026","","specs\Smoke\1-LoginSmoke.spec.ts","",""
"","6745","Approvals page loads with either records or the empty-state message","firefox","Fri Sep 18 10:30:19 UTC 2026","passed","Fri Sep 18 10:30:26 UTC 2026","Exceptions — Smoke (Continued)","specs\Smoke\8-ExceptionsSmoke.spec.ts","",""
"","9576","Typing a page number navigates to that page","chromium","Fri Sep 18 10:16:55 UTC 2026","passed","Fri Sep 18 10:17:04 UTC 2026","Issued Checks — Smoke","specs\Smoke\4-IssuedChecksSmoke.spec.ts","",""
"","7473","Verify tab-specific charts are hidden for opposite tab","msedge","Fri Sep 18 10:34:28 UTC 2026","passed","Fri Sep 18 10:34:36 UTC 2026","Home Dashboard","specs\Smoke\3-HomeDashboardSmoke.spec.ts","",""
"","14888","API link is visible and points to swagger","webkit","Fri Sep 18 10:18:48 UTC 2026","passed","Fri Sep 18 10:19:03 UTC 2026","Application Navigation Smoke Tests","specs\Smoke\2-NavigationSmoke.spec.ts","",""
"","16082","Last page arrow jumps to the final page","firefox","Fri Sep 18 10:21:01 UTC 2026","passed","Fri Sep 18 10:21:17 UTC 2026","Presented Checks — Smoke","specs\Smoke\5-PresentedChecksSmoke.spec.ts","",""
"","11296","Search box filters grid and clears correctly","msedge","Fri Sep 18 10:36:22 UTC 2026","passed","Fri Sep 18 10:36:34 UTC 2026","Presented Checks — Smoke","specs\Smoke\5-PresentedChecksSmoke.spec.ts","",""
"","14447","Default filter auto-applies after logout and re-login","firefox","Fri Sep 18 10:21:52 UTC 2026","skipped","Fri Sep 18 10:22:06 UTC 2026","Issued Checks — Default Filter (Serial)","specs\Smoke\4-IssuedChecksSmoke.spec.ts","",""
"","7891","Open Exceptions page loads with either exception cards or the empty-state message","msedge","Fri Sep 18 10:42:36 UTC 2026","passed","Fri Sep 18 10:42:44 UTC 2026","Exceptions — Smoke (Continued)","specs\Smoke\8-ExceptionsSmoke.spec.ts","",""
"","18594","Validate session persists after page refresh","webkit","Fri Sep 18 10:13:31 UTC 2026","passed","Fri Sep 18 10:13:50 UTC 2026","","specs\Smoke\1-LoginSmoke.spec.ts","",""
"","7101","ACH Approval Rules sub-page loads correctly","chromium","Fri Sep 18 10:15:00 UTC 2026","passed","Fri Sep 18 10:15:07 UTC 2026","Application Navigation Smoke Tests","specs\Smoke\2-NavigationSmoke.spec.ts","",""
"","17486","Next page arrow advances to page 2","firefox","Fri Sep 18 10:20:24 UTC 2026","passed","Fri Sep 18 10:20:41 UTC 2026","Issued Checks — Smoke","specs\Smoke\4-IssuedChecksSmoke.spec.ts","",""
"","26458","Decision badge on an already-reviewed row is blocked with a system message","webkit","Fri Sep 18 10:30:47 UTC 2026","passed","Fri Sep 18 10:31:13 UTC 2026","Exceptions — Smoke (Continued)","specs\Smoke\8-ExceptionsSmoke.spec.ts","",""
"","20760","Column filter popup applies a filter and Clear restores the full row set","firefox","Fri Sep 18 10:22:54 UTC 2026","passed","Fri Sep 18 10:23:15 UTC 2026","Issued Checks — Smoke (Continued)","specs\Smoke\4-IssuedChecksSmoke.spec.ts","",""
"","18564","Clicking a column header sorts ascending, clicking again sorts descending","firefox","Fri Sep 18 10:22:35 UTC 2026","passed","Fri Sep 18 10:22:54 UTC 2026","Issued Checks — Smoke (Continued)","specs\Smoke\4-IssuedChecksSmoke.spec.ts","",""
"","21155","Excel export button is visible and enabled","firefox","Fri Sep 18 10:20:12 UTC 2026","passed","Fri Sep 18 10:20:33 UTC 2026","Presented Checks — Smoke","specs\Smoke\5-PresentedChecksSmoke.spec.ts","",""
"","6477","Branding sub-page loads correctly","chromium","Fri Sep 18 10:13:49 UTC 2026","passed","Fri Sep 18 10:13:56 UTC 2026","Application Navigation Smoke Tests","specs\Smoke\2-NavigationSmoke.spec.ts","",""
"","6588","Teller page loads correctly","chromium","Fri Sep 18 10:12:52 UTC 2026","passed","Fri Sep 18 10:12:58 UTC 2026","Application Navigation Smoke Tests","specs\Smoke\2-NavigationSmoke.spec.ts","",""
"","11204","Next page arrow advances to page 2","chromium","Fri Sep 18 10:18:23 UTC 2026","passed","Fri Sep 18 10:18:34 UTC 2026","Presented Checks — Smoke","specs\Smoke\5-PresentedChecksSmoke.spec.ts","",""
"","14562","Branding sub-page loads correctly","webkit","Fri Sep 18 10:13:52 UTC 2026","passed","Fri Sep 18 10:14:06 UTC 2026","Application Navigation Smoke Tests","specs\Smoke\2-NavigationSmoke.spec.ts","",""
"","4915","Typing a page number navigates to that page","chromium","Fri Sep 18 10:22:45 UTC 2026","passed","Fri Sep 18 10:22:50 UTC 2026","Exceptions — Smoke","specs\Smoke\8-ExceptionsSmoke.spec.ts","",""
"","12459","Column filter popup applies a filter and Clear restores the full row set","msedge","Fri Sep 18 10:38:09 UTC 2026","passed","Fri Sep 18 10:38:21 UTC 2026","Issued Checks — Smoke (Continued)","specs\Smoke\4-IssuedChecksSmoke.spec.ts","",""
"","7292","Account Settings sub-page loads correctly","msedge","Fri Sep 18 10:33:01 UTC 2026","passed","Fri Sep 18 10:33:08 UTC 2026","Application Navigation Smoke Tests","specs\Smoke\2-NavigationSmoke.spec.ts","",""
"","13838","Presented Checks page loads correctly","webkit","Fri Sep 18 10:11:49 UTC 2026","passed","Fri Sep 18 10:12:03 UTC 2026","Application Navigation Smoke Tests","specs\Smoke\2-NavigationSmoke.spec.ts","",""
"","7424","Exceptions page loads correctly","chromium","Fri Sep 18 10:13:05 UTC 2026","passed","Fri Sep 18 10:13:12 UTC 2026","Application Navigation Smoke Tests","specs\Smoke\2-NavigationSmoke.spec.ts","",""
"","15864","Excel export button is visible and enabled","webkit","Fri Sep 18 10:20:32 UTC 2026","passed","Fri Sep 18 10:20:48 UTC 2026","Issued Checks — Smoke","specs\Smoke\4-IssuedChecksSmoke.spec.ts","",""
"","6420","""View"" link on a row opens the Exception Details dialog","chromium","Fri Sep 18 10:23:39 UTC 2026","passed","Fri Sep 18 10:23:46 UTC 2026","Exceptions — Smoke (Continued)","specs\Smoke\8-ExceptionsSmoke.spec.ts","",""
"","10733","Validate forgot password functionality with No email","webkit","Fri Sep 18 10:13:12 UTC 2026","passed","Fri Sep 18 10:13:23 UTC 2026","","specs\Smoke\1-LoginSmoke.spec.ts","",""
"","9075","Excel export button is visible and enabled","msedge","Fri Sep 18 10:39:50 UTC 2026","passed","Fri Sep 18 10:39:59 UTC 2026","ACH — Smoke","specs\Smoke\7-ACHSmoke.spec.ts","",""
"","17599","Search box filters grid and clears correctly","webkit","Fri Sep 18 10:20:46 UTC 2026","passed","Fri Sep 18 10:21:04 UTC 2026","Presented Checks — Smoke","specs\Smoke\5-PresentedChecksSmoke.spec.ts","",""
"","32280","Default filter auto-applies after logout and re-login","chromium","Fri Sep 18 10:20:13 UTC 2026","passed","Fri Sep 18 10:20:45 UTC 2026","Presented Checks — Default Filter (Serial)","specs\Smoke\5-PresentedChecksSmoke.spec.ts","",""
"","16456","Search box filters grid and clears correctly","firefox","Fri Sep 18 10:25:06 UTC 2026","passed","Fri Sep 18 10:25:23 UTC 2026","Exceptions — Smoke","specs\Smoke\8-ExceptionsSmoke.spec.ts","",""
"","9245","""Edit"" link on a row navigates to the check edit form","chromium","Fri Sep 18 10:21:21 UTC 2026","passed","Fri Sep 18 10:21:30 UTC 2026","Presented Checks — Smoke (Continued)","specs\Smoke\5-PresentedChecksSmoke.spec.ts","",""
"","6805","Verify navigation to Exceptions via nav menu","msedge","Fri Sep 18 10:35:42 UTC 2026","passed","Fri Sep 18 10:35:49 UTC 2026","Home Dashboard","specs\Smoke\3-HomeDashboardSmoke.spec.ts","",""
"","15268","""+ Add Check"" navigates to the add-check form","firefox","Fri Sep 18 10:19:19 UTC 2026","passed","Fri Sep 18 10:19:35 UTC 2026","Presented Checks — Smoke","specs\Smoke\5-PresentedChecksSmoke.spec.ts","",""
"","12314","""+ Add Check"" navigates to the add-check form","chromium","Fri Sep 18 10:17:31 UTC 2026","passed","Fri Sep 18 10:17:43 UTC 2026","Presented Checks — Smoke","specs\Smoke\5-PresentedChecksSmoke.spec.ts","",""
"","18536","""Delete"" on a row shows a confirm modal; Cancel dismisses it without deleting","webkit","Fri Sep 18 10:24:36 UTC 2026","passed","Fri Sep 18 10:24:55 UTC 2026","Issued Checks — Smoke (Continued)","specs\Smoke\4-IssuedChecksSmoke.spec.ts","",""
"","17463","Verify navigation to Settings via nav menu","firefox","Fri Sep 18 10:18:40 UTC 2026","passed","Fri Sep 18 10:18:57 UTC 2026","Home Dashboard","specs\Smoke\3-HomeDashboardSmoke.spec.ts","",""
"","19988","""Uploaded Checks"" navigates to the uploads page","webkit","Fri Sep 18 10:19:53 UTC 2026","passed","Fri Sep 18 10:20:13 UTC 2026","Issued Checks — Smoke","specs\Smoke\4-IssuedChecksSmoke.spec.ts","",""
"","8058","Verify chart title changes with selected tab","chromium","Fri Sep 18 10:14:42 UTC 2026","passed","Fri Sep 18 10:14:50 UTC 2026","Home Dashboard","specs\Smoke\3-HomeDashboardSmoke.spec.ts","",""
"","15435","Exceptions breadcrumb link is visible on the page","webkit","Fri Sep 18 10:31:13 UTC 2026","passed","Fri Sep 18 10:31:29 UTC 2026","Exceptions — Smoke (Continued)","specs\Smoke\8-ExceptionsSmoke.spec.ts","",""
"","14399","Verify profile menu shows My Info and Logout links","webkit","Fri Sep 18 10:18:03 UTC 2026","passed","Fri Sep 18 10:18:17 UTC 2026","Home Dashboard","specs\Smoke\3-HomeDashboardSmoke.spec.ts","",""
"","7163","""+ Add Check"" navigates to the add-check form","chromium","Fri Sep 18 10:16:00 UTC 2026","passed","Fri Sep 18 10:16:07 UTC 2026","Issued Checks — Smoke","specs\Smoke\4-IssuedChecksSmoke.spec.ts","",""
"","15410","Verify navigation to Settings via nav menu","webkit","Fri Sep 18 10:19:34 UTC 2026","passed","Fri Sep 18 10:19:49 UTC 2026","Home Dashboard","specs\Smoke\3-HomeDashboardSmoke.spec.ts","",""
"","15258","System Log sub-page loads correctly","webkit","Fri Sep 18 10:18:18 UTC 2026","passed","Fri Sep 18 10:18:33 UTC 2026","Application Navigation Smoke Tests","specs\Smoke\2-NavigationSmoke.spec.ts","",""
"","8616","File Formats sub-page loads correctly","msedge","Fri Sep 18 10:34:03 UTC 2026","passed","Fri Sep 18 10:34:12 UTC 2026","Application Navigation Smoke Tests","specs\Smoke\2-NavigationSmoke.spec.ts","",""
"","13924","Verify navigation to Issued Checks via nav menu","webkit","Fri Sep 18 10:18:37 UTC 2026","passed","Fri Sep 18 10:18:51 UTC 2026","Home Dashboard","specs\Smoke\3-HomeDashboardSmoke.spec.ts","",""
"","5011","Validate forgot password functionality","chromium","Fri Sep 18 10:13:26 UTC 2026","passed","Fri Sep 18 10:13:31 UTC 2026","","specs\Smoke\1-LoginSmoke.spec.ts","",""
"","7816","Verify Total Exceptions and Total Exception Amount labels are visible","firefox","Fri Sep 18 10:16:41 UTC 2026","passed","Fri Sep 18 10:16:49 UTC 2026","Home Dashboard","specs\Smoke\3-HomeDashboardSmoke.spec.ts","",""
"","9331","Open Exceptions page loads with either exception cards or the empty-state message","webkit","Fri Sep 18 10:31:46 UTC 2026","passed","Fri Sep 18 10:31:55 UTC 2026","Exceptions — Smoke (Continued)","specs\Smoke\8-ExceptionsSmoke.spec.ts","",""
"","30340","Save a filter preset, verify it is auto-selected, then delete it","webkit","Fri Sep 18 10:23:21 UTC 2026","passed","Fri Sep 18 10:23:51 UTC 2026","Presented Checks — Smoke (Continued)","specs\Smoke\5-PresentedChecksSmoke.spec.ts","",""
"","5479","Validate Login functionality with missingPassword","msedge","Fri Sep 18 10:32:39 UTC 2026","passed","Fri Sep 18 10:32:44 UTC 2026","","specs\Smoke\1-LoginSmoke.spec.ts","",""
"","12424","Save a filter preset, verify it is auto-selected, then delete it","chromium","Fri Sep 18 10:20:46 UTC 2026","passed","Fri Sep 18 10:20:58 UTC 2026","Presented Checks — Smoke (Continued)","specs\Smoke\5-PresentedChecksSmoke.spec.ts","",""
"","16987","Grid loads with data rows and key column headers","webkit","Fri Sep 18 10:19:19 UTC 2026","passed","Fri Sep 18 10:19:36 UTC 2026","Issued Checks — Smoke","specs\Smoke\4-IssuedChecksSmoke.spec.ts","",""
"","30394","Save a filter preset, verify it is auto-selected, then delete it","webkit","Fri Sep 18 10:29:02 UTC 2026","passed","Fri Sep 18 10:29:33 UTC 2026","ACH — Smoke","specs\Smoke\7-ACHSmoke.spec.ts","",""
"","8431","Roles/Permissions sub-page loads correctly","chromium","Fri Sep 18 10:13:41 UTC 2026","passed","Fri Sep 18 10:13:49 UTC 2026","Application Navigation Smoke Tests","specs\Smoke\2-NavigationSmoke.spec.ts","",""
"","12355","""View"" link on a row opens the Exception Details dialog","msedge","Fri Sep 18 10:41:35 UTC 2026","passed","Fri Sep 18 10:41:47 UTC 2026","Exceptions — Smoke (Continued)","specs\Smoke\8-ExceptionsSmoke.spec.ts","",""
"","8975","Issued Checks page loads correctly","msedge","Fri Sep 18 10:32:14 UTC 2026","passed","Fri Sep 18 10:32:23 UTC 2026","Application Navigation Smoke Tests","specs\Smoke\2-NavigationSmoke.spec.ts","",""
"","9335","Last page arrow jumps to the final page","chromium","Fri Sep 18 10:18:34 UTC 2026","passed","Fri Sep 18 10:18:44 UTC 2026","Presented Checks — Smoke","specs\Smoke\5-PresentedChecksSmoke.spec.ts","",""
"","17581","""Edit"" link on a row navigates to the check edit form","firefox","Fri Sep 18 10:23:25 UTC 2026","passed","Fri Sep 18 10:23:43 UTC 2026","Presented Checks — Smoke (Continued)","specs\Smoke\5-PresentedChecksSmoke.spec.ts","",""
"","9269","Typing a page number navigates to that page","msedge","Fri Sep 18 10:40:26 UTC 2026","passed","Fri Sep 18 10:40:36 UTC 2026","ACH — Smoke","specs\Smoke\7-ACHSmoke.spec.ts","",""
"","8460","""View"" (Change Log) link on a row navigates to the entity log","chromium","Fri Sep 18 10:18:25 UTC 2026","passed","Fri Sep 18 10:18:33 UTC 2026","Issued Checks — Smoke (Continued)","specs\Smoke\4-IssuedChecksSmoke.spec.ts","",""
"","15158","Default filter auto-applies after logout and re-login","firefox","Fri Sep 18 10:27:43 UTC 2026","skipped","Fri Sep 18 10:27:58 UTC 2026","ACH — Smoke","specs\Smoke\7-ACHSmoke.spec.ts","",""
"","15272","Open Exceptions page loads with either exception cards or the empty-state message","firefox","Fri Sep 18 10:29:51 UTC 2026","passed","Fri Sep 18 10:30:06 UTC 2026","Exceptions — Smoke (Continued)","specs\Smoke\8-ExceptionsSmoke.spec.ts","",""
"","17830","""Delete"" on a row shows a confirm modal; Cancel dismisses it without deleting","webkit","Fri Sep 18 10:30:35 UTC 2026","passed","Fri Sep 18 10:30:53 UTC 2026","ACH — Smoke","specs\Smoke\7-ACHSmoke.spec.ts","",""
"","17972","Search box filters grid and clears correctly","firefox","Fri Sep 18 10:19:35 UTC 2026","passed","Fri Sep 18 10:19:53 UTC 2026","Issued Checks — Smoke","specs\Smoke\4-IssuedChecksSmoke.spec.ts","",""
"","11312","File Processing sub-page loads correctly","firefox","Fri Sep 18 10:17:48 UTC 2026","passed","Fri Sep 18 10:17:59 UTC 2026","Application Navigation Smoke Tests","specs\Smoke\2-NavigationSmoke.spec.ts","",""
"","14960","Typing a page number navigates to that page","webkit","Fri Sep 18 10:22:12 UTC 2026","passed","Fri Sep 18 10:22:27 UTC 2026","Presented Checks — Smoke","specs\Smoke\5-PresentedChecksSmoke.spec.ts","",""
"","7397","Saved Filters dropdown is visible and defaults to no preset","chromium","Fri Sep 18 10:17:14 UTC 2026","passed","Fri Sep 18 10:17:21 UTC 2026","Issued Checks — Smoke","specs\Smoke\4-IssuedChecksSmoke.spec.ts","",""
"","5585","Validate forgot password functionality","msedge","Fri Sep 18 10:33:03 UTC 2026","passed","Fri Sep 18 10:33:09 UTC 2026","","specs\Smoke\1-LoginSmoke.spec.ts","",""
"","7938","""Edit"" link on a row navigates to the check edit form","chromium","Fri Sep 18 10:18:17 UTC 2026","passed","Fri Sep 18 10:18:25 UTC 2026","Issued Checks — Smoke (Continued)","specs\Smoke\4-IssuedChecksSmoke.spec.ts","",""
"","22964","Automatic ACH Decision Rules sub-page loads correctly","firefox","Fri Sep 18 10:16:27 UTC 2026","passed","Fri Sep 18 10:16:50 UTC 2026","Application Navigation Smoke Tests","specs\Smoke\2-NavigationSmoke.spec.ts","",""
"","10390","Next page arrow advances to page 2","msedge","Fri Sep 18 10:36:42 UTC 2026","passed","Fri Sep 18 10:36:52 UTC 2026","Issued Checks — Smoke","specs\Smoke\4-IssuedChecksSmoke.spec.ts","",""
"","4240","Approvals page loads with either records or the empty-state message","chromium","Fri Sep 18 10:24:18 UTC 2026","passed","Fri Sep 18 10:24:22 UTC 2026","Exceptions — Smoke (Continued)","specs\Smoke\8-ExceptionsSmoke.spec.ts","",""
"","6314","ACH page loads correctly","chromium","Fri Sep 18 10:12:58 UTC 2026","passed","Fri Sep 18 10:13:05 UTC 2026","Application Navigation Smoke Tests","specs\Smoke\2-NavigationSmoke.spec.ts","",""
"","14558","Clicking a column header sorts ascending, clicking again sorts descending","firefox","Fri Sep 18 10:28:24 UTC 2026","passed","Fri Sep 18 10:28:39 UTC 2026","ACH — Smoke","specs\Smoke\7-ACHSmoke.spec.ts","",""
"","35566","Pay/Return decision badge navigates to exception history","webkit","Fri Sep 18 10:30:53 UTC 2026","passed","Fri Sep 18 10:31:28 UTC 2026","ACH — Smoke","specs\Smoke\7-ACHSmoke.spec.ts","",""
"","7283","Business Clients sub-page loads correctly","msedge","Fri Sep 18 10:33:08 UTC 2026","passed","Fri Sep 18 10:33:16 UTC 2026","Application Navigation Smoke Tests","specs\Smoke\2-NavigationSmoke.spec.ts","",""
"","13261","Users sub-page loads correctly","webkit","Fri Sep 18 10:13:24 UTC 2026","passed","Fri Sep 18 10:13:37 UTC 2026","Application Navigation Smoke Tests","specs\Smoke\2-NavigationSmoke.spec.ts","",""
"","6139","Verify summary KPI values have expected number formats","chromium","Fri Sep 18 10:15:05 UTC 2026","passed","Fri Sep 18 10:15:11 UTC 2026","Home Dashboard","specs\Smoke\3-HomeDashboardSmoke.spec.ts","",""
"","16150","""Uploaded ACH"" navigates to the uploads page","webkit","Fri Sep 18 10:26:02 UTC 2026","passed","Fri Sep 18 10:26:19 UTC 2026","ACH — Smoke","specs\Smoke\7-ACHSmoke.spec.ts","",""
"","16090","Issued Checks breadcrumb link is visible on the page","webkit","Fri Sep 18 10:24:55 UTC 2026","passed","Fri Sep 18 10:25:11 UTC 2026","Issued Checks — Smoke (Continued)","specs\Smoke\4-IssuedChecksSmoke.spec.ts","",""
"","20956","Users sub-page loads correctly","firefox","Fri Sep 18 10:14:09 UTC 2026","passed","Fri Sep 18 10:14:30 UTC 2026","Application Navigation Smoke Tests","specs\Smoke\2-NavigationSmoke.spec.ts","",""
"","5228","Validate Login functionality with sqlInjection","firefox","Fri Sep 18 10:12:27 UTC 2026","passed","Fri Sep 18 10:12:32 UTC 2026","","specs\Smoke\1-LoginSmoke.spec.ts","",""
"","17767","Last page arrow jumps to the final page","webkit","Fri Sep 18 10:21:21 UTC 2026","passed","Fri Sep 18 10:21:39 UTC 2026","Issued Checks — Smoke","specs\Smoke\4-IssuedChecksSmoke.spec.ts","",""
"","22341","""Uploaded Checks"" navigates to the uploads page","firefox","Fri Sep 18 10:19:12 UTC 2026","passed","Fri Sep 18 10:19:35 UTC 2026","Issued Checks — Smoke","specs\Smoke\4-IssuedChecksSmoke.spec.ts","",""
"","20702","Search box filters grid and clears correctly","firefox","Fri Sep 18 10:19:51 UTC 2026","passed","Fri Sep 18 10:20:12 UTC 2026","Presented Checks — Smoke","specs\Smoke\5-PresentedChecksSmoke.spec.ts","",""
"","15252","Page size change to 10 updates pagination info in bottom-right pager","firefox","Fri Sep 18 10:20:08 UTC 2026","passed","Fri Sep 18 10:20:24 UTC 2026","Issued Checks — Smoke","specs\Smoke\4-IssuedChecksSmoke.spec.ts","",""
"","7139","""Uploaded Checks"" navigates to the uploads page","chromium","Fri Sep 18 10:16:07 UTC 2026","passed","Fri Sep 18 10:16:14 UTC 2026","Issued Checks — Smoke","specs\Smoke\4-IssuedChecksSmoke.spec.ts","",""
"","5414","Validate Login functionality with missingUsername","chromium","Fri Sep 18 10:13:07 UTC 2026","passed","Fri Sep 18 10:13:12 UTC 2026","","specs\Smoke\1-LoginSmoke.spec.ts","",""
"","15993","""View"" (Change Log) link on a row navigates to the entity log","firefox","Fri Sep 18 10:23:30 UTC 2026","passed","Fri Sep 18 10:23:46 UTC 2026","Issued Checks — Smoke (Continued)","specs\Smoke\4-IssuedChecksSmoke.spec.ts","",""
"","7994","Validate forgot password with unregistered email","webkit","Fri Sep 18 10:13:23 UTC 2026","passed","Fri Sep 18 10:13:31 UTC 2026","","specs\Smoke\1-LoginSmoke.spec.ts","",""
"","8946","Save a filter preset, verify it is auto-selected, then delete it","chromium","Fri Sep 18 10:23:17 UTC 2026","passed","Fri Sep 18 10:23:26 UTC 2026","Exceptions — Smoke (Continued)","specs\Smoke\8-ExceptionsSmoke.spec.ts","",""
"","17096","Home page is accessible and shows dashboard","webkit","Fri Sep 18 10:11:17 UTC 2026","passed","Fri Sep 18 10:11:34 UTC 2026","Application Navigation Smoke Tests","specs\Smoke\2-NavigationSmoke.spec.ts","",""
"","8336","Page size change to 10 updates pagination info in bottom-right pager","msedge","Fri Sep 18 10:39:59 UTC 2026","passed","Fri Sep 18 10:40:08 UTC 2026","ACH — Smoke","specs\Smoke\7-ACHSmoke.spec.ts","",""
"","9835","Verify delayed data note and force refresh link are visible on dashboard","chromium","Fri Sep 18 10:15:11 UTC 2026","passed","Fri Sep 18 10:15:21 UTC 2026","Home Dashboard","specs\Smoke\3-HomeDashboardSmoke.spec.ts","",""
"","7149","System Log sub-page loads correctly","chromium","Fri Sep 18 10:15:22 UTC 2026","passed","Fri Sep 18 10:15:29 UTC 2026","Application Navigation Smoke Tests","specs\Smoke\2-NavigationSmoke.spec.ts","",""
"","15527","Web Hooks sub-page loads correctly","firefox","Fri Sep 18 10:18:16 UTC 2026","passed","Fri Sep 18 10:18:31 UTC 2026","Application Navigation Smoke Tests","specs\Smoke\2-NavigationSmoke.spec.ts","",""
"","9171","""Uploaded ACH"" navigates to the uploads page","msedge","Fri Sep 18 10:39:30 UTC 2026","passed","Fri Sep 18 10:39:39 UTC 2026","ACH — Smoke","specs\Smoke\7-ACHSmoke.spec.ts","",""
"","6773","Verify Total Exceptions and Total Exception Amount labels are visible","chromium","Fri Sep 18 10:14:58 UTC 2026","passed","Fri Sep 18 10:15:05 UTC 2026","Home Dashboard","specs\Smoke\3-HomeDashboardSmoke.spec.ts","",""
"","38748","Business Clients sub-page loads correctly","firefox","Fri Sep 18 10:13:30 UTC 2026","passed","Fri Sep 18 10:14:09 UTC 2026","Application Navigation Smoke Tests","specs\Smoke\2-NavigationSmoke.spec.ts","",""
"","14861","Pay/Return decision badge navigates to exception history","firefox","Fri Sep 18 10:24:18 UTC 2026","passed","Fri Sep 18 10:24:33 UTC 2026","Presented Checks — Smoke (Continued)","specs\Smoke\5-PresentedChecksSmoke.spec.ts","",""
"","8639","Grid loads with data rows and key column headers","msedge","Fri Sep 18 10:39:12 UTC 2026","passed","Fri Sep 18 10:39:20 UTC 2026","ACH — Smoke","specs\Smoke\7-ACHSmoke.spec.ts","",""
"","14449","Clicking a column header sorts ascending, clicking again sorts descending","firefox","Fri Sep 18 10:22:45 UTC 2026","passed","Fri Sep 18 10:22:59 UTC 2026","Presented Checks — Smoke (Continued)","specs\Smoke\5-PresentedChecksSmoke.spec.ts","",""
"","11206","Default filter auto-applies after logout and re-login","firefox","Fri Sep 18 10:27:27 UTC 2026","skipped","Fri Sep 18 10:27:39 UTC 2026","Exceptions — Default Filter (Serial)","specs\Smoke\8-ExceptionsSmoke.spec.ts","",""
"","9836","Validate Login functionality with veryLongInput","firefox","Fri Sep 18 10:12:41 UTC 2026","passed","Fri Sep 18 10:12:51 UTC 2026","","specs\Smoke\1-LoginSmoke.spec.ts","",""
"","5137","Excel export button is visible and enabled","chromium","Fri Sep 18 10:22:24 UTC 2026","passed","Fri Sep 18 10:22:29 UTC 2026","Exceptions — Smoke","specs\Smoke\8-ExceptionsSmoke.spec.ts","",""
"","14674","Saved Filters dropdown is visible and defaults to no preset","firefox","Fri Sep 18 10:21:37 UTC 2026","passed","Fri Sep 18 10:21:52 UTC 2026","Issued Checks — Smoke","specs\Smoke\4-IssuedChecksSmoke.spec.ts","",""
"","6818","Search box filters grid and clears correctly","chromium","Fri Sep 18 10:19:32 UTC 2026","passed","Fri Sep 18 10:19:39 UTC 2026","ACH — Smoke","specs\Smoke\7-ACHSmoke.spec.ts","",""
"","17820","Next page arrow advances to page 2","webkit","Fri Sep 18 10:27:11 UTC 2026","passed","Fri Sep 18 10:27:29 UTC 2026","ACH — Smoke","specs\Smoke\7-ACHSmoke.spec.ts","",""
"","8906","Next page arrow advances to page 2","chromium","Fri Sep 18 10:16:37 UTC 2026","passed","Fri Sep 18 10:16:46 UTC 2026","Issued Checks — Smoke","specs\Smoke\4-IssuedChecksSmoke.spec.ts","",""
"","6755","Page size change to 10 updates pagination info in bottom-right pager","chromium","Fri Sep 18 10:19:46 UTC 2026","passed","Fri Sep 18 10:19:53 UTC 2026","ACH — Smoke","specs\Smoke\7-ACHSmoke.spec.ts","",""
"","11533","Previous page button returns to page 1, First page button re-enables disabled state","msedge","Fri Sep 18 10:40:28 UTC 2026","passed","Fri Sep 18 10:40:39 UTC 2026","Exceptions — Smoke","specs\Smoke\8-ExceptionsSmoke.spec.ts","",""
"","19942","Typing a page number navigates to that page","webkit","Fri Sep 18 10:27:46 UTC 2026","passed","Fri Sep 18 10:28:06 UTC 2026","ACH — Smoke","specs\Smoke\7-ACHSmoke.spec.ts","",""
"","6059","Validate Login functionality with incorrectPassword","firefox","Fri Sep 18 10:11:54 UTC 2026","passed","Fri Sep 18 10:12:00 UTC 2026","","specs\Smoke\1-LoginSmoke.spec.ts","",""
"","15168","ACH breadcrumb link is visible on the page","webkit","Fri Sep 18 10:31:28 UTC 2026","passed","Fri Sep 18 10:31:43 UTC 2026","ACH — Smoke","specs\Smoke\7-ACHSmoke.spec.ts","",""
"","20272","""View"" link on a row opens the Exception Details dialog","firefox","Fri Sep 18 10:28:38 UTC 2026","passed","Fri Sep 18 10:28:58 UTC 2026","Exceptions — Smoke (Continued)","specs\Smoke\8-ExceptionsSmoke.spec.ts","",""
"","10662","""Delete"" on a row shows a confirm modal; Cancel dismisses it without deleting","chromium","Fri Sep 18 10:21:39 UTC 2026","passed","Fri Sep 18 10:21:50 UTC 2026","Presented Checks — Smoke (Continued)","specs\Smoke\5-PresentedChecksSmoke.spec.ts","",""
"","16830","Navigation tabs to Pre-Decisions, Approvals, and Exception History are visible","webkit","Fri Sep 18 10:31:29 UTC 2026","passed","Fri Sep 18 10:31:45 UTC 2026","Exceptions — Smoke (Continued)","specs\Smoke\8-ExceptionsSmoke.spec.ts","",""
"","8752","Validate Login functionality with missingUsername","webkit","Fri Sep 18 10:12:30 UTC 2026","passed","Fri Sep 18 10:12:39 UTC 2026","","specs\Smoke\1-LoginSmoke.spec.ts","",""
"","6877","API link is visible and points to swagger","chromium","Fri Sep 18 10:15:38 UTC 2026","passed","Fri Sep 18 10:15:45 UTC 2026","Application Navigation Smoke Tests","specs\Smoke\2-NavigationSmoke.spec.ts","",""
"","6936","Default Decision Log sub-page loads correctly","chromium","Fri Sep 18 10:15:15 UTC 2026","passed","Fri Sep 18 10:15:22 UTC 2026","Application Navigation Smoke Tests","specs\Smoke\2-NavigationSmoke.spec.ts","",""
"","16785","Next page arrow advances to page 2","webkit","Fri Sep 18 10:21:04 UTC 2026","passed","Fri Sep 18 10:21:21 UTC 2026","Issued Checks — Smoke","specs\Smoke\4-IssuedChecksSmoke.spec.ts","",""
"","14852","Save a filter preset, verify it is auto-selected, then delete it","msedge","Fri Sep 18 10:37:43 UTC 2026","passed","Fri Sep 18 10:37:58 UTC 2026","Issued Checks — Smoke (Continued)","specs\Smoke\4-IssuedChecksSmoke.spec.ts","",""
"","5473","Validate Login functionality with emptyFields","firefox","Fri Sep 18 10:12:12 UTC 2026","passed","Fri Sep 18 10:12:18 UTC 2026","","specs\Smoke\1-LoginSmoke.spec.ts","",""
"","8691","Notification Templates sub-page loads correctly","msedge","Fri Sep 18 10:34:12 UTC 2026","passed","Fri Sep 18 10:34:21 UTC 2026","Application Navigation Smoke Tests","specs\Smoke\2-NavigationSmoke.spec.ts","",""
"","7715","Saved Filters dropdown is visible and defaults to no preset","chromium","Fri Sep 18 10:19:04 UTC 2026","passed","Fri Sep 18 10:19:12 UTC 2026","Presented Checks — Smoke","specs\Smoke\5-PresentedChecksSmoke.spec.ts","",""
"","17380","""+ Add Check"" navigates to the add-check form","firefox","Fri Sep 18 10:18:55 UTC 2026","passed","Fri Sep 18 10:19:12 UTC 2026","Issued Checks — Smoke","specs\Smoke\4-IssuedChecksSmoke.spec.ts","",""
"","11708","Check Approval Rules sub-page loads correctly","firefox","Fri Sep 18 10:16:15 UTC 2026","passed","Fri Sep 18 10:16:27 UTC 2026","Application Navigation Smoke Tests","specs\Smoke\2-NavigationSmoke.spec.ts","",""
"","11368","Column filter popup applies a filter and Clear restores the full row set","msedge","Fri Sep 18 10:38:22 UTC 2026","passed","Fri Sep 18 10:38:33 UTC 2026","Presented Checks — Smoke (Continued)","specs\Smoke\5-PresentedChecksSmoke.spec.ts","",""
"","28616","Verify tab-specific charts are hidden for opposite tab","webkit","Fri Sep 18 10:16:38 UTC 2026","passed","Fri Sep 18 10:17:06 UTC 2026","Home Dashboard","specs\Smoke\3-HomeDashboardSmoke.spec.ts","",""
"","15305","Web Hooks sub-page loads correctly","webkit","Fri Sep 18 10:19:03 UTC 2026","passed","Fri Sep 18 10:19:18 UTC 2026","Application Navigation Smoke Tests","specs\Smoke\2-NavigationSmoke.spec.ts","",""
"","11577","Column filter menu applies a filter and Clear restores the full row set","msedge","Fri Sep 18 10:41:23 UTC 2026","passed","Fri Sep 18 10:41:35 UTC 2026","Exceptions — Smoke (Continued)","specs\Smoke\8-ExceptionsSmoke.spec.ts","",""
"","16356","Pay/Return decision badge navigates to exception history","webkit","Fri Sep 18 10:25:27 UTC 2026","passed","Fri Sep 18 10:25:43 UTC 2026","Presented Checks — Smoke (Continued)","specs\Smoke\5-PresentedChecksSmoke.spec.ts","",""
"","14186","Save a filter preset, verify it is auto-selected, then delete it","msedge","Fri Sep 18 10:41:06 UTC 2026","passed","Fri Sep 18 10:41:20 UTC 2026","ACH — Smoke","specs\Smoke\7-ACHSmoke.spec.ts","",""
"","4574","Exceptions breadcrumb link is visible on the page","chromium","Fri Sep 18 10:23:53 UTC 2026","passed","Fri Sep 18 10:23:57 UTC 2026","Exceptions — Smoke (Continued)","specs\Smoke\8-ExceptionsSmoke.spec.ts","",""
"","14025","Settings page loads correctly","firefox","Fri Sep 18 10:13:01 UTC 2026","passed","Fri Sep 18 10:13:15 UTC 2026","Application Navigation Smoke Tests","specs\Smoke\2-NavigationSmoke.spec.ts","",""
"","6035","Next page arrow advances to page 2","chromium","Fri Sep 18 10:19:53 UTC 2026","passed","Fri Sep 18 10:19:59 UTC 2026","ACH — Smoke","specs\Smoke\7-ACHSmoke.spec.ts","",""
"","13734","Verify dashboard footer footnote and privacy link are visible","webkit","Fri Sep 18 10:17:49 UTC 2026","passed","Fri Sep 18 10:18:03 UTC 2026","Home Dashboard","specs\Smoke\3-HomeDashboardSmoke.spec.ts","",""
"","15436","Default filter auto-applies after logout and re-login","webkit","Fri Sep 18 10:23:06 UTC 2026","skipped","Fri Sep 18 10:23:21 UTC 2026","Presented Checks — Default Filter (Serial)","specs\Smoke\5-PresentedChecksSmoke.spec.ts","",""
"","6911","Users sub-page loads correctly","msedge","Fri Sep 18 10:33:16 UTC 2026","passed","Fri Sep 18 10:33:23 UTC 2026","Application Navigation Smoke Tests","specs\Smoke\2-NavigationSmoke.spec.ts","",""
"","5772","Typing a page number navigates to that page","chromium","Fri Sep 18 10:20:05 UTC 2026","passed","Fri Sep 18 10:20:10 UTC 2026","ACH — Smoke","specs\Smoke\7-ACHSmoke.spec.ts","",""
"","14739","File Processing sub-page loads correctly","webkit","Fri Sep 18 10:18:33 UTC 2026","passed","Fri Sep 18 10:18:48 UTC 2026","Application Navigation Smoke Tests","specs\Smoke\2-NavigationSmoke.spec.ts","",""
"","10143","Saved Filters dropdown is visible and defaults to no preset","msedge","Fri Sep 18 10:40:39 UTC 2026","passed","Fri Sep 18 10:40:49 UTC 2026","Exceptions — Smoke","specs\Smoke\8-ExceptionsSmoke.spec.ts","",""
"","10417","Clicking a column header sorts ascending, clicking again sorts descending","chromium","Fri Sep 18 10:21:10 UTC 2026","passed","Fri Sep 18 10:21:20 UTC 2026","ACH — Smoke","specs\Smoke\7-ACHSmoke.spec.ts","",""
"","20789","Search box filters grid and clears correctly","webkit","Fri Sep 18 10:26:19 UTC 2026","passed","Fri Sep 18 10:26:39 UTC 2026","ACH — Smoke","specs\Smoke\7-ACHSmoke.spec.ts","",""
"","12131","Save a filter preset, verify it is auto-selected, then delete it","chromium","Fri Sep 18 10:17:43 UTC 2026","passed","Fri Sep 18 10:17:55 UTC 2026","Issued Checks — Smoke (Continued)","specs\Smoke\4-IssuedChecksSmoke.spec.ts","",""
"","20501","Clicking a column header sorts ascending, clicking again sorts descending","webkit","Fri Sep 18 10:29:34 UTC 2026","passed","Fri Sep 18 10:29:54 UTC 2026","Exceptions — Smoke (Continued)","specs\Smoke\8-ExceptionsSmoke.spec.ts","",""
"","10200","Grid loads with data rows and key column headers","chromium","Fri Sep 18 10:17:21 UTC 2026","passed","Fri Sep 18 10:17:31 UTC 2026","Presented Checks — Smoke","specs\Smoke\5-PresentedChecksSmoke.spec.ts","",""
"","26085","Save a filter preset, verify it is auto-selected, then delete it","firefox","Fri Sep 18 10:27:58 UTC 2026","passed","Fri Sep 18 10:28:24 UTC 2026","ACH — Smoke","specs\Smoke\7-ACHSmoke.spec.ts","",""
