"DESCRIPTION","DURATION IN MS","NAME","PARENT SUITE","START TIME","STATUS","STOP TIME","SUB SUITE","SUITE","TEST CLASS","TEST METHOD"
"","14538","Default Decision Log sub-page loads correctly","firefox","Wed Sep 09 10:12:04 UTC 2026","passed","Wed Sep 09 10:12:18 UTC 2026","Application Navigation Smoke Tests","specs\Smoke\2-NavigationSmoke.spec.ts","",""
"","7595","Roles/Permissions sub-page loads correctly","msedge","Wed Sep 09 10:08:21 UTC 2026","passed","Wed Sep 09 10:08:29 UTC 2026","Application Navigation Smoke Tests","specs\Smoke\2-NavigationSmoke.spec.ts","",""
"","5159","Page size change to 10 updates pagination info in bottom-right pager","chromium","Wed Sep 09 10:14:07 UTC 2026","passed","Wed Sep 09 10:14:12 UTC 2026","ACH — Smoke","specs\Smoke\7-ACHSmoke.spec.ts","",""
"","7371","Default filter auto-applies after logout and re-login","msedge","Wed Sep 09 10:23:42 UTC 2026","skipped","Wed Sep 09 10:23:49 UTC 2026","Presented Checks — Default Filter (Serial)","specs\Smoke\5-PresentedChecksSmoke.spec.ts","",""
"","14370","Default filter auto-applies after logout and re-login","webkit","Wed Sep 09 10:45:50 UTC 2026","skipped","Wed Sep 09 10:46:04 UTC 2026","Issued Checks — Default Filter (Serial)","specs\Smoke\4-IssuedChecksSmoke.spec.ts","",""
"","6915","Validate Login functionality with invalidEmailFormat","webkit","Wed Sep 09 10:36:54 UTC 2026","passed","Wed Sep 09 10:37:01 UTC 2026","","specs\Smoke\1-LoginSmoke.spec.ts","",""
"","13553","Presented Checks page loads correctly","webkit","Wed Sep 09 10:36:41 UTC 2026","passed","Wed Sep 09 10:36:54 UTC 2026","Application Navigation Smoke Tests","specs\Smoke\2-NavigationSmoke.spec.ts","",""
"","7074","Default Decision Log sub-page loads correctly","chromium","Wed Sep 09 10:10:23 UTC 2026","passed","Wed Sep 09 10:10:30 UTC 2026","Application Navigation Smoke Tests","specs\Smoke\2-NavigationSmoke.spec.ts","",""
"","11704","""Edit"" link on a row navigates to the check edit form","firefox","Wed Sep 09 10:35:03 UTC 2026","passed","Wed Sep 09 10:35:15 UTC 2026","Presented Checks — Smoke (Continued)","specs\Smoke\5-PresentedChecksSmoke.spec.ts","",""
"","6120","Validate Login functionality with sqlInjection","msedge","Wed Sep 09 10:07:37 UTC 2026","passed","Wed Sep 09 10:07:43 UTC 2026","","specs\Smoke\1-LoginSmoke.spec.ts","",""
"","16730","Verify chart title changes with selected tab","webkit","Wed Sep 09 10:40:18 UTC 2026","passed","Wed Sep 09 10:40:34 UTC 2026","Home Dashboard","specs\Smoke\3-HomeDashboardSmoke.spec.ts","",""
"","10527","""Delete"" on a row shows a confirm modal; Cancel dismisses it without deleting","firefox","Wed Sep 09 10:20:59 UTC 2026","passed","Wed Sep 09 10:21:09 UTC 2026","ACH — Smoke","specs\Smoke\7-ACHSmoke.spec.ts","",""
"","11570","Validate Login functionality with correctCredentials","chromium","Wed Sep 09 10:07:35 UTC 2026","passed","Wed Sep 09 10:07:47 UTC 2026","","specs\Smoke\1-LoginSmoke.spec.ts","",""
"","38994","Save a filter preset, verify it is auto-selected, then delete it","chromium","Wed Sep 09 10:26:15 UTC 2026","failed","Wed Sep 09 10:26:54 UTC 2026","Presented Checks — Smoke (Continued)","specs\Smoke\5-PresentedChecksSmoke.spec.ts","",""
"","12601","Grid loads with data rows and key column headers","firefox","Wed Sep 09 10:17:36 UTC 2026","passed","Wed Sep 09 10:17:48 UTC 2026","ACH — Smoke","specs\Smoke\7-ACHSmoke.spec.ts","",""
"","10710","Validate Login functionality with missingPassword","webkit","Wed Sep 09 10:37:10 UTC 2026","passed","Wed Sep 09 10:37:21 UTC 2026","","specs\Smoke\1-LoginSmoke.spec.ts","",""
"","9640","Open Exceptions page loads with either exception cards or the empty-state message","chromium","Wed Sep 09 10:17:43 UTC 2026","passed","Wed Sep 09 10:17:53 UTC 2026","Exceptions — Smoke (Continued)","specs\Smoke\8-ExceptionsSmoke.spec.ts","",""
"","16285","Previous page button returns to page 1, First page button re-enables disabled state","webkit","Wed Sep 09 10:49:54 UTC 2026","passed","Wed Sep 09 10:50:10 UTC 2026","ACH — Smoke","specs\Smoke\7-ACHSmoke.spec.ts","",""
"","18153","Validate Login functionality with caseSensitiveEmail","firefox","Wed Sep 09 10:06:27 UTC 2026","passed","Wed Sep 09 10:06:46 UTC 2026","","specs\Smoke\1-LoginSmoke.spec.ts","",""
"","7716","""Delete"" on a row shows a confirm modal; Cancel dismisses it without deleting","msedge","Wed Sep 09 10:17:08 UTC 2026","passed","Wed Sep 09 10:17:16 UTC 2026","ACH — Smoke","specs\Smoke\7-ACHSmoke.spec.ts","",""
"","5200","Typing a page number navigates to that page","chromium","Wed Sep 09 10:16:22 UTC 2026","passed","Wed Sep 09 10:16:27 UTC 2026","Exceptions — Smoke","specs\Smoke\8-ExceptionsSmoke.spec.ts","",""
"","10387","Search box filters grid and clears correctly","chromium","Wed Sep 09 10:15:51 UTC 2026","passed","Wed Sep 09 10:16:02 UTC 2026","Exceptions — Smoke","specs\Smoke\8-ExceptionsSmoke.spec.ts","",""
"","12848","Verify navigation to Issued Checks via nav menu","firefox","Wed Sep 09 10:12:01 UTC 2026","passed","Wed Sep 09 10:12:13 UTC 2026","Home Dashboard","specs\Smoke\3-HomeDashboardSmoke.spec.ts","",""
"","6176","Verify navigation to Presented Checks via nav menu","chromium","Wed Sep 09 10:10:53 UTC 2026","passed","Wed Sep 09 10:10:59 UTC 2026","Home Dashboard","specs\Smoke\3-HomeDashboardSmoke.spec.ts","",""
"","6144","Verify all three dashboard view tabs are visible","chromium","Wed Sep 09 10:09:13 UTC 2026","passed","Wed Sep 09 10:09:19 UTC 2026","Home Dashboard","specs\Smoke\3-HomeDashboardSmoke.spec.ts","",""
"","14132","Roles/Permissions sub-page loads correctly","firefox","Wed Sep 09 10:09:14 UTC 2026","passed","Wed Sep 09 10:09:28 UTC 2026","Application Navigation Smoke Tests","specs\Smoke\2-NavigationSmoke.spec.ts","",""
"","6717","Column filter popup applies a filter and Clear restores the full row set","chromium","Wed Sep 09 10:13:02 UTC 2026","passed","Wed Sep 09 10:13:09 UTC 2026","Issued Checks — Smoke (Continued)","specs\Smoke\4-IssuedChecksSmoke.spec.ts","",""
"","8288","ACH page loads correctly","chromium","Wed Sep 09 10:08:07 UTC 2026","passed","Wed Sep 09 10:08:15 UTC 2026","Application Navigation Smoke Tests","specs\Smoke\2-NavigationSmoke.spec.ts","",""
"","7819","Navigation tabs to Pre-Decisions, Approvals, and Exception History are visible","chromium","Wed Sep 09 10:17:35 UTC 2026","passed","Wed Sep 09 10:17:43 UTC 2026","Exceptions — Smoke (Continued)","specs\Smoke\8-ExceptionsSmoke.spec.ts","",""
"","22258","Previous page button returns to page 1, First page button re-enables disabled state","chromium","Wed Sep 09 10:20:27 UTC 2026","failed","Wed Sep 09 10:20:49 UTC 2026","Presented Checks — Smoke","specs\Smoke\5-PresentedChecksSmoke.spec.ts","",""
"","6673","Automatic ACH Decision Rules sub-page loads correctly","msedge","Wed Sep 09 10:09:46 UTC 2026","passed","Wed Sep 09 10:09:53 UTC 2026","Application Navigation Smoke Tests","specs\Smoke\2-NavigationSmoke.spec.ts","",""
"","7735","Approvals page loads with either records or the empty-state message","msedge","Wed Sep 09 10:20:28 UTC 2026","passed","Wed Sep 09 10:20:36 UTC 2026","Exceptions — Smoke (Continued)","specs\Smoke\8-ExceptionsSmoke.spec.ts","",""
"","12233","Validate teller presented-check form shows all required fields","firefox","Wed Sep 09 10:17:23 UTC 2026","passed","Wed Sep 09 10:17:35 UTC 2026","Teller - Smoke","specs\Smoke\6-TellerSmoke.spec.ts","",""
"","9220","API link is visible and points to swagger","msedge","Wed Sep 09 10:10:41 UTC 2026","passed","Wed Sep 09 10:10:51 UTC 2026","Application Navigation Smoke Tests","specs\Smoke\2-NavigationSmoke.spec.ts","",""
"","18201","Presented Checks page loads correctly","firefox","Wed Sep 09 10:06:49 UTC 2026","passed","Wed Sep 09 10:07:07 UTC 2026","Application Navigation Smoke Tests","specs\Smoke\2-NavigationSmoke.spec.ts","",""
"","4594","Validate teller presented-check form shows all required fields","chromium","Wed Sep 09 10:13:33 UTC 2026","passed","Wed Sep 09 10:13:37 UTC 2026","Teller - Smoke","specs\Smoke\6-TellerSmoke.spec.ts","",""
"","19084","Column filter menu applies a filter and Clear restores the full row set","webkit","Wed Sep 09 10:55:07 UTC 2026","passed","Wed Sep 09 10:55:26 UTC 2026","Exceptions — Smoke (Continued)","specs\Smoke\8-ExceptionsSmoke.spec.ts","",""
"","8680","Web Hooks sub-page loads correctly","msedge","Wed Sep 09 10:10:51 UTC 2026","passed","Wed Sep 09 10:10:59 UTC 2026","Application Navigation Smoke Tests","specs\Smoke\2-NavigationSmoke.spec.ts","",""
"","8334","""Edit"" link on a row navigates to the check edit form","webkit","Wed Sep 09 11:04:42 UTC 2026","passed","Wed Sep 09 11:04:50 UTC 2026","Presented Checks — Smoke (Continued)","specs\Smoke\5-PresentedChecksSmoke.spec.ts","",""
"","5686","""Edit"" link on a row navigates to the check edit form","chromium","Wed Sep 09 10:29:22 UTC 2026","passed","Wed Sep 09 10:29:28 UTC 2026","Presented Checks — Smoke (Continued)","specs\Smoke\5-PresentedChecksSmoke.spec.ts","",""
"","42700","Column filter popup applies a filter and Clear restores the full row set","firefox","Wed Sep 09 10:34:17 UTC 2026","failed","Wed Sep 09 10:34:59 UTC 2026","Presented Checks — Smoke (Continued)","specs\Smoke\5-PresentedChecksSmoke.spec.ts","",""
"","4947","Next page arrow advances to page 2","chromium","Wed Sep 09 10:14:12 UTC 2026","passed","Wed Sep 09 10:14:17 UTC 2026","ACH — Smoke","specs\Smoke\7-ACHSmoke.spec.ts","",""
"","8606","Validate Login functionality with incorrectUsername","firefox","Wed Sep 09 10:06:53 UTC 2026","passed","Wed Sep 09 10:07:01 UTC 2026","","specs\Smoke\1-LoginSmoke.spec.ts","",""
"","16617","ACH Approval Rules sub-page loads correctly","webkit","Wed Sep 09 10:41:04 UTC 2026","passed","Wed Sep 09 10:41:21 UTC 2026","Application Navigation Smoke Tests","specs\Smoke\2-NavigationSmoke.spec.ts","",""
"","15019","Teller page loads correctly","webkit","Wed Sep 09 10:36:54 UTC 2026","passed","Wed Sep 09 10:37:09 UTC 2026","Application Navigation Smoke Tests","specs\Smoke\2-NavigationSmoke.spec.ts","",""
"","17086","""+ Add Check"" navigates to the add-check form","firefox","Wed Sep 09 10:13:16 UTC 2026","passed","Wed Sep 09 10:13:33 UTC 2026","Issued Checks — Smoke","specs\Smoke\4-IssuedChecksSmoke.spec.ts","",""
"","8556","Saved Filters dropdown is visible and defaults to no preset","msedge","Wed Sep 09 10:18:45 UTC 2026","passed","Wed Sep 09 10:18:53 UTC 2026","Exceptions — Smoke","specs\Smoke\8-ExceptionsSmoke.spec.ts","",""
"","15272","API link is visible and points to swagger","webkit","Wed Sep 09 10:42:23 UTC 2026","passed","Wed Sep 09 10:42:38 UTC 2026","Application Navigation Smoke Tests","specs\Smoke\2-NavigationSmoke.spec.ts","",""
"","18297","""Uploaded Checks"" navigates to the uploads page","webkit","Wed Sep 09 10:44:02 UTC 2026","passed","Wed Sep 09 10:44:20 UTC 2026","Presented Checks — Smoke","specs\Smoke\5-PresentedChecksSmoke.spec.ts","",""
"","7384","Grid loads with data rows and key column headers","msedge","Wed Sep 09 10:14:12 UTC 2026","passed","Wed Sep 09 10:14:20 UTC 2026","ACH — Smoke","specs\Smoke\7-ACHSmoke.spec.ts","",""
"","6965","""Delete"" on a row shows a confirm modal; Cancel dismisses it without deleting","chromium","Wed Sep 09 10:13:19 UTC 2026","passed","Wed Sep 09 10:13:26 UTC 2026","Issued Checks — Smoke (Continued)","specs\Smoke\4-IssuedChecksSmoke.spec.ts","",""
"","12841","Verify all three dashboard view tabs are visible","webkit","Wed Sep 09 10:39:04 UTC 2026","passed","Wed Sep 09 10:39:17 UTC 2026","Home Dashboard","specs\Smoke\3-HomeDashboardSmoke.spec.ts","",""
"","10485","Previous page button returns to page 1, First page button re-enables disabled state","chromium","Wed Sep 09 10:12:17 UTC 2026","passed","Wed Sep 09 10:12:28 UTC 2026","Issued Checks — Smoke","specs\Smoke\4-IssuedChecksSmoke.spec.ts","",""
"","13461","Home page is accessible and shows dashboard","msedge","Wed Sep 09 10:06:43 UTC 2026","passed","Wed Sep 09 10:06:57 UTC 2026","Application Navigation Smoke Tests","specs\Smoke\2-NavigationSmoke.spec.ts","",""
"","12082","""Delete"" on a row shows a confirm modal; Cancel dismisses it without deleting","webkit","Wed Sep 09 10:47:20 UTC 2026","passed","Wed Sep 09 10:47:32 UTC 2026","Issued Checks — Smoke (Continued)","specs\Smoke\4-IssuedChecksSmoke.spec.ts","",""
"","19580","Grid loads with data rows and key column headers","webkit","Wed Sep 09 10:42:54 UTC 2026","passed","Wed Sep 09 10:43:13 UTC 2026","Issued Checks — Smoke","specs\Smoke\4-IssuedChecksSmoke.spec.ts","",""
"","5182","Verify summary KPI values have expected number formats","chromium","Wed Sep 09 10:10:12 UTC 2026","passed","Wed Sep 09 10:10:17 UTC 2026","Home Dashboard","specs\Smoke\3-HomeDashboardSmoke.spec.ts","",""
"","41212","Save a filter preset, verify it is auto-selected, then delete it","msedge","Wed Sep 09 10:25:16 UTC 2026","failed","Wed Sep 09 10:25:57 UTC 2026","Presented Checks — Smoke (Continued)","specs\Smoke\5-PresentedChecksSmoke.spec.ts","",""
"","5282","""Delete"" on a row shows a confirm modal; Cancel dismisses it without deleting","chromium","Wed Sep 09 10:15:26 UTC 2026","passed","Wed Sep 09 10:15:32 UTC 2026","ACH — Smoke","specs\Smoke\7-ACHSmoke.spec.ts","",""
"","9824","Verify chart title changes with selected tab","msedge","Wed Sep 09 10:09:17 UTC 2026","passed","Wed Sep 09 10:09:27 UTC 2026","Home Dashboard","specs\Smoke\3-HomeDashboardSmoke.spec.ts","",""
"","7305","System Log sub-page loads correctly","chromium","Wed Sep 09 10:10:30 UTC 2026","passed","Wed Sep 09 10:10:37 UTC 2026","Application Navigation Smoke Tests","specs\Smoke\2-NavigationSmoke.spec.ts","",""
"","7982","Settings page loads correctly","msedge","Wed Sep 09 10:07:45 UTC 2026","passed","Wed Sep 09 10:07:53 UTC 2026","Application Navigation Smoke Tests","specs\Smoke\2-NavigationSmoke.spec.ts","",""
"","7603","Pay/Return decision badge navigates to exception history","firefox","Wed Sep 09 10:35:31 UTC 2026","passed","Wed Sep 09 10:35:39 UTC 2026","Presented Checks — Smoke (Continued)","specs\Smoke\5-PresentedChecksSmoke.spec.ts","",""
"","10106","Previous page button returns to page 1, First page button re-enables disabled state","msedge","Wed Sep 09 10:12:29 UTC 2026","passed","Wed Sep 09 10:12:39 UTC 2026","Issued Checks — Smoke","specs\Smoke\4-IssuedChecksSmoke.spec.ts","",""
"","10103","""+ Add ACH"" navigates to the add-ACH form","firefox","Wed Sep 09 10:17:48 UTC 2026","passed","Wed Sep 09 10:17:58 UTC 2026","ACH — Smoke","specs\Smoke\7-ACHSmoke.spec.ts","",""
"","15592","Verify dashboard tab checked state updates correctly","firefox","Wed Sep 09 10:09:59 UTC 2026","passed","Wed Sep 09 10:10:14 UTC 2026","Home Dashboard","specs\Smoke\3-HomeDashboardSmoke.spec.ts","",""
"","7726","""Uploaded Checks"" navigates to the uploads page","chromium","Wed Sep 09 10:11:17 UTC 2026","passed","Wed Sep 09 10:11:24 UTC 2026","Issued Checks — Smoke","specs\Smoke\4-IssuedChecksSmoke.spec.ts","",""
"","8358","File Formats sub-page loads correctly","chromium","Wed Sep 09 10:09:26 UTC 2026","passed","Wed Sep 09 10:09:34 UTC 2026","Application Navigation Smoke Tests","specs\Smoke\2-NavigationSmoke.spec.ts","",""
"","10971","Page size change to 10 updates pagination info in bottom-right pager","webkit","Wed Sep 09 10:53:02 UTC 2026","passed","Wed Sep 09 10:53:13 UTC 2026","Exceptions — Smoke","specs\Smoke\8-ExceptionsSmoke.spec.ts","",""
"","16397","File Processing sub-page loads correctly","webkit","Wed Sep 09 10:42:07 UTC 2026","passed","Wed Sep 09 10:42:23 UTC 2026","Application Navigation Smoke Tests","specs\Smoke\2-NavigationSmoke.spec.ts","",""
"","16198","API link is visible and points to swagger","firefox","Wed Sep 09 10:12:43 UTC 2026","passed","Wed Sep 09 10:12:59 UTC 2026","Application Navigation Smoke Tests","specs\Smoke\2-NavigationSmoke.spec.ts","",""
"","15613","System Log sub-page loads correctly","webkit","Wed Sep 09 10:41:51 UTC 2026","passed","Wed Sep 09 10:42:07 UTC 2026","Application Navigation Smoke Tests","specs\Smoke\2-NavigationSmoke.spec.ts","",""
"","42847","Save a filter preset, verify it is auto-selected, then delete it","firefox","Wed Sep 09 10:31:49 UTC 2026","failed","Wed Sep 09 10:32:32 UTC 2026","Presented Checks — Smoke (Continued)","specs\Smoke\5-PresentedChecksSmoke.spec.ts","",""
"","9578","Verify Combined View shows all chart sections","firefox","Wed Sep 09 10:09:19 UTC 2026","passed","Wed Sep 09 10:09:29 UTC 2026","Home Dashboard","specs\Smoke\3-HomeDashboardSmoke.spec.ts","",""
"","8093","Validate Login functionality with veryLongInput","webkit","Wed Sep 09 10:37:50 UTC 2026","passed","Wed Sep 09 10:37:58 UTC 2026","","specs\Smoke\1-LoginSmoke.spec.ts","",""
"","5840","Validate Login functionality with incorrectPassword","chromium","Wed Sep 09 10:07:54 UTC 2026","passed","Wed Sep 09 10:08:00 UTC 2026","","specs\Smoke\1-LoginSmoke.spec.ts","",""
"","12524","Next page arrow advances to page 2","webkit","Wed Sep 09 10:53:13 UTC 2026","passed","Wed Sep 09 10:53:26 UTC 2026","Exceptions — Smoke","specs\Smoke\8-ExceptionsSmoke.spec.ts","",""
"","6575","Issued Checks page loads correctly","chromium","Wed Sep 09 10:07:47 UTC 2026","passed","Wed Sep 09 10:07:54 UTC 2026","Application Navigation Smoke Tests","specs\Smoke\2-NavigationSmoke.spec.ts","",""
"","12109","System Log sub-page loads correctly","firefox","Wed Sep 09 10:12:18 UTC 2026","passed","Wed Sep 09 10:12:30 UTC 2026","Application Navigation Smoke Tests","specs\Smoke\2-NavigationSmoke.spec.ts","",""
"","17527","""+ Add Check"" navigates to the add-check form","firefox","Wed Sep 09 10:13:27 UTC 2026","passed","Wed Sep 09 10:13:45 UTC 2026","Presented Checks — Smoke","specs\Smoke\5-PresentedChecksSmoke.spec.ts","",""
"","10632","Search box filters grid and clears correctly","msedge","Wed Sep 09 10:11:43 UTC 2026","passed","Wed Sep 09 10:11:54 UTC 2026","Presented Checks — Smoke","specs\Smoke\5-PresentedChecksSmoke.spec.ts","",""
"","14167","Settings page loads correctly","webkit","Wed Sep 09 10:37:38 UTC 2026","passed","Wed Sep 09 10:37:52 UTC 2026","Application Navigation Smoke Tests","specs\Smoke\2-NavigationSmoke.spec.ts","",""
"","16112","Default filter auto-applies after logout and re-login","chromium","Wed Sep 09 10:16:40 UTC 2026","passed","Wed Sep 09 10:16:56 UTC 2026","Exceptions — Default Filter (Serial)","specs\Smoke\8-ExceptionsSmoke.spec.ts","",""
"","15979","Decision badge on an already-reviewed row is blocked with a system message","firefox","Wed Sep 09 10:24:32 UTC 2026","passed","Wed Sep 09 10:24:48 UTC 2026","Exceptions — Smoke (Continued)","specs\Smoke\8-ExceptionsSmoke.spec.ts","",""
"","8159","Excel export button is visible and enabled","chromium","Wed Sep 09 10:11:56 UTC 2026","passed","Wed Sep 09 10:12:04 UTC 2026","Presented Checks — Smoke","specs\Smoke\5-PresentedChecksSmoke.spec.ts","",""
"","13609","Users sub-page loads correctly","webkit","Wed Sep 09 10:38:20 UTC 2026","passed","Wed Sep 09 10:38:34 UTC 2026","Application Navigation Smoke Tests","specs\Smoke\2-NavigationSmoke.spec.ts","",""
"","15954","Typing a page number navigates to that page","firefox","Wed Sep 09 10:19:12 UTC 2026","passed","Wed Sep 09 10:19:28 UTC 2026","ACH — Smoke","specs\Smoke\7-ACHSmoke.spec.ts","",""
"","13148","Validate Login functionality with correctCredentials","msedge","Wed Sep 09 10:06:43 UTC 2026","passed","Wed Sep 09 10:06:57 UTC 2026","","specs\Smoke\1-LoginSmoke.spec.ts","",""
"","9884","Default filter auto-applies after logout and re-login","firefox","Wed Sep 09 10:19:52 UTC 2026","skipped","Wed Sep 09 10:20:02 UTC 2026","ACH — Smoke","specs\Smoke\7-ACHSmoke.spec.ts","",""
"","5422","Validate Login functionality with xssInUsername","msedge","Wed Sep 09 10:07:43 UTC 2026","passed","Wed Sep 09 10:07:49 UTC 2026","","specs\Smoke\1-LoginSmoke.spec.ts","",""
"","7209","Verify Home dashboard is restored after returning from another page","msedge","Wed Sep 09 10:10:15 UTC 2026","passed","Wed Sep 09 10:10:22 UTC 2026","Home Dashboard","specs\Smoke\3-HomeDashboardSmoke.spec.ts","",""
"","9356","Verify navigation to ACH via nav menu","msedge","Wed Sep 09 10:10:39 UTC 2026","passed","Wed Sep 09 10:10:49 UTC 2026","Home Dashboard","specs\Smoke\3-HomeDashboardSmoke.spec.ts","",""
"","11998","Clicking a column header sorts ascending, clicking again sorts descending","firefox","Wed Sep 09 10:32:36 UTC 2026","passed","Wed Sep 09 10:32:48 UTC 2026","Presented Checks — Smoke (Continued)","specs\Smoke\5-PresentedChecksSmoke.spec.ts","",""
"","12996","Typing a page number navigates to that page","webkit","Wed Sep 09 10:49:41 UTC 2026","passed","Wed Sep 09 10:49:54 UTC 2026","ACH — Smoke","specs\Smoke\7-ACHSmoke.spec.ts","",""
"","7358","Pay/Return decision badge navigates to exception history","msedge","Wed Sep 09 10:28:45 UTC 2026","passed","Wed Sep 09 10:28:52 UTC 2026","Presented Checks — Smoke (Continued)","specs\Smoke\5-PresentedChecksSmoke.spec.ts","",""
"","10050","Validate Login functionality with missingUsername","webkit","Wed Sep 09 10:37:21 UTC 2026","passed","Wed Sep 09 10:37:31 UTC 2026","","specs\Smoke\1-LoginSmoke.spec.ts","",""
"","27246","Previous page button returns to page 1, First page button re-enables disabled state","firefox","Wed Sep 09 10:27:17 UTC 2026","failed","Wed Sep 09 10:27:45 UTC 2026","Presented Checks — Smoke","specs\Smoke\5-PresentedChecksSmoke.spec.ts","",""
"","10052","""View"" (Change Log) link on a row navigates to the entity log","firefox","Wed Sep 09 10:20:49 UTC 2026","passed","Wed Sep 09 10:20:59 UTC 2026","ACH — Smoke","specs\Smoke\7-ACHSmoke.spec.ts","",""
"","9731","Pre-Decisions page loads with either records or the empty-state message","firefox","Wed Sep 09 10:25:52 UTC 2026","passed","Wed Sep 09 10:26:02 UTC 2026","Exceptions — Smoke (Continued)","specs\Smoke\8-ExceptionsSmoke.spec.ts","",""
"","10001","ACH Approval Rules sub-page loads correctly","msedge","Wed Sep 09 10:09:53 UTC 2026","passed","Wed Sep 09 10:10:03 UTC 2026","Application Navigation Smoke Tests","specs\Smoke\2-NavigationSmoke.spec.ts","",""
"","17021","Teller page loads correctly","firefox","Wed Sep 09 10:07:07 UTC 2026","passed","Wed Sep 09 10:07:24 UTC 2026","Application Navigation Smoke Tests","specs\Smoke\2-NavigationSmoke.spec.ts","",""
"","8495","""View"" (Change Log) link on a row navigates to the entity log","msedge","Wed Sep 09 10:28:28 UTC 2026","passed","Wed Sep 09 10:28:37 UTC 2026","Presented Checks — Smoke (Continued)","specs\Smoke\5-PresentedChecksSmoke.spec.ts","",""
"","11209","""+ Add Check"" navigates to the add-check form","msedge","Wed Sep 09 10:11:11 UTC 2026","passed","Wed Sep 09 10:11:22 UTC 2026","Issued Checks — Smoke","specs\Smoke\4-IssuedChecksSmoke.spec.ts","",""
"","10340","Page size change to 10 updates pagination info in bottom-right pager","firefox","Wed Sep 09 10:22:14 UTC 2026","passed","Wed Sep 09 10:22:24 UTC 2026","Exceptions — Smoke","specs\Smoke\8-ExceptionsSmoke.spec.ts","",""
"","9153","Pre-Decisions page loads with either records or the empty-state message","msedge","Wed Sep 09 10:20:36 UTC 2026","passed","Wed Sep 09 10:20:45 UTC 2026","Exceptions — Smoke (Continued)","specs\Smoke\8-ExceptionsSmoke.spec.ts","",""
"","12377","Verify delayed data note and force refresh link are visible on dashboard","firefox","Wed Sep 09 10:11:03 UTC 2026","passed","Wed Sep 09 10:11:15 UTC 2026","Home Dashboard","specs\Smoke\3-HomeDashboardSmoke.spec.ts","",""
"","7820","""Delete"" on a row shows a confirm modal; Cancel dismisses it without deleting","firefox","Wed Sep 09 10:35:23 UTC 2026","passed","Wed Sep 09 10:35:31 UTC 2026","Presented Checks — Smoke (Continued)","specs\Smoke\5-PresentedChecksSmoke.spec.ts","",""
"","4760","Validate Login functionality with emptyFields","chromium","Wed Sep 09 10:08:10 UTC 2026","passed","Wed Sep 09 10:08:15 UTC 2026","","specs\Smoke\1-LoginSmoke.spec.ts","",""
"","42453","Typing a page number navigates to that page","webkit","Wed Sep 09 10:55:13 UTC 2026","failed","Wed Sep 09 10:55:56 UTC 2026","Presented Checks — Smoke","specs\Smoke\5-PresentedChecksSmoke.spec.ts","",""
"","6949","Validate teller presented-check form shows all required fields","msedge","Wed Sep 09 10:14:05 UTC 2026","passed","Wed Sep 09 10:14:12 UTC 2026","Teller - Smoke","specs\Smoke\6-TellerSmoke.spec.ts","",""
"","16529","Notification Templates sub-page loads correctly","webkit","Wed Sep 09 10:40:01 UTC 2026","passed","Wed Sep 09 10:40:17 UTC 2026","Application Navigation Smoke Tests","specs\Smoke\2-NavigationSmoke.spec.ts","",""
"","13465","Validate session persists after page refresh","firefox","Wed Sep 09 10:08:41 UTC 2026","passed","Wed Sep 09 10:08:54 UTC 2026","","specs\Smoke\1-LoginSmoke.spec.ts","",""
"","9994","Column filter popup applies a filter and Clear restores the full row set","msedge","Wed Sep 09 10:16:50 UTC 2026","passed","Wed Sep 09 10:17:00 UTC 2026","ACH — Smoke","specs\Smoke\7-ACHSmoke.spec.ts","",""
"","15255","Web Hooks sub-page loads correctly","webkit","Wed Sep 09 10:42:38 UTC 2026","passed","Wed Sep 09 10:42:54 UTC 2026","Application Navigation Smoke Tests","specs\Smoke\2-NavigationSmoke.spec.ts","",""
"","14143","Verify Total Exceptions and Total Exception Amount labels are visible","webkit","Wed Sep 09 10:40:50 UTC 2026","passed","Wed Sep 09 10:41:04 UTC 2026","Home Dashboard","specs\Smoke\3-HomeDashboardSmoke.spec.ts","",""
"","8479","Automatic Check Decision Rules sub-page loads correctly","chromium","Wed Sep 09 10:09:40 UTC 2026","passed","Wed Sep 09 10:09:49 UTC 2026","Application Navigation Smoke Tests","specs\Smoke\2-NavigationSmoke.spec.ts","",""
"","15872","Grid loads with data rows and key column headers","webkit","Wed Sep 09 10:43:29 UTC 2026","passed","Wed Sep 09 10:43:45 UTC 2026","Presented Checks — Smoke","specs\Smoke\5-PresentedChecksSmoke.spec.ts","",""
"","11528","Default filter auto-applies after logout and re-login","webkit","Wed Sep 09 10:59:59 UTC 2026","skipped","Wed Sep 09 11:00:10 UTC 2026","Presented Checks — Default Filter (Serial)","specs\Smoke\5-PresentedChecksSmoke.spec.ts","",""
"","14076","Verify navigation to ACH via nav menu","webkit","Wed Sep 09 10:42:46 UTC 2026","passed","Wed Sep 09 10:43:00 UTC 2026","Home Dashboard","specs\Smoke\3-HomeDashboardSmoke.spec.ts","",""
"","13363","File Formats sub-page loads correctly","firefox","Wed Sep 09 10:10:28 UTC 2026","passed","Wed Sep 09 10:10:41 UTC 2026","Application Navigation Smoke Tests","specs\Smoke\2-NavigationSmoke.spec.ts","",""
"","7841","Verify profile menu shows My Info and Logout links","chromium","Wed Sep 09 10:10:30 UTC 2026","passed","Wed Sep 09 10:10:38 UTC 2026","Home Dashboard","specs\Smoke\3-HomeDashboardSmoke.spec.ts","",""
"","14487","Column filter popup applies a filter and Clear restores the full row set","msedge","Wed Sep 09 10:13:17 UTC 2026","passed","Wed Sep 09 10:13:32 UTC 2026","Issued Checks — Smoke (Continued)","specs\Smoke\4-IssuedChecksSmoke.spec.ts","",""
"","5511","Validate Login functionality with missingPassword","chromium","Wed Sep 09 10:08:15 UTC 2026","passed","Wed Sep 09 10:08:20 UTC 2026","","specs\Smoke\1-LoginSmoke.spec.ts","",""
"","18509","Search box filters grid and clears correctly","webkit","Wed Sep 09 10:43:47 UTC 2026","passed","Wed Sep 09 10:44:05 UTC 2026","Issued Checks — Smoke","specs\Smoke\4-IssuedChecksSmoke.spec.ts","",""
"","10301","Column filter popup applies a filter and Clear restores the full row set","chromium","Wed Sep 09 10:15:11 UTC 2026","passed","Wed Sep 09 10:15:22 UTC 2026","ACH — Smoke","specs\Smoke\7-ACHSmoke.spec.ts","",""
"","5349","""Uploaded ACH"" navigates to the uploads page","chromium","Wed Sep 09 10:13:47 UTC 2026","passed","Wed Sep 09 10:13:52 UTC 2026","ACH — Smoke","specs\Smoke\7-ACHSmoke.spec.ts","",""
"","6089","Validate forgot password functionality","msedge","Wed Sep 09 10:07:54 UTC 2026","passed","Wed Sep 09 10:08:00 UTC 2026","","specs\Smoke\1-LoginSmoke.spec.ts","",""
"","11857","Validate Login functionality with caseSensitiveEmail","webkit","Wed Sep 09 10:36:24 UTC 2026","passed","Wed Sep 09 10:36:36 UTC 2026","","specs\Smoke\1-LoginSmoke.spec.ts","",""
"","16613","Automatic ACH Decision Rules sub-page loads correctly","webkit","Wed Sep 09 10:40:48 UTC 2026","passed","Wed Sep 09 10:41:04 UTC 2026","Application Navigation Smoke Tests","specs\Smoke\2-NavigationSmoke.spec.ts","",""
"","5204","""View"" (Change Log) link on a row navigates to the entity log","chromium","Wed Sep 09 10:13:14 UTC 2026","passed","Wed Sep 09 10:13:19 UTC 2026","Issued Checks — Smoke (Continued)","specs\Smoke\4-IssuedChecksSmoke.spec.ts","",""
"","11011","Next page arrow advances to page 2","msedge","Wed Sep 09 10:15:37 UTC 2026","passed","Wed Sep 09 10:15:48 UTC 2026","ACH — Smoke","specs\Smoke\7-ACHSmoke.spec.ts","",""
"","7881","""Delete"" on a row shows a confirm modal; Cancel dismisses it without deleting","msedge","Wed Sep 09 10:28:37 UTC 2026","passed","Wed Sep 09 10:28:45 UTC 2026","Presented Checks — Smoke (Continued)","specs\Smoke\5-PresentedChecksSmoke.spec.ts","",""
"","6884","Users sub-page loads correctly","chromium","Wed Sep 09 10:08:41 UTC 2026","passed","Wed Sep 09 10:08:48 UTC 2026","Application Navigation Smoke Tests","specs\Smoke\2-NavigationSmoke.spec.ts","",""
"","14286","Web Hooks sub-page loads correctly","firefox","Wed Sep 09 10:12:59 UTC 2026","passed","Wed Sep 09 10:13:13 UTC 2026","Application Navigation Smoke Tests","specs\Smoke\2-NavigationSmoke.spec.ts","",""
"","5562","Business Clients sub-page loads correctly","chromium","Wed Sep 09 10:08:36 UTC 2026","passed","Wed Sep 09 10:08:41 UTC 2026","Application Navigation Smoke Tests","specs\Smoke\2-NavigationSmoke.spec.ts","",""
"","6234","""View"" link on a row opens the Exception Details dialog","chromium","Wed Sep 09 10:17:18 UTC 2026","passed","Wed Sep 09 10:17:25 UTC 2026","Exceptions — Smoke (Continued)","specs\Smoke\8-ExceptionsSmoke.spec.ts","",""
"","5266","Validate Login functionality with invalidEmailFormat","msedge","Wed Sep 09 10:07:15 UTC 2026","passed","Wed Sep 09 10:07:20 UTC 2026","","specs\Smoke\1-LoginSmoke.spec.ts","",""
"","12675","Verify dashboard loads after successful login","webkit","Wed Sep 09 10:38:51 UTC 2026","passed","Wed Sep 09 10:39:04 UTC 2026","Home Dashboard","specs\Smoke\3-HomeDashboardSmoke.spec.ts","",""
"","10328","Clicking a column header sorts ascending, clicking again sorts descending","firefox","Wed Sep 09 10:16:08 UTC 2026","passed","Wed Sep 09 10:16:18 UTC 2026","Issued Checks — Smoke (Continued)","specs\Smoke\4-IssuedChecksSmoke.spec.ts","",""
"","13513","Verify dashboard footer footnote and privacy link are visible","webkit","Wed Sep 09 10:41:33 UTC 2026","passed","Wed Sep 09 10:41:47 UTC 2026","Home Dashboard","specs\Smoke\3-HomeDashboardSmoke.spec.ts","",""
"","6888","Previous page button returns to page 1, First page button re-enables disabled state","chromium","Wed Sep 09 10:16:27 UTC 2026","passed","Wed Sep 09 10:16:34 UTC 2026","Exceptions — Smoke","specs\Smoke\8-ExceptionsSmoke.spec.ts","",""
"","15882","Issued Checks page loads correctly","firefox","Wed Sep 09 10:06:33 UTC 2026","passed","Wed Sep 09 10:06:49 UTC 2026","Application Navigation Smoke Tests","specs\Smoke\2-NavigationSmoke.spec.ts","",""
"","10079","""+ Add ACH"" navigates to the add-ACH form","webkit","Wed Sep 09 10:48:10 UTC 2026","passed","Wed Sep 09 10:48:21 UTC 2026","ACH — Smoke","specs\Smoke\7-ACHSmoke.spec.ts","",""
"","44392","Saved Filters dropdown is visible and defaults to no preset","webkit","Wed Sep 09 10:59:11 UTC 2026","failed","Wed Sep 09 10:59:56 UTC 2026","Presented Checks — Smoke","specs\Smoke\5-PresentedChecksSmoke.spec.ts","",""
"","14504","Account Settings sub-page loads correctly","webkit","Wed Sep 09 10:37:52 UTC 2026","passed","Wed Sep 09 10:38:06 UTC 2026","Application Navigation Smoke Tests","specs\Smoke\2-NavigationSmoke.spec.ts","",""
"","14044","Exceptions page loads correctly","webkit","Wed Sep 09 10:37:23 UTC 2026","passed","Wed Sep 09 10:37:38 UTC 2026","Application Navigation Smoke Tests","specs\Smoke\2-NavigationSmoke.spec.ts","",""
"","20764","Excel export button is visible and enabled","firefox","Wed Sep 09 10:14:04 UTC 2026","passed","Wed Sep 09 10:14:25 UTC 2026","Issued Checks — Smoke","specs\Smoke\4-IssuedChecksSmoke.spec.ts","",""
"","7712","""View"" (Change Log) link on a row navigates to the entity log","msedge","Wed Sep 09 10:17:00 UTC 2026","passed","Wed Sep 09 10:17:08 UTC 2026","ACH — Smoke","specs\Smoke\7-ACHSmoke.spec.ts","",""
"","5250","Page size change to 10 updates pagination info in bottom-right pager","chromium","Wed Sep 09 10:16:06 UTC 2026","passed","Wed Sep 09 10:16:12 UTC 2026","Exceptions — Smoke","specs\Smoke\8-ExceptionsSmoke.spec.ts","",""
"","9632","Validate forgot password functionality","webkit","Wed Sep 09 10:37:58 UTC 2026","passed","Wed Sep 09 10:38:08 UTC 2026","","specs\Smoke\1-LoginSmoke.spec.ts","",""
"","13832","Search box filters grid and clears correctly","webkit","Wed Sep 09 10:48:36 UTC 2026","passed","Wed Sep 09 10:48:50 UTC 2026","ACH — Smoke","specs\Smoke\7-ACHSmoke.spec.ts","",""
"","8072","Last page arrow jumps to the final page","msedge","Wed Sep 09 10:12:13 UTC 2026","passed","Wed Sep 09 10:12:21 UTC 2026","Issued Checks — Smoke","specs\Smoke\4-IssuedChecksSmoke.spec.ts","",""
"","6637","Default filter auto-applies after logout and re-login","msedge","Wed Sep 09 10:18:53 UTC 2026","skipped","Wed Sep 09 10:19:00 UTC 2026","Exceptions — Default Filter (Serial)","specs\Smoke\8-ExceptionsSmoke.spec.ts","",""
"","5928","Validate unauthenticated access to protected route is redirected to login","msedge","Wed Sep 09 10:08:22 UTC 2026","passed","Wed Sep 09 10:08:28 UTC 2026","","specs\Smoke\1-LoginSmoke.spec.ts","",""
"","18704","Search box filters grid and clears correctly","webkit","Wed Sep 09 10:44:21 UTC 2026","passed","Wed Sep 09 10:44:39 UTC 2026","Presented Checks — Smoke","specs\Smoke\5-PresentedChecksSmoke.spec.ts","",""
"","8042","Clicking a column header sorts ascending, clicking again sorts descending","msedge","Wed Sep 09 10:13:09 UTC 2026","passed","Wed Sep 09 10:13:17 UTC 2026","Issued Checks — Smoke (Continued)","specs\Smoke\4-IssuedChecksSmoke.spec.ts","",""
"","6412","Verify Combined View shows all chart sections","chromium","Wed Sep 09 10:09:19 UTC 2026","passed","Wed Sep 09 10:09:25 UTC 2026","Home Dashboard","specs\Smoke\3-HomeDashboardSmoke.spec.ts","",""
"","9436","Search box filters grid and clears correctly","chromium","Wed Sep 09 10:11:46 UTC 2026","passed","Wed Sep 09 10:11:56 UTC 2026","Presented Checks — Smoke","specs\Smoke\5-PresentedChecksSmoke.spec.ts","",""
"","8520","Clicking a column header sorts ascending, clicking again sorts descending","msedge","Wed Sep 09 10:16:42 UTC 2026","passed","Wed Sep 09 10:16:50 UTC 2026","ACH — Smoke","specs\Smoke\7-ACHSmoke.spec.ts","",""
"","8362","Check Approval Rules sub-page loads correctly","chromium","Wed Sep 09 10:09:49 UTC 2026","passed","Wed Sep 09 10:09:57 UTC 2026","Application Navigation Smoke Tests","specs\Smoke\2-NavigationSmoke.spec.ts","",""
"","14729","Previous page button returns to page 1, First page button re-enables disabled state","firefox","Wed Sep 09 10:19:28 UTC 2026","passed","Wed Sep 09 10:19:43 UTC 2026","ACH — Smoke","specs\Smoke\7-ACHSmoke.spec.ts","",""
"","14055","Branding sub-page loads correctly","firefox","Wed Sep 09 10:09:28 UTC 2026","passed","Wed Sep 09 10:09:42 UTC 2026","Application Navigation Smoke Tests","specs\Smoke\2-NavigationSmoke.spec.ts","",""
"","24268","Validate Login functionality with correctCredentials","firefox","Wed Sep 09 10:06:02 UTC 2026","passed","Wed Sep 09 10:06:26 UTC 2026","","specs\Smoke\1-LoginSmoke.spec.ts","",""
"","8333","Verify navigation to Issued Checks via nav menu","msedge","Wed Sep 09 10:10:22 UTC 2026","passed","Wed Sep 09 10:10:30 UTC 2026","Home Dashboard","specs\Smoke\3-HomeDashboardSmoke.spec.ts","",""
"","15681","Grid View toggle navigates to the open-exceptions grid and shows key column headers","webkit","Wed Sep 09 10:56:41 UTC 2026","passed","Wed Sep 09 10:56:57 UTC 2026","Exceptions — Smoke (Continued)","specs\Smoke\8-ExceptionsSmoke.spec.ts","",""
"","9310","Verify Check Only tab shows Check-specific chart sections","msedge","Wed Sep 09 10:08:50 UTC 2026","passed","Wed Sep 09 10:09:00 UTC 2026","Home Dashboard","specs\Smoke\3-HomeDashboardSmoke.spec.ts","",""
"","15699","Notification Log sub-page loads correctly","webkit","Wed Sep 09 10:41:21 UTC 2026","passed","Wed Sep 09 10:41:37 UTC 2026","Application Navigation Smoke Tests","specs\Smoke\2-NavigationSmoke.spec.ts","",""
"","17538","Decision badge on an already-reviewed row is blocked with a system message","webkit","Wed Sep 09 10:55:44 UTC 2026","passed","Wed Sep 09 10:56:02 UTC 2026","Exceptions — Smoke (Continued)","specs\Smoke\8-ExceptionsSmoke.spec.ts","",""
"","7386","Excel export button is visible and enabled","chromium","Wed Sep 09 10:13:59 UTC 2026","passed","Wed Sep 09 10:14:07 UTC 2026","ACH — Smoke","specs\Smoke\7-ACHSmoke.spec.ts","",""
"","7370","Teller page loads correctly","chromium","Wed Sep 09 10:08:00 UTC 2026","passed","Wed Sep 09 10:08:07 UTC 2026","Application Navigation Smoke Tests","specs\Smoke\2-NavigationSmoke.spec.ts","",""
"","13089","""View"" link on a row opens the Exception Details dialog","firefox","Wed Sep 09 10:24:19 UTC 2026","passed","Wed Sep 09 10:24:32 UTC 2026","Exceptions — Smoke (Continued)","specs\Smoke\8-ExceptionsSmoke.spec.ts","",""
"","7254","Verify dashboard footer footnote and privacy link are visible","chromium","Wed Sep 09 10:10:23 UTC 2026","passed","Wed Sep 09 10:10:30 UTC 2026","Home Dashboard","specs\Smoke\3-HomeDashboardSmoke.spec.ts","",""
"","19432","Automatic ACH Decision Rules sub-page loads correctly","firefox","Wed Sep 09 10:11:20 UTC 2026","passed","Wed Sep 09 10:11:40 UTC 2026","Application Navigation Smoke Tests","specs\Smoke\2-NavigationSmoke.spec.ts","",""
"","6158","Verify Combined View shows all chart sections","msedge","Wed Sep 09 10:08:44 UTC 2026","passed","Wed Sep 09 10:08:50 UTC 2026","Home Dashboard","specs\Smoke\3-HomeDashboardSmoke.spec.ts","",""
"","7480","Saved Filters dropdown is visible and defaults to no preset","chromium","Wed Sep 09 10:14:37 UTC 2026","passed","Wed Sep 09 10:14:44 UTC 2026","ACH — Smoke","specs\Smoke\7-ACHSmoke.spec.ts","",""
"","11228","Verify tab-specific charts are hidden for opposite tab","firefox","Wed Sep 09 10:10:28 UTC 2026","passed","Wed Sep 09 10:10:39 UTC 2026","Home Dashboard","specs\Smoke\3-HomeDashboardSmoke.spec.ts","",""
"","5460","Validate Login functionality with emptyFields","firefox","Wed Sep 09 10:07:07 UTC 2026","passed","Wed Sep 09 10:07:12 UTC 2026","","specs\Smoke\1-LoginSmoke.spec.ts","",""
"","10899","Verify tab-specific charts are hidden for opposite tab","msedge","Wed Sep 09 10:09:27 UTC 2026","passed","Wed Sep 09 10:09:38 UTC 2026","Home Dashboard","specs\Smoke\3-HomeDashboardSmoke.spec.ts","",""
"","17317","Clicking a column header sorts ascending, clicking again sorts descending","firefox","Wed Sep 09 10:20:16 UTC 2026","passed","Wed Sep 09 10:20:33 UTC 2026","ACH — Smoke","specs\Smoke\7-ACHSmoke.spec.ts","",""
"","6097","Validate forgot password with unregistered email","msedge","Wed Sep 09 10:08:05 UTC 2026","passed","Wed Sep 09 10:08:11 UTC 2026","","specs\Smoke\1-LoginSmoke.spec.ts","",""
"","10536","Users sub-page loads correctly","msedge","Wed Sep 09 10:08:11 UTC 2026","passed","Wed Sep 09 10:08:21 UTC 2026","Application Navigation Smoke Tests","specs\Smoke\2-NavigationSmoke.spec.ts","",""
"","15864","Issued Checks breadcrumb link is visible on the page","webkit","Wed Sep 09 10:47:32 UTC 2026","passed","Wed Sep 09 10:47:48 UTC 2026","Issued Checks — Smoke (Continued)","specs\Smoke\4-IssuedChecksSmoke.spec.ts","",""
"","8800","Last page arrow jumps to the final page","msedge","Wed Sep 09 10:18:19 UTC 2026","passed","Wed Sep 09 10:18:28 UTC 2026","Exceptions — Smoke","specs\Smoke\8-ExceptionsSmoke.spec.ts","",""
"","6559","ACH Approval Rules sub-page loads correctly","chromium","Wed Sep 09 10:10:06 UTC 2026","passed","Wed Sep 09 10:10:13 UTC 2026","Application Navigation Smoke Tests","specs\Smoke\2-NavigationSmoke.spec.ts","",""
"","10030","Decision Files sub-page loads correctly","chromium","Wed Sep 09 10:09:08 UTC 2026","passed","Wed Sep 09 10:09:18 UTC 2026","Application Navigation Smoke Tests","specs\Smoke\2-NavigationSmoke.spec.ts","",""
"","8997","Grid loads with data rows and key column headers","chromium","Wed Sep 09 10:11:24 UTC 2026","passed","Wed Sep 09 10:11:33 UTC 2026","Presented Checks — Smoke","specs\Smoke\5-PresentedChecksSmoke.spec.ts","",""
"","10699","Last page arrow jumps to the final page","firefox","Wed Sep 09 10:19:01 UTC 2026","passed","Wed Sep 09 10:19:12 UTC 2026","ACH — Smoke","specs\Smoke\7-ACHSmoke.spec.ts","",""
"","9649","Excel export button is visible and enabled","msedge","Wed Sep 09 10:11:54 UTC 2026","passed","Wed Sep 09 10:12:04 UTC 2026","Presented Checks — Smoke","specs\Smoke\5-PresentedChecksSmoke.spec.ts","",""
"","6910","Exception History grid loads with data rows and key column headers","msedge","Wed Sep 09 10:17:38 UTC 2026","passed","Wed Sep 09 10:17:45 UTC 2026","Exceptions — Smoke","specs\Smoke\8-ExceptionsSmoke.spec.ts","",""
"","10624","Last page arrow jumps to the final page","firefox","Wed Sep 09 10:14:53 UTC 2026","passed","Wed Sep 09 10:15:04 UTC 2026","Issued Checks — Smoke","specs\Smoke\4-IssuedChecksSmoke.spec.ts","",""
"","12384","Search box filters grid and clears correctly","firefox","Wed Sep 09 10:18:09 UTC 2026","passed","Wed Sep 09 10:18:22 UTC 2026","ACH — Smoke","specs\Smoke\7-ACHSmoke.spec.ts","",""
"","14751","Roles/Permissions sub-page loads correctly","webkit","Wed Sep 09 10:38:34 UTC 2026","passed","Wed Sep 09 10:38:49 UTC 2026","Application Navigation Smoke Tests","specs\Smoke\2-NavigationSmoke.spec.ts","",""
"","8787","Last page arrow jumps to the final page","chromium","Wed Sep 09 10:12:03 UTC 2026","passed","Wed Sep 09 10:12:12 UTC 2026","Issued Checks — Smoke","specs\Smoke\4-IssuedChecksSmoke.spec.ts","",""
"","12670","Previous page button returns to page 1, First page button re-enables disabled state","firefox","Wed Sep 09 10:15:15 UTC 2026","passed","Wed Sep 09 10:15:28 UTC 2026","Issued Checks — Smoke","specs\Smoke\4-IssuedChecksSmoke.spec.ts","",""
"","9977","Verify dashboard tab checked state updates correctly","msedge","Wed Sep 09 10:09:07 UTC 2026","passed","Wed Sep 09 10:09:17 UTC 2026","Home Dashboard","specs\Smoke\3-HomeDashboardSmoke.spec.ts","",""
"","12905","Default filter auto-applies after logout and re-login","chromium","Wed Sep 09 10:14:44 UTC 2026","passed","Wed Sep 09 10:14:57 UTC 2026","ACH — Smoke","specs\Smoke\7-ACHSmoke.spec.ts","",""
"","10525","Validate session persists after page refresh","msedge","Wed Sep 09 10:08:11 UTC 2026","passed","Wed Sep 09 10:08:22 UTC 2026","","specs\Smoke\1-LoginSmoke.spec.ts","",""
"","41663","Page size change to 10 updates pagination info in bottom-right pager","webkit","Wed Sep 09 10:46:42 UTC 2026","failed","Wed Sep 09 10:47:24 UTC 2026","Presented Checks — Smoke","specs\Smoke\5-PresentedChecksSmoke.spec.ts","",""
"","8392","Verify dashboard tab checked state updates correctly","chromium","Wed Sep 09 10:09:40 UTC 2026","passed","Wed Sep 09 10:09:48 UTC 2026","Home Dashboard","specs\Smoke\3-HomeDashboardSmoke.spec.ts","",""
"","7128","Excel export button is visible and enabled","msedge","Wed Sep 09 10:15:21 UTC 2026","passed","Wed Sep 09 10:15:28 UTC 2026","ACH — Smoke","specs\Smoke\7-ACHSmoke.spec.ts","",""
"","4321","Validate Login functionality with xssInUsername","chromium","Wed Sep 09 10:08:29 UTC 2026","passed","Wed Sep 09 10:08:34 UTC 2026","","specs\Smoke\1-LoginSmoke.spec.ts","",""
"","3956","Validate Login functionality with invalidEmailFormat","chromium","Wed Sep 09 10:08:06 UTC 2026","passed","Wed Sep 09 10:08:10 UTC 2026","","specs\Smoke\1-LoginSmoke.spec.ts","",""
"","18637","Verify Check Only tab shows Check-specific chart sections","firefox","Wed Sep 09 10:09:29 UTC 2026","passed","Wed Sep 09 10:09:47 UTC 2026","Home Dashboard","specs\Smoke\3-HomeDashboardSmoke.spec.ts","",""
"","20453","Validate forgot password with unregistered email","firefox","Wed Sep 09 10:08:20 UTC 2026","passed","Wed Sep 09 10:08:41 UTC 2026","","specs\Smoke\1-LoginSmoke.spec.ts","",""
"","6373","Validate Login functionality with incorrectUsername","chromium","Wed Sep 09 10:08:00 UTC 2026","passed","Wed Sep 09 10:08:06 UTC 2026","","specs\Smoke\1-LoginSmoke.spec.ts","",""
"","11663","Save a filter preset, verify it is auto-selected, then delete it","msedge","Wed Sep 09 10:12:58 UTC 2026","passed","Wed Sep 09 10:13:09 UTC 2026","Issued Checks — Smoke (Continued)","specs\Smoke\4-IssuedChecksSmoke.spec.ts","",""
"","13936","Check Approval Rules sub-page loads correctly","firefox","Wed Sep 09 10:11:06 UTC 2026","passed","Wed Sep 09 10:11:20 UTC 2026","Application Navigation Smoke Tests","specs\Smoke\2-NavigationSmoke.spec.ts","",""
"","14743","Grid loads with data rows and key column headers","firefox","Wed Sep 09 10:13:01 UTC 2026","passed","Wed Sep 09 10:13:16 UTC 2026","Issued Checks — Smoke","specs\Smoke\4-IssuedChecksSmoke.spec.ts","",""
"","15947","ACH breadcrumb link is visible on the page","firefox","Wed Sep 09 10:21:29 UTC 2026","passed","Wed Sep 09 10:21:45 UTC 2026","ACH — Smoke","specs\Smoke\7-ACHSmoke.spec.ts","",""
"","9637","Save a filter preset, verify it is auto-selected, then delete it","chromium","Wed Sep 09 10:12:47 UTC 2026","passed","Wed Sep 09 10:12:57 UTC 2026","Issued Checks — Smoke (Continued)","specs\Smoke\4-IssuedChecksSmoke.spec.ts","",""
"","19894","Column filter popup applies a filter and Clear restores the full row set","webkit","Wed Sep 09 10:51:09 UTC 2026","passed","Wed Sep 09 10:51:29 UTC 2026","ACH — Smoke","specs\Smoke\7-ACHSmoke.spec.ts","",""
"","5945","Clicking a column header sorts ascending, clicking again sorts descending","chromium","Wed Sep 09 10:15:05 UTC 2026","passed","Wed Sep 09 10:15:11 UTC 2026","ACH — Smoke","specs\Smoke\7-ACHSmoke.spec.ts","",""
"","19142","Column filter popup applies a filter and Clear restores the full row set","webkit","Wed Sep 09 10:46:37 UTC 2026","passed","Wed Sep 09 10:46:56 UTC 2026","Issued Checks — Smoke (Continued)","specs\Smoke\4-IssuedChecksSmoke.spec.ts","",""
"","6563","Column filter menu applies a filter and Clear restores the full row set","chromium","Wed Sep 09 10:17:12 UTC 2026","passed","Wed Sep 09 10:17:18 UTC 2026","Exceptions — Smoke (Continued)","specs\Smoke\8-ExceptionsSmoke.spec.ts","",""
"","5615","Verify dashboard loads after successful login","chromium","Wed Sep 09 10:09:07 UTC 2026","passed","Wed Sep 09 10:09:13 UTC 2026","Home Dashboard","specs\Smoke\3-HomeDashboardSmoke.spec.ts","",""
"","35935","Typing a page number navigates to that page","firefox","Wed Sep 09 10:25:35 UTC 2026","failed","Wed Sep 09 10:26:11 UTC 2026","Presented Checks — Smoke","specs\Smoke\5-PresentedChecksSmoke.spec.ts","",""
"","14214","ACH page loads correctly","webkit","Wed Sep 09 10:37:09 UTC 2026","passed","Wed Sep 09 10:37:23 UTC 2026","Application Navigation Smoke Tests","specs\Smoke\2-NavigationSmoke.spec.ts","",""
"","4977","Validate Login functionality with veryLongInput","msedge","Wed Sep 09 10:07:49 UTC 2026","passed","Wed Sep 09 10:07:54 UTC 2026","","specs\Smoke\1-LoginSmoke.spec.ts","",""
"","5959","Exceptions page loads correctly","chromium","Wed Sep 09 10:08:15 UTC 2026","passed","Wed Sep 09 10:08:21 UTC 2026","Application Navigation Smoke Tests","specs\Smoke\2-NavigationSmoke.spec.ts","",""
"","8665","Verify all three dashboard view tabs are visible","msedge","Wed Sep 09 10:08:36 UTC 2026","passed","Wed Sep 09 10:08:44 UTC 2026","Home Dashboard","specs\Smoke\3-HomeDashboardSmoke.spec.ts","",""
"","7857","Default filter auto-applies after logout and re-login","msedge","Wed Sep 09 10:12:50 UTC 2026","skipped","Wed Sep 09 10:12:58 UTC 2026","Issued Checks — Default Filter (Serial)","specs\Smoke\4-IssuedChecksSmoke.spec.ts","",""
"","5021","Validate unauthenticated access to protected route is redirected to login","chromium","Wed Sep 09 10:09:02 UTC 2026","passed","Wed Sep 09 10:09:07 UTC 2026","","specs\Smoke\1-LoginSmoke.spec.ts","",""
"","7454","Presented Checks breadcrumb link is visible on the page","firefox","Wed Sep 09 10:35:39 UTC 2026","passed","Wed Sep 09 10:35:46 UTC 2026","Presented Checks — Smoke (Continued)","specs\Smoke\5-PresentedChecksSmoke.spec.ts","",""
"","5015","""+ Add ACH"" navigates to the add-ACH form","chromium","Wed Sep 09 10:13:42 UTC 2026","passed","Wed Sep 09 10:13:47 UTC 2026","ACH — Smoke","specs\Smoke\7-ACHSmoke.spec.ts","",""
"","7498","Previous page button returns to page 1, First page button re-enables disabled state","chromium","Wed Sep 09 10:14:29 UTC 2026","passed","Wed Sep 09 10:14:37 UTC 2026","ACH — Smoke","specs\Smoke\7-ACHSmoke.spec.ts","",""
"","5501","Roles/Permissions sub-page loads correctly","chromium","Wed Sep 09 10:08:48 UTC 2026","passed","Wed Sep 09 10:08:54 UTC 2026","Application Navigation Smoke Tests","specs\Smoke\2-NavigationSmoke.spec.ts","",""
"","11643","""Edit"" link on a row navigates to the check edit form","webkit","Wed Sep 09 10:46:56 UTC 2026","passed","Wed Sep 09 10:47:08 UTC 2026","Issued Checks — Smoke (Continued)","specs\Smoke\4-IssuedChecksSmoke.spec.ts","",""
"","16112","Exceptions breadcrumb link is visible on the page","webkit","Wed Sep 09 10:56:02 UTC 2026","passed","Wed Sep 09 10:56:18 UTC 2026","Exceptions — Smoke (Continued)","specs\Smoke\8-ExceptionsSmoke.spec.ts","",""
"","4528","Validate forgot password functionality","chromium","Wed Sep 09 10:08:40 UTC 2026","passed","Wed Sep 09 10:08:44 UTC 2026","","specs\Smoke\1-LoginSmoke.spec.ts","",""
"","7195","API link is visible and points to swagger","chromium","Wed Sep 09 10:10:46 UTC 2026","passed","Wed Sep 09 10:10:53 UTC 2026","Application Navigation Smoke Tests","specs\Smoke\2-NavigationSmoke.spec.ts","",""
"","13875","Save a filter preset, verify it is auto-selected, then delete it","firefox","Wed Sep 09 10:20:02 UTC 2026","passed","Wed Sep 09 10:20:16 UTC 2026","ACH — Smoke","specs\Smoke\7-ACHSmoke.spec.ts","",""
"","14447","Typing a page number navigates to that page","webkit","Wed Sep 09 10:53:39 UTC 2026","passed","Wed Sep 09 10:53:53 UTC 2026","Exceptions — Smoke","specs\Smoke\8-ExceptionsSmoke.spec.ts","",""
"","15267","Saved Filters dropdown is visible and defaults to no preset","webkit","Wed Sep 09 10:50:10 UTC 2026","passed","Wed Sep 09 10:50:25 UTC 2026","ACH — Smoke","specs\Smoke\7-ACHSmoke.spec.ts","",""
"","42676","Saved Filters dropdown is visible and defaults to no preset","firefox","Wed Sep 09 10:29:22 UTC 2026","failed","Wed Sep 09 10:30:04 UTC 2026","Presented Checks — Smoke","specs\Smoke\5-PresentedChecksSmoke.spec.ts","",""
"","9000","System Log sub-page loads correctly","msedge","Wed Sep 09 10:10:23 UTC 2026","passed","Wed Sep 09 10:10:32 UTC 2026","Application Navigation Smoke Tests","specs\Smoke\2-NavigationSmoke.spec.ts","",""
"","4674","Grid loads with data rows and key column headers","chromium","Wed Sep 09 10:13:37 UTC 2026","passed","Wed Sep 09 10:13:42 UTC 2026","ACH — Smoke","specs\Smoke\7-ACHSmoke.spec.ts","",""
"","6248","Notification Templates sub-page loads correctly","chromium","Wed Sep 09 10:09:34 UTC 2026","passed","Wed Sep 09 10:09:40 UTC 2026","Application Navigation Smoke Tests","specs\Smoke\2-NavigationSmoke.spec.ts","",""
"","14195","Verify Check Only tab shows Check-specific chart sections","webkit","Wed Sep 09 10:39:31 UTC 2026","passed","Wed Sep 09 10:39:46 UTC 2026","Home Dashboard","specs\Smoke\3-HomeDashboardSmoke.spec.ts","",""
"","7592","Verify ACH Only tab shows ACH-specific chart sections","chromium","Wed Sep 09 10:09:32 UTC 2026","passed","Wed Sep 09 10:09:40 UTC 2026","Home Dashboard","specs\Smoke\3-HomeDashboardSmoke.spec.ts","",""
"","4816","Presented Checks breadcrumb link is visible on the page","chromium","Wed Sep 09 10:29:44 UTC 2026","passed","Wed Sep 09 10:29:49 UTC 2026","Presented Checks — Smoke (Continued)","specs\Smoke\5-PresentedChecksSmoke.spec.ts","",""
"","10029","Saved Filters dropdown is visible and defaults to no preset","webkit","Wed Sep 09 10:45:40 UTC 2026","passed","Wed Sep 09 10:45:50 UTC 2026","Issued Checks — Smoke","specs\Smoke\4-IssuedChecksSmoke.spec.ts","",""
"","8544","""Delete"" on a row shows a confirm modal; Cancel dismisses it without deleting","webkit","Wed Sep 09 11:04:58 UTC 2026","passed","Wed Sep 09 11:05:07 UTC 2026","Presented Checks — Smoke (Continued)","specs\Smoke\5-PresentedChecksSmoke.spec.ts","",""
"","9887","Issued Checks breadcrumb link is visible on the page","msedge","Wed Sep 09 10:13:55 UTC 2026","passed","Wed Sep 09 10:14:05 UTC 2026","Issued Checks — Smoke (Continued)","specs\Smoke\4-IssuedChecksSmoke.spec.ts","",""
"","13833","Verify navigation to Presented Checks via nav menu","webkit","Wed Sep 09 10:42:32 UTC 2026","passed","Wed Sep 09 10:42:46 UTC 2026","Home Dashboard","specs\Smoke\3-HomeDashboardSmoke.spec.ts","",""
"","14983","Default filter auto-applies after logout and re-login","firefox","Wed Sep 09 10:15:39 UTC 2026","skipped","Wed Sep 09 10:15:54 UTC 2026","Issued Checks — Default Filter (Serial)","specs\Smoke\4-IssuedChecksSmoke.spec.ts","",""
"","16841","Last page arrow jumps to the final page","webkit","Wed Sep 09 10:44:54 UTC 2026","passed","Wed Sep 09 10:45:11 UTC 2026","Issued Checks — Smoke","specs\Smoke\4-IssuedChecksSmoke.spec.ts","",""
"","11307","Previous page button returns to page 1, First page button re-enables disabled state","firefox","Wed Sep 09 10:23:06 UTC 2026","passed","Wed Sep 09 10:23:17 UTC 2026","Exceptions — Smoke","specs\Smoke\8-ExceptionsSmoke.spec.ts","",""
"","4534","Validate forgot password functionality with No email","chromium","Wed Sep 09 10:08:44 UTC 2026","passed","Wed Sep 09 10:08:49 UTC 2026","","specs\Smoke\1-LoginSmoke.spec.ts","",""
"","10178","Navigation tabs to Pre-Decisions, Approvals, and Exception History are visible","msedge","Wed Sep 09 10:19:59 UTC 2026","passed","Wed Sep 09 10:20:10 UTC 2026","Exceptions — Smoke (Continued)","specs\Smoke\8-ExceptionsSmoke.spec.ts","",""
"","7294","Settings page loads correctly","chromium","Wed Sep 09 10:08:21 UTC 2026","passed","Wed Sep 09 10:08:29 UTC 2026","Application Navigation Smoke Tests","specs\Smoke\2-NavigationSmoke.spec.ts","",""
"","15787","Search box filters grid and clears correctly","firefox","Wed Sep 09 10:13:48 UTC 2026","passed","Wed Sep 09 10:14:04 UTC 2026","Issued Checks — Smoke","specs\Smoke\4-IssuedChecksSmoke.spec.ts","",""
"","4942","Clicking a column header sorts ascending, clicking again sorts descending","chromium","Wed Sep 09 10:12:57 UTC 2026","passed","Wed Sep 09 10:13:02 UTC 2026","Issued Checks — Smoke (Continued)","specs\Smoke\4-IssuedChecksSmoke.spec.ts","",""
"","15834","Check Approval Rules sub-page loads correctly","webkit","Wed Sep 09 10:40:32 UTC 2026","passed","Wed Sep 09 10:40:48 UTC 2026","Application Navigation Smoke Tests","specs\Smoke\2-NavigationSmoke.spec.ts","",""
"","37553","Settings page loads correctly","firefox","Wed Sep 09 10:07:57 UTC 2026","passed","Wed Sep 09 10:08:35 UTC 2026","Application Navigation Smoke Tests","specs\Smoke\2-NavigationSmoke.spec.ts","",""
"","12457","File Processing sub-page loads correctly","firefox","Wed Sep 09 10:12:30 UTC 2026","passed","Wed Sep 09 10:12:43 UTC 2026","Application Navigation Smoke Tests","specs\Smoke\2-NavigationSmoke.spec.ts","",""
"","16853","Next page arrow advances to page 2","webkit","Wed Sep 09 10:44:38 UTC 2026","passed","Wed Sep 09 10:44:54 UTC 2026","Issued Checks — Smoke","specs\Smoke\4-IssuedChecksSmoke.spec.ts","",""
"","14458","Automatic Check Decision Rules sub-page loads correctly","webkit","Wed Sep 09 10:40:17 UTC 2026","passed","Wed Sep 09 10:40:32 UTC 2026","Application Navigation Smoke Tests","specs\Smoke\2-NavigationSmoke.spec.ts","",""
"","17832","Users sub-page loads correctly","firefox","Wed Sep 09 10:08:56 UTC 2026","passed","Wed Sep 09 10:09:14 UTC 2026","Application Navigation Smoke Tests","specs\Smoke\2-NavigationSmoke.spec.ts","",""
"","9357","Validate Login functionality with incorrectUsername","webkit","Wed Sep 09 10:36:44 UTC 2026","passed","Wed Sep 09 10:36:54 UTC 2026","","specs\Smoke\1-LoginSmoke.spec.ts","",""
"","7719","Page size change to 10 updates pagination info in bottom-right pager","msedge","Wed Sep 09 10:18:02 UTC 2026","passed","Wed Sep 09 10:18:09 UTC 2026","Exceptions — Smoke","specs\Smoke\8-ExceptionsSmoke.spec.ts","",""
"","38667","Saved Filters dropdown is visible and defaults to no preset","chromium","Wed Sep 09 10:22:12 UTC 2026","failed","Wed Sep 09 10:22:50 UTC 2026","Presented Checks — Smoke","specs\Smoke\5-PresentedChecksSmoke.spec.ts","",""
"","14052","Excel export button is visible and enabled","firefox","Wed Sep 09 10:14:21 UTC 2026","passed","Wed Sep 09 10:14:35 UTC 2026","Presented Checks — Smoke","specs\Smoke\5-PresentedChecksSmoke.spec.ts","",""
"","14685","Holiday Schedules sub-page loads correctly","firefox","Wed Sep 09 10:10:13 UTC 2026","passed","Wed Sep 09 10:10:28 UTC 2026","Application Navigation Smoke Tests","specs\Smoke\2-NavigationSmoke.spec.ts","",""
"","40881","Saved Filters dropdown is visible and defaults to no preset","msedge","Wed Sep 09 10:22:57 UTC 2026","failed","Wed Sep 09 10:23:37 UTC 2026","Presented Checks — Smoke","specs\Smoke\5-PresentedChecksSmoke.spec.ts","",""
"","9371","Pre-Decisions page loads with either records or the empty-state message","webkit","Wed Sep 09 10:57:06 UTC 2026","passed","Wed Sep 09 10:57:16 UTC 2026","Exceptions — Smoke (Continued)","specs\Smoke\8-ExceptionsSmoke.spec.ts","",""
"","7246","Verify navigation to Exceptions via nav menu","msedge","Wed Sep 09 10:10:49 UTC 2026","passed","Wed Sep 09 10:10:56 UTC 2026","Home Dashboard","specs\Smoke\3-HomeDashboardSmoke.spec.ts","",""
"","7470","Verify profile menu shows My Info and Logout links","firefox","Wed Sep 09 10:11:31 UTC 2026","passed","Wed Sep 09 10:11:39 UTC 2026","Home Dashboard","specs\Smoke\3-HomeDashboardSmoke.spec.ts","",""
"","7487","Validate forgot password with unregistered email","webkit","Wed Sep 09 10:38:19 UTC 2026","passed","Wed Sep 09 10:38:27 UTC 2026","","specs\Smoke\1-LoginSmoke.spec.ts","",""
"","11344","Navigation tabs to Pre-Decisions, Approvals, and Exception History are visible","webkit","Wed Sep 09 10:56:18 UTC 2026","passed","Wed Sep 09 10:56:29 UTC 2026","Exceptions — Smoke (Continued)","specs\Smoke\8-ExceptionsSmoke.spec.ts","",""
"","8545","Account Settings sub-page loads correctly","msedge","Wed Sep 09 10:07:53 UTC 2026","passed","Wed Sep 09 10:08:01 UTC 2026","Application Navigation Smoke Tests","specs\Smoke\2-NavigationSmoke.spec.ts","",""
"","15671","Excel export button is visible and enabled","webkit","Wed Sep 09 10:44:05 UTC 2026","passed","Wed Sep 09 10:44:21 UTC 2026","Issued Checks — Smoke","specs\Smoke\4-IssuedChecksSmoke.spec.ts","",""
"","14213","Page size change to 10 updates pagination info in bottom-right pager","firefox","Wed Sep 09 10:14:25 UTC 2026","passed","Wed Sep 09 10:14:39 UTC 2026","Issued Checks — Smoke","specs\Smoke\4-IssuedChecksSmoke.spec.ts","",""
"","7032","Verify navigation to Exceptions via nav menu","firefox","Wed Sep 09 10:12:41 UTC 2026","passed","Wed Sep 09 10:12:48 UTC 2026","Home Dashboard","specs\Smoke\3-HomeDashboardSmoke.spec.ts","",""
"","10419","Teller page loads correctly","msedge","Wed Sep 09 10:07:16 UTC 2026","passed","Wed Sep 09 10:07:26 UTC 2026","Application Navigation Smoke Tests","specs\Smoke\2-NavigationSmoke.spec.ts","",""
"","5551","Saved Filters dropdown is visible and defaults to no preset","chromium","Wed Sep 09 10:16:34 UTC 2026","passed","Wed Sep 09 10:16:40 UTC 2026","Exceptions — Smoke","specs\Smoke\8-ExceptionsSmoke.spec.ts","",""
"","14152","Verify ACH Only tab shows ACH-specific chart sections","webkit","Wed Sep 09 10:39:46 UTC 2026","passed","Wed Sep 09 10:40:00 UTC 2026","Home Dashboard","specs\Smoke\3-HomeDashboardSmoke.spec.ts","",""
"","28461","Page size change to 10 updates pagination info in bottom-right pager","chromium","Wed Sep 09 10:13:22 UTC 2026","failed","Wed Sep 09 10:13:50 UTC 2026","Presented Checks — Smoke","specs\Smoke\5-PresentedChecksSmoke.spec.ts","",""
"","15746","Column filter popup applies a filter and Clear restores the full row set","firefox","Wed Sep 09 10:20:33 UTC 2026","passed","Wed Sep 09 10:20:49 UTC 2026","ACH — Smoke","specs\Smoke\7-ACHSmoke.spec.ts","",""
"","7482","Verify navigation to Settings via nav menu","chromium","Wed Sep 09 10:11:17 UTC 2026","passed","Wed Sep 09 10:11:24 UTC 2026","Home Dashboard","specs\Smoke\3-HomeDashboardSmoke.spec.ts","",""
"","14915","Verify navigation to ACH via nav menu","firefox","Wed Sep 09 10:12:26 UTC 2026","passed","Wed Sep 09 10:12:41 UTC 2026","Home Dashboard","specs\Smoke\3-HomeDashboardSmoke.spec.ts","",""
"","10376","File Formats sub-page loads correctly","msedge","Wed Sep 09 10:09:07 UTC 2026","passed","Wed Sep 09 10:09:18 UTC 2026","Application Navigation Smoke Tests","specs\Smoke\2-NavigationSmoke.spec.ts","",""
"","6330","Typing a page number navigates to that page","chromium","Wed Sep 09 10:14:23 UTC 2026","passed","Wed Sep 09 10:14:29 UTC 2026","ACH — Smoke","specs\Smoke\7-ACHSmoke.spec.ts","",""
"","9731","Approvals page loads with either records or the empty-state message","webkit","Wed Sep 09 10:56:57 UTC 2026","passed","Wed Sep 09 10:57:06 UTC 2026","Exceptions — Smoke (Continued)","specs\Smoke\8-ExceptionsSmoke.spec.ts","",""
"","11574","""+ Add Check"" navigates to the add-check form","msedge","Wed Sep 09 10:11:21 UTC 2026","passed","Wed Sep 09 10:11:33 UTC 2026","Presented Checks — Smoke","specs\Smoke\5-PresentedChecksSmoke.spec.ts","",""
"","7572","Last page arrow jumps to the final page","msedge","Wed Sep 09 10:15:48 UTC 2026","passed","Wed Sep 09 10:15:56 UTC 2026","ACH — Smoke","specs\Smoke\7-ACHSmoke.spec.ts","",""
"","17383","""Uploaded Checks"" navigates to the uploads page","webkit","Wed Sep 09 10:43:29 UTC 2026","passed","Wed Sep 09 10:43:47 UTC 2026","Issued Checks — Smoke","specs\Smoke\4-IssuedChecksSmoke.spec.ts","",""
"","39239","Column filter popup applies a filter and Clear restores the full row set","chromium","Wed Sep 09 10:28:40 UTC 2026","failed","Wed Sep 09 10:29:19 UTC 2026","Presented Checks — Smoke (Continued)","specs\Smoke\5-PresentedChecksSmoke.spec.ts","",""
"","18595","""View"" link on a row opens the Exception Details dialog","webkit","Wed Sep 09 10:55:26 UTC 2026","passed","Wed Sep 09 10:55:44 UTC 2026","Exceptions — Smoke (Continued)","specs\Smoke\8-ExceptionsSmoke.spec.ts","",""
"","9028","Excel export button is visible and enabled","firefox","Wed Sep 09 10:22:05 UTC 2026","passed","Wed Sep 09 10:22:14 UTC 2026","Exceptions — Smoke","specs\Smoke\8-ExceptionsSmoke.spec.ts","",""
"","7769","Typing a page number navigates to that page","msedge","Wed Sep 09 10:12:21 UTC 2026","passed","Wed Sep 09 10:12:29 UTC 2026","Issued Checks — Smoke","specs\Smoke\4-IssuedChecksSmoke.spec.ts","",""
"","5287","Validate Login functionality with missingUsername","msedge","Wed Sep 09 10:07:32 UTC 2026","passed","Wed Sep 09 10:07:37 UTC 2026","","specs\Smoke\1-LoginSmoke.spec.ts","",""
"","41865","Next page arrow advances to page 2","webkit","Wed Sep 09 10:49:18 UTC 2026","failed","Wed Sep 09 10:50:00 UTC 2026","Presented Checks — Smoke","specs\Smoke\5-PresentedChecksSmoke.spec.ts","",""
"","33088","Next page arrow advances to page 2","chromium","Wed Sep 09 10:15:12 UTC 2026","failed","Wed Sep 09 10:15:45 UTC 2026","Presented Checks — Smoke","specs\Smoke\5-PresentedChecksSmoke.spec.ts","",""
"","11003","""Uploaded Checks"" navigates to the uploads page","msedge","Wed Sep 09 10:11:22 UTC 2026","passed","Wed Sep 09 10:11:33 UTC 2026","Issued Checks — Smoke","specs\Smoke\4-IssuedChecksSmoke.spec.ts","",""
"","6893","ACH breadcrumb link is visible on the page","msedge","Wed Sep 09 10:17:32 UTC 2026","passed","Wed Sep 09 10:17:38 UTC 2026","ACH — Smoke","specs\Smoke\7-ACHSmoke.spec.ts","",""
"","9362","Billing Reports sub-page loads correctly","msedge","Wed Sep 09 10:08:37 UTC 2026","passed","Wed Sep 09 10:08:47 UTC 2026","Application Navigation Smoke Tests","specs\Smoke\2-NavigationSmoke.spec.ts","",""
"","10845","Validate Login functionality with xssInUsername","webkit","Wed Sep 09 10:37:39 UTC 2026","passed","Wed Sep 09 10:37:50 UTC 2026","","specs\Smoke\1-LoginSmoke.spec.ts","",""
"","7604","Excel export button is visible and enabled","msedge","Wed Sep 09 10:17:54 UTC 2026","passed","Wed Sep 09 10:18:02 UTC 2026","Exceptions — Smoke","specs\Smoke\8-ExceptionsSmoke.spec.ts","",""
"","16453","Verify dashboard footer footnote and privacy link are visible","firefox","Wed Sep 09 10:11:15 UTC 2026","passed","Wed Sep 09 10:11:31 UTC 2026","Home Dashboard","specs\Smoke\3-HomeDashboardSmoke.spec.ts","",""
"","12398","Verify navigation to Settings via nav menu","firefox","Wed Sep 09 10:12:48 UTC 2026","passed","Wed Sep 09 10:13:01 UTC 2026","Home Dashboard","specs\Smoke\3-HomeDashboardSmoke.spec.ts","",""
"","20253","Last page arrow jumps to the final page","firefox","Wed Sep 09 10:22:35 UTC 2026","passed","Wed Sep 09 10:22:55 UTC 2026","Exceptions — Smoke","specs\Smoke\8-ExceptionsSmoke.spec.ts","",""
"","41800","Column filter popup applies a filter and Clear restores the full row set","webkit","Wed Sep 09 11:03:58 UTC 2026","failed","Wed Sep 09 11:04:40 UTC 2026","Presented Checks — Smoke (Continued)","specs\Smoke\5-PresentedChecksSmoke.spec.ts","",""
"","11113","Validate forgot password functionality with No email","webkit","Wed Sep 09 10:38:08 UTC 2026","passed","Wed Sep 09 10:38:19 UTC 2026","","specs\Smoke\1-LoginSmoke.spec.ts","",""
"","11131","Save a filter preset, verify it is auto-selected, then delete it","msedge","Wed Sep 09 10:19:00 UTC 2026","passed","Wed Sep 09 10:19:11 UTC 2026","Exceptions — Smoke (Continued)","specs\Smoke\8-ExceptionsSmoke.spec.ts","",""
"","11803","Search box filters grid and clears correctly","webkit","Wed Sep 09 10:52:41 UTC 2026","passed","Wed Sep 09 10:52:53 UTC 2026","Exceptions — Smoke","specs\Smoke\8-ExceptionsSmoke.spec.ts","",""
"","9713","Clicking a column header sorts ascending, clicking again sorts descending","chromium","Wed Sep 09 10:26:59 UTC 2026","passed","Wed Sep 09 10:27:09 UTC 2026","Presented Checks — Smoke (Continued)","specs\Smoke\5-PresentedChecksSmoke.spec.ts","",""
"","14801","Billing Reports sub-page loads correctly","webkit","Wed Sep 09 10:39:04 UTC 2026","passed","Wed Sep 09 10:39:19 UTC 2026","Application Navigation Smoke Tests","specs\Smoke\2-NavigationSmoke.spec.ts","",""
"","31458","Page size change to 10 updates pagination info in bottom-right pager","msedge","Wed Sep 09 10:13:19 UTC 2026","failed","Wed Sep 09 10:13:50 UTC 2026","Presented Checks — Smoke","specs\Smoke\5-PresentedChecksSmoke.spec.ts","",""
"","3902","Pre-Decisions page loads with either records or the empty-state message","chromium","Wed Sep 09 10:18:05 UTC 2026","passed","Wed Sep 09 10:18:08 UTC 2026","Exceptions — Smoke (Continued)","specs\Smoke\8-ExceptionsSmoke.spec.ts","",""
"","16865","Validate Login functionality with xssInUsername","firefox","Wed Sep 09 10:07:39 UTC 2026","passed","Wed Sep 09 10:07:56 UTC 2026","","specs\Smoke\1-LoginSmoke.spec.ts","",""
"","10523","Open Exceptions page loads with either exception cards or the empty-state message","firefox","Wed Sep 09 10:25:16 UTC 2026","passed","Wed Sep 09 10:25:26 UTC 2026","Exceptions — Smoke (Continued)","specs\Smoke\8-ExceptionsSmoke.spec.ts","",""
"","7595","""Edit"" link on a row navigates to the check edit form","msedge","Wed Sep 09 10:28:21 UTC 2026","passed","Wed Sep 09 10:28:28 UTC 2026","Presented Checks — Smoke (Continued)","specs\Smoke\5-PresentedChecksSmoke.spec.ts","",""
"","6183","Billing Reports sub-page loads correctly","chromium","Wed Sep 09 10:09:02 UTC 2026","passed","Wed Sep 09 10:09:08 UTC 2026","Application Navigation Smoke Tests","specs\Smoke\2-NavigationSmoke.spec.ts","",""
"","10950","Verify navigation to Exceptions via nav menu","chromium","Wed Sep 09 10:11:06 UTC 2026","passed","Wed Sep 09 10:11:17 UTC 2026","Home Dashboard","specs\Smoke\3-HomeDashboardSmoke.spec.ts","",""
"","9169","Exception History grid loads with data rows and key column headers","firefox","Wed Sep 09 10:21:46 UTC 2026","passed","Wed Sep 09 10:21:55 UTC 2026","Exceptions — Smoke","specs\Smoke\8-ExceptionsSmoke.spec.ts","",""
"","5303","Validate Login functionality with incorrectPassword","msedge","Wed Sep 09 10:07:05 UTC 2026","passed","Wed Sep 09 10:07:10 UTC 2026","","specs\Smoke\1-LoginSmoke.spec.ts","",""
"","14470","ACH Approval Rules sub-page loads correctly","firefox","Wed Sep 09 10:11:40 UTC 2026","passed","Wed Sep 09 10:11:54 UTC 2026","Application Navigation Smoke Tests","specs\Smoke\2-NavigationSmoke.spec.ts","",""
"","5021","Pay/Return decision badge navigates to exception history","chromium","Wed Sep 09 10:29:39 UTC 2026","passed","Wed Sep 09 10:29:44 UTC 2026","Presented Checks — Smoke (Continued)","specs\Smoke\5-PresentedChecksSmoke.spec.ts","",""
"","9936","Issued Checks page loads correctly","msedge","Wed Sep 09 10:06:57 UTC 2026","passed","Wed Sep 09 10:07:07 UTC 2026","Application Navigation Smoke Tests","specs\Smoke\2-NavigationSmoke.spec.ts","",""
"","8471","Presented Checks page loads correctly","msedge","Wed Sep 09 10:07:07 UTC 2026","passed","Wed Sep 09 10:07:16 UTC 2026","Application Navigation Smoke Tests","specs\Smoke\2-NavigationSmoke.spec.ts","",""
"","15684","Validate session persists after page refresh","webkit","Wed Sep 09 10:38:27 UTC 2026","passed","Wed Sep 09 10:38:42 UTC 2026","","specs\Smoke\1-LoginSmoke.spec.ts","",""
"","8950","Validate unauthenticated access to protected route is redirected to login","webkit","Wed Sep 09 10:38:42 UTC 2026","passed","Wed Sep 09 10:38:51 UTC 2026","","specs\Smoke\1-LoginSmoke.spec.ts","",""
"","5650","""Delete"" on a row shows a confirm modal; Cancel dismisses it without deleting","chromium","Wed Sep 09 10:29:33 UTC 2026","passed","Wed Sep 09 10:29:39 UTC 2026","Presented Checks — Smoke (Continued)","specs\Smoke\5-PresentedChecksSmoke.spec.ts","",""
"","7860","Verify dashboard loads after successful login","msedge","Wed Sep 09 10:08:28 UTC 2026","passed","Wed Sep 09 10:08:36 UTC 2026","Home Dashboard","specs\Smoke\3-HomeDashboardSmoke.spec.ts","",""
"","4762","Saved Filters dropdown is visible and defaults to no preset","chromium","Wed Sep 09 10:12:28 UTC 2026","passed","Wed Sep 09 10:12:32 UTC 2026","Issued Checks — Smoke","specs\Smoke\4-IssuedChecksSmoke.spec.ts","",""
"","13863","Business Clients sub-page loads correctly","webkit","Wed Sep 09 10:38:06 UTC 2026","passed","Wed Sep 09 10:38:20 UTC 2026","Application Navigation Smoke Tests","specs\Smoke\2-NavigationSmoke.spec.ts","",""
"","18188","Verify Home dashboard is restored after returning from another page","webkit","Wed Sep 09 10:42:00 UTC 2026","passed","Wed Sep 09 10:42:18 UTC 2026","Home Dashboard","specs\Smoke\3-HomeDashboardSmoke.spec.ts","",""
"","12782","Clicking a column header sorts ascending, clicking again sorts descending","webkit","Wed Sep 09 10:46:24 UTC 2026","passed","Wed Sep 09 10:46:37 UTC 2026","Issued Checks — Smoke (Continued)","specs\Smoke\4-IssuedChecksSmoke.spec.ts","",""
"","4706","Excel export button is visible and enabled","chromium","Wed Sep 09 10:16:02 UTC 2026","passed","Wed Sep 09 10:16:06 UTC 2026","Exceptions — Smoke","specs\Smoke\8-ExceptionsSmoke.spec.ts","",""
"","10295","""View"" (Change Log) link on a row navigates to the entity log","firefox","Wed Sep 09 10:16:51 UTC 2026","passed","Wed Sep 09 10:17:01 UTC 2026","Issued Checks — Smoke (Continued)","specs\Smoke\4-IssuedChecksSmoke.spec.ts","",""
"","19842","Pay/Return decision badge navigates to exception history","firefox","Wed Sep 09 10:21:10 UTC 2026","passed","Wed Sep 09 10:21:29 UTC 2026","ACH — Smoke","specs\Smoke\7-ACHSmoke.spec.ts","",""
"","10313","Verify dashboard loads after successful login","firefox","Wed Sep 09 10:08:59 UTC 2026","passed","Wed Sep 09 10:09:10 UTC 2026","Home Dashboard","specs\Smoke\3-HomeDashboardSmoke.spec.ts","",""
"","6364","Presented Checks breadcrumb link is visible on the page","msedge","Wed Sep 09 10:28:52 UTC 2026","passed","Wed Sep 09 10:28:58 UTC 2026","Presented Checks — Smoke (Continued)","specs\Smoke\5-PresentedChecksSmoke.spec.ts","",""
"","4629","ACH breadcrumb link is visible on the page","chromium","Wed Sep 09 10:15:41 UTC 2026","passed","Wed Sep 09 10:15:46 UTC 2026","ACH — Smoke","specs\Smoke\7-ACHSmoke.spec.ts","",""
"","11779","""View"" (Change Log) link on a row navigates to the entity log","webkit","Wed Sep 09 10:47:08 UTC 2026","passed","Wed Sep 09 10:47:20 UTC 2026","Issued Checks — Smoke (Continued)","specs\Smoke\4-IssuedChecksSmoke.spec.ts","",""
"","11534","Search box filters grid and clears correctly","chromium","Wed Sep 09 10:11:24 UTC 2026","passed","Wed Sep 09 10:11:36 UTC 2026","Issued Checks — Smoke","specs\Smoke\4-IssuedChecksSmoke.spec.ts","",""
"","10464","""Uploaded ACH"" navigates to the uploads page","msedge","Wed Sep 09 10:14:28 UTC 2026","passed","Wed Sep 09 10:14:39 UTC 2026","ACH — Smoke","specs\Smoke\7-ACHSmoke.spec.ts","",""
"","9021","Open Exceptions page loads with either exception cards or the empty-state message","msedge","Wed Sep 09 10:20:10 UTC 2026","passed","Wed Sep 09 10:20:19 UTC 2026","Exceptions — Smoke (Continued)","specs\Smoke\8-ExceptionsSmoke.spec.ts","",""
"","8170","Saved Filters dropdown is visible and defaults to no preset","msedge","Wed Sep 09 10:16:13 UTC 2026","passed","Wed Sep 09 10:16:21 UTC 2026","ACH — Smoke","specs\Smoke\7-ACHSmoke.spec.ts","",""
"","40024","Page size change to 10 updates pagination info in bottom-right pager","firefox","Wed Sep 09 10:16:33 UTC 2026","failed","Wed Sep 09 10:17:13 UTC 2026","Presented Checks — Smoke","specs\Smoke\5-PresentedChecksSmoke.spec.ts","",""
"","6891","Verify Check Only tab shows Check-specific chart sections","chromium","Wed Sep 09 10:09:25 UTC 2026","passed","Wed Sep 09 10:09:32 UTC 2026","Home Dashboard","specs\Smoke\3-HomeDashboardSmoke.spec.ts","",""
"","15797","Exception History grid loads with data rows and key column headers","webkit","Wed Sep 09 10:52:25 UTC 2026","passed","Wed Sep 09 10:52:41 UTC 2026","Exceptions — Smoke","specs\Smoke\8-ExceptionsSmoke.spec.ts","",""
"","8440","Default filter auto-applies after logout and re-login","webkit","Wed Sep 09 10:54:20 UTC 2026","skipped","Wed Sep 09 10:54:28 UTC 2026","Exceptions — Default Filter (Serial)","specs\Smoke\8-ExceptionsSmoke.spec.ts","",""
"","10099","ACH page loads correctly","msedge","Wed Sep 09 10:07:26 UTC 2026","passed","Wed Sep 09 10:07:36 UTC 2026","Application Navigation Smoke Tests","specs\Smoke\2-NavigationSmoke.spec.ts","",""
"","22448","Pay/Return decision badge navigates to exception history","webkit","Wed Sep 09 10:51:52 UTC 2026","passed","Wed Sep 09 10:52:14 UTC 2026","ACH — Smoke","specs\Smoke\7-ACHSmoke.spec.ts","",""
"","11959","Search box filters grid and clears correctly","msedge","Wed Sep 09 10:11:33 UTC 2026","passed","Wed Sep 09 10:11:45 UTC 2026","Issued Checks — Smoke","specs\Smoke\4-IssuedChecksSmoke.spec.ts","",""
"","22192","Typing a page number navigates to that page","chromium","Wed Sep 09 10:19:15 UTC 2026","failed","Wed Sep 09 10:19:37 UTC 2026","Presented Checks — Smoke","specs\Smoke\5-PresentedChecksSmoke.spec.ts","",""
"","11520","Open Exceptions page loads with either exception cards or the empty-state message","webkit","Wed Sep 09 10:56:29 UTC 2026","passed","Wed Sep 09 10:56:41 UTC 2026","Exceptions — Smoke (Continued)","specs\Smoke\8-ExceptionsSmoke.spec.ts","",""
"","6940","Validate Login functionality with missingPassword","firefox","Wed Sep 09 10:07:12 UTC 2026","passed","Wed Sep 09 10:07:19 UTC 2026","","specs\Smoke\1-LoginSmoke.spec.ts","",""
"","13068","Clicking a column header sorts ascending, clicking again sorts descending","webkit","Wed Sep 09 10:50:56 UTC 2026","passed","Wed Sep 09 10:51:09 UTC 2026","ACH — Smoke","specs\Smoke\7-ACHSmoke.spec.ts","",""
"","8509","Branding sub-page loads correctly","chromium","Wed Sep 09 10:08:54 UTC 2026","passed","Wed Sep 09 10:09:02 UTC 2026","Application Navigation Smoke Tests","specs\Smoke\2-NavigationSmoke.spec.ts","",""
"","21645","Verify Home dashboard is restored after returning from another page","firefox","Wed Sep 09 10:11:39 UTC 2026","passed","Wed Sep 09 10:12:01 UTC 2026","Home Dashboard","specs\Smoke\3-HomeDashboardSmoke.spec.ts","",""
"","13407","Save a filter preset, verify it is auto-selected, then delete it","firefox","Wed Sep 09 10:15:54 UTC 2026","passed","Wed Sep 09 10:16:08 UTC 2026","Issued Checks — Smoke (Continued)","specs\Smoke\4-IssuedChecksSmoke.spec.ts","",""
"","14212","Next page arrow advances to page 2","firefox","Wed Sep 09 10:14:39 UTC 2026","passed","Wed Sep 09 10:14:53 UTC 2026","Issued Checks — Smoke","specs\Smoke\4-IssuedChecksSmoke.spec.ts","",""
"","6028","Decision badge on an already-reviewed row is blocked with a system message","chromium","Wed Sep 09 10:17:25 UTC 2026","passed","Wed Sep 09 10:17:31 UTC 2026","Exceptions — Smoke (Continued)","specs\Smoke\8-ExceptionsSmoke.spec.ts","",""
"","9821","Validate teller presented-check form shows all required fields","webkit","Wed Sep 09 10:47:48 UTC 2026","passed","Wed Sep 09 10:47:58 UTC 2026","Teller - Smoke","specs\Smoke\6-TellerSmoke.spec.ts","",""
"","23938","Previous page button returns to page 1, First page button re-enables disabled state","webkit","Wed Sep 09 10:57:20 UTC 2026","failed","Wed Sep 09 10:57:44 UTC 2026","Presented Checks — Smoke","specs\Smoke\5-PresentedChecksSmoke.spec.ts","",""
"","7042","Verify dashboard footer footnote and privacy link are visible","msedge","Wed Sep 09 10:10:00 UTC 2026","passed","Wed Sep 09 10:10:07 UTC 2026","Home Dashboard","specs\Smoke\3-HomeDashboardSmoke.spec.ts","",""
"","39647","Last page arrow jumps to the final page","chromium","Wed Sep 09 10:17:42 UTC 2026","failed","Wed Sep 09 10:18:21 UTC 2026","Presented Checks — Smoke","specs\Smoke\5-PresentedChecksSmoke.spec.ts","",""
"","10543","""Uploaded Checks"" navigates to the uploads page","msedge","Wed Sep 09 10:11:33 UTC 2026","passed","Wed Sep 09 10:11:43 UTC 2026","Presented Checks — Smoke","specs\Smoke\5-PresentedChecksSmoke.spec.ts","",""
"","7445","Typing a page number navigates to that page","msedge","Wed Sep 09 10:18:28 UTC 2026","passed","Wed Sep 09 10:18:36 UTC 2026","Exceptions — Smoke","specs\Smoke\8-ExceptionsSmoke.spec.ts","",""
"","13378","Verify chart title changes with selected tab","firefox","Wed Sep 09 10:10:15 UTC 2026","passed","Wed Sep 09 10:10:28 UTC 2026","Home Dashboard","specs\Smoke\3-HomeDashboardSmoke.spec.ts","",""
"","24451","Previous page button returns to page 1, First page button re-enables disabled state","msedge","Wed Sep 09 10:21:03 UTC 2026","failed","Wed Sep 09 10:21:27 UTC 2026","Presented Checks — Smoke","specs\Smoke\5-PresentedChecksSmoke.spec.ts","",""
"","20952","Save a filter preset, verify it is auto-selected, then delete it","webkit","Wed Sep 09 10:50:35 UTC 2026","passed","Wed Sep 09 10:50:56 UTC 2026","ACH — Smoke","specs\Smoke\7-ACHSmoke.spec.ts","",""
"","6657","""+ Add Check"" navigates to the add-check form","chromium","Wed Sep 09 10:11:33 UTC 2026","passed","Wed Sep 09 10:11:40 UTC 2026","Presented Checks — Smoke","specs\Smoke\5-PresentedChecksSmoke.spec.ts","",""
"","18674","Excel export button is visible and enabled","firefox","Wed Sep 09 10:18:22 UTC 2026","passed","Wed Sep 09 10:18:40 UTC 2026","ACH — Smoke","specs\Smoke\7-ACHSmoke.spec.ts","",""
"","14319","Validate Login functionality with sqlInjection","firefox","Wed Sep 09 10:07:25 UTC 2026","passed","Wed Sep 09 10:07:39 UTC 2026","","specs\Smoke\1-LoginSmoke.spec.ts","",""
"","61911","Last page arrow jumps to the final page","webkit","Wed Sep 09 10:52:24 UTC 2026","failed","Wed Sep 09 10:53:26 UTC 2026","Presented Checks — Smoke","specs\Smoke\5-PresentedChecksSmoke.spec.ts","",""
"","16101","""+ Add Check"" navigates to the add-check form","webkit","Wed Sep 09 10:43:13 UTC 2026","passed","Wed Sep 09 10:43:29 UTC 2026","Issued Checks — Smoke","specs\Smoke\4-IssuedChecksSmoke.spec.ts","",""
"","14479","Default Decision Log sub-page loads correctly","webkit","Wed Sep 09 10:41:37 UTC 2026","passed","Wed Sep 09 10:41:51 UTC 2026","Application Navigation Smoke Tests","specs\Smoke\2-NavigationSmoke.spec.ts","",""
"","10912","Excel export button is visible and enabled","webkit","Wed Sep 09 10:48:50 UTC 2026","passed","Wed Sep 09 10:49:01 UTC 2026","ACH — Smoke","specs\Smoke\7-ACHSmoke.spec.ts","",""
"","9221","Notification Log sub-page loads correctly","firefox","Wed Sep 09 10:11:54 UTC 2026","passed","Wed Sep 09 10:12:04 UTC 2026","Application Navigation Smoke Tests","specs\Smoke\2-NavigationSmoke.spec.ts","",""
"","4697","Clicking a column header sorts ascending, clicking again sorts descending","chromium","Wed Sep 09 10:17:07 UTC 2026","passed","Wed Sep 09 10:17:12 UTC 2026","Exceptions — Smoke (Continued)","specs\Smoke\8-ExceptionsSmoke.spec.ts","",""
"","8271","Check Approval Rules sub-page loads correctly","msedge","Wed Sep 09 10:09:38 UTC 2026","passed","Wed Sep 09 10:09:46 UTC 2026","Application Navigation Smoke Tests","specs\Smoke\2-NavigationSmoke.spec.ts","",""
"","28839","Home page is accessible and shows dashboard","firefox","Wed Sep 09 10:06:02 UTC 2026","passed","Wed Sep 09 10:06:31 UTC 2026","Application Navigation Smoke Tests","specs\Smoke\2-NavigationSmoke.spec.ts","",""
"","13083","Verify navigation to Exceptions via nav menu","webkit","Wed Sep 09 10:43:00 UTC 2026","passed","Wed Sep 09 10:43:13 UTC 2026","Home Dashboard","specs\Smoke\3-HomeDashboardSmoke.spec.ts","",""
"","7523","Typing a page number navigates to that page","msedge","Wed Sep 09 10:15:56 UTC 2026","passed","Wed Sep 09 10:16:03 UTC 2026","ACH — Smoke","specs\Smoke\7-ACHSmoke.spec.ts","",""
"","13202","Verify profile menu shows My Info and Logout links","webkit","Wed Sep 09 10:41:47 UTC 2026","passed","Wed Sep 09 10:42:00 UTC 2026","Home Dashboard","specs\Smoke\3-HomeDashboardSmoke.spec.ts","",""
"","16650","Previous page button returns to page 1, First page button re-enables disabled state","webkit","Wed Sep 09 10:45:23 UTC 2026","passed","Wed Sep 09 10:45:40 UTC 2026","Issued Checks — Smoke","specs\Smoke\4-IssuedChecksSmoke.spec.ts","",""
"","8723","""+ Add ACH"" navigates to the add-ACH form","msedge","Wed Sep 09 10:14:20 UTC 2026","passed","Wed Sep 09 10:14:28 UTC 2026","ACH — Smoke","specs\Smoke\7-ACHSmoke.spec.ts","",""
"","11110","Typing a page number navigates to that page","firefox","Wed Sep 09 10:15:04 UTC 2026","passed","Wed Sep 09 10:15:15 UTC 2026","Issued Checks — Smoke","specs\Smoke\4-IssuedChecksSmoke.spec.ts","",""
"","6527","Verify Total Exceptions and Total Exception Amount labels are visible","chromium","Wed Sep 09 10:10:05 UTC 2026","passed","Wed Sep 09 10:10:12 UTC 2026","Home Dashboard","specs\Smoke\3-HomeDashboardSmoke.spec.ts","",""
"","7285","Validate Login functionality with incorrectPassword","firefox","Wed Sep 09 10:06:46 UTC 2026","passed","Wed Sep 09 10:06:53 UTC 2026","","specs\Smoke\1-LoginSmoke.spec.ts","",""
"","5629","Presented Checks page loads correctly","chromium","Wed Sep 09 10:07:54 UTC 2026","passed","Wed Sep 09 10:08:00 UTC 2026","Application Navigation Smoke Tests","specs\Smoke\2-NavigationSmoke.spec.ts","",""
"","11646","Grid View toggle navigates to the open-exceptions grid and shows key column headers","firefox","Wed Sep 09 10:25:26 UTC 2026","passed","Wed Sep 09 10:25:38 UTC 2026","Exceptions — Smoke (Continued)","specs\Smoke\8-ExceptionsSmoke.spec.ts","",""
"","7330","Holiday Schedules sub-page loads correctly","chromium","Wed Sep 09 10:09:18 UTC 2026","passed","Wed Sep 09 10:09:26 UTC 2026","Application Navigation Smoke Tests","specs\Smoke\2-NavigationSmoke.spec.ts","",""
"","11525","Typing a page number navigates to that page","webkit","Wed Sep 09 10:45:11 UTC 2026","passed","Wed Sep 09 10:45:23 UTC 2026","Issued Checks — Smoke","specs\Smoke\4-IssuedChecksSmoke.spec.ts","",""
"","7633","Verify navigation to Issued Checks via nav menu","chromium","Wed Sep 09 10:10:45 UTC 2026","passed","Wed Sep 09 10:10:53 UTC 2026","Home Dashboard","specs\Smoke\3-HomeDashboardSmoke.spec.ts","",""
"","9417","Decision Files sub-page loads correctly","msedge","Wed Sep 09 10:08:47 UTC 2026","passed","Wed Sep 09 10:08:56 UTC 2026","Application Navigation Smoke Tests","specs\Smoke\2-NavigationSmoke.spec.ts","",""
"","5869","Validate Login functionality with veryLongInput","chromium","Wed Sep 09 10:08:34 UTC 2026","passed","Wed Sep 09 10:08:40 UTC 2026","","specs\Smoke\1-LoginSmoke.spec.ts","",""
"","8652","Validate Login functionality with incorrectPassword","webkit","Wed Sep 09 10:36:36 UTC 2026","passed","Wed Sep 09 10:36:44 UTC 2026","","specs\Smoke\1-LoginSmoke.spec.ts","",""
"","4986","Validate forgot password functionality with No email","firefox","Wed Sep 09 10:08:15 UTC 2026","passed","Wed Sep 09 10:08:20 UTC 2026","","specs\Smoke\1-LoginSmoke.spec.ts","",""
"","16775","Exceptions breadcrumb link is visible on the page","firefox","Wed Sep 09 10:24:48 UTC 2026","passed","Wed Sep 09 10:25:05 UTC 2026","Exceptions — Smoke (Continued)","specs\Smoke\8-ExceptionsSmoke.spec.ts","",""
"","28659","Next page arrow advances to page 2","msedge","Wed Sep 09 10:15:00 UTC 2026","failed","Wed Sep 09 10:15:29 UTC 2026","Presented Checks — Smoke","specs\Smoke\5-PresentedChecksSmoke.spec.ts","",""
"","17405","Column filter popup applies a filter and Clear restores the full row set","firefox","Wed Sep 09 10:16:18 UTC 2026","passed","Wed Sep 09 10:16:36 UTC 2026","Issued Checks — Smoke (Continued)","specs\Smoke\4-IssuedChecksSmoke.spec.ts","",""
"","13757","Search box filters grid and clears correctly","firefox","Wed Sep 09 10:14:07 UTC 2026","passed","Wed Sep 09 10:14:21 UTC 2026","Presented Checks — Smoke","specs\Smoke\5-PresentedChecksSmoke.spec.ts","",""
"","7532","""View"" (Change Log) link on a row navigates to the entity log","msedge","Wed Sep 09 10:13:40 UTC 2026","passed","Wed Sep 09 10:13:47 UTC 2026","Issued Checks — Smoke (Continued)","specs\Smoke\4-IssuedChecksSmoke.spec.ts","",""
"","20355","Save a filter preset, verify it is auto-selected, then delete it","webkit","Wed Sep 09 10:46:04 UTC 2026","passed","Wed Sep 09 10:46:24 UTC 2026","Issued Checks — Smoke (Continued)","specs\Smoke\4-IssuedChecksSmoke.spec.ts","",""
"","5280","Validate Login functionality with invalidEmailFormat","firefox","Wed Sep 09 10:07:01 UTC 2026","passed","Wed Sep 09 10:07:07 UTC 2026","","specs\Smoke\1-LoginSmoke.spec.ts","",""
"","4912","""View"" (Change Log) link on a row navigates to the entity log","chromium","Wed Sep 09 10:29:28 UTC 2026","passed","Wed Sep 09 10:29:33 UTC 2026","Presented Checks — Smoke (Continued)","specs\Smoke\5-PresentedChecksSmoke.spec.ts","",""
"","13524","Grid loads with data rows and key column headers","firefox","Wed Sep 09 10:13:14 UTC 2026","passed","Wed Sep 09 10:13:27 UTC 2026","Presented Checks — Smoke","specs\Smoke\5-PresentedChecksSmoke.spec.ts","",""
"","12361","Column filter menu applies a filter and Clear restores the full row set","firefox","Wed Sep 09 10:24:07 UTC 2026","passed","Wed Sep 09 10:24:19 UTC 2026","Exceptions — Smoke (Continued)","specs\Smoke\8-ExceptionsSmoke.spec.ts","",""
"","42585","Save a filter preset, verify it is auto-selected, then delete it","webkit","Wed Sep 09 11:01:40 UTC 2026","failed","Wed Sep 09 11:02:22 UTC 2026","Presented Checks — Smoke (Continued)","specs\Smoke\5-PresentedChecksSmoke.spec.ts","",""
"","8668","Search box filters grid and clears correctly","msedge","Wed Sep 09 10:17:45 UTC 2026","passed","Wed Sep 09 10:17:54 UTC 2026","Exceptions — Smoke","specs\Smoke\8-ExceptionsSmoke.spec.ts","",""
"","17078","Save a filter preset, verify it is auto-selected, then delete it","firefox","Wed Sep 09 10:23:33 UTC 2026","passed","Wed Sep 09 10:23:51 UTC 2026","Exceptions — Smoke (Continued)","specs\Smoke\8-ExceptionsSmoke.spec.ts","",""
"","14081","Approvals page loads with either records or the empty-state message","firefox","Wed Sep 09 10:25:38 UTC 2026","passed","Wed Sep 09 10:25:52 UTC 2026","Exceptions — Smoke (Continued)","specs\Smoke\8-ExceptionsSmoke.spec.ts","",""
"","7539","Verify Home dashboard is restored after returning from another page","chromium","Wed Sep 09 10:10:38 UTC 2026","passed","Wed Sep 09 10:10:45 UTC 2026","Home Dashboard","specs\Smoke\3-HomeDashboardSmoke.spec.ts","",""
"","22245","""Uploaded Checks"" navigates to the uploads page","firefox","Wed Sep 09 10:13:45 UTC 2026","passed","Wed Sep 09 10:14:07 UTC 2026","Presented Checks — Smoke","specs\Smoke\5-PresentedChecksSmoke.spec.ts","",""
"","8034","Pay/Return decision badge navigates to exception history","webkit","Wed Sep 09 11:05:07 UTC 2026","passed","Wed Sep 09 11:05:15 UTC 2026","Presented Checks — Smoke (Continued)","specs\Smoke\5-PresentedChecksSmoke.spec.ts","",""
"","8720","File Processing sub-page loads correctly","chromium","Wed Sep 09 10:10:37 UTC 2026","passed","Wed Sep 09 10:10:46 UTC 2026","Application Navigation Smoke Tests","specs\Smoke\2-NavigationSmoke.spec.ts","",""
"","11328","""Delete"" on a row shows a confirm modal; Cancel dismisses it without deleting","webkit","Wed Sep 09 10:51:40 UTC 2026","passed","Wed Sep 09 10:51:52 UTC 2026","ACH — Smoke","specs\Smoke\7-ACHSmoke.spec.ts","",""
"","10565","Issued Checks breadcrumb link is visible on the page","firefox","Wed Sep 09 10:17:12 UTC 2026","passed","Wed Sep 09 10:17:23 UTC 2026","Issued Checks — Smoke (Continued)","specs\Smoke\4-IssuedChecksSmoke.spec.ts","",""
"","8940","Verify tab-specific charts are hidden for opposite tab","chromium","Wed Sep 09 10:09:57 UTC 2026","passed","Wed Sep 09 10:10:05 UTC 2026","Home Dashboard","specs\Smoke\3-HomeDashboardSmoke.spec.ts","",""
"","12548","Verify navigation to Presented Checks via nav menu","firefox","Wed Sep 09 10:12:13 UTC 2026","passed","Wed Sep 09 10:12:26 UTC 2026","Home Dashboard","specs\Smoke\3-HomeDashboardSmoke.spec.ts","",""
"","4614","Exceptions breadcrumb link is visible on the page","chromium","Wed Sep 09 10:17:31 UTC 2026","passed","Wed Sep 09 10:17:35 UTC 2026","Exceptions — Smoke (Continued)","specs\Smoke\8-ExceptionsSmoke.spec.ts","",""
"","8857","File Processing sub-page loads correctly","msedge","Wed Sep 09 10:10:33 UTC 2026","passed","Wed Sep 09 10:10:41 UTC 2026","Application Navigation Smoke Tests","specs\Smoke\2-NavigationSmoke.spec.ts","",""
"","6689","Issued Checks breadcrumb link is visible on the page","chromium","Wed Sep 09 10:13:26 UTC 2026","passed","Wed Sep 09 10:13:33 UTC 2026","Issued Checks — Smoke (Continued)","specs\Smoke\4-IssuedChecksSmoke.spec.ts","",""
"","38284","Default filter auto-applies after logout and re-login","chromium","Wed Sep 09 10:24:13 UTC 2026","failed","Wed Sep 09 10:24:51 UTC 2026","Presented Checks — Default Filter (Serial)","specs\Smoke\5-PresentedChecksSmoke.spec.ts","",""
"","11222","""Delete"" on a row shows a confirm modal; Cancel dismisses it without deleting","firefox","Wed Sep 09 10:17:01 UTC 2026","passed","Wed Sep 09 10:17:12 UTC 2026","Issued Checks — Smoke (Continued)","specs\Smoke\4-IssuedChecksSmoke.spec.ts","",""
"","10258","Saved Filters dropdown is visible and defaults to no preset","firefox","Wed Sep 09 10:23:17 UTC 2026","passed","Wed Sep 09 10:23:27 UTC 2026","Exceptions — Smoke","specs\Smoke\8-ExceptionsSmoke.spec.ts","",""
"","18892","Exceptions page loads correctly","firefox","Wed Sep 09 10:07:38 UTC 2026","passed","Wed Sep 09 10:07:57 UTC 2026","Application Navigation Smoke Tests","specs\Smoke\2-NavigationSmoke.spec.ts","",""
"","8845","Verify navigation to Presented Checks via nav menu","msedge","Wed Sep 09 10:10:30 UTC 2026","passed","Wed Sep 09 10:10:39 UTC 2026","Home Dashboard","specs\Smoke\3-HomeDashboardSmoke.spec.ts","",""
"","11803","Home page is accessible and shows dashboard","chromium","Wed Sep 09 10:07:35 UTC 2026","passed","Wed Sep 09 10:07:47 UTC 2026","Application Navigation Smoke Tests","specs\Smoke\2-NavigationSmoke.spec.ts","",""
"","9708","Excel export button is visible and enabled","chromium","Wed Sep 09 10:11:36 UTC 2026","passed","Wed Sep 09 10:11:46 UTC 2026","Issued Checks — Smoke","specs\Smoke\4-IssuedChecksSmoke.spec.ts","",""
"","47798","Last page arrow jumps to the final page","msedge","Wed Sep 09 10:17:18 UTC 2026","failed","Wed Sep 09 10:18:05 UTC 2026","Presented Checks — Smoke","specs\Smoke\5-PresentedChecksSmoke.spec.ts","",""
"","9707","Default Decision Log sub-page loads correctly","msedge","Wed Sep 09 10:10:14 UTC 2026","passed","Wed Sep 09 10:10:23 UTC 2026","Application Navigation Smoke Tests","specs\Smoke\2-NavigationSmoke.spec.ts","",""
"","11647","Verify ACH Only tab shows ACH-specific chart sections","firefox","Wed Sep 09 10:09:47 UTC 2026","passed","Wed Sep 09 10:09:59 UTC 2026","Home Dashboard","specs\Smoke\3-HomeDashboardSmoke.spec.ts","",""
"","7236","Validate forgot password functionality","firefox","Wed Sep 09 10:08:08 UTC 2026","passed","Wed Sep 09 10:08:15 UTC 2026","","specs\Smoke\1-LoginSmoke.spec.ts","",""
"","8364","Exceptions page loads correctly","msedge","Wed Sep 09 10:07:36 UTC 2026","passed","Wed Sep 09 10:07:45 UTC 2026","Application Navigation Smoke Tests","specs\Smoke\2-NavigationSmoke.spec.ts","",""
"","9139","Page size change to 10 updates pagination info in bottom-right pager","msedge","Wed Sep 09 10:15:28 UTC 2026","passed","Wed Sep 09 10:15:37 UTC 2026","ACH — Smoke","specs\Smoke\7-ACHSmoke.spec.ts","",""
"","10298","Automatic Check Decision Rules sub-page loads correctly","msedge","Wed Sep 09 10:09:28 UTC 2026","passed","Wed Sep 09 10:09:38 UTC 2026","Application Navigation Smoke Tests","specs\Smoke\2-NavigationSmoke.spec.ts","",""
"","8715","Next page arrow advances to page 2","chromium","Wed Sep 09 10:11:55 UTC 2026","passed","Wed Sep 09 10:12:03 UTC 2026","Issued Checks — Smoke","specs\Smoke\4-IssuedChecksSmoke.spec.ts","",""
"","15074","Verify navigation to Settings via nav menu","webkit","Wed Sep 09 10:43:13 UTC 2026","passed","Wed Sep 09 10:43:28 UTC 2026","Home Dashboard","specs\Smoke\3-HomeDashboardSmoke.spec.ts","",""
"","7531","""Edit"" link on a row navigates to the check edit form","msedge","Wed Sep 09 10:13:32 UTC 2026","passed","Wed Sep 09 10:13:40 UTC 2026","Issued Checks — Smoke (Continued)","specs\Smoke\4-IssuedChecksSmoke.spec.ts","",""
"","9821","""View"" link on a row opens the Exception Details dialog","msedge","Wed Sep 09 10:19:32 UTC 2026","passed","Wed Sep 09 10:19:42 UTC 2026","Exceptions — Smoke (Continued)","specs\Smoke\8-ExceptionsSmoke.spec.ts","",""
"","8980","Page size change to 10 updates pagination info in bottom-right pager","chromium","Wed Sep 09 10:11:46 UTC 2026","passed","Wed Sep 09 10:11:55 UTC 2026","Issued Checks — Smoke","specs\Smoke\4-IssuedChecksSmoke.spec.ts","",""
"","15817","Pay/Return decision badge navigates to exception history","msedge","Wed Sep 09 10:17:16 UTC 2026","passed","Wed Sep 09 10:17:31 UTC 2026","ACH — Smoke","specs\Smoke\7-ACHSmoke.spec.ts","",""
"","9220","Pay/Return decision badge navigates to exception history","chromium","Wed Sep 09 10:15:32 UTC 2026","passed","Wed Sep 09 10:15:41 UTC 2026","ACH — Smoke","specs\Smoke\7-ACHSmoke.spec.ts","",""
"","10452","Saved Filters dropdown is visible and defaults to no preset","msedge","Wed Sep 09 10:12:39 UTC 2026","passed","Wed Sep 09 10:12:50 UTC 2026","Issued Checks — Smoke","specs\Smoke\4-IssuedChecksSmoke.spec.ts","",""
"","13732","ACH page loads correctly","firefox","Wed Sep 09 10:07:24 UTC 2026","passed","Wed Sep 09 10:07:38 UTC 2026","Application Navigation Smoke Tests","specs\Smoke\2-NavigationSmoke.spec.ts","",""
"","11749","Page size change to 10 updates pagination info in bottom-right pager","webkit","Wed Sep 09 10:49:01 UTC 2026","passed","Wed Sep 09 10:49:13 UTC 2026","ACH — Smoke","specs\Smoke\7-ACHSmoke.spec.ts","",""
"","6452","Verify Total Exceptions and Total Exception Amount labels are visible","msedge","Wed Sep 09 10:09:38 UTC 2026","passed","Wed Sep 09 10:09:45 UTC 2026","Home Dashboard","specs\Smoke\3-HomeDashboardSmoke.spec.ts","",""
"","6722","Validate Login functionality with caseSensitiveEmail","chromium","Wed Sep 09 10:07:47 UTC 2026","passed","Wed Sep 09 10:07:54 UTC 2026","","specs\Smoke\1-LoginSmoke.spec.ts","",""
"","9919","Next page arrow advances to page 2","msedge","Wed Sep 09 10:18:09 UTC 2026","passed","Wed Sep 09 10:18:19 UTC 2026","Exceptions — Smoke","specs\Smoke\8-ExceptionsSmoke.spec.ts","",""
"","12687","Column filter menu applies a filter and Clear restores the full row set","msedge","Wed Sep 09 10:19:19 UTC 2026","passed","Wed Sep 09 10:19:32 UTC 2026","Exceptions — Smoke (Continued)","specs\Smoke\8-ExceptionsSmoke.spec.ts","",""
"","14322","Verify Combined View shows all chart sections","webkit","Wed Sep 09 10:39:17 UTC 2026","passed","Wed Sep 09 10:39:31 UTC 2026","Home Dashboard","specs\Smoke\3-HomeDashboardSmoke.spec.ts","",""
"","15889","""Uploaded ACH"" navigates to the uploads page","webkit","Wed Sep 09 10:48:21 UTC 2026","passed","Wed Sep 09 10:48:36 UTC 2026","ACH — Smoke","specs\Smoke\7-ACHSmoke.spec.ts","",""
"","7089","Grid View toggle navigates to the open-exceptions grid and shows key column headers","chromium","Wed Sep 09 10:17:53 UTC 2026","passed","Wed Sep 09 10:18:00 UTC 2026","Exceptions — Smoke (Continued)","specs\Smoke\8-ExceptionsSmoke.spec.ts","",""
"","8879","Account Settings sub-page loads correctly","firefox","Wed Sep 09 10:08:35 UTC 2026","passed","Wed Sep 09 10:08:44 UTC 2026","Application Navigation Smoke Tests","specs\Smoke\2-NavigationSmoke.spec.ts","",""
"","16581","Billing Reports sub-page loads correctly","firefox","Wed Sep 09 10:09:42 UTC 2026","passed","Wed Sep 09 10:09:58 UTC 2026","Application Navigation Smoke Tests","specs\Smoke\2-NavigationSmoke.spec.ts","",""
"","11911","Automatic Check Decision Rules sub-page loads correctly","firefox","Wed Sep 09 10:10:54 UTC 2026","passed","Wed Sep 09 10:11:06 UTC 2026","Application Navigation Smoke Tests","specs\Smoke\2-NavigationSmoke.spec.ts","",""
"","7593","Verify summary KPI values have expected number formats","msedge","Wed Sep 09 10:09:45 UTC 2026","passed","Wed Sep 09 10:09:52 UTC 2026","Home Dashboard","specs\Smoke\3-HomeDashboardSmoke.spec.ts","",""
"","5619","Exception History grid loads with data rows and key column headers","chromium","Wed Sep 09 10:15:46 UTC 2026","passed","Wed Sep 09 10:15:51 UTC 2026","Exceptions — Smoke","specs\Smoke\8-ExceptionsSmoke.spec.ts","",""
"","13146","Decision Files sub-page loads correctly","webkit","Wed Sep 09 10:39:19 UTC 2026","passed","Wed Sep 09 10:39:32 UTC 2026","Application Navigation Smoke Tests","specs\Smoke\2-NavigationSmoke.spec.ts","",""
"","4743","Next page arrow advances to page 2","chromium","Wed Sep 09 10:16:12 UTC 2026","passed","Wed Sep 09 10:16:16 UTC 2026","Exceptions — Smoke","specs\Smoke\8-ExceptionsSmoke.spec.ts","",""
"","16949","Validate Login functionality with correctCredentials","webkit","Wed Sep 09 10:36:06 UTC 2026","passed","Wed Sep 09 10:36:23 UTC 2026","","specs\Smoke\1-LoginSmoke.spec.ts","",""
"","14173","Last page arrow jumps to the final page","webkit","Wed Sep 09 10:49:26 UTC 2026","passed","Wed Sep 09 10:49:41 UTC 2026","ACH — Smoke","specs\Smoke\7-ACHSmoke.spec.ts","",""
"","14025","Verify navigation to Issued Checks via nav menu","webkit","Wed Sep 09 10:42:18 UTC 2026","passed","Wed Sep 09 10:42:32 UTC 2026","Home Dashboard","specs\Smoke\3-HomeDashboardSmoke.spec.ts","",""
"","15252","Verify tab-specific charts are hidden for opposite tab","webkit","Wed Sep 09 10:40:34 UTC 2026","passed","Wed Sep 09 10:40:50 UTC 2026","Home Dashboard","specs\Smoke\3-HomeDashboardSmoke.spec.ts","",""
"","11341","Default filter auto-applies after logout and re-login","firefox","Wed Sep 09 10:30:08 UTC 2026","skipped","Wed Sep 09 10:30:20 UTC 2026","Presented Checks — Default Filter (Serial)","specs\Smoke\5-PresentedChecksSmoke.spec.ts","",""
"","12110","Verify summary KPI values have expected number formats","firefox","Wed Sep 09 10:10:50 UTC 2026","passed","Wed Sep 09 10:11:02 UTC 2026","Home Dashboard","specs\Smoke\3-HomeDashboardSmoke.spec.ts","",""
"","16343","Clicking a column header sorts ascending, clicking again sorts descending","firefox","Wed Sep 09 10:23:51 UTC 2026","passed","Wed Sep 09 10:24:07 UTC 2026","Exceptions — Smoke (Continued)","specs\Smoke\8-ExceptionsSmoke.spec.ts","",""
"","14775","Holiday Schedules sub-page loads correctly","webkit","Wed Sep 09 10:39:32 UTC 2026","passed","Wed Sep 09 10:39:47 UTC 2026","Application Navigation Smoke Tests","specs\Smoke\2-NavigationSmoke.spec.ts","",""
"","15311","Branding sub-page loads correctly","webkit","Wed Sep 09 10:38:49 UTC 2026","passed","Wed Sep 09 10:39:04 UTC 2026","Application Navigation Smoke Tests","specs\Smoke\2-NavigationSmoke.spec.ts","",""
"","10474","ACH breadcrumb link is visible on the page","webkit","Wed Sep 09 10:52:14 UTC 2026","passed","Wed Sep 09 10:52:25 UTC 2026","ACH — Smoke","specs\Smoke\7-ACHSmoke.spec.ts","",""
"","4579","Approvals page loads with either records or the empty-state message","chromium","Wed Sep 09 10:18:00 UTC 2026","passed","Wed Sep 09 10:18:05 UTC 2026","Exceptions — Smoke (Continued)","specs\Smoke\8-ExceptionsSmoke.spec.ts","",""
"","4908","""Edit"" link on a row navigates to the check edit form","chromium","Wed Sep 09 10:13:09 UTC 2026","passed","Wed Sep 09 10:13:14 UTC 2026","Issued Checks — Smoke (Continued)","specs\Smoke\4-IssuedChecksSmoke.spec.ts","",""
"","9373","Excel export button is visible and enabled","webkit","Wed Sep 09 10:52:53 UTC 2026","passed","Wed Sep 09 10:53:02 UTC 2026","Exceptions — Smoke","specs\Smoke\8-ExceptionsSmoke.spec.ts","",""
"","8101","Clicking a column header sorts ascending, clicking again sorts descending","msedge","Wed Sep 09 10:19:11 UTC 2026","passed","Wed Sep 09 10:19:19 UTC 2026","Exceptions — Smoke (Continued)","specs\Smoke\8-ExceptionsSmoke.spec.ts","",""
"","9102","Previous page button returns to page 1, First page button re-enables disabled state","msedge","Wed Sep 09 10:18:36 UTC 2026","passed","Wed Sep 09 10:18:45 UTC 2026","Exceptions — Smoke","specs\Smoke\8-ExceptionsSmoke.spec.ts","",""
"","7416","""View"" (Change Log) link on a row navigates to the entity log","firefox","Wed Sep 09 10:35:16 UTC 2026","passed","Wed Sep 09 10:35:23 UTC 2026","Presented Checks — Smoke (Continued)","specs\Smoke\5-PresentedChecksSmoke.spec.ts","",""
"","15258","""Edit"" link on a row navigates to the check edit form","firefox","Wed Sep 09 10:16:36 UTC 2026","passed","Wed Sep 09 10:16:51 UTC 2026","Issued Checks — Smoke (Continued)","specs\Smoke\4-IssuedChecksSmoke.spec.ts","",""
"","8064","Validate session persists after page refresh","chromium","Wed Sep 09 10:08:53 UTC 2026","passed","Wed Sep 09 10:09:02 UTC 2026","","specs\Smoke\1-LoginSmoke.spec.ts","",""
"","17057","Previous page button returns to page 1, First page button re-enables disabled state","webkit","Wed Sep 09 10:53:53 UTC 2026","passed","Wed Sep 09 10:54:10 UTC 2026","Exceptions — Smoke","specs\Smoke\8-ExceptionsSmoke.spec.ts","",""
"","5544","Last page arrow jumps to the final page","chromium","Wed Sep 09 10:16:16 UTC 2026","passed","Wed Sep 09 10:16:22 UTC 2026","Exceptions — Smoke","specs\Smoke\8-ExceptionsSmoke.spec.ts","",""
"","4756","Validate Login functionality with sqlInjection","chromium","Wed Sep 09 10:08:25 UTC 2026","passed","Wed Sep 09 10:08:29 UTC 2026","","specs\Smoke\1-LoginSmoke.spec.ts","",""
"","4964","Typing a page number navigates to that page","chromium","Wed Sep 09 10:12:12 UTC 2026","passed","Wed Sep 09 10:12:17 UTC 2026","Issued Checks — Smoke","specs\Smoke\4-IssuedChecksSmoke.spec.ts","",""
"","13974","File Formats sub-page loads correctly","webkit","Wed Sep 09 10:39:47 UTC 2026","passed","Wed Sep 09 10:40:01 UTC 2026","Application Navigation Smoke Tests","specs\Smoke\2-NavigationSmoke.spec.ts","",""
"","11587","Saved Filters dropdown is visible and defaults to no preset","firefox","Wed Sep 09 10:15:28 UTC 2026","passed","Wed Sep 09 10:15:39 UTC 2026","Issued Checks — Smoke","specs\Smoke\4-IssuedChecksSmoke.spec.ts","",""
"","7034","Web Hooks sub-page loads correctly","chromium","Wed Sep 09 10:10:53 UTC 2026","passed","Wed Sep 09 10:11:00 UTC 2026","Application Navigation Smoke Tests","specs\Smoke\2-NavigationSmoke.spec.ts","",""
"","4849","Validate Login functionality with incorrectUsername","msedge","Wed Sep 09 10:07:10 UTC 2026","passed","Wed Sep 09 10:07:15 UTC 2026","","specs\Smoke\1-LoginSmoke.spec.ts","",""
"","6291","Default filter auto-applies after logout and re-login","firefox","Wed Sep 09 10:23:27 UTC 2026","skipped","Wed Sep 09 10:23:33 UTC 2026","Exceptions — Default Filter (Serial)","specs\Smoke\8-ExceptionsSmoke.spec.ts","",""
"","5584","Last page arrow jumps to the final page","chromium","Wed Sep 09 10:14:17 UTC 2026","passed","Wed Sep 09 10:14:23 UTC 2026","ACH — Smoke","specs\Smoke\7-ACHSmoke.spec.ts","",""
"","7016","Search box filters grid and clears correctly","chromium","Wed Sep 09 10:13:52 UTC 2026","passed","Wed Sep 09 10:13:59 UTC 2026","ACH — Smoke","specs\Smoke\7-ACHSmoke.spec.ts","",""
"","10590","Next page arrow advances to page 2","firefox","Wed Sep 09 10:22:24 UTC 2026","passed","Wed Sep 09 10:22:35 UTC 2026","Exceptions — Smoke","specs\Smoke\8-ExceptionsSmoke.spec.ts","",""
"","6262","Validate Login functionality with emptyFields","msedge","Wed Sep 09 10:07:20 UTC 2026","passed","Wed Sep 09 10:07:26 UTC 2026","","specs\Smoke\1-LoginSmoke.spec.ts","",""
"","8146","""Delete"" on a row shows a confirm modal; Cancel dismisses it without deleting","msedge","Wed Sep 09 10:13:47 UTC 2026","passed","Wed Sep 09 10:13:55 UTC 2026","Issued Checks — Smoke (Continued)","specs\Smoke\4-IssuedChecksSmoke.spec.ts","",""
"","10113","Typing a page number navigates to that page","firefox","Wed Sep 09 10:22:55 UTC 2026","passed","Wed Sep 09 10:23:05 UTC 2026","Exceptions — Smoke","specs\Smoke\8-ExceptionsSmoke.spec.ts","",""
"","7961","Default filter auto-applies after logout and re-login","msedge","Wed Sep 09 10:16:21 UTC 2026","skipped","Wed Sep 09 10:16:29 UTC 2026","ACH — Smoke","specs\Smoke\7-ACHSmoke.spec.ts","",""
"","4720","""View"" (Change Log) link on a row navigates to the entity log","chromium","Wed Sep 09 10:15:22 UTC 2026","passed","Wed Sep 09 10:15:26 UTC 2026","ACH — Smoke","specs\Smoke\7-ACHSmoke.spec.ts","",""
"","7539","Validate Login functionality with caseSensitiveEmail","msedge","Wed Sep 09 10:06:57 UTC 2026","passed","Wed Sep 09 10:07:05 UTC 2026","","specs\Smoke\1-LoginSmoke.spec.ts","",""
"","8639","Branding sub-page loads correctly","msedge","Wed Sep 09 10:08:29 UTC 2026","passed","Wed Sep 09 10:08:37 UTC 2026","Application Navigation Smoke Tests","specs\Smoke\2-NavigationSmoke.spec.ts","",""
"","7796","""View"" (Change Log) link on a row navigates to the entity log","webkit","Wed Sep 09 11:04:50 UTC 2026","passed","Wed Sep 09 11:04:58 UTC 2026","Presented Checks — Smoke (Continued)","specs\Smoke\5-PresentedChecksSmoke.spec.ts","",""
"","55136","Last page arrow jumps to the final page","firefox","Wed Sep 09 10:22:35 UTC 2026","failed","Wed Sep 09 10:23:30 UTC 2026","Presented Checks — Smoke","specs\Smoke\5-PresentedChecksSmoke.spec.ts","",""
"","8107","Validate Login functionality with sqlInjection","webkit","Wed Sep 09 10:37:31 UTC 2026","passed","Wed Sep 09 10:37:39 UTC 2026","","specs\Smoke\1-LoginSmoke.spec.ts","",""
"","4778","Validate unauthenticated access to protected route is redirected to login","firefox","Wed Sep 09 10:08:54 UTC 2026","passed","Wed Sep 09 10:08:59 UTC 2026","","specs\Smoke\1-LoginSmoke.spec.ts","",""
"","40034","Column filter popup applies a filter and Clear restores the full row set","msedge","Wed Sep 09 10:27:38 UTC 2026","failed","Wed Sep 09 10:28:18 UTC 2026","Presented Checks — Smoke (Continued)","specs\Smoke\5-PresentedChecksSmoke.spec.ts","",""
"","16745","Verify delayed data note and force refresh link are visible on dashboard","webkit","Wed Sep 09 10:41:16 UTC 2026","passed","Wed Sep 09 10:41:33 UTC 2026","Home Dashboard","specs\Smoke\3-HomeDashboardSmoke.spec.ts","",""
"","8340","Grid loads with data rows and key column headers","chromium","Wed Sep 09 10:11:00 UTC 2026","passed","Wed Sep 09 10:11:09 UTC 2026","Issued Checks — Smoke","specs\Smoke\4-IssuedChecksSmoke.spec.ts","",""
"","10062","Search box filters grid and clears correctly","msedge","Wed Sep 09 10:15:10 UTC 2026","passed","Wed Sep 09 10:15:20 UTC 2026","ACH — Smoke","specs\Smoke\7-ACHSmoke.spec.ts","",""
"","10240","Search box filters grid and clears correctly","firefox","Wed Sep 09 10:21:55 UTC 2026","passed","Wed Sep 09 10:22:05 UTC 2026","Exceptions — Smoke","specs\Smoke\8-ExceptionsSmoke.spec.ts","",""
"","18483","Home page is accessible and shows dashboard","webkit","Wed Sep 09 10:36:06 UTC 2026","passed","Wed Sep 09 10:36:25 UTC 2026","Application Navigation Smoke Tests","specs\Smoke\2-NavigationSmoke.spec.ts","",""
"","7638","Exceptions breadcrumb link is visible on the page","msedge","Wed Sep 09 10:19:52 UTC 2026","passed","Wed Sep 09 10:19:59 UTC 2026","Exceptions — Smoke (Continued)","specs\Smoke\8-ExceptionsSmoke.spec.ts","",""
"","5270","Validate forgot password functionality with No email","msedge","Wed Sep 09 10:08:00 UTC 2026","passed","Wed Sep 09 10:08:05 UTC 2026","","specs\Smoke\1-LoginSmoke.spec.ts","",""
"","11865","Validate Login functionality with veryLongInput","firefox","Wed Sep 09 10:07:56 UTC 2026","passed","Wed Sep 09 10:08:08 UTC 2026","","specs\Smoke\1-LoginSmoke.spec.ts","",""
"","9283","Business Clients sub-page loads correctly","msedge","Wed Sep 09 10:08:01 UTC 2026","passed","Wed Sep 09 10:08:11 UTC 2026","Application Navigation Smoke Tests","specs\Smoke\2-NavigationSmoke.spec.ts","",""
"","4172","Validate Login functionality with missingUsername","chromium","Wed Sep 09 10:08:20 UTC 2026","passed","Wed Sep 09 10:08:25 UTC 2026","","specs\Smoke\1-LoginSmoke.spec.ts","",""
"","13468","Clicking a column header sorts ascending, clicking again sorts descending","webkit","Wed Sep 09 10:54:53 UTC 2026","passed","Wed Sep 09 10:55:07 UTC 2026","Exceptions — Smoke (Continued)","specs\Smoke\8-ExceptionsSmoke.spec.ts","",""
"","12153","Business Clients sub-page loads correctly","firefox","Wed Sep 09 10:08:44 UTC 2026","passed","Wed Sep 09 10:08:56 UTC 2026","Application Navigation Smoke Tests","specs\Smoke\2-NavigationSmoke.spec.ts","",""
"","24526","Save a filter preset, verify it is auto-selected, then delete it","webkit","Wed Sep 09 10:54:29 UTC 2026","passed","Wed Sep 09 10:54:53 UTC 2026","Exceptions — Smoke (Continued)","specs\Smoke\8-ExceptionsSmoke.spec.ts","",""
"","7360","Verify profile menu shows My Info and Logout links","msedge","Wed Sep 09 10:10:07 UTC 2026","passed","Wed Sep 09 10:10:15 UTC 2026","Home Dashboard","specs\Smoke\3-HomeDashboardSmoke.spec.ts","",""
"","10832","""Uploaded ACH"" navigates to the uploads page","firefox","Wed Sep 09 10:17:58 UTC 2026","passed","Wed Sep 09 10:18:09 UTC 2026","ACH — Smoke","specs\Smoke\7-ACHSmoke.spec.ts","",""
"","31485","Typing a page number navigates to that page","msedge","Wed Sep 09 10:19:22 UTC 2026","failed","Wed Sep 09 10:19:54 UTC 2026","Presented Checks — Smoke","specs\Smoke\5-PresentedChecksSmoke.spec.ts","",""
"","9387","Page size change to 10 updates pagination info in bottom-right pager","msedge","Wed Sep 09 10:11:54 UTC 2026","passed","Wed Sep 09 10:12:04 UTC 2026","Issued Checks — Smoke","specs\Smoke\4-IssuedChecksSmoke.spec.ts","",""
"","7923","Verify delayed data note and force refresh link are visible on dashboard","msedge","Wed Sep 09 10:09:52 UTC 2026","passed","Wed Sep 09 10:10:00 UTC 2026","Home Dashboard","specs\Smoke\3-HomeDashboardSmoke.spec.ts","",""
"","8302","Verify chart title changes with selected tab","chromium","Wed Sep 09 10:09:48 UTC 2026","passed","Wed Sep 09 10:09:57 UTC 2026","Home Dashboard","specs\Smoke\3-HomeDashboardSmoke.spec.ts","",""
"","45486","Next page arrow advances to page 2","firefox","Wed Sep 09 10:19:15 UTC 2026","failed","Wed Sep 09 10:20:00 UTC 2026","Presented Checks — Smoke","specs\Smoke\5-PresentedChecksSmoke.spec.ts","",""
"","7265","Presented Checks breadcrumb link is visible on the page","webkit","Wed Sep 09 11:05:15 UTC 2026","passed","Wed Sep 09 11:05:22 UTC 2026","Presented Checks — Smoke (Continued)","specs\Smoke\5-PresentedChecksSmoke.spec.ts","",""
"","14895","Default filter auto-applies after logout and re-login","chromium","Wed Sep 09 10:12:32 UTC 2026","passed","Wed Sep 09 10:12:47 UTC 2026","Issued Checks — Default Filter (Serial)","specs\Smoke\4-IssuedChecksSmoke.spec.ts","",""
"","9897","Decision badge on an already-reviewed row is blocked with a system message","msedge","Wed Sep 09 10:19:42 UTC 2026","passed","Wed Sep 09 10:19:52 UTC 2026","Exceptions — Smoke (Continued)","specs\Smoke\8-ExceptionsSmoke.spec.ts","",""
"","10938","Holiday Schedules sub-page loads correctly","msedge","Wed Sep 09 10:08:56 UTC 2026","passed","Wed Sep 09 10:09:07 UTC 2026","Application Navigation Smoke Tests","specs\Smoke\2-NavigationSmoke.spec.ts","",""
"","17795","Grid loads with data rows and key column headers","msedge","Wed Sep 09 10:11:03 UTC 2026","passed","Wed Sep 09 10:11:21 UTC 2026","Presented Checks — Smoke","specs\Smoke\5-PresentedChecksSmoke.spec.ts","",""
"","9485","Next page arrow advances to page 2","msedge","Wed Sep 09 10:12:04 UTC 2026","passed","Wed Sep 09 10:12:13 UTC 2026","Issued Checks — Smoke","specs\Smoke\4-IssuedChecksSmoke.spec.ts","",""
"","9744","Previous page button returns to page 1, First page button re-enables disabled state","msedge","Wed Sep 09 10:16:03 UTC 2026","passed","Wed Sep 09 10:16:13 UTC 2026","ACH — Smoke","specs\Smoke\7-ACHSmoke.spec.ts","",""
"","5346","Validate Login functionality with missingPassword","msedge","Wed Sep 09 10:07:26 UTC 2026","passed","Wed Sep 09 10:07:32 UTC 2026","","specs\Smoke\1-LoginSmoke.spec.ts","",""
"","9867","Notification Log sub-page loads correctly","chromium","Wed Sep 09 10:10:13 UTC 2026","passed","Wed Sep 09 10:10:23 UTC 2026","Application Navigation Smoke Tests","specs\Smoke\2-NavigationSmoke.spec.ts","",""
"","12855","Notification Templates sub-page loads correctly","firefox","Wed Sep 09 10:10:42 UTC 2026","passed","Wed Sep 09 10:10:54 UTC 2026","Application Navigation Smoke Tests","specs\Smoke\2-NavigationSmoke.spec.ts","",""
"","6433","""Uploaded Checks"" navigates to the uploads page","chromium","Wed Sep 09 10:11:40 UTC 2026","passed","Wed Sep 09 10:11:46 UTC 2026","Presented Checks — Smoke","specs\Smoke\5-PresentedChecksSmoke.spec.ts","",""
"","11235","Save a filter preset, verify it is auto-selected, then delete it","chromium","Wed Sep 09 10:16:56 UTC 2026","passed","Wed Sep 09 10:17:07 UTC 2026","Exceptions — Smoke (Continued)","specs\Smoke\8-ExceptionsSmoke.spec.ts","",""
"","9434","Grid View toggle navigates to the open-exceptions grid and shows key column headers","msedge","Wed Sep 09 10:20:19 UTC 2026","passed","Wed Sep 09 10:20:28 UTC 2026","Exceptions — Smoke (Continued)","specs\Smoke\8-ExceptionsSmoke.spec.ts","",""
"","12742","Grid loads with data rows and key column headers","webkit","Wed Sep 09 10:47:58 UTC 2026","passed","Wed Sep 09 10:48:10 UTC 2026","ACH — Smoke","specs\Smoke\7-ACHSmoke.spec.ts","",""
"","12673","Verify summary KPI values have expected number formats","webkit","Wed Sep 09 10:41:04 UTC 2026","passed","Wed Sep 09 10:41:16 UTC 2026","Home Dashboard","specs\Smoke\3-HomeDashboardSmoke.spec.ts","",""
"","8229","Clicking a column header sorts ascending, clicking again sorts descending","webkit","Wed Sep 09 11:02:25 UTC 2026","passed","Wed Sep 09 11:02:33 UTC 2026","Presented Checks — Smoke (Continued)","specs\Smoke\5-PresentedChecksSmoke.spec.ts","",""
"","12973","Last page arrow jumps to the final page","webkit","Wed Sep 09 10:53:26 UTC 2026","passed","Wed Sep 09 10:53:39 UTC 2026","Exceptions — Smoke","specs\Smoke\8-ExceptionsSmoke.spec.ts","",""
"","9927","Saved Filters dropdown is visible and defaults to no preset","webkit","Wed Sep 09 10:54:10 UTC 2026","passed","Wed Sep 09 10:54:20 UTC 2026","Exceptions — Smoke","specs\Smoke\8-ExceptionsSmoke.spec.ts","",""
"","17854","Verify dashboard tab checked state updates correctly","webkit","Wed Sep 09 10:40:00 UTC 2026","passed","Wed Sep 09 10:40:18 UTC 2026","Home Dashboard","specs\Smoke\3-HomeDashboardSmoke.spec.ts","",""
"","7836","Clicking a column header sorts ascending, clicking again sorts descending","msedge","Wed Sep 09 10:26:01 UTC 2026","passed","Wed Sep 09 10:26:09 UTC 2026","Presented Checks — Smoke (Continued)","specs\Smoke\5-PresentedChecksSmoke.spec.ts","",""
"","10567","Navigation tabs to Pre-Decisions, Approvals, and Exception History are visible","firefox","Wed Sep 09 10:25:05 UTC 2026","passed","Wed Sep 09 10:25:16 UTC 2026","Exceptions — Smoke (Continued)","specs\Smoke\8-ExceptionsSmoke.spec.ts","",""
"","10815","Notification Log sub-page loads correctly","msedge","Wed Sep 09 10:10:03 UTC 2026","passed","Wed Sep 09 10:10:14 UTC 2026","Application Navigation Smoke Tests","specs\Smoke\2-NavigationSmoke.spec.ts","",""
"","9842","Notification Templates sub-page loads correctly","msedge","Wed Sep 09 10:09:18 UTC 2026","passed","Wed Sep 09 10:09:27 UTC 2026","Application Navigation Smoke Tests","specs\Smoke\2-NavigationSmoke.spec.ts","",""
"","7351","Verify navigation to Settings via nav menu","msedge","Wed Sep 09 10:10:56 UTC 2026","passed","Wed Sep 09 10:11:03 UTC 2026","Home Dashboard","specs\Smoke\3-HomeDashboardSmoke.spec.ts","",""
"","9764","Validate Login functionality with emptyFields","webkit","Wed Sep 09 10:37:01 UTC 2026","passed","Wed Sep 09 10:37:10 UTC 2026","","specs\Smoke\1-LoginSmoke.spec.ts","",""
"","15408","""Uploaded Checks"" navigates to the uploads page","firefox","Wed Sep 09 10:13:33 UTC 2026","passed","Wed Sep 09 10:13:48 UTC 2026","Issued Checks — Smoke","specs\Smoke\4-IssuedChecksSmoke.spec.ts","",""
"","8975","Automatic ACH Decision Rules sub-page loads correctly","chromium","Wed Sep 09 10:09:57 UTC 2026","passed","Wed Sep 09 10:10:06 UTC 2026","Application Navigation Smoke Tests","specs\Smoke\2-NavigationSmoke.spec.ts","",""
"","9408","Excel export button is visible and enabled","msedge","Wed Sep 09 10:11:45 UTC 2026","passed","Wed Sep 09 10:11:54 UTC 2026","Issued Checks — Smoke","specs\Smoke\4-IssuedChecksSmoke.spec.ts","",""
"","16479","Page size change to 10 updates pagination info in bottom-right pager","webkit","Wed Sep 09 10:44:21 UTC 2026","passed","Wed Sep 09 10:44:38 UTC 2026","Issued Checks — Smoke","specs\Smoke\4-IssuedChecksSmoke.spec.ts","",""
"","5710","Validate Login functionality with missingUsername","firefox","Wed Sep 09 10:07:19 UTC 2026","passed","Wed Sep 09 10:07:25 UTC 2026","","specs\Smoke\1-LoginSmoke.spec.ts","",""
"","9240","Saved Filters dropdown is visible and defaults to no preset","firefox","Wed Sep 09 10:19:43 UTC 2026","passed","Wed Sep 09 10:19:52 UTC 2026","ACH — Smoke","specs\Smoke\7-ACHSmoke.spec.ts","",""
"","14915","Decision Files sub-page loads correctly","firefox","Wed Sep 09 10:09:58 UTC 2026","passed","Wed Sep 09 10:10:13 UTC 2026","Application Navigation Smoke Tests","specs\Smoke\2-NavigationSmoke.spec.ts","",""
"","12544","Save a filter preset, verify it is auto-selected, then delete it","msedge","Wed Sep 09 10:16:29 UTC 2026","passed","Wed Sep 09 10:16:42 UTC 2026","ACH — Smoke","specs\Smoke\7-ACHSmoke.spec.ts","",""
"","4740","Validate forgot password with unregistered email","chromium","Wed Sep 09 10:08:49 UTC 2026","passed","Wed Sep 09 10:08:53 UTC 2026","","specs\Smoke\1-LoginSmoke.spec.ts","",""
"","9488","Default filter auto-applies after logout and re-login","webkit","Wed Sep 09 10:50:25 UTC 2026","skipped","Wed Sep 09 10:50:35 UTC 2026","ACH — Smoke","specs\Smoke\7-ACHSmoke.spec.ts","",""
"","11284","Grid loads with data rows and key column headers","msedge","Wed Sep 09 10:10:59 UTC 2026","passed","Wed Sep 09 10:11:11 UTC 2026","Issued Checks — Smoke","specs\Smoke\4-IssuedChecksSmoke.spec.ts","",""
"","9254","Verify all three dashboard view tabs are visible","firefox","Wed Sep 09 10:09:10 UTC 2026","passed","Wed Sep 09 10:09:19 UTC 2026","Home Dashboard","specs\Smoke\3-HomeDashboardSmoke.spec.ts","",""
"","11643","""View"" (Change Log) link on a row navigates to the entity log","webkit","Wed Sep 09 10:51:29 UTC 2026","passed","Wed Sep 09 10:51:40 UTC 2026","ACH — Smoke","specs\Smoke\7-ACHSmoke.spec.ts","",""
"","7830","""+ Add Check"" navigates to the add-check form","chromium","Wed Sep 09 10:11:09 UTC 2026","passed","Wed Sep 09 10:11:17 UTC 2026","Issued Checks — Smoke","specs\Smoke\4-IssuedChecksSmoke.spec.ts","",""
"","10695","Next page arrow advances to page 2","firefox","Wed Sep 09 10:18:50 UTC 2026","passed","Wed Sep 09 10:19:01 UTC 2026","ACH — Smoke","specs\Smoke\7-ACHSmoke.spec.ts","",""
"","6330","Verify navigation to ACH via nav menu","chromium","Wed Sep 09 10:10:59 UTC 2026","passed","Wed Sep 09 10:11:06 UTC 2026","Home Dashboard","specs\Smoke\3-HomeDashboardSmoke.spec.ts","",""
"","5437","Verify delayed data note and force refresh link are visible on dashboard","chromium","Wed Sep 09 10:10:17 UTC 2026","passed","Wed Sep 09 10:10:23 UTC 2026","Home Dashboard","specs\Smoke\3-HomeDashboardSmoke.spec.ts","",""
"","15336","Issued Checks page loads correctly","webkit","Wed Sep 09 10:36:25 UTC 2026","passed","Wed Sep 09 10:36:41 UTC 2026","Application Navigation Smoke Tests","specs\Smoke\2-NavigationSmoke.spec.ts","",""
"","14878","Excel export button is visible and enabled","webkit","Wed Sep 09 10:44:39 UTC 2026","passed","Wed Sep 09 10:44:54 UTC 2026","Presented Checks — Smoke","specs\Smoke\5-PresentedChecksSmoke.spec.ts","",""
"","8252","Save a filter preset, verify it is auto-selected, then delete it","chromium","Wed Sep 09 10:14:57 UTC 2026","passed","Wed Sep 09 10:15:05 UTC 2026","ACH — Smoke","specs\Smoke\7-ACHSmoke.spec.ts","",""
"","6772","Account Settings sub-page loads correctly","chromium","Wed Sep 09 10:08:29 UTC 2026","passed","Wed Sep 09 10:08:36 UTC 2026","Application Navigation Smoke Tests","specs\Smoke\2-NavigationSmoke.spec.ts","",""
"","9938","Page size change to 10 updates pagination info in bottom-right pager","firefox","Wed Sep 09 10:18:40 UTC 2026","passed","Wed Sep 09 10:18:50 UTC 2026","ACH — Smoke","specs\Smoke\7-ACHSmoke.spec.ts","",""
"","17514","""+ Add Check"" navigates to the add-check form","webkit","Wed Sep 09 10:43:45 UTC 2026","passed","Wed Sep 09 10:44:02 UTC 2026","Presented Checks — Smoke","specs\Smoke\5-PresentedChecksSmoke.spec.ts","",""
"","13444","Next page arrow advances to page 2","webkit","Wed Sep 09 10:49:13 UTC 2026","passed","Wed Sep 09 10:49:26 UTC 2026","ACH — Smoke","specs\Smoke\7-ACHSmoke.spec.ts","",""
"","11065","Verify Total Exceptions and Total Exception Amount labels are visible","firefox","Wed Sep 09 10:10:39 UTC 2026","passed","Wed Sep 09 10:10:50 UTC 2026","Home Dashboard","specs\Smoke\3-HomeDashboardSmoke.spec.ts","",""
"","7586","Verify ACH Only tab shows ACH-specific chart sections","msedge","Wed Sep 09 10:09:00 UTC 2026","passed","Wed Sep 09 10:09:07 UTC 2026","Home Dashboard","specs\Smoke\3-HomeDashboardSmoke.spec.ts","",""
