"DESCRIPTION","DURATION IN MS","NAME","PARENT SUITE","START TIME","STATUS","STOP TIME","SUB SUITE","SUITE","TEST CLASS","TEST METHOD"
"","10104","Automatic Check Decision Rules sub-page loads correctly","msedge","Mon Sep 07 10:08:54 UTC 2026","passed","Mon Sep 07 10:09:04 UTC 2026","Application Navigation Smoke Tests","specs\Smoke\2-NavigationSmoke.spec.ts","",""
"","5143","Saved Filters dropdown is visible and defaults to no preset","chromium","Mon Sep 07 10:32:56 UTC 2026","passed","Mon Sep 07 10:33:02 UTC 2026","ACH — Smoke","specs\Smoke\7-ACHSmoke.spec.ts","",""
"","9246","Validate forgot password with unregistered email","webkit","Mon Sep 07 10:08:07 UTC 2026","passed","Mon Sep 07 10:08:16 UTC 2026","","specs\Smoke\1-LoginSmoke.spec.ts","",""
"","8022","Verify navigation to Presented Checks via nav menu","msedge","Mon Sep 07 10:09:47 UTC 2026","passed","Mon Sep 07 10:09:55 UTC 2026","Home Dashboard","specs\Smoke\3-HomeDashboardSmoke.spec.ts","",""
"","14224","Verify navigation to ACH via nav menu","firefox","Mon Sep 07 10:12:03 UTC 2026","passed","Mon Sep 07 10:12:17 UTC 2026","Home Dashboard","specs\Smoke\3-HomeDashboardSmoke.spec.ts","",""
"","4802","Saved Filters dropdown is visible and defaults to no preset","chromium","Mon Sep 07 10:34:54 UTC 2026","passed","Mon Sep 07 10:34:59 UTC 2026","Exceptions — Smoke","specs\Smoke\8-ExceptionsSmoke.spec.ts","",""
"","8784","Verify tab-specific charts are hidden for opposite tab","msedge","Mon Sep 07 10:08:39 UTC 2026","passed","Mon Sep 07 10:08:48 UTC 2026","Home Dashboard","specs\Smoke\3-HomeDashboardSmoke.spec.ts","",""
"","10149","Exceptions page loads correctly","msedge","Mon Sep 07 10:06:49 UTC 2026","passed","Mon Sep 07 10:06:59 UTC 2026","Application Navigation Smoke Tests","specs\Smoke\2-NavigationSmoke.spec.ts","",""
"","11700","""View"" (Change Log) link on a row navigates to the entity log","msedge","Mon Sep 07 10:13:40 UTC 2026","passed","Mon Sep 07 10:13:52 UTC 2026","Issued Checks — Smoke (Continued)","specs\Smoke\4-IssuedChecksSmoke.spec.ts","",""
"","4938","Page size change to 10 updates pagination info in bottom-right pager","chromium","Mon Sep 07 10:34:26 UTC 2026","passed","Mon Sep 07 10:34:31 UTC 2026","Exceptions — Smoke","specs\Smoke\8-ExceptionsSmoke.spec.ts","",""
"","21427","""Delete"" on a row shows a confirm modal; Cancel dismisses it without deleting","webkit","Mon Sep 07 10:24:35 UTC 2026","passed","Mon Sep 07 10:24:57 UTC 2026","ACH — Smoke","specs\Smoke\7-ACHSmoke.spec.ts","",""
"","31514","Save a filter preset, verify it is auto-selected, then delete it","webkit","Mon Sep 07 10:23:00 UTC 2026","passed","Mon Sep 07 10:23:31 UTC 2026","ACH — Smoke","specs\Smoke\7-ACHSmoke.spec.ts","",""
"","19448","Exception History grid loads with data rows and key column headers","webkit","Mon Sep 07 10:22:13 UTC 2026","passed","Mon Sep 07 10:22:32 UTC 2026","Exceptions — Smoke","specs\Smoke\8-ExceptionsSmoke.spec.ts","",""
"","18388","Saved Filters dropdown is visible and defaults to no preset","webkit","Mon Sep 07 10:24:55 UTC 2026","passed","Mon Sep 07 10:25:14 UTC 2026","Exceptions — Smoke","specs\Smoke\8-ExceptionsSmoke.spec.ts","",""
"","6079","Validate forgot password functionality","msedge","Mon Sep 07 10:07:03 UTC 2026","passed","Mon Sep 07 10:07:09 UTC 2026","","specs\Smoke\1-LoginSmoke.spec.ts","",""
"","4870","""View"" (Change Log) link on a row navigates to the entity log","chromium","Mon Sep 07 10:31:39 UTC 2026","passed","Mon Sep 07 10:31:44 UTC 2026","Issued Checks — Smoke (Continued)","specs\Smoke\4-IssuedChecksSmoke.spec.ts","",""
"","8262","Verify dashboard footer footnote and privacy link are visible","msedge","Mon Sep 07 10:09:13 UTC 2026","passed","Mon Sep 07 10:09:21 UTC 2026","Home Dashboard","specs\Smoke\3-HomeDashboardSmoke.spec.ts","",""
"","18635","Validate teller presented-check form shows all required fields","webkit","Mon Sep 07 10:19:02 UTC 2026","passed","Mon Sep 07 10:19:21 UTC 2026","Teller - Smoke","specs\Smoke\6-TellerSmoke.spec.ts","",""
"","17013","Presented Checks breadcrumb link is visible on the page","webkit","Mon Sep 07 10:21:56 UTC 2026","passed","Mon Sep 07 10:22:13 UTC 2026","Presented Checks — Smoke (Continued)","specs\Smoke\5-PresentedChecksSmoke.spec.ts","",""
"","15190","File Formats sub-page loads correctly","firefox","Mon Sep 07 10:09:45 UTC 2026","passed","Mon Sep 07 10:10:00 UTC 2026","Application Navigation Smoke Tests","specs\Smoke\2-NavigationSmoke.spec.ts","",""
"","13475","Grid loads with data rows and key column headers","webkit","Mon Sep 07 10:19:21 UTC 2026","passed","Mon Sep 07 10:19:34 UTC 2026","ACH — Smoke","specs\Smoke\7-ACHSmoke.spec.ts","",""
"","7038","Validate Login functionality with incorrectPassword","firefox","Mon Sep 07 10:06:36 UTC 2026","passed","Mon Sep 07 10:06:43 UTC 2026","","specs\Smoke\1-LoginSmoke.spec.ts","",""
"","18591","Column filter popup applies a filter and Clear restores the full row set","firefox","Mon Sep 07 10:22:11 UTC 2026","passed","Mon Sep 07 10:22:29 UTC 2026","ACH — Smoke","specs\Smoke\7-ACHSmoke.spec.ts","",""
"","14650","Decision Files sub-page loads correctly","firefox","Mon Sep 07 10:09:16 UTC 2026","passed","Mon Sep 07 10:09:30 UTC 2026","Application Navigation Smoke Tests","specs\Smoke\2-NavigationSmoke.spec.ts","",""
"","5538","Settings page loads correctly","chromium","Mon Sep 07 10:26:14 UTC 2026","passed","Mon Sep 07 10:26:20 UTC 2026","Application Navigation Smoke Tests","specs\Smoke\2-NavigationSmoke.spec.ts","",""
"","18823","Save a filter preset, verify it is auto-selected, then delete it","msedge","Mon Sep 07 10:12:52 UTC 2026","passed","Mon Sep 07 10:13:10 UTC 2026","Presented Checks — Smoke (Continued)","specs\Smoke\5-PresentedChecksSmoke.spec.ts","",""
"","16651","""Edit"" link on a row navigates to the check edit form","firefox","Mon Sep 07 10:17:05 UTC 2026","passed","Mon Sep 07 10:17:21 UTC 2026","Presented Checks — Smoke (Continued)","specs\Smoke\5-PresentedChecksSmoke.spec.ts","",""
"","14868","ACH page loads correctly","firefox","Mon Sep 07 10:07:10 UTC 2026","passed","Mon Sep 07 10:07:25 UTC 2026","Application Navigation Smoke Tests","specs\Smoke\2-NavigationSmoke.spec.ts","",""
"","17236","Users sub-page loads correctly","webkit","Mon Sep 07 10:08:19 UTC 2026","passed","Mon Sep 07 10:08:36 UTC 2026","Application Navigation Smoke Tests","specs\Smoke\2-NavigationSmoke.spec.ts","",""
"","15043","Pay/Return decision badge navigates to exception history","firefox","Mon Sep 07 10:17:53 UTC 2026","passed","Mon Sep 07 10:18:08 UTC 2026","Presented Checks — Smoke (Continued)","specs\Smoke\5-PresentedChecksSmoke.spec.ts","",""
"","24988","Column filter popup applies a filter and Clear restores the full row set","webkit","Mon Sep 07 10:23:51 UTC 2026","passed","Mon Sep 07 10:24:16 UTC 2026","ACH — Smoke","specs\Smoke\7-ACHSmoke.spec.ts","",""
"","14577","Settings page loads correctly","webkit","Mon Sep 07 10:07:33 UTC 2026","passed","Mon Sep 07 10:07:47 UTC 2026","Application Navigation Smoke Tests","specs\Smoke\2-NavigationSmoke.spec.ts","",""
"","21010","Verify dashboard footer footnote and privacy link are visible","webkit","Mon Sep 07 10:11:29 UTC 2026","passed","Mon Sep 07 10:11:50 UTC 2026","Home Dashboard","specs\Smoke\3-HomeDashboardSmoke.spec.ts","",""
"","14027","Search box filters grid and clears correctly","msedge","Mon Sep 07 10:10:55 UTC 2026","passed","Mon Sep 07 10:11:09 UTC 2026","Issued Checks — Smoke","specs\Smoke\4-IssuedChecksSmoke.spec.ts","",""
"","9636","Typing a page number navigates to that page","chromium","Mon Sep 07 10:30:50 UTC 2026","passed","Mon Sep 07 10:31:00 UTC 2026","Presented Checks — Smoke","specs\Smoke\5-PresentedChecksSmoke.spec.ts","",""
"","11915","Grid View toggle navigates to the open-exceptions grid and shows key column headers","msedge","Mon Sep 07 10:18:16 UTC 2026","passed","Mon Sep 07 10:18:28 UTC 2026","Exceptions — Smoke (Continued)","specs\Smoke\8-ExceptionsSmoke.spec.ts","",""
"","11681","Validate session persists after page refresh","msedge","Mon Sep 07 10:07:21 UTC 2026","passed","Mon Sep 07 10:07:32 UTC 2026","","specs\Smoke\1-LoginSmoke.spec.ts","",""
"","16950","Excel export button is visible and enabled","webkit","Mon Sep 07 10:14:24 UTC 2026","passed","Mon Sep 07 10:14:41 UTC 2026","Issued Checks — Smoke","specs\Smoke\4-IssuedChecksSmoke.spec.ts","",""
"","25234","Validate Login functionality with correctCredentials","firefox","Mon Sep 07 10:05:58 UTC 2026","passed","Mon Sep 07 10:06:23 UTC 2026","","specs\Smoke\1-LoginSmoke.spec.ts","",""
"","7655","Default filter auto-applies after logout and re-login","msedge","Mon Sep 07 10:16:25 UTC 2026","skipped","Mon Sep 07 10:16:33 UTC 2026","Exceptions — Default Filter (Serial)","specs\Smoke\8-ExceptionsSmoke.spec.ts","",""
"","9503","Validate unauthenticated access to protected route is redirected to login","webkit","Mon Sep 07 10:08:33 UTC 2026","passed","Mon Sep 07 10:08:43 UTC 2026","","specs\Smoke\1-LoginSmoke.spec.ts","",""
"","8718","Exception History grid loads with data rows and key column headers","chromium","Mon Sep 07 10:34:06 UTC 2026","passed","Mon Sep 07 10:34:15 UTC 2026","Exceptions — Smoke","specs\Smoke\8-ExceptionsSmoke.spec.ts","",""
"","23564","Decision badge on an already-reviewed row is blocked with a system message","firefox","Mon Sep 07 10:22:29 UTC 2026","passed","Mon Sep 07 10:22:53 UTC 2026","Exceptions — Smoke (Continued)","specs\Smoke\8-ExceptionsSmoke.spec.ts","",""
"","14727","Verify ACH Only tab shows ACH-specific chart sections","webkit","Mon Sep 07 10:09:39 UTC 2026","passed","Mon Sep 07 10:09:54 UTC 2026","Home Dashboard","specs\Smoke\3-HomeDashboardSmoke.spec.ts","",""
"","10711","Validate Login functionality with missingUsername","webkit","Mon Sep 07 10:07:10 UTC 2026","passed","Mon Sep 07 10:07:20 UTC 2026","","specs\Smoke\1-LoginSmoke.spec.ts","",""
"","10195","Validate Login functionality with veryLongInput","webkit","Mon Sep 07 10:07:37 UTC 2026","passed","Mon Sep 07 10:07:48 UTC 2026","","specs\Smoke\1-LoginSmoke.spec.ts","",""
"","16652","System Log sub-page loads correctly","webkit","Mon Sep 07 10:12:03 UTC 2026","passed","Mon Sep 07 10:12:20 UTC 2026","Application Navigation Smoke Tests","specs\Smoke\2-NavigationSmoke.spec.ts","",""
"","21986","Search box filters grid and clears correctly","webkit","Mon Sep 07 10:14:26 UTC 2026","passed","Mon Sep 07 10:14:48 UTC 2026","Presented Checks — Smoke","specs\Smoke\5-PresentedChecksSmoke.spec.ts","",""
"","14234","Last page arrow jumps to the final page","firefox","Mon Sep 07 10:19:50 UTC 2026","passed","Mon Sep 07 10:20:04 UTC 2026","Exceptions — Smoke","specs\Smoke\8-ExceptionsSmoke.spec.ts","",""
"","8861","Search box filters grid and clears correctly","chromium","Mon Sep 07 10:30:03 UTC 2026","passed","Mon Sep 07 10:30:12 UTC 2026","Presented Checks — Smoke","specs\Smoke\5-PresentedChecksSmoke.spec.ts","",""
"","7431","Notification Log sub-page loads correctly","chromium","Mon Sep 07 10:28:15 UTC 2026","passed","Mon Sep 07 10:28:22 UTC 2026","Application Navigation Smoke Tests","specs\Smoke\2-NavigationSmoke.spec.ts","",""
"","10620","Teller page loads correctly","msedge","Mon Sep 07 10:06:28 UTC 2026","passed","Mon Sep 07 10:06:38 UTC 2026","Application Navigation Smoke Tests","specs\Smoke\2-NavigationSmoke.spec.ts","",""
"","26426","Home page is accessible and shows dashboard","firefox","Mon Sep 07 10:05:58 UTC 2026","passed","Mon Sep 07 10:06:24 UTC 2026","Application Navigation Smoke Tests","specs\Smoke\2-NavigationSmoke.spec.ts","",""
"","5090","""Delete"" on a row shows a confirm modal; Cancel dismisses it without deleting","chromium","Mon Sep 07 10:31:44 UTC 2026","passed","Mon Sep 07 10:31:49 UTC 2026","Issued Checks — Smoke (Continued)","specs\Smoke\4-IssuedChecksSmoke.spec.ts","",""
"","18344","""Edit"" link on a row navigates to the check edit form","webkit","Mon Sep 07 10:20:39 UTC 2026","passed","Mon Sep 07 10:20:58 UTC 2026","Presented Checks — Smoke (Continued)","specs\Smoke\5-PresentedChecksSmoke.spec.ts","",""
"","12138","Previous page button returns to page 1, First page button re-enables disabled state","msedge","Mon Sep 07 10:12:18 UTC 2026","passed","Mon Sep 07 10:12:30 UTC 2026","Presented Checks — Smoke","specs\Smoke\5-PresentedChecksSmoke.spec.ts","",""
"","7778","Navigation tabs to Pre-Decisions, Approvals, and Exception History are visible","chromium","Mon Sep 07 10:35:58 UTC 2026","passed","Mon Sep 07 10:36:06 UTC 2026","Exceptions — Smoke (Continued)","specs\Smoke\8-ExceptionsSmoke.spec.ts","",""
"","11881","""+ Add Check"" navigates to the add-check form","msedge","Mon Sep 07 10:10:43 UTC 2026","passed","Mon Sep 07 10:10:55 UTC 2026","Presented Checks — Smoke","specs\Smoke\5-PresentedChecksSmoke.spec.ts","",""
"","20593","""Delete"" on a row shows a confirm modal; Cancel dismisses it without deleting","webkit","Mon Sep 07 10:21:16 UTC 2026","passed","Mon Sep 07 10:21:37 UTC 2026","Presented Checks — Smoke (Continued)","specs\Smoke\5-PresentedChecksSmoke.spec.ts","",""
"","17762","Home page is accessible and shows dashboard","msedge","Mon Sep 07 10:05:47 UTC 2026","passed","Mon Sep 07 10:06:05 UTC 2026","Application Navigation Smoke Tests","specs\Smoke\2-NavigationSmoke.spec.ts","",""
"","12198","""Delete"" on a row shows a confirm modal; Cancel dismisses it without deleting","msedge","Mon Sep 07 10:13:59 UTC 2026","passed","Mon Sep 07 10:14:12 UTC 2026","Presented Checks — Smoke (Continued)","specs\Smoke\5-PresentedChecksSmoke.spec.ts","",""
"","8515","Automatic ACH Decision Rules sub-page loads correctly","chromium","Mon Sep 07 10:27:58 UTC 2026","passed","Mon Sep 07 10:28:06 UTC 2026","Application Navigation Smoke Tests","specs\Smoke\2-NavigationSmoke.spec.ts","",""
"","19988","Search box filters grid and clears correctly","webkit","Mon Sep 07 10:14:04 UTC 2026","passed","Mon Sep 07 10:14:24 UTC 2026","Issued Checks — Smoke","specs\Smoke\4-IssuedChecksSmoke.spec.ts","",""
"","17265","Saved Filters dropdown is visible and defaults to no preset","webkit","Mon Sep 07 10:16:22 UTC 2026","passed","Mon Sep 07 10:16:39 UTC 2026","Issued Checks — Smoke","specs\Smoke\4-IssuedChecksSmoke.spec.ts","",""
"","9186","Validate forgot password with unregistered email","firefox","Mon Sep 07 10:07:52 UTC 2026","passed","Mon Sep 07 10:08:01 UTC 2026","","specs\Smoke\1-LoginSmoke.spec.ts","",""
"","11462","Validate Login functionality with emptyFields","webkit","Mon Sep 07 10:06:49 UTC 2026","passed","Mon Sep 07 10:07:01 UTC 2026","","specs\Smoke\1-LoginSmoke.spec.ts","",""
"","19059","Column filter menu applies a filter and Clear restores the full row set","firefox","Mon Sep 07 10:21:50 UTC 2026","passed","Mon Sep 07 10:22:09 UTC 2026","Exceptions — Smoke (Continued)","specs\Smoke\8-ExceptionsSmoke.spec.ts","",""
"","18841","Excel export button is visible and enabled","webkit","Mon Sep 07 10:20:23 UTC 2026","passed","Mon Sep 07 10:20:42 UTC 2026","ACH — Smoke","specs\Smoke\7-ACHSmoke.spec.ts","",""
"","9639","Saved Filters dropdown is visible and defaults to no preset","chromium","Mon Sep 07 10:31:10 UTC 2026","passed","Mon Sep 07 10:31:20 UTC 2026","Presented Checks — Smoke","specs\Smoke\5-PresentedChecksSmoke.spec.ts","",""
"","20606","Last page arrow jumps to the final page","webkit","Mon Sep 07 10:23:50 UTC 2026","passed","Mon Sep 07 10:24:11 UTC 2026","Exceptions — Smoke","specs\Smoke\8-ExceptionsSmoke.spec.ts","",""
"","20869","Verify Check Only tab shows Check-specific chart sections","firefox","Mon Sep 07 10:08:56 UTC 2026","passed","Mon Sep 07 10:09:16 UTC 2026","Home Dashboard","specs\Smoke\3-HomeDashboardSmoke.spec.ts","",""
"","12677","Verify all three dashboard view tabs are visible","webkit","Mon Sep 07 10:08:57 UTC 2026","passed","Mon Sep 07 10:09:10 UTC 2026","Home Dashboard","specs\Smoke\3-HomeDashboardSmoke.spec.ts","",""
"","10807","ACH page loads correctly","msedge","Mon Sep 07 10:06:38 UTC 2026","passed","Mon Sep 07 10:06:49 UTC 2026","Application Navigation Smoke Tests","specs\Smoke\2-NavigationSmoke.spec.ts","",""
"","16108","""Delete"" on a row shows a confirm modal; Cancel dismisses it without deleting","firefox","Mon Sep 07 10:22:48 UTC 2026","passed","Mon Sep 07 10:23:04 UTC 2026","ACH — Smoke","specs\Smoke\7-ACHSmoke.spec.ts","",""
"","14016","Default filter auto-applies after logout and re-login","msedge","Mon Sep 07 10:16:36 UTC 2026","skipped","Mon Sep 07 10:16:50 UTC 2026","ACH — Smoke","specs\Smoke\7-ACHSmoke.spec.ts","",""
"","9054","Business Clients sub-page loads correctly","chromium","Mon Sep 07 10:26:26 UTC 2026","passed","Mon Sep 07 10:26:36 UTC 2026","Application Navigation Smoke Tests","specs\Smoke\2-NavigationSmoke.spec.ts","",""
"","9083","Validate Login functionality with incorrectUsername","webkit","Mon Sep 07 10:06:32 UTC 2026","passed","Mon Sep 07 10:06:41 UTC 2026","","specs\Smoke\1-LoginSmoke.spec.ts","",""
"","14561","Last page arrow jumps to the final page","firefox","Mon Sep 07 10:14:28 UTC 2026","passed","Mon Sep 07 10:14:42 UTC 2026","Issued Checks — Smoke","specs\Smoke\4-IssuedChecksSmoke.spec.ts","",""
"","17661","Next page arrow advances to page 2","firefox","Mon Sep 07 10:14:24 UTC 2026","passed","Mon Sep 07 10:14:42 UTC 2026","Presented Checks — Smoke","specs\Smoke\5-PresentedChecksSmoke.spec.ts","",""
"","8321","""+ Add Check"" navigates to the add-check form","chromium","Mon Sep 07 10:29:46 UTC 2026","passed","Mon Sep 07 10:29:55 UTC 2026","Presented Checks — Smoke","specs\Smoke\5-PresentedChecksSmoke.spec.ts","",""
"","15078","Verify Combined View shows all chart sections","webkit","Mon Sep 07 10:09:10 UTC 2026","passed","Mon Sep 07 10:09:25 UTC 2026","Home Dashboard","specs\Smoke\3-HomeDashboardSmoke.spec.ts","",""
"","18213","""Uploaded Checks"" navigates to the uploads page","webkit","Mon Sep 07 10:14:08 UTC 2026","passed","Mon Sep 07 10:14:26 UTC 2026","Presented Checks — Smoke","specs\Smoke\5-PresentedChecksSmoke.spec.ts","",""
"","5169","Typing a page number navigates to that page","chromium","Mon Sep 07 10:32:44 UTC 2026","passed","Mon Sep 07 10:32:50 UTC 2026","ACH — Smoke","specs\Smoke\7-ACHSmoke.spec.ts","",""
"","15045","Page size change to 10 updates pagination info in bottom-right pager","firefox","Mon Sep 07 10:13:56 UTC 2026","passed","Mon Sep 07 10:14:11 UTC 2026","Issued Checks — Smoke","specs\Smoke\4-IssuedChecksSmoke.spec.ts","",""
"","7919","Page size change to 10 updates pagination info in bottom-right pager","chromium","Mon Sep 07 10:29:46 UTC 2026","passed","Mon Sep 07 10:29:54 UTC 2026","Issued Checks — Smoke","specs\Smoke\4-IssuedChecksSmoke.spec.ts","",""
"","16847","Verify tab-specific charts are hidden for opposite tab","webkit","Mon Sep 07 10:10:31 UTC 2026","passed","Mon Sep 07 10:10:48 UTC 2026","Home Dashboard","specs\Smoke\3-HomeDashboardSmoke.spec.ts","",""
"","16091","Default Decision Log sub-page loads correctly","webkit","Mon Sep 07 10:11:47 UTC 2026","passed","Mon Sep 07 10:12:03 UTC 2026","Application Navigation Smoke Tests","specs\Smoke\2-NavigationSmoke.spec.ts","",""
"","12696","Check Approval Rules sub-page loads correctly","firefox","Mon Sep 07 10:10:29 UTC 2026","passed","Mon Sep 07 10:10:42 UTC 2026","Application Navigation Smoke Tests","specs\Smoke\2-NavigationSmoke.spec.ts","",""
"","17110","""+ Add Check"" navigates to the add-check form","firefox","Mon Sep 07 10:12:58 UTC 2026","passed","Mon Sep 07 10:13:15 UTC 2026","Presented Checks — Smoke","specs\Smoke\5-PresentedChecksSmoke.spec.ts","",""
"","10101","Exceptions breadcrumb link is visible on the page","webkit","Mon Sep 07 10:26:47 UTC 2026","passed","Mon Sep 07 10:26:57 UTC 2026","Exceptions — Smoke (Continued)","specs\Smoke\8-ExceptionsSmoke.spec.ts","",""
"","11030","Issued Checks breadcrumb link is visible on the page","msedge","Mon Sep 07 10:14:03 UTC 2026","passed","Mon Sep 07 10:14:14 UTC 2026","Issued Checks — Smoke (Continued)","specs\Smoke\4-IssuedChecksSmoke.spec.ts","",""
"","9873","Exceptions breadcrumb link is visible on the page","msedge","Mon Sep 07 10:17:44 UTC 2026","passed","Mon Sep 07 10:17:53 UTC 2026","Exceptions — Smoke (Continued)","specs\Smoke\8-ExceptionsSmoke.spec.ts","",""
"","8631","Verify navigation to Settings via nav menu","msedge","Mon Sep 07 10:10:11 UTC 2026","passed","Mon Sep 07 10:10:20 UTC 2026","Home Dashboard","specs\Smoke\3-HomeDashboardSmoke.spec.ts","",""
"","5551","Clicking a column header sorts ascending, clicking again sorts descending","chromium","Mon Sep 07 10:35:27 UTC 2026","passed","Mon Sep 07 10:35:33 UTC 2026","Exceptions — Smoke (Continued)","specs\Smoke\8-ExceptionsSmoke.spec.ts","",""
"","9847","Verify ACH Only tab shows ACH-specific chart sections","msedge","Mon Sep 07 10:08:09 UTC 2026","passed","Mon Sep 07 10:08:19 UTC 2026","Home Dashboard","specs\Smoke\3-HomeDashboardSmoke.spec.ts","",""
"","15106","Column filter popup applies a filter and Clear restores the full row set","msedge","Mon Sep 07 10:13:21 UTC 2026","passed","Mon Sep 07 10:13:37 UTC 2026","Presented Checks — Smoke (Continued)","specs\Smoke\5-PresentedChecksSmoke.spec.ts","",""
"","11226","Branding sub-page loads correctly","msedge","Mon Sep 07 10:07:46 UTC 2026","passed","Mon Sep 07 10:07:57 UTC 2026","Application Navigation Smoke Tests","specs\Smoke\2-NavigationSmoke.spec.ts","",""
"","4873","Validate Login functionality with veryLongInput","msedge","Mon Sep 07 10:06:58 UTC 2026","passed","Mon Sep 07 10:07:03 UTC 2026","","specs\Smoke\1-LoginSmoke.spec.ts","",""
"","15267","Validate session persists after page refresh","firefox","Mon Sep 07 10:08:01 UTC 2026","passed","Mon Sep 07 10:08:16 UTC 2026","","specs\Smoke\1-LoginSmoke.spec.ts","",""
"","17079","Automatic Check Decision Rules sub-page loads correctly","webkit","Mon Sep 07 10:10:30 UTC 2026","passed","Mon Sep 07 10:10:47 UTC 2026","Application Navigation Smoke Tests","specs\Smoke\2-NavigationSmoke.spec.ts","",""
"","13690","Verify profile menu shows My Info and Logout links","webkit","Mon Sep 07 10:11:50 UTC 2026","passed","Mon Sep 07 10:12:04 UTC 2026","Home Dashboard","specs\Smoke\3-HomeDashboardSmoke.spec.ts","",""
"","9937","API link is visible and points to swagger","msedge","Mon Sep 07 10:10:12 UTC 2026","passed","Mon Sep 07 10:10:21 UTC 2026","Application Navigation Smoke Tests","specs\Smoke\2-NavigationSmoke.spec.ts","",""
"","7655","Verify Total Exceptions and Total Exception Amount labels are visible","msedge","Mon Sep 07 10:08:48 UTC 2026","passed","Mon Sep 07 10:08:55 UTC 2026","Home Dashboard","specs\Smoke\3-HomeDashboardSmoke.spec.ts","",""
"","56742","Save a filter preset, verify it is auto-selected, then delete it","webkit","Mon Sep 07 10:18:55 UTC 2026","passed","Mon Sep 07 10:19:52 UTC 2026","Presented Checks — Smoke (Continued)","specs\Smoke\5-PresentedChecksSmoke.spec.ts","",""
"","30705","Save a filter preset, verify it is auto-selected, then delete it","webkit","Mon Sep 07 10:16:56 UTC 2026","passed","Mon Sep 07 10:17:26 UTC 2026","Issued Checks — Smoke (Continued)","specs\Smoke\4-IssuedChecksSmoke.spec.ts","",""
"","8282","Verify navigation to ACH via nav menu","chromium","Mon Sep 07 10:29:14 UTC 2026","passed","Mon Sep 07 10:29:23 UTC 2026","Home Dashboard","specs\Smoke\3-HomeDashboardSmoke.spec.ts","",""
"","4819","Validate Login functionality with missingUsername","firefox","Mon Sep 07 10:07:10 UTC 2026","passed","Mon Sep 07 10:07:14 UTC 2026","","specs\Smoke\1-LoginSmoke.spec.ts","",""
"","6101","Validate unauthenticated access to protected route is redirected to login","msedge","Mon Sep 07 10:07:32 UTC 2026","passed","Mon Sep 07 10:07:38 UTC 2026","","specs\Smoke\1-LoginSmoke.spec.ts","",""
"","13948","Column filter menu applies a filter and Clear restores the full row set","webkit","Mon Sep 07 10:26:04 UTC 2026","passed","Mon Sep 07 10:26:18 UTC 2026","Exceptions — Smoke (Continued)","specs\Smoke\8-ExceptionsSmoke.spec.ts","",""
"","7613","Billing Reports sub-page loads correctly","chromium","Mon Sep 07 10:27:01 UTC 2026","passed","Mon Sep 07 10:27:08 UTC 2026","Application Navigation Smoke Tests","specs\Smoke\2-NavigationSmoke.spec.ts","",""
"","10456","Check Approval Rules sub-page loads correctly","chromium","Mon Sep 07 10:27:47 UTC 2026","passed","Mon Sep 07 10:27:58 UTC 2026","Application Navigation Smoke Tests","specs\Smoke\2-NavigationSmoke.spec.ts","",""
"","6168","Validate Login functionality with invalidEmailFormat","msedge","Mon Sep 07 10:06:23 UTC 2026","passed","Mon Sep 07 10:06:29 UTC 2026","","specs\Smoke\1-LoginSmoke.spec.ts","",""
"","18307","Last page arrow jumps to the final page","webkit","Mon Sep 07 10:21:19 UTC 2026","passed","Mon Sep 07 10:21:38 UTC 2026","ACH — Smoke","specs\Smoke\7-ACHSmoke.spec.ts","",""
"","15586","Verify navigation to Presented Checks via nav menu","firefox","Mon Sep 07 10:11:47 UTC 2026","passed","Mon Sep 07 10:12:02 UTC 2026","Home Dashboard","specs\Smoke\3-HomeDashboardSmoke.spec.ts","",""
"","11845","Grid View toggle navigates to the open-exceptions grid and shows key column headers","webkit","Mon Sep 07 10:27:17 UTC 2026","passed","Mon Sep 07 10:27:29 UTC 2026","Exceptions — Smoke (Continued)","specs\Smoke\8-ExceptionsSmoke.spec.ts","",""
"","20351","Typing a page number navigates to that page","webkit","Mon Sep 07 10:21:38 UTC 2026","passed","Mon Sep 07 10:21:58 UTC 2026","ACH — Smoke","specs\Smoke\7-ACHSmoke.spec.ts","",""
"","7050","Excel export button is visible and enabled","chromium","Mon Sep 07 10:29:39 UTC 2026","passed","Mon Sep 07 10:29:46 UTC 2026","Issued Checks — Smoke","specs\Smoke\4-IssuedChecksSmoke.spec.ts","",""
"","9727","Verify delayed data note and force refresh link are visible on dashboard","msedge","Mon Sep 07 10:09:03 UTC 2026","passed","Mon Sep 07 10:09:13 UTC 2026","Home Dashboard","specs\Smoke\3-HomeDashboardSmoke.spec.ts","",""
"","10606","Open Exceptions page loads with either exception cards or the empty-state message","webkit","Mon Sep 07 10:27:07 UTC 2026","passed","Mon Sep 07 10:27:17 UTC 2026","Exceptions — Smoke (Continued)","specs\Smoke\8-ExceptionsSmoke.spec.ts","",""
"","21776","Next page arrow advances to page 2","firefox","Mon Sep 07 10:19:28 UTC 2026","passed","Mon Sep 07 10:19:50 UTC 2026","Exceptions — Smoke","specs\Smoke\8-ExceptionsSmoke.spec.ts","",""
"","12204","Decision badge on an already-reviewed row is blocked with a system message","msedge","Mon Sep 07 10:17:31 UTC 2026","passed","Mon Sep 07 10:17:44 UTC 2026","Exceptions — Smoke (Continued)","specs\Smoke\8-ExceptionsSmoke.spec.ts","",""
"","24871","Previous page button returns to page 1, First page button re-enables disabled state","webkit","Mon Sep 07 10:16:21 UTC 2026","passed","Mon Sep 07 10:16:46 UTC 2026","Presented Checks — Smoke","specs\Smoke\5-PresentedChecksSmoke.spec.ts","",""
"","10446","Grid loads with data rows and key column headers","chromium","Mon Sep 07 10:29:03 UTC 2026","passed","Mon Sep 07 10:29:14 UTC 2026","Issued Checks — Smoke","specs\Smoke\4-IssuedChecksSmoke.spec.ts","",""
"","11723","Teller page loads correctly","firefox","Mon Sep 07 10:06:58 UTC 2026","passed","Mon Sep 07 10:07:10 UTC 2026","Application Navigation Smoke Tests","specs\Smoke\2-NavigationSmoke.spec.ts","",""
"","9111","Account Settings sub-page loads correctly","msedge","Mon Sep 07 10:07:09 UTC 2026","passed","Mon Sep 07 10:07:18 UTC 2026","Application Navigation Smoke Tests","specs\Smoke\2-NavigationSmoke.spec.ts","",""
"","12487","Validate Login functionality with caseSensitiveEmail","webkit","Mon Sep 07 10:06:10 UTC 2026","passed","Mon Sep 07 10:06:23 UTC 2026","","specs\Smoke\1-LoginSmoke.spec.ts","",""
"","18589","Default filter auto-applies after logout and re-login","webkit","Mon Sep 07 10:17:04 UTC 2026","skipped","Mon Sep 07 10:17:22 UTC 2026","Presented Checks — Default Filter (Serial)","specs\Smoke\5-PresentedChecksSmoke.spec.ts","",""
"","5192","Next page arrow advances to page 2","chromium","Mon Sep 07 10:34:31 UTC 2026","passed","Mon Sep 07 10:34:36 UTC 2026","Exceptions — Smoke","specs\Smoke\8-ExceptionsSmoke.spec.ts","",""
"","16530","""+ Add ACH"" navigates to the add-ACH form","firefox","Mon Sep 07 10:18:24 UTC 2026","passed","Mon Sep 07 10:18:41 UTC 2026","ACH — Smoke","specs\Smoke\7-ACHSmoke.spec.ts","",""
"","7289","Verify navigation to Exceptions via nav menu","chromium","Mon Sep 07 10:29:23 UTC 2026","passed","Mon Sep 07 10:29:30 UTC 2026","Home Dashboard","specs\Smoke\3-HomeDashboardSmoke.spec.ts","",""
"","39109","Save a filter preset, verify it is auto-selected, then delete it","chromium","Mon Sep 07 10:36:04 UTC 2026","failed","Mon Sep 07 10:36:43 UTC 2026","Presented Checks — Smoke (Continued)","specs\Smoke\5-PresentedChecksSmoke.spec.ts","",""
"","18159","Grid loads with data rows and key column headers","webkit","Mon Sep 07 10:13:33 UTC 2026","passed","Mon Sep 07 10:13:51 UTC 2026","Presented Checks — Smoke","specs\Smoke\5-PresentedChecksSmoke.spec.ts","",""
"","7503","Notification Templates sub-page loads correctly","chromium","Mon Sep 07 10:27:31 UTC 2026","passed","Mon Sep 07 10:27:39 UTC 2026","Application Navigation Smoke Tests","specs\Smoke\2-NavigationSmoke.spec.ts","",""
"","11154","Validate Login functionality with correctCredentials","chromium","Mon Sep 07 10:25:27 UTC 2026","passed","Mon Sep 07 10:25:38 UTC 2026","","specs\Smoke\1-LoginSmoke.spec.ts","",""
"","9565","Verify all three dashboard view tabs are visible","firefox","Mon Sep 07 10:08:33 UTC 2026","passed","Mon Sep 07 10:08:42 UTC 2026","Home Dashboard","specs\Smoke\3-HomeDashboardSmoke.spec.ts","",""
"","13761","Column filter popup applies a filter and Clear restores the full row set","msedge","Mon Sep 07 10:13:12 UTC 2026","passed","Mon Sep 07 10:13:26 UTC 2026","Issued Checks — Smoke (Continued)","specs\Smoke\4-IssuedChecksSmoke.spec.ts","",""
"","15649","Presented Checks breadcrumb link is visible on the page","firefox","Mon Sep 07 10:18:08 UTC 2026","passed","Mon Sep 07 10:18:24 UTC 2026","Presented Checks — Smoke (Continued)","specs\Smoke\5-PresentedChecksSmoke.spec.ts","",""
"","8114","Verify navigation to Issued Checks via nav menu","chromium","Mon Sep 07 10:29:01 UTC 2026","passed","Mon Sep 07 10:29:09 UTC 2026","Home Dashboard","specs\Smoke\3-HomeDashboardSmoke.spec.ts","",""
"","9576","Pay/Return decision badge navigates to exception history","chromium","Mon Sep 07 10:33:52 UTC 2026","passed","Mon Sep 07 10:34:01 UTC 2026","ACH — Smoke","specs\Smoke\7-ACHSmoke.spec.ts","",""
"","10723","Branding sub-page loads correctly","chromium","Mon Sep 07 10:26:50 UTC 2026","passed","Mon Sep 07 10:27:01 UTC 2026","Application Navigation Smoke Tests","specs\Smoke\2-NavigationSmoke.spec.ts","",""
"","7358","Validate forgot password functionality with No email","firefox","Mon Sep 07 10:07:44 UTC 2026","passed","Mon Sep 07 10:07:52 UTC 2026","","specs\Smoke\1-LoginSmoke.spec.ts","",""
"","11465","File Processing sub-page loads correctly","msedge","Mon Sep 07 10:10:00 UTC 2026","passed","Mon Sep 07 10:10:12 UTC 2026","Application Navigation Smoke Tests","specs\Smoke\2-NavigationSmoke.spec.ts","",""
"","11341","Billing Reports sub-page loads correctly","msedge","Mon Sep 07 10:07:57 UTC 2026","passed","Mon Sep 07 10:08:09 UTC 2026","Application Navigation Smoke Tests","specs\Smoke\2-NavigationSmoke.spec.ts","",""
"","15393","Saved Filters dropdown is visible and defaults to no preset","firefox","Mon Sep 07 10:15:34 UTC 2026","passed","Mon Sep 07 10:15:49 UTC 2026","Presented Checks — Smoke","specs\Smoke\5-PresentedChecksSmoke.spec.ts","",""
"","6308","Search box filters grid and clears correctly","chromium","Mon Sep 07 10:32:18 UTC 2026","passed","Mon Sep 07 10:32:24 UTC 2026","ACH — Smoke","specs\Smoke\7-ACHSmoke.spec.ts","",""
"","18886","""Uploaded Checks"" navigates to the uploads page","webkit","Mon Sep 07 10:13:45 UTC 2026","passed","Mon Sep 07 10:14:04 UTC 2026","Issued Checks — Smoke","specs\Smoke\4-IssuedChecksSmoke.spec.ts","",""
"","7533","Holiday Schedules sub-page loads correctly","chromium","Mon Sep 07 10:27:15 UTC 2026","passed","Mon Sep 07 10:27:23 UTC 2026","Application Navigation Smoke Tests","specs\Smoke\2-NavigationSmoke.spec.ts","",""
"","13690","""Edit"" link on a row navigates to the check edit form","msedge","Mon Sep 07 10:13:26 UTC 2026","passed","Mon Sep 07 10:13:40 UTC 2026","Issued Checks — Smoke (Continued)","specs\Smoke\4-IssuedChecksSmoke.spec.ts","",""
"","16238","Saved Filters dropdown is visible and defaults to no preset","firefox","Mon Sep 07 10:20:58 UTC 2026","passed","Mon Sep 07 10:21:14 UTC 2026","ACH — Smoke","specs\Smoke\7-ACHSmoke.spec.ts","",""
"","9242","Settings page loads correctly","msedge","Mon Sep 07 10:06:59 UTC 2026","passed","Mon Sep 07 10:07:09 UTC 2026","Application Navigation Smoke Tests","specs\Smoke\2-NavigationSmoke.spec.ts","",""
"","11630","""+ Add Check"" navigates to the add-check form","msedge","Mon Sep 07 10:10:31 UTC 2026","passed","Mon Sep 07 10:10:43 UTC 2026","Issued Checks — Smoke","specs\Smoke\4-IssuedChecksSmoke.spec.ts","",""
"","5721","""Delete"" on a row shows a confirm modal; Cancel dismisses it without deleting","chromium","Mon Sep 07 10:33:46 UTC 2026","passed","Mon Sep 07 10:33:52 UTC 2026","ACH — Smoke","specs\Smoke\7-ACHSmoke.spec.ts","",""
"","16597","Notification Templates sub-page loads correctly","webkit","Mon Sep 07 10:10:14 UTC 2026","passed","Mon Sep 07 10:10:30 UTC 2026","Application Navigation Smoke Tests","specs\Smoke\2-NavigationSmoke.spec.ts","",""
"","10899","Verify navigation to Settings via nav menu","firefox","Mon Sep 07 10:12:27 UTC 2026","passed","Mon Sep 07 10:12:38 UTC 2026","Home Dashboard","specs\Smoke\3-HomeDashboardSmoke.spec.ts","",""
"","14941","Previous page button returns to page 1, First page button re-enables disabled state","msedge","Mon Sep 07 10:12:06 UTC 2026","passed","Mon Sep 07 10:12:21 UTC 2026","Issued Checks — Smoke","specs\Smoke\4-IssuedChecksSmoke.spec.ts","",""
"","15431","Verify navigation to Presented Checks via nav menu","webkit","Mon Sep 07 10:12:35 UTC 2026","passed","Mon Sep 07 10:12:50 UTC 2026","Home Dashboard","specs\Smoke\3-HomeDashboardSmoke.spec.ts","",""
"","16442","Automatic ACH Decision Rules sub-page loads correctly","firefox","Mon Sep 07 10:10:42 UTC 2026","passed","Mon Sep 07 10:10:58 UTC 2026","Application Navigation Smoke Tests","specs\Smoke\2-NavigationSmoke.spec.ts","",""
"","16571","Search box filters grid and clears correctly","firefox","Mon Sep 07 10:13:29 UTC 2026","passed","Mon Sep 07 10:13:45 UTC 2026","Presented Checks — Smoke","specs\Smoke\5-PresentedChecksSmoke.spec.ts","",""
"","5444","Validate Login functionality with xssInUsername","msedge","Mon Sep 07 10:06:52 UTC 2026","passed","Mon Sep 07 10:06:58 UTC 2026","","specs\Smoke\1-LoginSmoke.spec.ts","",""
"","20291","Previous page button returns to page 1, First page button re-enables disabled state","firefox","Mon Sep 07 10:20:22 UTC 2026","passed","Mon Sep 07 10:20:42 UTC 2026","Exceptions — Smoke","specs\Smoke\8-ExceptionsSmoke.spec.ts","",""
"","10463","""+ Add ACH"" navigates to the add-ACH form","msedge","Mon Sep 07 10:14:35 UTC 2026","passed","Mon Sep 07 10:14:46 UTC 2026","ACH — Smoke","specs\Smoke\7-ACHSmoke.spec.ts","",""
"","6218","Validate Login functionality with emptyFields","chromium","Mon Sep 07 10:26:01 UTC 2026","passed","Mon Sep 07 10:26:07 UTC 2026","","specs\Smoke\1-LoginSmoke.spec.ts","",""
"","32421","Pay/Return decision badge navigates to exception history","webkit","Mon Sep 07 10:24:57 UTC 2026","passed","Mon Sep 07 10:25:29 UTC 2026","ACH — Smoke","specs\Smoke\7-ACHSmoke.spec.ts","",""
"","20050","""+ Add Check"" navigates to the add-check form","webkit","Mon Sep 07 10:13:25 UTC 2026","passed","Mon Sep 07 10:13:45 UTC 2026","Issued Checks — Smoke","specs\Smoke\4-IssuedChecksSmoke.spec.ts","",""
"","11840","Page size change to 10 updates pagination info in bottom-right pager","msedge","Mon Sep 07 10:11:31 UTC 2026","passed","Mon Sep 07 10:11:43 UTC 2026","Presented Checks — Smoke","specs\Smoke\5-PresentedChecksSmoke.spec.ts","",""
"","16723","Business Clients sub-page loads correctly","firefox","Mon Sep 07 10:08:04 UTC 2026","passed","Mon Sep 07 10:08:21 UTC 2026","Application Navigation Smoke Tests","specs\Smoke\2-NavigationSmoke.spec.ts","",""
"","11478","Grid loads with data rows and key column headers","msedge","Mon Sep 07 10:10:32 UTC 2026","passed","Mon Sep 07 10:10:43 UTC 2026","Presented Checks — Smoke","specs\Smoke\5-PresentedChecksSmoke.spec.ts","",""
"","9978","Excel export button is visible and enabled","msedge","Mon Sep 07 10:15:12 UTC 2026","passed","Mon Sep 07 10:15:22 UTC 2026","ACH — Smoke","specs\Smoke\7-ACHSmoke.spec.ts","",""
"","6165","Validate Login functionality with invalidEmailFormat","firefox","Mon Sep 07 10:06:49 UTC 2026","passed","Mon Sep 07 10:06:55 UTC 2026","","specs\Smoke\1-LoginSmoke.spec.ts","",""
"","15519","Previous page button returns to page 1, First page button re-enables disabled state","msedge","Mon Sep 07 10:16:10 UTC 2026","passed","Mon Sep 07 10:16:26 UTC 2026","ACH — Smoke","specs\Smoke\7-ACHSmoke.spec.ts","",""
"","12051","Excel export button is visible and enabled","msedge","Mon Sep 07 10:11:19 UTC 2026","passed","Mon Sep 07 10:11:31 UTC 2026","Presented Checks — Smoke","specs\Smoke\5-PresentedChecksSmoke.spec.ts","",""
"","18092","Excel export button is visible and enabled","webkit","Mon Sep 07 10:14:48 UTC 2026","passed","Mon Sep 07 10:15:06 UTC 2026","Presented Checks — Smoke","specs\Smoke\5-PresentedChecksSmoke.spec.ts","",""
"","8227","Automatic Check Decision Rules sub-page loads correctly","chromium","Mon Sep 07 10:27:39 UTC 2026","passed","Mon Sep 07 10:27:47 UTC 2026","Application Navigation Smoke Tests","specs\Smoke\2-NavigationSmoke.spec.ts","",""
"","8192","Users sub-page loads correctly","chromium","Mon Sep 07 10:26:36 UTC 2026","passed","Mon Sep 07 10:26:44 UTC 2026","Application Navigation Smoke Tests","specs\Smoke\2-NavigationSmoke.spec.ts","",""
"","17021","Save a filter preset, verify it is auto-selected, then delete it","msedge","Mon Sep 07 10:16:33 UTC 2026","passed","Mon Sep 07 10:16:50 UTC 2026","Exceptions — Smoke (Continued)","specs\Smoke\8-ExceptionsSmoke.spec.ts","",""
"","5342","""View"" (Change Log) link on a row navigates to the entity log","chromium","Mon Sep 07 10:38:57 UTC 2026","passed","Mon Sep 07 10:39:02 UTC 2026","Presented Checks — Smoke (Continued)","specs\Smoke\5-PresentedChecksSmoke.spec.ts","",""
"","18186","Column filter popup applies a filter and Clear restores the full row set","webkit","Mon Sep 07 10:17:46 UTC 2026","passed","Mon Sep 07 10:18:04 UTC 2026","Issued Checks — Smoke (Continued)","specs\Smoke\4-IssuedChecksSmoke.spec.ts","",""
"","20149","""View"" link on a row opens the Exception Details dialog","firefox","Mon Sep 07 10:22:09 UTC 2026","passed","Mon Sep 07 10:22:29 UTC 2026","Exceptions — Smoke (Continued)","specs\Smoke\8-ExceptionsSmoke.spec.ts","",""
"","18664","Verify dashboard tab checked state updates correctly","webkit","Mon Sep 07 10:09:54 UTC 2026","passed","Mon Sep 07 10:10:12 UTC 2026","Home Dashboard","specs\Smoke\3-HomeDashboardSmoke.spec.ts","",""
"","16950","File Formats sub-page loads correctly","webkit","Mon Sep 07 10:09:57 UTC 2026","passed","Mon Sep 07 10:10:14 UTC 2026","Application Navigation Smoke Tests","specs\Smoke\2-NavigationSmoke.spec.ts","",""
"","8270","Excel export button is visible and enabled","chromium","Mon Sep 07 10:30:12 UTC 2026","passed","Mon Sep 07 10:30:20 UTC 2026","Presented Checks — Smoke","specs\Smoke\5-PresentedChecksSmoke.spec.ts","",""
"","8802","Last page arrow jumps to the final page","chromium","Mon Sep 07 10:30:03 UTC 2026","passed","Mon Sep 07 10:30:12 UTC 2026","Issued Checks — Smoke","specs\Smoke\4-IssuedChecksSmoke.spec.ts","",""
"","13368","Verify navigation to Settings via nav menu","webkit","Mon Sep 07 10:13:19 UTC 2026","passed","Mon Sep 07 10:13:33 UTC 2026","Home Dashboard","specs\Smoke\3-HomeDashboardSmoke.spec.ts","",""
"","6175","Validate Login functionality with xssInUsername","chromium","Mon Sep 07 10:26:25 UTC 2026","passed","Mon Sep 07 10:26:31 UTC 2026","","specs\Smoke\1-LoginSmoke.spec.ts","",""
"","8925","Validate Login functionality with missingPassword","webkit","Mon Sep 07 10:07:01 UTC 2026","passed","Mon Sep 07 10:07:10 UTC 2026","","specs\Smoke\1-LoginSmoke.spec.ts","",""
"","8280","Pre-Decisions page loads with either records or the empty-state message","msedge","Mon Sep 07 10:18:36 UTC 2026","passed","Mon Sep 07 10:18:44 UTC 2026","Exceptions — Smoke (Continued)","specs\Smoke\8-ExceptionsSmoke.spec.ts","",""
"","9950","Saved Filters dropdown is visible and defaults to no preset","msedge","Mon Sep 07 10:16:26 UTC 2026","passed","Mon Sep 07 10:16:36 UTC 2026","ACH — Smoke","specs\Smoke\7-ACHSmoke.spec.ts","",""
"","7532","Verify all three dashboard view tabs are visible","chromium","Mon Sep 07 10:27:14 UTC 2026","passed","Mon Sep 07 10:27:22 UTC 2026","Home Dashboard","specs\Smoke\3-HomeDashboardSmoke.spec.ts","",""
"","12271","Typing a page number navigates to that page","msedge","Mon Sep 07 10:12:06 UTC 2026","passed","Mon Sep 07 10:12:18 UTC 2026","Presented Checks — Smoke","specs\Smoke\5-PresentedChecksSmoke.spec.ts","",""
"","6010","Roles/Permissions sub-page loads correctly","chromium","Mon Sep 07 10:26:44 UTC 2026","passed","Mon Sep 07 10:26:50 UTC 2026","Application Navigation Smoke Tests","specs\Smoke\2-NavigationSmoke.spec.ts","",""
"","13951","Verify dashboard loads after successful login","webkit","Mon Sep 07 10:08:43 UTC 2026","passed","Mon Sep 07 10:08:57 UTC 2026","Home Dashboard","specs\Smoke\3-HomeDashboardSmoke.spec.ts","",""
"","15049","Settings page loads correctly","firefox","Mon Sep 07 10:07:37 UTC 2026","passed","Mon Sep 07 10:07:52 UTC 2026","Application Navigation Smoke Tests","specs\Smoke\2-NavigationSmoke.spec.ts","",""
"","8284","""+ Add Check"" navigates to the add-check form","chromium","Mon Sep 07 10:29:14 UTC 2026","passed","Mon Sep 07 10:29:22 UTC 2026","Issued Checks — Smoke","specs\Smoke\4-IssuedChecksSmoke.spec.ts","",""
"","5146","Typing a page number navigates to that page","chromium","Mon Sep 07 10:34:41 UTC 2026","passed","Mon Sep 07 10:34:47 UTC 2026","Exceptions — Smoke","specs\Smoke\8-ExceptionsSmoke.spec.ts","",""
"","12497","Last page arrow jumps to the final page","msedge","Mon Sep 07 10:15:46 UTC 2026","passed","Mon Sep 07 10:15:59 UTC 2026","ACH — Smoke","specs\Smoke\7-ACHSmoke.spec.ts","",""
"","11702","Account Settings sub-page loads correctly","firefox","Mon Sep 07 10:07:52 UTC 2026","passed","Mon Sep 07 10:08:04 UTC 2026","Application Navigation Smoke Tests","specs\Smoke\2-NavigationSmoke.spec.ts","",""
"","14979","Clicking a column header sorts ascending, clicking again sorts descending","firefox","Mon Sep 07 10:21:56 UTC 2026","passed","Mon Sep 07 10:22:11 UTC 2026","ACH — Smoke","specs\Smoke\7-ACHSmoke.spec.ts","",""
"","10950","""Edit"" link on a row navigates to the check edit form","msedge","Mon Sep 07 10:13:37 UTC 2026","passed","Mon Sep 07 10:13:48 UTC 2026","Presented Checks — Smoke (Continued)","specs\Smoke\5-PresentedChecksSmoke.spec.ts","",""
"","11017","Decision Files sub-page loads correctly","msedge","Mon Sep 07 10:08:09 UTC 2026","passed","Mon Sep 07 10:08:20 UTC 2026","Application Navigation Smoke Tests","specs\Smoke\2-NavigationSmoke.spec.ts","",""
"","13018","Last page arrow jumps to the final page","msedge","Mon Sep 07 10:11:53 UTC 2026","passed","Mon Sep 07 10:12:06 UTC 2026","Presented Checks — Smoke","specs\Smoke\5-PresentedChecksSmoke.spec.ts","",""
"","10713","Navigation tabs to Pre-Decisions, Approvals, and Exception History are visible","msedge","Mon Sep 07 10:17:54 UTC 2026","passed","Mon Sep 07 10:18:04 UTC 2026","Exceptions — Smoke (Continued)","specs\Smoke\8-ExceptionsSmoke.spec.ts","",""
"","12313","Default Decision Log sub-page loads correctly","firefox","Mon Sep 07 10:11:27 UTC 2026","passed","Mon Sep 07 10:11:39 UTC 2026","Application Navigation Smoke Tests","specs\Smoke\2-NavigationSmoke.spec.ts","",""
"","15516","Users sub-page loads correctly","firefox","Mon Sep 07 10:08:21 UTC 2026","passed","Mon Sep 07 10:08:36 UTC 2026","Application Navigation Smoke Tests","specs\Smoke\2-NavigationSmoke.spec.ts","",""
"","11504","Presented Checks breadcrumb link is visible on the page","msedge","Mon Sep 07 10:14:23 UTC 2026","passed","Mon Sep 07 10:14:35 UTC 2026","Presented Checks — Smoke (Continued)","specs\Smoke\5-PresentedChecksSmoke.spec.ts","",""
"","12146","Page size change to 10 updates pagination info in bottom-right pager","msedge","Mon Sep 07 10:15:22 UTC 2026","passed","Mon Sep 07 10:15:34 UTC 2026","ACH — Smoke","specs\Smoke\7-ACHSmoke.spec.ts","",""
"","25314","Previous page button returns to page 1, First page button re-enables disabled state","webkit","Mon Sep 07 10:24:30 UTC 2026","passed","Mon Sep 07 10:24:55 UTC 2026","Exceptions — Smoke","specs\Smoke\8-ExceptionsSmoke.spec.ts","",""
"","12912","Verify navigation to Exceptions via nav menu","webkit","Mon Sep 07 10:13:06 UTC 2026","passed","Mon Sep 07 10:13:19 UTC 2026","Home Dashboard","specs\Smoke\3-HomeDashboardSmoke.spec.ts","",""
"","5013","ACH breadcrumb link is visible on the page","chromium","Mon Sep 07 10:34:01 UTC 2026","passed","Mon Sep 07 10:34:06 UTC 2026","ACH — Smoke","specs\Smoke\7-ACHSmoke.spec.ts","",""
"","12295","Next page arrow advances to page 2","msedge","Mon Sep 07 10:15:34 UTC 2026","passed","Mon Sep 07 10:15:46 UTC 2026","ACH — Smoke","specs\Smoke\7-ACHSmoke.spec.ts","",""
"","6217","Decision badge on an already-reviewed row is blocked with a system message","chromium","Mon Sep 07 10:35:47 UTC 2026","passed","Mon Sep 07 10:35:53 UTC 2026","Exceptions — Smoke (Continued)","specs\Smoke\8-ExceptionsSmoke.spec.ts","",""
"","17169","""+ Add Check"" navigates to the add-check form","webkit","Mon Sep 07 10:13:51 UTC 2026","passed","Mon Sep 07 10:14:08 UTC 2026","Presented Checks — Smoke","specs\Smoke\5-PresentedChecksSmoke.spec.ts","",""
"","13398","Column filter popup applies a filter and Clear restores the full row set","msedge","Mon Sep 07 10:17:20 UTC 2026","passed","Mon Sep 07 10:17:33 UTC 2026","ACH — Smoke","specs\Smoke\7-ACHSmoke.spec.ts","",""
"","19778","Next page arrow advances to page 2","webkit","Mon Sep 07 10:14:58 UTC 2026","passed","Mon Sep 07 10:15:17 UTC 2026","Issued Checks — Smoke","specs\Smoke\4-IssuedChecksSmoke.spec.ts","",""
"","5725","Validate Login functionality with missingPassword","chromium","Mon Sep 07 10:26:07 UTC 2026","passed","Mon Sep 07 10:26:13 UTC 2026","","specs\Smoke\1-LoginSmoke.spec.ts","",""
"","15931","Excel export button is visible and enabled","firefox","Mon Sep 07 10:19:19 UTC 2026","passed","Mon Sep 07 10:19:35 UTC 2026","ACH — Smoke","specs\Smoke\7-ACHSmoke.spec.ts","",""
"","7721","Verify Home dashboard is restored after returning from another page","chromium","Mon Sep 07 10:28:53 UTC 2026","passed","Mon Sep 07 10:29:01 UTC 2026","Home Dashboard","specs\Smoke\3-HomeDashboardSmoke.spec.ts","",""
"","16218","Navigation tabs to Pre-Decisions, Approvals, and Exception History are visible","firefox","Mon Sep 07 10:23:09 UTC 2026","passed","Mon Sep 07 10:23:25 UTC 2026","Exceptions — Smoke (Continued)","specs\Smoke\8-ExceptionsSmoke.spec.ts","",""
"","15216","Presented Checks page loads correctly","webkit","Mon Sep 07 10:06:31 UTC 2026","passed","Mon Sep 07 10:06:46 UTC 2026","Application Navigation Smoke Tests","specs\Smoke\2-NavigationSmoke.spec.ts","",""
"","14715","Verify chart title changes with selected tab","firefox","Mon Sep 07 10:09:45 UTC 2026","passed","Mon Sep 07 10:10:00 UTC 2026","Home Dashboard","specs\Smoke\3-HomeDashboardSmoke.spec.ts","",""
"","18491","Search box filters grid and clears correctly","firefox","Mon Sep 07 10:19:01 UTC 2026","passed","Mon Sep 07 10:19:19 UTC 2026","ACH — Smoke","specs\Smoke\7-ACHSmoke.spec.ts","",""
"","11211","Grid loads with data rows and key column headers","msedge","Mon Sep 07 10:10:20 UTC 2026","passed","Mon Sep 07 10:10:31 UTC 2026","Issued Checks — Smoke","specs\Smoke\4-IssuedChecksSmoke.spec.ts","",""
"","27065","Save a filter preset, verify it is auto-selected, then delete it","webkit","Mon Sep 07 10:25:26 UTC 2026","passed","Mon Sep 07 10:25:53 UTC 2026","Exceptions — Smoke (Continued)","specs\Smoke\8-ExceptionsSmoke.spec.ts","",""
"","5520","Validate Login functionality with incorrectPassword","chromium","Mon Sep 07 10:25:46 UTC 2026","passed","Mon Sep 07 10:25:51 UTC 2026","","specs\Smoke\1-LoginSmoke.spec.ts","",""
"","16971","""View"" (Change Log) link on a row navigates to the entity log","webkit","Mon Sep 07 10:18:16 UTC 2026","passed","Mon Sep 07 10:18:33 UTC 2026","Issued Checks — Smoke (Continued)","specs\Smoke\4-IssuedChecksSmoke.spec.ts","",""
"","14656","Notification Log sub-page loads correctly","webkit","Mon Sep 07 10:11:32 UTC 2026","passed","Mon Sep 07 10:11:47 UTC 2026","Application Navigation Smoke Tests","specs\Smoke\2-NavigationSmoke.spec.ts","",""
"","14287","Verify delayed data note and force refresh link are visible on dashboard","webkit","Mon Sep 07 10:11:15 UTC 2026","passed","Mon Sep 07 10:11:29 UTC 2026","Home Dashboard","specs\Smoke\3-HomeDashboardSmoke.spec.ts","",""
"","8598","Search box filters grid and clears correctly","chromium","Mon Sep 07 10:29:31 UTC 2026","passed","Mon Sep 07 10:29:39 UTC 2026","Issued Checks — Smoke","specs\Smoke\4-IssuedChecksSmoke.spec.ts","",""
"","10720","Previous page button returns to page 1, First page button re-enables disabled state","chromium","Mon Sep 07 10:31:00 UTC 2026","passed","Mon Sep 07 10:31:10 UTC 2026","Presented Checks — Smoke","specs\Smoke\5-PresentedChecksSmoke.spec.ts","",""
"","15808","Business Clients sub-page loads correctly","webkit","Mon Sep 07 10:08:03 UTC 2026","passed","Mon Sep 07 10:08:19 UTC 2026","Application Navigation Smoke Tests","specs\Smoke\2-NavigationSmoke.spec.ts","",""
"","11028","Issued Checks page loads correctly","msedge","Mon Sep 07 10:06:06 UTC 2026","passed","Mon Sep 07 10:06:17 UTC 2026","Application Navigation Smoke Tests","specs\Smoke\2-NavigationSmoke.spec.ts","",""
"","12334","Exceptions page loads correctly","firefox","Mon Sep 07 10:07:25 UTC 2026","passed","Mon Sep 07 10:07:37 UTC 2026","Application Navigation Smoke Tests","specs\Smoke\2-NavigationSmoke.spec.ts","",""
"","6800","Previous page button returns to page 1, First page button re-enables disabled state","chromium","Mon Sep 07 10:32:50 UTC 2026","passed","Mon Sep 07 10:32:56 UTC 2026","ACH — Smoke","specs\Smoke\7-ACHSmoke.spec.ts","",""
"","7869","Verify Combined View shows all chart sections","msedge","Mon Sep 07 10:07:54 UTC 2026","passed","Mon Sep 07 10:08:01 UTC 2026","Home Dashboard","specs\Smoke\3-HomeDashboardSmoke.spec.ts","",""
"","5214","Validate Login functionality with emptyFields","firefox","Mon Sep 07 10:06:55 UTC 2026","passed","Mon Sep 07 10:07:00 UTC 2026","","specs\Smoke\1-LoginSmoke.spec.ts","",""
"","13788","Column filter popup applies a filter and Clear restores the full row set","chromium","Mon Sep 07 10:31:20 UTC 2026","passed","Mon Sep 07 10:31:34 UTC 2026","Issued Checks — Smoke (Continued)","specs\Smoke\4-IssuedChecksSmoke.spec.ts","",""
"","10499","Default filter auto-applies after logout and re-login","msedge","Mon Sep 07 10:12:41 UTC 2026","skipped","Mon Sep 07 10:12:51 UTC 2026","Presented Checks — Default Filter (Serial)","specs\Smoke\5-PresentedChecksSmoke.spec.ts","",""
"","5417","Last page arrow jumps to the final page","chromium","Mon Sep 07 10:34:36 UTC 2026","passed","Mon Sep 07 10:34:41 UTC 2026","Exceptions — Smoke","specs\Smoke\8-ExceptionsSmoke.spec.ts","",""
"","13190","""Uploaded Checks"" navigates to the uploads page","firefox","Mon Sep 07 10:13:15 UTC 2026","passed","Mon Sep 07 10:13:29 UTC 2026","Presented Checks — Smoke","specs\Smoke\5-PresentedChecksSmoke.spec.ts","",""
"","16204","Saved Filters dropdown is visible and defaults to no preset","firefox","Mon Sep 07 10:20:42 UTC 2026","passed","Mon Sep 07 10:20:58 UTC 2026","Exceptions — Smoke","specs\Smoke\8-ExceptionsSmoke.spec.ts","",""
"","13255","Verify Total Exceptions and Total Exception Amount labels are visible","firefox","Mon Sep 07 10:10:16 UTC 2026","passed","Mon Sep 07 10:10:29 UTC 2026","Home Dashboard","specs\Smoke\3-HomeDashboardSmoke.spec.ts","",""
"","11208","Clicking a column header sorts ascending, clicking again sorts descending","webkit","Mon Sep 07 10:25:53 UTC 2026","passed","Mon Sep 07 10:26:04 UTC 2026","Exceptions — Smoke (Continued)","specs\Smoke\8-ExceptionsSmoke.spec.ts","",""
"","11917","Clicking a column header sorts ascending, clicking again sorts descending","msedge","Mon Sep 07 10:16:50 UTC 2026","passed","Mon Sep 07 10:17:02 UTC 2026","Exceptions — Smoke (Continued)","specs\Smoke\8-ExceptionsSmoke.spec.ts","",""
"","14303","Verify Check Only tab shows Check-specific chart sections","webkit","Mon Sep 07 10:09:25 UTC 2026","passed","Mon Sep 07 10:09:39 UTC 2026","Home Dashboard","specs\Smoke\3-HomeDashboardSmoke.spec.ts","",""
"","9457","Validate Login functionality with caseSensitiveEmail","firefox","Mon Sep 07 10:06:27 UTC 2026","passed","Mon Sep 07 10:06:37 UTC 2026","","specs\Smoke\1-LoginSmoke.spec.ts","",""
"","17431","Issued Checks page loads correctly","webkit","Mon Sep 07 10:06:14 UTC 2026","passed","Mon Sep 07 10:06:31 UTC 2026","Application Navigation Smoke Tests","specs\Smoke\2-NavigationSmoke.spec.ts","",""
"","6003","Validate Login functionality with incorrectUsername","chromium","Mon Sep 07 10:25:51 UTC 2026","passed","Mon Sep 07 10:25:57 UTC 2026","","specs\Smoke\1-LoginSmoke.spec.ts","",""
"","16392","""Delete"" on a row shows a confirm modal; Cancel dismisses it without deleting","firefox","Mon Sep 07 10:17:22 UTC 2026","passed","Mon Sep 07 10:17:38 UTC 2026","Issued Checks — Smoke (Continued)","specs\Smoke\4-IssuedChecksSmoke.spec.ts","",""
"","11191","Last page arrow jumps to the final page","msedge","Mon Sep 07 10:11:44 UTC 2026","passed","Mon Sep 07 10:11:55 UTC 2026","Issued Checks — Smoke","specs\Smoke\4-IssuedChecksSmoke.spec.ts","",""
"","12150","Open Exceptions page loads with either exception cards or the empty-state message","msedge","Mon Sep 07 10:18:04 UTC 2026","passed","Mon Sep 07 10:18:16 UTC 2026","Exceptions — Smoke (Continued)","specs\Smoke\8-ExceptionsSmoke.spec.ts","",""
"","24339","Pay/Return decision badge navigates to exception history","firefox","Mon Sep 07 10:23:04 UTC 2026","passed","Mon Sep 07 10:23:28 UTC 2026","ACH — Smoke","specs\Smoke\7-ACHSmoke.spec.ts","",""
"","18152","Next page arrow advances to page 2","webkit","Mon Sep 07 10:15:25 UTC 2026","passed","Mon Sep 07 10:15:43 UTC 2026","Presented Checks — Smoke","specs\Smoke\5-PresentedChecksSmoke.spec.ts","",""
"","6103","Validate Login functionality with sqlInjection","firefox","Mon Sep 07 10:07:14 UTC 2026","passed","Mon Sep 07 10:07:20 UTC 2026","","specs\Smoke\1-LoginSmoke.spec.ts","",""
"","17013","Save a filter preset, verify it is auto-selected, then delete it","msedge","Mon Sep 07 10:16:50 UTC 2026","passed","Mon Sep 07 10:17:07 UTC 2026","ACH — Smoke","specs\Smoke\7-ACHSmoke.spec.ts","",""
"","15495","""View"" link on a row opens the Exception Details dialog","msedge","Mon Sep 07 10:17:16 UTC 2026","passed","Mon Sep 07 10:17:31 UTC 2026","Exceptions — Smoke (Continued)","specs\Smoke\8-ExceptionsSmoke.spec.ts","",""
"","3851","Validate Login functionality with veryLongInput","chromium","Mon Sep 07 10:26:31 UTC 2026","passed","Mon Sep 07 10:26:35 UTC 2026","","specs\Smoke\1-LoginSmoke.spec.ts","",""
"","8756","Pre-Decisions page loads with either records or the empty-state message","webkit","Mon Sep 07 10:27:38 UTC 2026","passed","Mon Sep 07 10:27:47 UTC 2026","Exceptions — Smoke (Continued)","specs\Smoke\8-ExceptionsSmoke.spec.ts","",""
"","8455","Verify tab-specific charts are hidden for opposite tab","chromium","Mon Sep 07 10:28:06 UTC 2026","passed","Mon Sep 07 10:28:14 UTC 2026","Home Dashboard","specs\Smoke\3-HomeDashboardSmoke.spec.ts","",""
"","18136","Verify chart title changes with selected tab","webkit","Mon Sep 07 10:10:13 UTC 2026","passed","Mon Sep 07 10:10:31 UTC 2026","Home Dashboard","specs\Smoke\3-HomeDashboardSmoke.spec.ts","",""
"","18886","Typing a page number navigates to that page","webkit","Mon Sep 07 10:24:11 UTC 2026","passed","Mon Sep 07 10:24:30 UTC 2026","Exceptions — Smoke","specs\Smoke\8-ExceptionsSmoke.spec.ts","",""
"","16040","Grid loads with data rows and key column headers","firefox","Mon Sep 07 10:18:08 UTC 2026","passed","Mon Sep 07 10:18:24 UTC 2026","ACH — Smoke","specs\Smoke\7-ACHSmoke.spec.ts","",""
"","9501","Verify Home dashboard is restored after returning from another page","msedge","Mon Sep 07 10:09:29 UTC 2026","passed","Mon Sep 07 10:09:38 UTC 2026","Home Dashboard","specs\Smoke\3-HomeDashboardSmoke.spec.ts","",""
"","15154","Verify dashboard tab checked state updates correctly","firefox","Mon Sep 07 10:09:30 UTC 2026","passed","Mon Sep 07 10:09:45 UTC 2026","Home Dashboard","specs\Smoke\3-HomeDashboardSmoke.spec.ts","",""
"","15357","""Delete"" on a row shows a confirm modal; Cancel dismisses it without deleting","webkit","Mon Sep 07 10:18:33 UTC 2026","passed","Mon Sep 07 10:18:48 UTC 2026","Issued Checks — Smoke (Continued)","specs\Smoke\4-IssuedChecksSmoke.spec.ts","",""
"","8443","Saved Filters dropdown is visible and defaults to no preset","chromium","Mon Sep 07 10:30:30 UTC 2026","passed","Mon Sep 07 10:30:38 UTC 2026","Issued Checks — Smoke","specs\Smoke\4-IssuedChecksSmoke.spec.ts","",""
"","16369","Search box filters grid and clears correctly","firefox","Mon Sep 07 10:18:42 UTC 2026","passed","Mon Sep 07 10:18:58 UTC 2026","Exceptions — Smoke","specs\Smoke\8-ExceptionsSmoke.spec.ts","",""
"","8885","Verify ACH Only tab shows ACH-specific chart sections","chromium","Mon Sep 07 10:27:38 UTC 2026","passed","Mon Sep 07 10:27:47 UTC 2026","Home Dashboard","specs\Smoke\3-HomeDashboardSmoke.spec.ts","",""
"","13640","System Log sub-page loads correctly","firefox","Mon Sep 07 10:11:39 UTC 2026","passed","Mon Sep 07 10:11:53 UTC 2026","Application Navigation Smoke Tests","specs\Smoke\2-NavigationSmoke.spec.ts","",""
"","11507","ACH breadcrumb link is visible on the page","msedge","Mon Sep 07 10:18:12 UTC 2026","passed","Mon Sep 07 10:18:24 UTC 2026","ACH — Smoke","specs\Smoke\7-ACHSmoke.spec.ts","",""
"","19885","Last page arrow jumps to the final page","webkit","Mon Sep 07 10:15:17 UTC 2026","passed","Mon Sep 07 10:15:37 UTC 2026","Issued Checks — Smoke","specs\Smoke\4-IssuedChecksSmoke.spec.ts","",""
"","19506","Next page arrow advances to page 2","webkit","Mon Sep 07 10:23:31 UTC 2026","passed","Mon Sep 07 10:23:50 UTC 2026","Exceptions — Smoke","specs\Smoke\8-ExceptionsSmoke.spec.ts","",""
"","6797","""View"" link on a row opens the Exception Details dialog","chromium","Mon Sep 07 10:35:40 UTC 2026","passed","Mon Sep 07 10:35:47 UTC 2026","Exceptions — Smoke (Continued)","specs\Smoke\8-ExceptionsSmoke.spec.ts","",""
"","50611","Default filter auto-applies after logout and re-login","chromium","Mon Sep 07 10:33:07 UTC 2026","failed","Mon Sep 07 10:33:58 UTC 2026","Presented Checks — Default Filter (Serial)","specs\Smoke\5-PresentedChecksSmoke.spec.ts","",""
"","8326","Approvals page loads with either records or the empty-state message","firefox","Mon Sep 07 10:23:54 UTC 2026","passed","Mon Sep 07 10:24:02 UTC 2026","Exceptions — Smoke (Continued)","specs\Smoke\8-ExceptionsSmoke.spec.ts","",""
"","7885","Verify navigation to Exceptions via nav menu","msedge","Mon Sep 07 10:10:03 UTC 2026","passed","Mon Sep 07 10:10:11 UTC 2026","Home Dashboard","specs\Smoke\3-HomeDashboardSmoke.spec.ts","",""
"","15430","Last page arrow jumps to the final page","firefox","Mon Sep 07 10:14:42 UTC 2026","passed","Mon Sep 07 10:14:57 UTC 2026","Presented Checks — Smoke","specs\Smoke\5-PresentedChecksSmoke.spec.ts","",""
"","18461","Last page arrow jumps to the final page","webkit","Mon Sep 07 10:15:43 UTC 2026","passed","Mon Sep 07 10:16:01 UTC 2026","Presented Checks — Smoke","specs\Smoke\5-PresentedChecksSmoke.spec.ts","",""
"","5717","Search box filters grid and clears correctly","chromium","Mon Sep 07 10:34:15 UTC 2026","passed","Mon Sep 07 10:34:21 UTC 2026","Exceptions — Smoke","specs\Smoke\8-ExceptionsSmoke.spec.ts","",""
"","7854","Validate Login functionality with caseSensitiveEmail","msedge","Mon Sep 07 10:06:03 UTC 2026","passed","Mon Sep 07 10:06:11 UTC 2026","","specs\Smoke\1-LoginSmoke.spec.ts","",""
"","11628","""Edit"" link on a row navigates to the check edit form","webkit","Mon Sep 07 10:18:04 UTC 2026","passed","Mon Sep 07 10:18:16 UTC 2026","Issued Checks — Smoke (Continued)","specs\Smoke\4-IssuedChecksSmoke.spec.ts","",""
"","8209","""Uploaded Checks"" navigates to the uploads page","chromium","Mon Sep 07 10:29:55 UTC 2026","passed","Mon Sep 07 10:30:03 UTC 2026","Presented Checks — Smoke","specs\Smoke\5-PresentedChecksSmoke.spec.ts","",""
"","8683","Verify navigation to ACH via nav menu","msedge","Mon Sep 07 10:09:55 UTC 2026","passed","Mon Sep 07 10:10:03 UTC 2026","Home Dashboard","specs\Smoke\3-HomeDashboardSmoke.spec.ts","",""
"","15682","Verify tab-specific charts are hidden for opposite tab","firefox","Mon Sep 07 10:10:00 UTC 2026","passed","Mon Sep 07 10:10:16 UTC 2026","Home Dashboard","specs\Smoke\3-HomeDashboardSmoke.spec.ts","",""
"","5030","Validate forgot password with unregistered email","chromium","Mon Sep 07 10:26:44 UTC 2026","passed","Mon Sep 07 10:26:49 UTC 2026","","specs\Smoke\1-LoginSmoke.spec.ts","",""
"","8769","Validate Login functionality with xssInUsername","firefox","Mon Sep 07 10:07:21 UTC 2026","passed","Mon Sep 07 10:07:29 UTC 2026","","specs\Smoke\1-LoginSmoke.spec.ts","",""
"","14143","Excel export button is visible and enabled","firefox","Mon Sep 07 10:18:58 UTC 2026","passed","Mon Sep 07 10:19:13 UTC 2026","Exceptions — Smoke","specs\Smoke\8-ExceptionsSmoke.spec.ts","",""
"","7668","Verify summary KPI values have expected number formats","msedge","Mon Sep 07 10:08:55 UTC 2026","passed","Mon Sep 07 10:09:03 UTC 2026","Home Dashboard","specs\Smoke\3-HomeDashboardSmoke.spec.ts","",""
"","15361","Exceptions page loads correctly","webkit","Mon Sep 07 10:07:17 UTC 2026","passed","Mon Sep 07 10:07:33 UTC 2026","Application Navigation Smoke Tests","specs\Smoke\2-NavigationSmoke.spec.ts","",""
"","23809","Save a filter preset, verify it is auto-selected, then delete it","firefox","Mon Sep 07 10:21:09 UTC 2026","passed","Mon Sep 07 10:21:33 UTC 2026","Exceptions — Smoke (Continued)","specs\Smoke\8-ExceptionsSmoke.spec.ts","",""
"","11062","Clicking a column header sorts ascending, clicking again sorts descending","msedge","Mon Sep 07 10:13:10 UTC 2026","passed","Mon Sep 07 10:13:21 UTC 2026","Presented Checks — Smoke (Continued)","specs\Smoke\5-PresentedChecksSmoke.spec.ts","",""
"","7874","Clicking a column header sorts ascending, clicking again sorts descending","chromium","Mon Sep 07 10:31:12 UTC 2026","passed","Mon Sep 07 10:31:20 UTC 2026","Issued Checks — Smoke (Continued)","specs\Smoke\4-IssuedChecksSmoke.spec.ts","",""
"","21331","Save a filter preset, verify it is auto-selected, then delete it","firefox","Mon Sep 07 10:16:03 UTC 2026","passed","Mon Sep 07 10:16:25 UTC 2026","Presented Checks — Smoke (Continued)","specs\Smoke\5-PresentedChecksSmoke.spec.ts","",""
"","17068","Typing a page number navigates to that page","firefox","Mon Sep 07 10:14:57 UTC 2026","passed","Mon Sep 07 10:15:14 UTC 2026","Presented Checks — Smoke","specs\Smoke\5-PresentedChecksSmoke.spec.ts","",""
"","13812","Verify summary KPI values have expected number formats","webkit","Mon Sep 07 10:11:01 UTC 2026","passed","Mon Sep 07 10:11:15 UTC 2026","Home Dashboard","specs\Smoke\3-HomeDashboardSmoke.spec.ts","",""
"","7565","Column filter popup applies a filter and Clear restores the full row set","chromium","Mon Sep 07 10:33:33 UTC 2026","passed","Mon Sep 07 10:33:41 UTC 2026","ACH — Smoke","specs\Smoke\7-ACHSmoke.spec.ts","",""
"","12296","Verify dashboard loads after successful login","firefox","Mon Sep 07 10:08:20 UTC 2026","passed","Mon Sep 07 10:08:33 UTC 2026","Home Dashboard","specs\Smoke\3-HomeDashboardSmoke.spec.ts","",""
"","26602","Previous page button returns to page 1, First page button re-enables disabled state","webkit","Mon Sep 07 10:21:58 UTC 2026","passed","Mon Sep 07 10:22:25 UTC 2026","ACH — Smoke","specs\Smoke\7-ACHSmoke.spec.ts","",""
"","4989","Grid loads with data rows and key column headers","chromium","Mon Sep 07 10:31:58 UTC 2026","passed","Mon Sep 07 10:32:03 UTC 2026","ACH — Smoke","specs\Smoke\7-ACHSmoke.spec.ts","",""
"","17755","Default filter auto-applies after logout and re-login","chromium","Mon Sep 07 10:33:02 UTC 2026","passed","Mon Sep 07 10:33:19 UTC 2026","ACH — Smoke","specs\Smoke\7-ACHSmoke.spec.ts","",""
"","17797","Saved Filters dropdown is visible and defaults to no preset","webkit","Mon Sep 07 10:16:46 UTC 2026","passed","Mon Sep 07 10:17:04 UTC 2026","Presented Checks — Smoke","specs\Smoke\5-PresentedChecksSmoke.spec.ts","",""
"","17440","Previous page button returns to page 1, First page button re-enables disabled state","firefox","Mon Sep 07 10:15:00 UTC 2026","passed","Mon Sep 07 10:15:17 UTC 2026","Issued Checks — Smoke","specs\Smoke\4-IssuedChecksSmoke.spec.ts","",""
"","5420","Next page arrow advances to page 2","chromium","Mon Sep 07 10:32:34 UTC 2026","passed","Mon Sep 07 10:32:39 UTC 2026","ACH — Smoke","specs\Smoke\7-ACHSmoke.spec.ts","",""
"","15882","ACH Approval Rules sub-page loads correctly","webkit","Mon Sep 07 10:11:16 UTC 2026","passed","Mon Sep 07 10:11:32 UTC 2026","Application Navigation Smoke Tests","specs\Smoke\2-NavigationSmoke.spec.ts","",""
"","16278","Default filter auto-applies after logout and re-login","webkit","Mon Sep 07 10:16:39 UTC 2026","skipped","Mon Sep 07 10:16:56 UTC 2026","Issued Checks — Default Filter (Serial)","specs\Smoke\4-IssuedChecksSmoke.spec.ts","",""
"","12571","""Uploaded ACH"" navigates to the uploads page","msedge","Mon Sep 07 10:14:46 UTC 2026","passed","Mon Sep 07 10:14:58 UTC 2026","ACH — Smoke","specs\Smoke\7-ACHSmoke.spec.ts","",""
"","7680","Verify all three dashboard view tabs are visible","msedge","Mon Sep 07 10:07:46 UTC 2026","passed","Mon Sep 07 10:07:54 UTC 2026","Home Dashboard","specs\Smoke\3-HomeDashboardSmoke.spec.ts","",""
"","13282","Search box filters grid and clears correctly","msedge","Mon Sep 07 10:14:59 UTC 2026","passed","Mon Sep 07 10:15:12 UTC 2026","ACH — Smoke","specs\Smoke\7-ACHSmoke.spec.ts","",""
"","14796","Validate Login functionality with correctCredentials","msedge","Mon Sep 07 10:05:47 UTC 2026","passed","Mon Sep 07 10:06:02 UTC 2026","","specs\Smoke\1-LoginSmoke.spec.ts","",""
"","9111","Business Clients sub-page loads correctly","msedge","Mon Sep 07 10:07:18 UTC 2026","passed","Mon Sep 07 10:07:27 UTC 2026","Application Navigation Smoke Tests","specs\Smoke\2-NavigationSmoke.spec.ts","",""
"","8911","Next page arrow advances to page 2","chromium","Mon Sep 07 10:29:54 UTC 2026","passed","Mon Sep 07 10:30:03 UTC 2026","Issued Checks — Smoke","specs\Smoke\4-IssuedChecksSmoke.spec.ts","",""
"","26722","Save a filter preset, verify it is auto-selected, then delete it","firefox","Mon Sep 07 10:21:29 UTC 2026","passed","Mon Sep 07 10:21:56 UTC 2026","ACH — Smoke","specs\Smoke\7-ACHSmoke.spec.ts","",""
"","9287","Validate Login functionality with missingPassword","firefox","Mon Sep 07 10:07:00 UTC 2026","passed","Mon Sep 07 10:07:10 UTC 2026","","specs\Smoke\1-LoginSmoke.spec.ts","",""
"","9371","Validate forgot password functionality","webkit","Mon Sep 07 10:07:48 UTC 2026","passed","Mon Sep 07 10:07:57 UTC 2026","","specs\Smoke\1-LoginSmoke.spec.ts","",""
"","13871","Default filter auto-applies after logout and re-login","firefox","Mon Sep 07 10:15:50 UTC 2026","skipped","Mon Sep 07 10:16:03 UTC 2026","Presented Checks — Default Filter (Serial)","specs\Smoke\5-PresentedChecksSmoke.spec.ts","",""
"","14099","Grid View toggle navigates to the open-exceptions grid and shows key column headers","firefox","Mon Sep 07 10:23:39 UTC 2026","passed","Mon Sep 07 10:23:53 UTC 2026","Exceptions — Smoke (Continued)","specs\Smoke\8-ExceptionsSmoke.spec.ts","",""
"","12050","Default filter auto-applies after logout and re-login","webkit","Mon Sep 07 10:25:14 UTC 2026","skipped","Mon Sep 07 10:25:26 UTC 2026","Exceptions — Default Filter (Serial)","specs\Smoke\8-ExceptionsSmoke.spec.ts","",""
"","15474","Verify navigation to Issued Checks via nav menu","webkit","Mon Sep 07 10:12:19 UTC 2026","passed","Mon Sep 07 10:12:35 UTC 2026","Home Dashboard","specs\Smoke\3-HomeDashboardSmoke.spec.ts","",""
"","13038","Holiday Schedules sub-page loads correctly","msedge","Mon Sep 07 10:08:20 UTC 2026","passed","Mon Sep 07 10:08:33 UTC 2026","Application Navigation Smoke Tests","specs\Smoke\2-NavigationSmoke.spec.ts","",""
"","7612","Verify Combined View shows all chart sections","chromium","Mon Sep 07 10:27:22 UTC 2026","passed","Mon Sep 07 10:27:29 UTC 2026","Home Dashboard","specs\Smoke\3-HomeDashboardSmoke.spec.ts","",""
"","15528","File Processing sub-page loads correctly","webkit","Mon Sep 07 10:12:20 UTC 2026","passed","Mon Sep 07 10:12:35 UTC 2026","Application Navigation Smoke Tests","specs\Smoke\2-NavigationSmoke.spec.ts","",""
"","17072","Pay/Return decision badge navigates to exception history","msedge","Mon Sep 07 10:17:55 UTC 2026","passed","Mon Sep 07 10:18:12 UTC 2026","ACH — Smoke","specs\Smoke\7-ACHSmoke.spec.ts","",""
"","13658","Column filter menu applies a filter and Clear restores the full row set","msedge","Mon Sep 07 10:17:02 UTC 2026","passed","Mon Sep 07 10:17:16 UTC 2026","Exceptions — Smoke (Continued)","specs\Smoke\8-ExceptionsSmoke.spec.ts","",""
"","18501","Branding sub-page loads correctly","webkit","Mon Sep 07 10:08:50 UTC 2026","passed","Mon Sep 07 10:09:08 UTC 2026","Application Navigation Smoke Tests","specs\Smoke\2-NavigationSmoke.spec.ts","",""
"","11974","Billing Reports sub-page loads correctly","firefox","Mon Sep 07 10:09:03 UTC 2026","passed","Mon Sep 07 10:09:15 UTC 2026","Application Navigation Smoke Tests","specs\Smoke\2-NavigationSmoke.spec.ts","",""
"","10959","Page size change to 10 updates pagination info in bottom-right pager","msedge","Mon Sep 07 10:15:11 UTC 2026","passed","Mon Sep 07 10:15:22 UTC 2026","Exceptions — Smoke","specs\Smoke\8-ExceptionsSmoke.spec.ts","",""
"","21144","""Uploaded Checks"" navigates to the uploads page","firefox","Mon Sep 07 10:13:02 UTC 2026","passed","Mon Sep 07 10:13:23 UTC 2026","Issued Checks — Smoke","specs\Smoke\4-IssuedChecksSmoke.spec.ts","",""
"","7917","Next page arrow advances to page 2","chromium","Mon Sep 07 10:30:30 UTC 2026","passed","Mon Sep 07 10:30:38 UTC 2026","Presented Checks — Smoke","specs\Smoke\5-PresentedChecksSmoke.spec.ts","",""
"","7502","Previous page button returns to page 1, First page button re-enables disabled state","chromium","Mon Sep 07 10:34:47 UTC 2026","passed","Mon Sep 07 10:34:54 UTC 2026","Exceptions — Smoke","specs\Smoke\8-ExceptionsSmoke.spec.ts","",""
"","12768","""Edit"" link on a row navigates to the check edit form","firefox","Mon Sep 07 10:16:52 UTC 2026","passed","Mon Sep 07 10:17:05 UTC 2026","Issued Checks — Smoke (Continued)","specs\Smoke\4-IssuedChecksSmoke.spec.ts","",""
"","12375","Search box filters grid and clears correctly","msedge","Mon Sep 07 10:11:06 UTC 2026","passed","Mon Sep 07 10:11:19 UTC 2026","Presented Checks — Smoke","specs\Smoke\5-PresentedChecksSmoke.spec.ts","",""
"","19142","Search box filters grid and clears correctly","webkit","Mon Sep 07 10:20:04 UTC 2026","passed","Mon Sep 07 10:20:23 UTC 2026","ACH — Smoke","specs\Smoke\7-ACHSmoke.spec.ts","",""
"","9015","Verify chart title changes with selected tab","chromium","Mon Sep 07 10:27:57 UTC 2026","passed","Mon Sep 07 10:28:06 UTC 2026","Home Dashboard","specs\Smoke\3-HomeDashboardSmoke.spec.ts","",""
"","4561","Validate teller presented-check form shows all required fields","chromium","Mon Sep 07 10:31:53 UTC 2026","passed","Mon Sep 07 10:31:58 UTC 2026","Teller - Smoke","specs\Smoke\6-TellerSmoke.spec.ts","",""
"","19293","Excel export button is visible and enabled","webkit","Mon Sep 07 10:22:52 UTC 2026","passed","Mon Sep 07 10:23:12 UTC 2026","Exceptions — Smoke","specs\Smoke\8-ExceptionsSmoke.spec.ts","",""
"","4594","Excel export button is visible and enabled","chromium","Mon Sep 07 10:32:24 UTC 2026","passed","Mon Sep 07 10:32:29 UTC 2026","ACH — Smoke","specs\Smoke\7-ACHSmoke.spec.ts","",""
"","17588","Exception History grid loads with data rows and key column headers","firefox","Mon Sep 07 10:18:24 UTC 2026","passed","Mon Sep 07 10:18:42 UTC 2026","Exceptions — Smoke","specs\Smoke\8-ExceptionsSmoke.spec.ts","",""
"","5181","Verify navigation to Presented Checks via nav menu","chromium","Mon Sep 07 10:29:09 UTC 2026","passed","Mon Sep 07 10:29:14 UTC 2026","Home Dashboard","specs\Smoke\3-HomeDashboardSmoke.spec.ts","",""
"","12851","Page size change to 10 updates pagination info in bottom-right pager","firefox","Mon Sep 07 10:19:35 UTC 2026","passed","Mon Sep 07 10:19:48 UTC 2026","ACH — Smoke","specs\Smoke\7-ACHSmoke.spec.ts","",""
"","15117","Issued Checks breadcrumb link is visible on the page","firefox","Mon Sep 07 10:17:38 UTC 2026","passed","Mon Sep 07 10:17:53 UTC 2026","Issued Checks — Smoke (Continued)","specs\Smoke\4-IssuedChecksSmoke.spec.ts","",""
"","16809","Billing Reports sub-page loads correctly","webkit","Mon Sep 07 10:09:08 UTC 2026","passed","Mon Sep 07 10:09:25 UTC 2026","Application Navigation Smoke Tests","specs\Smoke\2-NavigationSmoke.spec.ts","",""
"","7757","Pre-Decisions page loads with either records or the empty-state message","firefox","Mon Sep 07 10:24:02 UTC 2026","passed","Mon Sep 07 10:24:10 UTC 2026","Exceptions — Smoke (Continued)","specs\Smoke\8-ExceptionsSmoke.spec.ts","",""
"","19019","Page size change to 10 updates pagination info in bottom-right pager","webkit","Mon Sep 07 10:23:12 UTC 2026","passed","Mon Sep 07 10:23:31 UTC 2026","Exceptions — Smoke","specs\Smoke\8-ExceptionsSmoke.spec.ts","",""
"","14317","ACH Approval Rules sub-page loads correctly","firefox","Mon Sep 07 10:10:58 UTC 2026","passed","Mon Sep 07 10:11:13 UTC 2026","Application Navigation Smoke Tests","specs\Smoke\2-NavigationSmoke.spec.ts","",""
"","11123","Exception History grid loads with data rows and key column headers","msedge","Mon Sep 07 10:14:35 UTC 2026","passed","Mon Sep 07 10:14:46 UTC 2026","Exceptions — Smoke","specs\Smoke\8-ExceptionsSmoke.spec.ts","",""
"","12869","Next page arrow advances to page 2","msedge","Mon Sep 07 10:11:31 UTC 2026","passed","Mon Sep 07 10:11:44 UTC 2026","Issued Checks — Smoke","specs\Smoke\4-IssuedChecksSmoke.spec.ts","",""
"","4576","Issued Checks breadcrumb link is visible on the page","chromium","Mon Sep 07 10:31:49 UTC 2026","passed","Mon Sep 07 10:31:53 UTC 2026","Issued Checks — Smoke (Continued)","specs\Smoke\4-IssuedChecksSmoke.spec.ts","",""
"","20793","Clicking a column header sorts ascending, clicking again sorts descending","webkit","Mon Sep 07 10:19:52 UTC 2026","passed","Mon Sep 07 10:20:13 UTC 2026","Presented Checks — Smoke (Continued)","specs\Smoke\5-PresentedChecksSmoke.spec.ts","",""
"","6540","Account Settings sub-page loads correctly","chromium","Mon Sep 07 10:26:20 UTC 2026","passed","Mon Sep 07 10:26:26 UTC 2026","Application Navigation Smoke Tests","specs\Smoke\2-NavigationSmoke.spec.ts","",""
"","5476","Validate Login functionality with sqlInjection","msedge","Mon Sep 07 10:06:47 UTC 2026","passed","Mon Sep 07 10:06:52 UTC 2026","","specs\Smoke\1-LoginSmoke.spec.ts","",""
"","37406","Column filter popup applies a filter and Clear restores the full row set","chromium","Mon Sep 07 10:38:12 UTC 2026","failed","Mon Sep 07 10:38:50 UTC 2026","Presented Checks — Smoke (Continued)","specs\Smoke\5-PresentedChecksSmoke.spec.ts","",""
"","18982","Saved Filters dropdown is visible and defaults to no preset","webkit","Mon Sep 07 10:22:25 UTC 2026","passed","Mon Sep 07 10:22:44 UTC 2026","ACH — Smoke","specs\Smoke\7-ACHSmoke.spec.ts","",""
"","18500","""View"" (Change Log) link on a row navigates to the entity log","webkit","Mon Sep 07 10:20:58 UTC 2026","passed","Mon Sep 07 10:21:16 UTC 2026","Presented Checks — Smoke (Continued)","specs\Smoke\5-PresentedChecksSmoke.spec.ts","",""
"","17512","""Delete"" on a row shows a confirm modal; Cancel dismisses it without deleting","firefox","Mon Sep 07 10:17:36 UTC 2026","passed","Mon Sep 07 10:17:53 UTC 2026","Presented Checks — Smoke (Continued)","specs\Smoke\5-PresentedChecksSmoke.spec.ts","",""
"","9200","Verify chart title changes with selected tab","msedge","Mon Sep 07 10:08:30 UTC 2026","passed","Mon Sep 07 10:08:39 UTC 2026","Home Dashboard","specs\Smoke\3-HomeDashboardSmoke.spec.ts","",""
"","4688","""Edit"" link on a row navigates to the check edit form","chromium","Mon Sep 07 10:31:34 UTC 2026","passed","Mon Sep 07 10:31:39 UTC 2026","Issued Checks — Smoke (Continued)","specs\Smoke\4-IssuedChecksSmoke.spec.ts","",""
"","14835","Holiday Schedules sub-page loads correctly","firefox","Mon Sep 07 10:09:30 UTC 2026","passed","Mon Sep 07 10:09:45 UTC 2026","Application Navigation Smoke Tests","specs\Smoke\2-NavigationSmoke.spec.ts","",""
"","8610","ACH Approval Rules sub-page loads correctly","chromium","Mon Sep 07 10:28:06 UTC 2026","passed","Mon Sep 07 10:28:15 UTC 2026","Application Navigation Smoke Tests","specs\Smoke\2-NavigationSmoke.spec.ts","",""
"","12596","Branding sub-page loads correctly","firefox","Mon Sep 07 10:08:51 UTC 2026","passed","Mon Sep 07 10:09:03 UTC 2026","Application Navigation Smoke Tests","specs\Smoke\2-NavigationSmoke.spec.ts","",""
"","17523","Validate session persists after page refresh","webkit","Mon Sep 07 10:08:16 UTC 2026","passed","Mon Sep 07 10:08:33 UTC 2026","","specs\Smoke\1-LoginSmoke.spec.ts","",""
"","22210","Column filter popup applies a filter and Clear restores the full row set","firefox","Mon Sep 07 10:16:30 UTC 2026","passed","Mon Sep 07 10:16:52 UTC 2026","Issued Checks — Smoke (Continued)","specs\Smoke\4-IssuedChecksSmoke.spec.ts","",""
"","17931","Grid loads with data rows and key column headers","webkit","Mon Sep 07 10:13:07 UTC 2026","passed","Mon Sep 07 10:13:25 UTC 2026","Issued Checks — Smoke","specs\Smoke\4-IssuedChecksSmoke.spec.ts","",""
"","9521","Verify dashboard tab checked state updates correctly","chromium","Mon Sep 07 10:27:47 UTC 2026","passed","Mon Sep 07 10:27:57 UTC 2026","Home Dashboard","specs\Smoke\3-HomeDashboardSmoke.spec.ts","",""
"","15797","Account Settings sub-page loads correctly","webkit","Mon Sep 07 10:07:47 UTC 2026","passed","Mon Sep 07 10:08:03 UTC 2026","Application Navigation Smoke Tests","specs\Smoke\2-NavigationSmoke.spec.ts","",""
"","8869","Validate Login functionality with sqlInjection","webkit","Mon Sep 07 10:07:20 UTC 2026","passed","Mon Sep 07 10:07:29 UTC 2026","","specs\Smoke\1-LoginSmoke.spec.ts","",""
"","12806","Clicking a column header sorts ascending, clicking again sorts descending","msedge","Mon Sep 07 10:17:07 UTC 2026","passed","Mon Sep 07 10:17:20 UTC 2026","ACH — Smoke","specs\Smoke\7-ACHSmoke.spec.ts","",""
"","6088","ACH page loads correctly","chromium","Mon Sep 07 10:26:01 UTC 2026","passed","Mon Sep 07 10:26:07 UTC 2026","Application Navigation Smoke Tests","specs\Smoke\2-NavigationSmoke.spec.ts","",""
"","11529","Typing a page number navigates to that page","msedge","Mon Sep 07 10:15:59 UTC 2026","passed","Mon Sep 07 10:16:10 UTC 2026","ACH — Smoke","specs\Smoke\7-ACHSmoke.spec.ts","",""
"","14671","Clicking a column header sorts ascending, clicking again sorts descending","msedge","Mon Sep 07 10:12:58 UTC 2026","passed","Mon Sep 07 10:13:12 UTC 2026","Issued Checks — Smoke (Continued)","specs\Smoke\4-IssuedChecksSmoke.spec.ts","",""
"","16025","Default filter auto-applies after logout and re-login","webkit","Mon Sep 07 10:22:44 UTC 2026","skipped","Mon Sep 07 10:23:00 UTC 2026","ACH — Smoke","specs\Smoke\7-ACHSmoke.spec.ts","",""
"","10397","Notification Log sub-page loads correctly","msedge","Mon Sep 07 10:09:31 UTC 2026","passed","Mon Sep 07 10:09:41 UTC 2026","Application Navigation Smoke Tests","specs\Smoke\2-NavigationSmoke.spec.ts","",""
"","22697","Excel export button is visible and enabled","firefox","Mon Sep 07 10:13:45 UTC 2026","passed","Mon Sep 07 10:14:08 UTC 2026","Presented Checks — Smoke","specs\Smoke\5-PresentedChecksSmoke.spec.ts","",""
"","14310","Search box filters grid and clears correctly","msedge","Mon Sep 07 10:14:46 UTC 2026","passed","Mon Sep 07 10:15:00 UTC 2026","Exceptions — Smoke","specs\Smoke\8-ExceptionsSmoke.spec.ts","",""
"","14357","""View"" (Change Log) link on a row navigates to the entity log","firefox","Mon Sep 07 10:17:21 UTC 2026","passed","Mon Sep 07 10:17:36 UTC 2026","Presented Checks — Smoke (Continued)","specs\Smoke\5-PresentedChecksSmoke.spec.ts","",""
"","11561","""Delete"" on a row shows a confirm modal; Cancel dismisses it without deleting","msedge","Mon Sep 07 10:17:44 UTC 2026","passed","Mon Sep 07 10:17:55 UTC 2026","ACH — Smoke","specs\Smoke\7-ACHSmoke.spec.ts","",""
"","16923","Next page arrow advances to page 2","firefox","Mon Sep 07 10:14:11 UTC 2026","passed","Mon Sep 07 10:14:28 UTC 2026","Issued Checks — Smoke","specs\Smoke\4-IssuedChecksSmoke.spec.ts","",""
"","7387","Verify Total Exceptions and Total Exception Amount labels are visible","chromium","Mon Sep 07 10:28:14 UTC 2026","passed","Mon Sep 07 10:28:22 UTC 2026","Home Dashboard","specs\Smoke\3-HomeDashboardSmoke.spec.ts","",""
"","4298","Validate forgot password functionality","chromium","Mon Sep 07 10:26:35 UTC 2026","passed","Mon Sep 07 10:26:39 UTC 2026","","specs\Smoke\1-LoginSmoke.spec.ts","",""
"","14195","Web Hooks sub-page loads correctly","firefox","Mon Sep 07 10:12:17 UTC 2026","passed","Mon Sep 07 10:12:32 UTC 2026","Application Navigation Smoke Tests","specs\Smoke\2-NavigationSmoke.spec.ts","",""
"","10352","Save a filter preset, verify it is auto-selected, then delete it","chromium","Mon Sep 07 10:35:17 UTC 2026","passed","Mon Sep 07 10:35:27 UTC 2026","Exceptions — Smoke (Continued)","specs\Smoke\8-ExceptionsSmoke.spec.ts","",""
"","14615","Roles/Permissions sub-page loads correctly","firefox","Mon Sep 07 10:08:36 UTC 2026","passed","Mon Sep 07 10:08:51 UTC 2026","Application Navigation Smoke Tests","specs\Smoke\2-NavigationSmoke.spec.ts","",""
"","7586","File Processing sub-page loads correctly","chromium","Mon Sep 07 10:28:38 UTC 2026","passed","Mon Sep 07 10:28:46 UTC 2026","Application Navigation Smoke Tests","specs\Smoke\2-NavigationSmoke.spec.ts","",""
"","17653","Clicking a column header sorts ascending, clicking again sorts descending","firefox","Mon Sep 07 10:16:25 UTC 2026","passed","Mon Sep 07 10:16:42 UTC 2026","Presented Checks — Smoke (Continued)","specs\Smoke\5-PresentedChecksSmoke.spec.ts","",""
"","6415","""Delete"" on a row shows a confirm modal; Cancel dismisses it without deleting","chromium","Mon Sep 07 10:39:02 UTC 2026","passed","Mon Sep 07 10:39:09 UTC 2026","Presented Checks — Smoke (Continued)","specs\Smoke\5-PresentedChecksSmoke.spec.ts","",""
"","14716","Teller page loads correctly","webkit","Mon Sep 07 10:06:46 UTC 2026","passed","Mon Sep 07 10:07:01 UTC 2026","Application Navigation Smoke Tests","specs\Smoke\2-NavigationSmoke.spec.ts","",""
"","7733","Verify dashboard loads after successful login","chromium","Mon Sep 07 10:27:07 UTC 2026","passed","Mon Sep 07 10:27:14 UTC 2026","Home Dashboard","specs\Smoke\3-HomeDashboardSmoke.spec.ts","",""
"","7271","Validate forgot password functionality","firefox","Mon Sep 07 10:07:37 UTC 2026","passed","Mon Sep 07 10:07:44 UTC 2026","","specs\Smoke\1-LoginSmoke.spec.ts","",""
"","14167","""View"" link on a row opens the Exception Details dialog","webkit","Mon Sep 07 10:26:18 UTC 2026","passed","Mon Sep 07 10:26:32 UTC 2026","Exceptions — Smoke (Continued)","specs\Smoke\8-ExceptionsSmoke.spec.ts","",""
"","15679","Verify Home dashboard is restored after returning from another page","webkit","Mon Sep 07 10:12:04 UTC 2026","passed","Mon Sep 07 10:12:19 UTC 2026","Home Dashboard","specs\Smoke\3-HomeDashboardSmoke.spec.ts","",""
"","12264","Typing a page number navigates to that page","msedge","Mon Sep 07 10:15:46 UTC 2026","passed","Mon Sep 07 10:15:58 UTC 2026","Exceptions — Smoke","specs\Smoke\8-ExceptionsSmoke.spec.ts","",""
"","19341","Clicking a column header sorts ascending, clicking again sorts descending","webkit","Mon Sep 07 10:23:31 UTC 2026","passed","Mon Sep 07 10:23:51 UTC 2026","ACH — Smoke","specs\Smoke\7-ACHSmoke.spec.ts","",""
"","13324","Verify Combined View shows all chart sections","firefox","Mon Sep 07 10:08:42 UTC 2026","passed","Mon Sep 07 10:08:56 UTC 2026","Home Dashboard","specs\Smoke\3-HomeDashboardSmoke.spec.ts","",""
"","11139","Default filter auto-applies after logout and re-login","firefox","Mon Sep 07 10:20:58 UTC 2026","skipped","Mon Sep 07 10:21:09 UTC 2026","Exceptions — Default Filter (Serial)","specs\Smoke\8-ExceptionsSmoke.spec.ts","",""
"","15594","Check Approval Rules sub-page loads correctly","webkit","Mon Sep 07 10:10:48 UTC 2026","passed","Mon Sep 07 10:11:03 UTC 2026","Application Navigation Smoke Tests","specs\Smoke\2-NavigationSmoke.spec.ts","",""
"","6893","Column filter menu applies a filter and Clear restores the full row set","chromium","Mon Sep 07 10:35:33 UTC 2026","passed","Mon Sep 07 10:35:40 UTC 2026","Exceptions — Smoke (Continued)","specs\Smoke\8-ExceptionsSmoke.spec.ts","",""
"","15149","Save a filter preset, verify it is auto-selected, then delete it","msedge","Mon Sep 07 10:12:43 UTC 2026","passed","Mon Sep 07 10:12:58 UTC 2026","Issued Checks — Smoke (Continued)","specs\Smoke\4-IssuedChecksSmoke.spec.ts","",""
"","13511","Roles/Permissions sub-page loads correctly","webkit","Mon Sep 07 10:08:36 UTC 2026","passed","Mon Sep 07 10:08:50 UTC 2026","Application Navigation Smoke Tests","specs\Smoke\2-NavigationSmoke.spec.ts","",""
"","7588","Verify navigation to Settings via nav menu","chromium","Mon Sep 07 10:29:30 UTC 2026","passed","Mon Sep 07 10:29:38 UTC 2026","Home Dashboard","specs\Smoke\3-HomeDashboardSmoke.spec.ts","",""
"","8609","""Uploaded Checks"" navigates to the uploads page","chromium","Mon Sep 07 10:29:22 UTC 2026","passed","Mon Sep 07 10:29:31 UTC 2026","Issued Checks — Smoke","specs\Smoke\4-IssuedChecksSmoke.spec.ts","",""
"","14096","Open Exceptions page loads with either exception cards or the empty-state message","firefox","Mon Sep 07 10:23:25 UTC 2026","passed","Mon Sep 07 10:23:39 UTC 2026","Exceptions — Smoke (Continued)","specs\Smoke\8-ExceptionsSmoke.spec.ts","",""
"","5249","Validate Login functionality with incorrectUsername","firefox","Mon Sep 07 10:06:44 UTC 2026","passed","Mon Sep 07 10:06:49 UTC 2026","","specs\Smoke\1-LoginSmoke.spec.ts","",""
"","9936","Page size change to 10 updates pagination info in bottom-right pager","chromium","Mon Sep 07 10:30:20 UTC 2026","passed","Mon Sep 07 10:30:30 UTC 2026","Presented Checks — Smoke","specs\Smoke\5-PresentedChecksSmoke.spec.ts","",""
"","20109","Previous page button returns to page 1, First page button re-enables disabled state","firefox","Mon Sep 07 10:20:38 UTC 2026","passed","Mon Sep 07 10:20:58 UTC 2026","ACH — Smoke","specs\Smoke\7-ACHSmoke.spec.ts","",""
"","11482","Saved Filters dropdown is visible and defaults to no preset","msedge","Mon Sep 07 10:12:21 UTC 2026","passed","Mon Sep 07 10:12:32 UTC 2026","Issued Checks — Smoke","specs\Smoke\4-IssuedChecksSmoke.spec.ts","",""
"","8718","Verify delayed data note and force refresh link are visible on dashboard","chromium","Mon Sep 07 10:28:29 UTC 2026","passed","Mon Sep 07 10:28:38 UTC 2026","Home Dashboard","specs\Smoke\3-HomeDashboardSmoke.spec.ts","",""
"","18195","Default filter auto-applies after logout and re-login","chromium","Mon Sep 07 10:34:59 UTC 2026","passed","Mon Sep 07 10:35:17 UTC 2026","Exceptions — Default Filter (Serial)","specs\Smoke\8-ExceptionsSmoke.spec.ts","",""
"","8480","System Log sub-page loads correctly","chromium","Mon Sep 07 10:28:30 UTC 2026","passed","Mon Sep 07 10:28:38 UTC 2026","Application Navigation Smoke Tests","specs\Smoke\2-NavigationSmoke.spec.ts","",""
"","8785","Grid loads with data rows and key column headers","chromium","Mon Sep 07 10:29:38 UTC 2026","passed","Mon Sep 07 10:29:46 UTC 2026","Presented Checks — Smoke","specs\Smoke\5-PresentedChecksSmoke.spec.ts","",""
"","7438","Teller page loads correctly","chromium","Mon Sep 07 10:25:53 UTC 2026","passed","Mon Sep 07 10:26:00 UTC 2026","Application Navigation Smoke Tests","specs\Smoke\2-NavigationSmoke.spec.ts","",""
"","8141","Verify navigation to Issued Checks via nav menu","msedge","Mon Sep 07 10:09:38 UTC 2026","passed","Mon Sep 07 10:09:47 UTC 2026","Home Dashboard","specs\Smoke\3-HomeDashboardSmoke.spec.ts","",""
"","8091","Validate Login functionality with invalidEmailFormat","webkit","Mon Sep 07 10:06:41 UTC 2026","passed","Mon Sep 07 10:06:49 UTC 2026","","specs\Smoke\1-LoginSmoke.spec.ts","",""
"","20482","Default filter auto-applies after logout and re-login","chromium","Mon Sep 07 10:30:38 UTC 2026","passed","Mon Sep 07 10:30:59 UTC 2026","Issued Checks — Default Filter (Serial)","specs\Smoke\4-IssuedChecksSmoke.spec.ts","",""
"","11128","Typing a page number navigates to that page","msedge","Mon Sep 07 10:11:55 UTC 2026","passed","Mon Sep 07 10:12:06 UTC 2026","Issued Checks — Smoke","specs\Smoke\4-IssuedChecksSmoke.spec.ts","",""
"","19787","Typing a page number navigates to that page","webkit","Mon Sep 07 10:16:01 UTC 2026","passed","Mon Sep 07 10:16:21 UTC 2026","Presented Checks — Smoke","specs\Smoke\5-PresentedChecksSmoke.spec.ts","",""
"","9815","Next page arrow advances to page 2","msedge","Mon Sep 07 10:11:43 UTC 2026","passed","Mon Sep 07 10:11:53 UTC 2026","Presented Checks — Smoke","specs\Smoke\5-PresentedChecksSmoke.spec.ts","",""
"","4947","Excel export button is visible and enabled","chromium","Mon Sep 07 10:34:21 UTC 2026","passed","Mon Sep 07 10:34:26 UTC 2026","Exceptions — Smoke","specs\Smoke\8-ExceptionsSmoke.spec.ts","",""
"","5602","Validate Login functionality with missingUsername","msedge","Mon Sep 07 10:06:41 UTC 2026","passed","Mon Sep 07 10:06:47 UTC 2026","","specs\Smoke\1-LoginSmoke.spec.ts","",""
"","8168","Automatic ACH Decision Rules sub-page loads correctly","msedge","Mon Sep 07 10:09:13 UTC 2026","passed","Mon Sep 07 10:09:22 UTC 2026","Application Navigation Smoke Tests","specs\Smoke\2-NavigationSmoke.spec.ts","",""
"","15368","Default filter auto-applies after logout and re-login","firefox","Mon Sep 07 10:15:34 UTC 2026","skipped","Mon Sep 07 10:15:49 UTC 2026","Issued Checks — Default Filter (Serial)","specs\Smoke\4-IssuedChecksSmoke.spec.ts","",""
"","7796","Save a filter preset, verify it is auto-selected, then delete it","chromium","Mon Sep 07 10:33:19 UTC 2026","passed","Mon Sep 07 10:33:27 UTC 2026","ACH — Smoke","specs\Smoke\7-ACHSmoke.spec.ts","",""
"","8805","Approvals page loads with either records or the empty-state message","webkit","Mon Sep 07 10:27:29 UTC 2026","passed","Mon Sep 07 10:27:38 UTC 2026","Exceptions — Smoke (Continued)","specs\Smoke\8-ExceptionsSmoke.spec.ts","",""
"","7836","Verify profile menu shows My Info and Logout links","msedge","Mon Sep 07 10:09:21 UTC 2026","passed","Mon Sep 07 10:09:29 UTC 2026","Home Dashboard","specs\Smoke\3-HomeDashboardSmoke.spec.ts","",""
"","15262","Page size change to 10 updates pagination info in bottom-right pager","firefox","Mon Sep 07 10:19:13 UTC 2026","passed","Mon Sep 07 10:19:28 UTC 2026","Exceptions — Smoke","specs\Smoke\8-ExceptionsSmoke.spec.ts","",""
"","10799","Saved Filters dropdown is visible and defaults to no preset","msedge","Mon Sep 07 10:12:30 UTC 2026","passed","Mon Sep 07 10:12:41 UTC 2026","Presented Checks — Smoke","specs\Smoke\5-PresentedChecksSmoke.spec.ts","",""
"","7417","Default Decision Log sub-page loads correctly","chromium","Mon Sep 07 10:28:22 UTC 2026","passed","Mon Sep 07 10:28:30 UTC 2026","Application Navigation Smoke Tests","specs\Smoke\2-NavigationSmoke.spec.ts","",""
"","19602","Typing a page number navigates to that page","webkit","Mon Sep 07 10:15:37 UTC 2026","passed","Mon Sep 07 10:15:57 UTC 2026","Issued Checks — Smoke","specs\Smoke\4-IssuedChecksSmoke.spec.ts","",""
"","16608","""View"" (Change Log) link on a row navigates to the entity log","firefox","Mon Sep 07 10:17:05 UTC 2026","passed","Mon Sep 07 10:17:22 UTC 2026","Issued Checks — Smoke (Continued)","specs\Smoke\4-IssuedChecksSmoke.spec.ts","",""
"","7103","Grid View toggle navigates to the open-exceptions grid and shows key column headers","chromium","Mon Sep 07 10:36:15 UTC 2026","passed","Mon Sep 07 10:36:22 UTC 2026","Exceptions — Smoke (Continued)","specs\Smoke\8-ExceptionsSmoke.spec.ts","",""
"","19864","""Uploaded ACH"" navigates to the uploads page","firefox","Mon Sep 07 10:18:41 UTC 2026","passed","Mon Sep 07 10:19:01 UTC 2026","ACH — Smoke","specs\Smoke\7-ACHSmoke.spec.ts","",""
"","16106","Exceptions breadcrumb link is visible on the page","firefox","Mon Sep 07 10:22:53 UTC 2026","passed","Mon Sep 07 10:23:09 UTC 2026","Exceptions — Smoke (Continued)","specs\Smoke\8-ExceptionsSmoke.spec.ts","",""
"","10539","""View"" (Change Log) link on a row navigates to the entity log","msedge","Mon Sep 07 10:17:33 UTC 2026","passed","Mon Sep 07 10:17:44 UTC 2026","ACH — Smoke","specs\Smoke\7-ACHSmoke.spec.ts","",""
"","16435","Issued Checks page loads correctly","firefox","Mon Sep 07 10:06:29 UTC 2026","passed","Mon Sep 07 10:06:45 UTC 2026","Application Navigation Smoke Tests","specs\Smoke\2-NavigationSmoke.spec.ts","",""
"","11552","Home page is accessible and shows dashboard","chromium","Mon Sep 07 10:25:27 UTC 2026","passed","Mon Sep 07 10:25:38 UTC 2026","Application Navigation Smoke Tests","specs\Smoke\2-NavigationSmoke.spec.ts","",""
"","14217","Notification Log sub-page loads correctly","firefox","Mon Sep 07 10:11:13 UTC 2026","passed","Mon Sep 07 10:11:27 UTC 2026","Application Navigation Smoke Tests","specs\Smoke\2-NavigationSmoke.spec.ts","",""
"","16615","Last page arrow jumps to the final page","firefox","Mon Sep 07 10:20:04 UTC 2026","passed","Mon Sep 07 10:20:20 UTC 2026","ACH — Smoke","specs\Smoke\7-ACHSmoke.spec.ts","",""
"","15805","Validate Login functionality with correctCredentials","webkit","Mon Sep 07 10:05:54 UTC 2026","passed","Mon Sep 07 10:06:09 UTC 2026","","specs\Smoke\1-LoginSmoke.spec.ts","",""
"","10439","Verify navigation to Exceptions via nav menu","firefox","Mon Sep 07 10:12:17 UTC 2026","passed","Mon Sep 07 10:12:27 UTC 2026","Home Dashboard","specs\Smoke\3-HomeDashboardSmoke.spec.ts","",""
"","5847","Clicking a column header sorts ascending, clicking again sorts descending","chromium","Mon Sep 07 10:33:27 UTC 2026","passed","Mon Sep 07 10:33:33 UTC 2026","ACH — Smoke","specs\Smoke\7-ACHSmoke.spec.ts","",""
"","16729","Clicking a column header sorts ascending, clicking again sorts descending","firefox","Mon Sep 07 10:21:33 UTC 2026","passed","Mon Sep 07 10:21:50 UTC 2026","Exceptions — Smoke (Continued)","specs\Smoke\8-ExceptionsSmoke.spec.ts","",""
"","11404","""Uploaded Checks"" navigates to the uploads page","msedge","Mon Sep 07 10:10:55 UTC 2026","passed","Mon Sep 07 10:11:06 UTC 2026","Presented Checks — Smoke","specs\Smoke\5-PresentedChecksSmoke.spec.ts","",""
"","16267","Page size change to 10 updates pagination info in bottom-right pager","firefox","Mon Sep 07 10:14:08 UTC 2026","passed","Mon Sep 07 10:14:24 UTC 2026","Presented Checks — Smoke","specs\Smoke\5-PresentedChecksSmoke.spec.ts","",""
"","16829","ACH breadcrumb link is visible on the page","webkit","Mon Sep 07 10:25:29 UTC 2026","passed","Mon Sep 07 10:25:46 UTC 2026","ACH — Smoke","specs\Smoke\7-ACHSmoke.spec.ts","",""
"","25043","Previous page button returns to page 1, First page button re-enables disabled state","webkit","Mon Sep 07 10:15:57 UTC 2026","passed","Mon Sep 07 10:16:22 UTC 2026","Issued Checks — Smoke","specs\Smoke\4-IssuedChecksSmoke.spec.ts","",""
"","12571","Next page arrow advances to page 2","msedge","Mon Sep 07 10:15:22 UTC 2026","passed","Mon Sep 07 10:15:34 UTC 2026","Exceptions — Smoke","specs\Smoke\8-ExceptionsSmoke.spec.ts","",""
"","19594","Clicking a column header sorts ascending, clicking again sorts descending","webkit","Mon Sep 07 10:17:26 UTC 2026","passed","Mon Sep 07 10:17:46 UTC 2026","Issued Checks — Smoke (Continued)","specs\Smoke\4-IssuedChecksSmoke.spec.ts","",""
"","10612","Notification Templates sub-page loads correctly","msedge","Mon Sep 07 10:08:44 UTC 2026","passed","Mon Sep 07 10:08:54 UTC 2026","Application Navigation Smoke Tests","specs\Smoke\2-NavigationSmoke.spec.ts","",""
"","12323","API link is visible and points to swagger","firefox","Mon Sep 07 10:12:05 UTC 2026","passed","Mon Sep 07 10:12:17 UTC 2026","Application Navigation Smoke Tests","specs\Smoke\2-NavigationSmoke.spec.ts","",""
"","26398","Column filter popup applies a filter and Clear restores the full row set","webkit","Mon Sep 07 10:20:13 UTC 2026","passed","Mon Sep 07 10:20:39 UTC 2026","Presented Checks — Smoke (Continued)","specs\Smoke\5-PresentedChecksSmoke.spec.ts","",""
"","10794","Grid loads with data rows and key column headers","msedge","Mon Sep 07 10:14:25 UTC 2026","passed","Mon Sep 07 10:14:35 UTC 2026","ACH — Smoke","specs\Smoke\7-ACHSmoke.spec.ts","",""
"","7916","Verify Check Only tab shows Check-specific chart sections","msedge","Mon Sep 07 10:08:01 UTC 2026","passed","Mon Sep 07 10:08:09 UTC 2026","Home Dashboard","specs\Smoke\3-HomeDashboardSmoke.spec.ts","",""
"","8719","Verify Check Only tab shows Check-specific chart sections","chromium","Mon Sep 07 10:27:30 UTC 2026","passed","Mon Sep 07 10:27:38 UTC 2026","Home Dashboard","specs\Smoke\3-HomeDashboardSmoke.spec.ts","",""
"","4365","Pre-Decisions page loads with either records or the empty-state message","chromium","Mon Sep 07 10:36:26 UTC 2026","passed","Mon Sep 07 10:36:31 UTC 2026","Exceptions — Smoke (Continued)","specs\Smoke\8-ExceptionsSmoke.spec.ts","",""
"","18934","Pay/Return decision badge navigates to exception history","webkit","Mon Sep 07 10:21:37 UTC 2026","passed","Mon Sep 07 10:21:56 UTC 2026","Presented Checks — Smoke (Continued)","specs\Smoke\5-PresentedChecksSmoke.spec.ts","",""
"","4723","Exceptions breadcrumb link is visible on the page","chromium","Mon Sep 07 10:35:53 UTC 2026","passed","Mon Sep 07 10:35:58 UTC 2026","Exceptions — Smoke (Continued)","specs\Smoke\8-ExceptionsSmoke.spec.ts","",""
"","6482","Validate forgot password functionality with No email","msedge","Mon Sep 07 10:07:09 UTC 2026","passed","Mon Sep 07 10:07:15 UTC 2026","","specs\Smoke\1-LoginSmoke.spec.ts","",""
"","7400","Verify dashboard loads after successful login","msedge","Mon Sep 07 10:07:38 UTC 2026","passed","Mon Sep 07 10:07:46 UTC 2026","Home Dashboard","specs\Smoke\3-HomeDashboardSmoke.spec.ts","",""
"","16615","Page size change to 10 updates pagination info in bottom-right pager","webkit","Mon Sep 07 10:14:41 UTC 2026","passed","Mon Sep 07 10:14:58 UTC 2026","Issued Checks — Smoke","specs\Smoke\4-IssuedChecksSmoke.spec.ts","",""
"","17713","Typing a page number navigates to that page","firefox","Mon Sep 07 10:20:04 UTC 2026","passed","Mon Sep 07 10:20:22 UTC 2026","Exceptions — Smoke","specs\Smoke\8-ExceptionsSmoke.spec.ts","",""
"","10287","Presented Checks page loads correctly","msedge","Mon Sep 07 10:06:17 UTC 2026","passed","Mon Sep 07 10:06:28 UTC 2026","Application Navigation Smoke Tests","specs\Smoke\2-NavigationSmoke.spec.ts","",""
"","10834","File Formats sub-page loads correctly","msedge","Mon Sep 07 10:08:33 UTC 2026","passed","Mon Sep 07 10:08:44 UTC 2026","Application Navigation Smoke Tests","specs\Smoke\2-NavigationSmoke.spec.ts","",""
"","11658","""Uploaded Checks"" navigates to the uploads page","msedge","Mon Sep 07 10:10:43 UTC 2026","passed","Mon Sep 07 10:10:55 UTC 2026","Issued Checks — Smoke","specs\Smoke\4-IssuedChecksSmoke.spec.ts","",""
"","9980","Default filter auto-applies after logout and re-login","msedge","Mon Sep 07 10:12:33 UTC 2026","skipped","Mon Sep 07 10:12:42 UTC 2026","Issued Checks — Default Filter (Serial)","specs\Smoke\4-IssuedChecksSmoke.spec.ts","",""
"","10424","Excel export button is visible and enabled","msedge","Mon Sep 07 10:15:00 UTC 2026","passed","Mon Sep 07 10:15:11 UTC 2026","Exceptions — Smoke","specs\Smoke\8-ExceptionsSmoke.spec.ts","",""
"","4191","Presented Checks breadcrumb link is visible on the page","chromium","Mon Sep 07 10:39:14 UTC 2026","passed","Mon Sep 07 10:39:18 UTC 2026","Presented Checks — Smoke (Continued)","specs\Smoke\5-PresentedChecksSmoke.spec.ts","",""
"","26925","Save a filter preset, verify it is auto-selected, then delete it","firefox","Mon Sep 07 10:15:49 UTC 2026","passed","Mon Sep 07 10:16:16 UTC 2026","Issued Checks — Smoke (Continued)","specs\Smoke\4-IssuedChecksSmoke.spec.ts","",""
"","13218","Automatic ACH Decision Rules sub-page loads correctly","webkit","Mon Sep 07 10:11:03 UTC 2026","passed","Mon Sep 07 10:11:16 UTC 2026","Application Navigation Smoke Tests","specs\Smoke\2-NavigationSmoke.spec.ts","",""
"","7607","Approvals page loads with either records or the empty-state message","msedge","Mon Sep 07 10:18:28 UTC 2026","passed","Mon Sep 07 10:18:36 UTC 2026","Exceptions — Smoke (Continued)","specs\Smoke\8-ExceptionsSmoke.spec.ts","",""
"","6574","Validate Login functionality with incorrectPassword","msedge","Mon Sep 07 10:06:11 UTC 2026","passed","Mon Sep 07 10:06:18 UTC 2026","","specs\Smoke\1-LoginSmoke.spec.ts","",""
"","8154","Validate Login functionality with xssInUsername","webkit","Mon Sep 07 10:07:29 UTC 2026","passed","Mon Sep 07 10:07:37 UTC 2026","","specs\Smoke\1-LoginSmoke.spec.ts","",""
"","15421","API link is visible and points to swagger","webkit","Mon Sep 07 10:12:35 UTC 2026","passed","Mon Sep 07 10:12:51 UTC 2026","Application Navigation Smoke Tests","specs\Smoke\2-NavigationSmoke.spec.ts","",""
"","16281","Saved Filters dropdown is visible and defaults to no preset","firefox","Mon Sep 07 10:15:18 UTC 2026","passed","Mon Sep 07 10:15:34 UTC 2026","Issued Checks — Smoke","specs\Smoke\4-IssuedChecksSmoke.spec.ts","",""
"","17424","Page size change to 10 updates pagination info in bottom-right pager","webkit","Mon Sep 07 10:20:42 UTC 2026","passed","Mon Sep 07 10:21:00 UTC 2026","ACH — Smoke","specs\Smoke\7-ACHSmoke.spec.ts","",""
"","20085","Search box filters grid and clears correctly","webkit","Mon Sep 07 10:22:32 UTC 2026","passed","Mon Sep 07 10:22:52 UTC 2026","Exceptions — Smoke","specs\Smoke\8-ExceptionsSmoke.spec.ts","",""
"","10705","Verify navigation to Issued Checks via nav menu","firefox","Mon Sep 07 10:11:36 UTC 2026","passed","Mon Sep 07 10:11:47 UTC 2026","Home Dashboard","specs\Smoke\3-HomeDashboardSmoke.spec.ts","",""
"","15797","Notification Templates sub-page loads correctly","firefox","Mon Sep 07 10:10:00 UTC 2026","passed","Mon Sep 07 10:10:16 UTC 2026","Application Navigation Smoke Tests","specs\Smoke\2-NavigationSmoke.spec.ts","",""
"","15532","Next page arrow advances to page 2","firefox","Mon Sep 07 10:19:48 UTC 2026","passed","Mon Sep 07 10:20:04 UTC 2026","ACH — Smoke","specs\Smoke\7-ACHSmoke.spec.ts","",""
"","4940","Validate forgot password functionality with No email","chromium","Mon Sep 07 10:26:39 UTC 2026","passed","Mon Sep 07 10:26:44 UTC 2026","","specs\Smoke\1-LoginSmoke.spec.ts","",""
"","11877","""View"" (Change Log) link on a row navigates to the entity log","msedge","Mon Sep 07 10:13:48 UTC 2026","passed","Mon Sep 07 10:13:59 UTC 2026","Presented Checks — Smoke (Continued)","specs\Smoke\5-PresentedChecksSmoke.spec.ts","",""
"","5775","Validate Login functionality with sqlInjection","chromium","Mon Sep 07 10:26:19 UTC 2026","passed","Mon Sep 07 10:26:25 UTC 2026","","specs\Smoke\1-LoginSmoke.spec.ts","",""
"","9679","Verify dashboard footer footnote and privacy link are visible","firefox","Mon Sep 07 10:10:54 UTC 2026","passed","Mon Sep 07 10:11:04 UTC 2026","Home Dashboard","specs\Smoke\3-HomeDashboardSmoke.spec.ts","",""
"","13197","""+ Add ACH"" navigates to the add-ACH form","webkit","Mon Sep 07 10:19:34 UTC 2026","passed","Mon Sep 07 10:19:47 UTC 2026","ACH — Smoke","specs\Smoke\7-ACHSmoke.spec.ts","",""
"","9073","Check Approval Rules sub-page loads correctly","msedge","Mon Sep 07 10:09:04 UTC 2026","passed","Mon Sep 07 10:09:13 UTC 2026","Application Navigation Smoke Tests","specs\Smoke\2-NavigationSmoke.spec.ts","",""
"","10048","Validate session persists after page refresh","chromium","Mon Sep 07 10:26:49 UTC 2026","passed","Mon Sep 07 10:26:59 UTC 2026","","specs\Smoke\1-LoginSmoke.spec.ts","",""
"","10388","Verify dashboard tab checked state updates correctly","msedge","Mon Sep 07 10:08:19 UTC 2026","passed","Mon Sep 07 10:08:30 UTC 2026","Home Dashboard","specs\Smoke\3-HomeDashboardSmoke.spec.ts","",""
"","6504","Presented Checks page loads correctly","chromium","Mon Sep 07 10:25:47 UTC 2026","passed","Mon Sep 07 10:25:53 UTC 2026","Application Navigation Smoke Tests","specs\Smoke\2-NavigationSmoke.spec.ts","",""
"","19538","Grid loads with data rows and key column headers","firefox","Mon Sep 07 10:12:39 UTC 2026","passed","Mon Sep 07 10:12:58 UTC 2026","Presented Checks — Smoke","specs\Smoke\5-PresentedChecksSmoke.spec.ts","",""
"","18999","Home page is accessible and shows dashboard","webkit","Mon Sep 07 10:05:54 UTC 2026","passed","Mon Sep 07 10:06:13 UTC 2026","Application Navigation Smoke Tests","specs\Smoke\2-NavigationSmoke.spec.ts","",""
"","11712","Last page arrow jumps to the final page","chromium","Mon Sep 07 10:30:38 UTC 2026","passed","Mon Sep 07 10:30:50 UTC 2026","Presented Checks — Smoke","specs\Smoke\5-PresentedChecksSmoke.spec.ts","",""
"","8729","Default Decision Log sub-page loads correctly","msedge","Mon Sep 07 10:09:41 UTC 2026","passed","Mon Sep 07 10:09:50 UTC 2026","Application Navigation Smoke Tests","specs\Smoke\2-NavigationSmoke.spec.ts","",""
"","19590","Previous page button returns to page 1, First page button re-enables disabled state","firefox","Mon Sep 07 10:15:14 UTC 2026","passed","Mon Sep 07 10:15:34 UTC 2026","Presented Checks — Smoke","specs\Smoke\5-PresentedChecksSmoke.spec.ts","",""
"","11910","Saved Filters dropdown is visible and defaults to no preset","msedge","Mon Sep 07 10:16:14 UTC 2026","passed","Mon Sep 07 10:16:25 UTC 2026","Exceptions — Smoke","specs\Smoke\8-ExceptionsSmoke.spec.ts","",""
"","10038","Previous page button returns to page 1, First page button re-enables disabled state","chromium","Mon Sep 07 10:30:20 UTC 2026","passed","Mon Sep 07 10:30:30 UTC 2026","Issued Checks — Smoke","specs\Smoke\4-IssuedChecksSmoke.spec.ts","",""
"","12042","Verify delayed data note and force refresh link are visible on dashboard","firefox","Mon Sep 07 10:10:42 UTC 2026","passed","Mon Sep 07 10:10:54 UTC 2026","Home Dashboard","specs\Smoke\3-HomeDashboardSmoke.spec.ts","",""
"","20374","Verify Home dashboard is restored after returning from another page","firefox","Mon Sep 07 10:11:16 UTC 2026","passed","Mon Sep 07 10:11:36 UTC 2026","Home Dashboard","specs\Smoke\3-HomeDashboardSmoke.spec.ts","",""
"","5298","Last page arrow jumps to the final page","chromium","Mon Sep 07 10:32:39 UTC 2026","passed","Mon Sep 07 10:32:44 UTC 2026","ACH — Smoke","specs\Smoke\7-ACHSmoke.spec.ts","",""
"","16391","ACH page loads correctly","webkit","Mon Sep 07 10:07:01 UTC 2026","passed","Mon Sep 07 10:07:17 UTC 2026","Application Navigation Smoke Tests","specs\Smoke\2-NavigationSmoke.spec.ts","",""
"","5198","Validate forgot password with unregistered email","msedge","Mon Sep 07 10:07:15 UTC 2026","passed","Mon Sep 07 10:07:21 UTC 2026","","specs\Smoke\1-LoginSmoke.spec.ts","",""
"","10062","Web Hooks sub-page loads correctly","msedge","Mon Sep 07 10:10:22 UTC 2026","passed","Mon Sep 07 10:10:32 UTC 2026","Application Navigation Smoke Tests","specs\Smoke\2-NavigationSmoke.spec.ts","",""
"","18047","Page size change to 10 updates pagination info in bottom-right pager","webkit","Mon Sep 07 10:15:06 UTC 2026","passed","Mon Sep 07 10:15:24 UTC 2026","Presented Checks — Smoke","specs\Smoke\5-PresentedChecksSmoke.spec.ts","",""
"","4821","""Edit"" link on a row navigates to the check edit form","chromium","Mon Sep 07 10:38:52 UTC 2026","passed","Mon Sep 07 10:38:57 UTC 2026","Presented Checks — Smoke (Continued)","specs\Smoke\5-PresentedChecksSmoke.spec.ts","",""
"","4039","Validate unauthenticated access to protected route is redirected to login","firefox","Mon Sep 07 10:08:16 UTC 2026","passed","Mon Sep 07 10:08:20 UTC 2026","","specs\Smoke\1-LoginSmoke.spec.ts","",""
"","5573","Clicking a column header sorts ascending, clicking again sorts descending","chromium","Mon Sep 07 10:36:45 UTC 2026","passed","Mon Sep 07 10:36:51 UTC 2026","Presented Checks — Smoke (Continued)","specs\Smoke\5-PresentedChecksSmoke.spec.ts","",""
"","7465","Verify summary KPI values have expected number formats","chromium","Mon Sep 07 10:28:22 UTC 2026","passed","Mon Sep 07 10:28:29 UTC 2026","Home Dashboard","specs\Smoke\3-HomeDashboardSmoke.spec.ts","",""
"","4621","Pay/Return decision badge navigates to exception history","chromium","Mon Sep 07 10:39:09 UTC 2026","passed","Mon Sep 07 10:39:14 UTC 2026","Presented Checks — Smoke (Continued)","specs\Smoke\5-PresentedChecksSmoke.spec.ts","",""
"","5164","""+ Add ACH"" navigates to the add-ACH form","chromium","Mon Sep 07 10:32:03 UTC 2026","passed","Mon Sep 07 10:32:08 UTC 2026","ACH — Smoke","specs\Smoke\7-ACHSmoke.spec.ts","",""
"","14831","Default filter auto-applies after logout and re-login","firefox","Mon Sep 07 10:21:14 UTC 2026","skipped","Mon Sep 07 10:21:29 UTC 2026","ACH — Smoke","specs\Smoke\7-ACHSmoke.spec.ts","",""
"","3644","Validate Login functionality with invalidEmailFormat","chromium","Mon Sep 07 10:25:57 UTC 2026","passed","Mon Sep 07 10:26:01 UTC 2026","","specs\Smoke\1-LoginSmoke.spec.ts","",""
"","13431","Verify ACH Only tab shows ACH-specific chart sections","firefox","Mon Sep 07 10:09:17 UTC 2026","passed","Mon Sep 07 10:09:30 UTC 2026","Home Dashboard","specs\Smoke\3-HomeDashboardSmoke.spec.ts","",""
"","12889","Verify summary KPI values have expected number formats","firefox","Mon Sep 07 10:10:29 UTC 2026","passed","Mon Sep 07 10:10:42 UTC 2026","Home Dashboard","specs\Smoke\3-HomeDashboardSmoke.spec.ts","",""
"","10020","Navigation tabs to Pre-Decisions, Approvals, and Exception History are visible","webkit","Mon Sep 07 10:26:57 UTC 2026","passed","Mon Sep 07 10:27:07 UTC 2026","Exceptions — Smoke (Continued)","specs\Smoke\8-ExceptionsSmoke.spec.ts","",""
"","5607","Validate Login functionality with missingPassword","msedge","Mon Sep 07 10:06:36 UTC 2026","passed","Mon Sep 07 10:06:41 UTC 2026","","specs\Smoke\1-LoginSmoke.spec.ts","",""
"","5166","""View"" (Change Log) link on a row navigates to the entity log","chromium","Mon Sep 07 10:33:41 UTC 2026","passed","Mon Sep 07 10:33:46 UTC 2026","ACH — Smoke","specs\Smoke\7-ACHSmoke.spec.ts","",""
"","9578","Open Exceptions page loads with either exception cards or the empty-state message","chromium","Mon Sep 07 10:36:06 UTC 2026","passed","Mon Sep 07 10:36:15 UTC 2026","Exceptions — Smoke (Continued)","specs\Smoke\8-ExceptionsSmoke.spec.ts","",""
"","15255","Holiday Schedules sub-page loads correctly","webkit","Mon Sep 07 10:09:42 UTC 2026","passed","Mon Sep 07 10:09:57 UTC 2026","Application Navigation Smoke Tests","specs\Smoke\2-NavigationSmoke.spec.ts","",""
"","13304","Save a filter preset, verify it is auto-selected, then delete it","chromium","Mon Sep 07 10:30:59 UTC 2026","passed","Mon Sep 07 10:31:12 UTC 2026","Issued Checks — Smoke (Continued)","specs\Smoke\4-IssuedChecksSmoke.spec.ts","",""
"","19668","Next page arrow advances to page 2","webkit","Mon Sep 07 10:21:00 UTC 2026","passed","Mon Sep 07 10:21:19 UTC 2026","ACH — Smoke","specs\Smoke\7-ACHSmoke.spec.ts","",""
"","11492","""Delete"" on a row shows a confirm modal; Cancel dismisses it without deleting","msedge","Mon Sep 07 10:13:52 UTC 2026","passed","Mon Sep 07 10:14:03 UTC 2026","Issued Checks — Smoke (Continued)","specs\Smoke\4-IssuedChecksSmoke.spec.ts","",""
"","12979","Automatic Check Decision Rules sub-page loads correctly","firefox","Mon Sep 07 10:10:16 UTC 2026","passed","Mon Sep 07 10:10:29 UTC 2026","Application Navigation Smoke Tests","specs\Smoke\2-NavigationSmoke.spec.ts","",""
"","12741","""+ Add Check"" navigates to the add-check form","firefox","Mon Sep 07 10:12:49 UTC 2026","passed","Mon Sep 07 10:13:02 UTC 2026","Issued Checks — Smoke","specs\Smoke\4-IssuedChecksSmoke.spec.ts","",""
"","9134","Validate Login functionality with incorrectPassword","webkit","Mon Sep 07 10:06:23 UTC 2026","passed","Mon Sep 07 10:06:32 UTC 2026","","specs\Smoke\1-LoginSmoke.spec.ts","",""
"","11602","Page size change to 10 updates pagination info in bottom-right pager","msedge","Mon Sep 07 10:11:19 UTC 2026","passed","Mon Sep 07 10:11:31 UTC 2026","Issued Checks — Smoke","specs\Smoke\4-IssuedChecksSmoke.spec.ts","",""
"","14367","Decision badge on an already-reviewed row is blocked with a system message","webkit","Mon Sep 07 10:26:32 UTC 2026","passed","Mon Sep 07 10:26:46 UTC 2026","Exceptions — Smoke (Continued)","specs\Smoke\8-ExceptionsSmoke.spec.ts","",""
"","13830","Excel export button is visible and enabled","firefox","Mon Sep 07 10:13:42 UTC 2026","passed","Mon Sep 07 10:13:55 UTC 2026","Issued Checks — Smoke","specs\Smoke\4-IssuedChecksSmoke.spec.ts","",""
"","7797","Issued Checks page loads correctly","chromium","Mon Sep 07 10:25:39 UTC 2026","passed","Mon Sep 07 10:25:47 UTC 2026","Application Navigation Smoke Tests","specs\Smoke\2-NavigationSmoke.spec.ts","",""
"","9671","""Uploaded ACH"" navigates to the uploads page","chromium","Mon Sep 07 10:32:08 UTC 2026","passed","Mon Sep 07 10:32:18 UTC 2026","ACH — Smoke","specs\Smoke\7-ACHSmoke.spec.ts","",""
"","14345","ACH breadcrumb link is visible on the page","firefox","Mon Sep 07 10:23:28 UTC 2026","passed","Mon Sep 07 10:23:43 UTC 2026","ACH — Smoke","specs\Smoke\7-ACHSmoke.spec.ts","",""
"","14461","Validate teller presented-check form shows all required fields","firefox","Mon Sep 07 10:17:54 UTC 2026","passed","Mon Sep 07 10:18:08 UTC 2026","Teller - Smoke","specs\Smoke\6-TellerSmoke.spec.ts","",""
"","6505","Validate Login functionality with emptyFields","msedge","Mon Sep 07 10:06:29 UTC 2026","passed","Mon Sep 07 10:06:36 UTC 2026","","specs\Smoke\1-LoginSmoke.spec.ts","",""
"","7300","Verify profile menu shows My Info and Logout links","chromium","Mon Sep 07 10:28:46 UTC 2026","passed","Mon Sep 07 10:28:53 UTC 2026","Home Dashboard","specs\Smoke\3-HomeDashboardSmoke.spec.ts","",""
"","16321","Decision Files sub-page loads correctly","webkit","Mon Sep 07 10:09:25 UTC 2026","passed","Mon Sep 07 10:09:42 UTC 2026","Application Navigation Smoke Tests","specs\Smoke\2-NavigationSmoke.spec.ts","",""
"","8595","File Formats sub-page loads correctly","chromium","Mon Sep 07 10:27:23 UTC 2026","passed","Mon Sep 07 10:27:31 UTC 2026","Application Navigation Smoke Tests","specs\Smoke\2-NavigationSmoke.spec.ts","",""
"","15942","Verify navigation to ACH via nav menu","webkit","Mon Sep 07 10:12:50 UTC 2026","passed","Mon Sep 07 10:13:06 UTC 2026","Home Dashboard","specs\Smoke\3-HomeDashboardSmoke.spec.ts","",""
"","19372","""View"" (Change Log) link on a row navigates to the entity log","webkit","Mon Sep 07 10:24:16 UTC 2026","passed","Mon Sep 07 10:24:35 UTC 2026","ACH — Smoke","specs\Smoke\7-ACHSmoke.spec.ts","",""
"","18408","""View"" (Change Log) link on a row navigates to the entity log","firefox","Mon Sep 07 10:22:30 UTC 2026","passed","Mon Sep 07 10:22:48 UTC 2026","ACH — Smoke","specs\Smoke\7-ACHSmoke.spec.ts","",""
"","5111","Validate Login functionality with incorrectUsername","msedge","Mon Sep 07 10:06:18 UTC 2026","passed","Mon Sep 07 10:06:23 UTC 2026","","specs\Smoke\1-LoginSmoke.spec.ts","",""
"","11384","Pay/Return decision badge navigates to exception history","msedge","Mon Sep 07 10:14:12 UTC 2026","passed","Mon Sep 07 10:14:23 UTC 2026","Presented Checks — Smoke (Continued)","specs\Smoke\5-PresentedChecksSmoke.spec.ts","",""
"","15056","Previous page button returns to page 1, First page button re-enables disabled state","msedge","Mon Sep 07 10:15:58 UTC 2026","passed","Mon Sep 07 10:16:14 UTC 2026","Exceptions — Smoke","specs\Smoke\8-ExceptionsSmoke.spec.ts","",""
"","7671","Exceptions page loads correctly","chromium","Mon Sep 07 10:26:07 UTC 2026","passed","Mon Sep 07 10:26:14 UTC 2026","Application Navigation Smoke Tests","specs\Smoke\2-NavigationSmoke.spec.ts","",""
"","8844","Users sub-page loads correctly","msedge","Mon Sep 07 10:07:27 UTC 2026","passed","Mon Sep 07 10:07:36 UTC 2026","Application Navigation Smoke Tests","specs\Smoke\2-NavigationSmoke.spec.ts","",""
"","10462","Excel export button is visible and enabled","msedge","Mon Sep 07 10:11:09 UTC 2026","passed","Mon Sep 07 10:11:19 UTC 2026","Issued Checks — Smoke","specs\Smoke\4-IssuedChecksSmoke.spec.ts","",""
"","18638","Search box filters grid and clears correctly","firefox","Mon Sep 07 10:13:23 UTC 2026","passed","Mon Sep 07 10:13:42 UTC 2026","Issued Checks — Smoke","specs\Smoke\4-IssuedChecksSmoke.spec.ts","",""
"","9056","ACH Approval Rules sub-page loads correctly","msedge","Mon Sep 07 10:09:22 UTC 2026","passed","Mon Sep 07 10:09:31 UTC 2026","Application Navigation Smoke Tests","specs\Smoke\2-NavigationSmoke.spec.ts","",""
"","11965","Last page arrow jumps to the final page","msedge","Mon Sep 07 10:15:34 UTC 2026","passed","Mon Sep 07 10:15:46 UTC 2026","Exceptions — Smoke","specs\Smoke\8-ExceptionsSmoke.spec.ts","",""
"","3981","Approvals page loads with either records or the empty-state message","chromium","Mon Sep 07 10:36:22 UTC 2026","passed","Mon Sep 07 10:36:26 UTC 2026","Exceptions — Smoke (Continued)","specs\Smoke\8-ExceptionsSmoke.spec.ts","",""
"","12734","Presented Checks page loads correctly","firefox","Mon Sep 07 10:06:45 UTC 2026","passed","Mon Sep 07 10:06:58 UTC 2026","Application Navigation Smoke Tests","specs\Smoke\2-NavigationSmoke.spec.ts","",""
"","7103","Validate Login functionality with caseSensitiveEmail","chromium","Mon Sep 07 10:25:39 UTC 2026","passed","Mon Sep 07 10:25:46 UTC 2026","","specs\Smoke\1-LoginSmoke.spec.ts","",""
"","17899","Typing a page number navigates to that page","firefox","Mon Sep 07 10:14:42 UTC 2026","passed","Mon Sep 07 10:15:00 UTC 2026","Issued Checks — Smoke","specs\Smoke\4-IssuedChecksSmoke.spec.ts","",""
"","8080","Verify dashboard footer footnote and privacy link are visible","chromium","Mon Sep 07 10:28:38 UTC 2026","passed","Mon Sep 07 10:28:46 UTC 2026","Home Dashboard","specs\Smoke\3-HomeDashboardSmoke.spec.ts","",""
"","7789","Typing a page number navigates to that page","chromium","Mon Sep 07 10:30:12 UTC 2026","passed","Mon Sep 07 10:30:20 UTC 2026","Issued Checks — Smoke","specs\Smoke\4-IssuedChecksSmoke.spec.ts","",""
"","13655","Issued Checks breadcrumb link is visible on the page","webkit","Mon Sep 07 10:18:48 UTC 2026","passed","Mon Sep 07 10:19:02 UTC 2026","Issued Checks — Smoke (Continued)","specs\Smoke\4-IssuedChecksSmoke.spec.ts","",""
"","12122","Verify profile menu shows My Info and Logout links","firefox","Mon Sep 07 10:11:04 UTC 2026","passed","Mon Sep 07 10:11:16 UTC 2026","Home Dashboard","specs\Smoke\3-HomeDashboardSmoke.spec.ts","",""
"","17490","Typing a page number navigates to that page","firefox","Mon Sep 07 10:20:20 UTC 2026","passed","Mon Sep 07 10:20:38 UTC 2026","ACH — Smoke","specs\Smoke\7-ACHSmoke.spec.ts","",""
"","10261","Roles/Permissions sub-page loads correctly","msedge","Mon Sep 07 10:07:36 UTC 2026","passed","Mon Sep 07 10:07:46 UTC 2026","Application Navigation Smoke Tests","specs\Smoke\2-NavigationSmoke.spec.ts","",""
"","22327","Column filter popup applies a filter and Clear restores the full row set","firefox","Mon Sep 07 10:16:42 UTC 2026","passed","Mon Sep 07 10:17:05 UTC 2026","Presented Checks — Smoke (Continued)","specs\Smoke\5-PresentedChecksSmoke.spec.ts","",""
"","16774","""Uploaded ACH"" navigates to the uploads page","webkit","Mon Sep 07 10:19:47 UTC 2026","passed","Mon Sep 07 10:20:04 UTC 2026","ACH — Smoke","specs\Smoke\7-ACHSmoke.spec.ts","",""
"","17090","Grid loads with data rows and key column headers","firefox","Mon Sep 07 10:12:32 UTC 2026","passed","Mon Sep 07 10:12:49 UTC 2026","Issued Checks — Smoke","specs\Smoke\4-IssuedChecksSmoke.spec.ts","",""
"","10376","Validate teller presented-check form shows all required fields","msedge","Mon Sep 07 10:14:14 UTC 2026","passed","Mon Sep 07 10:14:25 UTC 2026","Teller - Smoke","specs\Smoke\6-TellerSmoke.spec.ts","",""
"","6082","Validate Login functionality with missingUsername","chromium","Mon Sep 07 10:26:13 UTC 2026","passed","Mon Sep 07 10:26:19 UTC 2026","","specs\Smoke\1-LoginSmoke.spec.ts","",""
"","4770","Page size change to 10 updates pagination info in bottom-right pager","chromium","Mon Sep 07 10:32:29 UTC 2026","passed","Mon Sep 07 10:32:34 UTC 2026","ACH — Smoke","specs\Smoke\7-ACHSmoke.spec.ts","",""
"","13130","Verify Total Exceptions and Total Exception Amount labels are visible","webkit","Mon Sep 07 10:10:48 UTC 2026","passed","Mon Sep 07 10:11:01 UTC 2026","Home Dashboard","specs\Smoke\3-HomeDashboardSmoke.spec.ts","",""
"","8804","Web Hooks sub-page loads correctly","chromium","Mon Sep 07 10:28:54 UTC 2026","passed","Mon Sep 07 10:29:03 UTC 2026","Application Navigation Smoke Tests","specs\Smoke\2-NavigationSmoke.spec.ts","",""
"","10127","System Log sub-page loads correctly","msedge","Mon Sep 07 10:09:50 UTC 2026","passed","Mon Sep 07 10:10:00 UTC 2026","Application Navigation Smoke Tests","specs\Smoke\2-NavigationSmoke.spec.ts","",""
"","7572","Validate Login functionality with veryLongInput","firefox","Mon Sep 07 10:07:29 UTC 2026","passed","Mon Sep 07 10:07:37 UTC 2026","","specs\Smoke\1-LoginSmoke.spec.ts","",""
"","12001","File Processing sub-page loads correctly","firefox","Mon Sep 07 10:11:53 UTC 2026","passed","Mon Sep 07 10:12:05 UTC 2026","Application Navigation Smoke Tests","specs\Smoke\2-NavigationSmoke.spec.ts","",""
"","6996","Validate unauthenticated access to protected route is redirected to login","chromium","Mon Sep 07 10:26:59 UTC 2026","passed","Mon Sep 07 10:27:06 UTC 2026","","specs\Smoke\1-LoginSmoke.spec.ts","",""
"","7014","Decision Files sub-page loads correctly","chromium","Mon Sep 07 10:27:08 UTC 2026","passed","Mon Sep 07 10:27:15 UTC 2026","Application Navigation Smoke Tests","specs\Smoke\2-NavigationSmoke.spec.ts","",""
"","16233","Web Hooks sub-page loads correctly","webkit","Mon Sep 07 10:12:51 UTC 2026","passed","Mon Sep 07 10:13:07 UTC 2026","Application Navigation Smoke Tests","specs\Smoke\2-NavigationSmoke.spec.ts","",""
"","8263","API link is visible and points to swagger","chromium","Mon Sep 07 10:28:46 UTC 2026","passed","Mon Sep 07 10:28:54 UTC 2026","Application Navigation Smoke Tests","specs\Smoke\2-NavigationSmoke.spec.ts","",""
"","13824","Clicking a column header sorts ascending, clicking again sorts descending","firefox","Mon Sep 07 10:16:16 UTC 2026","passed","Mon Sep 07 10:16:30 UTC 2026","Issued Checks — Smoke (Continued)","specs\Smoke\4-IssuedChecksSmoke.spec.ts","",""
"","9410","Validate forgot password functionality with No email","webkit","Mon Sep 07 10:07:57 UTC 2026","passed","Mon Sep 07 10:08:07 UTC 2026","","specs\Smoke\1-LoginSmoke.spec.ts","",""
