"DESCRIPTION","DURATION IN MS","NAME","PARENT SUITE","START TIME","STATUS","STOP TIME","SUB SUITE","SUITE","TEST CLASS","TEST METHOD"
"","27830","Automatic ACH Decision Rules sub-page loads correctly","firefox","Mon Sep 21 10:15:54 UTC 2026","passed","Mon Sep 21 10:16:22 UTC 2026","Application Navigation Smoke Tests","specs\Smoke\2-NavigationSmoke.spec.ts","",""
"","17503","Check Approval Rules sub-page loads correctly","firefox","Mon Sep 21 10:15:36 UTC 2026","passed","Mon Sep 21 10:15:54 UTC 2026","Application Navigation Smoke Tests","specs\Smoke\2-NavigationSmoke.spec.ts","",""
"","11484","Grid loads with data rows and key column headers","msedge","Mon Sep 21 10:17:06 UTC 2026","passed","Mon Sep 21 10:17:18 UTC 2026","Presented Checks — Smoke","specs\Smoke\5-PresentedChecksSmoke.spec.ts","",""
"","21576","ACH Approval Rules sub-page loads correctly","firefox","Mon Sep 21 10:16:22 UTC 2026","passed","Mon Sep 21 10:16:43 UTC 2026","Application Navigation Smoke Tests","specs\Smoke\2-NavigationSmoke.spec.ts","",""
"","11890","Exception History grid loads with data rows and key column headers","msedge","Mon Sep 21 10:21:43 UTC 2026","passed","Mon Sep 21 10:21:55 UTC 2026","Exceptions — Smoke","specs\Smoke\8-ExceptionsSmoke.spec.ts","",""
"","16365","Saved Filters dropdown is visible and defaults to no preset","webkit","Mon Sep 21 10:40:20 UTC 2026","passed","Mon Sep 21 10:40:37 UTC 2026","Issued Checks — Smoke","specs\Smoke\4-IssuedChecksSmoke.spec.ts","",""
"","12692","Column filter popup applies a filter and Clear restores the full row set","chromium","Mon Sep 21 10:22:24 UTC 2026","passed","Mon Sep 21 10:22:37 UTC 2026","ACH — Smoke","specs\Smoke\7-ACHSmoke.spec.ts","",""
"","11352","Page size change to 10 updates pagination info in bottom-right pager","msedge","Mon Sep 21 10:18:39 UTC 2026","passed","Mon Sep 21 10:18:51 UTC 2026","Presented Checks — Smoke","specs\Smoke\5-PresentedChecksSmoke.spec.ts","",""
"","12365","Verify tab-specific charts are hidden for opposite tab","msedge","Mon Sep 21 10:14:31 UTC 2026","passed","Mon Sep 21 10:14:44 UTC 2026","Home Dashboard","specs\Smoke\3-HomeDashboardSmoke.spec.ts","",""
"","6640","Validate Login functionality with missingUsername","chromium","Mon Sep 21 10:12:40 UTC 2026","passed","Mon Sep 21 10:12:46 UTC 2026","","specs\Smoke\1-LoginSmoke.spec.ts","",""
"","12425","Validate Login functionality with correctCredentials","msedge","Mon Sep 21 10:11:39 UTC 2026","passed","Mon Sep 21 10:11:51 UTC 2026","","specs\Smoke\1-LoginSmoke.spec.ts","",""
"","8344","Verify tab-specific charts are hidden for opposite tab","chromium","Mon Sep 21 10:14:37 UTC 2026","passed","Mon Sep 21 10:14:46 UTC 2026","Home Dashboard","specs\Smoke\3-HomeDashboardSmoke.spec.ts","",""
"","9855","Excel export button is visible and enabled","chromium","Mon Sep 21 10:17:01 UTC 2026","passed","Mon Sep 21 10:17:11 UTC 2026","Presented Checks — Smoke","specs\Smoke\5-PresentedChecksSmoke.spec.ts","",""
"","14032","Default filter auto-applies after logout and re-login","firefox","Mon Sep 21 10:26:14 UTC 2026","skipped","Mon Sep 21 10:26:28 UTC 2026","ACH — Smoke","specs\Smoke\7-ACHSmoke.spec.ts","",""
"","10476","Business Clients sub-page loads correctly","msedge","Mon Sep 21 10:13:06 UTC 2026","passed","Mon Sep 21 10:13:17 UTC 2026","Application Navigation Smoke Tests","specs\Smoke\2-NavigationSmoke.spec.ts","",""
"","9773","ACH breadcrumb link is visible on the page","msedge","Mon Sep 21 10:25:24 UTC 2026","passed","Mon Sep 21 10:25:33 UTC 2026","ACH — Smoke","specs\Smoke\7-ACHSmoke.spec.ts","",""
"","10248","Last page arrow jumps to the final page","chromium","Mon Sep 21 10:20:29 UTC 2026","passed","Mon Sep 21 10:20:40 UTC 2026","Exceptions — Smoke","specs\Smoke\8-ExceptionsSmoke.spec.ts","",""
"","10079","Verify navigation to Settings via nav menu","firefox","Mon Sep 21 10:17:46 UTC 2026","passed","Mon Sep 21 10:17:56 UTC 2026","Home Dashboard","specs\Smoke\3-HomeDashboardSmoke.spec.ts","",""
"","11905","Verify Total Exceptions and Total Exception Amount labels are visible","firefox","Mon Sep 21 10:15:14 UTC 2026","passed","Mon Sep 21 10:15:26 UTC 2026","Home Dashboard","specs\Smoke\3-HomeDashboardSmoke.spec.ts","",""
"","5041","Validate Login functionality with veryLongInput","chromium","Mon Sep 21 10:12:59 UTC 2026","passed","Mon Sep 21 10:13:04 UTC 2026","","specs\Smoke\1-LoginSmoke.spec.ts","",""
"","9748","Verify dashboard tab checked state updates correctly","msedge","Mon Sep 21 10:14:12 UTC 2026","passed","Mon Sep 21 10:14:22 UTC 2026","Home Dashboard","specs\Smoke\3-HomeDashboardSmoke.spec.ts","",""
"","27108","Verify Home dashboard is restored after returning from another page","firefox","Mon Sep 21 10:16:26 UTC 2026","passed","Mon Sep 21 10:16:53 UTC 2026","Home Dashboard","specs\Smoke\3-HomeDashboardSmoke.spec.ts","",""
"","10203","Clicking a column header sorts ascending, clicking again sorts descending","chromium","Mon Sep 21 10:21:48 UTC 2026","passed","Mon Sep 21 10:21:58 UTC 2026","Exceptions — Smoke (Continued)","specs\Smoke\8-ExceptionsSmoke.spec.ts","",""
"","8743","""View"" (Change Log) link on a row navigates to the entity log","chromium","Mon Sep 21 10:22:37 UTC 2026","passed","Mon Sep 21 10:22:45 UTC 2026","ACH — Smoke","specs\Smoke\7-ACHSmoke.spec.ts","",""
"","9256","Typing a page number navigates to that page","chromium","Mon Sep 21 10:17:38 UTC 2026","passed","Mon Sep 21 10:17:47 UTC 2026","Presented Checks — Smoke","specs\Smoke\5-PresentedChecksSmoke.spec.ts","",""
"","7843","""Uploaded ACH"" navigates to the uploads page","chromium","Mon Sep 21 10:20:03 UTC 2026","passed","Mon Sep 21 10:20:11 UTC 2026","ACH — Smoke","specs\Smoke\7-ACHSmoke.spec.ts","",""
"","9220","Saved Filters dropdown is visible and defaults to no preset","chromium","Mon Sep 21 10:17:48 UTC 2026","passed","Mon Sep 21 10:17:57 UTC 2026","Issued Checks — Smoke","specs\Smoke\4-IssuedChecksSmoke.spec.ts","",""
"","30904","Save a filter preset, verify it is auto-selected, then delete it","webkit","Mon Sep 21 10:41:30 UTC 2026","passed","Mon Sep 21 10:42:01 UTC 2026","Presented Checks — Smoke (Continued)","specs\Smoke\5-PresentedChecksSmoke.spec.ts","",""
"","11859","Clicking a column header sorts ascending, clicking again sorts descending","msedge","Mon Sep 21 10:20:19 UTC 2026","passed","Mon Sep 21 10:20:31 UTC 2026","Presented Checks — Smoke (Continued)","specs\Smoke\5-PresentedChecksSmoke.spec.ts","",""
"","19157","Clicking a column header sorts ascending, clicking again sorts descending","webkit","Mon Sep 21 10:41:23 UTC 2026","passed","Mon Sep 21 10:41:42 UTC 2026","Issued Checks — Smoke (Continued)","specs\Smoke\4-IssuedChecksSmoke.spec.ts","",""
"","10607","Search box filters grid and clears correctly","chromium","Mon Sep 21 10:16:41 UTC 2026","passed","Mon Sep 21 10:16:51 UTC 2026","Issued Checks — Smoke","specs\Smoke\4-IssuedChecksSmoke.spec.ts","",""
"","31275","Check Approval Rules sub-page loads correctly","webkit","Mon Sep 21 10:34:10 UTC 2026","passed","Mon Sep 21 10:34:41 UTC 2026","Application Navigation Smoke Tests","specs\Smoke\2-NavigationSmoke.spec.ts","",""
"","18929","Excel export button is visible and enabled","webkit","Mon Sep 21 10:38:25 UTC 2026","passed","Mon Sep 21 10:38:44 UTC 2026","Issued Checks — Smoke","specs\Smoke\4-IssuedChecksSmoke.spec.ts","",""
"","18013","Next page arrow advances to page 2","webkit","Mon Sep 21 10:39:04 UTC 2026","passed","Mon Sep 21 10:39:22 UTC 2026","Issued Checks — Smoke","specs\Smoke\4-IssuedChecksSmoke.spec.ts","",""
"","9303","Account Settings sub-page loads correctly","chromium","Mon Sep 21 10:13:02 UTC 2026","passed","Mon Sep 21 10:13:11 UTC 2026","Application Navigation Smoke Tests","specs\Smoke\2-NavigationSmoke.spec.ts","",""
"","19707","Clicking a column header sorts ascending, clicking again sorts descending","webkit","Mon Sep 21 10:48:45 UTC 2026","passed","Mon Sep 21 10:49:05 UTC 2026","ACH — Smoke","specs\Smoke\7-ACHSmoke.spec.ts","",""
"","7884","""Uploaded Checks"" navigates to the uploads page","chromium","Mon Sep 21 10:16:33 UTC 2026","passed","Mon Sep 21 10:16:41 UTC 2026","Issued Checks — Smoke","specs\Smoke\4-IssuedChecksSmoke.spec.ts","",""
"","11118","Navigation tabs to Pre-Decisions, Approvals, and Exception History are visible","msedge","Mon Sep 21 10:25:06 UTC 2026","passed","Mon Sep 21 10:25:17 UTC 2026","Exceptions — Smoke (Continued)","specs\Smoke\8-ExceptionsSmoke.spec.ts","",""
"","17519","""Delete"" on a row shows a confirm modal; Cancel dismisses it without deleting","firefox","Mon Sep 21 10:22:29 UTC 2026","passed","Mon Sep 21 10:22:46 UTC 2026","Issued Checks — Smoke (Continued)","specs\Smoke\4-IssuedChecksSmoke.spec.ts","",""
"","9950","Typing a page number navigates to that page","chromium","Mon Sep 21 10:20:58 UTC 2026","passed","Mon Sep 21 10:21:08 UTC 2026","ACH — Smoke","specs\Smoke\7-ACHSmoke.spec.ts","",""
"","29746","Save a filter preset, verify it is auto-selected, then delete it","webkit","Mon Sep 21 10:40:53 UTC 2026","passed","Mon Sep 21 10:41:23 UTC 2026","Issued Checks — Smoke (Continued)","specs\Smoke\4-IssuedChecksSmoke.spec.ts","",""
"","18847","Grid loads with data rows and key column headers","webkit","Mon Sep 21 10:43:37 UTC 2026","passed","Mon Sep 21 10:43:56 UTC 2026","ACH — Smoke","specs\Smoke\7-ACHSmoke.spec.ts","",""
"","12244","Decision badge on an already-reviewed row is blocked with a system message","chromium","Mon Sep 21 10:22:24 UTC 2026","passed","Mon Sep 21 10:22:36 UTC 2026","Exceptions — Smoke (Continued)","specs\Smoke\8-ExceptionsSmoke.spec.ts","",""
"","14187","Verify dashboard tab checked state updates correctly","firefox","Mon Sep 21 10:14:34 UTC 2026","passed","Mon Sep 21 10:14:48 UTC 2026","Home Dashboard","specs\Smoke\3-HomeDashboardSmoke.spec.ts","",""
"","23663","Column filter popup applies a filter and Clear restores the full row set","webkit","Mon Sep 21 10:49:05 UTC 2026","passed","Mon Sep 21 10:49:28 UTC 2026","ACH — Smoke","specs\Smoke\7-ACHSmoke.spec.ts","",""
"","7490","Default filter auto-applies after logout and re-login","msedge","Mon Sep 21 10:23:33 UTC 2026","skipped","Mon Sep 21 10:23:41 UTC 2026","Exceptions — Default Filter (Serial)","specs\Smoke\8-ExceptionsSmoke.spec.ts","",""
"","10531","Verify navigation to Presented Checks via nav menu","msedge","Mon Sep 21 10:16:05 UTC 2026","passed","Mon Sep 21 10:16:15 UTC 2026","Home Dashboard","specs\Smoke\3-HomeDashboardSmoke.spec.ts","",""
"","8290","Decision Files sub-page loads correctly","chromium","Mon Sep 21 10:14:05 UTC 2026","passed","Mon Sep 21 10:14:14 UTC 2026","Application Navigation Smoke Tests","specs\Smoke\2-NavigationSmoke.spec.ts","",""
"","11083","Grid loads with data rows and key column headers","chromium","Mon Sep 21 10:16:13 UTC 2026","passed","Mon Sep 21 10:16:24 UTC 2026","Issued Checks — Smoke","specs\Smoke\4-IssuedChecksSmoke.spec.ts","",""
"","12163","File Formats sub-page loads correctly","msedge","Mon Sep 21 10:14:22 UTC 2026","passed","Mon Sep 21 10:14:34 UTC 2026","Application Navigation Smoke Tests","specs\Smoke\2-NavigationSmoke.spec.ts","",""
"","8410","Exceptions page loads correctly","chromium","Mon Sep 21 10:12:42 UTC 2026","passed","Mon Sep 21 10:12:50 UTC 2026","Application Navigation Smoke Tests","specs\Smoke\2-NavigationSmoke.spec.ts","",""
"","11706","Save a filter preset, verify it is auto-selected, then delete it","chromium","Mon Sep 21 10:18:30 UTC 2026","passed","Mon Sep 21 10:18:42 UTC 2026","Presented Checks — Smoke (Continued)","specs\Smoke\5-PresentedChecksSmoke.spec.ts","",""
"","5817","Validate Login functionality with missingUsername","msedge","Mon Sep 21 10:12:28 UTC 2026","passed","Mon Sep 21 10:12:34 UTC 2026","","specs\Smoke\1-LoginSmoke.spec.ts","",""
"","4531","Approvals page loads with either records or the empty-state message","chromium","Mon Sep 21 10:23:21 UTC 2026","passed","Mon Sep 21 10:23:26 UTC 2026","Exceptions — Smoke (Continued)","specs\Smoke\8-ExceptionsSmoke.spec.ts","",""
"","9938","Validate Login functionality with xssInUsername","webkit","Mon Sep 21 10:30:55 UTC 2026","passed","Mon Sep 21 10:31:05 UTC 2026","","specs\Smoke\1-LoginSmoke.spec.ts","",""
"","11308","Grid loads with data rows and key column headers","chromium","Mon Sep 21 10:16:22 UTC 2026","passed","Mon Sep 21 10:16:33 UTC 2026","Presented Checks — Smoke","specs\Smoke\5-PresentedChecksSmoke.spec.ts","",""
"","5592","Validate Login functionality with emptyFields","msedge","Mon Sep 21 10:12:17 UTC 2026","passed","Mon Sep 21 10:12:23 UTC 2026","","specs\Smoke\1-LoginSmoke.spec.ts","",""
"","17087","Page size change to 10 updates pagination info in bottom-right pager","firefox","Mon Sep 21 10:19:38 UTC 2026","passed","Mon Sep 21 10:19:55 UTC 2026","Presented Checks — Smoke","specs\Smoke\5-PresentedChecksSmoke.spec.ts","",""
"","11457","Excel export button is visible and enabled","msedge","Mon Sep 21 10:17:43 UTC 2026","passed","Mon Sep 21 10:17:54 UTC 2026","Issued Checks — Smoke","specs\Smoke\4-IssuedChecksSmoke.spec.ts","",""
"","14832","Column filter menu applies a filter and Clear restores the full row set","msedge","Mon Sep 21 10:24:11 UTC 2026","passed","Mon Sep 21 10:24:26 UTC 2026","Exceptions — Smoke (Continued)","specs\Smoke\8-ExceptionsSmoke.spec.ts","",""
"","10323","Search box filters grid and clears correctly","chromium","Mon Sep 21 10:19:52 UTC 2026","passed","Mon Sep 21 10:20:02 UTC 2026","Exceptions — Smoke","specs\Smoke\8-ExceptionsSmoke.spec.ts","",""
"","8955","Verify navigation to Presented Checks via nav menu","chromium","Mon Sep 21 10:15:44 UTC 2026","passed","Mon Sep 21 10:15:53 UTC 2026","Home Dashboard","specs\Smoke\3-HomeDashboardSmoke.spec.ts","",""
"","16505","File Formats sub-page loads correctly","webkit","Mon Sep 21 10:33:04 UTC 2026","passed","Mon Sep 21 10:33:21 UTC 2026","Application Navigation Smoke Tests","specs\Smoke\2-NavigationSmoke.spec.ts","",""
"","11937","Next page arrow advances to page 2","msedge","Mon Sep 21 10:22:43 UTC 2026","passed","Mon Sep 21 10:22:55 UTC 2026","ACH — Smoke","specs\Smoke\7-ACHSmoke.spec.ts","",""
"","11986","""Uploaded Checks"" navigates to the uploads page","msedge","Mon Sep 21 10:17:30 UTC 2026","passed","Mon Sep 21 10:17:42 UTC 2026","Presented Checks — Smoke","specs\Smoke\5-PresentedChecksSmoke.spec.ts","",""
"","5346","Validate Login functionality with invalidEmailFormat","msedge","Mon Sep 21 10:12:12 UTC 2026","passed","Mon Sep 21 10:12:17 UTC 2026","","specs\Smoke\1-LoginSmoke.spec.ts","",""
"","16144","""View"" (Change Log) link on a row navigates to the entity log","firefox","Mon Sep 21 10:22:13 UTC 2026","passed","Mon Sep 21 10:22:29 UTC 2026","Issued Checks — Smoke (Continued)","specs\Smoke\4-IssuedChecksSmoke.spec.ts","",""
"","17002","Page size change to 10 updates pagination info in bottom-right pager","webkit","Mon Sep 21 10:46:00 UTC 2026","passed","Mon Sep 21 10:46:17 UTC 2026","ACH — Smoke","specs\Smoke\7-ACHSmoke.spec.ts","",""
"","12462","""Uploaded Checks"" navigates to the uploads page","msedge","Mon Sep 21 10:17:17 UTC 2026","passed","Mon Sep 21 10:17:30 UTC 2026","Issued Checks — Smoke","specs\Smoke\4-IssuedChecksSmoke.spec.ts","",""
"","6636","Validate Login functionality with incorrectUsername","msedge","Mon Sep 21 10:12:05 UTC 2026","passed","Mon Sep 21 10:12:12 UTC 2026","","specs\Smoke\1-LoginSmoke.spec.ts","",""
"","14195","Verify navigation to Issued Checks via nav menu","webkit","Mon Sep 21 10:36:29 UTC 2026","passed","Mon Sep 21 10:36:43 UTC 2026","Home Dashboard","specs\Smoke\3-HomeDashboardSmoke.spec.ts","",""
"","11186","Excel export button is visible and enabled","msedge","Mon Sep 21 10:22:20 UTC 2026","passed","Mon Sep 21 10:22:31 UTC 2026","ACH — Smoke","specs\Smoke\7-ACHSmoke.spec.ts","",""
"","24137","Column filter menu applies a filter and Clear restores the full row set","firefox","Mon Sep 21 10:26:54 UTC 2026","passed","Mon Sep 21 10:27:19 UTC 2026","Exceptions — Smoke (Continued)","specs\Smoke\8-ExceptionsSmoke.spec.ts","",""
"","12603","Account Settings sub-page loads correctly","firefox","Mon Sep 21 10:12:58 UTC 2026","passed","Mon Sep 21 10:13:11 UTC 2026","Application Navigation Smoke Tests","specs\Smoke\2-NavigationSmoke.spec.ts","",""
"","18505","Next page arrow advances to page 2","firefox","Mon Sep 21 10:24:50 UTC 2026","passed","Mon Sep 21 10:25:09 UTC 2026","ACH — Smoke","specs\Smoke\7-ACHSmoke.spec.ts","",""
"","9511","Next page arrow advances to page 2","chromium","Mon Sep 21 10:17:10 UTC 2026","passed","Mon Sep 21 10:17:20 UTC 2026","Issued Checks — Smoke","specs\Smoke\4-IssuedChecksSmoke.spec.ts","",""
"","16323","Default filter auto-applies after logout and re-login","webkit","Mon Sep 21 10:41:14 UTC 2026","skipped","Mon Sep 21 10:41:30 UTC 2026","Presented Checks — Default Filter (Serial)","specs\Smoke\5-PresentedChecksSmoke.spec.ts","",""
"","10099","Validate Login functionality with emptyFields","webkit","Mon Sep 21 10:30:16 UTC 2026","passed","Mon Sep 21 10:30:26 UTC 2026","","specs\Smoke\1-LoginSmoke.spec.ts","",""
"","11009","Issued Checks page loads correctly","msedge","Mon Sep 21 10:11:54 UTC 2026","passed","Mon Sep 21 10:12:05 UTC 2026","Application Navigation Smoke Tests","specs\Smoke\2-NavigationSmoke.spec.ts","",""
"","28970","Verify tab-specific charts are hidden for opposite tab","webkit","Mon Sep 21 10:34:10 UTC 2026","passed","Mon Sep 21 10:34:39 UTC 2026","Home Dashboard","specs\Smoke\3-HomeDashboardSmoke.spec.ts","",""
"","19620","Page size change to 10 updates pagination info in bottom-right pager","webkit","Mon Sep 21 10:38:44 UTC 2026","passed","Mon Sep 21 10:39:04 UTC 2026","Issued Checks — Smoke","specs\Smoke\4-IssuedChecksSmoke.spec.ts","",""
"","21458","Next page arrow advances to page 2","firefox","Mon Sep 21 10:19:55 UTC 2026","passed","Mon Sep 21 10:20:17 UTC 2026","Presented Checks — Smoke","specs\Smoke\5-PresentedChecksSmoke.spec.ts","",""
"","7613","Web Hooks sub-page loads correctly","chromium","Mon Sep 21 10:16:05 UTC 2026","passed","Mon Sep 21 10:16:13 UTC 2026","Application Navigation Smoke Tests","specs\Smoke\2-NavigationSmoke.spec.ts","",""
"","13234","Users sub-page loads correctly","webkit","Mon Sep 21 10:31:32 UTC 2026","passed","Mon Sep 21 10:31:45 UTC 2026","Application Navigation Smoke Tests","specs\Smoke\2-NavigationSmoke.spec.ts","",""
"","9829","Validate Login functionality with missingUsername","webkit","Mon Sep 21 10:30:38 UTC 2026","passed","Mon Sep 21 10:30:47 UTC 2026","","specs\Smoke\1-LoginSmoke.spec.ts","",""
"","16415","Search box filters grid and clears correctly","firefox","Mon Sep 21 10:24:00 UTC 2026","passed","Mon Sep 21 10:24:17 UTC 2026","Exceptions — Smoke","specs\Smoke\8-ExceptionsSmoke.spec.ts","",""
"","9414","Saved Filters dropdown is visible and defaults to no preset","chromium","Mon Sep 21 10:17:57 UTC 2026","passed","Mon Sep 21 10:18:06 UTC 2026","Presented Checks — Smoke","specs\Smoke\5-PresentedChecksSmoke.spec.ts","",""
"","15897","Notification Log sub-page loads correctly","webkit","Mon Sep 21 10:35:36 UTC 2026","passed","Mon Sep 21 10:35:52 UTC 2026","Application Navigation Smoke Tests","specs\Smoke\2-NavigationSmoke.spec.ts","",""
"","7799","Validate Login functionality with caseSensitiveEmail","msedge","Mon Sep 21 10:11:51 UTC 2026","passed","Mon Sep 21 10:11:59 UTC 2026","","specs\Smoke\1-LoginSmoke.spec.ts","",""
"","22413","Previous page button returns to page 1, First page button re-enables disabled state","webkit","Mon Sep 21 10:40:35 UTC 2026","passed","Mon Sep 21 10:40:57 UTC 2026","Presented Checks — Smoke","specs\Smoke\5-PresentedChecksSmoke.spec.ts","",""
"","11064","Settings page loads correctly","firefox","Mon Sep 21 10:12:47 UTC 2026","passed","Mon Sep 21 10:12:58 UTC 2026","Application Navigation Smoke Tests","specs\Smoke\2-NavigationSmoke.spec.ts","",""
"","15319","""Delete"" on a row shows a confirm modal; Cancel dismisses it without deleting","firefox","Mon Sep 21 10:27:43 UTC 2026","passed","Mon Sep 21 10:27:59 UTC 2026","ACH — Smoke","specs\Smoke\7-ACHSmoke.spec.ts","",""
"","12699","Last page arrow jumps to the final page","msedge","Mon Sep 21 10:18:48 UTC 2026","passed","Mon Sep 21 10:19:01 UTC 2026","Issued Checks — Smoke","specs\Smoke\4-IssuedChecksSmoke.spec.ts","",""
"","7529","Verify profile menu shows My Info and Logout links","chromium","Mon Sep 21 10:15:16 UTC 2026","passed","Mon Sep 21 10:15:23 UTC 2026","Home Dashboard","specs\Smoke\3-HomeDashboardSmoke.spec.ts","",""
"","12163","Last page arrow jumps to the final page","msedge","Mon Sep 21 10:22:43 UTC 2026","passed","Mon Sep 21 10:22:55 UTC 2026","Exceptions — Smoke","specs\Smoke\8-ExceptionsSmoke.spec.ts","",""
"","10602","Saved Filters dropdown is visible and defaults to no preset","msedge","Mon Sep 21 10:23:33 UTC 2026","passed","Mon Sep 21 10:23:43 UTC 2026","ACH — Smoke","specs\Smoke\7-ACHSmoke.spec.ts","",""
"","16803","Typing a page number navigates to that page","firefox","Mon Sep 21 10:19:57 UTC 2026","passed","Mon Sep 21 10:20:14 UTC 2026","Issued Checks — Smoke","specs\Smoke\4-IssuedChecksSmoke.spec.ts","",""
"","6619","Validate forgot password functionality","firefox","Mon Sep 21 10:12:55 UTC 2026","passed","Mon Sep 21 10:13:02 UTC 2026","","specs\Smoke\1-LoginSmoke.spec.ts","",""
"","17099","Issued Checks breadcrumb link is visible on the page","webkit","Mon Sep 21 10:43:02 UTC 2026","passed","Mon Sep 21 10:43:19 UTC 2026","Issued Checks — Smoke (Continued)","specs\Smoke\4-IssuedChecksSmoke.spec.ts","",""
"","15906","File Formats sub-page loads correctly","firefox","Mon Sep 21 10:14:45 UTC 2026","passed","Mon Sep 21 10:15:01 UTC 2026","Application Navigation Smoke Tests","specs\Smoke\2-NavigationSmoke.spec.ts","",""
"","10168","Validate teller presented-check form shows all required fields","msedge","Mon Sep 21 10:21:23 UTC 2026","passed","Mon Sep 21 10:21:34 UTC 2026","Teller - Smoke","specs\Smoke\6-TellerSmoke.spec.ts","",""
"","14490","Previous page button returns to page 1, First page button re-enables disabled state","msedge","Mon Sep 21 10:23:07 UTC 2026","passed","Mon Sep 21 10:23:21 UTC 2026","Exceptions — Smoke","specs\Smoke\8-ExceptionsSmoke.spec.ts","",""
"","7798","Validate Login functionality with incorrectPassword","webkit","Mon Sep 21 10:29:49 UTC 2026","passed","Mon Sep 21 10:29:57 UTC 2026","","specs\Smoke\1-LoginSmoke.spec.ts","",""
"","11702","Page size change to 10 updates pagination info in bottom-right pager","msedge","Mon Sep 21 10:22:31 UTC 2026","passed","Mon Sep 21 10:22:43 UTC 2026","ACH — Smoke","specs\Smoke\7-ACHSmoke.spec.ts","",""
"","13537","Account Settings sub-page loads correctly","webkit","Mon Sep 21 10:31:05 UTC 2026","passed","Mon Sep 21 10:31:18 UTC 2026","Application Navigation Smoke Tests","specs\Smoke\2-NavigationSmoke.spec.ts","",""
"","13673","Save a filter preset, verify it is auto-selected, then delete it","chromium","Mon Sep 21 10:21:59 UTC 2026","passed","Mon Sep 21 10:22:12 UTC 2026","ACH — Smoke","specs\Smoke\7-ACHSmoke.spec.ts","",""
"","5992","Validate Login functionality with xssInUsername","msedge","Mon Sep 21 10:12:40 UTC 2026","passed","Mon Sep 21 10:12:46 UTC 2026","","specs\Smoke\1-LoginSmoke.spec.ts","",""
"","8964","Validate Login functionality with missingPassword","chromium","Mon Sep 21 10:12:31 UTC 2026","passed","Mon Sep 21 10:12:40 UTC 2026","","specs\Smoke\1-LoginSmoke.spec.ts","",""
"","13121","Decision badge on an already-reviewed row is blocked with a system message","msedge","Mon Sep 21 10:24:41 UTC 2026","passed","Mon Sep 21 10:24:54 UTC 2026","Exceptions — Smoke (Continued)","specs\Smoke\8-ExceptionsSmoke.spec.ts","",""
"","8977","Validate Login functionality with sqlInjection","firefox","Mon Sep 21 10:12:30 UTC 2026","passed","Mon Sep 21 10:12:39 UTC 2026","","specs\Smoke\1-LoginSmoke.spec.ts","",""
"","12034","Validate session persists after page refresh","firefox","Mon Sep 21 10:13:14 UTC 2026","passed","Mon Sep 21 10:13:26 UTC 2026","","specs\Smoke\1-LoginSmoke.spec.ts","",""
"","14058","Verify delayed data note and force refresh link are visible on dashboard","webkit","Mon Sep 21 10:35:31 UTC 2026","passed","Mon Sep 21 10:35:45 UTC 2026","Home Dashboard","specs\Smoke\3-HomeDashboardSmoke.spec.ts","",""
"","14100","Verify profile menu shows My Info and Logout links","webkit","Mon Sep 21 10:35:58 UTC 2026","passed","Mon Sep 21 10:36:12 UTC 2026","Home Dashboard","specs\Smoke\3-HomeDashboardSmoke.spec.ts","",""
"","13810","Search box filters grid and clears correctly","msedge","Mon Sep 21 10:21:55 UTC 2026","passed","Mon Sep 21 10:22:09 UTC 2026","Exceptions — Smoke","specs\Smoke\8-ExceptionsSmoke.spec.ts","",""
"","14236","Grid loads with data rows and key column headers","firefox","Mon Sep 21 10:17:57 UTC 2026","passed","Mon Sep 21 10:18:11 UTC 2026","Issued Checks — Smoke","specs\Smoke\4-IssuedChecksSmoke.spec.ts","",""
"","13017","Verify all three dashboard view tabs are visible","webkit","Mon Sep 21 10:32:20 UTC 2026","passed","Mon Sep 21 10:32:33 UTC 2026","Home Dashboard","specs\Smoke\3-HomeDashboardSmoke.spec.ts","",""
"","10115","Last page arrow jumps to the final page","chromium","Mon Sep 21 10:20:48 UTC 2026","passed","Mon Sep 21 10:20:58 UTC 2026","ACH — Smoke","specs\Smoke\7-ACHSmoke.spec.ts","",""
"","9311","Verify navigation to Exceptions via nav menu","firefox","Mon Sep 21 10:17:37 UTC 2026","passed","Mon Sep 21 10:17:46 UTC 2026","Home Dashboard","specs\Smoke\3-HomeDashboardSmoke.spec.ts","",""
"","10001","Exceptions page loads correctly","msedge","Mon Sep 21 10:12:36 UTC 2026","passed","Mon Sep 21 10:12:46 UTC 2026","Application Navigation Smoke Tests","specs\Smoke\2-NavigationSmoke.spec.ts","",""
"","16181","Verify delayed data note and force refresh link are visible on dashboard","firefox","Mon Sep 21 10:15:44 UTC 2026","passed","Mon Sep 21 10:16:00 UTC 2026","Home Dashboard","specs\Smoke\3-HomeDashboardSmoke.spec.ts","",""
"","20009","Web Hooks sub-page loads correctly","msedge","Mon Sep 21 10:16:46 UTC 2026","passed","Mon Sep 21 10:17:06 UTC 2026","Application Navigation Smoke Tests","specs\Smoke\2-NavigationSmoke.spec.ts","",""
"","12680","Search box filters grid and clears correctly","msedge","Mon Sep 21 10:22:07 UTC 2026","passed","Mon Sep 21 10:22:20 UTC 2026","ACH — Smoke","specs\Smoke\7-ACHSmoke.spec.ts","",""
"","17712","Last page arrow jumps to the final page","webkit","Mon Sep 21 10:39:22 UTC 2026","passed","Mon Sep 21 10:39:40 UTC 2026","Issued Checks — Smoke","specs\Smoke\4-IssuedChecksSmoke.spec.ts","",""
"","11453","""Uploaded ACH"" navigates to the uploads page","msedge","Mon Sep 21 10:21:55 UTC 2026","passed","Mon Sep 21 10:22:07 UTC 2026","ACH — Smoke","specs\Smoke\7-ACHSmoke.spec.ts","",""
"","7574","Pre-Decisions page loads with either records or the empty-state message","firefox","Mon Sep 21 10:28:55 UTC 2026","passed","Mon Sep 21 10:29:03 UTC 2026","Exceptions — Smoke (Continued)","specs\Smoke\8-ExceptionsSmoke.spec.ts","",""
"","14924","Clicking a column header sorts ascending, clicking again sorts descending","msedge","Mon Sep 21 10:20:07 UTC 2026","passed","Mon Sep 21 10:20:22 UTC 2026","Issued Checks — Smoke (Continued)","specs\Smoke\4-IssuedChecksSmoke.spec.ts","",""
"","12007","Typing a page number navigates to that page","msedge","Mon Sep 21 10:19:01 UTC 2026","passed","Mon Sep 21 10:19:13 UTC 2026","Issued Checks — Smoke","specs\Smoke\4-IssuedChecksSmoke.spec.ts","",""
"","18913","Next page arrow advances to page 2","webkit","Mon Sep 21 10:39:39 UTC 2026","passed","Mon Sep 21 10:39:58 UTC 2026","Presented Checks — Smoke","specs\Smoke\5-PresentedChecksSmoke.spec.ts","",""
"","20089","Automatic Check Decision Rules sub-page loads correctly","firefox","Mon Sep 21 10:15:16 UTC 2026","passed","Mon Sep 21 10:15:36 UTC 2026","Application Navigation Smoke Tests","specs\Smoke\2-NavigationSmoke.spec.ts","",""
"","17496","Typing a page number navigates to that page","webkit","Mon Sep 21 10:39:40 UTC 2026","passed","Mon Sep 21 10:39:57 UTC 2026","Issued Checks — Smoke","specs\Smoke\4-IssuedChecksSmoke.spec.ts","",""
"","13847","File Processing sub-page loads correctly","msedge","Mon Sep 21 10:16:19 UTC 2026","passed","Mon Sep 21 10:16:32 UTC 2026","Application Navigation Smoke Tests","specs\Smoke\2-NavigationSmoke.spec.ts","",""
"","17647","Roles/Permissions sub-page loads correctly","firefox","Mon Sep 21 10:13:40 UTC 2026","passed","Mon Sep 21 10:13:58 UTC 2026","Application Navigation Smoke Tests","specs\Smoke\2-NavigationSmoke.spec.ts","",""
"","14317","Verify navigation to ACH via nav menu","firefox","Mon Sep 21 10:17:23 UTC 2026","passed","Mon Sep 21 10:17:37 UTC 2026","Home Dashboard","specs\Smoke\3-HomeDashboardSmoke.spec.ts","",""
"","12579","Last page arrow jumps to the final page","msedge","Mon Sep 21 10:22:55 UTC 2026","passed","Mon Sep 21 10:23:07 UTC 2026","ACH — Smoke","specs\Smoke\7-ACHSmoke.spec.ts","",""
"","13111","""+ Add Check"" navigates to the add-check form","firefox","Mon Sep 21 10:18:11 UTC 2026","passed","Mon Sep 21 10:18:24 UTC 2026","Issued Checks — Smoke","specs\Smoke\4-IssuedChecksSmoke.spec.ts","",""
"","9350","Next page arrow advances to page 2","chromium","Mon Sep 21 10:17:20 UTC 2026","passed","Mon Sep 21 10:17:29 UTC 2026","Presented Checks — Smoke","specs\Smoke\5-PresentedChecksSmoke.spec.ts","",""
"","5901","Validate Login functionality with emptyFields","chromium","Mon Sep 21 10:12:25 UTC 2026","passed","Mon Sep 21 10:12:31 UTC 2026","","specs\Smoke\1-LoginSmoke.spec.ts","",""
"","7956","Typing a page number navigates to that page","chromium","Mon Sep 21 10:20:40 UTC 2026","passed","Mon Sep 21 10:20:47 UTC 2026","Exceptions — Smoke","specs\Smoke\8-ExceptionsSmoke.spec.ts","",""
"","11573","Clicking a column header sorts ascending, clicking again sorts descending","chromium","Mon Sep 21 10:22:12 UTC 2026","passed","Mon Sep 21 10:22:24 UTC 2026","ACH — Smoke","specs\Smoke\7-ACHSmoke.spec.ts","",""
"","12843","Holiday Schedules sub-page loads correctly","firefox","Mon Sep 21 10:14:32 UTC 2026","passed","Mon Sep 21 10:14:45 UTC 2026","Application Navigation Smoke Tests","specs\Smoke\2-NavigationSmoke.spec.ts","",""
"","11187","Issued Checks breadcrumb link is visible on the page","msedge","Mon Sep 21 10:21:12 UTC 2026","passed","Mon Sep 21 10:21:23 UTC 2026","Issued Checks — Smoke (Continued)","specs\Smoke\4-IssuedChecksSmoke.spec.ts","",""
"","16383","Clicking a column header sorts ascending, clicking again sorts descending","firefox","Mon Sep 21 10:26:50 UTC 2026","passed","Mon Sep 21 10:27:06 UTC 2026","ACH — Smoke","specs\Smoke\7-ACHSmoke.spec.ts","",""
"","5314","Validate Login functionality with missingPassword","msedge","Mon Sep 21 10:12:23 UTC 2026","passed","Mon Sep 21 10:12:28 UTC 2026","","specs\Smoke\1-LoginSmoke.spec.ts","",""
"","10636","Branding sub-page loads correctly","chromium","Mon Sep 21 10:13:47 UTC 2026","passed","Mon Sep 21 10:13:58 UTC 2026","Application Navigation Smoke Tests","specs\Smoke\2-NavigationSmoke.spec.ts","",""
"","13569","Web Hooks sub-page loads correctly","firefox","Mon Sep 21 10:18:01 UTC 2026","passed","Mon Sep 21 10:18:15 UTC 2026","Application Navigation Smoke Tests","specs\Smoke\2-NavigationSmoke.spec.ts","",""
"","6300","Validate forgot password functionality","msedge","Mon Sep 21 10:12:51 UTC 2026","passed","Mon Sep 21 10:12:57 UTC 2026","","specs\Smoke\1-LoginSmoke.spec.ts","",""
"","15005","Search box filters grid and clears correctly","firefox","Mon Sep 21 10:19:09 UTC 2026","passed","Mon Sep 21 10:19:24 UTC 2026","Presented Checks — Smoke","specs\Smoke\5-PresentedChecksSmoke.spec.ts","",""
"","12253","File Processing sub-page loads correctly","firefox","Mon Sep 21 10:17:35 UTC 2026","passed","Mon Sep 21 10:17:48 UTC 2026","Application Navigation Smoke Tests","specs\Smoke\2-NavigationSmoke.spec.ts","",""
"","4931","Validate Login functionality with emptyFields","firefox","Mon Sep 21 10:12:16 UTC 2026","passed","Mon Sep 21 10:12:21 UTC 2026","","specs\Smoke\1-LoginSmoke.spec.ts","",""
"","22051","Column filter popup applies a filter and Clear restores the full row set","firefox","Mon Sep 21 10:27:06 UTC 2026","passed","Mon Sep 21 10:27:28 UTC 2026","ACH — Smoke","specs\Smoke\7-ACHSmoke.spec.ts","",""
"","14214","Search box filters grid and clears correctly","firefox","Mon Sep 21 10:18:40 UTC 2026","passed","Mon Sep 21 10:18:54 UTC 2026","Issued Checks — Smoke","specs\Smoke\4-IssuedChecksSmoke.spec.ts","",""
"","14837","""View"" (Change Log) link on a row navigates to the entity log","firefox","Mon Sep 21 10:22:47 UTC 2026","passed","Mon Sep 21 10:23:02 UTC 2026","Presented Checks — Smoke (Continued)","specs\Smoke\5-PresentedChecksSmoke.spec.ts","",""
"","10847","ACH page loads correctly","chromium","Mon Sep 21 10:12:31 UTC 2026","passed","Mon Sep 21 10:12:42 UTC 2026","Application Navigation Smoke Tests","specs\Smoke\2-NavigationSmoke.spec.ts","",""
"","9966","Default filter auto-applies after logout and re-login","msedge","Mon Sep 21 10:19:41 UTC 2026","skipped","Mon Sep 21 10:19:51 UTC 2026","Issued Checks — Default Filter (Serial)","specs\Smoke\4-IssuedChecksSmoke.spec.ts","",""
"","11660","Default filter auto-applies after logout and re-login","msedge","Mon Sep 21 10:19:51 UTC 2026","skipped","Mon Sep 21 10:20:03 UTC 2026","Presented Checks — Default Filter (Serial)","specs\Smoke\5-PresentedChecksSmoke.spec.ts","",""
"","9171","""Delete"" on a row shows a confirm modal; Cancel dismisses it without deleting","chromium","Mon Sep 21 10:22:46 UTC 2026","passed","Mon Sep 21 10:22:55 UTC 2026","ACH — Smoke","specs\Smoke\7-ACHSmoke.spec.ts","",""
"","9590","""Delete"" on a row shows a confirm modal; Cancel dismisses it without deleting","chromium","Mon Sep 21 10:19:18 UTC 2026","passed","Mon Sep 21 10:19:27 UTC 2026","Issued Checks — Smoke (Continued)","specs\Smoke\4-IssuedChecksSmoke.spec.ts","",""
"","6692","Validate forgot password functionality with No email","msedge","Mon Sep 21 10:12:57 UTC 2026","passed","Mon Sep 21 10:13:04 UTC 2026","","specs\Smoke\1-LoginSmoke.spec.ts","",""
"","23353","Default filter auto-applies after logout and re-login","chromium","Mon Sep 21 10:21:09 UTC 2026","passed","Mon Sep 21 10:21:32 UTC 2026","Exceptions — Default Filter (Serial)","specs\Smoke\8-ExceptionsSmoke.spec.ts","",""
"","12926","Business Clients sub-page loads correctly","firefox","Mon Sep 21 10:13:11 UTC 2026","passed","Mon Sep 21 10:13:24 UTC 2026","Application Navigation Smoke Tests","specs\Smoke\2-NavigationSmoke.spec.ts","",""
"","4474","Validate Login functionality with missingUsername","firefox","Mon Sep 21 10:12:26 UTC 2026","passed","Mon Sep 21 10:12:30 UTC 2026","","specs\Smoke\1-LoginSmoke.spec.ts","",""
"","14380","Excel export button is visible and enabled","firefox","Mon Sep 21 10:19:24 UTC 2026","passed","Mon Sep 21 10:19:38 UTC 2026","Presented Checks — Smoke","specs\Smoke\5-PresentedChecksSmoke.spec.ts","",""
"","8860","Validate Login functionality with veryLongInput","webkit","Mon Sep 21 10:31:05 UTC 2026","passed","Mon Sep 21 10:31:14 UTC 2026","","specs\Smoke\1-LoginSmoke.spec.ts","",""
"","13106","System Log sub-page loads correctly","msedge","Mon Sep 21 10:16:05 UTC 2026","passed","Mon Sep 21 10:16:19 UTC 2026","Application Navigation Smoke Tests","specs\Smoke\2-NavigationSmoke.spec.ts","",""
"","13575","Clicking a column header sorts ascending, clicking again sorts descending","chromium","Mon Sep 21 10:18:36 UTC 2026","passed","Mon Sep 21 10:18:50 UTC 2026","Issued Checks — Smoke (Continued)","specs\Smoke\4-IssuedChecksSmoke.spec.ts","",""
"","15442","Roles/Permissions sub-page loads correctly","webkit","Mon Sep 21 10:31:46 UTC 2026","passed","Mon Sep 21 10:32:01 UTC 2026","Application Navigation Smoke Tests","specs\Smoke\2-NavigationSmoke.spec.ts","",""
"","12969","Holiday Schedules sub-page loads correctly","msedge","Mon Sep 21 10:14:09 UTC 2026","passed","Mon Sep 21 10:14:22 UTC 2026","Application Navigation Smoke Tests","specs\Smoke\2-NavigationSmoke.spec.ts","",""
"","12634","Grid View toggle navigates to the open-exceptions grid and shows key column headers","firefox","Mon Sep 21 10:28:35 UTC 2026","passed","Mon Sep 21 10:28:48 UTC 2026","Exceptions — Smoke (Continued)","specs\Smoke\8-ExceptionsSmoke.spec.ts","",""
"","9910","Page size change to 10 updates pagination info in bottom-right pager","chromium","Mon Sep 21 10:17:00 UTC 2026","passed","Mon Sep 21 10:17:10 UTC 2026","Issued Checks — Smoke","specs\Smoke\4-IssuedChecksSmoke.spec.ts","",""
"","10111","Decision Files sub-page loads correctly","firefox","Mon Sep 21 10:14:22 UTC 2026","passed","Mon Sep 21 10:14:32 UTC 2026","Application Navigation Smoke Tests","specs\Smoke\2-NavigationSmoke.spec.ts","",""
"","8341","""View"" (Change Log) link on a row navigates to the entity log","chromium","Mon Sep 21 10:19:10 UTC 2026","passed","Mon Sep 21 10:19:18 UTC 2026","Presented Checks — Smoke (Continued)","specs\Smoke\5-PresentedChecksSmoke.spec.ts","",""
"","10299","""View"" link on a row opens the Exception Details dialog","chromium","Mon Sep 21 10:22:13 UTC 2026","passed","Mon Sep 21 10:22:23 UTC 2026","Exceptions — Smoke (Continued)","specs\Smoke\8-ExceptionsSmoke.spec.ts","",""
"","7280","Holiday Schedules sub-page loads correctly","chromium","Mon Sep 21 10:14:14 UTC 2026","passed","Mon Sep 21 10:14:21 UTC 2026","Application Navigation Smoke Tests","specs\Smoke\2-NavigationSmoke.spec.ts","",""
"","9277","Default filter auto-applies after logout and re-login","firefox","Mon Sep 21 10:26:04 UTC 2026","skipped","Mon Sep 21 10:26:14 UTC 2026","Exceptions — Default Filter (Serial)","specs\Smoke\8-ExceptionsSmoke.spec.ts","",""
"","9734","Saved Filters dropdown is visible and defaults to no preset","chromium","Mon Sep 21 10:20:59 UTC 2026","passed","Mon Sep 21 10:21:09 UTC 2026","Exceptions — Smoke","specs\Smoke\8-ExceptionsSmoke.spec.ts","",""
"","12365","Issued Checks page loads correctly","firefox","Mon Sep 21 10:11:50 UTC 2026","passed","Mon Sep 21 10:12:02 UTC 2026","Application Navigation Smoke Tests","specs\Smoke\2-NavigationSmoke.spec.ts","",""
"","11817","Validate Login functionality with caseSensitiveEmail","webkit","Mon Sep 21 10:29:37 UTC 2026","passed","Mon Sep 21 10:29:49 UTC 2026","","specs\Smoke\1-LoginSmoke.spec.ts","",""
"","15053","Web Hooks sub-page loads correctly","webkit","Mon Sep 21 10:36:58 UTC 2026","passed","Mon Sep 21 10:37:13 UTC 2026","Application Navigation Smoke Tests","specs\Smoke\2-NavigationSmoke.spec.ts","",""
"","12151","""View"" (Change Log) link on a row navigates to the entity log","msedge","Mon Sep 21 10:24:42 UTC 2026","passed","Mon Sep 21 10:24:54 UTC 2026","ACH — Smoke","specs\Smoke\7-ACHSmoke.spec.ts","",""
"","14496","""Edit"" link on a row navigates to the check edit form","firefox","Mon Sep 21 10:22:32 UTC 2026","passed","Mon Sep 21 10:22:47 UTC 2026","Presented Checks — Smoke (Continued)","specs\Smoke\5-PresentedChecksSmoke.spec.ts","",""
"","15833","Check Approval Rules sub-page loads correctly","msedge","Mon Sep 21 10:14:57 UTC 2026","passed","Mon Sep 21 10:15:13 UTC 2026","Application Navigation Smoke Tests","specs\Smoke\2-NavigationSmoke.spec.ts","",""
"","14825","""View"" (Change Log) link on a row navigates to the entity log","firefox","Mon Sep 21 10:27:29 UTC 2026","passed","Mon Sep 21 10:27:43 UTC 2026","ACH — Smoke","specs\Smoke\7-ACHSmoke.spec.ts","",""
"","11516","Automatic Check Decision Rules sub-page loads correctly","msedge","Mon Sep 21 10:14:45 UTC 2026","passed","Mon Sep 21 10:14:57 UTC 2026","Application Navigation Smoke Tests","specs\Smoke\2-NavigationSmoke.spec.ts","",""
"","17163","Excel export button is visible and enabled","webkit","Mon Sep 21 10:39:04 UTC 2026","passed","Mon Sep 21 10:39:22 UTC 2026","Presented Checks — Smoke","specs\Smoke\5-PresentedChecksSmoke.spec.ts","",""
"","11301","Roles/Permissions sub-page loads correctly","chromium","Mon Sep 21 10:13:36 UTC 2026","passed","Mon Sep 21 10:13:47 UTC 2026","Application Navigation Smoke Tests","specs\Smoke\2-NavigationSmoke.spec.ts","",""
"","12386","Verify dashboard footer footnote and privacy link are visible","firefox","Mon Sep 21 10:16:00 UTC 2026","passed","Mon Sep 21 10:16:12 UTC 2026","Home Dashboard","specs\Smoke\3-HomeDashboardSmoke.spec.ts","",""
"","11390","Validate session persists after page refresh","msedge","Mon Sep 21 10:13:09 UTC 2026","passed","Mon Sep 21 10:13:20 UTC 2026","","specs\Smoke\1-LoginSmoke.spec.ts","",""
"","15079","""View"" link on a row opens the Exception Details dialog","msedge","Mon Sep 21 10:24:26 UTC 2026","passed","Mon Sep 21 10:24:41 UTC 2026","Exceptions — Smoke (Continued)","specs\Smoke\8-ExceptionsSmoke.spec.ts","",""
"","4871","Validate Login functionality with veryLongInput","msedge","Mon Sep 21 10:12:46 UTC 2026","passed","Mon Sep 21 10:12:51 UTC 2026","","specs\Smoke\1-LoginSmoke.spec.ts","",""
"","16020","Verify navigation to ACH via nav menu","webkit","Mon Sep 21 10:36:57 UTC 2026","passed","Mon Sep 21 10:37:13 UTC 2026","Home Dashboard","specs\Smoke\3-HomeDashboardSmoke.spec.ts","",""
"","15895","""Delete"" on a row shows a confirm modal; Cancel dismisses it without deleting","firefox","Mon Sep 21 10:23:02 UTC 2026","passed","Mon Sep 21 10:23:18 UTC 2026","Presented Checks — Smoke (Continued)","specs\Smoke\5-PresentedChecksSmoke.spec.ts","",""
"","12053","Column filter popup applies a filter and Clear restores the full row set","chromium","Mon Sep 21 10:18:50 UTC 2026","passed","Mon Sep 21 10:19:02 UTC 2026","Issued Checks — Smoke (Continued)","specs\Smoke\4-IssuedChecksSmoke.spec.ts","",""
"","4269","Validate Login functionality with missingPassword","firefox","Mon Sep 21 10:12:21 UTC 2026","passed","Mon Sep 21 10:12:25 UTC 2026","","specs\Smoke\1-LoginSmoke.spec.ts","",""
"","18863","Typing a page number navigates to that page","webkit","Mon Sep 21 10:40:16 UTC 2026","passed","Mon Sep 21 10:40:35 UTC 2026","Presented Checks — Smoke","specs\Smoke\5-PresentedChecksSmoke.spec.ts","",""
"","18246","System Log sub-page loads correctly","webkit","Mon Sep 21 10:36:08 UTC 2026","passed","Mon Sep 21 10:36:26 UTC 2026","Application Navigation Smoke Tests","specs\Smoke\2-NavigationSmoke.spec.ts","",""
"","5241","Validate Login functionality with invalidEmailFormat","chromium","Mon Sep 21 10:12:20 UTC 2026","passed","Mon Sep 21 10:12:25 UTC 2026","","specs\Smoke\1-LoginSmoke.spec.ts","",""
"","11082","Verify navigation to ACH via nav menu","chromium","Mon Sep 21 10:15:53 UTC 2026","passed","Mon Sep 21 10:16:05 UTC 2026","Home Dashboard","specs\Smoke\3-HomeDashboardSmoke.spec.ts","",""
"","8059","Notification Log sub-page loads correctly","chromium","Mon Sep 21 10:15:10 UTC 2026","passed","Mon Sep 21 10:15:18 UTC 2026","Application Navigation Smoke Tests","specs\Smoke\2-NavigationSmoke.spec.ts","",""
"","10645","Last page arrow jumps to the final page","msedge","Mon Sep 21 10:19:02 UTC 2026","passed","Mon Sep 21 10:19:13 UTC 2026","Presented Checks — Smoke","specs\Smoke\5-PresentedChecksSmoke.spec.ts","",""
"","9259","File Formats sub-page loads correctly","chromium","Mon Sep 21 10:14:21 UTC 2026","passed","Mon Sep 21 10:14:30 UTC 2026","Application Navigation Smoke Tests","specs\Smoke\2-NavigationSmoke.spec.ts","",""
"","15265","Page size change to 10 updates pagination info in bottom-right pager","firefox","Mon Sep 21 10:19:11 UTC 2026","passed","Mon Sep 21 10:19:26 UTC 2026","Issued Checks — Smoke","specs\Smoke\4-IssuedChecksSmoke.spec.ts","",""
"","10513","Excel export button is visible and enabled","msedge","Mon Sep 21 10:22:09 UTC 2026","passed","Mon Sep 21 10:22:20 UTC 2026","Exceptions — Smoke","specs\Smoke\8-ExceptionsSmoke.spec.ts","",""
"","10725","Verify navigation to Exceptions via nav menu","msedge","Mon Sep 21 10:16:25 UTC 2026","passed","Mon Sep 21 10:16:36 UTC 2026","Home Dashboard","specs\Smoke\3-HomeDashboardSmoke.spec.ts","",""
"","9772","Verify Combined View shows all chart sections","firefox","Mon Sep 21 10:13:47 UTC 2026","passed","Mon Sep 21 10:13:57 UTC 2026","Home Dashboard","specs\Smoke\3-HomeDashboardSmoke.spec.ts","",""
"","16631","Verify Home dashboard is restored after returning from another page","webkit","Mon Sep 21 10:36:12 UTC 2026","passed","Mon Sep 21 10:36:29 UTC 2026","Home Dashboard","specs\Smoke\3-HomeDashboardSmoke.spec.ts","",""
"","8605","""Edit"" link on a row navigates to the check edit form","chromium","Mon Sep 21 10:19:02 UTC 2026","passed","Mon Sep 21 10:19:10 UTC 2026","Issued Checks — Smoke (Continued)","specs\Smoke\4-IssuedChecksSmoke.spec.ts","",""
"","16140","Default filter auto-applies after logout and re-login","firefox","Mon Sep 21 10:21:18 UTC 2026","skipped","Mon Sep 21 10:21:35 UTC 2026","Presented Checks — Default Filter (Serial)","specs\Smoke\5-PresentedChecksSmoke.spec.ts","",""
"","15991","Save a filter preset, verify it is auto-selected, then delete it","chromium","Mon Sep 21 10:21:32 UTC 2026","passed","Mon Sep 21 10:21:48 UTC 2026","Exceptions — Smoke (Continued)","specs\Smoke\8-ExceptionsSmoke.spec.ts","",""
"","25691","Decision badge on an already-reviewed row is blocked with a system message","webkit","Mon Sep 21 10:48:44 UTC 2026","passed","Mon Sep 21 10:49:10 UTC 2026","Exceptions — Smoke (Continued)","specs\Smoke\8-ExceptionsSmoke.spec.ts","",""
"","8789","Typing a page number navigates to that page","chromium","Mon Sep 21 10:17:29 UTC 2026","passed","Mon Sep 21 10:17:38 UTC 2026","Issued Checks — Smoke","specs\Smoke\4-IssuedChecksSmoke.spec.ts","",""
"","8622","Validate Login functionality with invalidEmailFormat","webkit","Mon Sep 21 10:30:08 UTC 2026","passed","Mon Sep 21 10:30:16 UTC 2026","","specs\Smoke\1-LoginSmoke.spec.ts","",""
"","19484","Grid View toggle navigates to the open-exceptions grid and shows key column headers","webkit","Mon Sep 21 10:50:02 UTC 2026","passed","Mon Sep 21 10:50:22 UTC 2026","Exceptions — Smoke (Continued)","specs\Smoke\8-ExceptionsSmoke.spec.ts","",""
"","7371","Verify summary KPI values have expected number formats","chromium","Mon Sep 21 10:14:53 UTC 2026","passed","Mon Sep 21 10:15:00 UTC 2026","Home Dashboard","specs\Smoke\3-HomeDashboardSmoke.spec.ts","",""
"","17553","Excel export button is visible and enabled","webkit","Mon Sep 21 10:45:42 UTC 2026","passed","Mon Sep 21 10:46:00 UTC 2026","ACH — Smoke","specs\Smoke\7-ACHSmoke.spec.ts","",""
"","32433","Save a filter preset, verify it is auto-selected, then delete it","webkit","Mon Sep 21 10:46:58 UTC 2026","passed","Mon Sep 21 10:47:30 UTC 2026","Exceptions — Smoke (Continued)","specs\Smoke\8-ExceptionsSmoke.spec.ts","",""
"","9388","Validate forgot password with unregistered email","webkit","Mon Sep 21 10:31:34 UTC 2026","passed","Mon Sep 21 10:31:43 UTC 2026","","specs\Smoke\1-LoginSmoke.spec.ts","",""
"","13364","Navigation tabs to Pre-Decisions, Approvals, and Exception History are visible","chromium","Mon Sep 21 10:22:45 UTC 2026","passed","Mon Sep 21 10:22:59 UTC 2026","Exceptions — Smoke (Continued)","specs\Smoke\8-ExceptionsSmoke.spec.ts","",""
"","10000","Saved Filters dropdown is visible and defaults to no preset","chromium","Mon Sep 21 10:21:23 UTC 2026","passed","Mon Sep 21 10:21:33 UTC 2026","ACH — Smoke","specs\Smoke\7-ACHSmoke.spec.ts","",""
"","17689","Previous page button returns to page 1, First page button re-enables disabled state","firefox","Mon Sep 21 10:20:14 UTC 2026","passed","Mon Sep 21 10:20:32 UTC 2026","Issued Checks — Smoke","specs\Smoke\4-IssuedChecksSmoke.spec.ts","",""
"","13569","API link is visible and points to swagger","msedge","Mon Sep 21 10:16:33 UTC 2026","passed","Mon Sep 21 10:16:46 UTC 2026","Application Navigation Smoke Tests","specs\Smoke\2-NavigationSmoke.spec.ts","",""
"","16199","Users sub-page loads correctly","firefox","Mon Sep 21 10:13:24 UTC 2026","passed","Mon Sep 21 10:13:40 UTC 2026","Application Navigation Smoke Tests","specs\Smoke\2-NavigationSmoke.spec.ts","",""
"","10921","ACH page loads correctly","msedge","Mon Sep 21 10:12:25 UTC 2026","passed","Mon Sep 21 10:12:36 UTC 2026","Application Navigation Smoke Tests","specs\Smoke\2-NavigationSmoke.spec.ts","",""
"","15629","Default Decision Log sub-page loads correctly","webkit","Mon Sep 21 10:35:52 UTC 2026","passed","Mon Sep 21 10:36:08 UTC 2026","Application Navigation Smoke Tests","specs\Smoke\2-NavigationSmoke.spec.ts","",""
"","14977","Validate Login functionality with correctCredentials","webkit","Mon Sep 21 10:29:22 UTC 2026","passed","Mon Sep 21 10:29:37 UTC 2026","","specs\Smoke\1-LoginSmoke.spec.ts","",""
"","7874","Pre-Decisions page loads with either records or the empty-state message","msedge","Mon Sep 21 10:25:50 UTC 2026","passed","Mon Sep 21 10:25:58 UTC 2026","Exceptions — Smoke (Continued)","specs\Smoke\8-ExceptionsSmoke.spec.ts","",""
"","6103","Validate Login functionality with incorrectPassword","msedge","Mon Sep 21 10:11:59 UTC 2026","passed","Mon Sep 21 10:12:05 UTC 2026","","specs\Smoke\1-LoginSmoke.spec.ts","",""
"","16848","Save a filter preset, verify it is auto-selected, then delete it","msedge","Mon Sep 21 10:23:58 UTC 2026","passed","Mon Sep 21 10:24:15 UTC 2026","ACH — Smoke","specs\Smoke\7-ACHSmoke.spec.ts","",""
"","15813","Clicking a column header sorts ascending, clicking again sorts descending","firefox","Mon Sep 21 10:26:39 UTC 2026","passed","Mon Sep 21 10:26:54 UTC 2026","Exceptions — Smoke (Continued)","specs\Smoke\8-ExceptionsSmoke.spec.ts","",""
"","9988","""+ Add ACH"" navigates to the add-ACH form","chromium","Mon Sep 21 10:19:53 UTC 2026","passed","Mon Sep 21 10:20:03 UTC 2026","ACH — Smoke","specs\Smoke\7-ACHSmoke.spec.ts","",""
"","15564","Page size change to 10 updates pagination info in bottom-right pager","firefox","Mon Sep 21 10:24:34 UTC 2026","passed","Mon Sep 21 10:24:50 UTC 2026","ACH — Smoke","specs\Smoke\7-ACHSmoke.spec.ts","",""
"","20158","""Uploaded Checks"" navigates to the uploads page","webkit","Mon Sep 21 10:38:24 UTC 2026","passed","Mon Sep 21 10:38:44 UTC 2026","Presented Checks — Smoke","specs\Smoke\5-PresentedChecksSmoke.spec.ts","",""
"","17448","Page size change to 10 updates pagination info in bottom-right pager","webkit","Mon Sep 21 10:39:22 UTC 2026","passed","Mon Sep 21 10:39:39 UTC 2026","Presented Checks — Smoke","specs\Smoke\5-PresentedChecksSmoke.spec.ts","",""
"","15886","Default Decision Log sub-page loads correctly","chromium","Mon Sep 21 10:15:18 UTC 2026","passed","Mon Sep 21 10:15:34 UTC 2026","Application Navigation Smoke Tests","specs\Smoke\2-NavigationSmoke.spec.ts","",""
"","8590","Page size change to 10 updates pagination info in bottom-right pager","chromium","Mon Sep 21 10:17:11 UTC 2026","passed","Mon Sep 21 10:17:20 UTC 2026","Presented Checks — Smoke","specs\Smoke\5-PresentedChecksSmoke.spec.ts","",""
"","11235","Business Clients sub-page loads correctly","chromium","Mon Sep 21 10:13:11 UTC 2026","passed","Mon Sep 21 10:13:23 UTC 2026","Application Navigation Smoke Tests","specs\Smoke\2-NavigationSmoke.spec.ts","",""
"","16604","Home page is accessible and shows dashboard","chromium","Mon Sep 21 10:11:44 UTC 2026","passed","Mon Sep 21 10:12:01 UTC 2026","Application Navigation Smoke Tests","specs\Smoke\2-NavigationSmoke.spec.ts","",""
"","4777","Pre-Decisions page loads with either records or the empty-state message","chromium","Mon Sep 21 10:23:26 UTC 2026","passed","Mon Sep 21 10:23:30 UTC 2026","Exceptions — Smoke (Continued)","specs\Smoke\8-ExceptionsSmoke.spec.ts","",""
"","8677","System Log sub-page loads correctly","chromium","Mon Sep 21 10:15:34 UTC 2026","passed","Mon Sep 21 10:15:42 UTC 2026","Application Navigation Smoke Tests","specs\Smoke\2-NavigationSmoke.spec.ts","",""
"","16750","Saved Filters dropdown is visible and defaults to no preset","webkit","Mon Sep 21 10:40:57 UTC 2026","passed","Mon Sep 21 10:41:14 UTC 2026","Presented Checks — Smoke","specs\Smoke\5-PresentedChecksSmoke.spec.ts","",""
"","13557","Verify Home dashboard is restored after returning from another page","msedge","Mon Sep 21 10:15:39 UTC 2026","passed","Mon Sep 21 10:15:52 UTC 2026","Home Dashboard","specs\Smoke\3-HomeDashboardSmoke.spec.ts","",""
"","13362","Excel export button is visible and enabled","webkit","Mon Sep 21 10:44:34 UTC 2026","passed","Mon Sep 21 10:44:48 UTC 2026","Exceptions — Smoke","specs\Smoke\8-ExceptionsSmoke.spec.ts","",""
"","14077","Verify navigation to Presented Checks via nav menu","webkit","Mon Sep 21 10:36:43 UTC 2026","passed","Mon Sep 21 10:36:57 UTC 2026","Home Dashboard","specs\Smoke\3-HomeDashboardSmoke.spec.ts","",""
"","19052","""Delete"" on a row shows a confirm modal; Cancel dismisses it without deleting","webkit","Mon Sep 21 10:43:22 UTC 2026","passed","Mon Sep 21 10:43:41 UTC 2026","Presented Checks — Smoke (Continued)","specs\Smoke\5-PresentedChecksSmoke.spec.ts","",""
"","18223","Excel export button is visible and enabled","firefox","Mon Sep 21 10:24:17 UTC 2026","passed","Mon Sep 21 10:24:35 UTC 2026","Exceptions — Smoke","specs\Smoke\8-ExceptionsSmoke.spec.ts","",""
"","27981","ACH Approval Rules sub-page loads correctly","webkit","Mon Sep 21 10:35:08 UTC 2026","passed","Mon Sep 21 10:35:36 UTC 2026","Application Navigation Smoke Tests","specs\Smoke\2-NavigationSmoke.spec.ts","",""
"","13363","ACH breadcrumb link is visible on the page","firefox","Mon Sep 21 10:28:24 UTC 2026","passed","Mon Sep 21 10:28:37 UTC 2026","ACH — Smoke","specs\Smoke\7-ACHSmoke.spec.ts","",""
"","11529","Settings page loads correctly","chromium","Mon Sep 21 10:12:50 UTC 2026","passed","Mon Sep 21 10:13:02 UTC 2026","Application Navigation Smoke Tests","specs\Smoke\2-NavigationSmoke.spec.ts","",""
"","15498","Navigation tabs to Pre-Decisions, Approvals, and Exception History are visible","webkit","Mon Sep 21 10:49:28 UTC 2026","passed","Mon Sep 21 10:49:44 UTC 2026","Exceptions — Smoke (Continued)","specs\Smoke\8-ExceptionsSmoke.spec.ts","",""
"","13050","Open Exceptions page loads with either exception cards or the empty-state message","msedge","Mon Sep 21 10:25:17 UTC 2026","passed","Mon Sep 21 10:25:30 UTC 2026","Exceptions — Smoke (Continued)","specs\Smoke\8-ExceptionsSmoke.spec.ts","",""
"","13786","Settings page loads correctly","webkit","Mon Sep 21 10:30:51 UTC 2026","passed","Mon Sep 21 10:31:04 UTC 2026","Application Navigation Smoke Tests","specs\Smoke\2-NavigationSmoke.spec.ts","",""
"","11259","Validate Login functionality with missingPassword","webkit","Mon Sep 21 10:30:26 UTC 2026","passed","Mon Sep 21 10:30:38 UTC 2026","","specs\Smoke\1-LoginSmoke.spec.ts","",""
"","10630","Presented Checks page loads correctly","chromium","Mon Sep 21 10:12:11 UTC 2026","passed","Mon Sep 21 10:12:22 UTC 2026","Application Navigation Smoke Tests","specs\Smoke\2-NavigationSmoke.spec.ts","",""
"","18621","Clicking a column header sorts ascending, clicking again sorts descending","webkit","Mon Sep 21 10:47:30 UTC 2026","passed","Mon Sep 21 10:47:49 UTC 2026","Exceptions — Smoke (Continued)","specs\Smoke\8-ExceptionsSmoke.spec.ts","",""
"","12006","Typing a page number navigates to that page","msedge","Mon Sep 21 10:19:13 UTC 2026","passed","Mon Sep 21 10:19:25 UTC 2026","Presented Checks — Smoke","specs\Smoke\5-PresentedChecksSmoke.spec.ts","",""
"","9134","Verify dashboard loads after successful login","msedge","Mon Sep 21 10:13:27 UTC 2026","passed","Mon Sep 21 10:13:36 UTC 2026","Home Dashboard","specs\Smoke\3-HomeDashboardSmoke.spec.ts","",""
"","15322","Clicking a column header sorts ascending, clicking again sorts descending","firefox","Mon Sep 21 10:21:20 UTC 2026","passed","Mon Sep 21 10:21:35 UTC 2026","Issued Checks — Smoke (Continued)","specs\Smoke\4-IssuedChecksSmoke.spec.ts","",""
"","11195","Open Exceptions page loads with either exception cards or the empty-state message","chromium","Mon Sep 21 10:22:59 UTC 2026","passed","Mon Sep 21 10:23:10 UTC 2026","Exceptions — Smoke (Continued)","specs\Smoke\8-ExceptionsSmoke.spec.ts","",""
"","15224","Saved Filters dropdown is visible and defaults to no preset","firefox","Mon Sep 21 10:20:32 UTC 2026","passed","Mon Sep 21 10:20:47 UTC 2026","Issued Checks — Smoke","specs\Smoke\4-IssuedChecksSmoke.spec.ts","",""
"","8931","Verify dashboard tab checked state updates correctly","chromium","Mon Sep 21 10:14:20 UTC 2026","passed","Mon Sep 21 10:14:29 UTC 2026","Home Dashboard","specs\Smoke\3-HomeDashboardSmoke.spec.ts","",""
"","10545","Verify navigation to Settings via nav menu","msedge","Mon Sep 21 10:16:36 UTC 2026","passed","Mon Sep 21 10:16:47 UTC 2026","Home Dashboard","specs\Smoke\3-HomeDashboardSmoke.spec.ts","",""
"","5971","Validate Login functionality with incorrectPassword","firefox","Mon Sep 21 10:11:59 UTC 2026","passed","Mon Sep 21 10:12:05 UTC 2026","","specs\Smoke\1-LoginSmoke.spec.ts","",""
"","12423","Verify navigation to Issued Checks via nav menu","msedge","Mon Sep 21 10:15:52 UTC 2026","passed","Mon Sep 21 10:16:05 UTC 2026","Home Dashboard","specs\Smoke\3-HomeDashboardSmoke.spec.ts","",""
"","7383","Automatic ACH Decision Rules sub-page loads correctly","chromium","Mon Sep 21 10:14:53 UTC 2026","passed","Mon Sep 21 10:15:00 UTC 2026","Application Navigation Smoke Tests","specs\Smoke\2-NavigationSmoke.spec.ts","",""
"","18997","Column filter popup applies a filter and Clear restores the full row set","firefox","Mon Sep 21 10:22:13 UTC 2026","passed","Mon Sep 21 10:22:32 UTC 2026","Presented Checks — Smoke (Continued)","specs\Smoke\5-PresentedChecksSmoke.spec.ts","",""
"","11833","Saved Filters dropdown is visible and defaults to no preset","msedge","Mon Sep 21 10:19:29 UTC 2026","passed","Mon Sep 21 10:19:41 UTC 2026","Issued Checks — Smoke","specs\Smoke\4-IssuedChecksSmoke.spec.ts","",""
"","25060","Column filter popup applies a filter and Clear restores the full row set","webkit","Mon Sep 21 10:42:22 UTC 2026","passed","Mon Sep 21 10:42:47 UTC 2026","Presented Checks — Smoke (Continued)","specs\Smoke\5-PresentedChecksSmoke.spec.ts","",""
"","11083","Grid View toggle navigates to the open-exceptions grid and shows key column headers","chromium","Mon Sep 21 10:23:10 UTC 2026","passed","Mon Sep 21 10:23:21 UTC 2026","Exceptions — Smoke (Continued)","specs\Smoke\8-ExceptionsSmoke.spec.ts","",""
"","14624","Default Decision Log sub-page loads correctly","firefox","Mon Sep 21 10:17:00 UTC 2026","passed","Mon Sep 21 10:17:15 UTC 2026","Application Navigation Smoke Tests","specs\Smoke\2-NavigationSmoke.spec.ts","",""
"","11981","""Delete"" on a row shows a confirm modal; Cancel dismisses it without deleting","msedge","Mon Sep 21 10:21:00 UTC 2026","passed","Mon Sep 21 10:21:12 UTC 2026","Issued Checks — Smoke (Continued)","specs\Smoke\4-IssuedChecksSmoke.spec.ts","",""
"","14528","Notification Log sub-page loads correctly","msedge","Mon Sep 21 10:15:39 UTC 2026","passed","Mon Sep 21 10:15:54 UTC 2026","Application Navigation Smoke Tests","specs\Smoke\2-NavigationSmoke.spec.ts","",""
"","7890","Validate Login functionality with sqlInjection","webkit","Mon Sep 21 10:30:47 UTC 2026","passed","Mon Sep 21 10:30:55 UTC 2026","","specs\Smoke\1-LoginSmoke.spec.ts","",""
"","19585","Saved Filters dropdown is visible and defaults to no preset","webkit","Mon Sep 21 10:46:26 UTC 2026","passed","Mon Sep 21 10:46:45 UTC 2026","Exceptions — Smoke","specs\Smoke\8-ExceptionsSmoke.spec.ts","",""
"","7381","Approvals page loads with either records or the empty-state message","firefox","Mon Sep 21 10:28:48 UTC 2026","passed","Mon Sep 21 10:28:55 UTC 2026","Exceptions — Smoke (Continued)","specs\Smoke\8-ExceptionsSmoke.spec.ts","",""
"","13332","Users sub-page loads correctly","chromium","Mon Sep 21 10:13:23 UTC 2026","passed","Mon Sep 21 10:13:36 UTC 2026","Application Navigation Smoke Tests","specs\Smoke\2-NavigationSmoke.spec.ts","",""
"","28813","""View"" link on a row opens the Exception Details dialog","webkit","Mon Sep 21 10:48:16 UTC 2026","passed","Mon Sep 21 10:48:44 UTC 2026","Exceptions — Smoke (Continued)","specs\Smoke\8-ExceptionsSmoke.spec.ts","",""
"","7130","Verify Total Exceptions and Total Exception Amount labels are visible","chromium","Mon Sep 21 10:14:46 UTC 2026","passed","Mon Sep 21 10:14:53 UTC 2026","Home Dashboard","specs\Smoke\3-HomeDashboardSmoke.spec.ts","",""
"","11548","Previous page button returns to page 1, First page button re-enables disabled state","chromium","Mon Sep 21 10:20:48 UTC 2026","passed","Mon Sep 21 10:20:59 UTC 2026","Exceptions — Smoke","specs\Smoke\8-ExceptionsSmoke.spec.ts","",""
"","11272","Grid View toggle navigates to the open-exceptions grid and shows key column headers","msedge","Mon Sep 21 10:25:30 UTC 2026","passed","Mon Sep 21 10:25:41 UTC 2026","Exceptions — Smoke (Continued)","specs\Smoke\8-ExceptionsSmoke.spec.ts","",""
"","13246","Clicking a column header sorts ascending, clicking again sorts descending","msedge","Mon Sep 21 10:23:58 UTC 2026","passed","Mon Sep 21 10:24:11 UTC 2026","Exceptions — Smoke (Continued)","specs\Smoke\8-ExceptionsSmoke.spec.ts","",""
"","14761","Page size change to 10 updates pagination info in bottom-right pager","firefox","Mon Sep 21 10:24:35 UTC 2026","passed","Mon Sep 21 10:24:50 UTC 2026","Exceptions — Smoke","specs\Smoke\8-ExceptionsSmoke.spec.ts","",""
"","14365","Previous page button returns to page 1, First page button re-enables disabled state","msedge","Mon Sep 21 10:19:25 UTC 2026","passed","Mon Sep 21 10:19:39 UTC 2026","Presented Checks — Smoke","specs\Smoke\5-PresentedChecksSmoke.spec.ts","",""
"","17808","Excel export button is visible and enabled","firefox","Mon Sep 21 10:24:17 UTC 2026","passed","Mon Sep 21 10:24:34 UTC 2026","ACH — Smoke","specs\Smoke\7-ACHSmoke.spec.ts","",""
"","14511","Validate Login functionality with correctCredentials","chromium","Mon Sep 21 10:11:44 UTC 2026","passed","Mon Sep 21 10:11:59 UTC 2026","","specs\Smoke\1-LoginSmoke.spec.ts","",""
"","10586","API link is visible and points to swagger","chromium","Mon Sep 21 10:15:54 UTC 2026","passed","Mon Sep 21 10:16:05 UTC 2026","Application Navigation Smoke Tests","specs\Smoke\2-NavigationSmoke.spec.ts","",""
"","10921","Exceptions page loads correctly","firefox","Mon Sep 21 10:12:36 UTC 2026","passed","Mon Sep 21 10:12:47 UTC 2026","Application Navigation Smoke Tests","specs\Smoke\2-NavigationSmoke.spec.ts","",""
"","9119","Last page arrow jumps to the final page","chromium","Mon Sep 21 10:17:29 UTC 2026","passed","Mon Sep 21 10:17:38 UTC 2026","Presented Checks — Smoke","specs\Smoke\5-PresentedChecksSmoke.spec.ts","",""
"","14691","Column filter menu applies a filter and Clear restores the full row set","chromium","Mon Sep 21 10:21:58 UTC 2026","passed","Mon Sep 21 10:22:13 UTC 2026","Exceptions — Smoke (Continued)","specs\Smoke\8-ExceptionsSmoke.spec.ts","",""
"","13359","Exceptions breadcrumb link is visible on the page","firefox","Mon Sep 21 10:27:54 UTC 2026","passed","Mon Sep 21 10:28:07 UTC 2026","Exceptions — Smoke (Continued)","specs\Smoke\8-ExceptionsSmoke.spec.ts","",""
"","25449","Default filter auto-applies after logout and re-login","chromium","Mon Sep 21 10:21:33 UTC 2026","passed","Mon Sep 21 10:21:59 UTC 2026","ACH — Smoke","specs\Smoke\7-ACHSmoke.spec.ts","",""
"","14165","Business Clients sub-page loads correctly","webkit","Mon Sep 21 10:31:18 UTC 2026","passed","Mon Sep 21 10:31:32 UTC 2026","Application Navigation Smoke Tests","specs\Smoke\2-NavigationSmoke.spec.ts","",""
"","22308","Search box filters grid and clears correctly","webkit","Mon Sep 21 10:38:03 UTC 2026","passed","Mon Sep 21 10:38:25 UTC 2026","Issued Checks — Smoke","specs\Smoke\4-IssuedChecksSmoke.spec.ts","",""
"","11939","Decision Files sub-page loads correctly","msedge","Mon Sep 21 10:13:57 UTC 2026","passed","Mon Sep 21 10:14:09 UTC 2026","Application Navigation Smoke Tests","specs\Smoke\2-NavigationSmoke.spec.ts","",""
"","12374","Default filter auto-applies after logout and re-login","webkit","Mon Sep 21 10:46:45 UTC 2026","skipped","Mon Sep 21 10:46:58 UTC 2026","Exceptions — Default Filter (Serial)","specs\Smoke\8-ExceptionsSmoke.spec.ts","",""
"","10277","Roles/Permissions sub-page loads correctly","msedge","Mon Sep 21 10:13:27 UTC 2026","passed","Mon Sep 21 10:13:37 UTC 2026","Application Navigation Smoke Tests","specs\Smoke\2-NavigationSmoke.spec.ts","",""
"","15271","Last page arrow jumps to the final page","firefox","Mon Sep 21 10:20:17 UTC 2026","passed","Mon Sep 21 10:20:32 UTC 2026","Presented Checks — Smoke","specs\Smoke\5-PresentedChecksSmoke.spec.ts","",""
"","15953","Decision Files sub-page loads correctly","webkit","Mon Sep 21 10:32:33 UTC 2026","passed","Mon Sep 21 10:32:49 UTC 2026","Application Navigation Smoke Tests","specs\Smoke\2-NavigationSmoke.spec.ts","",""
"","18862","""+ Add ACH"" navigates to the add-ACH form","webkit","Mon Sep 21 10:44:46 UTC 2026","passed","Mon Sep 21 10:45:05 UTC 2026","ACH — Smoke","specs\Smoke\7-ACHSmoke.spec.ts","",""
"","11192","""View"" (Change Log) link on a row navigates to the entity log","msedge","Mon Sep 21 10:20:49 UTC 2026","passed","Mon Sep 21 10:21:00 UTC 2026","Issued Checks — Smoke (Continued)","specs\Smoke\4-IssuedChecksSmoke.spec.ts","",""
"","12244","ACH page loads correctly","firefox","Mon Sep 21 10:12:24 UTC 2026","passed","Mon Sep 21 10:12:36 UTC 2026","Application Navigation Smoke Tests","specs\Smoke\2-NavigationSmoke.spec.ts","",""
"","17190","""View"" (Change Log) link on a row navigates to the entity log","webkit","Mon Sep 21 10:49:28 UTC 2026","passed","Mon Sep 21 10:49:46 UTC 2026","ACH — Smoke","specs\Smoke\7-ACHSmoke.spec.ts","",""
"","19560","Home page is accessible and shows dashboard","firefox","Mon Sep 21 10:11:28 UTC 2026","passed","Mon Sep 21 10:11:48 UTC 2026","Application Navigation Smoke Tests","specs\Smoke\2-NavigationSmoke.spec.ts","",""
"","11871","File Processing sub-page loads correctly","chromium","Mon Sep 21 10:15:42 UTC 2026","passed","Mon Sep 21 10:15:54 UTC 2026","Application Navigation Smoke Tests","specs\Smoke\2-NavigationSmoke.spec.ts","",""
"","17040","""+ Add Check"" navigates to the add-check form","webkit","Mon Sep 21 10:37:30 UTC 2026","passed","Mon Sep 21 10:37:47 UTC 2026","Issued Checks — Smoke","specs\Smoke\4-IssuedChecksSmoke.spec.ts","",""
"","16940","Saved Filters dropdown is visible and defaults to no preset","webkit","Mon Sep 21 10:47:42 UTC 2026","passed","Mon Sep 21 10:47:58 UTC 2026","ACH — Smoke","specs\Smoke\7-ACHSmoke.spec.ts","",""
"","13683","Exceptions page loads correctly","webkit","Mon Sep 21 10:30:37 UTC 2026","passed","Mon Sep 21 10:30:51 UTC 2026","Application Navigation Smoke Tests","specs\Smoke\2-NavigationSmoke.spec.ts","",""
"","14390","Open Exceptions page loads with either exception cards or the empty-state message","firefox","Mon Sep 21 10:28:21 UTC 2026","passed","Mon Sep 21 10:28:35 UTC 2026","Exceptions — Smoke (Continued)","specs\Smoke\8-ExceptionsSmoke.spec.ts","",""
"","10978","Notification Templates sub-page loads correctly","msedge","Mon Sep 21 10:14:34 UTC 2026","passed","Mon Sep 21 10:14:45 UTC 2026","Application Navigation Smoke Tests","specs\Smoke\2-NavigationSmoke.spec.ts","",""
"","6583","Check Approval Rules sub-page loads correctly","chromium","Mon Sep 21 10:14:46 UTC 2026","passed","Mon Sep 21 10:14:53 UTC 2026","Application Navigation Smoke Tests","specs\Smoke\2-NavigationSmoke.spec.ts","",""
"","11561","Verify tab-specific charts are hidden for opposite tab","firefox","Mon Sep 21 10:15:02 UTC 2026","passed","Mon Sep 21 10:15:14 UTC 2026","Home Dashboard","specs\Smoke\3-HomeDashboardSmoke.spec.ts","",""
"","23848","""+ Add Check"" navigates to the add-check form","webkit","Mon Sep 21 10:38:00 UTC 2026","passed","Mon Sep 21 10:38:24 UTC 2026","Presented Checks — Smoke","specs\Smoke\5-PresentedChecksSmoke.spec.ts","",""
"","10399","Validate Login functionality with incorrectUsername","webkit","Mon Sep 21 10:29:57 UTC 2026","passed","Mon Sep 21 10:30:08 UTC 2026","","specs\Smoke\1-LoginSmoke.spec.ts","",""
"","8076","Excel export button is visible and enabled","chromium","Mon Sep 21 10:20:21 UTC 2026","passed","Mon Sep 21 10:20:29 UTC 2026","ACH — Smoke","specs\Smoke\7-ACHSmoke.spec.ts","",""
"","8769","Validate forgot password functionality","webkit","Mon Sep 21 10:31:14 UTC 2026","passed","Mon Sep 21 10:31:23 UTC 2026","","specs\Smoke\1-LoginSmoke.spec.ts","",""
"","8472","Validate forgot password functionality with No email","chromium","Mon Sep 21 10:13:11 UTC 2026","passed","Mon Sep 21 10:13:19 UTC 2026","","specs\Smoke\1-LoginSmoke.spec.ts","",""
"","14134","Search box filters grid and clears correctly","msedge","Mon Sep 21 10:17:42 UTC 2026","passed","Mon Sep 21 10:17:56 UTC 2026","Presented Checks — Smoke","specs\Smoke\5-PresentedChecksSmoke.spec.ts","",""
"","14395","Verify navigation to Presented Checks via nav menu","firefox","Mon Sep 21 10:17:08 UTC 2026","passed","Mon Sep 21 10:17:23 UTC 2026","Home Dashboard","specs\Smoke\3-HomeDashboardSmoke.spec.ts","",""
"","13567","Teller page loads correctly","webkit","Mon Sep 21 10:30:08 UTC 2026","passed","Mon Sep 21 10:30:22 UTC 2026","Application Navigation Smoke Tests","specs\Smoke\2-NavigationSmoke.spec.ts","",""
"","12302","Branding sub-page loads correctly","firefox","Mon Sep 21 10:13:58 UTC 2026","passed","Mon Sep 21 10:14:10 UTC 2026","Application Navigation Smoke Tests","specs\Smoke\2-NavigationSmoke.spec.ts","",""
"","15994","""+ Add Check"" navigates to the add-check form","firefox","Mon Sep 21 10:18:33 UTC 2026","passed","Mon Sep 21 10:18:49 UTC 2026","Presented Checks — Smoke","specs\Smoke\5-PresentedChecksSmoke.spec.ts","",""
"","11799","Clicking a column header sorts ascending, clicking again sorts descending","msedge","Mon Sep 21 10:24:15 UTC 2026","passed","Mon Sep 21 10:24:27 UTC 2026","ACH — Smoke","specs\Smoke\7-ACHSmoke.spec.ts","",""
"","9556","Exceptions breadcrumb link is visible on the page","chromium","Mon Sep 21 10:22:36 UTC 2026","passed","Mon Sep 21 10:22:45 UTC 2026","Exceptions — Smoke (Continued)","specs\Smoke\8-ExceptionsSmoke.spec.ts","",""
"","22285","Save a filter preset, verify it is auto-selected, then delete it","firefox","Mon Sep 21 10:26:28 UTC 2026","passed","Mon Sep 21 10:26:50 UTC 2026","ACH — Smoke","specs\Smoke\7-ACHSmoke.spec.ts","",""
"","17936","Exceptions breadcrumb link is visible on the page","webkit","Mon Sep 21 10:49:10 UTC 2026","passed","Mon Sep 21 10:49:28 UTC 2026","Exceptions — Smoke (Continued)","specs\Smoke\8-ExceptionsSmoke.spec.ts","",""
"","6480","Validate Login functionality with incorrectUsername","firefox","Mon Sep 21 10:12:05 UTC 2026","passed","Mon Sep 21 10:12:12 UTC 2026","","specs\Smoke\1-LoginSmoke.spec.ts","",""
"","20714","Validate Login functionality with correctCredentials","firefox","Mon Sep 21 10:11:28 UTC 2026","passed","Mon Sep 21 10:11:49 UTC 2026","","specs\Smoke\1-LoginSmoke.spec.ts","",""
"","6344","Validate forgot password with unregistered email","firefox","Mon Sep 21 10:13:08 UTC 2026","passed","Mon Sep 21 10:13:14 UTC 2026","","specs\Smoke\1-LoginSmoke.spec.ts","",""
"","16729","Notification Log sub-page loads correctly","firefox","Mon Sep 21 10:16:43 UTC 2026","passed","Mon Sep 21 10:17:00 UTC 2026","Application Navigation Smoke Tests","specs\Smoke\2-NavigationSmoke.spec.ts","",""
"","17826","Last page arrow jumps to the final page","webkit","Mon Sep 21 10:39:58 UTC 2026","passed","Mon Sep 21 10:40:16 UTC 2026","Presented Checks — Smoke","specs\Smoke\5-PresentedChecksSmoke.spec.ts","",""
"","12810","Issued Checks breadcrumb link is visible on the page","firefox","Mon Sep 21 10:22:46 UTC 2026","passed","Mon Sep 21 10:22:59 UTC 2026","Issued Checks — Smoke (Continued)","specs\Smoke\4-IssuedChecksSmoke.spec.ts","",""
"","10490","Previous page button returns to page 1, First page button re-enables disabled state","chromium","Mon Sep 21 10:17:38 UTC 2026","passed","Mon Sep 21 10:17:48 UTC 2026","Issued Checks — Smoke","specs\Smoke\4-IssuedChecksSmoke.spec.ts","",""
"","25060","Verify summary KPI values have expected number formats","webkit","Mon Sep 21 10:35:06 UTC 2026","passed","Mon Sep 21 10:35:31 UTC 2026","Home Dashboard","specs\Smoke\3-HomeDashboardSmoke.spec.ts","",""
"","16448","Search box filters grid and clears correctly","firefox","Mon Sep 21 10:24:00 UTC 2026","passed","Mon Sep 21 10:24:17 UTC 2026","ACH — Smoke","specs\Smoke\7-ACHSmoke.spec.ts","",""
"","10493","Presented Checks page loads correctly","firefox","Mon Sep 21 10:12:02 UTC 2026","passed","Mon Sep 21 10:12:13 UTC 2026","Application Navigation Smoke Tests","specs\Smoke\2-NavigationSmoke.spec.ts","",""
"","13199","ACH Approval Rules sub-page loads correctly","msedge","Mon Sep 21 10:15:26 UTC 2026","passed","Mon Sep 21 10:15:39 UTC 2026","Application Navigation Smoke Tests","specs\Smoke\2-NavigationSmoke.spec.ts","",""
"","11183","Exceptions breadcrumb link is visible on the page","msedge","Mon Sep 21 10:24:55 UTC 2026","passed","Mon Sep 21 10:25:06 UTC 2026","Exceptions — Smoke (Continued)","specs\Smoke\8-ExceptionsSmoke.spec.ts","",""
"","10155","Presented Checks page loads correctly","msedge","Mon Sep 21 10:12:05 UTC 2026","passed","Mon Sep 21 10:12:15 UTC 2026","Application Navigation Smoke Tests","specs\Smoke\2-NavigationSmoke.spec.ts","",""
"","17576","""Uploaded ACH"" navigates to the uploads page","webkit","Mon Sep 21 10:45:05 UTC 2026","passed","Mon Sep 21 10:45:23 UTC 2026","ACH — Smoke","specs\Smoke\7-ACHSmoke.spec.ts","",""
"","17317","""+ Add ACH"" navigates to the add-ACH form","firefox","Mon Sep 21 10:23:27 UTC 2026","passed","Mon Sep 21 10:23:44 UTC 2026","ACH — Smoke","specs\Smoke\7-ACHSmoke.spec.ts","",""
"","6489","Validate forgot password functionality","chromium","Mon Sep 21 10:13:04 UTC 2026","passed","Mon Sep 21 10:13:11 UTC 2026","","specs\Smoke\1-LoginSmoke.spec.ts","",""
"","7759","Notification Templates sub-page loads correctly","chromium","Mon Sep 21 10:14:30 UTC 2026","passed","Mon Sep 21 10:14:38 UTC 2026","Application Navigation Smoke Tests","specs\Smoke\2-NavigationSmoke.spec.ts","",""
"","18607","Open Exceptions page loads with either exception cards or the empty-state message","webkit","Mon Sep 21 10:49:44 UTC 2026","passed","Mon Sep 21 10:50:02 UTC 2026","Exceptions — Smoke (Continued)","specs\Smoke\8-ExceptionsSmoke.spec.ts","",""
"","18114","Typing a page number navigates to that page","webkit","Mon Sep 21 10:45:42 UTC 2026","passed","Mon Sep 21 10:46:00 UTC 2026","Exceptions — Smoke","specs\Smoke\8-ExceptionsSmoke.spec.ts","",""
"","15617","Typing a page number navigates to that page","firefox","Mon Sep 21 10:25:22 UTC 2026","passed","Mon Sep 21 10:25:38 UTC 2026","ACH — Smoke","specs\Smoke\7-ACHSmoke.spec.ts","",""
"","11578","""+ Add Check"" navigates to the add-check form","msedge","Mon Sep 21 10:17:06 UTC 2026","passed","Mon Sep 21 10:17:17 UTC 2026","Issued Checks — Smoke","specs\Smoke\4-IssuedChecksSmoke.spec.ts","",""
"","6818","Validate Login functionality with incorrectPassword","chromium","Mon Sep 21 10:12:07 UTC 2026","passed","Mon Sep 21 10:12:14 UTC 2026","","specs\Smoke\1-LoginSmoke.spec.ts","",""
"","10036","Billing Reports sub-page loads correctly","msedge","Mon Sep 21 10:13:47 UTC 2026","passed","Mon Sep 21 10:13:57 UTC 2026","Application Navigation Smoke Tests","specs\Smoke\2-NavigationSmoke.spec.ts","",""
"","14332","Typing a page number navigates to that page","firefox","Mon Sep 21 10:20:32 UTC 2026","passed","Mon Sep 21 10:20:46 UTC 2026","Presented Checks — Smoke","specs\Smoke\5-PresentedChecksSmoke.spec.ts","",""
"","25818","Previous page button returns to page 1, First page button re-enables disabled state","webkit","Mon Sep 21 10:46:00 UTC 2026","passed","Mon Sep 21 10:46:26 UTC 2026","Exceptions — Smoke","specs\Smoke\8-ExceptionsSmoke.spec.ts","",""
"","23337","Save a filter preset, verify it is auto-selected, then delete it","firefox","Mon Sep 21 10:21:35 UTC 2026","passed","Mon Sep 21 10:21:58 UTC 2026","Presented Checks — Smoke (Continued)","specs\Smoke\5-PresentedChecksSmoke.spec.ts","",""
"","9097","Validate Login functionality with xssInUsername","firefox","Mon Sep 21 10:12:39 UTC 2026","passed","Mon Sep 21 10:12:48 UTC 2026","","specs\Smoke\1-LoginSmoke.spec.ts","",""
"","8876","Last page arrow jumps to the final page","chromium","Mon Sep 21 10:17:20 UTC 2026","passed","Mon Sep 21 10:17:29 UTC 2026","Issued Checks — Smoke","specs\Smoke\4-IssuedChecksSmoke.spec.ts","",""
"","12390","""+ Add Check"" navigates to the add-check form","msedge","Mon Sep 21 10:17:18 UTC 2026","passed","Mon Sep 21 10:17:30 UTC 2026","Presented Checks — Smoke","specs\Smoke\5-PresentedChecksSmoke.spec.ts","",""
"","16651","Pay/Return decision badge navigates to exception history","webkit","Mon Sep 21 10:43:41 UTC 2026","passed","Mon Sep 21 10:43:58 UTC 2026","Presented Checks — Smoke (Continued)","specs\Smoke\5-PresentedChecksSmoke.spec.ts","",""
"","8830","Verify ACH Only tab shows ACH-specific chart sections","msedge","Mon Sep 21 10:14:03 UTC 2026","passed","Mon Sep 21 10:14:12 UTC 2026","Home Dashboard","specs\Smoke\3-HomeDashboardSmoke.spec.ts","",""
"","27201","Automatic ACH Decision Rules sub-page loads correctly","webkit","Mon Sep 21 10:34:41 UTC 2026","passed","Mon Sep 21 10:35:08 UTC 2026","Application Navigation Smoke Tests","specs\Smoke\2-NavigationSmoke.spec.ts","",""
"","5449","Validate forgot password with unregistered email","msedge","Mon Sep 21 10:13:04 UTC 2026","passed","Mon Sep 21 10:13:09 UTC 2026","","specs\Smoke\1-LoginSmoke.spec.ts","",""
"","15011","Previous page button returns to page 1, First page button re-enables disabled state","chromium","Mon Sep 21 10:21:08 UTC 2026","passed","Mon Sep 21 10:21:23 UTC 2026","ACH — Smoke","specs\Smoke\7-ACHSmoke.spec.ts","",""
"","9594","Users sub-page loads correctly","msedge","Mon Sep 21 10:13:17 UTC 2026","passed","Mon Sep 21 10:13:27 UTC 2026","Application Navigation Smoke Tests","specs\Smoke\2-NavigationSmoke.spec.ts","",""
"","8917","Excel export button is visible and enabled","chromium","Mon Sep 21 10:20:02 UTC 2026","passed","Mon Sep 21 10:20:11 UTC 2026","Exceptions — Smoke","specs\Smoke\8-ExceptionsSmoke.spec.ts","",""
"","9465","""Edit"" link on a row navigates to the check edit form","chromium","Mon Sep 21 10:19:01 UTC 2026","passed","Mon Sep 21 10:19:10 UTC 2026","Presented Checks — Smoke (Continued)","specs\Smoke\5-PresentedChecksSmoke.spec.ts","",""
"","13348","Navigation tabs to Pre-Decisions, Approvals, and Exception History are visible","firefox","Mon Sep 21 10:28:07 UTC 2026","passed","Mon Sep 21 10:28:21 UTC 2026","Exceptions — Smoke (Continued)","specs\Smoke\8-ExceptionsSmoke.spec.ts","",""
"","9092","Verify Check Only tab shows Check-specific chart sections","msedge","Mon Sep 21 10:13:54 UTC 2026","passed","Mon Sep 21 10:14:03 UTC 2026","Home Dashboard","specs\Smoke\3-HomeDashboardSmoke.spec.ts","",""
"","31916","Pay/Return decision badge navigates to exception history","webkit","Mon Sep 21 10:50:03 UTC 2026","passed","Mon Sep 21 10:50:35 UTC 2026","ACH — Smoke","specs\Smoke\7-ACHSmoke.spec.ts","",""
"","17225","Billing Reports sub-page loads correctly","webkit","Mon Sep 21 10:32:16 UTC 2026","passed","Mon Sep 21 10:32:33 UTC 2026","Application Navigation Smoke Tests","specs\Smoke\2-NavigationSmoke.spec.ts","",""
"","19362","Search box filters grid and clears correctly","webkit","Mon Sep 21 10:45:23 UTC 2026","passed","Mon Sep 21 10:45:42 UTC 2026","ACH — Smoke","specs\Smoke\7-ACHSmoke.spec.ts","",""
"","17462","Grid loads with data rows and key column headers","firefox","Mon Sep 21 10:18:15 UTC 2026","passed","Mon Sep 21 10:18:33 UTC 2026","Presented Checks — Smoke","specs\Smoke\5-PresentedChecksSmoke.spec.ts","",""
"","13850","Verify profile menu shows My Info and Logout links","firefox","Mon Sep 21 10:16:12 UTC 2026","passed","Mon Sep 21 10:16:26 UTC 2026","Home Dashboard","specs\Smoke\3-HomeDashboardSmoke.spec.ts","",""
"","20521","Decision badge on an already-reviewed row is blocked with a system message","firefox","Mon Sep 21 10:27:33 UTC 2026","passed","Mon Sep 21 10:27:54 UTC 2026","Exceptions — Smoke (Continued)","specs\Smoke\8-ExceptionsSmoke.spec.ts","",""
"","6633","Validate unauthenticated access to protected route is redirected to login","msedge","Mon Sep 21 10:13:20 UTC 2026","passed","Mon Sep 21 10:13:27 UTC 2026","","specs\Smoke\1-LoginSmoke.spec.ts","",""
"","10433","Teller page loads correctly","msedge","Mon Sep 21 10:12:15 UTC 2026","passed","Mon Sep 21 10:12:25 UTC 2026","Application Navigation Smoke Tests","specs\Smoke\2-NavigationSmoke.spec.ts","",""
"","16751","Next page arrow advances to page 2","webkit","Mon Sep 21 10:46:17 UTC 2026","passed","Mon Sep 21 10:46:34 UTC 2026","ACH — Smoke","specs\Smoke\7-ACHSmoke.spec.ts","",""
"","17755","Validate teller presented-check form shows all required fields","webkit","Mon Sep 21 10:43:19 UTC 2026","passed","Mon Sep 21 10:43:37 UTC 2026","Teller - Smoke","specs\Smoke\6-TellerSmoke.spec.ts","",""
"","16140","Last page arrow jumps to the final page","firefox","Mon Sep 21 10:19:41 UTC 2026","passed","Mon Sep 21 10:19:57 UTC 2026","Issued Checks — Smoke","specs\Smoke\4-IssuedChecksSmoke.spec.ts","",""
"","9507","Validate session persists after page refresh","chromium","Mon Sep 21 10:13:24 UTC 2026","passed","Mon Sep 21 10:13:34 UTC 2026","","specs\Smoke\1-LoginSmoke.spec.ts","",""
"","15001","Default filter auto-applies after logout and re-login","msedge","Mon Sep 21 10:23:43 UTC 2026","skipped","Mon Sep 21 10:23:58 UTC 2026","ACH — Smoke","specs\Smoke\7-ACHSmoke.spec.ts","",""
"","15171","Holiday Schedules sub-page loads correctly","webkit","Mon Sep 21 10:32:49 UTC 2026","passed","Mon Sep 21 10:33:04 UTC 2026","Application Navigation Smoke Tests","specs\Smoke\2-NavigationSmoke.spec.ts","",""
"","10822","Verify Home dashboard is restored after returning from another page","chromium","Mon Sep 21 10:15:23 UTC 2026","passed","Mon Sep 21 10:15:34 UTC 2026","Home Dashboard","specs\Smoke\3-HomeDashboardSmoke.spec.ts","",""
"","24101","Default filter auto-applies after logout and re-login","chromium","Mon Sep 21 10:18:06 UTC 2026","passed","Mon Sep 21 10:18:30 UTC 2026","Presented Checks — Default Filter (Serial)","specs\Smoke\5-PresentedChecksSmoke.spec.ts","",""
"","15189","Verify Check Only tab shows Check-specific chart sections","webkit","Mon Sep 21 10:32:49 UTC 2026","passed","Mon Sep 21 10:33:04 UTC 2026","Home Dashboard","specs\Smoke\3-HomeDashboardSmoke.spec.ts","",""
"","15861","Verify ACH Only tab shows ACH-specific chart sections","webkit","Mon Sep 21 10:33:04 UTC 2026","passed","Mon Sep 21 10:33:20 UTC 2026","Home Dashboard","specs\Smoke\3-HomeDashboardSmoke.spec.ts","",""
"","7602","Validate Login functionality with caseSensitiveEmail","chromium","Mon Sep 21 10:11:59 UTC 2026","passed","Mon Sep 21 10:12:07 UTC 2026","","specs\Smoke\1-LoginSmoke.spec.ts","",""
"","13786","Exception History grid loads with data rows and key column headers","firefox","Mon Sep 21 10:23:46 UTC 2026","passed","Mon Sep 21 10:24:00 UTC 2026","Exceptions — Smoke","specs\Smoke\8-ExceptionsSmoke.spec.ts","",""
"","14333","Pay/Return decision badge navigates to exception history","chromium","Mon Sep 21 10:22:55 UTC 2026","passed","Mon Sep 21 10:23:09 UTC 2026","ACH — Smoke","specs\Smoke\7-ACHSmoke.spec.ts","",""
"","5423","Validate Login functionality with sqlInjection","chromium","Mon Sep 21 10:12:47 UTC 2026","passed","Mon Sep 21 10:12:52 UTC 2026","","specs\Smoke\1-LoginSmoke.spec.ts","",""
"","7234","Verify dashboard loads after successful login","chromium","Mon Sep 21 10:13:42 UTC 2026","passed","Mon Sep 21 10:13:49 UTC 2026","Home Dashboard","specs\Smoke\3-HomeDashboardSmoke.spec.ts","",""
"","6846","Validate Login functionality with veryLongInput","firefox","Mon Sep 21 10:12:48 UTC 2026","passed","Mon Sep 21 10:12:55 UTC 2026","","specs\Smoke\1-LoginSmoke.spec.ts","",""
"","11671","""View"" (Change Log) link on a row navigates to the entity log","msedge","Mon Sep 21 10:20:57 UTC 2026","passed","Mon Sep 21 10:21:08 UTC 2026","Presented Checks — Smoke (Continued)","specs\Smoke\5-PresentedChecksSmoke.spec.ts","",""
"","11880","Next page arrow advances to page 2","msedge","Mon Sep 21 10:22:31 UTC 2026","passed","Mon Sep 21 10:22:43 UTC 2026","Exceptions — Smoke","specs\Smoke\8-ExceptionsSmoke.spec.ts","",""
"","16044","Save a filter preset, verify it is auto-selected, then delete it","msedge","Mon Sep 21 10:19:51 UTC 2026","passed","Mon Sep 21 10:20:07 UTC 2026","Issued Checks — Smoke (Continued)","specs\Smoke\4-IssuedChecksSmoke.spec.ts","",""
"","10848","Validate forgot password functionality with No email","webkit","Mon Sep 21 10:31:23 UTC 2026","passed","Mon Sep 21 10:31:34 UTC 2026","","specs\Smoke\1-LoginSmoke.spec.ts","",""
"","15035","""Edit"" link on a row navigates to the check edit form","firefox","Mon Sep 21 10:21:58 UTC 2026","passed","Mon Sep 21 10:22:13 UTC 2026","Issued Checks — Smoke (Continued)","specs\Smoke\4-IssuedChecksSmoke.spec.ts","",""
"","17433","Pay/Return decision badge navigates to exception history","msedge","Mon Sep 21 10:25:06 UTC 2026","passed","Mon Sep 21 10:25:24 UTC 2026","ACH — Smoke","specs\Smoke\7-ACHSmoke.spec.ts","",""
"","7214","Verify ACH Only tab shows ACH-specific chart sections","chromium","Mon Sep 21 10:14:13 UTC 2026","passed","Mon Sep 21 10:14:20 UTC 2026","Home Dashboard","specs\Smoke\3-HomeDashboardSmoke.spec.ts","",""
"","16144","Validate session persists after page refresh","webkit","Mon Sep 21 10:31:43 UTC 2026","passed","Mon Sep 21 10:31:59 UTC 2026","","specs\Smoke\1-LoginSmoke.spec.ts","",""
"","18336","Next page arrow advances to page 2","webkit","Mon Sep 21 10:45:05 UTC 2026","passed","Mon Sep 21 10:45:23 UTC 2026","Exceptions — Smoke","specs\Smoke\8-ExceptionsSmoke.spec.ts","",""
"","7162","Verify Combined View shows all chart sections","chromium","Mon Sep 21 10:13:57 UTC 2026","passed","Mon Sep 21 10:14:05 UTC 2026","Home Dashboard","specs\Smoke\3-HomeDashboardSmoke.spec.ts","",""
"","7130","Validate Login functionality with xssInUsername","chromium","Mon Sep 21 10:12:52 UTC 2026","passed","Mon Sep 21 10:12:59 UTC 2026","","specs\Smoke\1-LoginSmoke.spec.ts","",""
"","26592","Verify Total Exceptions and Total Exception Amount labels are visible","webkit","Mon Sep 21 10:34:39 UTC 2026","passed","Mon Sep 21 10:35:06 UTC 2026","Home Dashboard","specs\Smoke\3-HomeDashboardSmoke.spec.ts","",""
"","5568","Validate Login functionality with sqlInjection","msedge","Mon Sep 21 10:12:34 UTC 2026","passed","Mon Sep 21 10:12:40 UTC 2026","","specs\Smoke\1-LoginSmoke.spec.ts","",""
"","26568","Column filter menu applies a filter and Clear restores the full row set","webkit","Mon Sep 21 10:47:49 UTC 2026","passed","Mon Sep 21 10:48:16 UTC 2026","Exceptions — Smoke (Continued)","specs\Smoke\8-ExceptionsSmoke.spec.ts","",""
"","14506","Verify chart title changes with selected tab","firefox","Mon Sep 21 10:14:48 UTC 2026","passed","Mon Sep 21 10:15:02 UTC 2026","Home Dashboard","specs\Smoke\3-HomeDashboardSmoke.spec.ts","",""
"","29344","Automatic Check Decision Rules sub-page loads correctly","webkit","Mon Sep 21 10:33:40 UTC 2026","passed","Mon Sep 21 10:34:10 UTC 2026","Application Navigation Smoke Tests","specs\Smoke\2-NavigationSmoke.spec.ts","",""
"","15406","Clicking a column header sorts ascending, clicking again sorts descending","firefox","Mon Sep 21 10:21:58 UTC 2026","passed","Mon Sep 21 10:22:13 UTC 2026","Presented Checks — Smoke (Continued)","specs\Smoke\5-PresentedChecksSmoke.spec.ts","",""
"","8277","Automatic Check Decision Rules sub-page loads correctly","chromium","Mon Sep 21 10:14:38 UTC 2026","passed","Mon Sep 21 10:14:46 UTC 2026","Application Navigation Smoke Tests","specs\Smoke\2-NavigationSmoke.spec.ts","",""
"","10087","Verify navigation to ACH via nav menu","msedge","Mon Sep 21 10:16:15 UTC 2026","passed","Mon Sep 21 10:16:25 UTC 2026","Home Dashboard","specs\Smoke\3-HomeDashboardSmoke.spec.ts","",""
"","17156","Page size change to 10 updates pagination info in bottom-right pager","webkit","Mon Sep 21 10:44:48 UTC 2026","passed","Mon Sep 21 10:45:05 UTC 2026","Exceptions — Smoke","specs\Smoke\8-ExceptionsSmoke.spec.ts","",""
"","8783","ACH breadcrumb link is visible on the page","chromium","Mon Sep 21 10:23:09 UTC 2026","passed","Mon Sep 21 10:23:18 UTC 2026","ACH — Smoke","specs\Smoke\7-ACHSmoke.spec.ts","",""
"","6945","Verify all three dashboard view tabs are visible","firefox","Mon Sep 21 10:13:41 UTC 2026","passed","Mon Sep 21 10:13:47 UTC 2026","Home Dashboard","specs\Smoke\3-HomeDashboardSmoke.spec.ts","",""
"","8806","Verify delayed data note and force refresh link are visible on dashboard","chromium","Mon Sep 21 10:15:00 UTC 2026","passed","Mon Sep 21 10:15:09 UTC 2026","Home Dashboard","specs\Smoke\3-HomeDashboardSmoke.spec.ts","",""
"","6437","Verify dashboard footer footnote and privacy link are visible","chromium","Mon Sep 21 10:15:09 UTC 2026","passed","Mon Sep 21 10:15:16 UTC 2026","Home Dashboard","specs\Smoke\3-HomeDashboardSmoke.spec.ts","",""
"","20868","System Log sub-page loads correctly","firefox","Mon Sep 21 10:17:15 UTC 2026","passed","Mon Sep 21 10:17:35 UTC 2026","Application Navigation Smoke Tests","specs\Smoke\2-NavigationSmoke.spec.ts","",""
"","10436","Page size change to 10 updates pagination info in bottom-right pager","msedge","Mon Sep 21 10:17:54 UTC 2026","passed","Mon Sep 21 10:18:05 UTC 2026","Issued Checks — Smoke","specs\Smoke\4-IssuedChecksSmoke.spec.ts","",""
"","20673","Previous page button returns to page 1, First page button re-enables disabled state","firefox","Mon Sep 21 10:25:38 UTC 2026","passed","Mon Sep 21 10:25:59 UTC 2026","ACH — Smoke","specs\Smoke\7-ACHSmoke.spec.ts","",""
"","9145","Excel export button is visible and enabled","chromium","Mon Sep 21 10:16:51 UTC 2026","passed","Mon Sep 21 10:17:00 UTC 2026","Issued Checks — Smoke","specs\Smoke\4-IssuedChecksSmoke.spec.ts","",""
"","18881","Grid loads with data rows and key column headers","webkit","Mon Sep 21 10:37:41 UTC 2026","passed","Mon Sep 21 10:38:00 UTC 2026","Presented Checks — Smoke","specs\Smoke\5-PresentedChecksSmoke.spec.ts","",""
"","22091","Column filter popup applies a filter and Clear restores the full row set","firefox","Mon Sep 21 10:21:35 UTC 2026","passed","Mon Sep 21 10:21:58 UTC 2026","Issued Checks — Smoke (Continued)","specs\Smoke\4-IssuedChecksSmoke.spec.ts","",""
"","26916","Previous page button returns to page 1, First page button re-enables disabled state","webkit","Mon Sep 21 10:47:15 UTC 2026","passed","Mon Sep 21 10:47:42 UTC 2026","ACH — Smoke","specs\Smoke\7-ACHSmoke.spec.ts","",""
"","16502","""Uploaded Checks"" navigates to the uploads page","webkit","Mon Sep 21 10:37:47 UTC 2026","passed","Mon Sep 21 10:38:03 UTC 2026","Issued Checks — Smoke","specs\Smoke\4-IssuedChecksSmoke.spec.ts","",""
"","19365","Verify ACH Only tab shows ACH-specific chart sections","firefox","Mon Sep 21 10:14:14 UTC 2026","passed","Mon Sep 21 10:14:34 UTC 2026","Home Dashboard","specs\Smoke\3-HomeDashboardSmoke.spec.ts","",""
"","15695","ACH breadcrumb link is visible on the page","webkit","Mon Sep 21 10:50:35 UTC 2026","passed","Mon Sep 21 10:50:51 UTC 2026","ACH — Smoke","specs\Smoke\7-ACHSmoke.spec.ts","",""
"","17456","""View"" (Change Log) link on a row navigates to the entity log","webkit","Mon Sep 21 10:43:05 UTC 2026","passed","Mon Sep 21 10:43:22 UTC 2026","Presented Checks — Smoke (Continued)","specs\Smoke\5-PresentedChecksSmoke.spec.ts","",""
"","20083","""Uploaded Checks"" navigates to the uploads page","firefox","Mon Sep 21 10:18:49 UTC 2026","passed","Mon Sep 21 10:19:09 UTC 2026","Presented Checks — Smoke","specs\Smoke\5-PresentedChecksSmoke.spec.ts","",""
"","12363","Verify delayed data note and force refresh link are visible on dashboard","msedge","Mon Sep 21 10:15:04 UTC 2026","passed","Mon Sep 21 10:15:16 UTC 2026","Home Dashboard","specs\Smoke\3-HomeDashboardSmoke.spec.ts","",""
"","12160","Next page arrow advances to page 2","msedge","Mon Sep 21 10:18:36 UTC 2026","passed","Mon Sep 21 10:18:48 UTC 2026","Issued Checks — Smoke","specs\Smoke\4-IssuedChecksSmoke.spec.ts","",""
"","15791","Last page arrow jumps to the final page","firefox","Mon Sep 21 10:25:02 UTC 2026","passed","Mon Sep 21 10:25:18 UTC 2026","Exceptions — Smoke","specs\Smoke\8-ExceptionsSmoke.spec.ts","",""
"","9431","Validate Login functionality with caseSensitiveEmail","firefox","Mon Sep 21 10:11:50 UTC 2026","passed","Mon Sep 21 10:11:59 UTC 2026","","specs\Smoke\1-LoginSmoke.spec.ts","",""
"","10230","Search box filters grid and clears correctly","chromium","Mon Sep 21 10:20:11 UTC 2026","passed","Mon Sep 21 10:20:21 UTC 2026","ACH — Smoke","specs\Smoke\7-ACHSmoke.spec.ts","",""
"","15368","Pre-Decisions page loads with either records or the empty-state message","webkit","Mon Sep 21 10:50:36 UTC 2026","passed","Mon Sep 21 10:50:51 UTC 2026","Exceptions — Smoke (Continued)","specs\Smoke\8-ExceptionsSmoke.spec.ts","",""
"","15501","API link is visible and points to swagger","webkit","Mon Sep 21 10:36:42 UTC 2026","passed","Mon Sep 21 10:36:58 UTC 2026","Application Navigation Smoke Tests","specs\Smoke\2-NavigationSmoke.spec.ts","",""
"","11485","Next page arrow advances to page 2","msedge","Mon Sep 21 10:18:51 UTC 2026","passed","Mon Sep 21 10:19:02 UTC 2026","Presented Checks — Smoke","specs\Smoke\5-PresentedChecksSmoke.spec.ts","",""
"","12387","Validate teller presented-check form shows all required fields","firefox","Mon Sep 21 10:22:59 UTC 2026","passed","Mon Sep 21 10:23:12 UTC 2026","Teller - Smoke","specs\Smoke\6-TellerSmoke.spec.ts","",""
"","9968","Verify navigation to Settings via nav menu","chromium","Mon Sep 21 10:16:12 UTC 2026","passed","Mon Sep 21 10:16:22 UTC 2026","Home Dashboard","specs\Smoke\3-HomeDashboardSmoke.spec.ts","",""
"","11478","""+ Add ACH"" navigates to the add-ACH form","msedge","Mon Sep 21 10:21:44 UTC 2026","passed","Mon Sep 21 10:21:55 UTC 2026","ACH — Smoke","specs\Smoke\7-ACHSmoke.spec.ts","",""
"","14658","Column filter popup applies a filter and Clear restores the full row set","msedge","Mon Sep 21 10:24:27 UTC 2026","passed","Mon Sep 21 10:24:42 UTC 2026","ACH — Smoke","specs\Smoke\7-ACHSmoke.spec.ts","",""
"","9739","Issued Checks page loads correctly","chromium","Mon Sep 21 10:12:01 UTC 2026","passed","Mon Sep 21 10:12:11 UTC 2026","Application Navigation Smoke Tests","specs\Smoke\2-NavigationSmoke.spec.ts","",""
"","16512","Default filter auto-applies after logout and re-login","webkit","Mon Sep 21 10:40:37 UTC 2026","skipped","Mon Sep 21 10:40:53 UTC 2026","Issued Checks — Default Filter (Serial)","specs\Smoke\4-IssuedChecksSmoke.spec.ts","",""
"","8254","Issued Checks breadcrumb link is visible on the page","chromium","Mon Sep 21 10:19:28 UTC 2026","passed","Mon Sep 21 10:19:36 UTC 2026","Issued Checks — Smoke (Continued)","specs\Smoke\4-IssuedChecksSmoke.spec.ts","",""
"","19145","Grid loads with data rows and key column headers","msedge","Mon Sep 21 10:16:47 UTC 2026","passed","Mon Sep 21 10:17:06 UTC 2026","Issued Checks — Smoke","specs\Smoke\4-IssuedChecksSmoke.spec.ts","",""
"","17838","Previous page button returns to page 1, First page button re-enables disabled state","firefox","Mon Sep 21 10:20:47 UTC 2026","passed","Mon Sep 21 10:21:04 UTC 2026","Presented Checks — Smoke","specs\Smoke\5-PresentedChecksSmoke.spec.ts","",""
"","11968","""Delete"" on a row shows a confirm modal; Cancel dismisses it without deleting","msedge","Mon Sep 21 10:21:08 UTC 2026","passed","Mon Sep 21 10:21:20 UTC 2026","Presented Checks — Smoke (Continued)","specs\Smoke\5-PresentedChecksSmoke.spec.ts","",""
"","20328","Clicking a column header sorts ascending, clicking again sorts descending","webkit","Mon Sep 21 10:42:01 UTC 2026","passed","Mon Sep 21 10:42:22 UTC 2026","Presented Checks — Smoke (Continued)","specs\Smoke\5-PresentedChecksSmoke.spec.ts","",""
"","7945","Pay/Return decision badge navigates to exception history","chromium","Mon Sep 21 10:19:28 UTC 2026","passed","Mon Sep 21 10:19:36 UTC 2026","Presented Checks — Smoke (Continued)","specs\Smoke\5-PresentedChecksSmoke.spec.ts","",""
"","10189","Settings page loads correctly","msedge","Mon Sep 21 10:12:46 UTC 2026","passed","Mon Sep 21 10:12:57 UTC 2026","Application Navigation Smoke Tests","specs\Smoke\2-NavigationSmoke.spec.ts","",""
"","16874","""Edit"" link on a row navigates to the check edit form","webkit","Mon Sep 21 10:42:08 UTC 2026","passed","Mon Sep 21 10:42:24 UTC 2026","Issued Checks — Smoke (Continued)","specs\Smoke\4-IssuedChecksSmoke.spec.ts","",""
"","23502","Default filter auto-applies after logout and re-login","chromium","Mon Sep 21 10:17:57 UTC 2026","passed","Mon Sep 21 10:18:21 UTC 2026","Issued Checks — Default Filter (Serial)","specs\Smoke\4-IssuedChecksSmoke.spec.ts","",""
"","8707","Page size change to 10 updates pagination info in bottom-right pager","chromium","Mon Sep 21 10:20:11 UTC 2026","passed","Mon Sep 21 10:20:20 UTC 2026","Exceptions — Smoke","specs\Smoke\8-ExceptionsSmoke.spec.ts","",""
"","10265","Verify dashboard footer footnote and privacy link are visible","msedge","Mon Sep 21 10:15:16 UTC 2026","passed","Mon Sep 21 10:15:26 UTC 2026","Home Dashboard","specs\Smoke\3-HomeDashboardSmoke.spec.ts","",""
"","14703","Next page arrow advances to page 2","firefox","Mon Sep 21 10:19:26 UTC 2026","passed","Mon Sep 21 10:19:41 UTC 2026","Issued Checks — Smoke","specs\Smoke\4-IssuedChecksSmoke.spec.ts","",""
"","16945","""View"" (Change Log) link on a row navigates to the entity log","webkit","Mon Sep 21 10:42:24 UTC 2026","passed","Mon Sep 21 10:42:41 UTC 2026","Issued Checks — Smoke (Continued)","specs\Smoke\4-IssuedChecksSmoke.spec.ts","",""
"","10884","Teller page loads correctly","firefox","Mon Sep 21 10:12:13 UTC 2026","passed","Mon Sep 21 10:12:24 UTC 2026","Application Navigation Smoke Tests","specs\Smoke\2-NavigationSmoke.spec.ts","",""
"","13399","Column filter popup applies a filter and Clear restores the full row set","msedge","Mon Sep 21 10:20:22 UTC 2026","passed","Mon Sep 21 10:20:36 UTC 2026","Issued Checks — Smoke (Continued)","specs\Smoke\4-IssuedChecksSmoke.spec.ts","",""
"","7687","Validate teller presented-check form shows all required fields","chromium","Mon Sep 21 10:19:36 UTC 2026","passed","Mon Sep 21 10:19:44 UTC 2026","Teller - Smoke","specs\Smoke\6-TellerSmoke.spec.ts","",""
"","8868","Verify Combined View shows all chart sections","msedge","Mon Sep 21 10:13:45 UTC 2026","passed","Mon Sep 21 10:13:54 UTC 2026","Home Dashboard","specs\Smoke\3-HomeDashboardSmoke.spec.ts","",""
"","14025","Verify navigation to Exceptions via nav menu","webkit","Mon Sep 21 10:37:13 UTC 2026","passed","Mon Sep 21 10:37:27 UTC 2026","Home Dashboard","specs\Smoke\3-HomeDashboardSmoke.spec.ts","",""
"","7506","Validate unauthenticated access to protected route is redirected to login","chromium","Mon Sep 21 10:13:34 UTC 2026","passed","Mon Sep 21 10:13:42 UTC 2026","","specs\Smoke\1-LoginSmoke.spec.ts","",""
"","11323","Page size change to 10 updates pagination info in bottom-right pager","msedge","Mon Sep 21 10:22:20 UTC 2026","passed","Mon Sep 21 10:22:31 UTC 2026","Exceptions — Smoke","specs\Smoke\8-ExceptionsSmoke.spec.ts","",""
"","12891","Saved Filters dropdown is visible and defaults to no preset","firefox","Mon Sep 21 10:25:51 UTC 2026","passed","Mon Sep 21 10:26:04 UTC 2026","Exceptions — Smoke","specs\Smoke\8-ExceptionsSmoke.spec.ts","",""
"","11173","""Edit"" link on a row navigates to the check edit form","msedge","Mon Sep 21 10:20:45 UTC 2026","passed","Mon Sep 21 10:20:57 UTC 2026","Presented Checks — Smoke (Continued)","specs\Smoke\5-PresentedChecksSmoke.spec.ts","",""
"","7963","Verify all three dashboard view tabs are visible","chromium","Mon Sep 21 10:13:49 UTC 2026","passed","Mon Sep 21 10:13:57 UTC 2026","Home Dashboard","specs\Smoke\3-HomeDashboardSmoke.spec.ts","",""
"","15208","ACH page loads correctly","webkit","Mon Sep 21 10:30:22 UTC 2026","passed","Mon Sep 21 10:30:37 UTC 2026","Application Navigation Smoke Tests","specs\Smoke\2-NavigationSmoke.spec.ts","",""
"","11269","Presented Checks breadcrumb link is visible on the page","webkit","Mon Sep 21 10:43:58 UTC 2026","passed","Mon Sep 21 10:44:09 UTC 2026","Presented Checks — Smoke (Continued)","specs\Smoke\5-PresentedChecksSmoke.spec.ts","",""
"","6264","Validate forgot password functionality with No email","firefox","Mon Sep 21 10:13:02 UTC 2026","passed","Mon Sep 21 10:13:08 UTC 2026","","specs\Smoke\1-LoginSmoke.spec.ts","",""
"","17563","Save a filter preset, verify it is auto-selected, then delete it","msedge","Mon Sep 21 10:23:41 UTC 2026","passed","Mon Sep 21 10:23:58 UTC 2026","Exceptions — Smoke (Continued)","specs\Smoke\8-ExceptionsSmoke.spec.ts","",""
"","11885","Default Decision Log sub-page loads correctly","msedge","Mon Sep 21 10:15:54 UTC 2026","passed","Mon Sep 21 10:16:05 UTC 2026","Application Navigation Smoke Tests","specs\Smoke\2-NavigationSmoke.spec.ts","",""
"","12264","Verify profile menu shows My Info and Logout links","msedge","Mon Sep 21 10:15:26 UTC 2026","passed","Mon Sep 21 10:15:39 UTC 2026","Home Dashboard","specs\Smoke\3-HomeDashboardSmoke.spec.ts","",""
"","15080","Save a filter preset, verify it is auto-selected, then delete it","chromium","Mon Sep 21 10:18:21 UTC 2026","passed","Mon Sep 21 10:18:36 UTC 2026","Issued Checks — Smoke (Continued)","specs\Smoke\4-IssuedChecksSmoke.spec.ts","",""
"","9264","""+ Add Check"" navigates to the add-check form","chromium","Mon Sep 21 10:16:33 UTC 2026","passed","Mon Sep 21 10:16:43 UTC 2026","Presented Checks — Smoke","specs\Smoke\5-PresentedChecksSmoke.spec.ts","",""
"","20306","""Delete"" on a row shows a confirm modal; Cancel dismisses it without deleting","webkit","Mon Sep 21 10:42:41 UTC 2026","passed","Mon Sep 21 10:43:02 UTC 2026","Issued Checks — Smoke (Continued)","specs\Smoke\4-IssuedChecksSmoke.spec.ts","",""
"","13179","Verify dashboard loads after successful login","webkit","Mon Sep 21 10:32:07 UTC 2026","passed","Mon Sep 21 10:32:20 UTC 2026","Home Dashboard","specs\Smoke\3-HomeDashboardSmoke.spec.ts","",""
"","7216","Verify navigation to Exceptions via nav menu","chromium","Mon Sep 21 10:16:05 UTC 2026","passed","Mon Sep 21 10:16:12 UTC 2026","Home Dashboard","specs\Smoke\3-HomeDashboardSmoke.spec.ts","",""
"","13748","Verify navigation to Settings via nav menu","webkit","Mon Sep 21 10:37:27 UTC 2026","passed","Mon Sep 21 10:37:41 UTC 2026","Home Dashboard","specs\Smoke\3-HomeDashboardSmoke.spec.ts","",""
"","24763","Save a filter preset, verify it is auto-selected, then delete it","firefox","Mon Sep 21 10:26:14 UTC 2026","passed","Mon Sep 21 10:26:39 UTC 2026","Exceptions — Smoke (Continued)","specs\Smoke\8-ExceptionsSmoke.spec.ts","",""
"","10361","Branding sub-page loads correctly","msedge","Mon Sep 21 10:13:37 UTC 2026","passed","Mon Sep 21 10:13:47 UTC 2026","Application Navigation Smoke Tests","specs\Smoke\2-NavigationSmoke.spec.ts","",""
"","15885","Home page is accessible and shows dashboard","webkit","Mon Sep 21 10:29:22 UTC 2026","passed","Mon Sep 21 10:29:38 UTC 2026","Application Navigation Smoke Tests","specs\Smoke\2-NavigationSmoke.spec.ts","",""
"","8680","Page size change to 10 updates pagination info in bottom-right pager","chromium","Mon Sep 21 10:20:29 UTC 2026","passed","Mon Sep 21 10:20:38 UTC 2026","ACH — Smoke","specs\Smoke\7-ACHSmoke.spec.ts","",""
"","12866","Search box filters grid and clears correctly","msedge","Mon Sep 21 10:17:30 UTC 2026","passed","Mon Sep 21 10:17:43 UTC 2026","Issued Checks — Smoke","specs\Smoke\4-IssuedChecksSmoke.spec.ts","",""
"","20293","Verify dashboard tab checked state updates correctly","webkit","Mon Sep 21 10:33:20 UTC 2026","passed","Mon Sep 21 10:33:40 UTC 2026","Home Dashboard","specs\Smoke\3-HomeDashboardSmoke.spec.ts","",""
"","7189","Billing Reports sub-page loads correctly","chromium","Mon Sep 21 10:13:58 UTC 2026","passed","Mon Sep 21 10:14:05 UTC 2026","Application Navigation Smoke Tests","specs\Smoke\2-NavigationSmoke.spec.ts","",""
"","12625","Next page arrow advances to page 2","firefox","Mon Sep 21 10:24:50 UTC 2026","passed","Mon Sep 21 10:25:02 UTC 2026","Exceptions — Smoke","specs\Smoke\8-ExceptionsSmoke.spec.ts","",""
"","8522","Verify dashboard loads after successful login","firefox","Mon Sep 21 10:13:32 UTC 2026","passed","Mon Sep 21 10:13:40 UTC 2026","Home Dashboard","specs\Smoke\3-HomeDashboardSmoke.spec.ts","",""
"","20456","Search box filters grid and clears correctly","webkit","Mon Sep 21 10:38:44 UTC 2026","passed","Mon Sep 21 10:39:04 UTC 2026","Presented Checks — Smoke","specs\Smoke\5-PresentedChecksSmoke.spec.ts","",""
"","11526","Presented Checks breadcrumb link is visible on the page","msedge","Mon Sep 21 10:21:32 UTC 2026","passed","Mon Sep 21 10:21:43 UTC 2026","Presented Checks — Smoke (Continued)","specs\Smoke\5-PresentedChecksSmoke.spec.ts","",""
"","9923","Verify Total Exceptions and Total Exception Amount labels are visible","msedge","Mon Sep 21 10:14:44 UTC 2026","passed","Mon Sep 21 10:14:54 UTC 2026","Home Dashboard","specs\Smoke\3-HomeDashboardSmoke.spec.ts","",""
"","11960","Billing Reports sub-page loads correctly","firefox","Mon Sep 21 10:14:10 UTC 2026","passed","Mon Sep 21 10:14:22 UTC 2026","Application Navigation Smoke Tests","specs\Smoke\2-NavigationSmoke.spec.ts","",""
"","10261","Grid loads with data rows and key column headers","msedge","Mon Sep 21 10:21:34 UTC 2026","passed","Mon Sep 21 10:21:44 UTC 2026","ACH — Smoke","specs\Smoke\7-ACHSmoke.spec.ts","",""
"","14044","Saved Filters dropdown is visible and defaults to no preset","firefox","Mon Sep 21 10:21:04 UTC 2026","passed","Mon Sep 21 10:21:18 UTC 2026","Presented Checks — Smoke","specs\Smoke\5-PresentedChecksSmoke.spec.ts","",""
"","11684","Typing a page number navigates to that page","msedge","Mon Sep 21 10:23:07 UTC 2026","passed","Mon Sep 21 10:23:19 UTC 2026","ACH — Smoke","specs\Smoke\7-ACHSmoke.spec.ts","",""
"","8171","Exception History grid loads with data rows and key column headers","chromium","Mon Sep 21 10:19:44 UTC 2026","passed","Mon Sep 21 10:19:52 UTC 2026","Exceptions — Smoke","specs\Smoke\8-ExceptionsSmoke.spec.ts","",""
"","7568","Validate unauthenticated access to protected route is redirected to login","webkit","Mon Sep 21 10:31:59 UTC 2026","passed","Mon Sep 21 10:32:07 UTC 2026","","specs\Smoke\1-LoginSmoke.spec.ts","",""
"","16098","Typing a page number navigates to that page","firefox","Mon Sep 21 10:25:18 UTC 2026","passed","Mon Sep 21 10:25:34 UTC 2026","Exceptions — Smoke","specs\Smoke\8-ExceptionsSmoke.spec.ts","",""
"","14390","Presented Checks page loads correctly","webkit","Mon Sep 21 10:29:54 UTC 2026","passed","Mon Sep 21 10:30:08 UTC 2026","Application Navigation Smoke Tests","specs\Smoke\2-NavigationSmoke.spec.ts","",""
"","18437","Last page arrow jumps to the final page","webkit","Mon Sep 21 10:46:34 UTC 2026","passed","Mon Sep 21 10:46:52 UTC 2026","ACH — Smoke","specs\Smoke\7-ACHSmoke.spec.ts","",""
"","8018","Presented Checks breadcrumb link is visible on the page","chromium","Mon Sep 21 10:19:36 UTC 2026","passed","Mon Sep 21 10:19:44 UTC 2026","Presented Checks — Smoke (Continued)","specs\Smoke\5-PresentedChecksSmoke.spec.ts","",""
"","17702","""Delete"" on a row shows a confirm modal; Cancel dismisses it without deleting","webkit","Mon Sep 21 10:49:46 UTC 2026","passed","Mon Sep 21 10:50:03 UTC 2026","ACH — Smoke","specs\Smoke\7-ACHSmoke.spec.ts","",""
"","15142","Verify Combined View shows all chart sections","webkit","Mon Sep 21 10:32:33 UTC 2026","passed","Mon Sep 21 10:32:49 UTC 2026","Home Dashboard","specs\Smoke\3-HomeDashboardSmoke.spec.ts","",""
"","13354","API link is visible and points to swagger","firefox","Mon Sep 21 10:17:48 UTC 2026","passed","Mon Sep 21 10:18:01 UTC 2026","Application Navigation Smoke Tests","specs\Smoke\2-NavigationSmoke.spec.ts","",""
"","14639","Verify navigation to Issued Checks via nav menu","firefox","Mon Sep 21 10:16:54 UTC 2026","passed","Mon Sep 21 10:17:08 UTC 2026","Home Dashboard","specs\Smoke\3-HomeDashboardSmoke.spec.ts","",""
"","15348","Issued Checks page loads correctly","webkit","Mon Sep 21 10:29:38 UTC 2026","passed","Mon Sep 21 10:29:54 UTC 2026","Application Navigation Smoke Tests","specs\Smoke\2-NavigationSmoke.spec.ts","",""
"","18037","""Edit"" link on a row navigates to the check edit form","webkit","Mon Sep 21 10:42:47 UTC 2026","passed","Mon Sep 21 10:43:05 UTC 2026","Presented Checks — Smoke (Continued)","specs\Smoke\5-PresentedChecksSmoke.spec.ts","",""
"","8835","""+ Add Check"" navigates to the add-check form","chromium","Mon Sep 21 10:16:24 UTC 2026","passed","Mon Sep 21 10:16:33 UTC 2026","Issued Checks — Smoke","specs\Smoke\4-IssuedChecksSmoke.spec.ts","",""
"","9185","Grid loads with data rows and key column headers","chromium","Mon Sep 21 10:19:44 UTC 2026","passed","Mon Sep 21 10:19:53 UTC 2026","ACH — Smoke","specs\Smoke\7-ACHSmoke.spec.ts","",""
"","29399","Save a filter preset, verify it is auto-selected, then delete it","webkit","Mon Sep 21 10:48:16 UTC 2026","passed","Mon Sep 21 10:48:45 UTC 2026","ACH — Smoke","specs\Smoke\7-ACHSmoke.spec.ts","",""
"","16928","Verify Check Only tab shows Check-specific chart sections","firefox","Mon Sep 21 10:13:57 UTC 2026","passed","Mon Sep 21 10:14:14 UTC 2026","Home Dashboard","specs\Smoke\3-HomeDashboardSmoke.spec.ts","",""
"","10202","Next page arrow advances to page 2","chromium","Mon Sep 21 10:20:38 UTC 2026","passed","Mon Sep 21 10:20:48 UTC 2026","ACH — Smoke","specs\Smoke\7-ACHSmoke.spec.ts","",""
"","24880","Pay/Return decision badge navigates to exception history","firefox","Mon Sep 21 10:27:59 UTC 2026","passed","Mon Sep 21 10:28:24 UTC 2026","ACH — Smoke","specs\Smoke\7-ACHSmoke.spec.ts","",""
"","9251","ACH Approval Rules sub-page loads correctly","chromium","Mon Sep 21 10:15:00 UTC 2026","passed","Mon Sep 21 10:15:10 UTC 2026","Application Navigation Smoke Tests","specs\Smoke\2-NavigationSmoke.spec.ts","",""
"","14503","Presented Checks breadcrumb link is visible on the page","firefox","Mon Sep 21 10:23:32 UTC 2026","passed","Mon Sep 21 10:23:46 UTC 2026","Presented Checks — Smoke (Continued)","specs\Smoke\5-PresentedChecksSmoke.spec.ts","",""
"","9238","Previous page button returns to page 1, First page button re-enables disabled state","chromium","Mon Sep 21 10:17:48 UTC 2026","passed","Mon Sep 21 10:17:57 UTC 2026","Presented Checks — Smoke","specs\Smoke\5-PresentedChecksSmoke.spec.ts","",""
"","14744","""View"" link on a row opens the Exception Details dialog","firefox","Mon Sep 21 10:27:19 UTC 2026","passed","Mon Sep 21 10:27:33 UTC 2026","Exceptions — Smoke (Continued)","specs\Smoke\8-ExceptionsSmoke.spec.ts","",""
"","14520","Column filter popup applies a filter and Clear restores the full row set","msedge","Mon Sep 21 10:20:31 UTC 2026","passed","Mon Sep 21 10:20:45 UTC 2026","Presented Checks — Smoke (Continued)","specs\Smoke\5-PresentedChecksSmoke.spec.ts","",""
"","22333","Typing a page number navigates to that page","webkit","Mon Sep 21 10:46:52 UTC 2026","passed","Mon Sep 21 10:47:15 UTC 2026","ACH — Smoke","specs\Smoke\7-ACHSmoke.spec.ts","",""
"","16736","Grid loads with data rows and key column headers","webkit","Mon Sep 21 10:37:13 UTC 2026","passed","Mon Sep 21 10:37:30 UTC 2026","Issued Checks — Smoke","specs\Smoke\4-IssuedChecksSmoke.spec.ts","",""
"","16543","Previous page button returns to page 1, First page button re-enables disabled state","msedge","Mon Sep 21 10:19:13 UTC 2026","passed","Mon Sep 21 10:19:29 UTC 2026","Issued Checks — Smoke","specs\Smoke\4-IssuedChecksSmoke.spec.ts","",""
"","4259","Validate Login functionality with invalidEmailFormat","firefox","Mon Sep 21 10:12:12 UTC 2026","passed","Mon Sep 21 10:12:16 UTC 2026","","specs\Smoke\1-LoginSmoke.spec.ts","",""
"","15059","Notification Templates sub-page loads correctly","firefox","Mon Sep 21 10:15:01 UTC 2026","passed","Mon Sep 21 10:15:16 UTC 2026","Application Navigation Smoke Tests","specs\Smoke\2-NavigationSmoke.spec.ts","",""
"","5885","Validate Login functionality with incorrectUsername","chromium","Mon Sep 21 10:12:14 UTC 2026","passed","Mon Sep 21 10:12:20 UTC 2026","","specs\Smoke\1-LoginSmoke.spec.ts","",""
"","13874","Previous page button returns to page 1, First page button re-enables disabled state","msedge","Mon Sep 21 10:23:19 UTC 2026","passed","Mon Sep 21 10:23:33 UTC 2026","ACH — Smoke","specs\Smoke\7-ACHSmoke.spec.ts","",""
"","10982","Excel export button is visible and enabled","msedge","Mon Sep 21 10:17:56 UTC 2026","passed","Mon Sep 21 10:18:07 UTC 2026","Presented Checks — Smoke","specs\Smoke\5-PresentedChecksSmoke.spec.ts","",""
"","12144","""Delete"" on a row shows a confirm modal; Cancel dismisses it without deleting","msedge","Mon Sep 21 10:24:54 UTC 2026","passed","Mon Sep 21 10:25:06 UTC 2026","ACH — Smoke","specs\Smoke\7-ACHSmoke.spec.ts","",""
"","8107","Verify Check Only tab shows Check-specific chart sections","chromium","Mon Sep 21 10:14:05 UTC 2026","passed","Mon Sep 21 10:14:13 UTC 2026","Home Dashboard","specs\Smoke\3-HomeDashboardSmoke.spec.ts","",""
"","10556","Column filter popup applies a filter and Clear restores the full row set","chromium","Mon Sep 21 10:18:50 UTC 2026","passed","Mon Sep 21 10:19:01 UTC 2026","Presented Checks — Smoke (Continued)","specs\Smoke\5-PresentedChecksSmoke.spec.ts","",""
"","13804","Last page arrow jumps to the final page","firefox","Mon Sep 21 10:25:09 UTC 2026","passed","Mon Sep 21 10:25:22 UTC 2026","ACH — Smoke","specs\Smoke\7-ACHSmoke.spec.ts","",""
"","8391","Verify chart title changes with selected tab","chromium","Mon Sep 21 10:14:29 UTC 2026","passed","Mon Sep 21 10:14:37 UTC 2026","Home Dashboard","specs\Smoke\3-HomeDashboardSmoke.spec.ts","",""
"","7589","""View"" (Change Log) link on a row navigates to the entity log","chromium","Mon Sep 21 10:19:10 UTC 2026","passed","Mon Sep 21 10:19:18 UTC 2026","Issued Checks — Smoke (Continued)","specs\Smoke\4-IssuedChecksSmoke.spec.ts","",""
"","13929","Pay/Return decision badge navigates to exception history","firefox","Mon Sep 21 10:23:18 UTC 2026","passed","Mon Sep 21 10:23:32 UTC 2026","Presented Checks — Smoke (Continued)","specs\Smoke\5-PresentedChecksSmoke.spec.ts","",""
"","18508","Last page arrow jumps to the final page","webkit","Mon Sep 21 10:45:23 UTC 2026","passed","Mon Sep 21 10:45:42 UTC 2026","Exceptions — Smoke","specs\Smoke\8-ExceptionsSmoke.spec.ts","",""
"","11883","Saved Filters dropdown is visible and defaults to no preset","msedge","Mon Sep 21 10:23:21 UTC 2026","passed","Mon Sep 21 10:23:33 UTC 2026","Exceptions — Smoke","specs\Smoke\8-ExceptionsSmoke.spec.ts","",""
"","11892","Saved Filters dropdown is visible and defaults to no preset","msedge","Mon Sep 21 10:19:39 UTC 2026","passed","Mon Sep 21 10:19:51 UTC 2026","Presented Checks — Smoke","specs\Smoke\5-PresentedChecksSmoke.spec.ts","",""
"","11468","Pay/Return decision badge navigates to exception history","msedge","Mon Sep 21 10:21:20 UTC 2026","passed","Mon Sep 21 10:21:32 UTC 2026","Presented Checks — Smoke (Continued)","specs\Smoke\5-PresentedChecksSmoke.spec.ts","",""
"","14251","Approvals page loads with either records or the empty-state message","webkit","Mon Sep 21 10:50:22 UTC 2026","passed","Mon Sep 21 10:50:36 UTC 2026","Exceptions — Smoke (Continued)","specs\Smoke\8-ExceptionsSmoke.spec.ts","",""
"","9345","""Uploaded Checks"" navigates to the uploads page","chromium","Mon Sep 21 10:16:43 UTC 2026","passed","Mon Sep 21 10:16:52 UTC 2026","Presented Checks — Smoke","specs\Smoke\5-PresentedChecksSmoke.spec.ts","",""
"","14815","Home page is accessible and shows dashboard","msedge","Mon Sep 21 10:11:38 UTC 2026","passed","Mon Sep 21 10:11:53 UTC 2026","Application Navigation Smoke Tests","specs\Smoke\2-NavigationSmoke.spec.ts","",""
"","13311","""Edit"" link on a row navigates to the check edit form","msedge","Mon Sep 21 10:20:36 UTC 2026","passed","Mon Sep 21 10:20:49 UTC 2026","Issued Checks — Smoke (Continued)","specs\Smoke\4-IssuedChecksSmoke.spec.ts","",""
"","8939","Verify all three dashboard view tabs are visible","msedge","Mon Sep 21 10:13:36 UTC 2026","passed","Mon Sep 21 10:13:45 UTC 2026","Home Dashboard","specs\Smoke\3-HomeDashboardSmoke.spec.ts","",""
"","16426","Excel export button is visible and enabled","firefox","Mon Sep 21 10:18:54 UTC 2026","passed","Mon Sep 21 10:19:11 UTC 2026","Issued Checks — Smoke","specs\Smoke\4-IssuedChecksSmoke.spec.ts","",""
"","14832","Saved Filters dropdown is visible and defaults to no preset","firefox","Mon Sep 21 10:25:59 UTC 2026","passed","Mon Sep 21 10:26:14 UTC 2026","ACH — Smoke","specs\Smoke\7-ACHSmoke.spec.ts","",""
"","9189","""Delete"" on a row shows a confirm modal; Cancel dismisses it without deleting","chromium","Mon Sep 21 10:19:18 UTC 2026","passed","Mon Sep 21 10:19:28 UTC 2026","Presented Checks — Smoke (Continued)","specs\Smoke\5-PresentedChecksSmoke.spec.ts","",""
"","15585","""Uploaded ACH"" navigates to the uploads page","firefox","Mon Sep 21 10:23:45 UTC 2026","passed","Mon Sep 21 10:24:00 UTC 2026","ACH — Smoke","specs\Smoke\7-ACHSmoke.spec.ts","",""
"","19878","Save a filter preset, verify it is auto-selected, then delete it","firefox","Mon Sep 21 10:21:00 UTC 2026","passed","Mon Sep 21 10:21:20 UTC 2026","Issued Checks — Smoke (Continued)","specs\Smoke\4-IssuedChecksSmoke.spec.ts","",""
"","19435","Notification Templates sub-page loads correctly","webkit","Mon Sep 21 10:33:21 UTC 2026","passed","Mon Sep 21 10:33:40 UTC 2026","Application Navigation Smoke Tests","specs\Smoke\2-NavigationSmoke.spec.ts","",""
"","11778","Exception History grid loads with data rows and key column headers","webkit","Mon Sep 21 10:44:10 UTC 2026","passed","Mon Sep 21 10:44:21 UTC 2026","Exceptions — Smoke","specs\Smoke\8-ExceptionsSmoke.spec.ts","",""
"","9881","Account Settings sub-page loads correctly","msedge","Mon Sep 21 10:12:57 UTC 2026","passed","Mon Sep 21 10:13:06 UTC 2026","Application Navigation Smoke Tests","specs\Smoke\2-NavigationSmoke.spec.ts","",""
"","11410","Typing a page number navigates to that page","msedge","Mon Sep 21 10:22:55 UTC 2026","passed","Mon Sep 21 10:23:07 UTC 2026","Exceptions — Smoke","specs\Smoke\8-ExceptionsSmoke.spec.ts","",""
"","17737","Verify summary KPI values have expected number formats","firefox","Mon Sep 21 10:15:26 UTC 2026","passed","Mon Sep 21 10:15:44 UTC 2026","Home Dashboard","specs\Smoke\3-HomeDashboardSmoke.spec.ts","",""
"","16054","""Uploaded Checks"" navigates to the uploads page","firefox","Mon Sep 21 10:18:24 UTC 2026","passed","Mon Sep 21 10:18:40 UTC 2026","Issued Checks — Smoke","specs\Smoke\4-IssuedChecksSmoke.spec.ts","",""
"","7970","Clicking a column header sorts ascending, clicking again sorts descending","chromium","Mon Sep 21 10:18:42 UTC 2026","passed","Mon Sep 21 10:18:50 UTC 2026","Presented Checks — Smoke (Continued)","specs\Smoke\5-PresentedChecksSmoke.spec.ts","",""
"","10514","Verify navigation to Issued Checks via nav menu","chromium","Mon Sep 21 10:15:34 UTC 2026","passed","Mon Sep 21 10:15:44 UTC 2026","Home Dashboard","specs\Smoke\3-HomeDashboardSmoke.spec.ts","",""
"","8464","Approvals page loads with either records or the empty-state message","msedge","Mon Sep 21 10:25:41 UTC 2026","passed","Mon Sep 21 10:25:50 UTC 2026","Exceptions — Smoke (Continued)","specs\Smoke\8-ExceptionsSmoke.spec.ts","",""
"","15969","Save a filter preset, verify it is auto-selected, then delete it","msedge","Mon Sep 21 10:20:03 UTC 2026","passed","Mon Sep 21 10:20:19 UTC 2026","Presented Checks — Smoke (Continued)","specs\Smoke\5-PresentedChecksSmoke.spec.ts","",""
"","12771","Automatic ACH Decision Rules sub-page loads correctly","msedge","Mon Sep 21 10:15:13 UTC 2026","passed","Mon Sep 21 10:15:26 UTC 2026","Application Navigation Smoke Tests","specs\Smoke\2-NavigationSmoke.spec.ts","",""
"","13065","Search box filters grid and clears correctly","webkit","Mon Sep 21 10:44:21 UTC 2026","passed","Mon Sep 21 10:44:34 UTC 2026","Exceptions — Smoke","specs\Smoke\8-ExceptionsSmoke.spec.ts","",""
"","12999","Verify dashboard footer footnote and privacy link are visible","webkit","Mon Sep 21 10:35:45 UTC 2026","passed","Mon Sep 21 10:35:58 UTC 2026","Home Dashboard","specs\Smoke\3-HomeDashboardSmoke.spec.ts","",""
"","17079","Default filter auto-applies after logout and re-login","webkit","Mon Sep 21 10:47:59 UTC 2026","skipped","Mon Sep 21 10:48:16 UTC 2026","ACH — Smoke","specs\Smoke\7-ACHSmoke.spec.ts","",""
"","13295","Default filter auto-applies after logout and re-login","firefox","Mon Sep 21 10:20:47 UTC 2026","skipped","Mon Sep 21 10:21:00 UTC 2026","Issued Checks — Default Filter (Serial)","specs\Smoke\4-IssuedChecksSmoke.spec.ts","",""
"","25092","Column filter popup applies a filter and Clear restores the full row set","webkit","Mon Sep 21 10:41:42 UTC 2026","passed","Mon Sep 21 10:42:08 UTC 2026","Issued Checks — Smoke (Continued)","specs\Smoke\4-IssuedChecksSmoke.spec.ts","",""
"","5155","Validate unauthenticated access to protected route is redirected to login","firefox","Mon Sep 21 10:13:26 UTC 2026","passed","Mon Sep 21 10:13:32 UTC 2026","","specs\Smoke\1-LoginSmoke.spec.ts","",""
"","16052","File Processing sub-page loads correctly","webkit","Mon Sep 21 10:36:26 UTC 2026","passed","Mon Sep 21 10:36:42 UTC 2026","Application Navigation Smoke Tests","specs\Smoke\2-NavigationSmoke.spec.ts","",""
"","14794","Branding sub-page loads correctly","webkit","Mon Sep 21 10:32:01 UTC 2026","passed","Mon Sep 21 10:32:16 UTC 2026","Application Navigation Smoke Tests","specs\Smoke\2-NavigationSmoke.spec.ts","",""
"","14955","Grid loads with data rows and key column headers","firefox","Mon Sep 21 10:23:12 UTC 2026","passed","Mon Sep 21 10:23:27 UTC 2026","ACH — Smoke","specs\Smoke\7-ACHSmoke.spec.ts","",""
"","5307","Validate forgot password with unregistered email","chromium","Mon Sep 21 10:13:19 UTC 2026","passed","Mon Sep 21 10:13:24 UTC 2026","","specs\Smoke\1-LoginSmoke.spec.ts","",""
"","23090","Previous page button returns to page 1, First page button re-enables disabled state","webkit","Mon Sep 21 10:39:57 UTC 2026","passed","Mon Sep 21 10:40:20 UTC 2026","Issued Checks — Smoke","specs\Smoke\4-IssuedChecksSmoke.spec.ts","",""
"","29870","Verify chart title changes with selected tab","webkit","Mon Sep 21 10:33:40 UTC 2026","passed","Mon Sep 21 10:34:10 UTC 2026","Home Dashboard","specs\Smoke\3-HomeDashboardSmoke.spec.ts","",""
"","9297","Verify chart title changes with selected tab","msedge","Mon Sep 21 10:14:22 UTC 2026","passed","Mon Sep 21 10:14:31 UTC 2026","Home Dashboard","specs\Smoke\3-HomeDashboardSmoke.spec.ts","",""
"","9296","Search box filters grid and clears correctly","chromium","Mon Sep 21 10:16:52 UTC 2026","passed","Mon Sep 21 10:17:01 UTC 2026","Presented Checks — Smoke","specs\Smoke\5-PresentedChecksSmoke.spec.ts","",""
"","9154","Next page arrow advances to page 2","chromium","Mon Sep 21 10:20:20 UTC 2026","passed","Mon Sep 21 10:20:29 UTC 2026","Exceptions — Smoke","specs\Smoke\8-ExceptionsSmoke.spec.ts","",""
"","10071","Verify summary KPI values have expected number formats","msedge","Mon Sep 21 10:14:54 UTC 2026","passed","Mon Sep 21 10:15:04 UTC 2026","Home Dashboard","specs\Smoke\3-HomeDashboardSmoke.spec.ts","",""
"","17040","Previous page button returns to page 1, First page button re-enables disabled state","firefox","Mon Sep 21 10:25:34 UTC 2026","passed","Mon Sep 21 10:25:51 UTC 2026","Exceptions — Smoke","specs\Smoke\8-ExceptionsSmoke.spec.ts","",""
"","9285","Teller page loads correctly","chromium","Mon Sep 21 10:12:22 UTC 2026","passed","Mon Sep 21 10:12:31 UTC 2026","Application Navigation Smoke Tests","specs\Smoke\2-NavigationSmoke.spec.ts","",""
