"DESCRIPTION","DURATION IN MS","NAME","PARENT SUITE","START TIME","STATUS","STOP TIME","SUB SUITE","SUITE","TEST CLASS","TEST METHOD"
"","23985","Save a filter preset, verify it is auto-selected, then delete it","webkit","Thu Oct 08 10:23:32 UTC 2026","passed","Thu Oct 08 10:23:56 UTC 2026","ACH — Smoke > Saved Filters","specs\Smoke\7-ACHSmoke.spec.ts","",""
"","15692","Search box filters grid and clears correctly","firefox","Thu Oct 08 10:23:54 UTC 2026","passed","Thu Oct 08 10:24:09 UTC 2026","ACH — Smoke > Toolbar","specs\Smoke\7-ACHSmoke.spec.ts","",""
"","21888","Save a filter preset, verify it is auto-selected, then delete it","firefox","Thu Oct 08 10:27:25 UTC 2026","passed","Thu Oct 08 10:27:47 UTC 2026","Exceptions — Smoke > Exception History > Saved Filters","specs\Smoke\8-ExceptionsSmoke.spec.ts","",""
"","8483","Clicking a column header sorts ascending, clicking again sorts descending","msedge","Thu Oct 08 10:17:23 UTC 2026","passed","Thu Oct 08 10:17:31 UTC 2026","Presented Checks — Smoke > Sorting","specs\Smoke\5-PresentedChecksSmoke.spec.ts","",""
"","9371","Validate Login functionality with missingUsername","webkit","Thu Oct 08 10:13:08 UTC 2026","passed","Thu Oct 08 10:13:17 UTC 2026","Login — Smoke > Login","specs\Smoke\1-LoginSmoke.spec.ts","",""
"","10543","Issued Checks breadcrumb link is visible on the page","webkit","Thu Oct 08 10:20:44 UTC 2026","passed","Thu Oct 08 10:20:55 UTC 2026","Issued Checks — Smoke > Breadcrumb","specs\Smoke\4-IssuedChecksSmoke.spec.ts","",""
"","4393","Business Clients sub-page loads correctly","chromium","Thu Oct 08 10:26:34 UTC 2026","passed","Thu Oct 08 10:26:39 UTC 2026","Application Navigation Smoke Tests > Settings Sub-navigation","specs\Smoke\2-NavigationSmoke.spec.ts","",""
"","10663","Validate Login functionality with correctCredentials","chromium","Thu Oct 08 10:25:47 UTC 2026","passed","Thu Oct 08 10:25:58 UTC 2026","Login — Smoke > Login","specs\Smoke\1-LoginSmoke.spec.ts","",""
"","11589","Validate Login functionality with caseSensitiveEmail","webkit","Thu Oct 08 10:12:14 UTC 2026","passed","Thu Oct 08 10:12:26 UTC 2026","Login — Smoke > Login","specs\Smoke\1-LoginSmoke.spec.ts","",""
"","8760","Saved Filters dropdown is visible and defaults to no preset","msedge","Thu Oct 08 10:19:12 UTC 2026","passed","Thu Oct 08 10:19:21 UTC 2026","Exceptions — Smoke > Exception History > Saved Filters","specs\Smoke\8-ExceptionsSmoke.spec.ts","",""
"","6902","Decision Files sub-page loads correctly","webkit","Thu Oct 08 10:14:01 UTC 2026","passed","Thu Oct 08 10:14:08 UTC 2026","Application Navigation Smoke Tests > Settings Sub-navigation","specs\Smoke\2-NavigationSmoke.spec.ts","",""
"","3991","Branding sub-page loads correctly","chromium","Thu Oct 08 10:26:47 UTC 2026","passed","Thu Oct 08 10:26:51 UTC 2026","Application Navigation Smoke Tests > Settings Sub-navigation","specs\Smoke\2-NavigationSmoke.spec.ts","",""
"","310","Default filter auto-applies after logout and re-login","msedge","Thu Oct 08 10:19:31 UTC 2026","skipped","Thu Oct 08 10:19:31 UTC 2026","Exceptions — Smoke > Exception History > Saved Filters > Default Filter","specs\Smoke\8-ExceptionsSmoke.spec.ts","",""
"","12283","Clicking a column header sorts ascending, clicking again sorts descending","webkit","Thu Oct 08 10:24:06 UTC 2026","passed","Thu Oct 08 10:24:19 UTC 2026","ACH — Smoke > Sorting","specs\Smoke\7-ACHSmoke.spec.ts","",""
"","6076","Default Decision Log sub-page loads correctly","chromium","Thu Oct 08 10:27:44 UTC 2026","passed","Thu Oct 08 10:27:50 UTC 2026","Application Navigation Smoke Tests > Settings Sub-navigation","specs\Smoke\2-NavigationSmoke.spec.ts","",""
"","7550","Teller page loads correctly","webkit","Thu Oct 08 10:12:43 UTC 2026","passed","Thu Oct 08 10:12:50 UTC 2026","Application Navigation Smoke Tests > Top-level Navigation","specs\Smoke\2-NavigationSmoke.spec.ts","",""
"","5778","Verify navigation to Exceptions via nav menu","msedge","Thu Oct 08 10:15:15 UTC 2026","passed","Thu Oct 08 10:15:20 UTC 2026","Home Dashboard > Navigation from Dashboard","specs\Smoke\3-HomeDashboardSmoke.spec.ts","",""
"","7329","Users sub-page loads correctly","webkit","Thu Oct 08 10:13:32 UTC 2026","passed","Thu Oct 08 10:13:39 UTC 2026","Application Navigation Smoke Tests > Settings Sub-navigation","specs\Smoke\2-NavigationSmoke.spec.ts","",""
"","6722","Branding sub-page loads correctly","firefox","Thu Oct 08 10:15:02 UTC 2026","passed","Thu Oct 08 10:15:08 UTC 2026","Application Navigation Smoke Tests > Settings Sub-navigation","specs\Smoke\2-NavigationSmoke.spec.ts","",""
"","6059","Clicking a column header sorts ascending, clicking again sorts descending","chromium","Thu Oct 08 10:33:03 UTC 2026","passed","Thu Oct 08 10:33:09 UTC 2026","ACH — Smoke > Sorting","specs\Smoke\7-ACHSmoke.spec.ts","",""
"","12393","Presented Checks breadcrumb link is visible on the page","firefox","Thu Oct 08 10:24:48 UTC 2026","passed","Thu Oct 08 10:25:01 UTC 2026","Presented Checks — Smoke > Breadcrumb","specs\Smoke\5-PresentedChecksSmoke.spec.ts","",""
"","6579","Web Hooks sub-page loads correctly","chromium","Thu Oct 08 10:28:07 UTC 2026","passed","Thu Oct 08 10:28:13 UTC 2026","Application Navigation Smoke Tests > Settings Sub-navigation","specs\Smoke\2-NavigationSmoke.spec.ts","",""
"","5012","Grid loads with data rows and key column headers","chromium","Thu Oct 08 10:28:13 UTC 2026","passed","Thu Oct 08 10:28:18 UTC 2026","Issued Checks — Smoke > Grid","specs\Smoke\4-IssuedChecksSmoke.spec.ts","",""
"","9834","Presented Checks page loads correctly","firefox","Thu Oct 08 10:12:51 UTC 2026","passed","Thu Oct 08 10:13:01 UTC 2026","Application Navigation Smoke Tests > Top-level Navigation","specs\Smoke\2-NavigationSmoke.spec.ts","",""
"","7043","Verify Home dashboard is restored after returning from another page","msedge","Thu Oct 08 10:14:50 UTC 2026","passed","Thu Oct 08 10:14:57 UTC 2026","Home Dashboard > Summary Stats","specs\Smoke\3-HomeDashboardSmoke.spec.ts","",""
"","3143","Pre-Decisions page loads with either records or the empty-state message","webkit","Thu Oct 08 10:26:42 UTC 2026","passed","Thu Oct 08 10:26:45 UTC 2026","Exceptions — Smoke > Pre-Decisions","specs\Smoke\8-ExceptionsSmoke.spec.ts","",""
"","6508","Billing Reports sub-page loads correctly","webkit","Thu Oct 08 10:13:54 UTC 2026","passed","Thu Oct 08 10:14:01 UTC 2026","Application Navigation Smoke Tests > Settings Sub-navigation","specs\Smoke\2-NavigationSmoke.spec.ts","",""
"","7266","Last page arrow jumps to the final page","msedge","Thu Oct 08 10:18:50 UTC 2026","passed","Thu Oct 08 10:18:57 UTC 2026","Exceptions — Smoke > Exception History > Pagination","specs\Smoke\8-ExceptionsSmoke.spec.ts","",""
"","8433","Validate Login functionality with incorrectPassword","webkit","Thu Oct 08 10:12:26 UTC 2026","passed","Thu Oct 08 10:12:34 UTC 2026","Login — Smoke > Login","specs\Smoke\1-LoginSmoke.spec.ts","",""
"","26026","Pay/Return decision badge navigates to exception history","webkit","Thu Oct 08 10:24:59 UTC 2026","passed","Thu Oct 08 10:25:25 UTC 2026","ACH — Smoke > Row Actions","specs\Smoke\7-ACHSmoke.spec.ts","",""
"","6036","Exceptions breadcrumb link is visible on the page","firefox","Thu Oct 08 10:29:12 UTC 2026","passed","Thu Oct 08 10:29:18 UTC 2026","Exceptions — Smoke > Exception History > Breadcrumb","specs\Smoke\8-ExceptionsSmoke.spec.ts","",""
"","12749","Saved Filters dropdown is visible and defaults to no preset","firefox","Thu Oct 08 10:22:36 UTC 2026","passed","Thu Oct 08 10:22:48 UTC 2026","Presented Checks — Smoke > Saved Filters","specs\Smoke\5-PresentedChecksSmoke.spec.ts","",""
"","9060","ACH page loads correctly","webkit","Thu Oct 08 10:12:50 UTC 2026","passed","Thu Oct 08 10:13:00 UTC 2026","Application Navigation Smoke Tests > Top-level Navigation","specs\Smoke\2-NavigationSmoke.spec.ts","",""
"","17417","Default filter auto-applies after logout and re-login","chromium","Thu Oct 08 10:32:45 UTC 2026","passed","Thu Oct 08 10:33:03 UTC 2026","ACH — Smoke > Saved Filters > Default Filter","specs\Smoke\7-ACHSmoke.spec.ts","",""
"","5629","Verify tab-specific charts are hidden for opposite tab","msedge","Thu Oct 08 10:14:18 UTC 2026","passed","Thu Oct 08 10:14:24 UTC 2026","Home Dashboard > Dashboard Chart Headings","specs\Smoke\3-HomeDashboardSmoke.spec.ts","",""
"","6611","Search box filters grid and clears correctly","chromium","Thu Oct 08 10:28:35 UTC 2026","passed","Thu Oct 08 10:28:42 UTC 2026","Issued Checks — Smoke > Toolbar","specs\Smoke\4-IssuedChecksSmoke.spec.ts","",""
"","4139","Validate forgot password with unregistered email","chromium","Thu Oct 08 10:26:51 UTC 2026","passed","Thu Oct 08 10:26:55 UTC 2026","Login — Smoke > Forgot Password","specs\Smoke\1-LoginSmoke.spec.ts","",""
"","10894","Verify delayed data note and force refresh link are visible on dashboard","webkit","Thu Oct 08 10:17:23 UTC 2026","passed","Thu Oct 08 10:17:34 UTC 2026","Home Dashboard > Summary Stats","specs\Smoke\3-HomeDashboardSmoke.spec.ts","",""
"","4464","Billing Reports sub-page loads correctly","chromium","Thu Oct 08 10:26:51 UTC 2026","passed","Thu Oct 08 10:26:56 UTC 2026","Application Navigation Smoke Tests > Settings Sub-navigation","specs\Smoke\2-NavigationSmoke.spec.ts","",""
"","18007","Save a filter preset, verify it is auto-selected, then delete it","firefox","Thu Oct 08 10:22:48 UTC 2026","passed","Thu Oct 08 10:23:06 UTC 2026","Presented Checks — Smoke > Saved Filters","specs\Smoke\5-PresentedChecksSmoke.spec.ts","",""
"","5415","""Uploaded ACH"" navigates to the uploads page","chromium","Thu Oct 08 10:31:39 UTC 2026","passed","Thu Oct 08 10:31:45 UTC 2026","ACH — Smoke > Navigation","specs\Smoke\7-ACHSmoke.spec.ts","",""
"","5604","Automatic Check Decision Rules sub-page loads correctly","chromium","Thu Oct 08 10:27:17 UTC 2026","passed","Thu Oct 08 10:27:22 UTC 2026","Application Navigation Smoke Tests > Settings Sub-navigation","specs\Smoke\2-NavigationSmoke.spec.ts","",""
"","10844","Verify Total Exceptions and Total Exception Amount labels are visible","firefox","Thu Oct 08 10:17:41 UTC 2026","passed","Thu Oct 08 10:17:51 UTC 2026","Home Dashboard > Summary Stats","specs\Smoke\3-HomeDashboardSmoke.spec.ts","",""
"","7036","Clicking a column header sorts ascending, clicking again sorts descending","webkit","Thu Oct 08 10:25:40 UTC 2026","passed","Thu Oct 08 10:25:47 UTC 2026","Exceptions — Smoke > Exception History > Sorting","specs\Smoke\8-ExceptionsSmoke.spec.ts","",""
"","5689","""Delete"" on a row shows a confirm modal; Cancel dismisses it without deleting","chromium","Thu Oct 08 10:32:02 UTC 2026","passed","Thu Oct 08 10:32:08 UTC 2026","Presented Checks — Smoke > Row Actions","specs\Smoke\5-PresentedChecksSmoke.spec.ts","",""
"","6186","Next page arrow advances to page 2","msedge","Thu Oct 08 10:16:19 UTC 2026","passed","Thu Oct 08 10:16:25 UTC 2026","Presented Checks — Smoke > Pagination","specs\Smoke\5-PresentedChecksSmoke.spec.ts","",""
"","14601","Verify Check Only tab shows Check-specific chart sections","firefox","Thu Oct 08 10:16:36 UTC 2026","passed","Thu Oct 08 10:16:51 UTC 2026","Home Dashboard > Dashboard Chart Headings","specs\Smoke\3-HomeDashboardSmoke.spec.ts","",""
"","22144","Verify chart title changes with selected tab","webkit","Thu Oct 08 10:16:06 UTC 2026","passed","Thu Oct 08 10:16:28 UTC 2026","Home Dashboard > Dashboard Chart Headings","specs\Smoke\3-HomeDashboardSmoke.spec.ts","",""
"","7201","""Uploaded ACH"" navigates to the uploads page","msedge","Thu Oct 08 10:17:16 UTC 2026","passed","Thu Oct 08 10:17:23 UTC 2026","ACH — Smoke > Navigation","specs\Smoke\7-ACHSmoke.spec.ts","",""
"","2927","Pre-Decisions page loads with either records or the empty-state message","chromium","Thu Oct 08 10:34:50 UTC 2026","passed","Thu Oct 08 10:34:53 UTC 2026","Exceptions — Smoke > Pre-Decisions","specs\Smoke\8-ExceptionsSmoke.spec.ts","",""
"","5361","File Formats sub-page loads correctly","chromium","Thu Oct 08 10:27:07 UTC 2026","passed","Thu Oct 08 10:27:12 UTC 2026","Application Navigation Smoke Tests > Settings Sub-navigation","specs\Smoke\2-NavigationSmoke.spec.ts","",""
"","10515","Verify navigation to Exceptions via nav menu","firefox","Thu Oct 08 10:19:43 UTC 2026","passed","Thu Oct 08 10:19:53 UTC 2026","Home Dashboard > Navigation from Dashboard","specs\Smoke\3-HomeDashboardSmoke.spec.ts","",""
"","8605","Next page arrow advances to page 2","msedge","Thu Oct 08 10:17:50 UTC 2026","passed","Thu Oct 08 10:17:58 UTC 2026","ACH — Smoke > Pagination","specs\Smoke\7-ACHSmoke.spec.ts","",""
"","7727","""Edit"" link on a row navigates to the check edit form","msedge","Thu Oct 08 10:17:40 UTC 2026","passed","Thu Oct 08 10:17:48 UTC 2026","Presented Checks — Smoke > Row Actions","specs\Smoke\5-PresentedChecksSmoke.spec.ts","",""
"","9943","Validate forgot password with unregistered email","webkit","Thu Oct 08 10:13:57 UTC 2026","passed","Thu Oct 08 10:14:07 UTC 2026","Login — Smoke > Forgot Password","specs\Smoke\1-LoginSmoke.spec.ts","",""
"","4598","Check Approval Rules sub-page loads correctly","msedge","Thu Oct 08 10:13:42 UTC 2026","passed","Thu Oct 08 10:13:47 UTC 2026","Application Navigation Smoke Tests > Settings Sub-navigation","specs\Smoke\2-NavigationSmoke.spec.ts","",""
"","13681","Saved Filters dropdown is visible and defaults to no preset","firefox","Thu Oct 08 10:25:39 UTC 2026","passed","Thu Oct 08 10:25:53 UTC 2026","ACH — Smoke > Saved Filters","specs\Smoke\7-ACHSmoke.spec.ts","",""
"","786","Default filter auto-applies after logout and re-login","webkit","Thu Oct 08 10:25:39 UTC 2026","skipped","Thu Oct 08 10:25:40 UTC 2026","Exceptions — Smoke > Exception History > Saved Filters > Default Filter","specs\Smoke\8-ExceptionsSmoke.spec.ts","",""
"","5842","Typing a page number navigates to that page","msedge","Thu Oct 08 10:18:57 UTC 2026","passed","Thu Oct 08 10:19:03 UTC 2026","Exceptions — Smoke > Exception History > Pagination","specs\Smoke\8-ExceptionsSmoke.spec.ts","",""
"","4301","Users sub-page loads correctly","chromium","Thu Oct 08 10:26:39 UTC 2026","passed","Thu Oct 08 10:26:43 UTC 2026","Application Navigation Smoke Tests > Settings Sub-navigation","specs\Smoke\2-NavigationSmoke.spec.ts","",""
"","7163","Validate session persists after page refresh","chromium","Thu Oct 08 10:26:55 UTC 2026","passed","Thu Oct 08 10:27:02 UTC 2026","Login — Smoke > Session & Security","specs\Smoke\1-LoginSmoke.spec.ts","",""
"","8444","Validate forgot password with unregistered email","firefox","Thu Oct 08 10:15:10 UTC 2026","passed","Thu Oct 08 10:15:19 UTC 2026","Login — Smoke > Forgot Password","specs\Smoke\1-LoginSmoke.spec.ts","",""
"","10600","""View"" (Change Log) link on a row navigates to the entity log","webkit","Thu Oct 08 10:20:21 UTC 2026","passed","Thu Oct 08 10:20:31 UTC 2026","Issued Checks — Smoke > Row Actions","specs\Smoke\4-IssuedChecksSmoke.spec.ts","",""
"","6783","Search box filters grid and clears correctly","msedge","Thu Oct 08 10:18:25 UTC 2026","passed","Thu Oct 08 10:18:31 UTC 2026","Exceptions — Smoke > Exception History > Toolbar","specs\Smoke\8-ExceptionsSmoke.spec.ts","",""
"","10611","API link is visible and points to swagger","firefox","Thu Oct 08 10:17:41 UTC 2026","passed","Thu Oct 08 10:17:51 UTC 2026","Application Navigation Smoke Tests > Settings Sub-navigation","specs\Smoke\2-NavigationSmoke.spec.ts","",""
"","4829","Account Settings sub-page loads correctly","msedge","Thu Oct 08 10:12:52 UTC 2026","passed","Thu Oct 08 10:12:57 UTC 2026","Application Navigation Smoke Tests > Settings Sub-navigation","specs\Smoke\2-NavigationSmoke.spec.ts","",""
"","9767","Page size change to 10 updates pagination info in bottom-right pager","webkit","Thu Oct 08 10:22:23 UTC 2026","passed","Thu Oct 08 10:22:33 UTC 2026","ACH — Smoke > Pagination","specs\Smoke\7-ACHSmoke.spec.ts","",""
"","5363","Default Decision Log sub-page loads correctly","msedge","Thu Oct 08 10:14:02 UTC 2026","passed","Thu Oct 08 10:14:07 UTC 2026","Application Navigation Smoke Tests > Settings Sub-navigation","specs\Smoke\2-NavigationSmoke.spec.ts","",""
"","16810","Previous page button returns to page 1, First page button re-enables disabled state","firefox","Thu Oct 08 10:20:20 UTC 2026","passed","Thu Oct 08 10:20:37 UTC 2026","Issued Checks — Smoke > Pagination","specs\Smoke\4-IssuedChecksSmoke.spec.ts","",""
"","10662","""View"" (Change Log) link on a row navigates to the entity log","firefox","Thu Oct 08 10:22:09 UTC 2026","passed","Thu Oct 08 10:22:20 UTC 2026","Issued Checks — Smoke > Row Actions","specs\Smoke\4-IssuedChecksSmoke.spec.ts","",""
"","4386","Presented Checks page loads correctly","chromium","Thu Oct 08 10:26:08 UTC 2026","passed","Thu Oct 08 10:26:13 UTC 2026","Application Navigation Smoke Tests > Top-level Navigation","specs\Smoke\2-NavigationSmoke.spec.ts","",""
"","24190","Verify tab-specific charts are hidden for opposite tab","webkit","Thu Oct 08 10:16:28 UTC 2026","passed","Thu Oct 08 10:16:52 UTC 2026","Home Dashboard > Dashboard Chart Headings","specs\Smoke\3-HomeDashboardSmoke.spec.ts","",""
"","10981","Automatic Check Decision Rules sub-page loads correctly","firefox","Thu Oct 08 10:16:09 UTC 2026","passed","Thu Oct 08 10:16:20 UTC 2026","Application Navigation Smoke Tests > Settings Sub-navigation","specs\Smoke\2-NavigationSmoke.spec.ts","",""
"","8734","Last page arrow jumps to the final page","msedge","Thu Oct 08 10:17:58 UTC 2026","passed","Thu Oct 08 10:18:07 UTC 2026","ACH — Smoke > Pagination","specs\Smoke\7-ACHSmoke.spec.ts","",""
"","8963","Column filter popup applies a filter and Clear restores the full row set","msedge","Thu Oct 08 10:16:02 UTC 2026","passed","Thu Oct 08 10:16:11 UTC 2026","Issued Checks — Smoke > Column Filter","specs\Smoke\4-IssuedChecksSmoke.spec.ts","",""
"","7371","Validate Login functionality with sqlInjection","webkit","Thu Oct 08 10:13:17 UTC 2026","passed","Thu Oct 08 10:13:24 UTC 2026","Login — Smoke > Login","specs\Smoke\1-LoginSmoke.spec.ts","",""
"","5127","Verify navigation to Presented Checks via nav menu","chromium","Thu Oct 08 10:28:36 UTC 2026","passed","Thu Oct 08 10:28:41 UTC 2026","Home Dashboard > Navigation from Dashboard","specs\Smoke\3-HomeDashboardSmoke.spec.ts","",""
"","14706","""Delete"" on a row shows a confirm modal; Cancel dismisses it without deleting","firefox","Thu Oct 08 10:22:20 UTC 2026","passed","Thu Oct 08 10:22:34 UTC 2026","Issued Checks — Smoke > Row Actions","specs\Smoke\4-IssuedChecksSmoke.spec.ts","",""
"","5314","Grid View toggle navigates to the open-exceptions grid and shows key column headers","firefox","Thu Oct 08 10:29:27 UTC 2026","passed","Thu Oct 08 10:29:33 UTC 2026","Exceptions — Smoke > Open Exceptions","specs\Smoke\8-ExceptionsSmoke.spec.ts","",""
"","9330","Last page arrow jumps to the final page","chromium","Thu Oct 08 10:30:23 UTC 2026","passed","Thu Oct 08 10:30:32 UTC 2026","Presented Checks — Smoke > Pagination","specs\Smoke\5-PresentedChecksSmoke.spec.ts","",""
"","7907","Validate Login functionality with veryLongInput","webkit","Thu Oct 08 10:13:32 UTC 2026","passed","Thu Oct 08 10:13:40 UTC 2026","Login — Smoke > Login","specs\Smoke\1-LoginSmoke.spec.ts","",""
"","5071","Grid View toggle navigates to the open-exceptions grid and shows key column headers","msedge","Thu Oct 08 10:20:06 UTC 2026","passed","Thu Oct 08 10:20:11 UTC 2026","Exceptions — Smoke > Open Exceptions","specs\Smoke\8-ExceptionsSmoke.spec.ts","",""
"","5101","Validate Login functionality with emptyFields","firefox","Thu Oct 08 10:13:07 UTC 2026","passed","Thu Oct 08 10:13:12 UTC 2026","Login — Smoke > Login","specs\Smoke\1-LoginSmoke.spec.ts","",""
"","5806","Verify navigation to ACH via nav menu","chromium","Thu Oct 08 10:28:41 UTC 2026","passed","Thu Oct 08 10:28:47 UTC 2026","Home Dashboard > Navigation from Dashboard","specs\Smoke\3-HomeDashboardSmoke.spec.ts","",""
"","10545","Save a filter preset, verify it is auto-selected, then delete it","msedge","Thu Oct 08 10:19:21 UTC 2026","passed","Thu Oct 08 10:19:31 UTC 2026","Exceptions — Smoke > Exception History > Saved Filters","specs\Smoke\8-ExceptionsSmoke.spec.ts","",""
"","7653","Business Clients sub-page loads correctly","webkit","Thu Oct 08 10:13:24 UTC 2026","passed","Thu Oct 08 10:13:32 UTC 2026","Application Navigation Smoke Tests > Settings Sub-navigation","specs\Smoke\2-NavigationSmoke.spec.ts","",""
"","16152","Previous page button returns to page 1, First page button re-enables disabled state","webkit","Thu Oct 08 10:18:41 UTC 2026","passed","Thu Oct 08 10:18:57 UTC 2026","Issued Checks — Smoke > Pagination","specs\Smoke\4-IssuedChecksSmoke.spec.ts","",""
"","6444","Grid loads with data rows and key column headers","msedge","Thu Oct 08 10:15:26 UTC 2026","passed","Thu Oct 08 10:15:32 UTC 2026","Presented Checks — Smoke > Grid","specs\Smoke\5-PresentedChecksSmoke.spec.ts","",""
"","9496","Verify Combined View shows all chart sections","webkit","Thu Oct 08 10:14:59 UTC 2026","passed","Thu Oct 08 10:15:08 UTC 2026","Home Dashboard > Dashboard Chart Headings","specs\Smoke\3-HomeDashboardSmoke.spec.ts","",""
"","4951","Verify summary KPI values have expected number formats","chromium","Thu Oct 08 10:28:02 UTC 2026","passed","Thu Oct 08 10:28:07 UTC 2026","Home Dashboard > Summary Stats","specs\Smoke\3-HomeDashboardSmoke.spec.ts","",""
"","12325","Next page arrow advances to page 2","firefox","Thu Oct 08 10:19:43 UTC 2026","passed","Thu Oct 08 10:19:55 UTC 2026","Issued Checks — Smoke > Pagination","specs\Smoke\4-IssuedChecksSmoke.spec.ts","",""
"","12544","Verify navigation to ACH via nav menu","firefox","Thu Oct 08 10:19:30 UTC 2026","passed","Thu Oct 08 10:19:43 UTC 2026","Home Dashboard > Navigation from Dashboard","specs\Smoke\3-HomeDashboardSmoke.spec.ts","",""
"","9020","Excel export button is visible and enabled","chromium","Thu Oct 08 10:29:55 UTC 2026","passed","Thu Oct 08 10:30:04 UTC 2026","Presented Checks — Smoke > Toolbar","specs\Smoke\5-PresentedChecksSmoke.spec.ts","",""
"","8805","ACH Approval Rules sub-page loads correctly","webkit","Thu Oct 08 10:14:57 UTC 2026","passed","Thu Oct 08 10:15:06 UTC 2026","Application Navigation Smoke Tests > Settings Sub-navigation","specs\Smoke\2-NavigationSmoke.spec.ts","",""
"","18855","Validate Login functionality with missingUsername","firefox","Thu Oct 08 10:13:21 UTC 2026","passed","Thu Oct 08 10:13:39 UTC 2026","Login — Smoke > Login","specs\Smoke\1-LoginSmoke.spec.ts","",""
"","5702","Last page arrow jumps to the final page","msedge","Thu Oct 08 10:15:15 UTC 2026","passed","Thu Oct 08 10:15:21 UTC 2026","Issued Checks — Smoke > Pagination","specs\Smoke\4-IssuedChecksSmoke.spec.ts","",""
"","12621","Billing Reports sub-page loads correctly","firefox","Thu Oct 08 10:15:09 UTC 2026","passed","Thu Oct 08 10:15:21 UTC 2026","Application Navigation Smoke Tests > Settings Sub-navigation","specs\Smoke\2-NavigationSmoke.spec.ts","",""
"","5978","Verify navigation to Issued Checks via nav menu","msedge","Thu Oct 08 10:14:57 UTC 2026","passed","Thu Oct 08 10:15:03 UTC 2026","Home Dashboard > Navigation from Dashboard","specs\Smoke\3-HomeDashboardSmoke.spec.ts","",""
"","10571","""+ Add Check"" navigates to the add-check form","firefox","Thu Oct 08 10:18:37 UTC 2026","passed","Thu Oct 08 10:18:48 UTC 2026","Issued Checks — Smoke > Navigation","specs\Smoke\4-IssuedChecksSmoke.spec.ts","",""
"","7316","""Edit"" link on a row navigates to the check edit form","msedge","Thu Oct 08 10:16:11 UTC 2026","passed","Thu Oct 08 10:16:18 UTC 2026","Issued Checks — Smoke > Row Actions","specs\Smoke\4-IssuedChecksSmoke.spec.ts","",""
"","28224","Verify dashboard tab checked state updates correctly","webkit","Thu Oct 08 10:15:37 UTC 2026","passed","Thu Oct 08 10:16:06 UTC 2026","Home Dashboard > Dashboard Chart Headings","specs\Smoke\3-HomeDashboardSmoke.spec.ts","",""
"","17232","Previous page button returns to page 1, First page button re-enables disabled state","firefox","Thu Oct 08 10:26:57 UTC 2026","passed","Thu Oct 08 10:27:14 UTC 2026","Exceptions — Smoke > Exception History > Pagination","specs\Smoke\8-ExceptionsSmoke.spec.ts","",""
"","12280","Search box filters grid and clears correctly","webkit","Thu Oct 08 10:19:43 UTC 2026","passed","Thu Oct 08 10:19:55 UTC 2026","Presented Checks — Smoke > Toolbar","specs\Smoke\5-PresentedChecksSmoke.spec.ts","",""
"","5073","Decision badge on an already-reviewed row is blocked with a system message","msedge","Thu Oct 08 10:19:48 UTC 2026","passed","Thu Oct 08 10:19:53 UTC 2026","Exceptions — Smoke > Exception History > Row Actions","specs\Smoke\8-ExceptionsSmoke.spec.ts","",""
"","3956","File Formats sub-page loads correctly","msedge","Thu Oct 08 10:13:30 UTC 2026","passed","Thu Oct 08 10:13:34 UTC 2026","Application Navigation Smoke Tests > Settings Sub-navigation","specs\Smoke\2-NavigationSmoke.spec.ts","",""
"","6903","Next page arrow advances to page 2","msedge","Thu Oct 08 10:18:43 UTC 2026","passed","Thu Oct 08 10:18:50 UTC 2026","Exceptions — Smoke > Exception History > Pagination","specs\Smoke\8-ExceptionsSmoke.spec.ts","",""
"","5645","Pre-Decisions page loads with either records or the empty-state message","firefox","Thu Oct 08 10:29:37 UTC 2026","passed","Thu Oct 08 10:29:43 UTC 2026","Exceptions — Smoke > Pre-Decisions","specs\Smoke\8-ExceptionsSmoke.spec.ts","",""
"","4572","Business Clients sub-page loads correctly","msedge","Thu Oct 08 10:12:57 UTC 2026","passed","Thu Oct 08 10:13:02 UTC 2026","Application Navigation Smoke Tests > Settings Sub-navigation","specs\Smoke\2-NavigationSmoke.spec.ts","",""
"","13021","""Delete"" on a row shows a confirm modal; Cancel dismisses it without deleting","webkit","Thu Oct 08 10:20:31 UTC 2026","passed","Thu Oct 08 10:20:44 UTC 2026","Issued Checks — Smoke > Row Actions","specs\Smoke\4-IssuedChecksSmoke.spec.ts","",""
"","4835","Default filter auto-applies after logout and re-login","msedge","Thu Oct 08 10:15:49 UTC 2026","skipped","Thu Oct 08 10:15:54 UTC 2026","Issued Checks — Smoke > Saved Filters > Default Filter","specs\Smoke\4-IssuedChecksSmoke.spec.ts","",""
"","4103","Automatic ACH Decision Rules sub-page loads correctly","msedge","Thu Oct 08 10:13:47 UTC 2026","passed","Thu Oct 08 10:13:51 UTC 2026","Application Navigation Smoke Tests > Settings Sub-navigation","specs\Smoke\2-NavigationSmoke.spec.ts","",""
"","14599","Account Settings sub-page loads correctly","firefox","Thu Oct 08 10:13:49 UTC 2026","passed","Thu Oct 08 10:14:04 UTC 2026","Application Navigation Smoke Tests > Settings Sub-navigation","specs\Smoke\2-NavigationSmoke.spec.ts","",""
"","11866","Excel export button is visible and enabled","firefox","Thu Oct 08 10:25:42 UTC 2026","passed","Thu Oct 08 10:25:54 UTC 2026","Exceptions — Smoke > Exception History > Toolbar","specs\Smoke\8-ExceptionsSmoke.spec.ts","",""
"","9709","Grid loads with data rows and key column headers","firefox","Thu Oct 08 10:23:08 UTC 2026","passed","Thu Oct 08 10:23:18 UTC 2026","ACH — Smoke > Grid","specs\Smoke\7-ACHSmoke.spec.ts","",""
"","5856","Grid View toggle navigates to the open-exceptions grid and shows key column headers","chromium","Thu Oct 08 10:34:41 UTC 2026","passed","Thu Oct 08 10:34:47 UTC 2026","Exceptions — Smoke > Open Exceptions","specs\Smoke\8-ExceptionsSmoke.spec.ts","",""
"","11640","Grid loads with data rows and key column headers","chromium","Thu Oct 08 10:28:59 UTC 2026","passed","Thu Oct 08 10:29:11 UTC 2026","Presented Checks — Smoke > Grid","specs\Smoke\5-PresentedChecksSmoke.spec.ts","",""
"","3784","Validate Login functionality with invalidEmailFormat","msedge","Thu Oct 08 10:12:36 UTC 2026","passed","Thu Oct 08 10:12:39 UTC 2026","Login — Smoke > Login","specs\Smoke\1-LoginSmoke.spec.ts","",""
"","4483","Settings page loads correctly","chromium","Thu Oct 08 10:26:25 UTC 2026","passed","Thu Oct 08 10:26:30 UTC 2026","Application Navigation Smoke Tests > Top-level Navigation","specs\Smoke\2-NavigationSmoke.spec.ts","",""
"","7799","Issued Checks breadcrumb link is visible on the page","chromium","Thu Oct 08 10:30:50 UTC 2026","passed","Thu Oct 08 10:30:58 UTC 2026","Issued Checks — Smoke > Breadcrumb","specs\Smoke\4-IssuedChecksSmoke.spec.ts","",""
"","4351","Verify summary KPI values have expected number formats","msedge","Thu Oct 08 10:14:28 UTC 2026","passed","Thu Oct 08 10:14:33 UTC 2026","Home Dashboard > Summary Stats","specs\Smoke\3-HomeDashboardSmoke.spec.ts","",""
"","5200","Verify dashboard footer footnote and privacy link are visible","msedge","Thu Oct 08 10:14:39 UTC 2026","passed","Thu Oct 08 10:14:45 UTC 2026","Home Dashboard > Summary Stats","specs\Smoke\3-HomeDashboardSmoke.spec.ts","",""
"","4819","Issued Checks page loads correctly","chromium","Thu Oct 08 10:26:04 UTC 2026","passed","Thu Oct 08 10:26:08 UTC 2026","Application Navigation Smoke Tests > Top-level Navigation","specs\Smoke\2-NavigationSmoke.spec.ts","",""
"","10128","Excel export button is visible and enabled","webkit","Thu Oct 08 10:22:13 UTC 2026","passed","Thu Oct 08 10:22:23 UTC 2026","ACH — Smoke > Toolbar","specs\Smoke\7-ACHSmoke.spec.ts","",""
"","4176","Notification Templates sub-page loads correctly","chromium","Thu Oct 08 10:27:12 UTC 2026","passed","Thu Oct 08 10:27:17 UTC 2026","Application Navigation Smoke Tests > Settings Sub-navigation","specs\Smoke\2-NavigationSmoke.spec.ts","",""
"","10231","ACH breadcrumb link is visible on the page","webkit","Thu Oct 08 10:25:25 UTC 2026","passed","Thu Oct 08 10:25:35 UTC 2026","ACH — Smoke > Breadcrumb","specs\Smoke\7-ACHSmoke.spec.ts","",""
"","7976","Verify all three dashboard view tabs are visible","webkit","Thu Oct 08 10:14:51 UTC 2026","passed","Thu Oct 08 10:14:59 UTC 2026","Home Dashboard > Page Load","specs\Smoke\3-HomeDashboardSmoke.spec.ts","",""
"","8367","Column filter popup applies a filter and Clear restores the full row set","chromium","Thu Oct 08 10:33:09 UTC 2026","passed","Thu Oct 08 10:33:17 UTC 2026","ACH — Smoke > Column Filter","specs\Smoke\7-ACHSmoke.spec.ts","",""
"","8730","Presented Checks page loads correctly","webkit","Thu Oct 08 10:12:34 UTC 2026","passed","Thu Oct 08 10:12:43 UTC 2026","Application Navigation Smoke Tests > Top-level Navigation","specs\Smoke\2-NavigationSmoke.spec.ts","",""
"","10849","Save a filter preset, verify it is auto-selected, then delete it","chromium","Thu Oct 08 10:32:34 UTC 2026","passed","Thu Oct 08 10:32:45 UTC 2026","ACH — Smoke > Saved Filters","specs\Smoke\7-ACHSmoke.spec.ts","",""
"","11989","Validate Login functionality with correctCredentials","webkit","Thu Oct 08 10:12:02 UTC 2026","passed","Thu Oct 08 10:12:14 UTC 2026","Login — Smoke > Login","specs\Smoke\1-LoginSmoke.spec.ts","",""
"","7561","""Delete"" on a row shows a confirm modal; Cancel dismisses it without deleting","msedge","Thu Oct 08 10:17:55 UTC 2026","passed","Thu Oct 08 10:18:03 UTC 2026","Presented Checks — Smoke > Row Actions","specs\Smoke\5-PresentedChecksSmoke.spec.ts","",""
"","10998","Last page arrow jumps to the final page","firefox","Thu Oct 08 10:24:49 UTC 2026","passed","Thu Oct 08 10:25:00 UTC 2026","ACH — Smoke > Pagination","specs\Smoke\7-ACHSmoke.spec.ts","",""
"","4524","Verify Combined View shows all chart sections","msedge","Thu Oct 08 10:13:46 UTC 2026","passed","Thu Oct 08 10:13:51 UTC 2026","Home Dashboard > Dashboard Chart Headings","specs\Smoke\3-HomeDashboardSmoke.spec.ts","",""
"","6915","""View"" (Change Log) link on a row navigates to the entity log","chromium","Thu Oct 08 10:33:17 UTC 2026","passed","Thu Oct 08 10:33:24 UTC 2026","ACH — Smoke > Row Actions","specs\Smoke\7-ACHSmoke.spec.ts","",""
"","5407","Verify navigation to Presented Checks via nav menu","msedge","Thu Oct 08 10:15:03 UTC 2026","passed","Thu Oct 08 10:15:09 UTC 2026","Home Dashboard > Navigation from Dashboard","specs\Smoke\3-HomeDashboardSmoke.spec.ts","",""
"","6293","Verify tab-specific charts are hidden for opposite tab","chromium","Thu Oct 08 10:27:51 UTC 2026","passed","Thu Oct 08 10:27:57 UTC 2026","Home Dashboard > Dashboard Chart Headings","specs\Smoke\3-HomeDashboardSmoke.spec.ts","",""
"","5719","Saved Filters dropdown is visible and defaults to no preset","msedge","Thu Oct 08 10:15:33 UTC 2026","passed","Thu Oct 08 10:15:39 UTC 2026","Issued Checks — Smoke > Saved Filters","specs\Smoke\4-IssuedChecksSmoke.spec.ts","",""
"","17207","Typing a page number navigates to that page","firefox","Thu Oct 08 10:22:03 UTC 2026","passed","Thu Oct 08 10:22:20 UTC 2026","Presented Checks — Smoke > Pagination","specs\Smoke\5-PresentedChecksSmoke.spec.ts","",""
"","6224","Typing a page number navigates to that page","msedge","Thu Oct 08 10:16:34 UTC 2026","passed","Thu Oct 08 10:16:41 UTC 2026","Presented Checks — Smoke > Pagination","specs\Smoke\5-PresentedChecksSmoke.spec.ts","",""
"","5173","System Log sub-page loads correctly","msedge","Thu Oct 08 10:14:07 UTC 2026","passed","Thu Oct 08 10:14:12 UTC 2026","Application Navigation Smoke Tests > Settings Sub-navigation","specs\Smoke\2-NavigationSmoke.spec.ts","",""
"","5819","Column filter menu applies a filter and Clear restores the full row set","chromium","Thu Oct 08 10:34:12 UTC 2026","passed","Thu Oct 08 10:34:17 UTC 2026","Exceptions — Smoke > Exception History > Column Filter","specs\Smoke\8-ExceptionsSmoke.spec.ts","",""
"","10098","Verify navigation to Presented Checks via nav menu","webkit","Thu Oct 08 10:18:17 UTC 2026","passed","Thu Oct 08 10:18:27 UTC 2026","Home Dashboard > Navigation from Dashboard","specs\Smoke\3-HomeDashboardSmoke.spec.ts","",""
"","5987","Verify navigation to Issued Checks via nav menu","chromium","Thu Oct 08 10:28:30 UTC 2026","passed","Thu Oct 08 10:28:36 UTC 2026","Home Dashboard > Navigation from Dashboard","specs\Smoke\3-HomeDashboardSmoke.spec.ts","",""
"","4117","Holiday Schedules sub-page loads correctly","chromium","Thu Oct 08 10:27:03 UTC 2026","passed","Thu Oct 08 10:27:07 UTC 2026","Application Navigation Smoke Tests > Settings Sub-navigation","specs\Smoke\2-NavigationSmoke.spec.ts","",""
"","15132","""Edit"" link on a row navigates to the check edit form","firefox","Thu Oct 08 10:21:54 UTC 2026","passed","Thu Oct 08 10:22:09 UTC 2026","Issued Checks — Smoke > Row Actions","specs\Smoke\4-IssuedChecksSmoke.spec.ts","",""
"","9136","""View"" (Change Log) link on a row navigates to the entity log","msedge","Thu Oct 08 10:16:18 UTC 2026","passed","Thu Oct 08 10:16:27 UTC 2026","Issued Checks — Smoke > Row Actions","specs\Smoke\4-IssuedChecksSmoke.spec.ts","",""
"","5186","Typing a page number navigates to that page","chromium","Thu Oct 08 10:32:13 UTC 2026","passed","Thu Oct 08 10:32:18 UTC 2026","ACH — Smoke > Pagination","specs\Smoke\7-ACHSmoke.spec.ts","",""
"","10948","Last page arrow jumps to the final page","firefox","Thu Oct 08 10:19:55 UTC 2026","passed","Thu Oct 08 10:20:06 UTC 2026","Issued Checks — Smoke > Pagination","specs\Smoke\4-IssuedChecksSmoke.spec.ts","",""
"","4269","Validate Login functionality with invalidEmailFormat","chromium","Thu Oct 08 10:26:12 UTC 2026","passed","Thu Oct 08 10:26:17 UTC 2026","Login — Smoke > Login","specs\Smoke\1-LoginSmoke.spec.ts","",""
"","12781","Clicking a column header sorts ascending, clicking again sorts descending","firefox","Thu Oct 08 10:21:25 UTC 2026","passed","Thu Oct 08 10:21:37 UTC 2026","Issued Checks — Smoke > Sorting","specs\Smoke\4-IssuedChecksSmoke.spec.ts","",""
"","5533","Verify dashboard loads after successful login","chromium","Thu Oct 08 10:27:07 UTC 2026","passed","Thu Oct 08 10:27:12 UTC 2026","Home Dashboard > Page Load","specs\Smoke\3-HomeDashboardSmoke.spec.ts","",""
"","9275","""Delete"" on a row shows a confirm modal; Cancel dismisses it without deleting","chromium","Thu Oct 08 10:30:41 UTC 2026","passed","Thu Oct 08 10:30:50 UTC 2026","Issued Checks — Smoke > Row Actions","specs\Smoke\4-IssuedChecksSmoke.spec.ts","",""
"","6495","Grid loads with data rows and key column headers","msedge","Thu Oct 08 10:14:29 UTC 2026","passed","Thu Oct 08 10:14:35 UTC 2026","Issued Checks — Smoke > Grid","specs\Smoke\4-IssuedChecksSmoke.spec.ts","",""
"","10703","Last page arrow jumps to the final page","webkit","Thu Oct 08 10:18:20 UTC 2026","passed","Thu Oct 08 10:18:30 UTC 2026","Issued Checks — Smoke > Pagination","specs\Smoke\4-IssuedChecksSmoke.spec.ts","",""
"","6820","Verify delayed data note and force refresh link are visible on dashboard","msedge","Thu Oct 08 10:14:33 UTC 2026","passed","Thu Oct 08 10:14:39 UTC 2026","Home Dashboard > Summary Stats","specs\Smoke\3-HomeDashboardSmoke.spec.ts","",""
"","4481","Verify dashboard footer footnote and privacy link are visible","chromium","Thu Oct 08 10:28:13 UTC 2026","passed","Thu Oct 08 10:28:17 UTC 2026","Home Dashboard > Summary Stats","specs\Smoke\3-HomeDashboardSmoke.spec.ts","",""
"","17608","Default filter auto-applies after logout and re-login","firefox","Thu Oct 08 10:23:06 UTC 2026","skipped","Thu Oct 08 10:23:24 UTC 2026","Presented Checks — Smoke > Saved Filters > Default Filter","specs\Smoke\5-PresentedChecksSmoke.spec.ts","",""
"","15660","Last page arrow jumps to the final page","firefox","Thu Oct 08 10:26:26 UTC 2026","passed","Thu Oct 08 10:26:42 UTC 2026","Exceptions — Smoke > Exception History > Pagination","specs\Smoke\8-ExceptionsSmoke.spec.ts","",""
"","5381","""+ Add ACH"" navigates to the add-ACH form","chromium","Thu Oct 08 10:31:34 UTC 2026","passed","Thu Oct 08 10:31:39 UTC 2026","ACH — Smoke > Navigation","specs\Smoke\7-ACHSmoke.spec.ts","",""
"","11073","Issued Checks page loads correctly","firefox","Thu Oct 08 10:12:40 UTC 2026","passed","Thu Oct 08 10:12:51 UTC 2026","Application Navigation Smoke Tests > Top-level Navigation","specs\Smoke\2-NavigationSmoke.spec.ts","",""
"","13246","""Edit"" link on a row navigates to the check edit form","firefox","Thu Oct 08 10:23:54 UTC 2026","passed","Thu Oct 08 10:24:07 UTC 2026","Presented Checks — Smoke > Row Actions","specs\Smoke\5-PresentedChecksSmoke.spec.ts","",""
"","10359","Previous page button returns to page 1, First page button re-enables disabled state","chromium","Thu Oct 08 10:32:18 UTC 2026","passed","Thu Oct 08 10:32:29 UTC 2026","ACH — Smoke > Pagination","specs\Smoke\7-ACHSmoke.spec.ts","",""
"","10474","""Uploaded Checks"" navigates to the uploads page","webkit","Thu Oct 08 10:19:32 UTC 2026","passed","Thu Oct 08 10:19:43 UTC 2026","Presented Checks — Smoke > Navigation","specs\Smoke\5-PresentedChecksSmoke.spec.ts","",""
"","14605","API link is visible and points to swagger","webkit","Thu Oct 08 10:15:55 UTC 2026","passed","Thu Oct 08 10:16:10 UTC 2026","Application Navigation Smoke Tests > Settings Sub-navigation","specs\Smoke\2-NavigationSmoke.spec.ts","",""
"","14284","Search box filters grid and clears correctly","firefox","Thu Oct 08 10:20:56 UTC 2026","passed","Thu Oct 08 10:21:10 UTC 2026","Presented Checks — Smoke > Toolbar","specs\Smoke\5-PresentedChecksSmoke.spec.ts","",""
"","11411","Search box filters grid and clears correctly","webkit","Thu Oct 08 10:17:36 UTC 2026","passed","Thu Oct 08 10:17:47 UTC 2026","Issued Checks — Smoke > Toolbar","specs\Smoke\4-IssuedChecksSmoke.spec.ts","",""
"","14933","Validate session persists after page refresh","firefox","Thu Oct 08 10:15:19 UTC 2026","passed","Thu Oct 08 10:15:34 UTC 2026","Login — Smoke > Session & Security","specs\Smoke\1-LoginSmoke.spec.ts","",""
"","4209","Issued Checks page loads correctly","msedge","Thu Oct 08 10:12:27 UTC 2026","passed","Thu Oct 08 10:12:31 UTC 2026","Application Navigation Smoke Tests > Top-level Navigation","specs\Smoke\2-NavigationSmoke.spec.ts","",""
"","17785","Column filter popup applies a filter and Clear restores the full row set","webkit","Thu Oct 08 10:24:19 UTC 2026","passed","Thu Oct 08 10:24:37 UTC 2026","ACH — Smoke > Column Filter","specs\Smoke\7-ACHSmoke.spec.ts","",""
"","3102","Approvals page loads with either records or the empty-state message","chromium","Thu Oct 08 10:34:47 UTC 2026","passed","Thu Oct 08 10:34:50 UTC 2026","Exceptions — Smoke > Approvals","specs\Smoke\8-ExceptionsSmoke.spec.ts","",""
"","18324","Save a filter preset, verify it is auto-selected, then delete it","firefox","Thu Oct 08 10:20:55 UTC 2026","passed","Thu Oct 08 10:21:14 UTC 2026","Issued Checks — Smoke > Saved Filters","specs\Smoke\4-IssuedChecksSmoke.spec.ts","",""
"","6247","Verify chart title changes with selected tab","chromium","Thu Oct 08 10:27:45 UTC 2026","passed","Thu Oct 08 10:27:51 UTC 2026","Home Dashboard > Dashboard Chart Headings","specs\Smoke\3-HomeDashboardSmoke.spec.ts","",""
"","16088","Business Clients sub-page loads correctly","firefox","Thu Oct 08 10:14:04 UTC 2026","passed","Thu Oct 08 10:14:20 UTC 2026","Application Navigation Smoke Tests > Settings Sub-navigation","specs\Smoke\2-NavigationSmoke.spec.ts","",""
"","4823","""+ Add Check"" navigates to the add-check form","msedge","Thu Oct 08 10:14:40 UTC 2026","passed","Thu Oct 08 10:14:45 UTC 2026","Issued Checks — Smoke > Navigation","specs\Smoke\4-IssuedChecksSmoke.spec.ts","",""
"","21561","Save a filter preset, verify it is auto-selected, then delete it","webkit","Thu Oct 08 10:19:06 UTC 2026","passed","Thu Oct 08 10:19:27 UTC 2026","Issued Checks — Smoke > Saved Filters","specs\Smoke\4-IssuedChecksSmoke.spec.ts","",""
"","11673","Last page arrow jumps to the final page","firefox","Thu Oct 08 10:21:51 UTC 2026","passed","Thu Oct 08 10:22:02 UTC 2026","Presented Checks — Smoke > Pagination","specs\Smoke\5-PresentedChecksSmoke.spec.ts","",""
"","7473","Typing a page number navigates to that page","chromium","Thu Oct 08 10:33:09 UTC 2026","passed","Thu Oct 08 10:33:16 UTC 2026","Exceptions — Smoke > Exception History > Pagination","specs\Smoke\8-ExceptionsSmoke.spec.ts","",""
"","7406","Notification Templates sub-page loads correctly","webkit","Thu Oct 08 10:14:25 UTC 2026","passed","Thu Oct 08 10:14:32 UTC 2026","Application Navigation Smoke Tests > Settings Sub-navigation","specs\Smoke\2-NavigationSmoke.spec.ts","",""
"","12387","Verify navigation to Presented Checks via nav menu","firefox","Thu Oct 08 10:19:18 UTC 2026","passed","Thu Oct 08 10:19:30 UTC 2026","Home Dashboard > Navigation from Dashboard","specs\Smoke\3-HomeDashboardSmoke.spec.ts","",""
"","9974","Verify navigation to Settings via nav menu","webkit","Thu Oct 08 10:18:50 UTC 2026","passed","Thu Oct 08 10:19:00 UTC 2026","Home Dashboard > Navigation from Dashboard","specs\Smoke\3-HomeDashboardSmoke.spec.ts","",""
"","6477","File Processing sub-page loads correctly","msedge","Thu Oct 08 10:14:12 UTC 2026","passed","Thu Oct 08 10:14:19 UTC 2026","Application Navigation Smoke Tests > Settings Sub-navigation","specs\Smoke\2-NavigationSmoke.spec.ts","",""
"","7749","Page size change to 10 updates pagination info in bottom-right pager","msedge","Thu Oct 08 10:17:42 UTC 2026","passed","Thu Oct 08 10:17:50 UTC 2026","ACH — Smoke > Pagination","specs\Smoke\7-ACHSmoke.spec.ts","",""
"","10403","Validate Login functionality with correctCredentials","msedge","Thu Oct 08 10:12:11 UTC 2026","passed","Thu Oct 08 10:12:22 UTC 2026","Login — Smoke > Login","specs\Smoke\1-LoginSmoke.spec.ts","",""
"","12294","Typing a page number navigates to that page","webkit","Thu Oct 08 10:24:32 UTC 2026","passed","Thu Oct 08 10:24:44 UTC 2026","Exceptions — Smoke > Exception History > Pagination","specs\Smoke\8-ExceptionsSmoke.spec.ts","",""
"","4065","Validate forgot password with unregistered email","msedge","Thu Oct 08 10:13:14 UTC 2026","passed","Thu Oct 08 10:13:18 UTC 2026","Login — Smoke > Forgot Password","specs\Smoke\1-LoginSmoke.spec.ts","",""
"","4186","Validate Login functionality with sqlInjection","chromium","Thu Oct 08 10:26:29 UTC 2026","passed","Thu Oct 08 10:26:33 UTC 2026","Login — Smoke > Login","specs\Smoke\1-LoginSmoke.spec.ts","",""
"","21427","Save a filter preset, verify it is auto-selected, then delete it","webkit","Thu Oct 08 10:21:15 UTC 2026","passed","Thu Oct 08 10:21:36 UTC 2026","Presented Checks — Smoke > Saved Filters","specs\Smoke\5-PresentedChecksSmoke.spec.ts","",""
"","4707","Clicking a column header sorts ascending, clicking again sorts descending","msedge","Thu Oct 08 10:19:31 UTC 2026","passed","Thu Oct 08 10:19:36 UTC 2026","Exceptions — Smoke > Exception History > Sorting","specs\Smoke\8-ExceptionsSmoke.spec.ts","",""
"","7165","Validate Login functionality with incorrectUsername","firefox","Thu Oct 08 10:12:53 UTC 2026","passed","Thu Oct 08 10:13:00 UTC 2026","Login — Smoke > Login","specs\Smoke\1-LoginSmoke.spec.ts","",""
"","5518","Page size change to 10 updates pagination info in bottom-right pager","msedge","Thu Oct 08 10:18:37 UTC 2026","passed","Thu Oct 08 10:18:43 UTC 2026","Exceptions — Smoke > Exception History > Pagination","specs\Smoke\8-ExceptionsSmoke.spec.ts","",""
"","8722","Last page arrow jumps to the final page","webkit","Thu Oct 08 10:22:45 UTC 2026","passed","Thu Oct 08 10:22:54 UTC 2026","ACH — Smoke > Pagination","specs\Smoke\7-ACHSmoke.spec.ts","",""
"","10442","Previous page button returns to page 1, First page button re-enables disabled state","chromium","Thu Oct 08 10:30:41 UTC 2026","passed","Thu Oct 08 10:30:51 UTC 2026","Presented Checks — Smoke > Pagination","specs\Smoke\5-PresentedChecksSmoke.spec.ts","",""
"","4617","Open Exceptions page loads with either exception cards or the empty-state message","firefox","Thu Oct 08 10:29:23 UTC 2026","passed","Thu Oct 08 10:29:27 UTC 2026","Exceptions — Smoke > Open Exceptions","specs\Smoke\8-ExceptionsSmoke.spec.ts","",""
"","4632","Web Hooks sub-page loads correctly","msedge","Thu Oct 08 10:14:24 UTC 2026","passed","Thu Oct 08 10:14:29 UTC 2026","Application Navigation Smoke Tests > Settings Sub-navigation","specs\Smoke\2-NavigationSmoke.spec.ts","",""
"","3986","Automatic Check Decision Rules sub-page loads correctly","msedge","Thu Oct 08 10:13:38 UTC 2026","passed","Thu Oct 08 10:13:42 UTC 2026","Application Navigation Smoke Tests > Settings Sub-navigation","specs\Smoke\2-NavigationSmoke.spec.ts","",""
"","5407","Excel export button is visible and enabled","chromium","Thu Oct 08 10:31:52 UTC 2026","passed","Thu Oct 08 10:31:57 UTC 2026","ACH — Smoke > Toolbar","specs\Smoke\7-ACHSmoke.spec.ts","",""
"","4739","Validate forgot password functionality with No email","msedge","Thu Oct 08 10:13:09 UTC 2026","passed","Thu Oct 08 10:13:14 UTC 2026","Login — Smoke > Forgot Password","specs\Smoke\1-LoginSmoke.spec.ts","",""
"","9220","""Delete"" on a row shows a confirm modal; Cancel dismisses it without deleting","msedge","Thu Oct 08 10:19:03 UTC 2026","passed","Thu Oct 08 10:19:13 UTC 2026","ACH — Smoke > Row Actions","specs\Smoke\7-ACHSmoke.spec.ts","",""
"","13325","Next page arrow advances to page 2","firefox","Thu Oct 08 10:21:37 UTC 2026","passed","Thu Oct 08 10:21:51 UTC 2026","Presented Checks — Smoke > Pagination","specs\Smoke\5-PresentedChecksSmoke.spec.ts","",""
"","4023","Notification Templates sub-page loads correctly","msedge","Thu Oct 08 10:13:34 UTC 2026","passed","Thu Oct 08 10:13:38 UTC 2026","Application Navigation Smoke Tests > Settings Sub-navigation","specs\Smoke\2-NavigationSmoke.spec.ts","",""
"","13518","Verify summary KPI values have expected number formats","webkit","Thu Oct 08 10:17:10 UTC 2026","passed","Thu Oct 08 10:17:23 UTC 2026","Home Dashboard > Summary Stats","specs\Smoke\3-HomeDashboardSmoke.spec.ts","",""
"","11596","Page size change to 10 updates pagination info in bottom-right pager","webkit","Thu Oct 08 10:20:08 UTC 2026","passed","Thu Oct 08 10:20:20 UTC 2026","Presented Checks — Smoke > Pagination","specs\Smoke\5-PresentedChecksSmoke.spec.ts","",""
"","5181","Navigation tabs to Pre-Decisions, Approvals, and Exception History are visible","webkit","Thu Oct 08 10:26:22 UTC 2026","passed","Thu Oct 08 10:26:27 UTC 2026","Exceptions — Smoke > Open Exceptions","specs\Smoke\8-ExceptionsSmoke.spec.ts","",""
"","8376","Saved Filters dropdown is visible and defaults to no preset","webkit","Thu Oct 08 10:18:57 UTC 2026","passed","Thu Oct 08 10:19:06 UTC 2026","Issued Checks — Smoke > Saved Filters","specs\Smoke\4-IssuedChecksSmoke.spec.ts","",""
"","10769","Typing a page number navigates to that page","webkit","Thu Oct 08 10:20:42 UTC 2026","passed","Thu Oct 08 10:20:53 UTC 2026","Presented Checks — Smoke > Pagination","specs\Smoke\5-PresentedChecksSmoke.spec.ts","",""
"","15931","Excel export button is visible and enabled","firefox","Thu Oct 08 10:19:14 UTC 2026","passed","Thu Oct 08 10:19:30 UTC 2026","Issued Checks — Smoke > Toolbar","specs\Smoke\4-IssuedChecksSmoke.spec.ts","",""
"","9626","""+ Add ACH"" navigates to the add-ACH form","webkit","Thu Oct 08 10:21:41 UTC 2026","passed","Thu Oct 08 10:21:50 UTC 2026","ACH — Smoke > Navigation","specs\Smoke\7-ACHSmoke.spec.ts","",""
"","9113","Default Decision Log sub-page loads correctly","webkit","Thu Oct 08 10:15:15 UTC 2026","passed","Thu Oct 08 10:15:24 UTC 2026","Application Navigation Smoke Tests > Settings Sub-navigation","specs\Smoke\2-NavigationSmoke.spec.ts","",""
"","16322","Column filter popup applies a filter and Clear restores the full row set","firefox","Thu Oct 08 10:21:37 UTC 2026","passed","Thu Oct 08 10:21:54 UTC 2026","Issued Checks — Smoke > Column Filter","specs\Smoke\4-IssuedChecksSmoke.spec.ts","",""
"","7190","Saved Filters dropdown is visible and defaults to no preset","chromium","Thu Oct 08 10:29:18 UTC 2026","passed","Thu Oct 08 10:29:25 UTC 2026","Issued Checks — Smoke > Saved Filters","specs\Smoke\4-IssuedChecksSmoke.spec.ts","",""
"","14160","Verify delayed data note and force refresh link are visible on dashboard","firefox","Thu Oct 08 10:18:05 UTC 2026","passed","Thu Oct 08 10:18:19 UTC 2026","Home Dashboard > Summary Stats","specs\Smoke\3-HomeDashboardSmoke.spec.ts","",""
"","4322","Billing Reports sub-page loads correctly","msedge","Thu Oct 08 10:13:14 UTC 2026","passed","Thu Oct 08 10:13:19 UTC 2026","Application Navigation Smoke Tests > Settings Sub-navigation","specs\Smoke\2-NavigationSmoke.spec.ts","",""
"","5264","Notification Log sub-page loads correctly","msedge","Thu Oct 08 10:13:56 UTC 2026","passed","Thu Oct 08 10:14:02 UTC 2026","Application Navigation Smoke Tests > Settings Sub-navigation","specs\Smoke\2-NavigationSmoke.spec.ts","",""
"","4291","Teller page loads correctly","chromium","Thu Oct 08 10:26:13 UTC 2026","passed","Thu Oct 08 10:26:17 UTC 2026","Application Navigation Smoke Tests > Top-level Navigation","specs\Smoke\2-NavigationSmoke.spec.ts","",""
"","5611","Clicking a column header sorts ascending, clicking again sorts descending","chromium","Thu Oct 08 10:31:38 UTC 2026","passed","Thu Oct 08 10:31:44 UTC 2026","Presented Checks — Smoke > Sorting","specs\Smoke\5-PresentedChecksSmoke.spec.ts","",""
"","32831","Users sub-page loads correctly","firefox","Thu Oct 08 10:14:20 UTC 2026","passed","Thu Oct 08 10:14:53 UTC 2026","Application Navigation Smoke Tests > Settings Sub-navigation","specs\Smoke\2-NavigationSmoke.spec.ts","",""
"","10655","Typing a page number navigates to that page","webkit","Thu Oct 08 10:18:30 UTC 2026","passed","Thu Oct 08 10:18:41 UTC 2026","Issued Checks — Smoke > Pagination","specs\Smoke\4-IssuedChecksSmoke.spec.ts","",""
"","9591","Decision badge on an already-reviewed row is blocked with a system message","webkit","Thu Oct 08 10:26:08 UTC 2026","passed","Thu Oct 08 10:26:17 UTC 2026","Exceptions — Smoke > Exception History > Row Actions","specs\Smoke\8-ExceptionsSmoke.spec.ts","",""
"","9685","""View"" (Change Log) link on a row navigates to the entity log","webkit","Thu Oct 08 10:24:37 UTC 2026","passed","Thu Oct 08 10:24:46 UTC 2026","ACH — Smoke > Row Actions","specs\Smoke\7-ACHSmoke.spec.ts","",""
"","7247","""Uploaded Checks"" navigates to the uploads page","msedge","Thu Oct 08 10:15:46 UTC 2026","passed","Thu Oct 08 10:15:54 UTC 2026","Presented Checks — Smoke > Navigation","specs\Smoke\5-PresentedChecksSmoke.spec.ts","",""
"","4408","Validate Login functionality with veryLongInput","chromium","Thu Oct 08 10:26:38 UTC 2026","passed","Thu Oct 08 10:26:42 UTC 2026","Login — Smoke > Login","specs\Smoke\1-LoginSmoke.spec.ts","",""
"","5009","Page size change to 10 updates pagination info in bottom-right pager","chromium","Thu Oct 08 10:31:57 UTC 2026","passed","Thu Oct 08 10:32:02 UTC 2026","ACH — Smoke > Pagination","specs\Smoke\7-ACHSmoke.spec.ts","",""
"","6889","Default filter auto-applies after logout and re-login","msedge","Thu Oct 08 10:17:16 UTC 2026","skipped","Thu Oct 08 10:17:22 UTC 2026","Presented Checks — Smoke > Saved Filters > Default Filter","specs\Smoke\5-PresentedChecksSmoke.spec.ts","",""
"","4234","ACH page loads correctly","chromium","Thu Oct 08 10:26:17 UTC 2026","passed","Thu Oct 08 10:26:21 UTC 2026","Application Navigation Smoke Tests > Top-level Navigation","specs\Smoke\2-NavigationSmoke.spec.ts","",""
"","11339","System Log sub-page loads correctly","firefox","Thu Oct 08 10:17:18 UTC 2026","passed","Thu Oct 08 10:17:29 UTC 2026","Application Navigation Smoke Tests > Settings Sub-navigation","specs\Smoke\2-NavigationSmoke.spec.ts","",""
"","12261","Next page arrow advances to page 2","webkit","Thu Oct 08 10:24:07 UTC 2026","passed","Thu Oct 08 10:24:19 UTC 2026","Exceptions — Smoke > Exception History > Pagination","specs\Smoke\8-ExceptionsSmoke.spec.ts","",""
"","5512","Typing a page number navigates to that page","msedge","Thu Oct 08 10:18:07 UTC 2026","passed","Thu Oct 08 10:18:13 UTC 2026","ACH — Smoke > Pagination","specs\Smoke\7-ACHSmoke.spec.ts","",""
"","15086","""+ Add Check"" navigates to the add-check form","webkit","Thu Oct 08 10:17:08 UTC 2026","passed","Thu Oct 08 10:17:23 UTC 2026","Issued Checks — Smoke > Navigation","specs\Smoke\4-IssuedChecksSmoke.spec.ts","",""
"","11218","Verify chart title changes with selected tab","firefox","Thu Oct 08 10:17:18 UTC 2026","passed","Thu Oct 08 10:17:29 UTC 2026","Home Dashboard > Dashboard Chart Headings","specs\Smoke\3-HomeDashboardSmoke.spec.ts","",""
"","10070","""Uploaded ACH"" navigates to the uploads page","webkit","Thu Oct 08 10:21:50 UTC 2026","passed","Thu Oct 08 10:22:00 UTC 2026","ACH — Smoke > Navigation","specs\Smoke\7-ACHSmoke.spec.ts","",""
"","8081","Validate forgot password functionality","webkit","Thu Oct 08 10:13:40 UTC 2026","passed","Thu Oct 08 10:13:48 UTC 2026","Login — Smoke > Forgot Password","specs\Smoke\1-LoginSmoke.spec.ts","",""
"","6333","""View"" (Change Log) link on a row navigates to the entity log","msedge","Thu Oct 08 10:18:57 UTC 2026","passed","Thu Oct 08 10:19:03 UTC 2026","ACH — Smoke > Row Actions","specs\Smoke\7-ACHSmoke.spec.ts","",""
"","9673","Excel export button is visible and enabled","webkit","Thu Oct 08 10:17:47 UTC 2026","passed","Thu Oct 08 10:17:57 UTC 2026","Issued Checks — Smoke > Toolbar","specs\Smoke\4-IssuedChecksSmoke.spec.ts","",""
"","7768","Grid loads with data rows and key column headers","msedge","Thu Oct 08 10:16:53 UTC 2026","passed","Thu Oct 08 10:17:01 UTC 2026","ACH — Smoke > Grid","specs\Smoke\7-ACHSmoke.spec.ts","",""
"","10980","Verify dashboard loads after successful login","firefox","Thu Oct 08 10:15:42 UTC 2026","passed","Thu Oct 08 10:15:53 UTC 2026","Home Dashboard > Page Load","specs\Smoke\3-HomeDashboardSmoke.spec.ts","",""
"","19019","Save a filter preset, verify it is auto-selected, then delete it","chromium","Thu Oct 08 10:33:31 UTC 2026","passed","Thu Oct 08 10:33:50 UTC 2026","Exceptions — Smoke > Exception History > Saved Filters","specs\Smoke\8-ExceptionsSmoke.spec.ts","",""
"","13525","""View"" (Change Log) link on a row navigates to the entity log","firefox","Thu Oct 08 10:26:57 UTC 2026","passed","Thu Oct 08 10:27:10 UTC 2026","ACH — Smoke > Row Actions","specs\Smoke\7-ACHSmoke.spec.ts","",""
"","5817","""View"" link on a row opens the Exception Details dialog","msedge","Thu Oct 08 10:19:42 UTC 2026","passed","Thu Oct 08 10:19:48 UTC 2026","Exceptions — Smoke > Exception History > Row Actions","specs\Smoke\8-ExceptionsSmoke.spec.ts","",""
"","8170","Typing a page number navigates to that page","chromium","Thu Oct 08 10:30:32 UTC 2026","passed","Thu Oct 08 10:30:41 UTC 2026","Presented Checks — Smoke > Pagination","specs\Smoke\5-PresentedChecksSmoke.spec.ts","",""
"","4699","Verify Combined View shows all chart sections","chromium","Thu Oct 08 10:27:22 UTC 2026","passed","Thu Oct 08 10:27:27 UTC 2026","Home Dashboard > Dashboard Chart Headings","specs\Smoke\3-HomeDashboardSmoke.spec.ts","",""
"","10109","Save a filter preset, verify it is auto-selected, then delete it","msedge","Thu Oct 08 10:15:39 UTC 2026","passed","Thu Oct 08 10:15:49 UTC 2026","Issued Checks — Smoke > Saved Filters","specs\Smoke\4-IssuedChecksSmoke.spec.ts","",""
"","5449","Verify Check Only tab shows Check-specific chart sections","chromium","Thu Oct 08 10:27:27 UTC 2026","passed","Thu Oct 08 10:27:32 UTC 2026","Home Dashboard > Dashboard Chart Headings","specs\Smoke\3-HomeDashboardSmoke.spec.ts","",""
"","4944","Open Exceptions page loads with either exception cards or the empty-state message","msedge","Thu Oct 08 10:20:01 UTC 2026","passed","Thu Oct 08 10:20:06 UTC 2026","Exceptions — Smoke > Open Exceptions","specs\Smoke\8-ExceptionsSmoke.spec.ts","",""
"","6077","Grid View toggle navigates to the open-exceptions grid and shows key column headers","webkit","Thu Oct 08 10:26:33 UTC 2026","passed","Thu Oct 08 10:26:39 UTC 2026","Exceptions — Smoke > Open Exceptions","specs\Smoke\8-ExceptionsSmoke.spec.ts","",""
"","11185","Next page arrow advances to page 2","chromium","Thu Oct 08 10:32:52 UTC 2026","passed","Thu Oct 08 10:33:03 UTC 2026","Exceptions — Smoke > Exception History > Pagination","specs\Smoke\8-ExceptionsSmoke.spec.ts","",""
"","5687","Column filter menu applies a filter and Clear restores the full row set","msedge","Thu Oct 08 10:19:36 UTC 2026","passed","Thu Oct 08 10:19:42 UTC 2026","Exceptions — Smoke > Exception History > Column Filter","specs\Smoke\8-ExceptionsSmoke.spec.ts","",""
"","3765","Exceptions page loads correctly","msedge","Thu Oct 08 10:12:44 UTC 2026","passed","Thu Oct 08 10:12:48 UTC 2026","Application Navigation Smoke Tests > Top-level Navigation","specs\Smoke\2-NavigationSmoke.spec.ts","",""
"","11249","""Uploaded Checks"" navigates to the uploads page","firefox","Thu Oct 08 10:18:48 UTC 2026","passed","Thu Oct 08 10:18:59 UTC 2026","Issued Checks — Smoke > Navigation","specs\Smoke\4-IssuedChecksSmoke.spec.ts","",""
"","15925","""Uploaded ACH"" navigates to the uploads page","firefox","Thu Oct 08 10:23:38 UTC 2026","passed","Thu Oct 08 10:23:54 UTC 2026","ACH — Smoke > Navigation","specs\Smoke\7-ACHSmoke.spec.ts","",""
"","20837","Search box filters grid and clears correctly","firefox","Thu Oct 08 10:25:21 UTC 2026","passed","Thu Oct 08 10:25:42 UTC 2026","Exceptions — Smoke > Exception History > Toolbar","specs\Smoke\8-ExceptionsSmoke.spec.ts","",""
"","6036","Excel export button is visible and enabled","msedge","Thu Oct 08 10:14:57 UTC 2026","passed","Thu Oct 08 10:15:04 UTC 2026","Issued Checks — Smoke > Toolbar","specs\Smoke\4-IssuedChecksSmoke.spec.ts","",""
"","13181","Automatic ACH Decision Rules sub-page loads correctly","firefox","Thu Oct 08 10:16:36 UTC 2026","passed","Thu Oct 08 10:16:49 UTC 2026","Application Navigation Smoke Tests > Settings Sub-navigation","specs\Smoke\2-NavigationSmoke.spec.ts","",""
"","12789","Search box filters grid and clears correctly","webkit","Thu Oct 08 10:22:00 UTC 2026","passed","Thu Oct 08 10:22:13 UTC 2026","ACH — Smoke > Toolbar","specs\Smoke\7-ACHSmoke.spec.ts","",""
"","7873","Validate Login functionality with missingPassword","webkit","Thu Oct 08 10:13:00 UTC 2026","passed","Thu Oct 08 10:13:08 UTC 2026","Login — Smoke > Login","specs\Smoke\1-LoginSmoke.spec.ts","",""
"","9146","Notification Log sub-page loads correctly","webkit","Thu Oct 08 10:15:06 UTC 2026","passed","Thu Oct 08 10:15:15 UTC 2026","Application Navigation Smoke Tests > Settings Sub-navigation","specs\Smoke\2-NavigationSmoke.spec.ts","",""
"","3125","Exceptions breadcrumb link is visible on the page","msedge","Thu Oct 08 10:19:53 UTC 2026","passed","Thu Oct 08 10:19:56 UTC 2026","Exceptions — Smoke > Exception History > Breadcrumb","specs\Smoke\8-ExceptionsSmoke.spec.ts","",""
"","9818","Saved Filters dropdown is visible and defaults to no preset","webkit","Thu Oct 08 10:23:22 UTC 2026","passed","Thu Oct 08 10:23:32 UTC 2026","ACH — Smoke > Saved Filters","specs\Smoke\7-ACHSmoke.spec.ts","",""
"","26119","Default filter auto-applies after logout and re-login","chromium","Thu Oct 08 10:29:38 UTC 2026","passed","Thu Oct 08 10:30:04 UTC 2026","Issued Checks — Smoke > Saved Filters > Default Filter","specs\Smoke\4-IssuedChecksSmoke.spec.ts","",""
"","3195","Exceptions breadcrumb link is visible on the page","chromium","Thu Oct 08 10:34:28 UTC 2026","passed","Thu Oct 08 10:34:31 UTC 2026","Exceptions — Smoke > Exception History > Breadcrumb","specs\Smoke\8-ExceptionsSmoke.spec.ts","",""
"","7411","""View"" (Change Log) link on a row navigates to the entity log","msedge","Thu Oct 08 10:17:48 UTC 2026","passed","Thu Oct 08 10:17:55 UTC 2026","Presented Checks — Smoke > Row Actions","specs\Smoke\5-PresentedChecksSmoke.spec.ts","",""
"","13549","Verify navigation to Issued Checks via nav menu","firefox","Thu Oct 08 10:19:04 UTC 2026","passed","Thu Oct 08 10:19:18 UTC 2026","Home Dashboard > Navigation from Dashboard","specs\Smoke\3-HomeDashboardSmoke.spec.ts","",""
"","3680","Exceptions page loads correctly","chromium","Thu Oct 08 10:26:21 UTC 2026","passed","Thu Oct 08 10:26:25 UTC 2026","Application Navigation Smoke Tests > Top-level Navigation","specs\Smoke\2-NavigationSmoke.spec.ts","",""
"","7689","Holiday Schedules sub-page loads correctly","webkit","Thu Oct 08 10:14:08 UTC 2026","passed","Thu Oct 08 10:14:15 UTC 2026","Application Navigation Smoke Tests > Settings Sub-navigation","specs\Smoke\2-NavigationSmoke.spec.ts","",""
"","8513","Previous page button returns to page 1, First page button re-enables disabled state","chromium","Thu Oct 08 10:33:16 UTC 2026","passed","Thu Oct 08 10:33:25 UTC 2026","Exceptions — Smoke > Exception History > Pagination","specs\Smoke\8-ExceptionsSmoke.spec.ts","",""
"","5339","""View"" (Change Log) link on a row navigates to the entity log","chromium","Thu Oct 08 10:31:57 UTC 2026","passed","Thu Oct 08 10:32:02 UTC 2026","Presented Checks — Smoke > Row Actions","specs\Smoke\5-PresentedChecksSmoke.spec.ts","",""
"","14074","Clicking a column header sorts ascending, clicking again sorts descending","firefox","Thu Oct 08 10:26:24 UTC 2026","passed","Thu Oct 08 10:26:38 UTC 2026","ACH — Smoke > Sorting","specs\Smoke\7-ACHSmoke.spec.ts","",""
"","4397","Branding sub-page loads correctly","msedge","Thu Oct 08 10:13:10 UTC 2026","passed","Thu Oct 08 10:13:14 UTC 2026","Application Navigation Smoke Tests > Settings Sub-navigation","specs\Smoke\2-NavigationSmoke.spec.ts","",""
"","12463","System Log sub-page loads correctly","webkit","Thu Oct 08 10:15:24 UTC 2026","passed","Thu Oct 08 10:15:37 UTC 2026","Application Navigation Smoke Tests > Settings Sub-navigation","specs\Smoke\2-NavigationSmoke.spec.ts","",""
"","15529","Typing a page number navigates to that page","firefox","Thu Oct 08 10:26:42 UTC 2026","passed","Thu Oct 08 10:26:57 UTC 2026","Exceptions — Smoke > Exception History > Pagination","specs\Smoke\8-ExceptionsSmoke.spec.ts","",""
"","16405","Page size change to 10 updates pagination info in bottom-right pager","firefox","Thu Oct 08 10:25:54 UTC 2026","passed","Thu Oct 08 10:26:10 UTC 2026","Exceptions — Smoke > Exception History > Pagination","specs\Smoke\8-ExceptionsSmoke.spec.ts","",""
"","4202","Validate Login functionality with missingUsername","chromium","Thu Oct 08 10:26:25 UTC 2026","passed","Thu Oct 08 10:26:29 UTC 2026","Login — Smoke > Login","specs\Smoke\1-LoginSmoke.spec.ts","",""
"","7526","Column filter popup applies a filter and Clear restores the full row set","chromium","Thu Oct 08 10:31:44 UTC 2026","passed","Thu Oct 08 10:31:52 UTC 2026","Presented Checks — Smoke > Column Filter","specs\Smoke\5-PresentedChecksSmoke.spec.ts","",""
"","8205","Validate session persists after page refresh","msedge","Thu Oct 08 10:13:18 UTC 2026","passed","Thu Oct 08 10:13:26 UTC 2026","Login — Smoke > Session & Security","specs\Smoke\1-LoginSmoke.spec.ts","",""
"","7126","Verify Home dashboard is restored after returning from another page","chromium","Thu Oct 08 10:28:23 UTC 2026","passed","Thu Oct 08 10:28:30 UTC 2026","Home Dashboard > Summary Stats","specs\Smoke\3-HomeDashboardSmoke.spec.ts","",""
"","5384","Exception History grid loads with data rows and key column headers","msedge","Thu Oct 08 10:18:13 UTC 2026","passed","Thu Oct 08 10:18:18 UTC 2026","Exceptions — Smoke > Exception History > Grid","specs\Smoke\8-ExceptionsSmoke.spec.ts","",""
"","14905","""Uploaded Checks"" navigates to the uploads page","firefox","Thu Oct 08 10:20:41 UTC 2026","passed","Thu Oct 08 10:20:56 UTC 2026","Presented Checks — Smoke > Navigation","specs\Smoke\5-PresentedChecksSmoke.spec.ts","",""
"","13090","Excel export button is visible and enabled","webkit","Thu Oct 08 10:19:55 UTC 2026","passed","Thu Oct 08 10:20:08 UTC 2026","Presented Checks — Smoke > Toolbar","specs\Smoke\5-PresentedChecksSmoke.spec.ts","",""
"","4180","Holiday Schedules sub-page loads correctly","msedge","Thu Oct 08 10:13:26 UTC 2026","passed","Thu Oct 08 10:13:30 UTC 2026","Application Navigation Smoke Tests > Settings Sub-navigation","specs\Smoke\2-NavigationSmoke.spec.ts","",""
"","6089","Saved Filters dropdown is visible and defaults to no preset","chromium","Thu Oct 08 10:33:25 UTC 2026","passed","Thu Oct 08 10:33:31 UTC 2026","Exceptions — Smoke > Exception History > Saved Filters","specs\Smoke\8-ExceptionsSmoke.spec.ts","",""
"","4601","Verify all three dashboard view tabs are visible","chromium","Thu Oct 08 10:27:17 UTC 2026","passed","Thu Oct 08 10:27:22 UTC 2026","Home Dashboard > Page Load","specs\Smoke\3-HomeDashboardSmoke.spec.ts","",""
"","7372","""+ Add Check"" navigates to the add-check form","chromium","Thu Oct 08 10:29:20 UTC 2026","passed","Thu Oct 08 10:29:28 UTC 2026","Presented Checks — Smoke > Navigation","specs\Smoke\5-PresentedChecksSmoke.spec.ts","",""
"","13667","Previous page button returns to page 1, First page button re-enables disabled state","webkit","Thu Oct 08 10:20:53 UTC 2026","passed","Thu Oct 08 10:21:06 UTC 2026","Presented Checks — Smoke > Pagination","specs\Smoke\5-PresentedChecksSmoke.spec.ts","",""
"","5967","Next page arrow advances to page 2","chromium","Thu Oct 08 10:28:52 UTC 2026","passed","Thu Oct 08 10:28:58 UTC 2026","Issued Checks — Smoke > Pagination","specs\Smoke\4-IssuedChecksSmoke.spec.ts","",""
"","6207","""Delete"" on a row shows a confirm modal; Cancel dismisses it without deleting","chromium","Thu Oct 08 10:33:24 UTC 2026","passed","Thu Oct 08 10:33:30 UTC 2026","ACH — Smoke > Row Actions","specs\Smoke\7-ACHSmoke.spec.ts","",""
"","10339","Saved Filters dropdown is visible and defaults to no preset","firefox","Thu Oct 08 10:27:14 UTC 2026","passed","Thu Oct 08 10:27:25 UTC 2026","Exceptions — Smoke > Exception History > Saved Filters","specs\Smoke\8-ExceptionsSmoke.spec.ts","",""
"","11208","Next page arrow advances to page 2","webkit","Thu Oct 08 10:18:08 UTC 2026","passed","Thu Oct 08 10:18:20 UTC 2026","Issued Checks — Smoke > Pagination","specs\Smoke\4-IssuedChecksSmoke.spec.ts","",""
"","11406","Grid loads with data rows and key column headers","webkit","Thu Oct 08 10:19:00 UTC 2026","passed","Thu Oct 08 10:19:11 UTC 2026","Presented Checks — Smoke > Grid","specs\Smoke\5-PresentedChecksSmoke.spec.ts","",""
"","6886","Validate Login functionality with incorrectPassword","firefox","Thu Oct 08 10:12:46 UTC 2026","passed","Thu Oct 08 10:12:53 UTC 2026","Login — Smoke > Login","specs\Smoke\1-LoginSmoke.spec.ts","",""
"","5937","Validate Login functionality with caseSensitiveEmail","chromium","Thu Oct 08 10:25:58 UTC 2026","passed","Thu Oct 08 10:26:04 UTC 2026","Login — Smoke > Login","specs\Smoke\1-LoginSmoke.spec.ts","",""
"","4474","File Processing sub-page loads correctly","chromium","Thu Oct 08 10:27:58 UTC 2026","passed","Thu Oct 08 10:28:02 UTC 2026","Application Navigation Smoke Tests > Settings Sub-navigation","specs\Smoke\2-NavigationSmoke.spec.ts","",""
"","4312","Roles/Permissions sub-page loads correctly","chromium","Thu Oct 08 10:26:43 UTC 2026","passed","Thu Oct 08 10:26:47 UTC 2026","Application Navigation Smoke Tests > Settings Sub-navigation","specs\Smoke\2-NavigationSmoke.spec.ts","",""
"","11026","Excel export button is visible and enabled","webkit","Thu Oct 08 10:23:45 UTC 2026","passed","Thu Oct 08 10:23:56 UTC 2026","Exceptions — Smoke > Exception History > Toolbar","specs\Smoke\8-ExceptionsSmoke.spec.ts","",""
"","4467","Validate unauthenticated access to protected route is redirected to login","msedge","Thu Oct 08 10:13:26 UTC 2026","passed","Thu Oct 08 10:13:31 UTC 2026","Login — Smoke > Session & Security","specs\Smoke\1-LoginSmoke.spec.ts","",""
"","5575","Saved Filters dropdown is visible and defaults to no preset","chromium","Thu Oct 08 10:32:29 UTC 2026","passed","Thu Oct 08 10:32:34 UTC 2026","ACH — Smoke > Saved Filters","specs\Smoke\7-ACHSmoke.spec.ts","",""
"","15410","Verify profile menu shows My Info and Logout links","firefox","Thu Oct 08 10:18:30 UTC 2026","passed","Thu Oct 08 10:18:46 UTC 2026","Home Dashboard > Summary Stats","specs\Smoke\3-HomeDashboardSmoke.spec.ts","",""
"","5413","Verify ACH Only tab shows ACH-specific chart sections","chromium","Thu Oct 08 10:27:32 UTC 2026","passed","Thu Oct 08 10:27:37 UTC 2026","Home Dashboard > Dashboard Chart Headings","specs\Smoke\3-HomeDashboardSmoke.spec.ts","",""
"","9561","File Formats sub-page loads correctly","webkit","Thu Oct 08 10:14:15 UTC 2026","passed","Thu Oct 08 10:14:25 UTC 2026","Application Navigation Smoke Tests > Settings Sub-navigation","specs\Smoke\2-NavigationSmoke.spec.ts","",""
"","8434","Search box filters grid and clears correctly","msedge","Thu Oct 08 10:15:54 UTC 2026","passed","Thu Oct 08 10:16:02 UTC 2026","Presented Checks — Smoke > Toolbar","specs\Smoke\5-PresentedChecksSmoke.spec.ts","",""
"","5576","API link is visible and points to swagger","msedge","Thu Oct 08 10:14:19 UTC 2026","passed","Thu Oct 08 10:14:24 UTC 2026","Application Navigation Smoke Tests > Settings Sub-navigation","specs\Smoke\2-NavigationSmoke.spec.ts","",""
"","11725","""Edit"" link on a row navigates to the check edit form","webkit","Thu Oct 08 10:20:09 UTC 2026","passed","Thu Oct 08 10:20:21 UTC 2026","Issued Checks — Smoke > Row Actions","specs\Smoke\4-IssuedChecksSmoke.spec.ts","",""
"","12040","""Delete"" on a row shows a confirm modal; Cancel dismisses it without deleting","webkit","Thu Oct 08 10:22:34 UTC 2026","passed","Thu Oct 08 10:22:46 UTC 2026","Presented Checks — Smoke > Row Actions","specs\Smoke\5-PresentedChecksSmoke.spec.ts","",""
"","13104","Verify summary KPI values have expected number formats","firefox","Thu Oct 08 10:17:51 UTC 2026","passed","Thu Oct 08 10:18:04 UTC 2026","Home Dashboard > Summary Stats","specs\Smoke\3-HomeDashboardSmoke.spec.ts","",""
"","11517","Page size change to 10 updates pagination info in bottom-right pager","webkit","Thu Oct 08 10:17:57 UTC 2026","passed","Thu Oct 08 10:18:08 UTC 2026","Issued Checks — Smoke > Pagination","specs\Smoke\4-IssuedChecksSmoke.spec.ts","",""
"","4067","Validate Login functionality with incorrectPassword","chromium","Thu Oct 08 10:26:04 UTC 2026","passed","Thu Oct 08 10:26:08 UTC 2026","Login — Smoke > Login","specs\Smoke\1-LoginSmoke.spec.ts","",""
"","19119","Grid loads with data rows and key column headers","webkit","Thu Oct 08 10:16:29 UTC 2026","passed","Thu Oct 08 10:16:48 UTC 2026","Issued Checks — Smoke > Grid","specs\Smoke\4-IssuedChecksSmoke.spec.ts","",""
"","13175","Search box filters grid and clears correctly","webkit","Thu Oct 08 10:23:32 UTC 2026","passed","Thu Oct 08 10:23:45 UTC 2026","Exceptions — Smoke > Exception History > Toolbar","specs\Smoke\8-ExceptionsSmoke.spec.ts","",""
"","12504","Pay/Return decision badge navigates to exception history","firefox","Thu Oct 08 10:24:36 UTC 2026","passed","Thu Oct 08 10:24:48 UTC 2026","Presented Checks — Smoke > Row Actions","specs\Smoke\5-PresentedChecksSmoke.spec.ts","",""
"","5554","Verify profile menu shows My Info and Logout links","msedge","Thu Oct 08 10:14:45 UTC 2026","passed","Thu Oct 08 10:14:50 UTC 2026","Home Dashboard > Summary Stats","specs\Smoke\3-HomeDashboardSmoke.spec.ts","",""
"","4048","Validate Login functionality with missingPassword","chromium","Thu Oct 08 10:26:21 UTC 2026","passed","Thu Oct 08 10:26:25 UTC 2026","Login — Smoke > Login","specs\Smoke\1-LoginSmoke.spec.ts","",""
"","8755","Validate Login functionality with emptyFields","webkit","Thu Oct 08 10:12:51 UTC 2026","passed","Thu Oct 08 10:13:00 UTC 2026","Login — Smoke > Login","specs\Smoke\1-LoginSmoke.spec.ts","",""
"","13234","Page size change to 10 updates pagination info in bottom-right pager","firefox","Thu Oct 08 10:19:30 UTC 2026","passed","Thu Oct 08 10:19:43 UTC 2026","Issued Checks — Smoke > Pagination","specs\Smoke\4-IssuedChecksSmoke.spec.ts","",""
"","10581","Verify navigation to Exceptions via nav menu","webkit","Thu Oct 08 10:18:39 UTC 2026","passed","Thu Oct 08 10:18:50 UTC 2026","Home Dashboard > Navigation from Dashboard","specs\Smoke\3-HomeDashboardSmoke.spec.ts","",""
"","5481","Verify navigation to Settings via nav menu","msedge","Thu Oct 08 10:15:20 UTC 2026","passed","Thu Oct 08 10:15:26 UTC 2026","Home Dashboard > Navigation from Dashboard","specs\Smoke\3-HomeDashboardSmoke.spec.ts","",""
"","4167","Users sub-page loads correctly","msedge","Thu Oct 08 10:13:02 UTC 2026","passed","Thu Oct 08 10:13:06 UTC 2026","Application Navigation Smoke Tests > Settings Sub-navigation","specs\Smoke\2-NavigationSmoke.spec.ts","",""
"","11382","Next page arrow advances to page 2","webkit","Thu Oct 08 10:20:20 UTC 2026","passed","Thu Oct 08 10:20:31 UTC 2026","Presented Checks — Smoke > Pagination","specs\Smoke\5-PresentedChecksSmoke.spec.ts","",""
"","6540","Previous page button returns to page 1, First page button re-enables disabled state","msedge","Thu Oct 08 10:15:26 UTC 2026","passed","Thu Oct 08 10:15:33 UTC 2026","Issued Checks — Smoke > Pagination","specs\Smoke\4-IssuedChecksSmoke.spec.ts","",""
"","4347","ACH breadcrumb link is visible on the page","chromium","Thu Oct 08 10:33:48 UTC 2026","passed","Thu Oct 08 10:33:52 UTC 2026","ACH — Smoke > Breadcrumb","specs\Smoke\7-ACHSmoke.spec.ts","",""
"","8148","Validate unauthenticated access to protected route is redirected to login","webkit","Thu Oct 08 10:14:24 UTC 2026","passed","Thu Oct 08 10:14:32 UTC 2026","Login — Smoke > Session & Security","specs\Smoke\1-LoginSmoke.spec.ts","",""
"","17651","Verify Total Exceptions and Total Exception Amount labels are visible","webkit","Thu Oct 08 10:16:52 UTC 2026","passed","Thu Oct 08 10:17:10 UTC 2026","Home Dashboard > Summary Stats","specs\Smoke\3-HomeDashboardSmoke.spec.ts","",""
"","7053","Decision Files sub-page loads correctly","msedge","Thu Oct 08 10:13:19 UTC 2026","passed","Thu Oct 08 10:13:26 UTC 2026","Application Navigation Smoke Tests > Settings Sub-navigation","specs\Smoke\2-NavigationSmoke.spec.ts","",""
"","6097","Verify delayed data note and force refresh link are visible on dashboard","chromium","Thu Oct 08 10:28:07 UTC 2026","passed","Thu Oct 08 10:28:13 UTC 2026","Home Dashboard > Summary Stats","specs\Smoke\3-HomeDashboardSmoke.spec.ts","",""
"","4390","Validate Login functionality with incorrectPassword","msedge","Thu Oct 08 10:12:27 UTC 2026","passed","Thu Oct 08 10:12:32 UTC 2026","Login — Smoke > Login","specs\Smoke\1-LoginSmoke.spec.ts","",""
"","4399","Account Settings sub-page loads correctly","chromium","Thu Oct 08 10:26:30 UTC 2026","passed","Thu Oct 08 10:26:34 UTC 2026","Application Navigation Smoke Tests > Settings Sub-navigation","specs\Smoke\2-NavigationSmoke.spec.ts","",""
"","6277","Verify ACH Only tab shows ACH-specific chart sections","msedge","Thu Oct 08 10:13:57 UTC 2026","passed","Thu Oct 08 10:14:03 UTC 2026","Home Dashboard > Dashboard Chart Headings","specs\Smoke\3-HomeDashboardSmoke.spec.ts","",""
"","13852","""+ Add ACH"" navigates to the add-ACH form","firefox","Thu Oct 08 10:23:24 UTC 2026","passed","Thu Oct 08 10:23:38 UTC 2026","ACH — Smoke > Navigation","specs\Smoke\7-ACHSmoke.spec.ts","",""
"","4297","Validate Login functionality with xssInUsername","msedge","Thu Oct 08 10:12:56 UTC 2026","passed","Thu Oct 08 10:13:01 UTC 2026","Login — Smoke > Login","specs\Smoke\1-LoginSmoke.spec.ts","",""
"","12801","Page size change to 10 updates pagination info in bottom-right pager","firefox","Thu Oct 08 10:21:25 UTC 2026","passed","Thu Oct 08 10:21:37 UTC 2026","Presented Checks — Smoke > Pagination","specs\Smoke\5-PresentedChecksSmoke.spec.ts","",""
"","5094","""Edit"" link on a row navigates to the check edit form","chromium","Thu Oct 08 10:31:52 UTC 2026","passed","Thu Oct 08 10:31:57 UTC 2026","Presented Checks — Smoke > Row Actions","specs\Smoke\5-PresentedChecksSmoke.spec.ts","",""
"","2957","Pre-Decisions page loads with either records or the empty-state message","msedge","Thu Oct 08 10:20:14 UTC 2026","passed","Thu Oct 08 10:20:17 UTC 2026","Exceptions — Smoke > Pre-Decisions","specs\Smoke\8-ExceptionsSmoke.spec.ts","",""
"","4170","Validate Login functionality with emptyFields","msedge","Thu Oct 08 10:12:39 UTC 2026","passed","Thu Oct 08 10:12:44 UTC 2026","Login — Smoke > Login","specs\Smoke\1-LoginSmoke.spec.ts","",""
"","19077","Web Hooks sub-page loads correctly","webkit","Thu Oct 08 10:16:10 UTC 2026","passed","Thu Oct 08 10:16:29 UTC 2026","Application Navigation Smoke Tests > Settings Sub-navigation","specs\Smoke\2-NavigationSmoke.spec.ts","",""
"","6274","Default filter auto-applies after logout and re-login","msedge","Thu Oct 08 10:18:36 UTC 2026","skipped","Thu Oct 08 10:18:43 UTC 2026","ACH — Smoke > Saved Filters > Default Filter","specs\Smoke\7-ACHSmoke.spec.ts","",""
"","10763","Holiday Schedules sub-page loads correctly","firefox","Thu Oct 08 10:15:34 UTC 2026","passed","Thu Oct 08 10:15:44 UTC 2026","Application Navigation Smoke Tests > Settings Sub-navigation","specs\Smoke\2-NavigationSmoke.spec.ts","",""
"","4742","ACH page loads correctly","msedge","Thu Oct 08 10:12:39 UTC 2026","passed","Thu Oct 08 10:12:44 UTC 2026","Application Navigation Smoke Tests > Top-level Navigation","specs\Smoke\2-NavigationSmoke.spec.ts","",""
"","16548","Validate session persists after page refresh","webkit","Thu Oct 08 10:14:07 UTC 2026","passed","Thu Oct 08 10:14:24 UTC 2026","Login — Smoke > Session & Security","specs\Smoke\1-LoginSmoke.spec.ts","",""
"","18355","Verify Home dashboard is restored after returning from another page","firefox","Thu Oct 08 10:18:46 UTC 2026","passed","Thu Oct 08 10:19:04 UTC 2026","Home Dashboard > Summary Stats","specs\Smoke\3-HomeDashboardSmoke.spec.ts","",""
"","11527","File Processing sub-page loads correctly","firefox","Thu Oct 08 10:17:29 UTC 2026","passed","Thu Oct 08 10:17:40 UTC 2026","Application Navigation Smoke Tests > Settings Sub-navigation","specs\Smoke\2-NavigationSmoke.spec.ts","",""
"","11329","Exception History grid loads with data rows and key column headers","webkit","Thu Oct 08 10:23:07 UTC 2026","passed","Thu Oct 08 10:23:18 UTC 2026","Exceptions — Smoke > Exception History > Grid","specs\Smoke\8-ExceptionsSmoke.spec.ts","",""
"","10479","Validate forgot password functionality","firefox","Thu Oct 08 10:14:13 UTC 2026","passed","Thu Oct 08 10:14:24 UTC 2026","Login — Smoke > Forgot Password","specs\Smoke\1-LoginSmoke.spec.ts","",""
"","12734","Web Hooks sub-page loads correctly","firefox","Thu Oct 08 10:17:51 UTC 2026","passed","Thu Oct 08 10:18:04 UTC 2026","Application Navigation Smoke Tests > Settings Sub-navigation","specs\Smoke\2-NavigationSmoke.spec.ts","",""
"","19712","Validate Login functionality with correctCredentials","firefox","Thu Oct 08 10:12:13 UTC 2026","passed","Thu Oct 08 10:12:32 UTC 2026","Login — Smoke > Login","specs\Smoke\1-LoginSmoke.spec.ts","",""
"","12892","Last page arrow jumps to the final page","webkit","Thu Oct 08 10:24:19 UTC 2026","passed","Thu Oct 08 10:24:32 UTC 2026","Exceptions — Smoke > Exception History > Pagination","specs\Smoke\8-ExceptionsSmoke.spec.ts","",""
"","5174","ACH Approval Rules sub-page loads correctly","chromium","Thu Oct 08 10:27:33 UTC 2026","passed","Thu Oct 08 10:27:38 UTC 2026","Application Navigation Smoke Tests > Settings Sub-navigation","specs\Smoke\2-NavigationSmoke.spec.ts","",""
"","14000","""View"" (Change Log) link on a row navigates to the entity log","firefox","Thu Oct 08 10:24:07 UTC 2026","passed","Thu Oct 08 10:24:21 UTC 2026","Presented Checks — Smoke > Row Actions","specs\Smoke\5-PresentedChecksSmoke.spec.ts","",""
"","5447","Page size change to 10 updates pagination info in bottom-right pager","msedge","Thu Oct 08 10:15:04 UTC 2026","passed","Thu Oct 08 10:15:09 UTC 2026","Issued Checks — Smoke > Pagination","specs\Smoke\4-IssuedChecksSmoke.spec.ts","",""
"","19299","Save a filter preset, verify it is auto-selected, then delete it","firefox","Thu Oct 08 10:25:53 UTC 2026","passed","Thu Oct 08 10:26:13 UTC 2026","ACH — Smoke > Saved Filters","specs\Smoke\7-ACHSmoke.spec.ts","",""
"","8854","Presented Checks breadcrumb link is visible on the page","webkit","Thu Oct 08 10:22:58 UTC 2026","passed","Thu Oct 08 10:23:07 UTC 2026","Presented Checks — Smoke > Breadcrumb","specs\Smoke\5-PresentedChecksSmoke.spec.ts","",""
"","10874","Default filter auto-applies after logout and re-login","firefox","Thu Oct 08 10:21:14 UTC 2026","skipped","Thu Oct 08 10:21:25 UTC 2026","Issued Checks — Smoke > Saved Filters > Default Filter","specs\Smoke\4-IssuedChecksSmoke.spec.ts","",""
"","14251","Excel export button is visible and enabled","firefox","Thu Oct 08 10:21:10 UTC 2026","passed","Thu Oct 08 10:21:25 UTC 2026","Presented Checks — Smoke > Toolbar","specs\Smoke\5-PresentedChecksSmoke.spec.ts","",""
"","13522","Verify ACH Only tab shows ACH-specific chart sections","firefox","Thu Oct 08 10:16:51 UTC 2026","passed","Thu Oct 08 10:17:04 UTC 2026","Home Dashboard > Dashboard Chart Headings","specs\Smoke\3-HomeDashboardSmoke.spec.ts","",""
"","8983","Validate Login functionality with sqlInjection","firefox","Thu Oct 08 10:13:40 UTC 2026","passed","Thu Oct 08 10:13:48 UTC 2026","Login — Smoke > Login","specs\Smoke\1-LoginSmoke.spec.ts","",""
"","4801","Check Approval Rules sub-page loads correctly","chromium","Thu Oct 08 10:27:22 UTC 2026","passed","Thu Oct 08 10:27:27 UTC 2026","Application Navigation Smoke Tests > Settings Sub-navigation","specs\Smoke\2-NavigationSmoke.spec.ts","",""
"","8849","Issued Checks page loads correctly","webkit","Thu Oct 08 10:12:25 UTC 2026","passed","Thu Oct 08 10:12:34 UTC 2026","Application Navigation Smoke Tests > Top-level Navigation","specs\Smoke\2-NavigationSmoke.spec.ts","",""
"","8496","Clicking a column header sorts ascending, clicking again sorts descending","chromium","Thu Oct 08 10:30:04 UTC 2026","passed","Thu Oct 08 10:30:13 UTC 2026","Issued Checks — Smoke > Sorting","specs\Smoke\4-IssuedChecksSmoke.spec.ts","",""
"","6940","""+ Add Check"" navigates to the add-check form","chromium","Thu Oct 08 10:28:23 UTC 2026","passed","Thu Oct 08 10:28:30 UTC 2026","Issued Checks — Smoke > Navigation","specs\Smoke\4-IssuedChecksSmoke.spec.ts","",""
"","16468","Search box filters grid and clears correctly","chromium","Thu Oct 08 10:29:39 UTC 2026","passed","Thu Oct 08 10:29:55 UTC 2026","Presented Checks — Smoke > Toolbar","specs\Smoke\5-PresentedChecksSmoke.spec.ts","",""
"","8563","Validate Login functionality with incorrectUsername","webkit","Thu Oct 08 10:12:34 UTC 2026","passed","Thu Oct 08 10:12:43 UTC 2026","Login — Smoke > Login","specs\Smoke\1-LoginSmoke.spec.ts","",""
"","11626","Default filter auto-applies after logout and re-login","firefox","Thu Oct 08 10:26:13 UTC 2026","skipped","Thu Oct 08 10:26:24 UTC 2026","ACH — Smoke > Saved Filters > Default Filter","specs\Smoke\7-ACHSmoke.spec.ts","",""
"","12426","""+ Add Check"" navigates to the add-check form","firefox","Thu Oct 08 10:20:29 UTC 2026","passed","Thu Oct 08 10:20:41 UTC 2026","Presented Checks — Smoke > Navigation","specs\Smoke\5-PresentedChecksSmoke.spec.ts","",""
"","7177","Verify dashboard tab checked state updates correctly","chromium","Thu Oct 08 10:27:37 UTC 2026","passed","Thu Oct 08 10:27:45 UTC 2026","Home Dashboard > Dashboard Chart Headings","specs\Smoke\3-HomeDashboardSmoke.spec.ts","",""
"","3680","Validate Login functionality with incorrectUsername","msedge","Thu Oct 08 10:12:32 UTC 2026","passed","Thu Oct 08 10:12:36 UTC 2026","Login — Smoke > Login","specs\Smoke\1-LoginSmoke.spec.ts","",""
"","7623","Check Approval Rules sub-page loads correctly","webkit","Thu Oct 08 10:14:41 UTC 2026","passed","Thu Oct 08 10:14:49 UTC 2026","Application Navigation Smoke Tests > Settings Sub-navigation","specs\Smoke\2-NavigationSmoke.spec.ts","",""
"","7750","Column filter popup applies a filter and Clear restores the full row set","msedge","Thu Oct 08 10:18:49 UTC 2026","passed","Thu Oct 08 10:18:57 UTC 2026","ACH — Smoke > Column Filter","specs\Smoke\7-ACHSmoke.spec.ts","",""
"","10066","Verify Check Only tab shows Check-specific chart sections","webkit","Thu Oct 08 10:15:08 UTC 2026","passed","Thu Oct 08 10:15:18 UTC 2026","Home Dashboard > Dashboard Chart Headings","specs\Smoke\3-HomeDashboardSmoke.spec.ts","",""
"","8004","Branding sub-page loads correctly","webkit","Thu Oct 08 10:13:46 UTC 2026","passed","Thu Oct 08 10:13:54 UTC 2026","Application Navigation Smoke Tests > Settings Sub-navigation","specs\Smoke\2-NavigationSmoke.spec.ts","",""
"","6556","Home page is accessible and shows dashboard","chromium","Thu Oct 08 10:25:47 UTC 2026","passed","Thu Oct 08 10:25:53 UTC 2026","Application Navigation Smoke Tests > Top-level Navigation","specs\Smoke\2-NavigationSmoke.spec.ts","",""
"","7880","Page size change to 10 updates pagination info in bottom-right pager","msedge","Thu Oct 08 10:16:11 UTC 2026","passed","Thu Oct 08 10:16:19 UTC 2026","Presented Checks — Smoke > Pagination","specs\Smoke\5-PresentedChecksSmoke.spec.ts","",""
"","9115","ACH Approval Rules sub-page loads correctly","firefox","Thu Oct 08 10:16:49 UTC 2026","passed","Thu Oct 08 10:16:58 UTC 2026","Application Navigation Smoke Tests > Settings Sub-navigation","specs\Smoke\2-NavigationSmoke.spec.ts","",""
"","17893","Default filter auto-applies after logout and re-login","chromium","Thu Oct 08 10:33:50 UTC 2026","passed","Thu Oct 08 10:34:08 UTC 2026","Exceptions — Smoke > Exception History > Saved Filters > Default Filter","specs\Smoke\8-ExceptionsSmoke.spec.ts","",""
"","12515","Save a filter preset, verify it is auto-selected, then delete it","chromium","Thu Oct 08 10:29:25 UTC 2026","passed","Thu Oct 08 10:29:38 UTC 2026","Issued Checks — Smoke > Saved Filters","specs\Smoke\4-IssuedChecksSmoke.spec.ts","",""
"","4381","Validate Login functionality with incorrectUsername","chromium","Thu Oct 08 10:26:08 UTC 2026","passed","Thu Oct 08 10:26:12 UTC 2026","Login — Smoke > Login","specs\Smoke\1-LoginSmoke.spec.ts","",""
"","11801","Pay/Return decision badge navigates to exception history","webkit","Thu Oct 08 10:22:46 UTC 2026","passed","Thu Oct 08 10:22:58 UTC 2026","Presented Checks — Smoke > Row Actions","specs\Smoke\5-PresentedChecksSmoke.spec.ts","",""
"","5392","""Uploaded Checks"" navigates to the uploads page","msedge","Thu Oct 08 10:14:45 UTC 2026","passed","Thu Oct 08 10:14:50 UTC 2026","Issued Checks — Smoke > Navigation","specs\Smoke\4-IssuedChecksSmoke.spec.ts","",""
"","9654","Verify profile menu shows My Info and Logout links","webkit","Thu Oct 08 10:17:44 UTC 2026","passed","Thu Oct 08 10:17:54 UTC 2026","Home Dashboard > Summary Stats","specs\Smoke\3-HomeDashboardSmoke.spec.ts","",""
"","4403","Presented Checks page loads correctly","msedge","Thu Oct 08 10:12:31 UTC 2026","passed","Thu Oct 08 10:12:35 UTC 2026","Application Navigation Smoke Tests > Top-level Navigation","specs\Smoke\2-NavigationSmoke.spec.ts","",""
"","8379","Default Decision Log sub-page loads correctly","firefox","Thu Oct 08 10:17:09 UTC 2026","passed","Thu Oct 08 10:17:17 UTC 2026","Application Navigation Smoke Tests > Settings Sub-navigation","specs\Smoke\2-NavigationSmoke.spec.ts","",""
"","7230","Home page is accessible and shows dashboard","firefox","Thu Oct 08 10:12:13 UTC 2026","passed","Thu Oct 08 10:12:20 UTC 2026","Application Navigation Smoke Tests > Top-level Navigation","specs\Smoke\2-NavigationSmoke.spec.ts","",""
"","4388","Validate Login functionality with xssInUsername","chromium","Thu Oct 08 10:26:33 UTC 2026","passed","Thu Oct 08 10:26:38 UTC 2026","Login — Smoke > Login","specs\Smoke\1-LoginSmoke.spec.ts","",""
"","4822","Exceptions breadcrumb link is visible on the page","webkit","Thu Oct 08 10:26:17 UTC 2026","passed","Thu Oct 08 10:26:22 UTC 2026","Exceptions — Smoke > Exception History > Breadcrumb","specs\Smoke\8-ExceptionsSmoke.spec.ts","",""
"","12814","Verify navigation to Settings via nav menu","firefox","Thu Oct 08 10:19:53 UTC 2026","passed","Thu Oct 08 10:20:06 UTC 2026","Home Dashboard > Navigation from Dashboard","specs\Smoke\3-HomeDashboardSmoke.spec.ts","",""
"","8493","Teller page loads correctly","firefox","Thu Oct 08 10:13:01 UTC 2026","passed","Thu Oct 08 10:13:10 UTC 2026","Application Navigation Smoke Tests > Top-level Navigation","specs\Smoke\2-NavigationSmoke.spec.ts","",""
"","7089","Search box filters grid and clears correctly","chromium","Thu Oct 08 10:31:45 UTC 2026","passed","Thu Oct 08 10:31:52 UTC 2026","ACH — Smoke > Toolbar","specs\Smoke\7-ACHSmoke.spec.ts","",""
"","5874","Home page is accessible and shows dashboard","msedge","Thu Oct 08 10:12:11 UTC 2026","passed","Thu Oct 08 10:12:17 UTC 2026","Application Navigation Smoke Tests > Top-level Navigation","specs\Smoke\2-NavigationSmoke.spec.ts","",""
"","7986","Clicking a column header sorts ascending, clicking again sorts descending","msedge","Thu Oct 08 10:15:54 UTC 2026","passed","Thu Oct 08 10:16:02 UTC 2026","Issued Checks — Smoke > Sorting","specs\Smoke\4-IssuedChecksSmoke.spec.ts","",""
"","929","Default filter auto-applies after logout and re-login","firefox","Thu Oct 08 10:27:47 UTC 2026","skipped","Thu Oct 08 10:27:48 UTC 2026","Exceptions — Smoke > Exception History > Saved Filters > Default Filter","specs\Smoke\8-ExceptionsSmoke.spec.ts","",""
"","12118","Grid loads with data rows and key column headers","firefox","Thu Oct 08 10:20:06 UTC 2026","passed","Thu Oct 08 10:20:19 UTC 2026","Presented Checks — Smoke > Grid","specs\Smoke\5-PresentedChecksSmoke.spec.ts","",""
"","8848","Previous page button returns to page 1, First page button re-enables disabled state","chromium","Thu Oct 08 10:29:09 UTC 2026","passed","Thu Oct 08 10:29:18 UTC 2026","Issued Checks — Smoke > Pagination","specs\Smoke\4-IssuedChecksSmoke.spec.ts","",""
"","12910","Saved Filters dropdown is visible and defaults to no preset","webkit","Thu Oct 08 10:25:03 UTC 2026","passed","Thu Oct 08 10:25:16 UTC 2026","Exceptions — Smoke > Exception History > Saved Filters","specs\Smoke\8-ExceptionsSmoke.spec.ts","",""
"","4705","Presented Checks breadcrumb link is visible on the page","msedge","Thu Oct 08 10:18:08 UTC 2026","passed","Thu Oct 08 10:18:13 UTC 2026","Presented Checks — Smoke > Breadcrumb","specs\Smoke\5-PresentedChecksSmoke.spec.ts","",""
"","10168","Home page is accessible and shows dashboard","webkit","Thu Oct 08 10:12:02 UTC 2026","passed","Thu Oct 08 10:12:12 UTC 2026","Application Navigation Smoke Tests > Top-level Navigation","specs\Smoke\2-NavigationSmoke.spec.ts","",""
"","5542","Typing a page number navigates to that page","msedge","Thu Oct 08 10:15:21 UTC 2026","passed","Thu Oct 08 10:15:26 UTC 2026","Issued Checks — Smoke > Pagination","specs\Smoke\4-IssuedChecksSmoke.spec.ts","",""
"","4991","Navigation tabs to Pre-Decisions, Approvals, and Exception History are visible","chromium","Thu Oct 08 10:34:31 UTC 2026","passed","Thu Oct 08 10:34:36 UTC 2026","Exceptions — Smoke > Open Exceptions","specs\Smoke\8-ExceptionsSmoke.spec.ts","",""
"","11229","Exception History grid loads with data rows and key column headers","firefox","Thu Oct 08 10:25:01 UTC 2026","passed","Thu Oct 08 10:25:12 UTC 2026","Exceptions — Smoke > Exception History > Grid","specs\Smoke\8-ExceptionsSmoke.spec.ts","",""
"","3984","Validate forgot password functionality","msedge","Thu Oct 08 10:13:05 UTC 2026","passed","Thu Oct 08 10:13:09 UTC 2026","Login — Smoke > Forgot Password","specs\Smoke\1-LoginSmoke.spec.ts","",""
"","18923","Verify Combined View shows all chart sections","firefox","Thu Oct 08 10:16:17 UTC 2026","passed","Thu Oct 08 10:16:36 UTC 2026","Home Dashboard > Dashboard Chart Headings","specs\Smoke\3-HomeDashboardSmoke.spec.ts","",""
"","7985","Exceptions page loads correctly","webkit","Thu Oct 08 10:13:00 UTC 2026","passed","Thu Oct 08 10:13:08 UTC 2026","Application Navigation Smoke Tests > Top-level Navigation","specs\Smoke\2-NavigationSmoke.spec.ts","",""
"","6759","Roles/Permissions sub-page loads correctly","webkit","Thu Oct 08 10:13:40 UTC 2026","passed","Thu Oct 08 10:13:46 UTC 2026","Application Navigation Smoke Tests > Settings Sub-navigation","specs\Smoke\2-NavigationSmoke.spec.ts","",""
"","4643","Navigation tabs to Pre-Decisions, Approvals, and Exception History are visible","firefox","Thu Oct 08 10:29:18 UTC 2026","passed","Thu Oct 08 10:29:23 UTC 2026","Exceptions — Smoke > Open Exceptions","specs\Smoke\8-ExceptionsSmoke.spec.ts","",""
"","9677","Search box filters grid and clears correctly","msedge","Thu Oct 08 10:17:23 UTC 2026","passed","Thu Oct 08 10:17:33 UTC 2026","ACH — Smoke > Toolbar","specs\Smoke\7-ACHSmoke.spec.ts","",""
"","13464","Verify dashboard tab checked state updates correctly","firefox","Thu Oct 08 10:17:04 UTC 2026","passed","Thu Oct 08 10:17:18 UTC 2026","Home Dashboard > Dashboard Chart Headings","specs\Smoke\3-HomeDashboardSmoke.spec.ts","",""
"","3656","Clicking a column header sorts ascending, clicking again sorts descending","chromium","Thu Oct 08 10:34:08 UTC 2026","passed","Thu Oct 08 10:34:12 UTC 2026","Exceptions — Smoke > Exception History > Sorting","specs\Smoke\8-ExceptionsSmoke.spec.ts","",""
"","18992","Verify ACH Only tab shows ACH-specific chart sections","webkit","Thu Oct 08 10:15:18 UTC 2026","passed","Thu Oct 08 10:15:37 UTC 2026","Home Dashboard > Dashboard Chart Headings","specs\Smoke\3-HomeDashboardSmoke.spec.ts","",""
"","16476","Column filter popup applies a filter and Clear restores the full row set","firefox","Thu Oct 08 10:23:38 UTC 2026","passed","Thu Oct 08 10:23:54 UTC 2026","Presented Checks — Smoke > Column Filter","specs\Smoke\5-PresentedChecksSmoke.spec.ts","",""
"","14075","""Delete"" on a row shows a confirm modal; Cancel dismisses it without deleting","firefox","Thu Oct 08 10:27:10 UTC 2026","passed","Thu Oct 08 10:27:24 UTC 2026","ACH — Smoke > Row Actions","specs\Smoke\7-ACHSmoke.spec.ts","",""
"","5125","Open Exceptions page loads with either exception cards or the empty-state message","webkit","Thu Oct 08 10:26:27 UTC 2026","passed","Thu Oct 08 10:26:33 UTC 2026","Exceptions — Smoke > Open Exceptions","specs\Smoke\8-ExceptionsSmoke.spec.ts","",""
"","11772","Verify all three dashboard view tabs are visible","firefox","Thu Oct 08 10:16:05 UTC 2026","passed","Thu Oct 08 10:16:17 UTC 2026","Home Dashboard > Page Load","specs\Smoke\3-HomeDashboardSmoke.spec.ts","",""
"","12938","Typing a page number navigates to that page","webkit","Thu Oct 08 10:22:54 UTC 2026","passed","Thu Oct 08 10:23:07 UTC 2026","ACH — Smoke > Pagination","specs\Smoke\7-ACHSmoke.spec.ts","",""
"","4690","Presented Checks breadcrumb link is visible on the page","chromium","Thu Oct 08 10:32:14 UTC 2026","passed","Thu Oct 08 10:32:18 UTC 2026","Presented Checks — Smoke > Breadcrumb","specs\Smoke\5-PresentedChecksSmoke.spec.ts","",""
"","5696","Pay/Return decision badge navigates to exception history","chromium","Thu Oct 08 10:32:08 UTC 2026","passed","Thu Oct 08 10:32:14 UTC 2026","Presented Checks — Smoke > Row Actions","specs\Smoke\5-PresentedChecksSmoke.spec.ts","",""
"","12964","Grid loads with data rows and key column headers","webkit","Thu Oct 08 10:21:14 UTC 2026","passed","Thu Oct 08 10:21:27 UTC 2026","ACH — Smoke > Grid","specs\Smoke\7-ACHSmoke.spec.ts","",""
"","6405","Verify navigation to Settings via nav menu","chromium","Thu Oct 08 10:28:52 UTC 2026","passed","Thu Oct 08 10:28:59 UTC 2026","Home Dashboard > Navigation from Dashboard","specs\Smoke\3-HomeDashboardSmoke.spec.ts","",""
"","17026","Validate teller presented-check form shows all required fields","firefox","Thu Oct 08 10:22:47 UTC 2026","passed","Thu Oct 08 10:23:04 UTC 2026","Teller — Smoke > Add Check Form","specs\Smoke\6-TellerSmoke.spec.ts","",""
"","4841","Excel export button is visible and enabled","chromium","Thu Oct 08 10:28:42 UTC 2026","passed","Thu Oct 08 10:28:47 UTC 2026","Issued Checks — Smoke > Toolbar","specs\Smoke\4-IssuedChecksSmoke.spec.ts","",""
"","7952","Verify dashboard loads after successful login","webkit","Thu Oct 08 10:14:32 UTC 2026","passed","Thu Oct 08 10:14:40 UTC 2026","Home Dashboard > Page Load","specs\Smoke\3-HomeDashboardSmoke.spec.ts","",""
"","14642","Notification Templates sub-page loads correctly","firefox","Thu Oct 08 10:15:54 UTC 2026","passed","Thu Oct 08 10:16:09 UTC 2026","Application Navigation Smoke Tests > Settings Sub-navigation","specs\Smoke\2-NavigationSmoke.spec.ts","",""
"","18257","File Processing sub-page loads correctly","webkit","Thu Oct 08 10:15:37 UTC 2026","passed","Thu Oct 08 10:15:55 UTC 2026","Application Navigation Smoke Tests > Settings Sub-navigation","specs\Smoke\2-NavigationSmoke.spec.ts","",""
"","9242","Validate teller presented-check form shows all required fields","webkit","Thu Oct 08 10:20:55 UTC 2026","passed","Thu Oct 08 10:21:04 UTC 2026","Teller — Smoke > Add Check Form","specs\Smoke\6-TellerSmoke.spec.ts","",""
"","8953","Account Settings sub-page loads correctly","webkit","Thu Oct 08 10:13:15 UTC 2026","passed","Thu Oct 08 10:13:24 UTC 2026","Application Navigation Smoke Tests > Settings Sub-navigation","specs\Smoke\2-NavigationSmoke.spec.ts","",""
"","5301","Next page arrow advances to page 2","chromium","Thu Oct 08 10:32:02 UTC 2026","passed","Thu Oct 08 10:32:08 UTC 2026","ACH — Smoke > Pagination","specs\Smoke\7-ACHSmoke.spec.ts","",""
"","4411","API link is visible and points to swagger","chromium","Thu Oct 08 10:28:02 UTC 2026","passed","Thu Oct 08 10:28:07 UTC 2026","Application Navigation Smoke Tests > Settings Sub-navigation","specs\Smoke\2-NavigationSmoke.spec.ts","",""
"","8894","""View"" link on a row opens the Exception Details dialog","firefox","Thu Oct 08 10:28:54 UTC 2026","passed","Thu Oct 08 10:29:03 UTC 2026","Exceptions — Smoke > Exception History > Row Actions","specs\Smoke\8-ExceptionsSmoke.spec.ts","",""
"","18890","Previous page button returns to page 1, First page button re-enables disabled state","webkit","Thu Oct 08 10:24:44 UTC 2026","passed","Thu Oct 08 10:25:03 UTC 2026","Exceptions — Smoke > Exception History > Pagination","specs\Smoke\8-ExceptionsSmoke.spec.ts","",""
"","5185","Pay/Return decision badge navigates to exception history","msedge","Thu Oct 08 10:18:03 UTC 2026","passed","Thu Oct 08 10:18:08 UTC 2026","Presented Checks — Smoke > Row Actions","specs\Smoke\5-PresentedChecksSmoke.spec.ts","",""
"","11917","Column filter popup applies a filter and Clear restores the full row set","chromium","Thu Oct 08 10:30:13 UTC 2026","passed","Thu Oct 08 10:30:25 UTC 2026","Issued Checks — Smoke > Column Filter","specs\Smoke\4-IssuedChecksSmoke.spec.ts","",""
"","10485","Next page arrow advances to page 2","chromium","Thu Oct 08 10:30:12 UTC 2026","passed","Thu Oct 08 10:30:23 UTC 2026","Presented Checks — Smoke > Pagination","specs\Smoke\5-PresentedChecksSmoke.spec.ts","",""
"","8952","Previous page button returns to page 1, First page button re-enables disabled state","msedge","Thu Oct 08 10:19:03 UTC 2026","passed","Thu Oct 08 10:19:12 UTC 2026","Exceptions — Smoke > Exception History > Pagination","specs\Smoke\8-ExceptionsSmoke.spec.ts","",""
"","10378","ACH page loads correctly","firefox","Thu Oct 08 10:13:10 UTC 2026","passed","Thu Oct 08 10:13:20 UTC 2026","Application Navigation Smoke Tests > Top-level Navigation","specs\Smoke\2-NavigationSmoke.spec.ts","",""
"","15679","Previous page button returns to page 1, First page button re-enables disabled state","webkit","Thu Oct 08 10:23:07 UTC 2026","passed","Thu Oct 08 10:23:22 UTC 2026","ACH — Smoke > Pagination","specs\Smoke\7-ACHSmoke.spec.ts","",""
"","4022","Validate Login functionality with missingUsername","msedge","Thu Oct 08 10:12:48 UTC 2026","passed","Thu Oct 08 10:12:52 UTC 2026","Login — Smoke > Login","specs\Smoke\1-LoginSmoke.spec.ts","",""
"","8645","Validate forgot password functionality with No email","webkit","Thu Oct 08 10:13:49 UTC 2026","passed","Thu Oct 08 10:13:57 UTC 2026","Login — Smoke > Forgot Password","specs\Smoke\1-LoginSmoke.spec.ts","",""
"","7852","Settings page loads correctly","webkit","Thu Oct 08 10:13:08 UTC 2026","passed","Thu Oct 08 10:13:15 UTC 2026","Application Navigation Smoke Tests > Top-level Navigation","specs\Smoke\2-NavigationSmoke.spec.ts","",""
"","7031","Search box filters grid and clears correctly","msedge","Thu Oct 08 10:14:50 UTC 2026","passed","Thu Oct 08 10:14:57 UTC 2026","Issued Checks — Smoke > Toolbar","specs\Smoke\4-IssuedChecksSmoke.spec.ts","",""
"","7947","Saved Filters dropdown is visible and defaults to no preset","chromium","Thu Oct 08 10:30:51 UTC 2026","passed","Thu Oct 08 10:30:59 UTC 2026","Presented Checks — Smoke > Saved Filters","specs\Smoke\5-PresentedChecksSmoke.spec.ts","",""
"","7971","Page size change to 10 updates pagination info in bottom-right pager","chromium","Thu Oct 08 10:30:04 UTC 2026","passed","Thu Oct 08 10:30:12 UTC 2026","Presented Checks — Smoke > Pagination","specs\Smoke\5-PresentedChecksSmoke.spec.ts","",""
"","12095","Issued Checks breadcrumb link is visible on the page","firefox","Thu Oct 08 10:22:34 UTC 2026","passed","Thu Oct 08 10:22:46 UTC 2026","Issued Checks — Smoke > Breadcrumb","specs\Smoke\4-IssuedChecksSmoke.spec.ts","",""
"","8841","Column filter popup applies a filter and Clear restores the full row set","msedge","Thu Oct 08 10:17:31 UTC 2026","passed","Thu Oct 08 10:17:40 UTC 2026","Presented Checks — Smoke > Column Filter","specs\Smoke\5-PresentedChecksSmoke.spec.ts","",""
"","10151","Default filter auto-applies after logout and re-login","webkit","Thu Oct 08 10:23:56 UTC 2026","skipped","Thu Oct 08 10:24:06 UTC 2026","ACH — Smoke > Saved Filters > Default Filter","specs\Smoke\7-ACHSmoke.spec.ts","",""
"","12690","Grid loads with data rows and key column headers","chromium","Thu Oct 08 10:31:15 UTC 2026","passed","Thu Oct 08 10:31:27 UTC 2026","ACH — Smoke > Grid","specs\Smoke\7-ACHSmoke.spec.ts","",""
"","8367","Column filter menu applies a filter and Clear restores the full row set","firefox","Thu Oct 08 10:28:37 UTC 2026","passed","Thu Oct 08 10:28:46 UTC 2026","Exceptions — Smoke > Exception History > Column Filter","specs\Smoke\8-ExceptionsSmoke.spec.ts","",""
"","5583","Verify navigation to Exceptions via nav menu","chromium","Thu Oct 08 10:28:47 UTC 2026","passed","Thu Oct 08 10:28:52 UTC 2026","Home Dashboard > Navigation from Dashboard","specs\Smoke\3-HomeDashboardSmoke.spec.ts","",""
"","6594","""Edit"" link on a row navigates to the check edit form","chromium","Thu Oct 08 10:30:25 UTC 2026","passed","Thu Oct 08 10:30:31 UTC 2026","Issued Checks — Smoke > Row Actions","specs\Smoke\4-IssuedChecksSmoke.spec.ts","",""
"","8576","Validate Login functionality with missingPassword","firefox","Thu Oct 08 10:13:12 UTC 2026","passed","Thu Oct 08 10:13:21 UTC 2026","Login — Smoke > Login","specs\Smoke\1-LoginSmoke.spec.ts","",""
"","6538","Clicking a column header sorts ascending, clicking again sorts descending","msedge","Thu Oct 08 10:18:43 UTC 2026","passed","Thu Oct 08 10:18:49 UTC 2026","ACH — Smoke > Sorting","specs\Smoke\7-ACHSmoke.spec.ts","",""
"","13053","Verify Home dashboard is restored after returning from another page","webkit","Thu Oct 08 10:17:54 UTC 2026","passed","Thu Oct 08 10:18:07 UTC 2026","Home Dashboard > Summary Stats","specs\Smoke\3-HomeDashboardSmoke.spec.ts","",""
"","5438","""View"" link on a row opens the Exception Details dialog","chromium","Thu Oct 08 10:34:17 UTC 2026","passed","Thu Oct 08 10:34:23 UTC 2026","Exceptions — Smoke > Exception History > Row Actions","specs\Smoke\8-ExceptionsSmoke.spec.ts","",""
"","5732","ACH breadcrumb link is visible on the page","msedge","Thu Oct 08 10:19:22 UTC 2026","passed","Thu Oct 08 10:19:28 UTC 2026","ACH — Smoke > Breadcrumb","specs\Smoke\7-ACHSmoke.spec.ts","",""
"","10196","Column filter menu applies a filter and Clear restores the full row set","webkit","Thu Oct 08 10:25:47 UTC 2026","passed","Thu Oct 08 10:25:57 UTC 2026","Exceptions — Smoke > Exception History > Column Filter","specs\Smoke\8-ExceptionsSmoke.spec.ts","",""
"","8922","Excel export button is visible and enabled","msedge","Thu Oct 08 10:17:33 UTC 2026","passed","Thu Oct 08 10:17:42 UTC 2026","ACH — Smoke > Toolbar","specs\Smoke\7-ACHSmoke.spec.ts","",""
"","5163","Decision badge on an already-reviewed row is blocked with a system message","chromium","Thu Oct 08 10:34:23 UTC 2026","passed","Thu Oct 08 10:34:28 UTC 2026","Exceptions — Smoke > Exception History > Row Actions","specs\Smoke\8-ExceptionsSmoke.spec.ts","",""
"","5294","Automatic ACH Decision Rules sub-page loads correctly","chromium","Thu Oct 08 10:27:27 UTC 2026","passed","Thu Oct 08 10:27:32 UTC 2026","Application Navigation Smoke Tests > Settings Sub-navigation","specs\Smoke\2-NavigationSmoke.spec.ts","",""
"","9830","Default filter auto-applies after logout and re-login","webkit","Thu Oct 08 10:19:27 UTC 2026","skipped","Thu Oct 08 10:19:37 UTC 2026","Issued Checks — Smoke > Saved Filters > Default Filter","specs\Smoke\4-IssuedChecksSmoke.spec.ts","",""
"","9545","Pay/Return decision badge navigates to exception history","msedge","Thu Oct 08 10:19:13 UTC 2026","passed","Thu Oct 08 10:19:22 UTC 2026","ACH — Smoke > Row Actions","specs\Smoke\7-ACHSmoke.spec.ts","",""
"","4541","Validate Login functionality with veryLongInput","msedge","Thu Oct 08 10:13:01 UTC 2026","passed","Thu Oct 08 10:13:05 UTC 2026","Login — Smoke > Login","specs\Smoke\1-LoginSmoke.spec.ts","",""
"","8374","Automatic Check Decision Rules sub-page loads correctly","webkit","Thu Oct 08 10:14:32 UTC 2026","passed","Thu Oct 08 10:14:41 UTC 2026","Application Navigation Smoke Tests > Settings Sub-navigation","specs\Smoke\2-NavigationSmoke.spec.ts","",""
"","5691","Excel export button is visible and enabled","msedge","Thu Oct 08 10:18:31 UTC 2026","passed","Thu Oct 08 10:18:37 UTC 2026","Exceptions — Smoke > Exception History > Toolbar","specs\Smoke\8-ExceptionsSmoke.spec.ts","",""
"","8873","Last page arrow jumps to the final page","msedge","Thu Oct 08 10:16:25 UTC 2026","passed","Thu Oct 08 10:16:34 UTC 2026","Presented Checks — Smoke > Pagination","specs\Smoke\5-PresentedChecksSmoke.spec.ts","",""
"","8639","Verify dashboard tab checked state updates correctly","msedge","Thu Oct 08 10:14:03 UTC 2026","passed","Thu Oct 08 10:14:11 UTC 2026","Home Dashboard > Dashboard Chart Headings","specs\Smoke\3-HomeDashboardSmoke.spec.ts","",""
"","8673","Saved Filters dropdown is visible and defaults to no preset","webkit","Thu Oct 08 10:21:06 UTC 2026","passed","Thu Oct 08 10:21:15 UTC 2026","Presented Checks — Smoke > Saved Filters","specs\Smoke\5-PresentedChecksSmoke.spec.ts","",""
"","5232","Verify profile menu shows My Info and Logout links","chromium","Thu Oct 08 10:28:17 UTC 2026","passed","Thu Oct 08 10:28:23 UTC 2026","Home Dashboard > Summary Stats","specs\Smoke\3-HomeDashboardSmoke.spec.ts","",""
"","14228","Settings page loads correctly","firefox","Thu Oct 08 10:13:35 UTC 2026","passed","Thu Oct 08 10:13:49 UTC 2026","Application Navigation Smoke Tests > Top-level Navigation","specs\Smoke\2-NavigationSmoke.spec.ts","",""
"","6961","Validate Login functionality with invalidEmailFormat","firefox","Thu Oct 08 10:13:00 UTC 2026","passed","Thu Oct 08 10:13:07 UTC 2026","Login — Smoke > Login","specs\Smoke\1-LoginSmoke.spec.ts","",""
"","8046","Validate Login functionality with invalidEmailFormat","webkit","Thu Oct 08 10:12:43 UTC 2026","passed","Thu Oct 08 10:12:51 UTC 2026","Login — Smoke > Login","specs\Smoke\1-LoginSmoke.spec.ts","",""
"","6008","Next page arrow advances to page 2","msedge","Thu Oct 08 10:15:09 UTC 2026","passed","Thu Oct 08 10:15:15 UTC 2026","Issued Checks — Smoke > Pagination","specs\Smoke\4-IssuedChecksSmoke.spec.ts","",""
"","17246","Save a filter preset, verify it is auto-selected, then delete it","chromium","Thu Oct 08 10:30:59 UTC 2026","passed","Thu Oct 08 10:31:16 UTC 2026","Presented Checks — Smoke > Saved Filters","specs\Smoke\5-PresentedChecksSmoke.spec.ts","",""
"","9866","Validate teller presented-check form shows all required fields","chromium","Thu Oct 08 10:30:58 UTC 2026","passed","Thu Oct 08 10:31:08 UTC 2026","Teller — Smoke > Add Check Form","specs\Smoke\6-TellerSmoke.spec.ts","",""
"","3401","Approvals page loads with either records or the empty-state message","webkit","Thu Oct 08 10:26:39 UTC 2026","passed","Thu Oct 08 10:26:42 UTC 2026","Exceptions — Smoke > Approvals","specs\Smoke\8-ExceptionsSmoke.spec.ts","",""
"","4358","Approvals page loads with either records or the empty-state message","firefox","Thu Oct 08 10:29:33 UTC 2026","passed","Thu Oct 08 10:29:37 UTC 2026","Exceptions — Smoke > Approvals","specs\Smoke\8-ExceptionsSmoke.spec.ts","",""
"","18995","Column filter popup applies a filter and Clear restores the full row set","webkit","Thu Oct 08 10:19:50 UTC 2026","passed","Thu Oct 08 10:20:09 UTC 2026","Issued Checks — Smoke > Column Filter","specs\Smoke\4-IssuedChecksSmoke.spec.ts","",""
"","5580","""Uploaded Checks"" navigates to the uploads page","chromium","Thu Oct 08 10:28:30 UTC 2026","passed","Thu Oct 08 10:28:35 UTC 2026","Issued Checks — Smoke > Navigation","specs\Smoke\4-IssuedChecksSmoke.spec.ts","",""
"","22236","Default filter auto-applies after logout and re-login","chromium","Thu Oct 08 10:31:16 UTC 2026","passed","Thu Oct 08 10:31:38 UTC 2026","Presented Checks — Smoke > Saved Filters > Default Filter","specs\Smoke\5-PresentedChecksSmoke.spec.ts","",""
"","46709","Validate forgot password functionality with No email","firefox","Thu Oct 08 10:14:24 UTC 2026","passed","Thu Oct 08 10:15:10 UTC 2026","Login — Smoke > Forgot Password","specs\Smoke\1-LoginSmoke.spec.ts","",""
"","6877","""Delete"" on a row shows a confirm modal; Cancel dismisses it without deleting","msedge","Thu Oct 08 10:16:27 UTC 2026","passed","Thu Oct 08 10:16:34 UTC 2026","Issued Checks — Smoke > Row Actions","specs\Smoke\4-IssuedChecksSmoke.spec.ts","",""
"","9677","File Formats sub-page loads correctly","firefox","Thu Oct 08 10:15:44 UTC 2026","passed","Thu Oct 08 10:15:54 UTC 2026","Application Navigation Smoke Tests > Settings Sub-navigation","specs\Smoke\2-NavigationSmoke.spec.ts","",""
"","4248","Validate unauthenticated access to protected route is redirected to login","chromium","Thu Oct 08 10:27:02 UTC 2026","passed","Thu Oct 08 10:27:07 UTC 2026","Login — Smoke > Session & Security","specs\Smoke\1-LoginSmoke.spec.ts","",""
"","21275","Grid loads with data rows and key column headers","firefox","Thu Oct 08 10:18:04 UTC 2026","passed","Thu Oct 08 10:18:26 UTC 2026","Issued Checks — Smoke > Grid","specs\Smoke\4-IssuedChecksSmoke.spec.ts","",""
"","10628","Validate Login functionality with caseSensitiveEmail","firefox","Thu Oct 08 10:12:35 UTC 2026","passed","Thu Oct 08 10:12:46 UTC 2026","Login — Smoke > Login","specs\Smoke\1-LoginSmoke.spec.ts","",""
"","4346","Validate forgot password functionality","chromium","Thu Oct 08 10:26:42 UTC 2026","passed","Thu Oct 08 10:26:47 UTC 2026","Login — Smoke > Forgot Password","specs\Smoke\1-LoginSmoke.spec.ts","",""
"","13190","Next page arrow advances to page 2","firefox","Thu Oct 08 10:24:36 UTC 2026","passed","Thu Oct 08 10:24:49 UTC 2026","ACH — Smoke > Pagination","specs\Smoke\7-ACHSmoke.spec.ts","",""
"","7206","Validate unauthenticated access to protected route is redirected to login","firefox","Thu Oct 08 10:15:34 UTC 2026","passed","Thu Oct 08 10:15:41 UTC 2026","Login — Smoke > Session & Security","specs\Smoke\1-LoginSmoke.spec.ts","",""
"","5153","Navigation tabs to Pre-Decisions, Approvals, and Exception History are visible","msedge","Thu Oct 08 10:19:56 UTC 2026","passed","Thu Oct 08 10:20:01 UTC 2026","Exceptions — Smoke > Open Exceptions","specs\Smoke\8-ExceptionsSmoke.spec.ts","",""
"","6392","Validate teller presented-check form shows all required fields","msedge","Thu Oct 08 10:16:42 UTC 2026","passed","Thu Oct 08 10:16:48 UTC 2026","Teller — Smoke > Add Check Form","specs\Smoke\6-TellerSmoke.spec.ts","",""
"","11830","Next page arrow advances to page 2","webkit","Thu Oct 08 10:22:33 UTC 2026","passed","Thu Oct 08 10:22:45 UTC 2026","ACH — Smoke > Pagination","specs\Smoke\7-ACHSmoke.spec.ts","",""
"","5487","Page size change to 10 updates pagination info in bottom-right pager","chromium","Thu Oct 08 10:28:47 UTC 2026","passed","Thu Oct 08 10:28:52 UTC 2026","Issued Checks — Smoke > Pagination","specs\Smoke\4-IssuedChecksSmoke.spec.ts","",""
"","4469","Verify Total Exceptions and Total Exception Amount labels are visible","msedge","Thu Oct 08 10:14:24 UTC 2026","passed","Thu Oct 08 10:14:28 UTC 2026","Home Dashboard > Summary Stats","specs\Smoke\3-HomeDashboardSmoke.spec.ts","",""
"","16702","Column filter popup applies a filter and Clear restores the full row set","webkit","Thu Oct 08 10:21:57 UTC 2026","passed","Thu Oct 08 10:22:13 UTC 2026","Presented Checks — Smoke > Column Filter","specs\Smoke\5-PresentedChecksSmoke.spec.ts","",""
"","4472","Verify Total Exceptions and Total Exception Amount labels are visible","chromium","Thu Oct 08 10:27:57 UTC 2026","passed","Thu Oct 08 10:28:02 UTC 2026","Home Dashboard > Summary Stats","specs\Smoke\3-HomeDashboardSmoke.spec.ts","",""
"","13468","Typing a page number navigates to that page","firefox","Thu Oct 08 10:20:06 UTC 2026","passed","Thu Oct 08 10:20:20 UTC 2026","Issued Checks — Smoke > Pagination","specs\Smoke\4-IssuedChecksSmoke.spec.ts","",""
"","6416","Notification Log sub-page loads correctly","chromium","Thu Oct 08 10:27:38 UTC 2026","passed","Thu Oct 08 10:27:44 UTC 2026","Application Navigation Smoke Tests > Settings Sub-navigation","specs\Smoke\2-NavigationSmoke.spec.ts","",""
"","5501","Validate Login functionality with caseSensitiveEmail","msedge","Thu Oct 08 10:12:22 UTC 2026","passed","Thu Oct 08 10:12:27 UTC 2026","Login — Smoke > Login","specs\Smoke\1-LoginSmoke.spec.ts","",""
"","7451","Previous page button returns to page 1, First page button re-enables disabled state","msedge","Thu Oct 08 10:18:13 UTC 2026","passed","Thu Oct 08 10:18:20 UTC 2026","ACH — Smoke > Pagination","specs\Smoke\7-ACHSmoke.spec.ts","",""
"","10446","Last page arrow jumps to the final page","webkit","Thu Oct 08 10:20:31 UTC 2026","passed","Thu Oct 08 10:20:42 UTC 2026","Presented Checks — Smoke > Pagination","specs\Smoke\5-PresentedChecksSmoke.spec.ts","",""
"","17935","Clicking a column header sorts ascending, clicking again sorts descending","firefox","Thu Oct 08 10:27:48 UTC 2026","passed","Thu Oct 08 10:28:06 UTC 2026","Exceptions — Smoke > Exception History > Sorting","specs\Smoke\8-ExceptionsSmoke.spec.ts","",""
"","10447","""Edit"" link on a row navigates to the check edit form","webkit","Thu Oct 08 10:22:13 UTC 2026","passed","Thu Oct 08 10:22:24 UTC 2026","Presented Checks — Smoke > Row Actions","specs\Smoke\5-PresentedChecksSmoke.spec.ts","",""
"","15446","ACH breadcrumb link is visible on the page","firefox","Thu Oct 08 10:27:48 UTC 2026","passed","Thu Oct 08 10:28:03 UTC 2026","ACH — Smoke > Breadcrumb","specs\Smoke\7-ACHSmoke.spec.ts","",""
"","15858","Previous page button returns to page 1, First page button re-enables disabled state","firefox","Thu Oct 08 10:22:20 UTC 2026","passed","Thu Oct 08 10:22:36 UTC 2026","Presented Checks — Smoke > Pagination","specs\Smoke\5-PresentedChecksSmoke.spec.ts","",""
"","12248","Excel export button is visible and enabled","firefox","Thu Oct 08 10:24:09 UTC 2026","passed","Thu Oct 08 10:24:22 UTC 2026","ACH — Smoke > Toolbar","specs\Smoke\7-ACHSmoke.spec.ts","",""
"","10845","""View"" link on a row opens the Exception Details dialog","webkit","Thu Oct 08 10:25:57 UTC 2026","passed","Thu Oct 08 10:26:08 UTC 2026","Exceptions — Smoke > Exception History > Row Actions","specs\Smoke\8-ExceptionsSmoke.spec.ts","",""
"","6523","Verify chart title changes with selected tab","msedge","Thu Oct 08 10:14:12 UTC 2026","passed","Thu Oct 08 10:14:18 UTC 2026","Home Dashboard > Dashboard Chart Headings","specs\Smoke\3-HomeDashboardSmoke.spec.ts","",""
"","15851","Next page arrow advances to page 2","firefox","Thu Oct 08 10:26:10 UTC 2026","passed","Thu Oct 08 10:26:26 UTC 2026","Exceptions — Smoke > Exception History > Pagination","specs\Smoke\8-ExceptionsSmoke.spec.ts","",""
"","22602","Save a filter preset, verify it is auto-selected, then delete it","webkit","Thu Oct 08 10:25:16 UTC 2026","passed","Thu Oct 08 10:25:39 UTC 2026","Exceptions — Smoke > Exception History > Saved Filters","specs\Smoke\8-ExceptionsSmoke.spec.ts","",""
"","4862","Validate Login functionality with sqlInjection","msedge","Thu Oct 08 10:12:52 UTC 2026","passed","Thu Oct 08 10:12:56 UTC 2026","Login — Smoke > Login","specs\Smoke\1-LoginSmoke.spec.ts","",""
"","7097","Decision Files sub-page loads correctly","chromium","Thu Oct 08 10:26:56 UTC 2026","passed","Thu Oct 08 10:27:03 UTC 2026","Application Navigation Smoke Tests > Settings Sub-navigation","specs\Smoke\2-NavigationSmoke.spec.ts","",""
"","12413","Verify navigation to ACH via nav menu","webkit","Thu Oct 08 10:18:27 UTC 2026","passed","Thu Oct 08 10:18:39 UTC 2026","Home Dashboard > Navigation from Dashboard","specs\Smoke\3-HomeDashboardSmoke.spec.ts","",""
"","10677","Page size change to 10 updates pagination info in bottom-right pager","webkit","Thu Oct 08 10:23:56 UTC 2026","passed","Thu Oct 08 10:24:07 UTC 2026","Exceptions — Smoke > Exception History > Pagination","specs\Smoke\8-ExceptionsSmoke.spec.ts","",""
"","12269","""Uploaded Checks"" navigates to the uploads page","webkit","Thu Oct 08 10:17:24 UTC 2026","passed","Thu Oct 08 10:17:36 UTC 2026","Issued Checks — Smoke > Navigation","specs\Smoke\4-IssuedChecksSmoke.spec.ts","",""
"","4007","Teller page loads correctly","msedge","Thu Oct 08 10:12:35 UTC 2026","passed","Thu Oct 08 10:12:39 UTC 2026","Application Navigation Smoke Tests > Top-level Navigation","specs\Smoke\2-NavigationSmoke.spec.ts","",""
"","7452","System Log sub-page loads correctly","chromium","Thu Oct 08 10:27:50 UTC 2026","passed","Thu Oct 08 10:27:58 UTC 2026","Application Navigation Smoke Tests > Settings Sub-navigation","specs\Smoke\2-NavigationSmoke.spec.ts","",""
"","4283","Settings page loads correctly","msedge","Thu Oct 08 10:12:48 UTC 2026","passed","Thu Oct 08 10:12:52 UTC 2026","Application Navigation Smoke Tests > Top-level Navigation","specs\Smoke\2-NavigationSmoke.spec.ts","",""
"","5390","ACH Approval Rules sub-page loads correctly","msedge","Thu Oct 08 10:13:51 UTC 2026","passed","Thu Oct 08 10:13:56 UTC 2026","Application Navigation Smoke Tests > Settings Sub-navigation","specs\Smoke\2-NavigationSmoke.spec.ts","",""
"","12624","""+ Add Check"" navigates to the add-check form","webkit","Thu Oct 08 10:19:20 UTC 2026","passed","Thu Oct 08 10:19:32 UTC 2026","Presented Checks — Smoke > Navigation","specs\Smoke\5-PresentedChecksSmoke.spec.ts","",""
"","5032","Last page arrow jumps to the final page","chromium","Thu Oct 08 10:28:58 UTC 2026","passed","Thu Oct 08 10:29:03 UTC 2026","Issued Checks — Smoke > Pagination","specs\Smoke\4-IssuedChecksSmoke.spec.ts","",""
"","12480","""Delete"" on a row shows a confirm modal; Cancel dismisses it without deleting","webkit","Thu Oct 08 10:24:46 UTC 2026","passed","Thu Oct 08 10:24:59 UTC 2026","ACH — Smoke > Row Actions","specs\Smoke\7-ACHSmoke.spec.ts","",""
"","4368","Validate Login functionality with emptyFields","chromium","Thu Oct 08 10:26:17 UTC 2026","passed","Thu Oct 08 10:26:21 UTC 2026","Login — Smoke > Login","specs\Smoke\1-LoginSmoke.spec.ts","",""
"","3969","Validate Login functionality with missingPassword","msedge","Thu Oct 08 10:12:44 UTC 2026","passed","Thu Oct 08 10:12:48 UTC 2026","Login — Smoke > Login","specs\Smoke\1-LoginSmoke.spec.ts","",""
"","7767","""+ Add Check"" navigates to the add-check form","msedge","Thu Oct 08 10:15:38 UTC 2026","passed","Thu Oct 08 10:15:46 UTC 2026","Presented Checks — Smoke > Navigation","specs\Smoke\5-PresentedChecksSmoke.spec.ts","",""
"","9251","Excel export button is visible and enabled","msedge","Thu Oct 08 10:16:02 UTC 2026","passed","Thu Oct 08 10:16:11 UTC 2026","Presented Checks — Smoke > Toolbar","specs\Smoke\5-PresentedChecksSmoke.spec.ts","",""
"","16055","Check Approval Rules sub-page loads correctly","firefox","Thu Oct 08 10:16:20 UTC 2026","passed","Thu Oct 08 10:16:36 UTC 2026","Application Navigation Smoke Tests > Settings Sub-navigation","specs\Smoke\2-NavigationSmoke.spec.ts","",""
"","9928","Verify navigation to Issued Checks via nav menu","webkit","Thu Oct 08 10:18:07 UTC 2026","passed","Thu Oct 08 10:18:17 UTC 2026","Home Dashboard > Navigation from Dashboard","specs\Smoke\3-HomeDashboardSmoke.spec.ts","",""
"","9597","Verify dashboard footer footnote and privacy link are visible","webkit","Thu Oct 08 10:17:34 UTC 2026","passed","Thu Oct 08 10:17:44 UTC 2026","Home Dashboard > Summary Stats","specs\Smoke\3-HomeDashboardSmoke.spec.ts","",""
"","10785","Previous page button returns to page 1, First page button re-enables disabled state","msedge","Thu Oct 08 10:16:41 UTC 2026","passed","Thu Oct 08 10:16:51 UTC 2026","Presented Checks — Smoke > Pagination","specs\Smoke\5-PresentedChecksSmoke.spec.ts","",""
"","17694","Pay/Return decision badge navigates to exception history","chromium","Thu Oct 08 10:33:30 UTC 2026","passed","Thu Oct 08 10:33:48 UTC 2026","ACH — Smoke > Row Actions","specs\Smoke\7-ACHSmoke.spec.ts","",""
"","5109","Open Exceptions page loads with either exception cards or the empty-state message","chromium","Thu Oct 08 10:34:36 UTC 2026","passed","Thu Oct 08 10:34:41 UTC 2026","Exceptions — Smoke > Open Exceptions","specs\Smoke\8-ExceptionsSmoke.spec.ts","",""
"","14591","Search box filters grid and clears correctly","firefox","Thu Oct 08 10:18:59 UTC 2026","passed","Thu Oct 08 10:19:14 UTC 2026","Issued Checks — Smoke > Toolbar","specs\Smoke\4-IssuedChecksSmoke.spec.ts","",""
"","7822","Page size change to 10 updates pagination info in bottom-right pager","chromium","Thu Oct 08 10:32:44 UTC 2026","passed","Thu Oct 08 10:32:52 UTC 2026","Exceptions — Smoke > Exception History > Pagination","specs\Smoke\8-ExceptionsSmoke.spec.ts","",""
"","5085","Saved Filters dropdown is visible and defaults to no preset","msedge","Thu Oct 08 10:18:20 UTC 2026","passed","Thu Oct 08 10:18:25 UTC 2026","ACH — Smoke > Saved Filters","specs\Smoke\7-ACHSmoke.spec.ts","",""
"","8089","Excel export button is visible and enabled","chromium","Thu Oct 08 10:32:36 UTC 2026","passed","Thu Oct 08 10:32:44 UTC 2026","Exceptions — Smoke > Exception History > Toolbar","specs\Smoke\8-ExceptionsSmoke.spec.ts","",""
"","5648","Verify navigation to ACH via nav menu","msedge","Thu Oct 08 10:15:09 UTC 2026","passed","Thu Oct 08 10:15:14 UTC 2026","Home Dashboard > Navigation from Dashboard","specs\Smoke\3-HomeDashboardSmoke.spec.ts","",""
"","10018","""+ Add ACH"" navigates to the add-ACH form","msedge","Thu Oct 08 10:17:06 UTC 2026","passed","Thu Oct 08 10:17:16 UTC 2026","ACH — Smoke > Navigation","specs\Smoke\7-ACHSmoke.spec.ts","",""
"","9751","""View"" (Change Log) link on a row navigates to the entity log","chromium","Thu Oct 08 10:30:31 UTC 2026","passed","Thu Oct 08 10:30:41 UTC 2026","Issued Checks — Smoke > Row Actions","specs\Smoke\4-IssuedChecksSmoke.spec.ts","",""
"","4313","Verify all three dashboard view tabs are visible","msedge","Thu Oct 08 10:13:42 UTC 2026","passed","Thu Oct 08 10:13:46 UTC 2026","Home Dashboard > Page Load","specs\Smoke\3-HomeDashboardSmoke.spec.ts","",""
"","8902","Decision badge on an already-reviewed row is blocked with a system message","firefox","Thu Oct 08 10:29:03 UTC 2026","passed","Thu Oct 08 10:29:12 UTC 2026","Exceptions — Smoke > Exception History > Row Actions","specs\Smoke\8-ExceptionsSmoke.spec.ts","",""
"","6058","Last page arrow jumps to the final page","chromium","Thu Oct 08 10:33:03 UTC 2026","passed","Thu Oct 08 10:33:09 UTC 2026","Exceptions — Smoke > Exception History > Pagination","specs\Smoke\8-ExceptionsSmoke.spec.ts","",""
"","11389","Validate Login functionality with veryLongInput","firefox","Thu Oct 08 10:14:02 UTC 2026","passed","Thu Oct 08 10:14:13 UTC 2026","Login — Smoke > Login","specs\Smoke\1-LoginSmoke.spec.ts","",""
"","8088","Validate Login functionality with xssInUsername","webkit","Thu Oct 08 10:13:24 UTC 2026","passed","Thu Oct 08 10:13:32 UTC 2026","Login — Smoke > Login","specs\Smoke\1-LoginSmoke.spec.ts","",""
"","6722","Exception History grid loads with data rows and key column headers","chromium","Thu Oct 08 10:32:18 UTC 2026","passed","Thu Oct 08 10:32:25 UTC 2026","Exceptions — Smoke > Exception History > Grid","specs\Smoke\8-ExceptionsSmoke.spec.ts","",""
"","17743","Previous page button returns to page 1, First page button re-enables disabled state","firefox","Thu Oct 08 10:25:22 UTC 2026","passed","Thu Oct 08 10:25:39 UTC 2026","ACH — Smoke > Pagination","specs\Smoke\7-ACHSmoke.spec.ts","",""
"","11411","Verify tab-specific charts are hidden for opposite tab","firefox","Thu Oct 08 10:17:29 UTC 2026","passed","Thu Oct 08 10:17:40 UTC 2026","Home Dashboard > Dashboard Chart Headings","specs\Smoke\3-HomeDashboardSmoke.spec.ts","",""
"","11571","Verify dashboard footer footnote and privacy link are visible","firefox","Thu Oct 08 10:18:19 UTC 2026","passed","Thu Oct 08 10:18:30 UTC 2026","Home Dashboard > Summary Stats","specs\Smoke\3-HomeDashboardSmoke.spec.ts","",""
"","10493","""View"" (Change Log) link on a row navigates to the entity log","webkit","Thu Oct 08 10:22:24 UTC 2026","passed","Thu Oct 08 10:22:34 UTC 2026","Presented Checks — Smoke > Row Actions","specs\Smoke\5-PresentedChecksSmoke.spec.ts","",""
"","5562","Verify Check Only tab shows Check-specific chart sections","msedge","Thu Oct 08 10:13:51 UTC 2026","passed","Thu Oct 08 10:13:57 UTC 2026","Home Dashboard > Dashboard Chart Headings","specs\Smoke\3-HomeDashboardSmoke.spec.ts","",""
"","12546","Clicking a column header sorts ascending, clicking again sorts descending","webkit","Thu Oct 08 10:19:37 UTC 2026","passed","Thu Oct 08 10:19:50 UTC 2026","Issued Checks — Smoke > Sorting","specs\Smoke\4-IssuedChecksSmoke.spec.ts","",""
"","6263","Search box filters grid and clears correctly","chromium","Thu Oct 08 10:32:29 UTC 2026","passed","Thu Oct 08 10:32:36 UTC 2026","Exceptions — Smoke > Exception History > Toolbar","specs\Smoke\8-ExceptionsSmoke.spec.ts","",""
"","2727","Approvals page loads with either records or the empty-state message","msedge","Thu Oct 08 10:20:11 UTC 2026","passed","Thu Oct 08 10:20:14 UTC 2026","Exceptions — Smoke > Approvals","specs\Smoke\8-ExceptionsSmoke.spec.ts","",""
"","14301","Page size change to 10 updates pagination info in bottom-right pager","firefox","Thu Oct 08 10:24:22 UTC 2026","passed","Thu Oct 08 10:24:36 UTC 2026","ACH — Smoke > Pagination","specs\Smoke\7-ACHSmoke.spec.ts","",""
"","12375","Save a filter preset, verify it is auto-selected, then delete it","msedge","Thu Oct 08 10:17:03 UTC 2026","passed","Thu Oct 08 10:17:16 UTC 2026","Presented Checks — Smoke > Saved Filters","specs\Smoke\5-PresentedChecksSmoke.spec.ts","",""
"","6140","Verify dashboard loads after successful login","msedge","Thu Oct 08 10:13:31 UTC 2026","passed","Thu Oct 08 10:13:37 UTC 2026","Home Dashboard > Page Load","specs\Smoke\3-HomeDashboardSmoke.spec.ts","",""
"","18613","Saved Filters dropdown is visible and defaults to no preset","firefox","Thu Oct 08 10:20:37 UTC 2026","passed","Thu Oct 08 10:20:55 UTC 2026","Issued Checks — Smoke > Saved Filters","specs\Smoke\4-IssuedChecksSmoke.spec.ts","",""
"","11121","Save a filter preset, verify it is auto-selected, then delete it","msedge","Thu Oct 08 10:18:25 UTC 2026","passed","Thu Oct 08 10:18:36 UTC 2026","ACH — Smoke > Saved Filters","specs\Smoke\7-ACHSmoke.spec.ts","",""
"","7194","Issued Checks breadcrumb link is visible on the page","msedge","Thu Oct 08 10:16:34 UTC 2026","passed","Thu Oct 08 10:16:41 UTC 2026","Issued Checks — Smoke > Breadcrumb","specs\Smoke\4-IssuedChecksSmoke.spec.ts","",""
"","11498","Clicking a column header sorts ascending, clicking again sorts descending","webkit","Thu Oct 08 10:21:45 UTC 2026","passed","Thu Oct 08 10:21:57 UTC 2026","Presented Checks — Smoke > Sorting","specs\Smoke\5-PresentedChecksSmoke.spec.ts","",""
"","8621","Default filter auto-applies after logout and re-login","webkit","Thu Oct 08 10:21:36 UTC 2026","skipped","Thu Oct 08 10:21:45 UTC 2026","Presented Checks — Smoke > Saved Filters > Default Filter","specs\Smoke\5-PresentedChecksSmoke.spec.ts","",""
"","8846","Roles/Permissions sub-page loads correctly","firefox","Thu Oct 08 10:14:53 UTC 2026","passed","Thu Oct 08 10:15:02 UTC 2026","Application Navigation Smoke Tests > Settings Sub-navigation","specs\Smoke\2-NavigationSmoke.spec.ts","",""
"","14244","""Delete"" on a row shows a confirm modal; Cancel dismisses it without deleting","firefox","Thu Oct 08 10:24:21 UTC 2026","passed","Thu Oct 08 10:24:36 UTC 2026","Presented Checks — Smoke > Row Actions","specs\Smoke\5-PresentedChecksSmoke.spec.ts","",""
"","18392","Column filter popup applies a filter and Clear restores the full row set","firefox","Thu Oct 08 10:26:38 UTC 2026","passed","Thu Oct 08 10:26:57 UTC 2026","ACH — Smoke > Column Filter","specs\Smoke\7-ACHSmoke.spec.ts","",""
"","6046","Typing a page number navigates to that page","chromium","Thu Oct 08 10:29:03 UTC 2026","passed","Thu Oct 08 10:29:09 UTC 2026","Issued Checks — Smoke > Pagination","specs\Smoke\4-IssuedChecksSmoke.spec.ts","",""
"","13588","Clicking a column header sorts ascending, clicking again sorts descending","firefox","Thu Oct 08 10:23:24 UTC 2026","passed","Thu Oct 08 10:23:38 UTC 2026","Presented Checks — Smoke > Sorting","specs\Smoke\5-PresentedChecksSmoke.spec.ts","",""
"","12335","Decision Files sub-page loads correctly","firefox","Thu Oct 08 10:15:21 UTC 2026","passed","Thu Oct 08 10:15:34 UTC 2026","Application Navigation Smoke Tests > Settings Sub-navigation","specs\Smoke\2-NavigationSmoke.spec.ts","",""
"","5355","Last page arrow jumps to the final page","chromium","Thu Oct 08 10:32:08 UTC 2026","passed","Thu Oct 08 10:32:13 UTC 2026","ACH — Smoke > Pagination","specs\Smoke\7-ACHSmoke.spec.ts","",""
"","11292","""Uploaded Checks"" navigates to the uploads page","chromium","Thu Oct 08 10:29:28 UTC 2026","passed","Thu Oct 08 10:29:39 UTC 2026","Presented Checks — Smoke > Navigation","specs\Smoke\5-PresentedChecksSmoke.spec.ts","",""
"","21309","Typing a page number navigates to that page","firefox","Thu Oct 08 10:25:00 UTC 2026","passed","Thu Oct 08 10:25:22 UTC 2026","ACH — Smoke > Pagination","specs\Smoke\7-ACHSmoke.spec.ts","",""
"","8666","Automatic ACH Decision Rules sub-page loads correctly","webkit","Thu Oct 08 10:14:49 UTC 2026","passed","Thu Oct 08 10:14:57 UTC 2026","Application Navigation Smoke Tests > Settings Sub-navigation","specs\Smoke\2-NavigationSmoke.spec.ts","",""
"","4395","Validate forgot password functionality with No email","chromium","Thu Oct 08 10:26:47 UTC 2026","passed","Thu Oct 08 10:26:51 UTC 2026","Login — Smoke > Forgot Password","specs\Smoke\1-LoginSmoke.spec.ts","",""
"","11853","Saved Filters dropdown is visible and defaults to no preset","msedge","Thu Oct 08 10:16:51 UTC 2026","passed","Thu Oct 08 10:17:03 UTC 2026","Presented Checks — Smoke > Saved Filters","specs\Smoke\5-PresentedChecksSmoke.spec.ts","",""
"","4043","Roles/Permissions sub-page loads correctly","msedge","Thu Oct 08 10:13:06 UTC 2026","passed","Thu Oct 08 10:13:10 UTC 2026","Application Navigation Smoke Tests > Settings Sub-navigation","specs\Smoke\2-NavigationSmoke.spec.ts","",""
"","13165","Validate Login functionality with xssInUsername","firefox","Thu Oct 08 10:13:49 UTC 2026","passed","Thu Oct 08 10:14:02 UTC 2026","Login — Smoke > Login","specs\Smoke\1-LoginSmoke.spec.ts","",""
"","23121","Pay/Return decision badge navigates to exception history","firefox","Thu Oct 08 10:27:24 UTC 2026","passed","Thu Oct 08 10:27:48 UTC 2026","ACH — Smoke > Row Actions","specs\Smoke\7-ACHSmoke.spec.ts","",""
"","14707","Exceptions page loads correctly","firefox","Thu Oct 08 10:13:20 UTC 2026","passed","Thu Oct 08 10:13:35 UTC 2026","Application Navigation Smoke Tests > Top-level Navigation","specs\Smoke\2-NavigationSmoke.spec.ts","",""
"","10756","Notification Log sub-page loads correctly","firefox","Thu Oct 08 10:16:58 UTC 2026","passed","Thu Oct 08 10:17:09 UTC 2026","Application Navigation Smoke Tests > Settings Sub-navigation","specs\Smoke\2-NavigationSmoke.spec.ts","",""
