"DESCRIPTION","DURATION IN MS","NAME","PARENT SUITE","START TIME","STATUS","STOP TIME","SUB SUITE","SUITE","TEST CLASS","TEST METHOD"
"","9497","Clicking a column header sorts ascending, clicking again sorts descending","msedge","Mon Aug 24 18:21:31 UTC 2026","passed","Mon Aug 24 18:21:40 UTC 2026","ACH — Smoke","specs\Smoke\7-ACHSmoke.spec.ts","",""
"","7629","Verify navigation to Exceptions via nav menu","msedge","Mon Aug 24 18:16:06 UTC 2026","passed","Mon Aug 24 18:16:13 UTC 2026","Home Dashboard","specs\Smoke\3-HomeDashboardSmoke.spec.ts","",""
"","10256","Search box filters grid and clears correctly","chromium","Mon Aug 24 18:21:32 UTC 2026","passed","Mon Aug 24 18:21:42 UTC 2026","ACH — Smoke","specs\Smoke\7-ACHSmoke.spec.ts","",""
"","9249","Validate forgot password functionality","webkit","Mon Aug 24 18:14:20 UTC 2026","passed","Mon Aug 24 18:14:29 UTC 2026","","specs\Smoke\1-LoginSmoke.spec.ts","",""
"","3682","Validate Login functionality with emptyFields","msedge","Mon Aug 24 18:13:02 UTC 2026","passed","Mon Aug 24 18:13:06 UTC 2026","","specs\Smoke\1-LoginSmoke.spec.ts","",""
"","13033","Notification Log sub-page loads correctly","firefox","Mon Aug 24 18:34:13 UTC 2026","passed","Mon Aug 24 18:34:26 UTC 2026","Application Navigation Smoke Tests","specs\Smoke\2-NavigationSmoke.spec.ts","",""
"","13033","Saved Filters dropdown is visible and defaults to no preset","firefox","Mon Aug 24 18:38:14 UTC 2026","passed","Mon Aug 24 18:38:27 UTC 2026","Presented Checks — Smoke","specs\Smoke\5-PresentedChecksSmoke.spec.ts","",""
"","25182","File Formats sub-page loads correctly","webkit","Mon Aug 24 18:16:42 UTC 2026","passed","Mon Aug 24 18:17:07 UTC 2026","Application Navigation Smoke Tests","specs\Smoke\2-NavigationSmoke.spec.ts","",""
"","9674","Navigation tabs to Pre-Decisions, Approvals, and Exception History are visible","webkit","Mon Aug 24 18:32:53 UTC 2026","passed","Mon Aug 24 18:33:03 UTC 2026","Exceptions — Smoke (Continued)","specs\Smoke\8-ExceptionsSmoke.spec.ts","",""
"","15118","ACH breadcrumb link is visible on the page","firefox","Mon Aug 24 18:44:58 UTC 2026","passed","Mon Aug 24 18:45:13 UTC 2026","ACH — Smoke","specs\Smoke\7-ACHSmoke.spec.ts","",""
"","9268","Clicking a column header sorts ascending, clicking again sorts descending","msedge","Mon Aug 24 18:17:54 UTC 2026","passed","Mon Aug 24 18:18:04 UTC 2026","Issued Checks — Smoke (Continued)","specs\Smoke\4-IssuedChecksSmoke.spec.ts","",""
"","11193","Navigation tabs to Pre-Decisions, Approvals, and Exception History are visible","firefox","Mon Aug 24 18:45:06 UTC 2026","passed","Mon Aug 24 18:45:17 UTC 2026","Exceptions — Smoke (Continued)","specs\Smoke\8-ExceptionsSmoke.spec.ts","",""
"","15407","Verify navigation to ACH via nav menu","firefox","Mon Aug 24 18:34:18 UTC 2026","passed","Mon Aug 24 18:34:34 UTC 2026","Home Dashboard","specs\Smoke\3-HomeDashboardSmoke.spec.ts","",""
"","17107","Save a filter preset, verify it is auto-selected, then delete it","chromium","Mon Aug 24 18:23:05 UTC 2026","passed","Mon Aug 24 18:23:22 UTC 2026","Exceptions — Smoke (Continued)","specs\Smoke\8-ExceptionsSmoke.spec.ts","",""
"","9100","Saved Filters dropdown is visible and defaults to no preset","msedge","Mon Aug 24 18:20:55 UTC 2026","passed","Mon Aug 24 18:21:04 UTC 2026","ACH — Smoke","specs\Smoke\7-ACHSmoke.spec.ts","",""
"","19191","Verify dashboard tab checked state updates correctly","webkit","Mon Aug 24 18:17:17 UTC 2026","passed","Mon Aug 24 18:17:36 UTC 2026","Home Dashboard","specs\Smoke\3-HomeDashboardSmoke.spec.ts","",""
"","18308","Clicking a column header sorts ascending, clicking again sorts descending","webkit","Mon Aug 24 18:24:53 UTC 2026","passed","Mon Aug 24 18:25:11 UTC 2026","Presented Checks — Smoke (Continued)","specs\Smoke\5-PresentedChecksSmoke.spec.ts","",""
"","14819","""Delete"" on a row shows a confirm modal; Cancel dismisses it without deleting","firefox","Mon Aug 24 18:39:22 UTC 2026","passed","Mon Aug 24 18:39:36 UTC 2026","Issued Checks — Smoke (Continued)","specs\Smoke\4-IssuedChecksSmoke.spec.ts","",""
"","15494","Typing a page number navigates to that page","firefox","Mon Aug 24 18:42:05 UTC 2026","passed","Mon Aug 24 18:42:20 UTC 2026","ACH — Smoke","specs\Smoke\7-ACHSmoke.spec.ts","",""
"","18270","""View"" (Change Log) link on a row navigates to the entity log","webkit","Mon Aug 24 18:30:47 UTC 2026","passed","Mon Aug 24 18:31:06 UTC 2026","ACH — Smoke","specs\Smoke\7-ACHSmoke.spec.ts","",""
"","13999","Saved Filters dropdown is visible and defaults to no preset","chromium","Mon Aug 24 18:19:00 UTC 2026","passed","Mon Aug 24 18:19:14 UTC 2026","Presented Checks — Smoke","specs\Smoke\5-PresentedChecksSmoke.spec.ts","",""
"","4992","Validate Login functionality with incorrectPassword","msedge","Mon Aug 24 18:12:46 UTC 2026","passed","Mon Aug 24 18:12:51 UTC 2026","","specs\Smoke\1-LoginSmoke.spec.ts","",""
"","8051","ACH Approval Rules sub-page loads correctly","chromium","Mon Aug 24 18:15:54 UTC 2026","passed","Mon Aug 24 18:16:02 UTC 2026","Application Navigation Smoke Tests","specs\Smoke\2-NavigationSmoke.spec.ts","",""
"","18459","Clicking a column header sorts ascending, clicking again sorts descending","webkit","Mon Aug 24 18:30:05 UTC 2026","passed","Mon Aug 24 18:30:23 UTC 2026","ACH — Smoke","specs\Smoke\7-ACHSmoke.spec.ts","",""
"","16685","Search box filters grid and clears correctly","firefox","Mon Aug 24 18:36:31 UTC 2026","passed","Mon Aug 24 18:36:48 UTC 2026","Presented Checks — Smoke","specs\Smoke\5-PresentedChecksSmoke.spec.ts","",""
"","17867","Page size change to 10 updates pagination info in bottom-right pager","webkit","Mon Aug 24 18:22:17 UTC 2026","passed","Mon Aug 24 18:22:35 UTC 2026","Presented Checks — Smoke","specs\Smoke\5-PresentedChecksSmoke.spec.ts","",""
"","5162","Validate Login functionality with incorrectPassword","chromium","Mon Aug 24 18:12:48 UTC 2026","passed","Mon Aug 24 18:12:53 UTC 2026","","specs\Smoke\1-LoginSmoke.spec.ts","",""
"","12082","""View"" (Change Log) link on a row navigates to the entity log","firefox","Mon Aug 24 18:39:10 UTC 2026","passed","Mon Aug 24 18:39:22 UTC 2026","Issued Checks — Smoke (Continued)","specs\Smoke\4-IssuedChecksSmoke.spec.ts","",""
"","23382","Previous page button returns to page 1, First page button re-enables disabled state","webkit","Mon Aug 24 18:23:28 UTC 2026","passed","Mon Aug 24 18:23:51 UTC 2026","Presented Checks — Smoke","specs\Smoke\5-PresentedChecksSmoke.spec.ts","",""
"","6923","Verify dashboard footer footnote and privacy link are visible","msedge","Mon Aug 24 18:15:20 UTC 2026","passed","Mon Aug 24 18:15:27 UTC 2026","Home Dashboard","specs\Smoke\3-HomeDashboardSmoke.spec.ts","",""
"","8665","Validate Login functionality with xssInUsername","webkit","Mon Aug 24 18:14:02 UTC 2026","passed","Mon Aug 24 18:14:11 UTC 2026","","specs\Smoke\1-LoginSmoke.spec.ts","",""
"","14553","Exception History grid loads with data rows and key column headers","firefox","Mon Aug 24 18:40:50 UTC 2026","passed","Mon Aug 24 18:41:04 UTC 2026","Exceptions — Smoke","specs\Smoke\8-ExceptionsSmoke.spec.ts","",""
"","12722","Column filter popup applies a filter and Clear restores the full row set","chromium","Mon Aug 24 18:23:48 UTC 2026","passed","Mon Aug 24 18:24:01 UTC 2026","ACH — Smoke","specs\Smoke\7-ACHSmoke.spec.ts","",""
"","8429","Verify profile menu shows My Info and Logout links","chromium","Mon Aug 24 18:16:22 UTC 2026","passed","Mon Aug 24 18:16:30 UTC 2026","Home Dashboard","specs\Smoke\3-HomeDashboardSmoke.spec.ts","",""
"","11364","Typing a page number navigates to that page","chromium","Mon Aug 24 18:18:38 UTC 2026","passed","Mon Aug 24 18:18:49 UTC 2026","Presented Checks — Smoke","specs\Smoke\5-PresentedChecksSmoke.spec.ts","",""
"","8014","Branding sub-page loads correctly","msedge","Mon Aug 24 18:13:44 UTC 2026","passed","Mon Aug 24 18:13:52 UTC 2026","Application Navigation Smoke Tests","specs\Smoke\2-NavigationSmoke.spec.ts","",""
"","4446","Validate unauthenticated access to protected route is redirected to login","firefox","Mon Aug 24 18:30:33 UTC 2026","passed","Mon Aug 24 18:30:38 UTC 2026","","specs\Smoke\1-LoginSmoke.spec.ts","",""
"","7736","Verify navigation to Presented Checks via nav menu","msedge","Mon Aug 24 18:15:51 UTC 2026","passed","Mon Aug 24 18:15:58 UTC 2026","Home Dashboard","specs\Smoke\3-HomeDashboardSmoke.spec.ts","",""
"","13927","Issued Checks breadcrumb link is visible on the page","firefox","Mon Aug 24 18:39:36 UTC 2026","passed","Mon Aug 24 18:39:50 UTC 2026","Issued Checks — Smoke (Continued)","specs\Smoke\4-IssuedChecksSmoke.spec.ts","",""
"","9715","""Delete"" on a row shows a confirm modal; Cancel dismisses it without deleting","chromium","Mon Aug 24 18:20:43 UTC 2026","passed","Mon Aug 24 18:20:52 UTC 2026","Presented Checks — Smoke (Continued)","specs\Smoke\5-PresentedChecksSmoke.spec.ts","",""
"","7684","""+ Add Check"" navigates to the add-check form","msedge","Mon Aug 24 18:15:51 UTC 2026","passed","Mon Aug 24 18:15:59 UTC 2026","Issued Checks — Smoke","specs\Smoke\4-IssuedChecksSmoke.spec.ts","",""
"","13376","Verify navigation to Settings via nav menu","webkit","Mon Aug 24 18:20:36 UTC 2026","passed","Mon Aug 24 18:20:50 UTC 2026","Home Dashboard","specs\Smoke\3-HomeDashboardSmoke.spec.ts","",""
"","7326","Verify summary KPI values have expected number formats","msedge","Mon Aug 24 18:15:05 UTC 2026","passed","Mon Aug 24 18:15:12 UTC 2026","Home Dashboard","specs\Smoke\3-HomeDashboardSmoke.spec.ts","",""
"","10151","Grid View toggle navigates to the open-exceptions grid and shows key column headers","webkit","Mon Aug 24 18:33:12 UTC 2026","passed","Mon Aug 24 18:33:22 UTC 2026","Exceptions — Smoke (Continued)","specs\Smoke\8-ExceptionsSmoke.spec.ts","",""
"","13645","Notification Log sub-page loads correctly","webkit","Mon Aug 24 18:18:22 UTC 2026","passed","Mon Aug 24 18:18:36 UTC 2026","Application Navigation Smoke Tests","specs\Smoke\2-NavigationSmoke.spec.ts","",""
"","10445","Clicking a column header sorts ascending, clicking again sorts descending","chromium","Mon Aug 24 18:19:45 UTC 2026","passed","Mon Aug 24 18:19:55 UTC 2026","Issued Checks — Smoke (Continued)","specs\Smoke\4-IssuedChecksSmoke.spec.ts","",""
"","6680","Verify navigation to Presented Checks via nav menu","chromium","Mon Aug 24 18:16:46 UTC 2026","passed","Mon Aug 24 18:16:53 UTC 2026","Home Dashboard","specs\Smoke\3-HomeDashboardSmoke.spec.ts","",""
"","8616","Validate Login functionality with sqlInjection","chromium","Mon Aug 24 18:13:30 UTC 2026","passed","Mon Aug 24 18:13:38 UTC 2026","","specs\Smoke\1-LoginSmoke.spec.ts","",""
"","14096","Validate session persists after page refresh","firefox","Mon Aug 24 18:30:19 UTC 2026","passed","Mon Aug 24 18:30:33 UTC 2026","","specs\Smoke\1-LoginSmoke.spec.ts","",""
"","9952","Typing a page number navigates to that page","chromium","Mon Aug 24 18:18:28 UTC 2026","passed","Mon Aug 24 18:18:38 UTC 2026","Issued Checks — Smoke","specs\Smoke\4-IssuedChecksSmoke.spec.ts","",""
"","5691","Exceptions breadcrumb link is visible on the page","msedge","Mon Aug 24 18:22:38 UTC 2026","passed","Mon Aug 24 18:22:43 UTC 2026","Exceptions — Smoke (Continued)","specs\Smoke\8-ExceptionsSmoke.spec.ts","",""
"","15835","Grid loads with data rows and key column headers","firefox","Mon Aug 24 18:40:04 UTC 2026","passed","Mon Aug 24 18:40:20 UTC 2026","ACH — Smoke","specs\Smoke\7-ACHSmoke.spec.ts","",""
"","16668","Next page arrow advances to page 2","webkit","Mon Aug 24 18:22:35 UTC 2026","passed","Mon Aug 24 18:22:52 UTC 2026","Presented Checks — Smoke","specs\Smoke\5-PresentedChecksSmoke.spec.ts","",""
"","18438","Search box filters grid and clears correctly","firefox","Mon Aug 24 18:35:39 UTC 2026","passed","Mon Aug 24 18:35:58 UTC 2026","Issued Checks — Smoke","specs\Smoke\4-IssuedChecksSmoke.spec.ts","",""
"","7415","Verify Combined View shows all chart sections","msedge","Mon Aug 24 18:14:10 UTC 2026","passed","Mon Aug 24 18:14:18 UTC 2026","Home Dashboard","specs\Smoke\3-HomeDashboardSmoke.spec.ts","",""
"","10745","""View"" (Change Log) link on a row navigates to the entity log","chromium","Mon Aug 24 18:24:01 UTC 2026","passed","Mon Aug 24 18:24:11 UTC 2026","ACH — Smoke","specs\Smoke\7-ACHSmoke.spec.ts","",""
"","19007","Grid loads with data rows and key column headers","webkit","Mon Aug 24 18:25:59 UTC 2026","passed","Mon Aug 24 18:26:18 UTC 2026","ACH — Smoke","specs\Smoke\7-ACHSmoke.spec.ts","",""
"","16536","Saved Filters dropdown is visible and defaults to no preset","webkit","Mon Aug 24 18:29:05 UTC 2026","passed","Mon Aug 24 18:29:22 UTC 2026","ACH — Smoke","specs\Smoke\7-ACHSmoke.spec.ts","",""
"","14107","Default Decision Log sub-page loads correctly","webkit","Mon Aug 24 18:18:36 UTC 2026","passed","Mon Aug 24 18:18:50 UTC 2026","Application Navigation Smoke Tests","specs\Smoke\2-NavigationSmoke.spec.ts","",""
"","8538","""View"" (Change Log) link on a row navigates to the entity log","msedge","Mon Aug 24 18:21:55 UTC 2026","passed","Mon Aug 24 18:22:04 UTC 2026","ACH — Smoke","specs\Smoke\7-ACHSmoke.spec.ts","",""
"","9223","Verify Home dashboard is restored after returning from another page","msedge","Mon Aug 24 18:15:34 UTC 2026","passed","Mon Aug 24 18:15:43 UTC 2026","Home Dashboard","specs\Smoke\3-HomeDashboardSmoke.spec.ts","",""
"","10082","Last page arrow jumps to the final page","chromium","Mon Aug 24 18:18:18 UTC 2026","passed","Mon Aug 24 18:18:28 UTC 2026","Issued Checks — Smoke","specs\Smoke\4-IssuedChecksSmoke.spec.ts","",""
"","10239","Account Settings sub-page loads correctly","chromium","Mon Aug 24 18:13:39 UTC 2026","passed","Mon Aug 24 18:13:49 UTC 2026","Application Navigation Smoke Tests","specs\Smoke\2-NavigationSmoke.spec.ts","",""
"","17725","Verify chart title changes with selected tab","webkit","Mon Aug 24 18:17:36 UTC 2026","passed","Mon Aug 24 18:17:54 UTC 2026","Home Dashboard","specs\Smoke\3-HomeDashboardSmoke.spec.ts","",""
"","11509","Issued Checks breadcrumb link is visible on the page","msedge","Mon Aug 24 18:18:57 UTC 2026","passed","Mon Aug 24 18:19:08 UTC 2026","Issued Checks — Smoke (Continued)","specs\Smoke\4-IssuedChecksSmoke.spec.ts","",""
"","15911","API link is visible and points to swagger","webkit","Mon Aug 24 18:19:20 UTC 2026","passed","Mon Aug 24 18:19:36 UTC 2026","Application Navigation Smoke Tests","specs\Smoke\2-NavigationSmoke.spec.ts","",""
"","14260","""+ Add ACH"" navigates to the add-ACH form","firefox","Mon Aug 24 18:40:20 UTC 2026","passed","Mon Aug 24 18:40:34 UTC 2026","ACH — Smoke","specs\Smoke\7-ACHSmoke.spec.ts","",""
"","6406","Verify Total Exceptions and Total Exception Amount labels are visible","msedge","Mon Aug 24 18:14:58 UTC 2026","passed","Mon Aug 24 18:15:05 UTC 2026","Home Dashboard","specs\Smoke\3-HomeDashboardSmoke.spec.ts","",""
"","9654","Page size change to 10 updates pagination info in bottom-right pager","chromium","Mon Aug 24 18:17:58 UTC 2026","passed","Mon Aug 24 18:18:08 UTC 2026","Issued Checks — Smoke","specs\Smoke\4-IssuedChecksSmoke.spec.ts","",""
"","12850","Holiday Schedules sub-page loads correctly","chromium","Mon Aug 24 18:14:56 UTC 2026","passed","Mon Aug 24 18:15:09 UTC 2026","Application Navigation Smoke Tests","specs\Smoke\2-NavigationSmoke.spec.ts","",""
"","11908","Users sub-page loads correctly","chromium","Mon Aug 24 18:13:59 UTC 2026","passed","Mon Aug 24 18:14:11 UTC 2026","Application Navigation Smoke Tests","specs\Smoke\2-NavigationSmoke.spec.ts","",""
"","11164","Teller page loads correctly","firefox","Mon Aug 24 18:29:23 UTC 2026","passed","Mon Aug 24 18:29:34 UTC 2026","Application Navigation Smoke Tests","specs\Smoke\2-NavigationSmoke.spec.ts","",""
"","6628","Validate forgot password with unregistered email","chromium","Mon Aug 24 18:14:05 UTC 2026","passed","Mon Aug 24 18:14:11 UTC 2026","","specs\Smoke\1-LoginSmoke.spec.ts","",""
"","12249","Validate Login functionality with caseSensitiveEmail","webkit","Mon Aug 24 18:12:46 UTC 2026","passed","Mon Aug 24 18:12:58 UTC 2026","","specs\Smoke\1-LoginSmoke.spec.ts","",""
"","18123","Save a filter preset, verify it is auto-selected, then delete it","firefox","Mon Aug 24 18:38:01 UTC 2026","passed","Mon Aug 24 18:38:19 UTC 2026","Issued Checks — Smoke (Continued)","specs\Smoke\4-IssuedChecksSmoke.spec.ts","",""
"","10432","Saved Filters dropdown is visible and defaults to no preset","chromium","Mon Aug 24 18:22:46 UTC 2026","passed","Mon Aug 24 18:22:56 UTC 2026","ACH — Smoke","specs\Smoke\7-ACHSmoke.spec.ts","",""
"","10701","""Edit"" link on a row navigates to the check edit form","chromium","Mon Aug 24 18:20:22 UTC 2026","passed","Mon Aug 24 18:20:33 UTC 2026","Presented Checks — Smoke (Continued)","specs\Smoke\5-PresentedChecksSmoke.spec.ts","",""
"","10502","Exception History grid loads with data rows and key column headers","chromium","Mon Aug 24 18:21:12 UTC 2026","passed","Mon Aug 24 18:21:22 UTC 2026","Exceptions — Smoke","specs\Smoke\8-ExceptionsSmoke.spec.ts","",""
"","7111","Verify navigation to ACH via nav menu","msedge","Mon Aug 24 18:15:58 UTC 2026","passed","Mon Aug 24 18:16:06 UTC 2026","Home Dashboard","specs\Smoke\3-HomeDashboardSmoke.spec.ts","",""
"","10253","Verify dashboard loads after successful login","firefox","Mon Aug 24 18:30:38 UTC 2026","passed","Mon Aug 24 18:30:48 UTC 2026","Home Dashboard","specs\Smoke\3-HomeDashboardSmoke.spec.ts","",""
"","14158","Exceptions page loads correctly","firefox","Mon Aug 24 18:29:45 UTC 2026","passed","Mon Aug 24 18:30:00 UTC 2026","Application Navigation Smoke Tests","specs\Smoke\2-NavigationSmoke.spec.ts","",""
"","14322","Last page arrow jumps to the final page","firefox","Mon Aug 24 18:36:48 UTC 2026","passed","Mon Aug 24 18:37:02 UTC 2026","Issued Checks — Smoke","specs\Smoke\4-IssuedChecksSmoke.spec.ts","",""
"","18210","Save a filter preset, verify it is auto-selected, then delete it","chromium","Mon Aug 24 18:19:26 UTC 2026","passed","Mon Aug 24 18:19:45 UTC 2026","Issued Checks — Smoke (Continued)","specs\Smoke\4-IssuedChecksSmoke.spec.ts","",""
"","23890","Previous page button returns to page 1, First page button re-enables disabled state","webkit","Mon Aug 24 18:22:24 UTC 2026","passed","Mon Aug 24 18:22:48 UTC 2026","Issued Checks — Smoke","specs\Smoke\4-IssuedChecksSmoke.spec.ts","",""
"","8896","Verify Total Exceptions and Total Exception Amount labels are visible","chromium","Mon Aug 24 18:15:43 UTC 2026","passed","Mon Aug 24 18:15:52 UTC 2026","Home Dashboard","specs\Smoke\3-HomeDashboardSmoke.spec.ts","",""
"","11256","""Edit"" link on a row navigates to the check edit form","msedge","Mon Aug 24 18:18:18 UTC 2026","passed","Mon Aug 24 18:18:29 UTC 2026","Issued Checks — Smoke (Continued)","specs\Smoke\4-IssuedChecksSmoke.spec.ts","",""
"","17566","Previous page button returns to page 1, First page button re-enables disabled state","msedge","Mon Aug 24 18:18:03 UTC 2026","passed","Mon Aug 24 18:18:20 UTC 2026","Presented Checks — Smoke","specs\Smoke\5-PresentedChecksSmoke.spec.ts","",""
"","9876","Verify tab-specific charts are hidden for opposite tab","chromium","Mon Aug 24 18:15:33 UTC 2026","passed","Mon Aug 24 18:15:43 UTC 2026","Home Dashboard","specs\Smoke\3-HomeDashboardSmoke.spec.ts","",""
"","7067","Notification Templates sub-page loads correctly","msedge","Mon Aug 24 18:14:19 UTC 2026","passed","Mon Aug 24 18:14:26 UTC 2026","Application Navigation Smoke Tests","specs\Smoke\2-NavigationSmoke.spec.ts","",""
"","14266","""+ Add Check"" navigates to the add-check form","firefox","Mon Aug 24 18:35:10 UTC 2026","passed","Mon Aug 24 18:35:25 UTC 2026","Issued Checks — Smoke","specs\Smoke\4-IssuedChecksSmoke.spec.ts","",""
"","23484","Column filter popup applies a filter and Clear restores the full row set","webkit","Mon Aug 24 18:24:08 UTC 2026","passed","Mon Aug 24 18:24:31 UTC 2026","Issued Checks — Smoke (Continued)","specs\Smoke\4-IssuedChecksSmoke.spec.ts","",""
"","10982","Open Exceptions page loads with either exception cards or the empty-state message","chromium","Mon Aug 24 18:24:28 UTC 2026","passed","Mon Aug 24 18:24:39 UTC 2026","Exceptions — Smoke (Continued)","specs\Smoke\8-ExceptionsSmoke.spec.ts","",""
"","14329","Excel export button is visible and enabled","firefox","Mon Aug 24 18:36:48 UTC 2026","passed","Mon Aug 24 18:37:02 UTC 2026","Presented Checks — Smoke","specs\Smoke\5-PresentedChecksSmoke.spec.ts","",""
"","15667","""View"" (Change Log) link on a row navigates to the entity log","webkit","Mon Aug 24 18:25:51 UTC 2026","passed","Mon Aug 24 18:26:07 UTC 2026","Presented Checks — Smoke (Continued)","specs\Smoke\5-PresentedChecksSmoke.spec.ts","",""
"","11919","Settings page loads correctly","firefox","Mon Aug 24 18:30:00 UTC 2026","passed","Mon Aug 24 18:30:12 UTC 2026","Application Navigation Smoke Tests","specs\Smoke\2-NavigationSmoke.spec.ts","",""
"","12752","Notification Templates sub-page loads correctly","firefox","Mon Aug 24 18:33:15 UTC 2026","passed","Mon Aug 24 18:33:28 UTC 2026","Application Navigation Smoke Tests","specs\Smoke\2-NavigationSmoke.spec.ts","",""
"","9824","Verify dashboard footer footnote and privacy link are visible","firefox","Mon Aug 24 18:33:14 UTC 2026","passed","Mon Aug 24 18:33:24 UTC 2026","Home Dashboard","specs\Smoke\3-HomeDashboardSmoke.spec.ts","",""
"","9328","Settings page loads correctly","chromium","Mon Aug 24 18:13:29 UTC 2026","passed","Mon Aug 24 18:13:39 UTC 2026","Application Navigation Smoke Tests","specs\Smoke\2-NavigationSmoke.spec.ts","",""
"","15173","Verify profile menu shows My Info and Logout links","webkit","Mon Aug 24 18:19:04 UTC 2026","passed","Mon Aug 24 18:19:19 UTC 2026","Home Dashboard","specs\Smoke\3-HomeDashboardSmoke.spec.ts","",""
"","18228","""View"" link on a row opens the Exception Details dialog","firefox","Mon Aug 24 18:44:16 UTC 2026","passed","Mon Aug 24 18:44:34 UTC 2026","Exceptions — Smoke (Continued)","specs\Smoke\8-ExceptionsSmoke.spec.ts","",""
"","29025","Decision Files sub-page loads correctly","webkit","Mon Aug 24 18:15:43 UTC 2026","passed","Mon Aug 24 18:16:12 UTC 2026","Application Navigation Smoke Tests","specs\Smoke\2-NavigationSmoke.spec.ts","",""
"","18341","Grid loads with data rows and key column headers","firefox","Mon Aug 24 18:35:40 UTC 2026","passed","Mon Aug 24 18:35:58 UTC 2026","Presented Checks — Smoke","specs\Smoke\5-PresentedChecksSmoke.spec.ts","",""
"","14686","Save a filter preset, verify it is auto-selected, then delete it","msedge","Mon Aug 24 18:21:16 UTC 2026","passed","Mon Aug 24 18:21:31 UTC 2026","ACH — Smoke","specs\Smoke\7-ACHSmoke.spec.ts","",""
"","8844","""Edit"" link on a row navigates to the check edit form","msedge","Mon Aug 24 18:19:21 UTC 2026","passed","Mon Aug 24 18:19:30 UTC 2026","Presented Checks — Smoke (Continued)","specs\Smoke\5-PresentedChecksSmoke.spec.ts","",""
"","6392","Validate Login functionality with caseSensitiveEmail","msedge","Mon Aug 24 18:12:40 UTC 2026","passed","Mon Aug 24 18:12:46 UTC 2026","","specs\Smoke\1-LoginSmoke.spec.ts","",""
"","17224","""Edit"" link on a row navigates to the check edit form","webkit","Mon Aug 24 18:25:34 UTC 2026","passed","Mon Aug 24 18:25:51 UTC 2026","Presented Checks — Smoke (Continued)","specs\Smoke\5-PresentedChecksSmoke.spec.ts","",""
"","11360","""View"" (Change Log) link on a row navigates to the entity log","msedge","Mon Aug 24 18:18:29 UTC 2026","passed","Mon Aug 24 18:18:41 UTC 2026","Issued Checks — Smoke (Continued)","specs\Smoke\4-IssuedChecksSmoke.spec.ts","",""
"","11248","Account Settings sub-page loads correctly","firefox","Mon Aug 24 18:30:12 UTC 2026","passed","Mon Aug 24 18:30:23 UTC 2026","Application Navigation Smoke Tests","specs\Smoke\2-NavigationSmoke.spec.ts","",""
"","20046","Save a filter preset, verify it is auto-selected, then delete it","firefox","Mon Aug 24 18:43:19 UTC 2026","passed","Mon Aug 24 18:43:39 UTC 2026","Exceptions — Smoke (Continued)","specs\Smoke\8-ExceptionsSmoke.spec.ts","",""
"","15195","File Processing sub-page loads correctly","webkit","Mon Aug 24 18:19:04 UTC 2026","passed","Mon Aug 24 18:19:20 UTC 2026","Application Navigation Smoke Tests","specs\Smoke\2-NavigationSmoke.spec.ts","",""
"","8729","Search box filters grid and clears correctly","msedge","Mon Aug 24 18:16:06 UTC 2026","passed","Mon Aug 24 18:16:15 UTC 2026","Issued Checks — Smoke","specs\Smoke\4-IssuedChecksSmoke.spec.ts","",""
"","9364","Excel export button is visible and enabled","chromium","Mon Aug 24 18:21:33 UTC 2026","passed","Mon Aug 24 18:21:43 UTC 2026","Exceptions — Smoke","specs\Smoke\8-ExceptionsSmoke.spec.ts","",""
"","9115","Automatic ACH Decision Rules sub-page loads correctly","chromium","Mon Aug 24 18:15:45 UTC 2026","passed","Mon Aug 24 18:15:54 UTC 2026","Application Navigation Smoke Tests","specs\Smoke\2-NavigationSmoke.spec.ts","",""
"","9203","Validate Login functionality with veryLongInput","firefox","Mon Aug 24 18:29:49 UTC 2026","passed","Mon Aug 24 18:29:58 UTC 2026","","specs\Smoke\1-LoginSmoke.spec.ts","",""
"","14897","Verify delayed data note and force refresh link are visible on dashboard","webkit","Mon Aug 24 18:18:35 UTC 2026","passed","Mon Aug 24 18:18:50 UTC 2026","Home Dashboard","specs\Smoke\3-HomeDashboardSmoke.spec.ts","",""
"","6321","Verify navigation to Settings via nav menu","msedge","Mon Aug 24 18:16:13 UTC 2026","passed","Mon Aug 24 18:16:20 UTC 2026","Home Dashboard","specs\Smoke\3-HomeDashboardSmoke.spec.ts","",""
"","12713","Saved Filters dropdown is visible and defaults to no preset","firefox","Mon Aug 24 18:37:34 UTC 2026","passed","Mon Aug 24 18:37:47 UTC 2026","Issued Checks — Smoke","specs\Smoke\4-IssuedChecksSmoke.spec.ts","",""
"","16195","Excel export button is visible and enabled","webkit","Mon Aug 24 18:27:10 UTC 2026","passed","Mon Aug 24 18:27:26 UTC 2026","ACH — Smoke","specs\Smoke\7-ACHSmoke.spec.ts","",""
"","15034","Presented Checks breadcrumb link is visible on the page","firefox","Mon Aug 24 18:40:34 UTC 2026","passed","Mon Aug 24 18:40:49 UTC 2026","Presented Checks — Smoke (Continued)","specs\Smoke\5-PresentedChecksSmoke.spec.ts","",""
"","9689","Validate Login functionality with invalidEmailFormat","webkit","Mon Aug 24 18:13:17 UTC 2026","passed","Mon Aug 24 18:13:27 UTC 2026","","specs\Smoke\1-LoginSmoke.spec.ts","",""
"","7677","Validate unauthenticated access to protected route is redirected to login","webkit","Mon Aug 24 18:15:04 UTC 2026","passed","Mon Aug 24 18:15:12 UTC 2026","","specs\Smoke\1-LoginSmoke.spec.ts","",""
"","5931","Business Clients sub-page loads correctly","msedge","Mon Aug 24 18:13:26 UTC 2026","passed","Mon Aug 24 18:13:32 UTC 2026","Application Navigation Smoke Tests","specs\Smoke\2-NavigationSmoke.spec.ts","",""
"","10407","Grid loads with data rows and key column headers","msedge","Mon Aug 24 18:16:20 UTC 2026","passed","Mon Aug 24 18:16:30 UTC 2026","Presented Checks — Smoke","specs\Smoke\5-PresentedChecksSmoke.spec.ts","",""
"","14399","Verify dashboard footer footnote and privacy link are visible","webkit","Mon Aug 24 18:18:50 UTC 2026","passed","Mon Aug 24 18:19:04 UTC 2026","Home Dashboard","specs\Smoke\3-HomeDashboardSmoke.spec.ts","",""
"","5921","Presented Checks page loads correctly","msedge","Mon Aug 24 18:12:47 UTC 2026","passed","Mon Aug 24 18:12:53 UTC 2026","Application Navigation Smoke Tests","specs\Smoke\2-NavigationSmoke.spec.ts","",""
"","16994","Clicking a column header sorts ascending, clicking again sorts descending","firefox","Mon Aug 24 18:39:02 UTC 2026","passed","Mon Aug 24 18:39:19 UTC 2026","Presented Checks — Smoke (Continued)","specs\Smoke\5-PresentedChecksSmoke.spec.ts","",""
"","22532","Column filter popup applies a filter and Clear restores the full row set","firefox","Mon Aug 24 18:38:34 UTC 2026","passed","Mon Aug 24 18:38:56 UTC 2026","Issued Checks — Smoke (Continued)","specs\Smoke\4-IssuedChecksSmoke.spec.ts","",""
"","15874","""+ Add Check"" navigates to the add-check form","webkit","Mon Aug 24 18:20:10 UTC 2026","passed","Mon Aug 24 18:20:26 UTC 2026","Issued Checks — Smoke","specs\Smoke\4-IssuedChecksSmoke.spec.ts","",""
"","16975","Home page is accessible and shows dashboard","webkit","Mon Aug 24 18:12:31 UTC 2026","passed","Mon Aug 24 18:12:48 UTC 2026","Application Navigation Smoke Tests","specs\Smoke\2-NavigationSmoke.spec.ts","",""
"","5626","Approvals page loads with either records or the empty-state message","chromium","Mon Aug 24 18:24:47 UTC 2026","passed","Mon Aug 24 18:24:53 UTC 2026","Exceptions — Smoke (Continued)","specs\Smoke\8-ExceptionsSmoke.spec.ts","",""
"","16727","Notification Templates sub-page loads correctly","webkit","Mon Aug 24 18:17:07 UTC 2026","passed","Mon Aug 24 18:17:24 UTC 2026","Application Navigation Smoke Tests","specs\Smoke\2-NavigationSmoke.spec.ts","",""
"","12484","Previous page button returns to page 1, First page button re-enables disabled state","msedge","Mon Aug 24 18:17:00 UTC 2026","passed","Mon Aug 24 18:17:13 UTC 2026","Issued Checks — Smoke","specs\Smoke\4-IssuedChecksSmoke.spec.ts","",""
"","6032","Validate forgot password functionality","firefox","Mon Aug 24 18:29:58 UTC 2026","passed","Mon Aug 24 18:30:04 UTC 2026","","specs\Smoke\1-LoginSmoke.spec.ts","",""
"","6561","Verify profile menu shows My Info and Logout links","msedge","Mon Aug 24 18:15:27 UTC 2026","passed","Mon Aug 24 18:15:34 UTC 2026","Home Dashboard","specs\Smoke\3-HomeDashboardSmoke.spec.ts","",""
"","17523","Save a filter preset, verify it is auto-selected, then delete it","msedge","Mon Aug 24 18:18:41 UTC 2026","passed","Mon Aug 24 18:18:59 UTC 2026","Presented Checks — Smoke (Continued)","specs\Smoke\5-PresentedChecksSmoke.spec.ts","",""
"","14076","Check Approval Rules sub-page loads correctly","webkit","Mon Aug 24 18:17:40 UTC 2026","passed","Mon Aug 24 18:17:54 UTC 2026","Application Navigation Smoke Tests","specs\Smoke\2-NavigationSmoke.spec.ts","",""
"","5604","Validate Login functionality with incorrectPassword","firefox","Mon Aug 24 18:29:05 UTC 2026","passed","Mon Aug 24 18:29:10 UTC 2026","","specs\Smoke\1-LoginSmoke.spec.ts","",""
"","9492","""Uploaded ACH"" navigates to the uploads page","chromium","Mon Aug 24 18:21:23 UTC 2026","passed","Mon Aug 24 18:21:32 UTC 2026","ACH — Smoke","specs\Smoke\7-ACHSmoke.spec.ts","",""
"","10863","Automatic ACH Decision Rules sub-page loads correctly","firefox","Mon Aug 24 18:33:51 UTC 2026","passed","Mon Aug 24 18:34:02 UTC 2026","Application Navigation Smoke Tests","specs\Smoke\2-NavigationSmoke.spec.ts","",""
"","15066","Next page arrow advances to page 2","firefox","Mon Aug 24 18:41:34 UTC 2026","passed","Mon Aug 24 18:41:50 UTC 2026","ACH — Smoke","specs\Smoke\7-ACHSmoke.spec.ts","",""
"","9244","Next page arrow advances to page 2","msedge","Mon Aug 24 18:20:18 UTC 2026","passed","Mon Aug 24 18:20:27 UTC 2026","ACH — Smoke","specs\Smoke\7-ACHSmoke.spec.ts","",""
"","10656","Validate Login functionality with missingPassword","webkit","Mon Aug 24 18:13:35 UTC 2026","passed","Mon Aug 24 18:13:46 UTC 2026","","specs\Smoke\1-LoginSmoke.spec.ts","",""
"","9575","Decision badge on an already-reviewed row is blocked with a system message","msedge","Mon Aug 24 18:22:28 UTC 2026","passed","Mon Aug 24 18:22:38 UTC 2026","Exceptions — Smoke (Continued)","specs\Smoke\8-ExceptionsSmoke.spec.ts","",""
"","9873","Default Decision Log sub-page loads correctly","chromium","Mon Aug 24 18:16:13 UTC 2026","passed","Mon Aug 24 18:16:23 UTC 2026","Application Navigation Smoke Tests","specs\Smoke\2-NavigationSmoke.spec.ts","",""
"","17727","Previous page button returns to page 1, First page button re-enables disabled state","firefox","Mon Aug 24 18:42:36 UTC 2026","passed","Mon Aug 24 18:42:54 UTC 2026","Exceptions — Smoke","specs\Smoke\8-ExceptionsSmoke.spec.ts","",""
"","7356","Notification Log sub-page loads correctly","msedge","Mon Aug 24 18:14:59 UTC 2026","passed","Mon Aug 24 18:15:06 UTC 2026","Application Navigation Smoke Tests","specs\Smoke\2-NavigationSmoke.spec.ts","",""
"","14503","File Processing sub-page loads correctly","firefox","Mon Aug 24 18:34:55 UTC 2026","passed","Mon Aug 24 18:35:09 UTC 2026","Application Navigation Smoke Tests","specs\Smoke\2-NavigationSmoke.spec.ts","",""
"","12137","""View"" link on a row opens the Exception Details dialog","chromium","Mon Aug 24 18:23:45 UTC 2026","passed","Mon Aug 24 18:23:57 UTC 2026","Exceptions — Smoke (Continued)","specs\Smoke\8-ExceptionsSmoke.spec.ts","",""
"","10246","Grid loads with data rows and key column headers","chromium","Mon Aug 24 18:17:14 UTC 2026","passed","Mon Aug 24 18:17:25 UTC 2026","Presented Checks — Smoke","specs\Smoke\5-PresentedChecksSmoke.spec.ts","",""
"","7348","Exceptions breadcrumb link is visible on the page","webkit","Mon Aug 24 18:32:46 UTC 2026","passed","Mon Aug 24 18:32:53 UTC 2026","Exceptions — Smoke (Continued)","specs\Smoke\8-ExceptionsSmoke.spec.ts","",""
"","9218","Last page arrow jumps to the final page","chromium","Mon Aug 24 18:22:03 UTC 2026","passed","Mon Aug 24 18:22:12 UTC 2026","Exceptions — Smoke","specs\Smoke\8-ExceptionsSmoke.spec.ts","",""
"","6997","Verify navigation to Settings via nav menu","chromium","Mon Aug 24 18:17:07 UTC 2026","passed","Mon Aug 24 18:17:14 UTC 2026","Home Dashboard","specs\Smoke\3-HomeDashboardSmoke.spec.ts","",""
"","15793","Next page arrow advances to page 2","firefox","Mon Aug 24 18:41:48 UTC 2026","passed","Mon Aug 24 18:42:04 UTC 2026","Exceptions — Smoke","specs\Smoke\8-ExceptionsSmoke.spec.ts","",""
"","9981","Page size change to 10 updates pagination info in bottom-right pager","chromium","Mon Aug 24 18:21:43 UTC 2026","passed","Mon Aug 24 18:21:53 UTC 2026","Exceptions — Smoke","specs\Smoke\8-ExceptionsSmoke.spec.ts","",""
"","19728","Clicking a column header sorts ascending, clicking again sorts descending","webkit","Mon Aug 24 18:30:31 UTC 2026","passed","Mon Aug 24 18:30:51 UTC 2026","Exceptions — Smoke (Continued)","specs\Smoke\8-ExceptionsSmoke.spec.ts","",""
"","9844","Excel export button is visible and enabled","chromium","Mon Aug 24 18:17:49 UTC 2026","passed","Mon Aug 24 18:17:58 UTC 2026","Issued Checks — Smoke","specs\Smoke\4-IssuedChecksSmoke.spec.ts","",""
"","11713","Column filter menu applies a filter and Clear restores the full row set","msedge","Mon Aug 24 18:22:04 UTC 2026","passed","Mon Aug 24 18:22:16 UTC 2026","Exceptions — Smoke (Continued)","specs\Smoke\8-ExceptionsSmoke.spec.ts","",""
"","16914","Last page arrow jumps to the final page","webkit","Mon Aug 24 18:28:33 UTC 2026","passed","Mon Aug 24 18:28:50 UTC 2026","Exceptions — Smoke","specs\Smoke\8-ExceptionsSmoke.spec.ts","",""
"","12207","Previous page button returns to page 1, First page button re-enables disabled state","chromium","Mon Aug 24 18:22:20 UTC 2026","passed","Mon Aug 24 18:22:32 UTC 2026","Exceptions — Smoke","specs\Smoke\8-ExceptionsSmoke.spec.ts","",""
"","26638","Previous page button returns to page 1, First page button re-enables disabled state","webkit","Mon Aug 24 18:28:39 UTC 2026","passed","Mon Aug 24 18:29:05 UTC 2026","ACH — Smoke","specs\Smoke\7-ACHSmoke.spec.ts","",""
"","15591","Pay/Return decision badge navigates to exception history","firefox","Mon Aug 24 18:40:19 UTC 2026","passed","Mon Aug 24 18:40:34 UTC 2026","Presented Checks — Smoke (Continued)","specs\Smoke\5-PresentedChecksSmoke.spec.ts","",""
"","13562","Pay/Return decision badge navigates to exception history","msedge","Mon Aug 24 18:22:15 UTC 2026","passed","Mon Aug 24 18:22:29 UTC 2026","ACH — Smoke","specs\Smoke\7-ACHSmoke.spec.ts","",""
"","17363","Page size change to 10 updates pagination info in bottom-right pager","webkit","Mon Aug 24 18:27:26 UTC 2026","passed","Mon Aug 24 18:27:44 UTC 2026","ACH — Smoke","specs\Smoke\7-ACHSmoke.spec.ts","",""
"","17132","Last page arrow jumps to the final page","webkit","Mon Aug 24 18:28:02 UTC 2026","passed","Mon Aug 24 18:28:19 UTC 2026","ACH — Smoke","specs\Smoke\7-ACHSmoke.spec.ts","",""
"","6281","Verify Combined View shows all chart sections","chromium","Mon Aug 24 18:14:53 UTC 2026","passed","Mon Aug 24 18:14:59 UTC 2026","Home Dashboard","specs\Smoke\3-HomeDashboardSmoke.spec.ts","",""
"","18248","""Uploaded Checks"" navigates to the uploads page","webkit","Mon Aug 24 18:21:25 UTC 2026","passed","Mon Aug 24 18:21:43 UTC 2026","Presented Checks — Smoke","specs\Smoke\5-PresentedChecksSmoke.spec.ts","",""
"","13890","Search box filters grid and clears correctly","chromium","Mon Aug 24 18:17:35 UTC 2026","passed","Mon Aug 24 18:17:48 UTC 2026","Issued Checks — Smoke","specs\Smoke\4-IssuedChecksSmoke.spec.ts","",""
"","13857","Saved Filters dropdown is visible and defaults to no preset","firefox","Mon Aug 24 18:42:38 UTC 2026","passed","Mon Aug 24 18:42:52 UTC 2026","ACH — Smoke","specs\Smoke\7-ACHSmoke.spec.ts","",""
"","7607","Validate forgot password with unregistered email","firefox","Mon Aug 24 18:30:11 UTC 2026","passed","Mon Aug 24 18:30:19 UTC 2026","","specs\Smoke\1-LoginSmoke.spec.ts","",""
"","10586","Search box filters grid and clears correctly","msedge","Mon Aug 24 18:19:48 UTC 2026","passed","Mon Aug 24 18:19:58 UTC 2026","ACH — Smoke","specs\Smoke\7-ACHSmoke.spec.ts","",""
"","11262","Default filter auto-applies after logout and re-login","msedge","Mon Aug 24 18:18:30 UTC 2026","skipped","Mon Aug 24 18:18:41 UTC 2026","Presented Checks — Default Filter (Serial)","specs\Smoke\5-PresentedChecksSmoke.spec.ts","",""
"","6689","Issued Checks page loads correctly","msedge","Mon Aug 24 18:12:40 UTC 2026","passed","Mon Aug 24 18:12:47 UTC 2026","Application Navigation Smoke Tests","specs\Smoke\2-NavigationSmoke.spec.ts","",""
"","16587","Excel export button is visible and enabled","webkit","Mon Aug 24 18:27:40 UTC 2026","passed","Mon Aug 24 18:27:57 UTC 2026","Exceptions — Smoke","specs\Smoke\8-ExceptionsSmoke.spec.ts","",""
"","17537","Typing a page number navigates to that page","webkit","Mon Aug 24 18:28:50 UTC 2026","passed","Mon Aug 24 18:29:08 UTC 2026","Exceptions — Smoke","specs\Smoke\8-ExceptionsSmoke.spec.ts","",""
"","7468","Validate Login functionality with missingPassword","chromium","Mon Aug 24 18:13:16 UTC 2026","passed","Mon Aug 24 18:13:24 UTC 2026","","specs\Smoke\1-LoginSmoke.spec.ts","",""
"","11184","Decision badge on an already-reviewed row is blocked with a system message","webkit","Mon Aug 24 18:32:34 UTC 2026","passed","Mon Aug 24 18:32:46 UTC 2026","Exceptions — Smoke (Continued)","specs\Smoke\8-ExceptionsSmoke.spec.ts","",""
"","7027","Verify dashboard loads after successful login","msedge","Mon Aug 24 18:13:58 UTC 2026","passed","Mon Aug 24 18:14:05 UTC 2026","Home Dashboard","specs\Smoke\3-HomeDashboardSmoke.spec.ts","",""
"","15474","Excel export button is visible and enabled","webkit","Mon Aug 24 18:22:02 UTC 2026","passed","Mon Aug 24 18:22:17 UTC 2026","Presented Checks — Smoke","specs\Smoke\5-PresentedChecksSmoke.spec.ts","",""
"","16950","""Uploaded ACH"" navigates to the uploads page","webkit","Mon Aug 24 18:26:33 UTC 2026","passed","Mon Aug 24 18:26:50 UTC 2026","ACH — Smoke","specs\Smoke\7-ACHSmoke.spec.ts","",""
"","16088","Saved Filters dropdown is visible and defaults to no preset","webkit","Mon Aug 24 18:23:51 UTC 2026","passed","Mon Aug 24 18:24:08 UTC 2026","Presented Checks — Smoke","specs\Smoke\5-PresentedChecksSmoke.spec.ts","",""
"","15993","Clicking a column header sorts ascending, clicking again sorts descending","firefox","Mon Aug 24 18:43:25 UTC 2026","passed","Mon Aug 24 18:43:41 UTC 2026","ACH — Smoke","specs\Smoke\7-ACHSmoke.spec.ts","",""
"","9439","Search box filters grid and clears correctly","msedge","Mon Aug 24 18:20:09 UTC 2026","passed","Mon Aug 24 18:20:18 UTC 2026","Exceptions — Smoke","specs\Smoke\8-ExceptionsSmoke.spec.ts","",""
"","12572","Column filter popup applies a filter and Clear restores the full row set","msedge","Mon Aug 24 18:19:08 UTC 2026","passed","Mon Aug 24 18:19:21 UTC 2026","Presented Checks — Smoke (Continued)","specs\Smoke\5-PresentedChecksSmoke.spec.ts","",""
"","27583","""View"" link on a row opens the Exception Details dialog","webkit","Mon Aug 24 18:31:14 UTC 2026","passed","Mon Aug 24 18:31:42 UTC 2026","Exceptions — Smoke (Continued)","specs\Smoke\8-ExceptionsSmoke.spec.ts","",""
"","14598","Page size change to 10 updates pagination info in bottom-right pager","firefox","Mon Aug 24 18:37:02 UTC 2026","passed","Mon Aug 24 18:37:17 UTC 2026","Presented Checks — Smoke","specs\Smoke\5-PresentedChecksSmoke.spec.ts","",""
"","25481","Verify all three dashboard view tabs are visible","webkit","Mon Aug 24 18:15:33 UTC 2026","passed","Mon Aug 24 18:15:59 UTC 2026","Home Dashboard","specs\Smoke\3-HomeDashboardSmoke.spec.ts","",""
"","9108","Verify dashboard tab checked state updates correctly","msedge","Mon Aug 24 18:14:33 UTC 2026","passed","Mon Aug 24 18:14:42 UTC 2026","Home Dashboard","specs\Smoke\3-HomeDashboardSmoke.spec.ts","",""
"","24022","Billing Reports sub-page loads correctly","webkit","Mon Aug 24 18:15:19 UTC 2026","passed","Mon Aug 24 18:15:43 UTC 2026","Application Navigation Smoke Tests","specs\Smoke\2-NavigationSmoke.spec.ts","",""
"","7643","Verify ACH Only tab shows ACH-specific chart sections","chromium","Mon Aug 24 18:15:08 UTC 2026","passed","Mon Aug 24 18:15:16 UTC 2026","Home Dashboard","specs\Smoke\3-HomeDashboardSmoke.spec.ts","",""
"","12136","Column filter popup applies a filter and Clear restores the full row set","chromium","Mon Aug 24 18:19:55 UTC 2026","passed","Mon Aug 24 18:20:07 UTC 2026","Issued Checks — Smoke (Continued)","specs\Smoke\4-IssuedChecksSmoke.spec.ts","",""
"","12169","Check Approval Rules sub-page loads correctly","firefox","Mon Aug 24 18:33:39 UTC 2026","passed","Mon Aug 24 18:33:51 UTC 2026","Application Navigation Smoke Tests","specs\Smoke\2-NavigationSmoke.spec.ts","",""
"","10001","Pay/Return decision badge navigates to exception history","chromium","Mon Aug 24 18:20:52 UTC 2026","passed","Mon Aug 24 18:21:02 UTC 2026","Presented Checks — Smoke (Continued)","specs\Smoke\5-PresentedChecksSmoke.spec.ts","",""
"","11944","Presented Checks page loads correctly","firefox","Mon Aug 24 18:29:11 UTC 2026","passed","Mon Aug 24 18:29:23 UTC 2026","Application Navigation Smoke Tests","specs\Smoke\2-NavigationSmoke.spec.ts","",""
"","8772","Validate Login functionality with caseSensitiveEmail","firefox","Mon Aug 24 18:28:56 UTC 2026","passed","Mon Aug 24 18:29:05 UTC 2026","","specs\Smoke\1-LoginSmoke.spec.ts","",""
"","15457","Saved Filters dropdown is visible and defaults to no preset","firefox","Mon Aug 24 18:42:54 UTC 2026","passed","Mon Aug 24 18:43:09 UTC 2026","Exceptions — Smoke","specs\Smoke\8-ExceptionsSmoke.spec.ts","",""
"","12821","Search box filters grid and clears correctly","msedge","Mon Aug 24 18:16:50 UTC 2026","passed","Mon Aug 24 18:17:02 UTC 2026","Presented Checks — Smoke","specs\Smoke\5-PresentedChecksSmoke.spec.ts","",""
"","8377","Typing a page number navigates to that page","chromium","Mon Aug 24 18:22:12 UTC 2026","passed","Mon Aug 24 18:22:20 UTC 2026","Exceptions — Smoke","specs\Smoke\8-ExceptionsSmoke.spec.ts","",""
"","10697","Page size change to 10 updates pagination info in bottom-right pager","firefox","Mon Aug 24 18:41:24 UTC 2026","passed","Mon Aug 24 18:41:34 UTC 2026","ACH — Smoke","specs\Smoke\7-ACHSmoke.spec.ts","",""
"","14567","Typing a page number navigates to that page","firefox","Mon Aug 24 18:37:02 UTC 2026","passed","Mon Aug 24 18:37:17 UTC 2026","Issued Checks — Smoke","specs\Smoke\4-IssuedChecksSmoke.spec.ts","",""
"","5680","Teller page loads correctly","msedge","Mon Aug 24 18:12:53 UTC 2026","passed","Mon Aug 24 18:12:58 UTC 2026","Application Navigation Smoke Tests","specs\Smoke\2-NavigationSmoke.spec.ts","",""
"","12345","Issued Checks page loads correctly","firefox","Mon Aug 24 18:28:58 UTC 2026","passed","Mon Aug 24 18:29:11 UTC 2026","Application Navigation Smoke Tests","specs\Smoke\2-NavigationSmoke.spec.ts","",""
"","8233","Verify ACH Only tab shows ACH-specific chart sections","firefox","Mon Aug 24 18:31:23 UTC 2026","passed","Mon Aug 24 18:31:31 UTC 2026","Home Dashboard","specs\Smoke\3-HomeDashboardSmoke.spec.ts","",""
"","13904","Saved Filters dropdown is visible and defaults to no preset","msedge","Mon Aug 24 18:21:18 UTC 2026","passed","Mon Aug 24 18:21:32 UTC 2026","Exceptions — Smoke","specs\Smoke\8-ExceptionsSmoke.spec.ts","",""
"","6030","Validate forgot password functionality with No email","chromium","Mon Aug 24 18:13:59 UTC 2026","passed","Mon Aug 24 18:14:05 UTC 2026","","specs\Smoke\1-LoginSmoke.spec.ts","",""
"","6518","Approvals page loads with either records or the empty-state message","webkit","Mon Aug 24 18:33:22 UTC 2026","passed","Mon Aug 24 18:33:28 UTC 2026","Exceptions — Smoke (Continued)","specs\Smoke\8-ExceptionsSmoke.spec.ts","",""
"","8554","Branding sub-page loads correctly","firefox","Mon Aug 24 18:32:16 UTC 2026","passed","Mon Aug 24 18:32:25 UTC 2026","Application Navigation Smoke Tests","specs\Smoke\2-NavigationSmoke.spec.ts","",""
"","9216","Validate Login functionality with missingUsername","webkit","Mon Aug 24 18:13:46 UTC 2026","passed","Mon Aug 24 18:13:55 UTC 2026","","specs\Smoke\1-LoginSmoke.spec.ts","",""
"","23890","Previous page button returns to page 1, First page button re-enables disabled state","webkit","Mon Aug 24 18:29:08 UTC 2026","passed","Mon Aug 24 18:29:32 UTC 2026","Exceptions — Smoke","specs\Smoke\8-ExceptionsSmoke.spec.ts","",""
"","8126","ACH Approval Rules sub-page loads correctly","msedge","Mon Aug 24 18:14:51 UTC 2026","passed","Mon Aug 24 18:14:59 UTC 2026","Application Navigation Smoke Tests","specs\Smoke\2-NavigationSmoke.spec.ts","",""
"","16554","Next page arrow advances to page 2","firefox","Mon Aug 24 18:36:31 UTC 2026","passed","Mon Aug 24 18:36:48 UTC 2026","Issued Checks — Smoke","specs\Smoke\4-IssuedChecksSmoke.spec.ts","",""
"","28976","Default filter auto-applies after logout and re-login","chromium","Mon Aug 24 18:19:14 UTC 2026","passed","Mon Aug 24 18:19:43 UTC 2026","Presented Checks — Default Filter (Serial)","specs\Smoke\5-PresentedChecksSmoke.spec.ts","",""
"","9452","""+ Add Check"" navigates to the add-check form","msedge","Mon Aug 24 18:16:30 UTC 2026","passed","Mon Aug 24 18:16:40 UTC 2026","Presented Checks — Smoke","specs\Smoke\5-PresentedChecksSmoke.spec.ts","",""
"","11102","Clicking a column header sorts ascending, clicking again sorts descending","chromium","Mon Aug 24 18:23:37 UTC 2026","passed","Mon Aug 24 18:23:48 UTC 2026","ACH — Smoke","specs\Smoke\7-ACHSmoke.spec.ts","",""
"","11194","Typing a page number navigates to that page","msedge","Mon Aug 24 18:17:52 UTC 2026","passed","Mon Aug 24 18:18:03 UTC 2026","Presented Checks — Smoke","specs\Smoke\5-PresentedChecksSmoke.spec.ts","",""
"","7485","ACH breadcrumb link is visible on the page","chromium","Mon Aug 24 18:24:34 UTC 2026","passed","Mon Aug 24 18:24:42 UTC 2026","ACH — Smoke","specs\Smoke\7-ACHSmoke.spec.ts","",""
"","11287","Typing a page number navigates to that page","msedge","Mon Aug 24 18:16:49 UTC 2026","passed","Mon Aug 24 18:17:00 UTC 2026","Issued Checks — Smoke","specs\Smoke\4-IssuedChecksSmoke.spec.ts","",""
"","9481","Verify chart title changes with selected tab","chromium","Mon Aug 24 18:15:23 UTC 2026","passed","Mon Aug 24 18:15:33 UTC 2026","Home Dashboard","specs\Smoke\3-HomeDashboardSmoke.spec.ts","",""
"","8587","Page size change to 10 updates pagination info in bottom-right pager","msedge","Mon Aug 24 18:20:27 UTC 2026","passed","Mon Aug 24 18:20:35 UTC 2026","Exceptions — Smoke","specs\Smoke\8-ExceptionsSmoke.spec.ts","",""
"","14828","Default filter auto-applies after logout and re-login","webkit","Mon Aug 24 18:24:08 UTC 2026","skipped","Mon Aug 24 18:24:22 UTC 2026","Presented Checks — Default Filter (Serial)","specs\Smoke\5-PresentedChecksSmoke.spec.ts","",""
"","14070","Previous page button returns to page 1, First page button re-enables disabled state","msedge","Mon Aug 24 18:21:04 UTC 2026","passed","Mon Aug 24 18:21:18 UTC 2026","Exceptions — Smoke","specs\Smoke\8-ExceptionsSmoke.spec.ts","",""
"","12160","Grid loads with data rows and key column headers","firefox","Mon Aug 24 18:34:58 UTC 2026","passed","Mon Aug 24 18:35:10 UTC 2026","Issued Checks — Smoke","specs\Smoke\4-IssuedChecksSmoke.spec.ts","",""
"","6101","Exceptions page loads correctly","msedge","Mon Aug 24 18:13:06 UTC 2026","passed","Mon Aug 24 18:13:12 UTC 2026","Application Navigation Smoke Tests","specs\Smoke\2-NavigationSmoke.spec.ts","",""
"","7869","Saved Filters dropdown is visible and defaults to no preset","chromium","Mon Aug 24 18:22:32 UTC 2026","passed","Mon Aug 24 18:22:40 UTC 2026","Exceptions — Smoke","specs\Smoke\8-ExceptionsSmoke.spec.ts","",""
"","8429","Validate Login functionality with xssInUsername","chromium","Mon Aug 24 18:13:38 UTC 2026","passed","Mon Aug 24 18:13:47 UTC 2026","","specs\Smoke\1-LoginSmoke.spec.ts","",""
"","12029","Column filter popup applies a filter and Clear restores the full row set","chromium","Mon Aug 24 18:20:10 UTC 2026","passed","Mon Aug 24 18:20:22 UTC 2026","Presented Checks — Smoke (Continued)","specs\Smoke\5-PresentedChecksSmoke.spec.ts","",""
"","24145","Verify Combined View shows all chart sections","webkit","Mon Aug 24 18:15:59 UTC 2026","passed","Mon Aug 24 18:16:23 UTC 2026","Home Dashboard","specs\Smoke\3-HomeDashboardSmoke.spec.ts","",""
"","6267","Validate Login functionality with incorrectUsername","chromium","Mon Aug 24 18:12:53 UTC 2026","passed","Mon Aug 24 18:13:00 UTC 2026","","specs\Smoke\1-LoginSmoke.spec.ts","",""
"","10838","Previous page button returns to page 1, First page button re-enables disabled state","msedge","Mon Aug 24 18:20:44 UTC 2026","passed","Mon Aug 24 18:20:55 UTC 2026","ACH — Smoke","specs\Smoke\7-ACHSmoke.spec.ts","",""
"","7732","Grid View toggle navigates to the open-exceptions grid and shows key column headers","msedge","Mon Aug 24 18:22:58 UTC 2026","passed","Mon Aug 24 18:23:06 UTC 2026","Exceptions — Smoke (Continued)","specs\Smoke\8-ExceptionsSmoke.spec.ts","",""
"","30390","Save a filter preset, verify it is auto-selected, then delete it","webkit","Mon Aug 24 18:24:22 UTC 2026","passed","Mon Aug 24 18:24:53 UTC 2026","Presented Checks — Smoke (Continued)","specs\Smoke\5-PresentedChecksSmoke.spec.ts","",""
"","7688","Validate forgot password functionality with No email","firefox","Mon Aug 24 18:30:04 UTC 2026","passed","Mon Aug 24 18:30:11 UTC 2026","","specs\Smoke\1-LoginSmoke.spec.ts","",""
"","13239","Validate teller presented-check form shows all required fields","firefox","Mon Aug 24 18:39:51 UTC 2026","passed","Mon Aug 24 18:40:04 UTC 2026","Teller - Smoke","specs\Smoke\6-TellerSmoke.spec.ts","",""
"","18839","Save a filter preset, verify it is auto-selected, then delete it","msedge","Mon Aug 24 18:17:35 UTC 2026","passed","Mon Aug 24 18:17:54 UTC 2026","Issued Checks — Smoke (Continued)","specs\Smoke\4-IssuedChecksSmoke.spec.ts","",""
"","6538","Validate Login functionality with sqlInjection","firefox","Mon Aug 24 18:29:34 UTC 2026","passed","Mon Aug 24 18:29:40 UTC 2026","","specs\Smoke\1-LoginSmoke.spec.ts","",""
"","5298","Pre-Decisions page loads with either records or the empty-state message","chromium","Mon Aug 24 18:24:53 UTC 2026","passed","Mon Aug 24 18:24:58 UTC 2026","Exceptions — Smoke (Continued)","specs\Smoke\8-ExceptionsSmoke.spec.ts","",""
"","7491","Verify tab-specific charts are hidden for opposite tab","msedge","Mon Aug 24 18:14:51 UTC 2026","passed","Mon Aug 24 18:14:58 UTC 2026","Home Dashboard","specs\Smoke\3-HomeDashboardSmoke.spec.ts","",""
"","11429","Billing Reports sub-page loads correctly","chromium","Mon Aug 24 18:14:32 UTC 2026","passed","Mon Aug 24 18:14:43 UTC 2026","Application Navigation Smoke Tests","specs\Smoke\2-NavigationSmoke.spec.ts","",""
"","9070","Automatic Check Decision Rules sub-page loads correctly","chromium","Mon Aug 24 18:15:28 UTC 2026","passed","Mon Aug 24 18:15:37 UTC 2026","Application Navigation Smoke Tests","specs\Smoke\2-NavigationSmoke.spec.ts","",""
"","9508","Typing a page number navigates to that page","msedge","Mon Aug 24 18:20:54 UTC 2026","passed","Mon Aug 24 18:21:04 UTC 2026","Exceptions — Smoke","specs\Smoke\8-ExceptionsSmoke.spec.ts","",""
"","7070","Automatic Check Decision Rules sub-page loads correctly","msedge","Mon Aug 24 18:14:26 UTC 2026","passed","Mon Aug 24 18:14:33 UTC 2026","Application Navigation Smoke Tests","specs\Smoke\2-NavigationSmoke.spec.ts","",""
"","10183","Next page arrow advances to page 2","msedge","Mon Aug 24 18:16:30 UTC 2026","passed","Mon Aug 24 18:16:40 UTC 2026","Issued Checks — Smoke","specs\Smoke\4-IssuedChecksSmoke.spec.ts","",""
"","16277","Page size change to 10 updates pagination info in bottom-right pager","webkit","Mon Aug 24 18:27:57 UTC 2026","passed","Mon Aug 24 18:28:13 UTC 2026","Exceptions — Smoke","specs\Smoke\8-ExceptionsSmoke.spec.ts","",""
"","20058","Verify Home dashboard is restored after returning from another page","firefox","Mon Aug 24 18:33:38 UTC 2026","passed","Mon Aug 24 18:33:58 UTC 2026","Home Dashboard","specs\Smoke\3-HomeDashboardSmoke.spec.ts","",""
"","14908","Search box filters grid and clears correctly","firefox","Mon Aug 24 18:40:49 UTC 2026","passed","Mon Aug 24 18:41:04 UTC 2026","ACH — Smoke","specs\Smoke\7-ACHSmoke.spec.ts","",""
"","9282","""+ Add ACH"" navigates to the add-ACH form","chromium","Mon Aug 24 18:21:13 UTC 2026","passed","Mon Aug 24 18:21:23 UTC 2026","ACH — Smoke","specs\Smoke\7-ACHSmoke.spec.ts","",""
"","10866","Clicking a column header sorts ascending, clicking again sorts descending","chromium","Mon Aug 24 18:19:59 UTC 2026","passed","Mon Aug 24 18:20:10 UTC 2026","Presented Checks — Smoke (Continued)","specs\Smoke\5-PresentedChecksSmoke.spec.ts","",""
"","11394","Previous page button returns to page 1, First page button re-enables disabled state","chromium","Mon Aug 24 18:18:38 UTC 2026","passed","Mon Aug 24 18:18:49 UTC 2026","Issued Checks — Smoke","specs\Smoke\4-IssuedChecksSmoke.spec.ts","",""
"","14589","Next page arrow advances to page 2","firefox","Mon Aug 24 18:37:17 UTC 2026","passed","Mon Aug 24 18:37:31 UTC 2026","Presented Checks — Smoke","specs\Smoke\5-PresentedChecksSmoke.spec.ts","",""
"","20286","Home page is accessible and shows dashboard","firefox","Mon Aug 24 18:28:37 UTC 2026","passed","Mon Aug 24 18:28:57 UTC 2026","Application Navigation Smoke Tests","specs\Smoke\2-NavigationSmoke.spec.ts","",""
"","10801","Verify Combined View shows all chart sections","firefox","Mon Aug 24 18:31:00 UTC 2026","passed","Mon Aug 24 18:31:11 UTC 2026","Home Dashboard","specs\Smoke\3-HomeDashboardSmoke.spec.ts","",""
"","11119","Page size change to 10 updates pagination info in bottom-right pager","msedge","Mon Aug 24 18:20:07 UTC 2026","passed","Mon Aug 24 18:20:18 UTC 2026","ACH — Smoke","specs\Smoke\7-ACHSmoke.spec.ts","",""
"","23221","Column filter menu applies a filter and Clear restores the full row set","webkit","Mon Aug 24 18:30:51 UTC 2026","passed","Mon Aug 24 18:31:14 UTC 2026","Exceptions — Smoke (Continued)","specs\Smoke\8-ExceptionsSmoke.spec.ts","",""
"","9877","""Edit"" link on a row navigates to the check edit form","chromium","Mon Aug 24 18:20:07 UTC 2026","passed","Mon Aug 24 18:20:17 UTC 2026","Issued Checks — Smoke (Continued)","specs\Smoke\4-IssuedChecksSmoke.spec.ts","",""
"","27898","Default filter auto-applies after logout and re-login","chromium","Mon Aug 24 18:22:56 UTC 2026","passed","Mon Aug 24 18:23:24 UTC 2026","ACH — Smoke","specs\Smoke\7-ACHSmoke.spec.ts","",""
"","10143","""Uploaded Checks"" navigates to the uploads page","chromium","Mon Aug 24 18:17:24 UTC 2026","passed","Mon Aug 24 18:17:35 UTC 2026","Issued Checks — Smoke","specs\Smoke\4-IssuedChecksSmoke.spec.ts","",""
"","9545","""View"" (Change Log) link on a row navigates to the entity log","chromium","Mon Aug 24 18:20:33 UTC 2026","passed","Mon Aug 24 18:20:43 UTC 2026","Presented Checks — Smoke (Continued)","specs\Smoke\5-PresentedChecksSmoke.spec.ts","",""
"","5136","Validate Login functionality with incorrectUsername","firefox","Mon Aug 24 18:29:10 UTC 2026","passed","Mon Aug 24 18:29:15 UTC 2026","","specs\Smoke\1-LoginSmoke.spec.ts","",""
"","7335","Verify ACH Only tab shows ACH-specific chart sections","msedge","Mon Aug 24 18:14:26 UTC 2026","passed","Mon Aug 24 18:14:33 UTC 2026","Home Dashboard","specs\Smoke\3-HomeDashboardSmoke.spec.ts","",""
"","9783","Verify dashboard tab checked state updates correctly","firefox","Mon Aug 24 18:31:31 UTC 2026","passed","Mon Aug 24 18:31:41 UTC 2026","Home Dashboard","specs\Smoke\3-HomeDashboardSmoke.spec.ts","",""
"","9261","Web Hooks sub-page loads correctly","chromium","Mon Aug 24 18:16:53 UTC 2026","passed","Mon Aug 24 18:17:02 UTC 2026","Application Navigation Smoke Tests","specs\Smoke\2-NavigationSmoke.spec.ts","",""
"","11139","Verify delayed data note and force refresh link are visible on dashboard","chromium","Mon Aug 24 18:16:01 UTC 2026","passed","Mon Aug 24 18:16:12 UTC 2026","Home Dashboard","specs\Smoke\3-HomeDashboardSmoke.spec.ts","",""
"","7467","Validate session persists after page refresh","msedge","Mon Aug 24 18:13:44 UTC 2026","passed","Mon Aug 24 18:13:52 UTC 2026","","specs\Smoke\1-LoginSmoke.spec.ts","",""
"","13354","Presented Checks page loads correctly","webkit","Mon Aug 24 18:13:03 UTC 2026","passed","Mon Aug 24 18:13:16 UTC 2026","Application Navigation Smoke Tests","specs\Smoke\2-NavigationSmoke.spec.ts","",""
"","14465","""Delete"" on a row shows a confirm modal; Cancel dismisses it without deleting","firefox","Mon Aug 24 18:40:04 UTC 2026","passed","Mon Aug 24 18:40:19 UTC 2026","Presented Checks — Smoke (Continued)","specs\Smoke\5-PresentedChecksSmoke.spec.ts","",""
"","12154","Verify Check Only tab shows Check-specific chart sections","firefox","Mon Aug 24 18:31:11 UTC 2026","passed","Mon Aug 24 18:31:23 UTC 2026","Home Dashboard","specs\Smoke\3-HomeDashboardSmoke.spec.ts","",""
"","14455","Verify tab-specific charts are hidden for opposite tab","firefox","Mon Aug 24 18:32:27 UTC 2026","passed","Mon Aug 24 18:32:41 UTC 2026","Home Dashboard","specs\Smoke\3-HomeDashboardSmoke.spec.ts","",""
"","5662","Validate Login functionality with invalidEmailFormat","msedge","Mon Aug 24 18:12:57 UTC 2026","passed","Mon Aug 24 18:13:02 UTC 2026","","specs\Smoke\1-LoginSmoke.spec.ts","",""
"","3865","Validate Login functionality with missingUsername","firefox","Mon Aug 24 18:29:30 UTC 2026","passed","Mon Aug 24 18:29:34 UTC 2026","","specs\Smoke\1-LoginSmoke.spec.ts","",""
"","13908","Default Decision Log sub-page loads correctly","firefox","Mon Aug 24 18:34:27 UTC 2026","passed","Mon Aug 24 18:34:40 UTC 2026","Application Navigation Smoke Tests","specs\Smoke\2-NavigationSmoke.spec.ts","",""
"","7692","Automatic ACH Decision Rules sub-page loads correctly","msedge","Mon Aug 24 18:14:43 UTC 2026","passed","Mon Aug 24 18:14:51 UTC 2026","Application Navigation Smoke Tests","specs\Smoke\2-NavigationSmoke.spec.ts","",""
"","26213","Pay/Return decision badge navigates to exception history","firefox","Mon Aug 24 18:44:32 UTC 2026","passed","Mon Aug 24 18:44:58 UTC 2026","ACH — Smoke","specs\Smoke\7-ACHSmoke.spec.ts","",""
"","5647","Validate Login functionality with incorrectUsername","msedge","Mon Aug 24 18:12:51 UTC 2026","passed","Mon Aug 24 18:12:57 UTC 2026","","specs\Smoke\1-LoginSmoke.spec.ts","",""
"","10397","System Log sub-page loads correctly","chromium","Mon Aug 24 18:16:23 UTC 2026","passed","Mon Aug 24 18:16:33 UTC 2026","Application Navigation Smoke Tests","specs\Smoke\2-NavigationSmoke.spec.ts","",""
"","6127","Presented Checks breadcrumb link is visible on the page","msedge","Mon Aug 24 18:19:56 UTC 2026","passed","Mon Aug 24 18:20:02 UTC 2026","Presented Checks — Smoke (Continued)","specs\Smoke\5-PresentedChecksSmoke.spec.ts","",""
"","11770","Home page is accessible and shows dashboard","msedge","Mon Aug 24 18:12:28 UTC 2026","passed","Mon Aug 24 18:12:40 UTC 2026","Application Navigation Smoke Tests","specs\Smoke\2-NavigationSmoke.spec.ts","",""
"","8787","Validate unauthenticated access to protected route is redirected to login","chromium","Mon Aug 24 18:14:24 UTC 2026","passed","Mon Aug 24 18:14:32 UTC 2026","","specs\Smoke\1-LoginSmoke.spec.ts","",""
"","8185","Exceptions breadcrumb link is visible on the page","chromium","Mon Aug 24 18:24:09 UTC 2026","passed","Mon Aug 24 18:24:17 UTC 2026","Exceptions — Smoke (Continued)","specs\Smoke\8-ExceptionsSmoke.spec.ts","",""
"","10241","Next page arrow advances to page 2","msedge","Mon Aug 24 18:17:25 UTC 2026","passed","Mon Aug 24 18:17:35 UTC 2026","Presented Checks — Smoke","specs\Smoke\5-PresentedChecksSmoke.spec.ts","",""
"","8414","Validate Login functionality with invalidEmailFormat","chromium","Mon Aug 24 18:13:00 UTC 2026","passed","Mon Aug 24 18:13:08 UTC 2026","","specs\Smoke\1-LoginSmoke.spec.ts","",""
"","29859","Holiday Schedules sub-page loads correctly","webkit","Mon Aug 24 18:16:12 UTC 2026","passed","Mon Aug 24 18:16:42 UTC 2026","Application Navigation Smoke Tests","specs\Smoke\2-NavigationSmoke.spec.ts","",""
"","9365","Saved Filters dropdown is visible and defaults to no preset","msedge","Mon Aug 24 18:18:20 UTC 2026","passed","Mon Aug 24 18:18:30 UTC 2026","Presented Checks — Smoke","specs\Smoke\5-PresentedChecksSmoke.spec.ts","",""
"","12476","File Formats sub-page loads correctly","firefox","Mon Aug 24 18:33:03 UTC 2026","passed","Mon Aug 24 18:33:15 UTC 2026","Application Navigation Smoke Tests","specs\Smoke\2-NavigationSmoke.spec.ts","",""
"","16028","Excel export button is visible and enabled","firefox","Mon Aug 24 18:41:19 UTC 2026","passed","Mon Aug 24 18:41:35 UTC 2026","Exceptions — Smoke","specs\Smoke\8-ExceptionsSmoke.spec.ts","",""
"","12213","Validate session persists after page refresh","chromium","Mon Aug 24 18:14:11 UTC 2026","passed","Mon Aug 24 18:14:24 UTC 2026","","specs\Smoke\1-LoginSmoke.spec.ts","",""
"","32154","Verify Check Only tab shows Check-specific chart sections","webkit","Mon Aug 24 18:16:23 UTC 2026","passed","Mon Aug 24 18:16:55 UTC 2026","Home Dashboard","specs\Smoke\3-HomeDashboardSmoke.spec.ts","",""
"","16165","Verify navigation to Presented Checks via nav menu","webkit","Mon Aug 24 18:19:51 UTC 2026","passed","Mon Aug 24 18:20:07 UTC 2026","Home Dashboard","specs\Smoke\3-HomeDashboardSmoke.spec.ts","",""
"","5147","Validate forgot password functionality with No email","msedge","Mon Aug 24 18:13:35 UTC 2026","passed","Mon Aug 24 18:13:40 UTC 2026","","specs\Smoke\1-LoginSmoke.spec.ts","",""
"","19068","""View"" (Change Log) link on a row navigates to the entity log","webkit","Mon Aug 24 18:24:49 UTC 2026","passed","Mon Aug 24 18:25:08 UTC 2026","Issued Checks — Smoke (Continued)","specs\Smoke\4-IssuedChecksSmoke.spec.ts","",""
"","8684","Validate Login functionality with emptyFields","webkit","Mon Aug 24 18:13:27 UTC 2026","passed","Mon Aug 24 18:13:35 UTC 2026","","specs\Smoke\1-LoginSmoke.spec.ts","",""
"","7981","Last page arrow jumps to the final page","msedge","Mon Aug 24 18:20:27 UTC 2026","passed","Mon Aug 24 18:20:35 UTC 2026","ACH — Smoke","specs\Smoke\7-ACHSmoke.spec.ts","",""
"","7810","Verify Check Only tab shows Check-specific chart sections","msedge","Mon Aug 24 18:14:18 UTC 2026","passed","Mon Aug 24 18:14:26 UTC 2026","Home Dashboard","specs\Smoke\3-HomeDashboardSmoke.spec.ts","",""
"","12243","""View"" link on a row opens the Exception Details dialog","msedge","Mon Aug 24 18:22:16 UTC 2026","passed","Mon Aug 24 18:22:28 UTC 2026","Exceptions — Smoke (Continued)","specs\Smoke\8-ExceptionsSmoke.spec.ts","",""
"","10717","Previous page button returns to page 1, First page button re-enables disabled state","chromium","Mon Aug 24 18:18:49 UTC 2026","passed","Mon Aug 24 18:19:00 UTC 2026","Presented Checks — Smoke","specs\Smoke\5-PresentedChecksSmoke.spec.ts","",""
"","8907","""View"" (Change Log) link on a row navigates to the entity log","msedge","Mon Aug 24 18:19:30 UTC 2026","passed","Mon Aug 24 18:19:39 UTC 2026","Presented Checks — Smoke (Continued)","specs\Smoke\5-PresentedChecksSmoke.spec.ts","",""
"","11732","Verify all three dashboard view tabs are visible","firefox","Mon Aug 24 18:30:48 UTC 2026","passed","Mon Aug 24 18:31:00 UTC 2026","Home Dashboard","specs\Smoke\3-HomeDashboardSmoke.spec.ts","",""
"","10401","Last page arrow jumps to the final page","msedge","Mon Aug 24 18:20:44 UTC 2026","passed","Mon Aug 24 18:20:54 UTC 2026","Exceptions — Smoke","specs\Smoke\8-ExceptionsSmoke.spec.ts","",""
"","6952","File Processing sub-page loads correctly","msedge","Mon Aug 24 18:15:21 UTC 2026","passed","Mon Aug 24 18:15:28 UTC 2026","Application Navigation Smoke Tests","specs\Smoke\2-NavigationSmoke.spec.ts","",""
"","12626","Decision Files sub-page loads correctly","chromium","Mon Aug 24 18:14:43 UTC 2026","passed","Mon Aug 24 18:14:56 UTC 2026","Application Navigation Smoke Tests","specs\Smoke\2-NavigationSmoke.spec.ts","",""
"","16712","Validate session persists after page refresh","webkit","Mon Aug 24 18:14:47 UTC 2026","passed","Mon Aug 24 18:15:04 UTC 2026","","specs\Smoke\1-LoginSmoke.spec.ts","",""
"","11389","""View"" (Change Log) link on a row navigates to the entity log","firefox","Mon Aug 24 18:44:04 UTC 2026","passed","Mon Aug 24 18:44:16 UTC 2026","ACH — Smoke","specs\Smoke\7-ACHSmoke.spec.ts","",""
"","9538","Check Approval Rules sub-page loads correctly","msedge","Mon Aug 24 18:14:33 UTC 2026","passed","Mon Aug 24 18:14:43 UTC 2026","Application Navigation Smoke Tests","specs\Smoke\2-NavigationSmoke.spec.ts","",""
"","7625","Pre-Decisions page loads with either records or the empty-state message","firefox","Mon Aug 24 18:45:44 UTC 2026","passed","Mon Aug 24 18:45:51 UTC 2026","Exceptions — Smoke (Continued)","specs\Smoke\8-ExceptionsSmoke.spec.ts","",""
"","13544","Page size change to 10 updates pagination info in bottom-right pager","firefox","Mon Aug 24 18:41:35 UTC 2026","passed","Mon Aug 24 18:41:48 UTC 2026","Exceptions — Smoke","specs\Smoke\8-ExceptionsSmoke.spec.ts","",""
"","18177","Next page arrow advances to page 2","webkit","Mon Aug 24 18:27:44 UTC 2026","passed","Mon Aug 24 18:28:02 UTC 2026","ACH — Smoke","specs\Smoke\7-ACHSmoke.spec.ts","",""
"","14674","""Uploaded ACH"" navigates to the uploads page","firefox","Mon Aug 24 18:40:35 UTC 2026","passed","Mon Aug 24 18:40:49 UTC 2026","ACH — Smoke","specs\Smoke\7-ACHSmoke.spec.ts","",""
"","20500","Search box filters grid and clears correctly","webkit","Mon Aug 24 18:27:20 UTC 2026","passed","Mon Aug 24 18:27:40 UTC 2026","Exceptions — Smoke","specs\Smoke\8-ExceptionsSmoke.spec.ts","",""
"","9081","Grid View toggle navigates to the open-exceptions grid and shows key column headers","firefox","Mon Aug 24 18:45:27 UTC 2026","passed","Mon Aug 24 18:45:36 UTC 2026","Exceptions — Smoke (Continued)","specs\Smoke\8-ExceptionsSmoke.spec.ts","",""
"","8195","Verify delayed data note and force refresh link are visible on dashboard","msedge","Mon Aug 24 18:15:12 UTC 2026","passed","Mon Aug 24 18:15:20 UTC 2026","Home Dashboard","specs\Smoke\3-HomeDashboardSmoke.spec.ts","",""
"","11512","ACH Approval Rules sub-page loads correctly","firefox","Mon Aug 24 18:34:02 UTC 2026","passed","Mon Aug 24 18:34:13 UTC 2026","Application Navigation Smoke Tests","specs\Smoke\2-NavigationSmoke.spec.ts","",""
"","45627","Verify chart title changes with selected tab","firefox","Mon Aug 24 18:31:41 UTC 2026","passed","Mon Aug 24 18:32:27 UTC 2026","Home Dashboard","specs\Smoke\3-HomeDashboardSmoke.spec.ts","",""
"","16845","Previous page button returns to page 1, First page button re-enables disabled state","firefox","Mon Aug 24 18:37:58 UTC 2026","passed","Mon Aug 24 18:38:14 UTC 2026","Presented Checks — Smoke","specs\Smoke\5-PresentedChecksSmoke.spec.ts","",""
"","11235","Holiday Schedules sub-page loads correctly","firefox","Mon Aug 24 18:32:51 UTC 2026","passed","Mon Aug 24 18:33:03 UTC 2026","Application Navigation Smoke Tests","specs\Smoke\2-NavigationSmoke.spec.ts","",""
"","10803","Search box filters grid and clears correctly","chromium","Mon Aug 24 18:17:48 UTC 2026","passed","Mon Aug 24 18:17:59 UTC 2026","Presented Checks — Smoke","specs\Smoke\5-PresentedChecksSmoke.spec.ts","",""
"","11033","Validate Login functionality with correctCredentials","msedge","Mon Aug 24 18:12:28 UTC 2026","passed","Mon Aug 24 18:12:39 UTC 2026","","specs\Smoke\1-LoginSmoke.spec.ts","",""
"","14413","Search box filters grid and clears correctly","firefox","Mon Aug 24 18:41:04 UTC 2026","passed","Mon Aug 24 18:41:19 UTC 2026","Exceptions — Smoke","specs\Smoke\8-ExceptionsSmoke.spec.ts","",""
"","9392","Verify summary KPI values have expected number formats","firefox","Mon Aug 24 18:32:53 UTC 2026","passed","Mon Aug 24 18:33:02 UTC 2026","Home Dashboard","specs\Smoke\3-HomeDashboardSmoke.spec.ts","",""
"","11495","""+ Add Check"" navigates to the add-check form","chromium","Mon Aug 24 18:17:25 UTC 2026","passed","Mon Aug 24 18:17:36 UTC 2026","Presented Checks — Smoke","specs\Smoke\5-PresentedChecksSmoke.spec.ts","",""
"","10565","File Processing sub-page loads correctly","chromium","Mon Aug 24 18:16:33 UTC 2026","passed","Mon Aug 24 18:16:44 UTC 2026","Application Navigation Smoke Tests","specs\Smoke\2-NavigationSmoke.spec.ts","",""
"","14296","Default filter auto-applies after logout and re-login","webkit","Mon Aug 24 18:29:22 UTC 2026","skipped","Mon Aug 24 18:29:36 UTC 2026","ACH — Smoke","specs\Smoke\7-ACHSmoke.spec.ts","",""
"","9147","Web Hooks sub-page loads correctly","msedge","Mon Aug 24 18:15:34 UTC 2026","passed","Mon Aug 24 18:15:44 UTC 2026","Application Navigation Smoke Tests","specs\Smoke\2-NavigationSmoke.spec.ts","",""
"","7880","Verify navigation to Issued Checks via nav menu","chromium","Mon Aug 24 18:16:38 UTC 2026","passed","Mon Aug 24 18:16:46 UTC 2026","Home Dashboard","specs\Smoke\3-HomeDashboardSmoke.spec.ts","",""
"","7669","Verify dashboard tab checked state updates correctly","chromium","Mon Aug 24 18:15:16 UTC 2026","passed","Mon Aug 24 18:15:23 UTC 2026","Home Dashboard","specs\Smoke\3-HomeDashboardSmoke.spec.ts","",""
"","9857","""Uploaded Checks"" navigates to the uploads page","msedge","Mon Aug 24 18:16:40 UTC 2026","passed","Mon Aug 24 18:16:49 UTC 2026","Presented Checks — Smoke","specs\Smoke\5-PresentedChecksSmoke.spec.ts","",""
"","9027","Last page arrow jumps to the final page","msedge","Mon Aug 24 18:16:40 UTC 2026","passed","Mon Aug 24 18:16:49 UTC 2026","Issued Checks — Smoke","specs\Smoke\4-IssuedChecksSmoke.spec.ts","",""
"","13816","Default filter auto-applies after logout and re-login","webkit","Mon Aug 24 18:23:04 UTC 2026","skipped","Mon Aug 24 18:23:17 UTC 2026","Issued Checks — Default Filter (Serial)","specs\Smoke\4-IssuedChecksSmoke.spec.ts","",""
"","9553","ACH breadcrumb link is visible on the page","msedge","Mon Aug 24 18:22:29 UTC 2026","passed","Mon Aug 24 18:22:38 UTC 2026","ACH — Smoke","specs\Smoke\7-ACHSmoke.spec.ts","",""
"","9458","ACH breadcrumb link is visible on the page","webkit","Mon Aug 24 18:31:59 UTC 2026","passed","Mon Aug 24 18:32:09 UTC 2026","ACH — Smoke","specs\Smoke\7-ACHSmoke.spec.ts","",""
"","8560","Validate Login functionality with incorrectPassword","webkit","Mon Aug 24 18:12:58 UTC 2026","passed","Mon Aug 24 18:13:07 UTC 2026","","specs\Smoke\1-LoginSmoke.spec.ts","",""
"","11008","Grid loads with data rows and key column headers","chromium","Mon Aug 24 18:21:02 UTC 2026","passed","Mon Aug 24 18:21:13 UTC 2026","ACH — Smoke","specs\Smoke\7-ACHSmoke.spec.ts","",""
"","16131","Presented Checks breadcrumb link is visible on the page","webkit","Mon Aug 24 18:26:45 UTC 2026","passed","Mon Aug 24 18:27:01 UTC 2026","Presented Checks — Smoke (Continued)","specs\Smoke\5-PresentedChecksSmoke.spec.ts","",""
"","12897","Save a filter preset, verify it is auto-selected, then delete it","chromium","Mon Aug 24 18:23:24 UTC 2026","passed","Mon Aug 24 18:23:37 UTC 2026","ACH — Smoke","specs\Smoke\7-ACHSmoke.spec.ts","",""
"","18856","Typing a page number navigates to that page","webkit","Mon Aug 24 18:23:09 UTC 2026","passed","Mon Aug 24 18:23:28 UTC 2026","Presented Checks — Smoke","specs\Smoke\5-PresentedChecksSmoke.spec.ts","",""
"","7736","Verify navigation to Issued Checks via nav menu","msedge","Mon Aug 24 18:15:43 UTC 2026","passed","Mon Aug 24 18:15:51 UTC 2026","Home Dashboard","specs\Smoke\3-HomeDashboardSmoke.spec.ts","",""
"","18044","Pay/Return decision badge navigates to exception history","webkit","Mon Aug 24 18:26:26 UTC 2026","passed","Mon Aug 24 18:26:44 UTC 2026","Presented Checks — Smoke (Continued)","specs\Smoke\5-PresentedChecksSmoke.spec.ts","",""
"","18542","""Delete"" on a row shows a confirm modal; Cancel dismisses it without deleting","webkit","Mon Aug 24 18:25:08 UTC 2026","passed","Mon Aug 24 18:25:27 UTC 2026","Issued Checks — Smoke (Continued)","specs\Smoke\4-IssuedChecksSmoke.spec.ts","",""
"","12861","Verify Total Exceptions and Total Exception Amount labels are visible","webkit","Mon Aug 24 18:18:09 UTC 2026","passed","Mon Aug 24 18:18:22 UTC 2026","Home Dashboard","specs\Smoke\3-HomeDashboardSmoke.spec.ts","",""
"","14209","Verify navigation to Settings via nav menu","firefox","Mon Aug 24 18:34:43 UTC 2026","passed","Mon Aug 24 18:34:58 UTC 2026","Home Dashboard","specs\Smoke\3-HomeDashboardSmoke.spec.ts","",""
"","9063","Decision Files sub-page loads correctly","msedge","Mon Aug 24 18:13:58 UTC 2026","passed","Mon Aug 24 18:14:07 UTC 2026","Application Navigation Smoke Tests","specs\Smoke\2-NavigationSmoke.spec.ts","",""
"","9006","API link is visible and points to swagger","chromium","Mon Aug 24 18:16:44 UTC 2026","passed","Mon Aug 24 18:16:53 UTC 2026","Application Navigation Smoke Tests","specs\Smoke\2-NavigationSmoke.spec.ts","",""
"","21775","Verify ACH Only tab shows ACH-specific chart sections","webkit","Mon Aug 24 18:16:55 UTC 2026","passed","Mon Aug 24 18:17:17 UTC 2026","Home Dashboard","specs\Smoke\3-HomeDashboardSmoke.spec.ts","",""
"","15823","Issued Checks breadcrumb link is visible on the page","webkit","Mon Aug 24 18:25:27 UTC 2026","passed","Mon Aug 24 18:25:43 UTC 2026","Issued Checks — Smoke (Continued)","specs\Smoke\4-IssuedChecksSmoke.spec.ts","",""
"","15160","Save a filter preset, verify it is auto-selected, then delete it","msedge","Mon Aug 24 18:21:39 UTC 2026","passed","Mon Aug 24 18:21:55 UTC 2026","Exceptions — Smoke (Continued)","specs\Smoke\8-ExceptionsSmoke.spec.ts","",""
"","5582","Verify all three dashboard view tabs are visible","msedge","Mon Aug 24 18:14:05 UTC 2026","passed","Mon Aug 24 18:14:10 UTC 2026","Home Dashboard","specs\Smoke\3-HomeDashboardSmoke.spec.ts","",""
"","11089","""Delete"" on a row shows a confirm modal; Cancel dismisses it without deleting","msedge","Mon Aug 24 18:22:04 UTC 2026","passed","Mon Aug 24 18:22:15 UTC 2026","ACH — Smoke","specs\Smoke\7-ACHSmoke.spec.ts","",""
"","16051","Validate teller presented-check form shows all required fields","webkit","Mon Aug 24 18:25:43 UTC 2026","passed","Mon Aug 24 18:25:59 UTC 2026","Teller - Smoke","specs\Smoke\6-TellerSmoke.spec.ts","",""
"","4568","Pre-Decisions page loads with either records or the empty-state message","msedge","Mon Aug 24 18:23:10 UTC 2026","passed","Mon Aug 24 18:23:15 UTC 2026","Exceptions — Smoke (Continued)","specs\Smoke\8-ExceptionsSmoke.spec.ts","",""
"","10573","Business Clients sub-page loads correctly","firefox","Mon Aug 24 18:30:23 UTC 2026","passed","Mon Aug 24 18:30:33 UTC 2026","Application Navigation Smoke Tests","specs\Smoke\2-NavigationSmoke.spec.ts","",""
"","4032","Validate Login functionality with sqlInjection","msedge","Mon Aug 24 18:13:15 UTC 2026","passed","Mon Aug 24 18:13:19 UTC 2026","","specs\Smoke\1-LoginSmoke.spec.ts","",""
"","8508","Next page arrow advances to page 2","msedge","Mon Aug 24 18:20:35 UTC 2026","passed","Mon Aug 24 18:20:44 UTC 2026","Exceptions — Smoke","specs\Smoke\8-ExceptionsSmoke.spec.ts","",""
"","11783","Column filter menu applies a filter and Clear restores the full row set","chromium","Mon Aug 24 18:23:33 UTC 2026","passed","Mon Aug 24 18:23:45 UTC 2026","Exceptions — Smoke (Continued)","specs\Smoke\8-ExceptionsSmoke.spec.ts","",""
"","18582","Exception History grid loads with data rows and key column headers","webkit","Mon Aug 24 18:27:01 UTC 2026","passed","Mon Aug 24 18:27:19 UTC 2026","Exceptions — Smoke","specs\Smoke\8-ExceptionsSmoke.spec.ts","",""
"","15919","Saved Filters dropdown is visible and defaults to no preset","webkit","Mon Aug 24 18:29:32 UTC 2026","passed","Mon Aug 24 18:29:47 UTC 2026","Exceptions — Smoke","specs\Smoke\8-ExceptionsSmoke.spec.ts","",""
"","6391","Roles/Permissions sub-page loads correctly","msedge","Mon Aug 24 18:13:37 UTC 2026","passed","Mon Aug 24 18:13:44 UTC 2026","Application Navigation Smoke Tests","specs\Smoke\2-NavigationSmoke.spec.ts","",""
"","12737","Previous page button returns to page 1, First page button re-enables disabled state","chromium","Mon Aug 24 18:22:33 UTC 2026","passed","Mon Aug 24 18:22:46 UTC 2026","ACH — Smoke","specs\Smoke\7-ACHSmoke.spec.ts","",""
"","19177","Grid loads with data rows and key column headers","webkit","Mon Aug 24 18:19:51 UTC 2026","passed","Mon Aug 24 18:20:10 UTC 2026","Issued Checks — Smoke","specs\Smoke\4-IssuedChecksSmoke.spec.ts","",""
"","16039","Automatic Check Decision Rules sub-page loads correctly","webkit","Mon Aug 24 18:17:24 UTC 2026","passed","Mon Aug 24 18:17:40 UTC 2026","Application Navigation Smoke Tests","specs\Smoke\2-NavigationSmoke.spec.ts","",""
"","12749","Excel export button is visible and enabled","msedge","Mon Aug 24 18:17:02 UTC 2026","passed","Mon Aug 24 18:17:15 UTC 2026","Presented Checks — Smoke","specs\Smoke\5-PresentedChecksSmoke.spec.ts","",""
"","9504","Teller page loads correctly","chromium","Mon Aug 24 18:12:59 UTC 2026","passed","Mon Aug 24 18:13:08 UTC 2026","Application Navigation Smoke Tests","specs\Smoke\2-NavigationSmoke.spec.ts","",""
"","23096","Save a filter preset, verify it is auto-selected, then delete it","firefox","Mon Aug 24 18:38:39 UTC 2026","passed","Mon Aug 24 18:39:02 UTC 2026","Presented Checks — Smoke (Continued)","specs\Smoke\5-PresentedChecksSmoke.spec.ts","",""
"","8220","Check Approval Rules sub-page loads correctly","chromium","Mon Aug 24 18:15:37 UTC 2026","passed","Mon Aug 24 18:15:45 UTC 2026","Application Navigation Smoke Tests","specs\Smoke\2-NavigationSmoke.spec.ts","",""
"","15694","""Uploaded Checks"" navigates to the uploads page","webkit","Mon Aug 24 18:20:26 UTC 2026","passed","Mon Aug 24 18:20:42 UTC 2026","Issued Checks — Smoke","specs\Smoke\4-IssuedChecksSmoke.spec.ts","",""
"","14452","""Uploaded Checks"" navigates to the uploads page","firefox","Mon Aug 24 18:35:25 UTC 2026","passed","Mon Aug 24 18:35:39 UTC 2026","Issued Checks — Smoke","specs\Smoke\4-IssuedChecksSmoke.spec.ts","",""
"","14481","Column filter popup applies a filter and Clear restores the full row set","msedge","Mon Aug 24 18:18:04 UTC 2026","passed","Mon Aug 24 18:18:18 UTC 2026","Issued Checks — Smoke (Continued)","specs\Smoke\4-IssuedChecksSmoke.spec.ts","",""
"","15048","ACH page loads correctly","webkit","Mon Aug 24 18:13:29 UTC 2026","passed","Mon Aug 24 18:13:44 UTC 2026","Application Navigation Smoke Tests","specs\Smoke\2-NavigationSmoke.spec.ts","",""
"","8002","Validate Login functionality with xssInUsername","firefox","Mon Aug 24 18:29:40 UTC 2026","passed","Mon Aug 24 18:29:48 UTC 2026","","specs\Smoke\1-LoginSmoke.spec.ts","",""
"","14928","Last page arrow jumps to the final page","firefox","Mon Aug 24 18:41:50 UTC 2026","passed","Mon Aug 24 18:42:04 UTC 2026","ACH — Smoke","specs\Smoke\7-ACHSmoke.spec.ts","",""
"","18081","Previous page button returns to page 1, First page button re-enables disabled state","firefox","Mon Aug 24 18:42:20 UTC 2026","passed","Mon Aug 24 18:42:38 UTC 2026","ACH — Smoke","specs\Smoke\7-ACHSmoke.spec.ts","",""
"","9680","Verify navigation to Exceptions via nav menu","firefox","Mon Aug 24 18:34:34 UTC 2026","passed","Mon Aug 24 18:34:43 UTC 2026","Home Dashboard","specs\Smoke\3-HomeDashboardSmoke.spec.ts","",""
"","12799","Teller page loads correctly","webkit","Mon Aug 24 18:13:16 UTC 2026","passed","Mon Aug 24 18:13:29 UTC 2026","Application Navigation Smoke Tests","specs\Smoke\2-NavigationSmoke.spec.ts","",""
"","18255","Search box filters grid and clears correctly","webkit","Mon Aug 24 18:21:43 UTC 2026","passed","Mon Aug 24 18:22:02 UTC 2026","Presented Checks — Smoke","specs\Smoke\5-PresentedChecksSmoke.spec.ts","",""
"","12577","""View"" (Change Log) link on a row navigates to the entity log","firefox","Mon Aug 24 18:39:52 UTC 2026","passed","Mon Aug 24 18:40:04 UTC 2026","Presented Checks — Smoke (Continued)","specs\Smoke\5-PresentedChecksSmoke.spec.ts","",""
"","12821","Home page is accessible and shows dashboard","chromium","Mon Aug 24 18:12:28 UTC 2026","passed","Mon Aug 24 18:12:41 UTC 2026","Application Navigation Smoke Tests","specs\Smoke\2-NavigationSmoke.spec.ts","",""
"","19564","Excel export button is visible and enabled","firefox","Mon Aug 24 18:41:04 UTC 2026","passed","Mon Aug 24 18:41:24 UTC 2026","ACH — Smoke","specs\Smoke\7-ACHSmoke.spec.ts","",""
"","16570","Verify Home dashboard is restored after returning from another page","webkit","Mon Aug 24 18:19:19 UTC 2026","passed","Mon Aug 24 18:19:36 UTC 2026","Home Dashboard","specs\Smoke\3-HomeDashboardSmoke.spec.ts","",""
"","12336","Settings page loads correctly","webkit","Mon Aug 24 18:13:57 UTC 2026","passed","Mon Aug 24 18:14:10 UTC 2026","Application Navigation Smoke Tests","specs\Smoke\2-NavigationSmoke.spec.ts","",""
"","11846","Decision badge on an already-reviewed row is blocked with a system message","chromium","Mon Aug 24 18:23:57 UTC 2026","passed","Mon Aug 24 18:24:09 UTC 2026","Exceptions — Smoke (Continued)","specs\Smoke\8-ExceptionsSmoke.spec.ts","",""
"","12329","Validate teller presented-check form shows all required fields","chromium","Mon Aug 24 18:20:50 UTC 2026","passed","Mon Aug 24 18:21:02 UTC 2026","Teller - Smoke","specs\Smoke\6-TellerSmoke.spec.ts","",""
"","15637","Last page arrow jumps to the final page","firefox","Mon Aug 24 18:42:04 UTC 2026","passed","Mon Aug 24 18:42:20 UTC 2026","Exceptions — Smoke","specs\Smoke\8-ExceptionsSmoke.spec.ts","",""
"","15148","API link is visible and points to swagger","firefox","Mon Aug 24 18:35:09 UTC 2026","passed","Mon Aug 24 18:35:24 UTC 2026","Application Navigation Smoke Tests","specs\Smoke\2-NavigationSmoke.spec.ts","",""
"","15420","Roles/Permissions sub-page loads correctly","webkit","Mon Aug 24 18:14:50 UTC 2026","passed","Mon Aug 24 18:15:05 UTC 2026","Application Navigation Smoke Tests","specs\Smoke\2-NavigationSmoke.spec.ts","",""
"","18774","Users sub-page loads correctly","firefox","Mon Aug 24 18:30:33 UTC 2026","passed","Mon Aug 24 18:30:52 UTC 2026","Application Navigation Smoke Tests","specs\Smoke\2-NavigationSmoke.spec.ts","",""
"","7176","""Uploaded Checks"" navigates to the uploads page","msedge","Mon Aug 24 18:15:59 UTC 2026","passed","Mon Aug 24 18:16:06 UTC 2026","Issued Checks — Smoke","specs\Smoke\4-IssuedChecksSmoke.spec.ts","",""
"","19392","Clicking a column header sorts ascending, clicking again sorts descending","webkit","Mon Aug 24 18:23:48 UTC 2026","passed","Mon Aug 24 18:24:08 UTC 2026","Issued Checks — Smoke (Continued)","specs\Smoke\4-IssuedChecksSmoke.spec.ts","",""
"","9917","Next page arrow advances to page 2","chromium","Mon Aug 24 18:18:18 UTC 2026","passed","Mon Aug 24 18:18:28 UTC 2026","Presented Checks — Smoke","specs\Smoke\5-PresentedChecksSmoke.spec.ts","",""
"","19656","Search box filters grid and clears correctly","webkit","Mon Aug 24 18:26:50 UTC 2026","passed","Mon Aug 24 18:27:10 UTC 2026","ACH — Smoke","specs\Smoke\7-ACHSmoke.spec.ts","",""
"","10411","Open Exceptions page loads with either exception cards or the empty-state message","firefox","Mon Aug 24 18:45:17 UTC 2026","passed","Mon Aug 24 18:45:27 UTC 2026","Exceptions — Smoke (Continued)","specs\Smoke\8-ExceptionsSmoke.spec.ts","",""
"","8877","Verify navigation to Presented Checks via nav menu","firefox","Mon Aug 24 18:34:09 UTC 2026","passed","Mon Aug 24 18:34:18 UTC 2026","Home Dashboard","specs\Smoke\3-HomeDashboardSmoke.spec.ts","",""
"","23975","Column filter popup applies a filter and Clear restores the full row set","webkit","Mon Aug 24 18:30:23 UTC 2026","passed","Mon Aug 24 18:30:47 UTC 2026","ACH — Smoke","specs\Smoke\7-ACHSmoke.spec.ts","",""
"","18812","Next page arrow advances to page 2","webkit","Mon Aug 24 18:21:31 UTC 2026","passed","Mon Aug 24 18:21:50 UTC 2026","Issued Checks — Smoke","specs\Smoke\4-IssuedChecksSmoke.spec.ts","",""
"","6750","Validate forgot password functionality","chromium","Mon Aug 24 18:13:52 UTC 2026","passed","Mon Aug 24 18:13:59 UTC 2026","","specs\Smoke\1-LoginSmoke.spec.ts","",""
"","12667","Verify summary KPI values have expected number formats","webkit","Mon Aug 24 18:18:22 UTC 2026","passed","Mon Aug 24 18:18:35 UTC 2026","Home Dashboard","specs\Smoke\3-HomeDashboardSmoke.spec.ts","",""
"","16883","Last page arrow jumps to the final page","webkit","Mon Aug 24 18:21:50 UTC 2026","passed","Mon Aug 24 18:22:07 UTC 2026","Issued Checks — Smoke","specs\Smoke\4-IssuedChecksSmoke.spec.ts","",""
"","11449","Grid loads with data rows and key column headers","chromium","Mon Aug 24 18:17:02 UTC 2026","passed","Mon Aug 24 18:17:14 UTC 2026","Issued Checks — Smoke","specs\Smoke\4-IssuedChecksSmoke.spec.ts","",""
"","5310","Validate unauthenticated access to protected route is redirected to login","msedge","Mon Aug 24 18:13:52 UTC 2026","passed","Mon Aug 24 18:13:57 UTC 2026","","specs\Smoke\1-LoginSmoke.spec.ts","",""
"","17854","Decision badge on an already-reviewed row is blocked with a system message","firefox","Mon Aug 24 18:44:34 UTC 2026","passed","Mon Aug 24 18:44:52 UTC 2026","Exceptions — Smoke (Continued)","specs\Smoke\8-ExceptionsSmoke.spec.ts","",""
"","11674","Default filter auto-applies after logout and re-login","firefox","Mon Aug 24 18:38:27 UTC 2026","skipped","Mon Aug 24 18:38:39 UTC 2026","Presented Checks — Default Filter (Serial)","specs\Smoke\5-PresentedChecksSmoke.spec.ts","",""
"","9572","Verify dashboard footer footnote and privacy link are visible","chromium","Mon Aug 24 18:16:12 UTC 2026","passed","Mon Aug 24 18:16:22 UTC 2026","Home Dashboard","specs\Smoke\3-HomeDashboardSmoke.spec.ts","",""
"","15218","Verify tab-specific charts are hidden for opposite tab","webkit","Mon Aug 24 18:17:54 UTC 2026","passed","Mon Aug 24 18:18:09 UTC 2026","Home Dashboard","specs\Smoke\3-HomeDashboardSmoke.spec.ts","",""
"","13610","Pay/Return decision badge navigates to exception history","chromium","Mon Aug 24 18:24:20 UTC 2026","passed","Mon Aug 24 18:24:34 UTC 2026","ACH — Smoke","specs\Smoke\7-ACHSmoke.spec.ts","",""
"","19518","Typing a page number navigates to that page","webkit","Mon Aug 24 18:28:19 UTC 2026","passed","Mon Aug 24 18:28:39 UTC 2026","ACH — Smoke","specs\Smoke\7-ACHSmoke.spec.ts","",""
"","8256","Validate Login functionality with emptyFields","chromium","Mon Aug 24 18:13:08 UTC 2026","passed","Mon Aug 24 18:13:16 UTC 2026","","specs\Smoke\1-LoginSmoke.spec.ts","",""
"","9850","Validate forgot password functionality with No email","webkit","Mon Aug 24 18:14:29 UTC 2026","passed","Mon Aug 24 18:14:39 UTC 2026","","specs\Smoke\1-LoginSmoke.spec.ts","",""
"","11172","Saved Filters dropdown is visible and defaults to no preset","chromium","Mon Aug 24 18:18:49 UTC 2026","passed","Mon Aug 24 18:19:00 UTC 2026","Issued Checks — Smoke","specs\Smoke\4-IssuedChecksSmoke.spec.ts","",""
"","30258","Save a filter preset, verify it is auto-selected, then delete it","webkit","Mon Aug 24 18:30:01 UTC 2026","passed","Mon Aug 24 18:30:31 UTC 2026","Exceptions — Smoke (Continued)","specs\Smoke\8-ExceptionsSmoke.spec.ts","",""
"","11461","Issued Checks breadcrumb link is visible on the page","chromium","Mon Aug 24 18:20:38 UTC 2026","passed","Mon Aug 24 18:20:50 UTC 2026","Issued Checks — Smoke (Continued)","specs\Smoke\4-IssuedChecksSmoke.spec.ts","",""
"","15154","Web Hooks sub-page loads correctly","webkit","Mon Aug 24 18:19:36 UTC 2026","passed","Mon Aug 24 18:19:51 UTC 2026","Application Navigation Smoke Tests","specs\Smoke\2-NavigationSmoke.spec.ts","",""
"","7738","Default filter auto-applies after logout and re-login","msedge","Mon Aug 24 18:21:32 UTC 2026","skipped","Mon Aug 24 18:21:39 UTC 2026","Exceptions — Default Filter (Serial)","specs\Smoke\8-ExceptionsSmoke.spec.ts","",""
"","12515","Validate Login functionality with correctCredentials","chromium","Mon Aug 24 18:12:28 UTC 2026","passed","Mon Aug 24 18:12:41 UTC 2026","","specs\Smoke\1-LoginSmoke.spec.ts","",""
"","8480","Presented Checks page loads correctly","chromium","Mon Aug 24 18:12:50 UTC 2026","passed","Mon Aug 24 18:12:59 UTC 2026","Application Navigation Smoke Tests","specs\Smoke\2-NavigationSmoke.spec.ts","",""
"","13079","Default filter auto-applies after logout and re-login","webkit","Mon Aug 24 18:29:48 UTC 2026","skipped","Mon Aug 24 18:30:01 UTC 2026","Exceptions — Default Filter (Serial)","specs\Smoke\8-ExceptionsSmoke.spec.ts","",""
"","6181","Validate Login functionality with veryLongInput","msedge","Mon Aug 24 18:13:25 UTC 2026","passed","Mon Aug 24 18:13:31 UTC 2026","","specs\Smoke\1-LoginSmoke.spec.ts","",""
"","7369","Navigation tabs to Pre-Decisions, Approvals, and Exception History are visible","msedge","Mon Aug 24 18:22:43 UTC 2026","passed","Mon Aug 24 18:22:51 UTC 2026","Exceptions — Smoke (Continued)","specs\Smoke\8-ExceptionsSmoke.spec.ts","",""
"","8893","Open Exceptions page loads with either exception cards or the empty-state message","webkit","Mon Aug 24 18:33:03 UTC 2026","passed","Mon Aug 24 18:33:12 UTC 2026","Exceptions — Smoke (Continued)","specs\Smoke\8-ExceptionsSmoke.spec.ts","",""
"","21203","Verify dashboard loads after successful login","webkit","Mon Aug 24 18:15:12 UTC 2026","passed","Mon Aug 24 18:15:33 UTC 2026","Home Dashboard","specs\Smoke\3-HomeDashboardSmoke.spec.ts","",""
"","14522","Automatic ACH Decision Rules sub-page loads correctly","webkit","Mon Aug 24 18:17:54 UTC 2026","passed","Mon Aug 24 18:18:09 UTC 2026","Application Navigation Smoke Tests","specs\Smoke\2-NavigationSmoke.spec.ts","",""
"","8408","Validate Login functionality with veryLongInput","webkit","Mon Aug 24 18:14:11 UTC 2026","passed","Mon Aug 24 18:14:20 UTC 2026","","specs\Smoke\1-LoginSmoke.spec.ts","",""
"","5413","Validate Login functionality with missingPassword","firefox","Mon Aug 24 18:29:25 UTC 2026","passed","Mon Aug 24 18:29:30 UTC 2026","","specs\Smoke\1-LoginSmoke.spec.ts","",""
"","14001","Default filter auto-applies after logout and re-login","firefox","Mon Aug 24 18:37:47 UTC 2026","skipped","Mon Aug 24 18:38:01 UTC 2026","Issued Checks — Default Filter (Serial)","specs\Smoke\4-IssuedChecksSmoke.spec.ts","",""
"","9190","Presented Checks breadcrumb link is visible on the page","chromium","Mon Aug 24 18:21:02 UTC 2026","passed","Mon Aug 24 18:21:12 UTC 2026","Presented Checks — Smoke (Continued)","specs\Smoke\5-PresentedChecksSmoke.spec.ts","",""
"","12188","Roles/Permissions sub-page loads correctly","chromium","Mon Aug 24 18:14:11 UTC 2026","passed","Mon Aug 24 18:14:23 UTC 2026","Application Navigation Smoke Tests","specs\Smoke\2-NavigationSmoke.spec.ts","",""
"","17717","""+ Add Check"" navigates to the add-check form","webkit","Mon Aug 24 18:21:07 UTC 2026","passed","Mon Aug 24 18:21:25 UTC 2026","Presented Checks — Smoke","specs\Smoke\5-PresentedChecksSmoke.spec.ts","",""
"","20199","Next page arrow advances to page 2","webkit","Mon Aug 24 18:28:13 UTC 2026","passed","Mon Aug 24 18:28:33 UTC 2026","Exceptions — Smoke","specs\Smoke\8-ExceptionsSmoke.spec.ts","",""
"","15083","""Edit"" link on a row navigates to the check edit form","firefox","Mon Aug 24 18:39:37 UTC 2026","passed","Mon Aug 24 18:39:52 UTC 2026","Presented Checks — Smoke (Continued)","specs\Smoke\5-PresentedChecksSmoke.spec.ts","",""
"","3755","Validate forgot password functionality","msedge","Mon Aug 24 18:13:31 UTC 2026","passed","Mon Aug 24 18:13:35 UTC 2026","","specs\Smoke\1-LoginSmoke.spec.ts","",""
"","7185","Page size change to 10 updates pagination info in bottom-right pager","msedge","Mon Aug 24 18:16:22 UTC 2026","passed","Mon Aug 24 18:16:30 UTC 2026","Issued Checks — Smoke","specs\Smoke\4-IssuedChecksSmoke.spec.ts","",""
"","12586","Validate teller presented-check form shows all required fields","msedge","Mon Aug 24 18:19:08 UTC 2026","passed","Mon Aug 24 18:19:21 UTC 2026","Teller - Smoke","specs\Smoke\6-TellerSmoke.spec.ts","",""
"","10708","Notification Log sub-page loads correctly","chromium","Mon Aug 24 18:16:02 UTC 2026","passed","Mon Aug 24 18:16:13 UTC 2026","Application Navigation Smoke Tests","specs\Smoke\2-NavigationSmoke.spec.ts","",""
"","16920","Typing a page number navigates to that page","webkit","Mon Aug 24 18:22:07 UTC 2026","passed","Mon Aug 24 18:22:24 UTC 2026","Issued Checks — Smoke","specs\Smoke\4-IssuedChecksSmoke.spec.ts","",""
"","13580","ACH Approval Rules sub-page loads correctly","webkit","Mon Aug 24 18:18:09 UTC 2026","passed","Mon Aug 24 18:18:22 UTC 2026","Application Navigation Smoke Tests","specs\Smoke\2-NavigationSmoke.spec.ts","",""
"","10790","Automatic Check Decision Rules sub-page loads correctly","firefox","Mon Aug 24 18:33:28 UTC 2026","passed","Mon Aug 24 18:33:39 UTC 2026","Application Navigation Smoke Tests","specs\Smoke\2-NavigationSmoke.spec.ts","",""
"","6727","API link is visible and points to swagger","msedge","Mon Aug 24 18:15:28 UTC 2026","passed","Mon Aug 24 18:15:34 UTC 2026","Application Navigation Smoke Tests","specs\Smoke\2-NavigationSmoke.spec.ts","",""
"","14276","Web Hooks sub-page loads correctly","firefox","Mon Aug 24 18:35:24 UTC 2026","passed","Mon Aug 24 18:35:39 UTC 2026","Application Navigation Smoke Tests","specs\Smoke\2-NavigationSmoke.spec.ts","",""
"","28627","Save a filter preset, verify it is auto-selected, then delete it","webkit","Mon Aug 24 18:29:36 UTC 2026","passed","Mon Aug 24 18:30:05 UTC 2026","ACH — Smoke","specs\Smoke\7-ACHSmoke.spec.ts","",""
"","15131","Column filter popup applies a filter and Clear restores the full row set","msedge","Mon Aug 24 18:21:40 UTC 2026","passed","Mon Aug 24 18:21:55 UTC 2026","ACH — Smoke","specs\Smoke\7-ACHSmoke.spec.ts","",""
"","9711","Next page arrow advances to page 2","chromium","Mon Aug 24 18:21:53 UTC 2026","passed","Mon Aug 24 18:22:02 UTC 2026","Exceptions — Smoke","specs\Smoke\8-ExceptionsSmoke.spec.ts","",""
"","10176","Last page arrow jumps to the final page","chromium","Mon Aug 24 18:22:12 UTC 2026","passed","Mon Aug 24 18:22:22 UTC 2026","ACH — Smoke","specs\Smoke\7-ACHSmoke.spec.ts","",""
"","5151","Validate Login functionality with veryLongInput","chromium","Mon Aug 24 18:13:47 UTC 2026","passed","Mon Aug 24 18:13:52 UTC 2026","","specs\Smoke\1-LoginSmoke.spec.ts","",""
"","10802","Saved Filters dropdown is visible and defaults to no preset","msedge","Mon Aug 24 18:17:13 UTC 2026","passed","Mon Aug 24 18:17:23 UTC 2026","Issued Checks — Smoke","specs\Smoke\4-IssuedChecksSmoke.spec.ts","",""
"","3586","Validate Login functionality with emptyFields","firefox","Mon Aug 24 18:29:21 UTC 2026","passed","Mon Aug 24 18:29:25 UTC 2026","","specs\Smoke\1-LoginSmoke.spec.ts","",""
"","13015","""Edit"" link on a row navigates to the check edit form","firefox","Mon Aug 24 18:38:57 UTC 2026","passed","Mon Aug 24 18:39:10 UTC 2026","Issued Checks — Smoke (Continued)","specs\Smoke\4-IssuedChecksSmoke.spec.ts","",""
"","15954","""Delete"" on a row shows a confirm modal; Cancel dismisses it without deleting","firefox","Mon Aug 24 18:44:16 UTC 2026","passed","Mon Aug 24 18:44:32 UTC 2026","ACH — Smoke","specs\Smoke\7-ACHSmoke.spec.ts","",""
"","9971","Excel export button is visible and enabled","chromium","Mon Aug 24 18:21:42 UTC 2026","passed","Mon Aug 24 18:21:52 UTC 2026","ACH — Smoke","specs\Smoke\7-ACHSmoke.spec.ts","",""
"","3892","Validate Login functionality with missingUsername","msedge","Mon Aug 24 18:13:11 UTC 2026","passed","Mon Aug 24 18:13:15 UTC 2026","","specs\Smoke\1-LoginSmoke.spec.ts","",""
"","15934","""Delete"" on a row shows a confirm modal; Cancel dismisses it without deleting","msedge","Mon Aug 24 18:18:41 UTC 2026","passed","Mon Aug 24 18:18:57 UTC 2026","Issued Checks — Smoke (Continued)","specs\Smoke\4-IssuedChecksSmoke.spec.ts","",""
"","5886","Validate Login functionality with missingUsername","chromium","Mon Aug 24 18:13:24 UTC 2026","passed","Mon Aug 24 18:13:30 UTC 2026","","specs\Smoke\1-LoginSmoke.spec.ts","",""
"","9318","Page size change to 10 updates pagination info in bottom-right pager","chromium","Mon Aug 24 18:18:09 UTC 2026","passed","Mon Aug 24 18:18:18 UTC 2026","Presented Checks — Smoke","specs\Smoke\5-PresentedChecksSmoke.spec.ts","",""
"","4646","Approvals page loads with either records or the empty-state message","msedge","Mon Aug 24 18:23:06 UTC 2026","passed","Mon Aug 24 18:23:10 UTC 2026","Exceptions — Smoke (Continued)","specs\Smoke\8-ExceptionsSmoke.spec.ts","",""
"","22932","Column filter popup applies a filter and Clear restores the full row set","firefox","Mon Aug 24 18:43:41 UTC 2026","passed","Mon Aug 24 18:44:04 UTC 2026","ACH — Smoke","specs\Smoke\7-ACHSmoke.spec.ts","",""
"","16711","Verify navigation to ACH via nav menu","webkit","Mon Aug 24 18:20:07 UTC 2026","passed","Mon Aug 24 18:20:23 UTC 2026","Home Dashboard","specs\Smoke\3-HomeDashboardSmoke.spec.ts","",""
"","30944","Save a filter preset, verify it is auto-selected, then delete it","webkit","Mon Aug 24 18:23:17 UTC 2026","passed","Mon Aug 24 18:23:48 UTC 2026","Issued Checks — Smoke (Continued)","specs\Smoke\4-IssuedChecksSmoke.spec.ts","",""
"","13101","Exceptions page loads correctly","webkit","Mon Aug 24 18:13:44 UTC 2026","passed","Mon Aug 24 18:13:57 UTC 2026","Application Navigation Smoke Tests","specs\Smoke\2-NavigationSmoke.spec.ts","",""
"","6853","Exception History grid loads with data rows and key column headers","msedge","Mon Aug 24 18:20:02 UTC 2026","passed","Mon Aug 24 18:20:09 UTC 2026","Exceptions — Smoke","specs\Smoke\8-ExceptionsSmoke.spec.ts","",""
"","11829","""View"" (Change Log) link on a row navigates to the entity log","chromium","Mon Aug 24 18:20:17 UTC 2026","passed","Mon Aug 24 18:20:29 UTC 2026","Issued Checks — Smoke (Continued)","specs\Smoke\4-IssuedChecksSmoke.spec.ts","",""
"","8129","Excel export button is visible and enabled","msedge","Mon Aug 24 18:20:18 UTC 2026","passed","Mon Aug 24 18:20:26 UTC 2026","Exceptions — Smoke","specs\Smoke\8-ExceptionsSmoke.spec.ts","",""
"","11037","Typing a page number navigates to that page","chromium","Mon Aug 24 18:22:22 UTC 2026","passed","Mon Aug 24 18:22:33 UTC 2026","ACH — Smoke","specs\Smoke\7-ACHSmoke.spec.ts","",""
"","12083","Page size change to 10 updates pagination info in bottom-right pager","firefox","Mon Aug 24 18:36:19 UTC 2026","passed","Mon Aug 24 18:36:31 UTC 2026","Issued Checks — Smoke","specs\Smoke\4-IssuedChecksSmoke.spec.ts","",""
"","15164","""+ Add Check"" navigates to the add-check form","firefox","Mon Aug 24 18:35:58 UTC 2026","passed","Mon Aug 24 18:36:13 UTC 2026","Presented Checks — Smoke","specs\Smoke\5-PresentedChecksSmoke.spec.ts","",""
"","7264","Validate Login functionality with sqlInjection","webkit","Mon Aug 24 18:13:55 UTC 2026","passed","Mon Aug 24 18:14:02 UTC 2026","","specs\Smoke\1-LoginSmoke.spec.ts","",""
"","8711","Grid View toggle navigates to the open-exceptions grid and shows key column headers","chromium","Mon Aug 24 18:24:39 UTC 2026","passed","Mon Aug 24 18:24:47 UTC 2026","Exceptions — Smoke (Continued)","specs\Smoke\8-ExceptionsSmoke.spec.ts","",""
"","7202","Open Exceptions page loads with either exception cards or the empty-state message","msedge","Mon Aug 24 18:22:51 UTC 2026","passed","Mon Aug 24 18:22:58 UTC 2026","Exceptions — Smoke (Continued)","specs\Smoke\8-ExceptionsSmoke.spec.ts","",""
"","9878","Page size change to 10 updates pagination info in bottom-right pager","msedge","Mon Aug 24 18:17:15 UTC 2026","passed","Mon Aug 24 18:17:25 UTC 2026","Presented Checks — Smoke","specs\Smoke\5-PresentedChecksSmoke.spec.ts","",""
"","11763","Default filter auto-applies after logout and re-login","msedge","Mon Aug 24 18:21:04 UTC 2026","skipped","Mon Aug 24 18:21:16 UTC 2026","ACH — Smoke","specs\Smoke\7-ACHSmoke.spec.ts","",""
"","10181","Business Clients sub-page loads correctly","chromium","Mon Aug 24 18:13:49 UTC 2026","passed","Mon Aug 24 18:13:59 UTC 2026","Application Navigation Smoke Tests","specs\Smoke\2-NavigationSmoke.spec.ts","",""
"","17104","Search box filters grid and clears correctly","webkit","Mon Aug 24 18:20:42 UTC 2026","passed","Mon Aug 24 18:20:59 UTC 2026","Issued Checks — Smoke","specs\Smoke\4-IssuedChecksSmoke.spec.ts","",""
"","17491","Grid loads with data rows and key column headers","webkit","Mon Aug 24 18:20:50 UTC 2026","passed","Mon Aug 24 18:21:07 UTC 2026","Presented Checks — Smoke","specs\Smoke\5-PresentedChecksSmoke.spec.ts","",""
"","17341","Last page arrow jumps to the final page","webkit","Mon Aug 24 18:22:52 UTC 2026","passed","Mon Aug 24 18:23:09 UTC 2026","Presented Checks — Smoke","specs\Smoke\5-PresentedChecksSmoke.spec.ts","",""
"","12992","Typing a page number navigates to that page","firefox","Mon Aug 24 18:37:45 UTC 2026","passed","Mon Aug 24 18:37:58 UTC 2026","Presented Checks — Smoke","specs\Smoke\5-PresentedChecksSmoke.spec.ts","",""
"","5539","Validate Login functionality with invalidEmailFormat","firefox","Mon Aug 24 18:29:15 UTC 2026","passed","Mon Aug 24 18:29:21 UTC 2026","","specs\Smoke\1-LoginSmoke.spec.ts","",""
"","17260","Column filter popup applies a filter and Clear restores the full row set","firefox","Mon Aug 24 18:39:19 UTC 2026","passed","Mon Aug 24 18:39:37 UTC 2026","Presented Checks — Smoke (Continued)","specs\Smoke\5-PresentedChecksSmoke.spec.ts","",""
"","9689","Verify all three dashboard view tabs are visible","chromium","Mon Aug 24 18:14:43 UTC 2026","passed","Mon Aug 24 18:14:53 UTC 2026","Home Dashboard","specs\Smoke\3-HomeDashboardSmoke.spec.ts","",""
"","14398","System Log sub-page loads correctly","webkit","Mon Aug 24 18:18:50 UTC 2026","passed","Mon Aug 24 18:19:04 UTC 2026","Application Navigation Smoke Tests","specs\Smoke\2-NavigationSmoke.spec.ts","",""
"","8766","Issued Checks page loads correctly","chromium","Mon Aug 24 18:12:41 UTC 2026","passed","Mon Aug 24 18:12:50 UTC 2026","Application Navigation Smoke Tests","specs\Smoke\2-NavigationSmoke.spec.ts","",""
"","13523","Exceptions breadcrumb link is visible on the page","firefox","Mon Aug 24 18:44:52 UTC 2026","passed","Mon Aug 24 18:45:06 UTC 2026","Exceptions — Smoke (Continued)","specs\Smoke\8-ExceptionsSmoke.spec.ts","",""
"","9979","Last page arrow jumps to the final page","chromium","Mon Aug 24 18:18:28 UTC 2026","passed","Mon Aug 24 18:18:38 UTC 2026","Presented Checks — Smoke","specs\Smoke\5-PresentedChecksSmoke.spec.ts","",""
"","9907","Validate Login functionality with incorrectUsername","webkit","Mon Aug 24 18:13:07 UTC 2026","passed","Mon Aug 24 18:13:17 UTC 2026","","specs\Smoke\1-LoginSmoke.spec.ts","",""
"","11979","Decision Files sub-page loads correctly","firefox","Mon Aug 24 18:32:39 UTC 2026","passed","Mon Aug 24 18:32:51 UTC 2026","Application Navigation Smoke Tests","specs\Smoke\2-NavigationSmoke.spec.ts","",""
"","34635","Pay/Return decision badge navigates to exception history","webkit","Mon Aug 24 18:31:25 UTC 2026","passed","Mon Aug 24 18:31:59 UTC 2026","ACH — Smoke","specs\Smoke\7-ACHSmoke.spec.ts","",""
"","8674","System Log sub-page loads correctly","msedge","Mon Aug 24 18:15:12 UTC 2026","passed","Mon Aug 24 18:15:21 UTC 2026","Application Navigation Smoke Tests","specs\Smoke\2-NavigationSmoke.spec.ts","",""
"","11018","Verify navigation to Issued Checks via nav menu","firefox","Mon Aug 24 18:33:58 UTC 2026","passed","Mon Aug 24 18:34:09 UTC 2026","Home Dashboard","specs\Smoke\3-HomeDashboardSmoke.spec.ts","",""
"","15885","Clicking a column header sorts ascending, clicking again sorts descending","firefox","Mon Aug 24 18:43:39 UTC 2026","passed","Mon Aug 24 18:43:55 UTC 2026","Exceptions — Smoke (Continued)","specs\Smoke\8-ExceptionsSmoke.spec.ts","",""
"","8562","Pay/Return decision badge navigates to exception history","msedge","Mon Aug 24 18:19:47 UTC 2026","passed","Mon Aug 24 18:19:56 UTC 2026","Presented Checks — Smoke (Continued)","specs\Smoke\5-PresentedChecksSmoke.spec.ts","",""
"","13842","Business Clients sub-page loads correctly","webkit","Mon Aug 24 18:14:23 UTC 2026","passed","Mon Aug 24 18:14:37 UTC 2026","Application Navigation Smoke Tests","specs\Smoke\2-NavigationSmoke.spec.ts","",""
"","9713","Next page arrow advances to page 2","chromium","Mon Aug 24 18:18:08 UTC 2026","passed","Mon Aug 24 18:18:18 UTC 2026","Issued Checks — Smoke","specs\Smoke\4-IssuedChecksSmoke.spec.ts","",""
"","6540","Billing Reports sub-page loads correctly","msedge","Mon Aug 24 18:13:52 UTC 2026","passed","Mon Aug 24 18:13:58 UTC 2026","Application Navigation Smoke Tests","specs\Smoke\2-NavigationSmoke.spec.ts","",""
"","14053","Verify profile menu shows My Info and Logout links","firefox","Mon Aug 24 18:33:24 UTC 2026","passed","Mon Aug 24 18:33:38 UTC 2026","Home Dashboard","specs\Smoke\3-HomeDashboardSmoke.spec.ts","",""
"","8899","Verify Check Only tab shows Check-specific chart sections","chromium","Mon Aug 24 18:14:59 UTC 2026","passed","Mon Aug 24 18:15:08 UTC 2026","Home Dashboard","specs\Smoke\3-HomeDashboardSmoke.spec.ts","",""
"","10464","""+ Add Check"" navigates to the add-check form","chromium","Mon Aug 24 18:17:14 UTC 2026","passed","Mon Aug 24 18:17:24 UTC 2026","Issued Checks — Smoke","specs\Smoke\4-IssuedChecksSmoke.spec.ts","",""
"","11373","Verify Total Exceptions and Total Exception Amount labels are visible","firefox","Mon Aug 24 18:32:41 UTC 2026","passed","Mon Aug 24 18:32:53 UTC 2026","Home Dashboard","specs\Smoke\3-HomeDashboardSmoke.spec.ts","",""
"","9523","Excel export button is visible and enabled","chromium","Mon Aug 24 18:17:59 UTC 2026","passed","Mon Aug 24 18:18:09 UTC 2026","Presented Checks — Smoke","specs\Smoke\5-PresentedChecksSmoke.spec.ts","",""
"","16184","Save a filter preset, verify it is auto-selected, then delete it","chromium","Mon Aug 24 18:19:43 UTC 2026","passed","Mon Aug 24 18:19:59 UTC 2026","Presented Checks — Smoke (Continued)","specs\Smoke\5-PresentedChecksSmoke.spec.ts","",""
"","13079","Last page arrow jumps to the final page","firefox","Mon Aug 24 18:37:31 UTC 2026","passed","Mon Aug 24 18:37:44 UTC 2026","Presented Checks — Smoke","specs\Smoke\5-PresentedChecksSmoke.spec.ts","",""
"","14885","Validate Login functionality with correctCredentials","webkit","Mon Aug 24 18:12:31 UTC 2026","passed","Mon Aug 24 18:12:46 UTC 2026","","specs\Smoke\1-LoginSmoke.spec.ts","",""
"","22982","Column filter popup applies a filter and Clear restores the full row set","webkit","Mon Aug 24 18:25:11 UTC 2026","passed","Mon Aug 24 18:25:34 UTC 2026","Presented Checks — Smoke (Continued)","specs\Smoke\5-PresentedChecksSmoke.spec.ts","",""
"","8926","""Delete"" on a row shows a confirm modal; Cancel dismisses it without deleting","chromium","Mon Aug 24 18:24:12 UTC 2026","passed","Mon Aug 24 18:24:20 UTC 2026","ACH — Smoke","specs\Smoke\7-ACHSmoke.spec.ts","",""
"","10376","Navigation tabs to Pre-Decisions, Approvals, and Exception History are visible","chromium","Mon Aug 24 18:24:17 UTC 2026","passed","Mon Aug 24 18:24:27 UTC 2026","Exceptions — Smoke (Continued)","specs\Smoke\8-ExceptionsSmoke.spec.ts","",""
"","16202","Last page arrow jumps to the final page","msedge","Mon Aug 24 18:17:35 UTC 2026","passed","Mon Aug 24 18:17:51 UTC 2026","Presented Checks — Smoke","specs\Smoke\5-PresentedChecksSmoke.spec.ts","",""
"","12147","Verify delayed data note and force refresh link are visible on dashboard","firefox","Mon Aug 24 18:33:02 UTC 2026","passed","Mon Aug 24 18:33:14 UTC 2026","Home Dashboard","specs\Smoke\3-HomeDashboardSmoke.spec.ts","",""
"","6560","Settings page loads correctly","msedge","Mon Aug 24 18:13:12 UTC 2026","passed","Mon Aug 24 18:13:19 UTC 2026","Application Navigation Smoke Tests","specs\Smoke\2-NavigationSmoke.spec.ts","",""
"","9300","Next page arrow advances to page 2","chromium","Mon Aug 24 18:22:02 UTC 2026","passed","Mon Aug 24 18:22:12 UTC 2026","ACH — Smoke","specs\Smoke\7-ACHSmoke.spec.ts","",""
"","5618","Default Decision Log sub-page loads correctly","msedge","Mon Aug 24 18:15:06 UTC 2026","passed","Mon Aug 24 18:15:12 UTC 2026","Application Navigation Smoke Tests","specs\Smoke\2-NavigationSmoke.spec.ts","",""
"","6336","File Formats sub-page loads correctly","msedge","Mon Aug 24 18:14:13 UTC 2026","passed","Mon Aug 24 18:14:19 UTC 2026","Application Navigation Smoke Tests","specs\Smoke\2-NavigationSmoke.spec.ts","",""
"","14719","Verify navigation to Issued Checks via nav menu","webkit","Mon Aug 24 18:19:36 UTC 2026","passed","Mon Aug 24 18:19:51 UTC 2026","Home Dashboard","specs\Smoke\3-HomeDashboardSmoke.spec.ts","",""
"","9231","Typing a page number navigates to that page","msedge","Mon Aug 24 18:20:35 UTC 2026","passed","Mon Aug 24 18:20:44 UTC 2026","ACH — Smoke","specs\Smoke\7-ACHSmoke.spec.ts","",""
"","7601","Grid loads with data rows and key column headers","msedge","Mon Aug 24 18:15:44 UTC 2026","passed","Mon Aug 24 18:15:51 UTC 2026","Issued Checks — Smoke","specs\Smoke\4-IssuedChecksSmoke.spec.ts","",""
"","8160","Verify navigation to ACH via nav menu","chromium","Mon Aug 24 18:16:53 UTC 2026","passed","Mon Aug 24 18:17:01 UTC 2026","Home Dashboard","specs\Smoke\3-HomeDashboardSmoke.spec.ts","",""
"","9281","""Delete"" on a row shows a confirm modal; Cancel dismisses it without deleting","chromium","Mon Aug 24 18:20:29 UTC 2026","passed","Mon Aug 24 18:20:38 UTC 2026","Issued Checks — Smoke (Continued)","specs\Smoke\4-IssuedChecksSmoke.spec.ts","",""
"","17704","""Uploaded Checks"" navigates to the uploads page","firefox","Mon Aug 24 18:36:13 UTC 2026","passed","Mon Aug 24 18:36:31 UTC 2026","Presented Checks — Smoke","specs\Smoke\5-PresentedChecksSmoke.spec.ts","",""
"","17854","""Edit"" link on a row navigates to the check edit form","webkit","Mon Aug 24 18:24:31 UTC 2026","passed","Mon Aug 24 18:24:49 UTC 2026","Issued Checks — Smoke (Continued)","specs\Smoke\4-IssuedChecksSmoke.spec.ts","",""
"","9641","Notification Templates sub-page loads correctly","chromium","Mon Aug 24 18:15:18 UTC 2026","passed","Mon Aug 24 18:15:28 UTC 2026","Application Navigation Smoke Tests","specs\Smoke\2-NavigationSmoke.spec.ts","",""
"","9471","Default filter auto-applies after logout and re-login","firefox","Mon Aug 24 18:43:09 UTC 2026","skipped","Mon Aug 24 18:43:19 UTC 2026","Exceptions — Default Filter (Serial)","specs\Smoke\8-ExceptionsSmoke.spec.ts","",""
"","8491","Verify chart title changes with selected tab","msedge","Mon Aug 24 18:14:42 UTC 2026","passed","Mon Aug 24 18:14:51 UTC 2026","Home Dashboard","specs\Smoke\3-HomeDashboardSmoke.spec.ts","",""
"","5732","Validate Login functionality with xssInUsername","msedge","Mon Aug 24 18:13:19 UTC 2026","passed","Mon Aug 24 18:13:25 UTC 2026","","specs\Smoke\1-LoginSmoke.spec.ts","",""
"","7557","ACH page loads correctly","msedge","Mon Aug 24 18:12:58 UTC 2026","passed","Mon Aug 24 18:13:06 UTC 2026","Application Navigation Smoke Tests","specs\Smoke\2-NavigationSmoke.spec.ts","",""
"","9170","File Formats sub-page loads correctly","chromium","Mon Aug 24 18:15:09 UTC 2026","passed","Mon Aug 24 18:15:18 UTC 2026","Application Navigation Smoke Tests","specs\Smoke\2-NavigationSmoke.spec.ts","",""
"","13657","Branding sub-page loads correctly","webkit","Mon Aug 24 18:15:05 UTC 2026","passed","Mon Aug 24 18:15:19 UTC 2026","Application Navigation Smoke Tests","specs\Smoke\2-NavigationSmoke.spec.ts","",""
"","11627","ACH page loads correctly","firefox","Mon Aug 24 18:29:34 UTC 2026","passed","Mon Aug 24 18:29:45 UTC 2026","Application Navigation Smoke Tests","specs\Smoke\2-NavigationSmoke.spec.ts","",""
"","13359","Account Settings sub-page loads correctly","webkit","Mon Aug 24 18:14:10 UTC 2026","passed","Mon Aug 24 18:14:23 UTC 2026","Application Navigation Smoke Tests","specs\Smoke\2-NavigationSmoke.spec.ts","",""
"","18998","""Delete"" on a row shows a confirm modal; Cancel dismisses it without deleting","webkit","Mon Aug 24 18:31:06 UTC 2026","passed","Mon Aug 24 18:31:25 UTC 2026","ACH — Smoke","specs\Smoke\7-ACHSmoke.spec.ts","",""
"","16734","Validate Login functionality with correctCredentials","firefox","Mon Aug 24 18:28:37 UTC 2026","passed","Mon Aug 24 18:28:53 UTC 2026","","specs\Smoke\1-LoginSmoke.spec.ts","",""
"","15051","""+ Add ACH"" navigates to the add-ACH form","webkit","Mon Aug 24 18:26:18 UTC 2026","passed","Mon Aug 24 18:26:33 UTC 2026","ACH — Smoke","specs\Smoke\7-ACHSmoke.spec.ts","",""
"","8109","""+ Add ACH"" navigates to the add-ACH form","msedge","Mon Aug 24 18:19:31 UTC 2026","passed","Mon Aug 24 18:19:39 UTC 2026","ACH — Smoke","specs\Smoke\7-ACHSmoke.spec.ts","",""
"","19956","Save a filter preset, verify it is auto-selected, then delete it","firefox","Mon Aug 24 18:43:05 UTC 2026","passed","Mon Aug 24 18:43:25 UTC 2026","ACH — Smoke","specs\Smoke\7-ACHSmoke.spec.ts","",""
"","25872","Default filter auto-applies after logout and re-login","chromium","Mon Aug 24 18:19:00 UTC 2026","passed","Mon Aug 24 18:19:26 UTC 2026","Issued Checks — Default Filter (Serial)","specs\Smoke\4-IssuedChecksSmoke.spec.ts","",""
"","9842","Page size change to 10 updates pagination info in bottom-right pager","chromium","Mon Aug 24 18:21:52 UTC 2026","passed","Mon Aug 24 18:22:02 UTC 2026","ACH — Smoke","specs\Smoke\7-ACHSmoke.spec.ts","",""
"","4231","Validate forgot password with unregistered email","msedge","Mon Aug 24 18:13:40 UTC 2026","passed","Mon Aug 24 18:13:44 UTC 2026","","specs\Smoke\1-LoginSmoke.spec.ts","",""
"","8240","Excel export button is visible and enabled","msedge","Mon Aug 24 18:19:58 UTC 2026","passed","Mon Aug 24 18:20:07 UTC 2026","ACH — Smoke","specs\Smoke\7-ACHSmoke.spec.ts","",""
"","5427","Holiday Schedules sub-page loads correctly","msedge","Mon Aug 24 18:14:07 UTC 2026","passed","Mon Aug 24 18:14:13 UTC 2026","Application Navigation Smoke Tests","specs\Smoke\2-NavigationSmoke.spec.ts","",""
"","19306","""Delete"" on a row shows a confirm modal; Cancel dismisses it without deleting","webkit","Mon Aug 24 18:26:07 UTC 2026","passed","Mon Aug 24 18:26:26 UTC 2026","Presented Checks — Smoke (Continued)","specs\Smoke\5-PresentedChecksSmoke.spec.ts","",""
"","6119","Verify navigation to Exceptions via nav menu","chromium","Mon Aug 24 18:17:01 UTC 2026","passed","Mon Aug 24 18:17:07 UTC 2026","Home Dashboard","specs\Smoke\3-HomeDashboardSmoke.spec.ts","",""
"","12742","Verify navigation to Exceptions via nav menu","webkit","Mon Aug 24 18:20:23 UTC 2026","passed","Mon Aug 24 18:20:36 UTC 2026","Home Dashboard","specs\Smoke\3-HomeDashboardSmoke.spec.ts","",""
"","9491","Clicking a column header sorts ascending, clicking again sorts descending","msedge","Mon Aug 24 18:21:55 UTC 2026","passed","Mon Aug 24 18:22:04 UTC 2026","Exceptions — Smoke (Continued)","specs\Smoke\8-ExceptionsSmoke.spec.ts","",""
"","13380","Default filter auto-applies after logout and re-login","firefox","Mon Aug 24 18:42:52 UTC 2026","skipped","Mon Aug 24 18:43:05 UTC 2026","ACH — Smoke","specs\Smoke\7-ACHSmoke.spec.ts","",""
"","7408","Excel export button is visible and enabled","msedge","Mon Aug 24 18:16:15 UTC 2026","passed","Mon Aug 24 18:16:22 UTC 2026","Issued Checks — Smoke","specs\Smoke\4-IssuedChecksSmoke.spec.ts","",""
"","5494","Users sub-page loads correctly","msedge","Mon Aug 24 18:13:32 UTC 2026","passed","Mon Aug 24 18:13:37 UTC 2026","Application Navigation Smoke Tests","specs\Smoke\2-NavigationSmoke.spec.ts","",""
"","8381","""Delete"" on a row shows a confirm modal; Cancel dismisses it without deleting","msedge","Mon Aug 24 18:19:39 UTC 2026","passed","Mon Aug 24 18:19:47 UTC 2026","Presented Checks — Smoke (Continued)","specs\Smoke\5-PresentedChecksSmoke.spec.ts","",""
"","11168","Search box filters grid and clears correctly","chromium","Mon Aug 24 18:21:22 UTC 2026","passed","Mon Aug 24 18:21:33 UTC 2026","Exceptions — Smoke","specs\Smoke\8-ExceptionsSmoke.spec.ts","",""
"","21661","Excel export button is visible and enabled","firefox","Mon Aug 24 18:35:58 UTC 2026","passed","Mon Aug 24 18:36:19 UTC 2026","Issued Checks — Smoke","specs\Smoke\4-IssuedChecksSmoke.spec.ts","",""
"","12834","Users sub-page loads correctly","webkit","Mon Aug 24 18:14:37 UTC 2026","passed","Mon Aug 24 18:14:50 UTC 2026","Application Navigation Smoke Tests","specs\Smoke\2-NavigationSmoke.spec.ts","",""
"","9902","Grid loads with data rows and key column headers","msedge","Mon Aug 24 18:19:21 UTC 2026","passed","Mon Aug 24 18:19:31 UTC 2026","ACH — Smoke","specs\Smoke\7-ACHSmoke.spec.ts","",""
"","24509","Default filter auto-applies after logout and re-login","chromium","Mon Aug 24 18:22:40 UTC 2026","passed","Mon Aug 24 18:23:05 UTC 2026","Exceptions — Default Filter (Serial)","specs\Smoke\8-ExceptionsSmoke.spec.ts","",""
"","6965","Validate Login functionality with caseSensitiveEmail","chromium","Mon Aug 24 18:12:41 UTC 2026","passed","Mon Aug 24 18:12:48 UTC 2026","","specs\Smoke\1-LoginSmoke.spec.ts","",""
"","9807","Clicking a column header sorts ascending, clicking again sorts descending","msedge","Mon Aug 24 18:18:59 UTC 2026","passed","Mon Aug 24 18:19:08 UTC 2026","Presented Checks — Smoke (Continued)","specs\Smoke\5-PresentedChecksSmoke.spec.ts","",""
"","14765","Issued Checks page loads correctly","webkit","Mon Aug 24 18:12:48 UTC 2026","passed","Mon Aug 24 18:13:03 UTC 2026","Application Navigation Smoke Tests","specs\Smoke\2-NavigationSmoke.spec.ts","",""
"","16918","Previous page button returns to page 1, First page button re-enables disabled state","firefox","Mon Aug 24 18:37:17 UTC 2026","passed","Mon Aug 24 18:37:34 UTC 2026","Issued Checks — Smoke","specs\Smoke\4-IssuedChecksSmoke.spec.ts","",""
"","14263","System Log sub-page loads correctly","firefox","Mon Aug 24 18:34:40 UTC 2026","passed","Mon Aug 24 18:34:55 UTC 2026","Application Navigation Smoke Tests","specs\Smoke\2-NavigationSmoke.spec.ts","",""
"","10258","Verify dashboard loads after successful login","chromium","Mon Aug 24 18:14:33 UTC 2026","passed","Mon Aug 24 18:14:43 UTC 2026","Home Dashboard","specs\Smoke\3-HomeDashboardSmoke.spec.ts","",""
"","12181","""Uploaded Checks"" navigates to the uploads page","chromium","Mon Aug 24 18:17:36 UTC 2026","passed","Mon Aug 24 18:17:48 UTC 2026","Presented Checks — Smoke","specs\Smoke\5-PresentedChecksSmoke.spec.ts","",""
"","16017","Typing a page number navigates to that page","firefox","Mon Aug 24 18:42:20 UTC 2026","passed","Mon Aug 24 18:42:36 UTC 2026","Exceptions — Smoke","specs\Smoke\8-ExceptionsSmoke.spec.ts","",""
"","11087","Clicking a column header sorts ascending, clicking again sorts descending","chromium","Mon Aug 24 18:23:22 UTC 2026","passed","Mon Aug 24 18:23:33 UTC 2026","Exceptions — Smoke (Continued)","specs\Smoke\8-ExceptionsSmoke.spec.ts","",""
"","14697","Billing Reports sub-page loads correctly","firefox","Mon Aug 24 18:32:25 UTC 2026","passed","Mon Aug 24 18:32:39 UTC 2026","Application Navigation Smoke Tests","specs\Smoke\2-NavigationSmoke.spec.ts","",""
"","8433","""Uploaded ACH"" navigates to the uploads page","msedge","Mon Aug 24 18:19:39 UTC 2026","passed","Mon Aug 24 18:19:48 UTC 2026","ACH — Smoke","specs\Smoke\7-ACHSmoke.spec.ts","",""
"","7034","Approvals page loads with either records or the empty-state message","firefox","Mon Aug 24 18:45:36 UTC 2026","passed","Mon Aug 24 18:45:43 UTC 2026","Exceptions — Smoke (Continued)","specs\Smoke\8-ExceptionsSmoke.spec.ts","",""
"","83729","Roles/Permissions sub-page loads correctly","firefox","Mon Aug 24 18:30:52 UTC 2026","passed","Mon Aug 24 18:32:16 UTC 2026","Application Navigation Smoke Tests","specs\Smoke\2-NavigationSmoke.spec.ts","",""
"","9794","ACH page loads correctly","chromium","Mon Aug 24 18:13:08 UTC 2026","passed","Mon Aug 24 18:13:18 UTC 2026","Application Navigation Smoke Tests","specs\Smoke\2-NavigationSmoke.spec.ts","",""
"","16494","Page size change to 10 updates pagination info in bottom-right pager","webkit","Mon Aug 24 18:21:14 UTC 2026","passed","Mon Aug 24 18:21:31 UTC 2026","Issued Checks — Smoke","specs\Smoke\4-IssuedChecksSmoke.spec.ts","",""
"","15881","Saved Filters dropdown is visible and defaults to no preset","webkit","Mon Aug 24 18:22:48 UTC 2026","passed","Mon Aug 24 18:23:04 UTC 2026","Issued Checks — Smoke","specs\Smoke\4-IssuedChecksSmoke.spec.ts","",""
"","9434","Verify summary KPI values have expected number formats","chromium","Mon Aug 24 18:15:52 UTC 2026","passed","Mon Aug 24 18:16:01 UTC 2026","Home Dashboard","specs\Smoke\3-HomeDashboardSmoke.spec.ts","",""
"","8798","Branding sub-page loads correctly","chromium","Mon Aug 24 18:14:23 UTC 2026","passed","Mon Aug 24 18:14:32 UTC 2026","Application Navigation Smoke Tests","specs\Smoke\2-NavigationSmoke.spec.ts","",""
"","21356","Column filter menu applies a filter and Clear restores the full row set","firefox","Mon Aug 24 18:43:55 UTC 2026","passed","Mon Aug 24 18:44:16 UTC 2026","Exceptions — Smoke (Continued)","specs\Smoke\8-ExceptionsSmoke.spec.ts","",""
"","15150","Clicking a column header sorts ascending, clicking again sorts descending","firefox","Mon Aug 24 18:38:19 UTC 2026","passed","Mon Aug 24 18:38:34 UTC 2026","Issued Checks — Smoke (Continued)","specs\Smoke\4-IssuedChecksSmoke.spec.ts","",""
"","15653","Excel export button is visible and enabled","webkit","Mon Aug 24 18:20:59 UTC 2026","passed","Mon Aug 24 18:21:14 UTC 2026","Issued Checks — Smoke","specs\Smoke\4-IssuedChecksSmoke.spec.ts","",""
"","11026","Exceptions page loads correctly","chromium","Mon Aug 24 18:13:18 UTC 2026","passed","Mon Aug 24 18:13:29 UTC 2026","Application Navigation Smoke Tests","specs\Smoke\2-NavigationSmoke.spec.ts","",""
"","8571","Validate forgot password with unregistered email","webkit","Mon Aug 24 18:14:39 UTC 2026","passed","Mon Aug 24 18:14:47 UTC 2026","","specs\Smoke\1-LoginSmoke.spec.ts","",""
"","11857","Default filter auto-applies after logout and re-login","msedge","Mon Aug 24 18:17:23 UTC 2026","skipped","Mon Aug 24 18:17:35 UTC 2026","Issued Checks — Default Filter (Serial)","specs\Smoke\4-IssuedChecksSmoke.spec.ts","",""
"","6067","Pre-Decisions page loads with either records or the empty-state message","webkit","Mon Aug 24 18:33:28 UTC 2026","passed","Mon Aug 24 18:33:34 UTC 2026","Exceptions — Smoke (Continued)","specs\Smoke\8-ExceptionsSmoke.spec.ts","",""
"","5261","Validate Login functionality with missingPassword","msedge","Mon Aug 24 18:13:06 UTC 2026","passed","Mon Aug 24 18:13:11 UTC 2026","","specs\Smoke\1-LoginSmoke.spec.ts","",""
"","7900","Verify Home dashboard is restored after returning from another page","chromium","Mon Aug 24 18:16:30 UTC 2026","passed","Mon Aug 24 18:16:38 UTC 2026","Home Dashboard","specs\Smoke\3-HomeDashboardSmoke.spec.ts","",""
"","7214","Account Settings sub-page loads correctly","msedge","Mon Aug 24 18:13:19 UTC 2026","passed","Mon Aug 24 18:13:26 UTC 2026","Application Navigation Smoke Tests","specs\Smoke\2-NavigationSmoke.spec.ts","",""
