"DESCRIPTION","DURATION IN MS","NAME","PARENT SUITE","START TIME","STATUS","STOP TIME","SUB SUITE","SUITE","TEST CLASS","TEST METHOD"
"","18921","""+ Add Check"" navigates to the add-check form","webkit","Thu Aug 27 10:13:55 UTC 2026","passed","Thu Aug 27 10:14:14 UTC 2026","Issued Checks — Smoke","specs\Smoke\4-IssuedChecksSmoke.spec.ts","",""
"","9984","Excel export button is visible and enabled","chromium","Thu Aug 27 10:13:58 UTC 2026","passed","Thu Aug 27 10:14:08 UTC 2026","ACH — Smoke","specs\Smoke\7-ACHSmoke.spec.ts","",""
"","31594","Save a filter preset, verify it is auto-selected, then delete it","webkit","Thu Aug 27 10:24:06 UTC 2026","passed","Thu Aug 27 10:24:37 UTC 2026","Exceptions — Smoke (Continued)","specs\Smoke\8-ExceptionsSmoke.spec.ts","",""
"","10338","Search box filters grid and clears correctly","msedge","Thu Aug 27 10:12:57 UTC 2026","passed","Thu Aug 27 10:13:07 UTC 2026","Exceptions — Smoke","specs\Smoke\8-ExceptionsSmoke.spec.ts","",""
"","16573","File Formats sub-page loads correctly","firefox","Thu Aug 27 10:26:29 UTC 2026","passed","Thu Aug 27 10:26:45 UTC 2026","Application Navigation Smoke Tests","specs\Smoke\2-NavigationSmoke.spec.ts","",""
"","11576","Verify Total Exceptions and Total Exception Amount labels are visible","firefox","Thu Aug 27 10:26:58 UTC 2026","passed","Thu Aug 27 10:27:10 UTC 2026","Home Dashboard","specs\Smoke\3-HomeDashboardSmoke.spec.ts","",""
"","16669","Validate session persists after page refresh","webkit","Thu Aug 27 10:07:30 UTC 2026","passed","Thu Aug 27 10:07:47 UTC 2026","","specs\Smoke\1-LoginSmoke.spec.ts","",""
"","4171","Validate Login functionality with xssInUsername","msedge","Thu Aug 27 10:06:34 UTC 2026","passed","Thu Aug 27 10:06:38 UTC 2026","","specs\Smoke\1-LoginSmoke.spec.ts","",""
"","14190","Default Decision Log sub-page loads correctly","firefox","Thu Aug 27 10:28:20 UTC 2026","passed","Thu Aug 27 10:28:34 UTC 2026","Application Navigation Smoke Tests","specs\Smoke\2-NavigationSmoke.spec.ts","",""
"","4659","Validate Login functionality with missingPassword","chromium","Thu Aug 27 10:06:34 UTC 2026","passed","Thu Aug 27 10:06:39 UTC 2026","","specs\Smoke\1-LoginSmoke.spec.ts","",""
"","14022","Validate teller presented-check form shows all required fields","firefox","Thu Aug 27 10:35:52 UTC 2026","passed","Thu Aug 27 10:36:06 UTC 2026","Teller - Smoke","specs\Smoke\6-TellerSmoke.spec.ts","",""
"","23340","Column filter popup applies a filter and Clear restores the full row set","firefox","Thu Aug 27 10:40:25 UTC 2026","passed","Thu Aug 27 10:40:48 UTC 2026","ACH — Smoke","specs\Smoke\7-ACHSmoke.spec.ts","",""
"","20163","""Delete"" on a row shows a confirm modal; Cancel dismisses it without deleting","webkit","Thu Aug 27 10:26:10 UTC 2026","passed","Thu Aug 27 10:26:30 UTC 2026","ACH — Smoke","specs\Smoke\7-ACHSmoke.spec.ts","",""
"","21139","Search box filters grid and clears correctly","firefox","Thu Aug 27 10:36:57 UTC 2026","passed","Thu Aug 27 10:37:19 UTC 2026","ACH — Smoke","specs\Smoke\7-ACHSmoke.spec.ts","",""
"","9422","File Formats sub-page loads correctly","msedge","Thu Aug 27 10:07:45 UTC 2026","passed","Thu Aug 27 10:07:55 UTC 2026","Application Navigation Smoke Tests","specs\Smoke\2-NavigationSmoke.spec.ts","",""
"","11701","Web Hooks sub-page loads correctly","firefox","Thu Aug 27 10:29:20 UTC 2026","passed","Thu Aug 27 10:29:31 UTC 2026","Application Navigation Smoke Tests","specs\Smoke\2-NavigationSmoke.spec.ts","",""
"","15344","Settings page loads correctly","firefox","Thu Aug 27 10:24:02 UTC 2026","passed","Thu Aug 27 10:24:17 UTC 2026","Application Navigation Smoke Tests","specs\Smoke\2-NavigationSmoke.spec.ts","",""
"","12100","Presented Checks page loads correctly","firefox","Thu Aug 27 10:23:06 UTC 2026","passed","Thu Aug 27 10:23:18 UTC 2026","Application Navigation Smoke Tests","specs\Smoke\2-NavigationSmoke.spec.ts","",""
"","9787","Pre-Decisions page loads with either records or the empty-state message","firefox","Thu Aug 27 10:42:39 UTC 2026","passed","Thu Aug 27 10:42:49 UTC 2026","Exceptions — Smoke (Continued)","specs\Smoke\8-ExceptionsSmoke.spec.ts","",""
"","21336","Verify navigation to Settings via nav menu","firefox","Thu Aug 27 10:30:12 UTC 2026","passed","Thu Aug 27 10:30:33 UTC 2026","Home Dashboard","specs\Smoke\3-HomeDashboardSmoke.spec.ts","",""
"","12343","Validate Login functionality with correctCredentials","chromium","Thu Aug 27 10:05:55 UTC 2026","passed","Thu Aug 27 10:06:07 UTC 2026","","specs\Smoke\1-LoginSmoke.spec.ts","",""
"","8945","Next page arrow advances to page 2","msedge","Thu Aug 27 10:10:15 UTC 2026","passed","Thu Aug 27 10:10:24 UTC 2026","Issued Checks — Smoke","specs\Smoke\4-IssuedChecksSmoke.spec.ts","",""
"","18886","Navigation tabs to Pre-Decisions, Approvals, and Exception History are visible","webkit","Thu Aug 27 10:26:42 UTC 2026","passed","Thu Aug 27 10:27:01 UTC 2026","Exceptions — Smoke (Continued)","specs\Smoke\8-ExceptionsSmoke.spec.ts","",""
"","11541","Previous page button returns to page 1, First page button re-enables disabled state","msedge","Thu Aug 27 10:13:56 UTC 2026","passed","Thu Aug 27 10:14:08 UTC 2026","Exceptions — Smoke","specs\Smoke\8-ExceptionsSmoke.spec.ts","",""
"","14170","Verify delayed data note and force refresh link are visible on dashboard","webkit","Thu Aug 27 10:11:24 UTC 2026","passed","Thu Aug 27 10:11:38 UTC 2026","Home Dashboard","specs\Smoke\3-HomeDashboardSmoke.spec.ts","",""
"","8132","Page size change to 10 updates pagination info in bottom-right pager","msedge","Thu Aug 27 10:10:07 UTC 2026","passed","Thu Aug 27 10:10:15 UTC 2026","Issued Checks — Smoke","specs\Smoke\4-IssuedChecksSmoke.spec.ts","",""
"","19729","""Delete"" on a row shows a confirm modal; Cancel dismisses it without deleting","webkit","Thu Aug 27 10:19:46 UTC 2026","passed","Thu Aug 27 10:20:05 UTC 2026","Presented Checks — Smoke (Continued)","specs\Smoke\5-PresentedChecksSmoke.spec.ts","",""
"","26676","Default filter auto-applies after logout and re-login","chromium","Thu Aug 27 10:15:11 UTC 2026","passed","Thu Aug 27 10:15:38 UTC 2026","ACH — Smoke","specs\Smoke\7-ACHSmoke.spec.ts","",""
"","6339","Verify navigation to ACH via nav menu","msedge","Thu Aug 27 10:09:02 UTC 2026","passed","Thu Aug 27 10:09:08 UTC 2026","Home Dashboard","specs\Smoke\3-HomeDashboardSmoke.spec.ts","",""
"","12587","Column filter popup applies a filter and Clear restores the full row set","msedge","Thu Aug 27 10:14:51 UTC 2026","passed","Thu Aug 27 10:15:03 UTC 2026","ACH — Smoke","specs\Smoke\7-ACHSmoke.spec.ts","",""
"","26690","Default filter auto-applies after logout and re-login","chromium","Thu Aug 27 10:14:49 UTC 2026","passed","Thu Aug 27 10:15:16 UTC 2026","Exceptions — Default Filter (Serial)","specs\Smoke\8-ExceptionsSmoke.spec.ts","",""
"","8495","Validate Login functionality with sqlInjection","webkit","Thu Aug 27 10:06:36 UTC 2026","passed","Thu Aug 27 10:06:44 UTC 2026","","specs\Smoke\1-LoginSmoke.spec.ts","",""
"","14857","Automatic Check Decision Rules sub-page loads correctly","firefox","Thu Aug 27 10:27:02 UTC 2026","passed","Thu Aug 27 10:27:17 UTC 2026","Application Navigation Smoke Tests","specs\Smoke\2-NavigationSmoke.spec.ts","",""
"","6368","Verify profile menu shows My Info and Logout links","msedge","Thu Aug 27 10:08:35 UTC 2026","passed","Thu Aug 27 10:08:41 UTC 2026","Home Dashboard","specs\Smoke\3-HomeDashboardSmoke.spec.ts","",""
"","16137","Open Exceptions page loads with either exception cards or the empty-state message","webkit","Thu Aug 27 10:27:01 UTC 2026","passed","Thu Aug 27 10:27:17 UTC 2026","Exceptions — Smoke (Continued)","specs\Smoke\8-ExceptionsSmoke.spec.ts","",""
"","22264","Clicking a column header sorts ascending, clicking again sorts descending","webkit","Thu Aug 27 10:24:37 UTC 2026","passed","Thu Aug 27 10:25:00 UTC 2026","Exceptions — Smoke (Continued)","specs\Smoke\8-ExceptionsSmoke.spec.ts","",""
"","9190","Users sub-page loads correctly","chromium","Thu Aug 27 10:07:09 UTC 2026","passed","Thu Aug 27 10:07:18 UTC 2026","Application Navigation Smoke Tests","specs\Smoke\2-NavigationSmoke.spec.ts","",""
"","13105","Notification Templates sub-page loads correctly","chromium","Thu Aug 27 10:08:07 UTC 2026","passed","Thu Aug 27 10:08:20 UTC 2026","Application Navigation Smoke Tests","specs\Smoke\2-NavigationSmoke.spec.ts","",""
"","19716","Page size change to 10 updates pagination info in bottom-right pager","webkit","Thu Aug 27 10:15:23 UTC 2026","passed","Thu Aug 27 10:15:43 UTC 2026","Presented Checks — Smoke","specs\Smoke\5-PresentedChecksSmoke.spec.ts","",""
"","15335","Saved Filters dropdown is visible and defaults to no preset","firefox","Thu Aug 27 10:32:17 UTC 2026","passed","Thu Aug 27 10:32:32 UTC 2026","Issued Checks — Smoke","specs\Smoke\4-IssuedChecksSmoke.spec.ts","",""
"","19839","Typing a page number navigates to that page","webkit","Thu Aug 27 10:16:09 UTC 2026","passed","Thu Aug 27 10:16:29 UTC 2026","Issued Checks — Smoke","specs\Smoke\4-IssuedChecksSmoke.spec.ts","",""
"","14753","Verify navigation to Settings via nav menu","webkit","Thu Aug 27 10:13:31 UTC 2026","passed","Thu Aug 27 10:13:46 UTC 2026","Home Dashboard","specs\Smoke\3-HomeDashboardSmoke.spec.ts","",""
"","9126","Default Decision Log sub-page loads correctly","msedge","Thu Aug 27 10:08:45 UTC 2026","passed","Thu Aug 27 10:08:54 UTC 2026","Application Navigation Smoke Tests","specs\Smoke\2-NavigationSmoke.spec.ts","",""
"","12653","Verify dashboard loads after successful login","firefox","Thu Aug 27 10:24:55 UTC 2026","passed","Thu Aug 27 10:25:08 UTC 2026","Home Dashboard","specs\Smoke\3-HomeDashboardSmoke.spec.ts","",""
"","8102","Validate Login functionality with xssInUsername","webkit","Thu Aug 27 10:06:44 UTC 2026","passed","Thu Aug 27 10:06:52 UTC 2026","","specs\Smoke\1-LoginSmoke.spec.ts","",""
"","8020","Page size change to 10 updates pagination info in bottom-right pager","chromium","Thu Aug 27 10:10:32 UTC 2026","passed","Thu Aug 27 10:10:40 UTC 2026","Presented Checks — Smoke","specs\Smoke\5-PresentedChecksSmoke.spec.ts","",""
"","6953","Verify delayed data note and force refresh link are visible on dashboard","chromium","Thu Aug 27 10:08:42 UTC 2026","passed","Thu Aug 27 10:08:49 UTC 2026","Home Dashboard","specs\Smoke\3-HomeDashboardSmoke.spec.ts","",""
"","26848","Column filter popup applies a filter and Clear restores the full row set","webkit","Thu Aug 27 10:18:25 UTC 2026","passed","Thu Aug 27 10:18:52 UTC 2026","Issued Checks — Smoke (Continued)","specs\Smoke\4-IssuedChecksSmoke.spec.ts","",""
"","14448","Grid View toggle navigates to the open-exceptions grid and shows key column headers","webkit","Thu Aug 27 10:27:17 UTC 2026","passed","Thu Aug 27 10:27:31 UTC 2026","Exceptions — Smoke (Continued)","specs\Smoke\8-ExceptionsSmoke.spec.ts","",""
"","20506","Grid loads with data rows and key column headers","webkit","Thu Aug 27 10:20:27 UTC 2026","passed","Thu Aug 27 10:20:47 UTC 2026","ACH — Smoke","specs\Smoke\7-ACHSmoke.spec.ts","",""
"","8016","Presented Checks breadcrumb link is visible on the page","msedge","Thu Aug 27 10:12:40 UTC 2026","passed","Thu Aug 27 10:12:48 UTC 2026","Presented Checks — Smoke (Continued)","specs\Smoke\5-PresentedChecksSmoke.spec.ts","",""
"","8214","ACH page loads correctly","msedge","Thu Aug 27 10:06:21 UTC 2026","passed","Thu Aug 27 10:06:29 UTC 2026","Application Navigation Smoke Tests","specs\Smoke\2-NavigationSmoke.spec.ts","",""
"","8741","Page size change to 10 updates pagination info in bottom-right pager","msedge","Thu Aug 27 10:13:15 UTC 2026","passed","Thu Aug 27 10:13:24 UTC 2026","ACH — Smoke","specs\Smoke\7-ACHSmoke.spec.ts","",""
"","18104","Last page arrow jumps to the final page","firefox","Thu Aug 27 10:31:19 UTC 2026","passed","Thu Aug 27 10:31:37 UTC 2026","Issued Checks — Smoke","specs\Smoke\4-IssuedChecksSmoke.spec.ts","",""
"","17187","Verify chart title changes with selected tab","firefox","Thu Aug 27 10:26:26 UTC 2026","passed","Thu Aug 27 10:26:43 UTC 2026","Home Dashboard","specs\Smoke\3-HomeDashboardSmoke.spec.ts","",""
"","19231","""View"" (Change Log) link on a row navigates to the entity log","webkit","Thu Aug 27 10:25:51 UTC 2026","passed","Thu Aug 27 10:26:10 UTC 2026","ACH — Smoke","specs\Smoke\7-ACHSmoke.spec.ts","",""
"","7698","Roles/Permissions sub-page loads correctly","chromium","Thu Aug 27 10:07:18 UTC 2026","passed","Thu Aug 27 10:07:26 UTC 2026","Application Navigation Smoke Tests","specs\Smoke\2-NavigationSmoke.spec.ts","",""
"","15309","Last page arrow jumps to the final page","firefox","Thu Aug 27 10:32:35 UTC 2026","passed","Thu Aug 27 10:32:50 UTC 2026","Presented Checks — Smoke","specs\Smoke\5-PresentedChecksSmoke.spec.ts","",""
"","8180","Saved Filters dropdown is visible and defaults to no preset","msedge","Thu Aug 27 10:14:08 UTC 2026","passed","Thu Aug 27 10:14:16 UTC 2026","Exceptions — Smoke","specs\Smoke\8-ExceptionsSmoke.spec.ts","",""
"","34673","Save a filter preset, verify it is auto-selected, then delete it","webkit","Thu Aug 27 10:24:29 UTC 2026","passed","Thu Aug 27 10:25:03 UTC 2026","ACH — Smoke","specs\Smoke\7-ACHSmoke.spec.ts","",""
"","18867","Excel export button is visible and enabled","webkit","Thu Aug 27 10:15:05 UTC 2026","passed","Thu Aug 27 10:15:23 UTC 2026","Presented Checks — Smoke","specs\Smoke\5-PresentedChecksSmoke.spec.ts","",""
"","21976","Clicking a column header sorts ascending, clicking again sorts descending","webkit","Thu Aug 27 10:25:03 UTC 2026","passed","Thu Aug 27 10:25:25 UTC 2026","ACH — Smoke","specs\Smoke\7-ACHSmoke.spec.ts","",""
"","8767","""Delete"" on a row shows a confirm modal; Cancel dismisses it without deleting","chromium","Thu Aug 27 10:16:25 UTC 2026","passed","Thu Aug 27 10:16:34 UTC 2026","ACH — Smoke","specs\Smoke\7-ACHSmoke.spec.ts","",""
"","15797","""+ Add Check"" navigates to the add-check form","firefox","Thu Aug 27 10:30:50 UTC 2026","passed","Thu Aug 27 10:31:06 UTC 2026","Presented Checks — Smoke","specs\Smoke\5-PresentedChecksSmoke.spec.ts","",""
"","14732","Teller page loads correctly","webkit","Thu Aug 27 10:06:02 UTC 2026","passed","Thu Aug 27 10:06:17 UTC 2026","Application Navigation Smoke Tests","specs\Smoke\2-NavigationSmoke.spec.ts","",""
"","13852","Notification Log sub-page loads correctly","firefox","Thu Aug 27 10:28:06 UTC 2026","passed","Thu Aug 27 10:28:20 UTC 2026","Application Navigation Smoke Tests","specs\Smoke\2-NavigationSmoke.spec.ts","",""
"","13521","Column filter popup applies a filter and Clear restores the full row set","chromium","Thu Aug 27 10:12:19 UTC 2026","passed","Thu Aug 27 10:12:32 UTC 2026","Presented Checks — Smoke (Continued)","specs\Smoke\5-PresentedChecksSmoke.spec.ts","",""
"","7253","Validate Login functionality with incorrectPassword","firefox","Thu Aug 27 10:22:59 UTC 2026","passed","Thu Aug 27 10:23:07 UTC 2026","","specs\Smoke\1-LoginSmoke.spec.ts","",""
"","7822","Validate Login functionality with incorrectPassword","webkit","Thu Aug 27 10:05:41 UTC 2026","passed","Thu Aug 27 10:05:49 UTC 2026","","specs\Smoke\1-LoginSmoke.spec.ts","",""
"","9181","Automatic Check Decision Rules sub-page loads correctly","chromium","Thu Aug 27 10:08:20 UTC 2026","passed","Thu Aug 27 10:08:29 UTC 2026","Application Navigation Smoke Tests","specs\Smoke\2-NavigationSmoke.spec.ts","",""
"","11217","Previous page button returns to page 1, First page button re-enables disabled state","msedge","Thu Aug 27 10:10:43 UTC 2026","passed","Thu Aug 27 10:10:54 UTC 2026","Issued Checks — Smoke","specs\Smoke\4-IssuedChecksSmoke.spec.ts","",""
"","21848","Exception History grid loads with data rows and key column headers","webkit","Thu Aug 27 10:20:42 UTC 2026","passed","Thu Aug 27 10:21:04 UTC 2026","Exceptions — Smoke","specs\Smoke\8-ExceptionsSmoke.spec.ts","",""
"","19927","Clicking a column header sorts ascending, clicking again sorts descending","webkit","Thu Aug 27 10:18:05 UTC 2026","passed","Thu Aug 27 10:18:25 UTC 2026","Issued Checks — Smoke (Continued)","specs\Smoke\4-IssuedChecksSmoke.spec.ts","",""
"","9277","Navigation tabs to Pre-Decisions, Approvals, and Exception History are visible","chromium","Thu Aug 27 10:16:26 UTC 2026","passed","Thu Aug 27 10:16:35 UTC 2026","Exceptions — Smoke (Continued)","specs\Smoke\8-ExceptionsSmoke.spec.ts","",""
"","8997","Typing a page number navigates to that page","msedge","Thu Aug 27 10:10:34 UTC 2026","passed","Thu Aug 27 10:10:43 UTC 2026","Issued Checks — Smoke","specs\Smoke\4-IssuedChecksSmoke.spec.ts","",""
"","12178","Previous page button returns to page 1, First page button re-enables disabled state","chromium","Thu Aug 27 10:11:08 UTC 2026","passed","Thu Aug 27 10:11:20 UTC 2026","Issued Checks — Smoke","specs\Smoke\4-IssuedChecksSmoke.spec.ts","",""
"","8853","Presented Checks breadcrumb link is visible on the page","chromium","Thu Aug 27 10:13:11 UTC 2026","passed","Thu Aug 27 10:13:20 UTC 2026","Presented Checks — Smoke (Continued)","specs\Smoke\5-PresentedChecksSmoke.spec.ts","",""
"","8971","""+ Add Check"" navigates to the add-check form","chromium","Thu Aug 27 10:09:56 UTC 2026","passed","Thu Aug 27 10:10:05 UTC 2026","Presented Checks — Smoke","specs\Smoke\5-PresentedChecksSmoke.spec.ts","",""
"","11487","Navigation tabs to Pre-Decisions, Approvals, and Exception History are visible","msedge","Thu Aug 27 10:15:38 UTC 2026","passed","Thu Aug 27 10:15:49 UTC 2026","Exceptions — Smoke (Continued)","specs\Smoke\8-ExceptionsSmoke.spec.ts","",""
"","10631","Grid View toggle navigates to the open-exceptions grid and shows key column headers","chromium","Thu Aug 27 10:16:46 UTC 2026","passed","Thu Aug 27 10:16:56 UTC 2026","Exceptions — Smoke (Continued)","specs\Smoke\8-ExceptionsSmoke.spec.ts","",""
"","8263","ACH page loads correctly","chromium","Thu Aug 27 10:06:30 UTC 2026","passed","Thu Aug 27 10:06:39 UTC 2026","Application Navigation Smoke Tests","specs\Smoke\2-NavigationSmoke.spec.ts","",""
"","5965","Validate unauthenticated access to protected route is redirected to login","firefox","Thu Aug 27 10:24:49 UTC 2026","passed","Thu Aug 27 10:24:55 UTC 2026","","specs\Smoke\1-LoginSmoke.spec.ts","",""
"","10273","Exceptions breadcrumb link is visible on the page","msedge","Thu Aug 27 10:15:27 UTC 2026","passed","Thu Aug 27 10:15:38 UTC 2026","Exceptions — Smoke (Continued)","specs\Smoke\8-ExceptionsSmoke.spec.ts","",""
"","17015","Excel export button is visible and enabled","webkit","Thu Aug 27 10:14:56 UTC 2026","passed","Thu Aug 27 10:15:13 UTC 2026","Issued Checks — Smoke","specs\Smoke\4-IssuedChecksSmoke.spec.ts","",""
"","20074","Next page arrow advances to page 2","webkit","Thu Aug 27 10:15:43 UTC 2026","passed","Thu Aug 27 10:16:03 UTC 2026","Presented Checks — Smoke","specs\Smoke\5-PresentedChecksSmoke.spec.ts","",""
"","22229","Clicking a column header sorts ascending, clicking again sorts descending","webkit","Thu Aug 27 10:18:17 UTC 2026","passed","Thu Aug 27 10:18:39 UTC 2026","Presented Checks — Smoke (Continued)","specs\Smoke\5-PresentedChecksSmoke.spec.ts","",""
"","6778","Verify dashboard footer footnote and privacy link are visible","chromium","Thu Aug 27 10:08:49 UTC 2026","passed","Thu Aug 27 10:08:56 UTC 2026","Home Dashboard","specs\Smoke\3-HomeDashboardSmoke.spec.ts","",""
"","9171","""Edit"" link on a row navigates to the check edit form","msedge","Thu Aug 27 10:12:03 UTC 2026","passed","Thu Aug 27 10:12:12 UTC 2026","Presented Checks — Smoke (Continued)","specs\Smoke\5-PresentedChecksSmoke.spec.ts","",""
"","8770","Grid loads with data rows and key column headers","msedge","Thu Aug 27 10:09:30 UTC 2026","passed","Thu Aug 27 10:09:39 UTC 2026","Presented Checks — Smoke","specs\Smoke\5-PresentedChecksSmoke.spec.ts","",""
"","16764","Saved Filters dropdown is visible and defaults to no preset","firefox","Thu Aug 27 10:39:10 UTC 2026","passed","Thu Aug 27 10:39:26 UTC 2026","ACH — Smoke","specs\Smoke\7-ACHSmoke.spec.ts","",""
"","35283","Verify dashboard tab checked state updates correctly","webkit","Thu Aug 27 10:09:38 UTC 2026","passed","Thu Aug 27 10:10:13 UTC 2026","Home Dashboard","specs\Smoke\3-HomeDashboardSmoke.spec.ts","",""
"","28362","Decision Files sub-page loads correctly","webkit","Thu Aug 27 10:08:45 UTC 2026","passed","Thu Aug 27 10:09:13 UTC 2026","Application Navigation Smoke Tests","specs\Smoke\2-NavigationSmoke.spec.ts","",""
"","9489","""Delete"" on a row shows a confirm modal; Cancel dismisses it without deleting","msedge","Thu Aug 27 10:15:15 UTC 2026","passed","Thu Aug 27 10:15:24 UTC 2026","ACH — Smoke","specs\Smoke\7-ACHSmoke.spec.ts","",""
"","8085","Billing Reports sub-page loads correctly","msedge","Thu Aug 27 10:07:20 UTC 2026","passed","Thu Aug 27 10:07:28 UTC 2026","Application Navigation Smoke Tests","specs\Smoke\2-NavigationSmoke.spec.ts","",""
"","16816","Holiday Schedules sub-page loads correctly","firefox","Thu Aug 27 10:26:12 UTC 2026","passed","Thu Aug 27 10:26:29 UTC 2026","Application Navigation Smoke Tests","specs\Smoke\2-NavigationSmoke.spec.ts","",""
"","16802","Branding sub-page loads correctly","webkit","Thu Aug 27 10:08:06 UTC 2026","passed","Thu Aug 27 10:08:23 UTC 2026","Application Navigation Smoke Tests","specs\Smoke\2-NavigationSmoke.spec.ts","",""
"","16652","""+ Add ACH"" navigates to the add-ACH form","firefox","Thu Aug 27 10:36:22 UTC 2026","passed","Thu Aug 27 10:36:39 UTC 2026","ACH — Smoke","specs\Smoke\7-ACHSmoke.spec.ts","",""
"","14772","Grid loads with data rows and key column headers","firefox","Thu Aug 27 10:30:35 UTC 2026","passed","Thu Aug 27 10:30:50 UTC 2026","Presented Checks — Smoke","specs\Smoke\5-PresentedChecksSmoke.spec.ts","",""
"","13038","Column filter menu applies a filter and Clear restores the full row set","chromium","Thu Aug 27 10:15:44 UTC 2026","passed","Thu Aug 27 10:15:57 UTC 2026","Exceptions — Smoke (Continued)","specs\Smoke\8-ExceptionsSmoke.spec.ts","",""
"","8958","Validate forgot password with unregistered email","webkit","Thu Aug 27 10:07:21 UTC 2026","passed","Thu Aug 27 10:07:30 UTC 2026","","specs\Smoke\1-LoginSmoke.spec.ts","",""
"","8288","Saved Filters dropdown is visible and defaults to no preset","chromium","Thu Aug 27 10:11:20 UTC 2026","passed","Thu Aug 27 10:11:28 UTC 2026","Presented Checks — Smoke","specs\Smoke\5-PresentedChecksSmoke.spec.ts","",""
"","8473","Verify ACH Only tab shows ACH-specific chart sections","msedge","Thu Aug 27 10:07:36 UTC 2026","passed","Thu Aug 27 10:07:44 UTC 2026","Home Dashboard","specs\Smoke\3-HomeDashboardSmoke.spec.ts","",""
"","13326","Verify Total Exceptions and Total Exception Amount labels are visible","webkit","Thu Aug 27 10:10:58 UTC 2026","passed","Thu Aug 27 10:11:11 UTC 2026","Home Dashboard","specs\Smoke\3-HomeDashboardSmoke.spec.ts","",""
"","10055","Saved Filters dropdown is visible and defaults to no preset","msedge","Thu Aug 27 10:14:06 UTC 2026","passed","Thu Aug 27 10:14:16 UTC 2026","ACH — Smoke","specs\Smoke\7-ACHSmoke.spec.ts","",""
"","7867","Validate Login functionality with veryLongInput","firefox","Thu Aug 27 10:24:01 UTC 2026","passed","Thu Aug 27 10:24:09 UTC 2026","","specs\Smoke\1-LoginSmoke.spec.ts","",""
"","17243","Automatic ACH Decision Rules sub-page loads correctly","firefox","Thu Aug 27 10:27:35 UTC 2026","passed","Thu Aug 27 10:27:52 UTC 2026","Application Navigation Smoke Tests","specs\Smoke\2-NavigationSmoke.spec.ts","",""
"","9739","Clicking a column header sorts ascending, clicking again sorts descending","msedge","Thu Aug 27 10:14:41 UTC 2026","passed","Thu Aug 27 10:14:51 UTC 2026","ACH — Smoke","specs\Smoke\7-ACHSmoke.spec.ts","",""
"","20865","Typing a page number navigates to that page","webkit","Thu Aug 27 10:16:22 UTC 2026","passed","Thu Aug 27 10:16:43 UTC 2026","Presented Checks — Smoke","specs\Smoke\5-PresentedChecksSmoke.spec.ts","",""
"","20412","""View"" (Change Log) link on a row navigates to the entity log","webkit","Thu Aug 27 10:19:25 UTC 2026","passed","Thu Aug 27 10:19:46 UTC 2026","Presented Checks — Smoke (Continued)","specs\Smoke\5-PresentedChecksSmoke.spec.ts","",""
"","4027","Validate Login functionality with veryLongInput","chromium","Thu Aug 27 10:06:53 UTC 2026","passed","Thu Aug 27 10:06:57 UTC 2026","","specs\Smoke\1-LoginSmoke.spec.ts","",""
"","14531","Excel export button is visible and enabled","firefox","Thu Aug 27 10:30:32 UTC 2026","passed","Thu Aug 27 10:30:46 UTC 2026","Issued Checks — Smoke","specs\Smoke\4-IssuedChecksSmoke.spec.ts","",""
"","6864","Roles/Permissions sub-page loads correctly","msedge","Thu Aug 27 10:07:05 UTC 2026","passed","Thu Aug 27 10:07:12 UTC 2026","Application Navigation Smoke Tests","specs\Smoke\2-NavigationSmoke.spec.ts","",""
"","6503","Verify Check Only tab shows Check-specific chart sections","msedge","Thu Aug 27 10:07:29 UTC 2026","passed","Thu Aug 27 10:07:36 UTC 2026","Home Dashboard","specs\Smoke\3-HomeDashboardSmoke.spec.ts","",""
"","9575","Pay/Return decision badge navigates to exception history","chromium","Thu Aug 27 10:13:02 UTC 2026","passed","Thu Aug 27 10:13:11 UTC 2026","Presented Checks — Smoke (Continued)","specs\Smoke\5-PresentedChecksSmoke.spec.ts","",""
"","11644","Column filter popup applies a filter and Clear restores the full row set","msedge","Thu Aug 27 10:11:33 UTC 2026","passed","Thu Aug 27 10:11:45 UTC 2026","Issued Checks — Smoke (Continued)","specs\Smoke\4-IssuedChecksSmoke.spec.ts","",""
"","28134","Previous page button returns to page 1, First page button re-enables disabled state","webkit","Thu Aug 27 10:23:24 UTC 2026","passed","Thu Aug 27 10:23:52 UTC 2026","ACH — Smoke","specs\Smoke\7-ACHSmoke.spec.ts","",""
"","6535","Verify navigation to Issued Checks via nav menu","msedge","Thu Aug 27 10:08:48 UTC 2026","passed","Thu Aug 27 10:08:55 UTC 2026","Home Dashboard","specs\Smoke\3-HomeDashboardSmoke.spec.ts","",""
"","15105","Validate session persists after page refresh","firefox","Thu Aug 27 10:24:34 UTC 2026","passed","Thu Aug 27 10:24:49 UTC 2026","","specs\Smoke\1-LoginSmoke.spec.ts","",""
"","4410","Validate Login functionality with veryLongInput","msedge","Thu Aug 27 10:06:38 UTC 2026","passed","Thu Aug 27 10:06:42 UTC 2026","","specs\Smoke\1-LoginSmoke.spec.ts","",""
"","20158","""Uploaded Checks"" navigates to the uploads page","webkit","Thu Aug 27 10:14:14 UTC 2026","passed","Thu Aug 27 10:14:34 UTC 2026","Issued Checks — Smoke","specs\Smoke\4-IssuedChecksSmoke.spec.ts","",""
"","8299","Excel export button is visible and enabled","chromium","Thu Aug 27 10:10:24 UTC 2026","passed","Thu Aug 27 10:10:32 UTC 2026","Presented Checks — Smoke","specs\Smoke\5-PresentedChecksSmoke.spec.ts","",""
"","6028","Verify dashboard loads after successful login","msedge","Thu Aug 27 10:07:10 UTC 2026","passed","Thu Aug 27 10:07:16 UTC 2026","Home Dashboard","specs\Smoke\3-HomeDashboardSmoke.spec.ts","",""
"","6782","Account Settings sub-page loads correctly","msedge","Thu Aug 27 10:06:43 UTC 2026","passed","Thu Aug 27 10:06:49 UTC 2026","Application Navigation Smoke Tests","specs\Smoke\2-NavigationSmoke.spec.ts","",""
"","8287","Excel export button is visible and enabled","msedge","Thu Aug 27 10:10:08 UTC 2026","passed","Thu Aug 27 10:10:17 UTC 2026","Presented Checks — Smoke","specs\Smoke\5-PresentedChecksSmoke.spec.ts","",""
"","9081","Validate forgot password functionality","webkit","Thu Aug 27 10:07:01 UTC 2026","passed","Thu Aug 27 10:07:10 UTC 2026","","specs\Smoke\1-LoginSmoke.spec.ts","",""
"","22388","Pay/Return decision badge navigates to exception history","firefox","Thu Aug 27 10:35:59 UTC 2026","passed","Thu Aug 27 10:36:22 UTC 2026","Presented Checks — Smoke (Continued)","specs\Smoke\5-PresentedChecksSmoke.spec.ts","",""
"","16391","Issued Checks page loads correctly","firefox","Thu Aug 27 10:22:49 UTC 2026","passed","Thu Aug 27 10:23:06 UTC 2026","Application Navigation Smoke Tests","specs\Smoke\2-NavigationSmoke.spec.ts","",""
"","10798","Validate Login functionality with correctCredentials","msedge","Thu Aug 27 10:05:44 UTC 2026","passed","Thu Aug 27 10:05:55 UTC 2026","","specs\Smoke\1-LoginSmoke.spec.ts","",""
"","11213","Verify navigation to Exceptions via nav menu","firefox","Thu Aug 27 10:29:03 UTC 2026","passed","Thu Aug 27 10:29:14 UTC 2026","Home Dashboard","specs\Smoke\3-HomeDashboardSmoke.spec.ts","",""
"","7869","Issued Checks page loads correctly","chromium","Thu Aug 27 10:06:07 UTC 2026","passed","Thu Aug 27 10:06:15 UTC 2026","Application Navigation Smoke Tests","specs\Smoke\2-NavigationSmoke.spec.ts","",""
"","15146","Open Exceptions page loads with either exception cards or the empty-state message","firefox","Thu Aug 27 10:42:01 UTC 2026","passed","Thu Aug 27 10:42:16 UTC 2026","Exceptions — Smoke (Continued)","specs\Smoke\8-ExceptionsSmoke.spec.ts","",""
"","9043","Next page arrow advances to page 2","msedge","Thu Aug 27 10:10:24 UTC 2026","passed","Thu Aug 27 10:10:33 UTC 2026","Presented Checks — Smoke","specs\Smoke\5-PresentedChecksSmoke.spec.ts","",""
"","10205","""Edit"" link on a row navigates to the check edit form","chromium","Thu Aug 27 10:12:32 UTC 2026","passed","Thu Aug 27 10:12:43 UTC 2026","Presented Checks — Smoke (Continued)","specs\Smoke\5-PresentedChecksSmoke.spec.ts","",""
"","8126","Grid loads with data rows and key column headers","chromium","Thu Aug 27 10:09:48 UTC 2026","passed","Thu Aug 27 10:09:56 UTC 2026","Presented Checks — Smoke","specs\Smoke\5-PresentedChecksSmoke.spec.ts","",""
"","24531","Column filter popup applies a filter and Clear restores the full row set","firefox","Thu Aug 27 10:34:42 UTC 2026","passed","Thu Aug 27 10:35:06 UTC 2026","Presented Checks — Smoke (Continued)","specs\Smoke\5-PresentedChecksSmoke.spec.ts","",""
"","8369","Branding sub-page loads correctly","chromium","Thu Aug 27 10:07:26 UTC 2026","passed","Thu Aug 27 10:07:34 UTC 2026","Application Navigation Smoke Tests","specs\Smoke\2-NavigationSmoke.spec.ts","",""
"","19847","Pay/Return decision badge navigates to exception history","webkit","Thu Aug 27 10:20:06 UTC 2026","passed","Thu Aug 27 10:20:25 UTC 2026","Presented Checks — Smoke (Continued)","specs\Smoke\5-PresentedChecksSmoke.spec.ts","",""
"","17242","ACH Approval Rules sub-page loads correctly","webkit","Thu Aug 27 10:11:30 UTC 2026","passed","Thu Aug 27 10:11:47 UTC 2026","Application Navigation Smoke Tests","specs\Smoke\2-NavigationSmoke.spec.ts","",""
"","13625","Verify dashboard footer footnote and privacy link are visible","webkit","Thu Aug 27 10:11:38 UTC 2026","passed","Thu Aug 27 10:11:51 UTC 2026","Home Dashboard","specs\Smoke\3-HomeDashboardSmoke.spec.ts","",""
"","20928","Page size change to 10 updates pagination info in bottom-right pager","firefox","Thu Aug 27 10:37:36 UTC 2026","passed","Thu Aug 27 10:37:57 UTC 2026","ACH — Smoke","specs\Smoke\7-ACHSmoke.spec.ts","",""
"","14901","Business Clients sub-page loads correctly","firefox","Thu Aug 27 10:24:37 UTC 2026","passed","Thu Aug 27 10:24:52 UTC 2026","Application Navigation Smoke Tests","specs\Smoke\2-NavigationSmoke.spec.ts","",""
"","16200","Last page arrow jumps to the final page","firefox","Thu Aug 27 10:38:15 UTC 2026","passed","Thu Aug 27 10:38:31 UTC 2026","ACH — Smoke","specs\Smoke\7-ACHSmoke.spec.ts","",""
"","17240","Save a filter preset, verify it is auto-selected, then delete it","chromium","Thu Aug 27 10:15:16 UTC 2026","passed","Thu Aug 27 10:15:33 UTC 2026","Exceptions — Smoke (Continued)","specs\Smoke\8-ExceptionsSmoke.spec.ts","",""
"","29110","Pay/Return decision badge navigates to exception history","firefox","Thu Aug 27 10:41:27 UTC 2026","passed","Thu Aug 27 10:41:56 UTC 2026","ACH — Smoke","specs\Smoke\7-ACHSmoke.spec.ts","",""
"","13287","Verify dashboard footer footnote and privacy link are visible","firefox","Thu Aug 27 10:27:35 UTC 2026","passed","Thu Aug 27 10:27:48 UTC 2026","Home Dashboard","specs\Smoke\3-HomeDashboardSmoke.spec.ts","",""
"","16266","Branding sub-page loads correctly","firefox","Thu Aug 27 10:25:28 UTC 2026","passed","Thu Aug 27 10:25:44 UTC 2026","Application Navigation Smoke Tests","specs\Smoke\2-NavigationSmoke.spec.ts","",""
"","5160","Validate Login functionality with xssInUsername","chromium","Thu Aug 27 10:06:48 UTC 2026","passed","Thu Aug 27 10:06:53 UTC 2026","","specs\Smoke\1-LoginSmoke.spec.ts","",""
"","10630","Next page arrow advances to page 2","chromium","Thu Aug 27 10:14:18 UTC 2026","passed","Thu Aug 27 10:14:28 UTC 2026","ACH — Smoke","specs\Smoke\7-ACHSmoke.spec.ts","",""
"","13198","Verify all three dashboard view tabs are visible","webkit","Thu Aug 27 10:08:12 UTC 2026","passed","Thu Aug 27 10:08:25 UTC 2026","Home Dashboard","specs\Smoke\3-HomeDashboardSmoke.spec.ts","",""
"","14193","Verify navigation to Presented Checks via nav menu","firefox","Thu Aug 27 10:28:34 UTC 2026","passed","Thu Aug 27 10:28:48 UTC 2026","Home Dashboard","specs\Smoke\3-HomeDashboardSmoke.spec.ts","",""
"","9683","""Delete"" on a row shows a confirm modal; Cancel dismisses it without deleting","chromium","Thu Aug 27 10:12:52 UTC 2026","passed","Thu Aug 27 10:13:02 UTC 2026","Issued Checks — Smoke (Continued)","specs\Smoke\4-IssuedChecksSmoke.spec.ts","",""
"","17989","Search box filters grid and clears correctly","firefox","Thu Aug 27 10:31:23 UTC 2026","passed","Thu Aug 27 10:31:41 UTC 2026","Presented Checks — Smoke","specs\Smoke\5-PresentedChecksSmoke.spec.ts","",""
"","17592","Excel export button is visible and enabled","firefox","Thu Aug 27 10:37:19 UTC 2026","passed","Thu Aug 27 10:37:36 UTC 2026","ACH — Smoke","specs\Smoke\7-ACHSmoke.spec.ts","",""
"","8095","Validate Login functionality with caseSensitiveEmail","chromium","Thu Aug 27 10:06:07 UTC 2026","passed","Thu Aug 27 10:06:15 UTC 2026","","specs\Smoke\1-LoginSmoke.spec.ts","",""
"","15946","Verify navigation to Presented Checks via nav menu","webkit","Thu Aug 27 10:12:42 UTC 2026","passed","Thu Aug 27 10:12:58 UTC 2026","Home Dashboard","specs\Smoke\3-HomeDashboardSmoke.spec.ts","",""
"","11973","Verify delayed data note and force refresh link are visible on dashboard","firefox","Thu Aug 27 10:27:23 UTC 2026","passed","Thu Aug 27 10:27:35 UTC 2026","Home Dashboard","specs\Smoke\3-HomeDashboardSmoke.spec.ts","",""
"","9740","Last page arrow jumps to the final page","chromium","Thu Aug 27 10:14:08 UTC 2026","passed","Thu Aug 27 10:14:17 UTC 2026","Exceptions — Smoke","specs\Smoke\8-ExceptionsSmoke.spec.ts","",""
"","15180","API link is visible and points to swagger","firefox","Thu Aug 27 10:29:04 UTC 2026","passed","Thu Aug 27 10:29:20 UTC 2026","Application Navigation Smoke Tests","specs\Smoke\2-NavigationSmoke.spec.ts","",""
"","17140","Default filter auto-applies after logout and re-login","firefox","Thu Aug 27 10:32:32 UTC 2026","skipped","Thu Aug 27 10:32:49 UTC 2026","Issued Checks — Default Filter (Serial)","specs\Smoke\4-IssuedChecksSmoke.spec.ts","",""
"","7447","ACH Approval Rules sub-page loads correctly","msedge","Thu Aug 27 10:08:29 UTC 2026","passed","Thu Aug 27 10:08:37 UTC 2026","Application Navigation Smoke Tests","specs\Smoke\2-NavigationSmoke.spec.ts","",""
"","9960","Pre-Decisions page loads with either records or the empty-state message","webkit","Thu Aug 27 10:27:42 UTC 2026","passed","Thu Aug 27 10:27:52 UTC 2026","Exceptions — Smoke (Continued)","specs\Smoke\8-ExceptionsSmoke.spec.ts","",""
"","9597","Last page arrow jumps to the final page","msedge","Thu Aug 27 10:13:34 UTC 2026","passed","Thu Aug 27 10:13:44 UTC 2026","ACH — Smoke","specs\Smoke\7-ACHSmoke.spec.ts","",""
"","20667","Column filter menu applies a filter and Clear restores the full row set","firefox","Thu Aug 27 10:40:25 UTC 2026","passed","Thu Aug 27 10:40:45 UTC 2026","Exceptions — Smoke (Continued)","specs\Smoke\8-ExceptionsSmoke.spec.ts","",""
"","8646","Check Approval Rules sub-page loads correctly","chromium","Thu Aug 27 10:08:29 UTC 2026","passed","Thu Aug 27 10:08:38 UTC 2026","Application Navigation Smoke Tests","specs\Smoke\2-NavigationSmoke.spec.ts","",""
"","9559","Exception History grid loads with data rows and key column headers","chromium","Thu Aug 27 10:13:20 UTC 2026","passed","Thu Aug 27 10:13:30 UTC 2026","Exceptions — Smoke","specs\Smoke\8-ExceptionsSmoke.spec.ts","",""
"","14714","Verify dashboard loads after successful login","webkit","Thu Aug 27 10:07:57 UTC 2026","passed","Thu Aug 27 10:08:12 UTC 2026","Home Dashboard","specs\Smoke\3-HomeDashboardSmoke.spec.ts","",""
"","8601","Saved Filters dropdown is visible and defaults to no preset","msedge","Thu Aug 27 10:10:54 UTC 2026","passed","Thu Aug 27 10:11:02 UTC 2026","Issued Checks — Smoke","specs\Smoke\4-IssuedChecksSmoke.spec.ts","",""
"","21520","Previous page button returns to page 1, First page button re-enables disabled state","firefox","Thu Aug 27 10:38:50 UTC 2026","passed","Thu Aug 27 10:39:12 UTC 2026","Exceptions — Smoke","specs\Smoke\8-ExceptionsSmoke.spec.ts","",""
"","7974","ACH Approval Rules sub-page loads correctly","chromium","Thu Aug 27 10:08:46 UTC 2026","passed","Thu Aug 27 10:08:54 UTC 2026","Application Navigation Smoke Tests","specs\Smoke\2-NavigationSmoke.spec.ts","",""
"","8497","Clicking a column header sorts ascending, clicking again sorts descending","msedge","Thu Aug 27 10:11:24 UTC 2026","passed","Thu Aug 27 10:11:33 UTC 2026","Issued Checks — Smoke (Continued)","specs\Smoke\4-IssuedChecksSmoke.spec.ts","",""
"","11425","""View"" link on a row opens the Exception Details dialog","msedge","Thu Aug 27 10:15:03 UTC 2026","passed","Thu Aug 27 10:15:14 UTC 2026","Exceptions — Smoke (Continued)","specs\Smoke\8-ExceptionsSmoke.spec.ts","",""
"","5104","Validate Login functionality with missingUsername","chromium","Thu Aug 27 10:06:39 UTC 2026","passed","Thu Aug 27 10:06:44 UTC 2026","","specs\Smoke\1-LoginSmoke.spec.ts","",""
"","7212","Exceptions page loads correctly","chromium","Thu Aug 27 10:06:39 UTC 2026","passed","Thu Aug 27 10:06:46 UTC 2026","Application Navigation Smoke Tests","specs\Smoke\2-NavigationSmoke.spec.ts","",""
"","5778","Verify navigation to Issued Checks via nav menu","chromium","Thu Aug 27 10:09:11 UTC 2026","passed","Thu Aug 27 10:09:17 UTC 2026","Home Dashboard","specs\Smoke\3-HomeDashboardSmoke.spec.ts","",""
"","9125","""Delete"" on a row shows a confirm modal; Cancel dismisses it without deleting","msedge","Thu Aug 27 10:12:03 UTC 2026","passed","Thu Aug 27 10:12:12 UTC 2026","Issued Checks — Smoke (Continued)","specs\Smoke\4-IssuedChecksSmoke.spec.ts","",""
"","7319","Business Clients sub-page loads correctly","chromium","Thu Aug 27 10:07:02 UTC 2026","passed","Thu Aug 27 10:07:09 UTC 2026","Application Navigation Smoke Tests","specs\Smoke\2-NavigationSmoke.spec.ts","",""
"","11824","Last page arrow jumps to the final page","chromium","Thu Aug 27 10:14:28 UTC 2026","passed","Thu Aug 27 10:14:40 UTC 2026","ACH — Smoke","specs\Smoke\7-ACHSmoke.spec.ts","",""
"","20869","""Delete"" on a row shows a confirm modal; Cancel dismisses it without deleting","webkit","Thu Aug 27 10:19:29 UTC 2026","passed","Thu Aug 27 10:19:50 UTC 2026","Issued Checks — Smoke (Continued)","specs\Smoke\4-IssuedChecksSmoke.spec.ts","",""
"","26104","Verify chart title changes with selected tab","webkit","Thu Aug 27 10:10:13 UTC 2026","passed","Thu Aug 27 10:10:39 UTC 2026","Home Dashboard","specs\Smoke\3-HomeDashboardSmoke.spec.ts","",""
"","8521","Automatic ACH Decision Rules sub-page loads correctly","chromium","Thu Aug 27 10:08:38 UTC 2026","passed","Thu Aug 27 10:08:46 UTC 2026","Application Navigation Smoke Tests","specs\Smoke\2-NavigationSmoke.spec.ts","",""
"","11254","""View"" (Change Log) link on a row navigates to the entity log","msedge","Thu Aug 27 10:15:03 UTC 2026","passed","Thu Aug 27 10:15:15 UTC 2026","ACH — Smoke","specs\Smoke\7-ACHSmoke.spec.ts","",""
"","6714","Verify summary KPI values have expected number formats","msedge","Thu Aug 27 10:08:14 UTC 2026","passed","Thu Aug 27 10:08:21 UTC 2026","Home Dashboard","specs\Smoke\3-HomeDashboardSmoke.spec.ts","",""
"","9098","Page size change to 10 updates pagination info in bottom-right pager","chromium","Thu Aug 27 10:13:50 UTC 2026","passed","Thu Aug 27 10:13:59 UTC 2026","Exceptions — Smoke","specs\Smoke\8-ExceptionsSmoke.spec.ts","",""
"","10374","""View"" link on a row opens the Exception Details dialog","chromium","Thu Aug 27 10:15:57 UTC 2026","passed","Thu Aug 27 10:16:07 UTC 2026","Exceptions — Smoke (Continued)","specs\Smoke\8-ExceptionsSmoke.spec.ts","",""
"","8915","Page size change to 10 updates pagination info in bottom-right pager","msedge","Thu Aug 27 10:13:17 UTC 2026","passed","Thu Aug 27 10:13:26 UTC 2026","Exceptions — Smoke","specs\Smoke\8-ExceptionsSmoke.spec.ts","",""
"","6017","Validate Login functionality with missingUsername","firefox","Thu Aug 27 10:23:35 UTC 2026","passed","Thu Aug 27 10:23:41 UTC 2026","","specs\Smoke\1-LoginSmoke.spec.ts","",""
"","19550","Web Hooks sub-page loads correctly","webkit","Thu Aug 27 10:13:16 UTC 2026","passed","Thu Aug 27 10:13:36 UTC 2026","Application Navigation Smoke Tests","specs\Smoke\2-NavigationSmoke.spec.ts","",""
"","4092","Validate Login functionality with missingPassword","msedge","Thu Aug 27 10:06:19 UTC 2026","passed","Thu Aug 27 10:06:24 UTC 2026","","specs\Smoke\1-LoginSmoke.spec.ts","",""
"","19313","Last page arrow jumps to the final page","webkit","Thu Aug 27 10:22:43 UTC 2026","passed","Thu Aug 27 10:23:02 UTC 2026","ACH — Smoke","specs\Smoke\7-ACHSmoke.spec.ts","",""
"","10591","Search box filters grid and clears correctly","msedge","Thu Aug 27 10:09:49 UTC 2026","passed","Thu Aug 27 10:09:59 UTC 2026","Issued Checks — Smoke","specs\Smoke\4-IssuedChecksSmoke.spec.ts","",""
"","4290","Validate forgot password functionality","msedge","Thu Aug 27 10:06:42 UTC 2026","passed","Thu Aug 27 10:06:47 UTC 2026","","specs\Smoke\1-LoginSmoke.spec.ts","",""
"","10094","""Delete"" on a row shows a confirm modal; Cancel dismisses it without deleting","chromium","Thu Aug 27 10:12:51 UTC 2026","passed","Thu Aug 27 10:13:02 UTC 2026","Presented Checks — Smoke (Continued)","specs\Smoke\5-PresentedChecksSmoke.spec.ts","",""
"","16862","Presented Checks breadcrumb link is visible on the page","webkit","Thu Aug 27 10:20:25 UTC 2026","passed","Thu Aug 27 10:20:42 UTC 2026","Presented Checks — Smoke (Continued)","specs\Smoke\5-PresentedChecksSmoke.spec.ts","",""
"","19506","Grid loads with data rows and key column headers","webkit","Thu Aug 27 10:13:36 UTC 2026","passed","Thu Aug 27 10:13:55 UTC 2026","Issued Checks — Smoke","specs\Smoke\4-IssuedChecksSmoke.spec.ts","",""
"","33814","Pay/Return decision badge navigates to exception history","webkit","Thu Aug 27 10:26:30 UTC 2026","passed","Thu Aug 27 10:27:04 UTC 2026","ACH — Smoke","specs\Smoke\7-ACHSmoke.spec.ts","",""
"","18665","Default filter auto-applies after logout and re-login","webkit","Thu Aug 27 10:17:25 UTC 2026","skipped","Thu Aug 27 10:17:44 UTC 2026","Presented Checks — Default Filter (Serial)","specs\Smoke\5-PresentedChecksSmoke.spec.ts","",""
"","17238","Default filter auto-applies after logout and re-login","webkit","Thu Aug 27 10:17:14 UTC 2026","skipped","Thu Aug 27 10:17:32 UTC 2026","Issued Checks — Default Filter (Serial)","specs\Smoke\4-IssuedChecksSmoke.spec.ts","",""
"","8601","Validate Login functionality with veryLongInput","webkit","Thu Aug 27 10:06:52 UTC 2026","passed","Thu Aug 27 10:07:01 UTC 2026","","specs\Smoke\1-LoginSmoke.spec.ts","",""
"","13458","Default filter auto-applies after logout and re-login","webkit","Thu Aug 27 10:23:52 UTC 2026","skipped","Thu Aug 27 10:24:06 UTC 2026","Exceptions — Default Filter (Serial)","specs\Smoke\8-ExceptionsSmoke.spec.ts","",""
"","7926","Holiday Schedules sub-page loads correctly","chromium","Thu Aug 27 10:07:50 UTC 2026","passed","Thu Aug 27 10:07:58 UTC 2026","Application Navigation Smoke Tests","specs\Smoke\2-NavigationSmoke.spec.ts","",""
"","10391","""Uploaded ACH"" navigates to the uploads page","msedge","Thu Aug 27 10:12:47 UTC 2026","passed","Thu Aug 27 10:12:57 UTC 2026","ACH — Smoke","specs\Smoke\7-ACHSmoke.spec.ts","",""
"","8662","Notification Log sub-page loads correctly","msedge","Thu Aug 27 10:08:37 UTC 2026","passed","Thu Aug 27 10:08:45 UTC 2026","Application Navigation Smoke Tests","specs\Smoke\2-NavigationSmoke.spec.ts","",""
"","8682","Check Approval Rules sub-page loads correctly","msedge","Thu Aug 27 10:08:14 UTC 2026","passed","Thu Aug 27 10:08:23 UTC 2026","Application Navigation Smoke Tests","specs\Smoke\2-NavigationSmoke.spec.ts","",""
"","18484","Grid loads with data rows and key column headers","webkit","Thu Aug 27 10:13:46 UTC 2026","passed","Thu Aug 27 10:14:05 UTC 2026","Presented Checks — Smoke","specs\Smoke\5-PresentedChecksSmoke.spec.ts","",""
"","18465","Last page arrow jumps to the final page","webkit","Thu Aug 27 10:15:51 UTC 2026","passed","Thu Aug 27 10:16:09 UTC 2026","Issued Checks — Smoke","specs\Smoke\4-IssuedChecksSmoke.spec.ts","",""
"","23138","Notification Templates sub-page loads correctly","webkit","Thu Aug 27 10:10:19 UTC 2026","passed","Thu Aug 27 10:10:42 UTC 2026","Application Navigation Smoke Tests","specs\Smoke\2-NavigationSmoke.spec.ts","",""
"","20238","Next page arrow advances to page 2","webkit","Thu Aug 27 10:22:23 UTC 2026","passed","Thu Aug 27 10:22:43 UTC 2026","ACH — Smoke","specs\Smoke\7-ACHSmoke.spec.ts","",""
"","19196","Users sub-page loads correctly","firefox","Thu Aug 27 10:24:52 UTC 2026","passed","Thu Aug 27 10:25:11 UTC 2026","Application Navigation Smoke Tests","specs\Smoke\2-NavigationSmoke.spec.ts","",""
"","21724","Verify Home dashboard is restored after returning from another page","firefox","Thu Aug 27 10:27:59 UTC 2026","passed","Thu Aug 27 10:28:20 UTC 2026","Home Dashboard","specs\Smoke\3-HomeDashboardSmoke.spec.ts","",""
"","9629","Notification Log sub-page loads correctly","chromium","Thu Aug 27 10:08:54 UTC 2026","passed","Thu Aug 27 10:09:04 UTC 2026","Application Navigation Smoke Tests","specs\Smoke\2-NavigationSmoke.spec.ts","",""
"","18302","Notification Log sub-page loads correctly","webkit","Thu Aug 27 10:11:47 UTC 2026","passed","Thu Aug 27 10:12:05 UTC 2026","Application Navigation Smoke Tests","specs\Smoke\2-NavigationSmoke.spec.ts","",""
"","5754","Validate Login functionality with missingUsername","msedge","Thu Aug 27 10:06:24 UTC 2026","passed","Thu Aug 27 10:06:29 UTC 2026","","specs\Smoke\1-LoginSmoke.spec.ts","",""
"","14324","Navigation tabs to Pre-Decisions, Approvals, and Exception History are visible","firefox","Thu Aug 27 10:41:46 UTC 2026","passed","Thu Aug 27 10:42:01 UTC 2026","Exceptions — Smoke (Continued)","specs\Smoke\8-ExceptionsSmoke.spec.ts","",""
"","16658","Excel export button is visible and enabled","firefox","Thu Aug 27 10:31:41 UTC 2026","passed","Thu Aug 27 10:31:57 UTC 2026","Presented Checks — Smoke","specs\Smoke\5-PresentedChecksSmoke.spec.ts","",""
"","8431","Grid loads with data rows and key column headers","msedge","Thu Aug 27 10:09:21 UTC 2026","passed","Thu Aug 27 10:09:30 UTC 2026","Issued Checks — Smoke","specs\Smoke\4-IssuedChecksSmoke.spec.ts","",""
"","16726","Notification Templates sub-page loads correctly","firefox","Thu Aug 27 10:26:45 UTC 2026","passed","Thu Aug 27 10:27:02 UTC 2026","Application Navigation Smoke Tests","specs\Smoke\2-NavigationSmoke.spec.ts","",""
"","7909","Branding sub-page loads correctly","msedge","Thu Aug 27 10:07:12 UTC 2026","passed","Thu Aug 27 10:07:20 UTC 2026","Application Navigation Smoke Tests","specs\Smoke\2-NavigationSmoke.spec.ts","",""
"","24246","Previous page button returns to page 1, First page button re-enables disabled state","webkit","Thu Aug 27 10:16:43 UTC 2026","passed","Thu Aug 27 10:17:07 UTC 2026","Presented Checks — Smoke","specs\Smoke\5-PresentedChecksSmoke.spec.ts","",""
"","9808","Search box filters grid and clears correctly","msedge","Thu Aug 27 10:12:57 UTC 2026","passed","Thu Aug 27 10:13:07 UTC 2026","ACH — Smoke","specs\Smoke\7-ACHSmoke.spec.ts","",""
"","6135","Verify all three dashboard view tabs are visible","msedge","Thu Aug 27 10:07:17 UTC 2026","passed","Thu Aug 27 10:07:23 UTC 2026","Home Dashboard","specs\Smoke\3-HomeDashboardSmoke.spec.ts","",""
"","17807","Default filter auto-applies after logout and re-login","firefox","Thu Aug 27 10:33:49 UTC 2026","skipped","Thu Aug 27 10:34:07 UTC 2026","Presented Checks — Default Filter (Serial)","specs\Smoke\5-PresentedChecksSmoke.spec.ts","",""
"","7158","Teller page loads correctly","chromium","Thu Aug 27 10:06:23 UTC 2026","passed","Thu Aug 27 10:06:30 UTC 2026","Application Navigation Smoke Tests","specs\Smoke\2-NavigationSmoke.spec.ts","",""
"","7273","Business Clients sub-page loads correctly","msedge","Thu Aug 27 10:06:49 UTC 2026","passed","Thu Aug 27 10:06:57 UTC 2026","Application Navigation Smoke Tests","specs\Smoke\2-NavigationSmoke.spec.ts","",""
"","9840","Typing a page number navigates to that page","msedge","Thu Aug 27 10:13:44 UTC 2026","passed","Thu Aug 27 10:13:53 UTC 2026","ACH — Smoke","specs\Smoke\7-ACHSmoke.spec.ts","",""
"","27071","Previous page button returns to page 1, First page button re-enables disabled state","webkit","Thu Aug 27 10:23:05 UTC 2026","passed","Thu Aug 27 10:23:32 UTC 2026","Exceptions — Smoke","specs\Smoke\8-ExceptionsSmoke.spec.ts","",""
"","19928","Excel export button is visible and enabled","webkit","Thu Aug 27 10:21:26 UTC 2026","passed","Thu Aug 27 10:21:45 UTC 2026","Exceptions — Smoke","specs\Smoke\8-ExceptionsSmoke.spec.ts","",""
"","8395","Grid View toggle navigates to the open-exceptions grid and shows key column headers","msedge","Thu Aug 27 10:15:56 UTC 2026","passed","Thu Aug 27 10:16:05 UTC 2026","Exceptions — Smoke (Continued)","specs\Smoke\8-ExceptionsSmoke.spec.ts","",""
"","19657","Search box filters grid and clears correctly","firefox","Thu Aug 27 10:36:58 UTC 2026","passed","Thu Aug 27 10:37:18 UTC 2026","Exceptions — Smoke","specs\Smoke\8-ExceptionsSmoke.spec.ts","",""
"","21536","Typing a page number navigates to that page","webkit","Thu Aug 27 10:23:02 UTC 2026","passed","Thu Aug 27 10:23:24 UTC 2026","ACH — Smoke","specs\Smoke\7-ACHSmoke.spec.ts","",""
"","17267","Saved Filters dropdown is visible and defaults to no preset","webkit","Thu Aug 27 10:23:52 UTC 2026","passed","Thu Aug 27 10:24:09 UTC 2026","ACH — Smoke","specs\Smoke\7-ACHSmoke.spec.ts","",""
"","8730","File Formats sub-page loads correctly","chromium","Thu Aug 27 10:07:58 UTC 2026","passed","Thu Aug 27 10:08:07 UTC 2026","Application Navigation Smoke Tests","specs\Smoke\2-NavigationSmoke.spec.ts","",""
"","10007","Excel export button is visible and enabled","chromium","Thu Aug 27 10:10:22 UTC 2026","passed","Thu Aug 27 10:10:32 UTC 2026","Issued Checks — Smoke","specs\Smoke\4-IssuedChecksSmoke.spec.ts","",""
"","6079","Verify all three dashboard view tabs are visible","chromium","Thu Aug 27 10:07:32 UTC 2026","passed","Thu Aug 27 10:07:38 UTC 2026","Home Dashboard","specs\Smoke\3-HomeDashboardSmoke.spec.ts","",""
"","11642","Previous page button returns to page 1, First page button re-enables disabled state","chromium","Thu Aug 27 10:14:28 UTC 2026","passed","Thu Aug 27 10:14:40 UTC 2026","Exceptions — Smoke","specs\Smoke\8-ExceptionsSmoke.spec.ts","",""
"","4506","Validate unauthenticated access to protected route is redirected to login","msedge","Thu Aug 27 10:07:05 UTC 2026","passed","Thu Aug 27 10:07:10 UTC 2026","","specs\Smoke\1-LoginSmoke.spec.ts","",""
"","6565","Validate Login functionality with emptyFields","firefox","Thu Aug 27 10:23:22 UTC 2026","passed","Thu Aug 27 10:23:28 UTC 2026","","specs\Smoke\1-LoginSmoke.spec.ts","",""
"","7021","Verify navigation to Presented Checks via nav menu","msedge","Thu Aug 27 10:08:55 UTC 2026","passed","Thu Aug 27 10:09:02 UTC 2026","Home Dashboard","specs\Smoke\3-HomeDashboardSmoke.spec.ts","",""
"","4599","Validate Login functionality with emptyFields","msedge","Thu Aug 27 10:06:15 UTC 2026","passed","Thu Aug 27 10:06:19 UTC 2026","","specs\Smoke\1-LoginSmoke.spec.ts","",""
"","9086","Typing a page number navigates to that page","chromium","Thu Aug 27 10:10:59 UTC 2026","passed","Thu Aug 27 10:11:08 UTC 2026","Issued Checks — Smoke","specs\Smoke\4-IssuedChecksSmoke.spec.ts","",""
"","15035","Issued Checks breadcrumb link is visible on the page","firefox","Thu Aug 27 10:35:37 UTC 2026","passed","Thu Aug 27 10:35:52 UTC 2026","Issued Checks — Smoke (Continued)","specs\Smoke\4-IssuedChecksSmoke.spec.ts","",""
"","7432","Teller page loads correctly","msedge","Thu Aug 27 10:06:13 UTC 2026","passed","Thu Aug 27 10:06:21 UTC 2026","Application Navigation Smoke Tests","specs\Smoke\2-NavigationSmoke.spec.ts","",""
"","17822","Excel export button is visible and enabled","firefox","Thu Aug 27 10:37:18 UTC 2026","passed","Thu Aug 27 10:37:36 UTC 2026","Exceptions — Smoke","specs\Smoke\8-ExceptionsSmoke.spec.ts","",""
"","20506","Save a filter preset, verify it is auto-selected, then delete it","firefox","Thu Aug 27 10:34:07 UTC 2026","passed","Thu Aug 27 10:34:27 UTC 2026","Presented Checks — Smoke (Continued)","specs\Smoke\5-PresentedChecksSmoke.spec.ts","",""
"","7178","Verify Home dashboard is restored after returning from another page","msedge","Thu Aug 27 10:08:41 UTC 2026","passed","Thu Aug 27 10:08:48 UTC 2026","Home Dashboard","specs\Smoke\3-HomeDashboardSmoke.spec.ts","",""
"","15426","Business Clients sub-page loads correctly","webkit","Thu Aug 27 10:07:21 UTC 2026","passed","Thu Aug 27 10:07:36 UTC 2026","Application Navigation Smoke Tests","specs\Smoke\2-NavigationSmoke.spec.ts","",""
"","8111","Verify ACH Only tab shows ACH-specific chart sections","chromium","Thu Aug 27 10:07:56 UTC 2026","passed","Thu Aug 27 10:08:04 UTC 2026","Home Dashboard","specs\Smoke\3-HomeDashboardSmoke.spec.ts","",""
"","5972","Verify navigation to Settings via nav menu","chromium","Thu Aug 27 10:09:38 UTC 2026","passed","Thu Aug 27 10:09:44 UTC 2026","Home Dashboard","specs\Smoke\3-HomeDashboardSmoke.spec.ts","",""
"","10385","Verify profile menu shows My Info and Logout links","firefox","Thu Aug 27 10:27:48 UTC 2026","passed","Thu Aug 27 10:27:59 UTC 2026","Home Dashboard","specs\Smoke\3-HomeDashboardSmoke.spec.ts","",""
"","12988","Validate Login functionality with caseSensitiveEmail","firefox","Thu Aug 27 10:22:46 UTC 2026","passed","Thu Aug 27 10:22:59 UTC 2026","","specs\Smoke\1-LoginSmoke.spec.ts","",""
"","11247","Previous page button returns to page 1, First page button re-enables disabled state","chromium","Thu Aug 27 10:14:50 UTC 2026","passed","Thu Aug 27 10:15:01 UTC 2026","ACH — Smoke","specs\Smoke\7-ACHSmoke.spec.ts","",""
"","33199","Save a filter preset, verify it is auto-selected, then delete it","webkit","Thu Aug 27 10:17:32 UTC 2026","passed","Thu Aug 27 10:18:05 UTC 2026","Issued Checks — Smoke (Continued)","specs\Smoke\4-IssuedChecksSmoke.spec.ts","",""
"","19065","Clicking a column header sorts ascending, clicking again sorts descending","firefox","Thu Aug 27 10:33:15 UTC 2026","passed","Thu Aug 27 10:33:34 UTC 2026","Issued Checks — Smoke (Continued)","specs\Smoke\4-IssuedChecksSmoke.spec.ts","",""
"","9187","Clicking a column header sorts ascending, clicking again sorts descending","chromium","Thu Aug 27 10:12:13 UTC 2026","passed","Thu Aug 27 10:12:22 UTC 2026","Issued Checks — Smoke (Continued)","specs\Smoke\4-IssuedChecksSmoke.spec.ts","",""
"","7744","Saved Filters dropdown is visible and defaults to no preset","msedge","Thu Aug 27 10:11:07 UTC 2026","passed","Thu Aug 27 10:11:14 UTC 2026","Presented Checks — Smoke","specs\Smoke\5-PresentedChecksSmoke.spec.ts","",""
"","9960","Page size change to 10 updates pagination info in bottom-right pager","chromium","Thu Aug 27 10:14:08 UTC 2026","passed","Thu Aug 27 10:14:18 UTC 2026","ACH — Smoke","specs\Smoke\7-ACHSmoke.spec.ts","",""
"","19356","Verify Check Only tab shows Check-specific chart sections","firefox","Thu Aug 27 10:25:31 UTC 2026","passed","Thu Aug 27 10:25:51 UTC 2026","Home Dashboard","specs\Smoke\3-HomeDashboardSmoke.spec.ts","",""
"","6912","Verify dashboard footer footnote and privacy link are visible","msedge","Thu Aug 27 10:08:28 UTC 2026","passed","Thu Aug 27 10:08:35 UTC 2026","Home Dashboard","specs\Smoke\3-HomeDashboardSmoke.spec.ts","",""
"","18019","Search box filters grid and clears correctly","firefox","Thu Aug 27 10:30:14 UTC 2026","passed","Thu Aug 27 10:30:32 UTC 2026","Issued Checks — Smoke","specs\Smoke\4-IssuedChecksSmoke.spec.ts","",""
"","18974","""Delete"" on a row shows a confirm modal; Cancel dismisses it without deleting","firefox","Thu Aug 27 10:41:08 UTC 2026","passed","Thu Aug 27 10:41:27 UTC 2026","ACH — Smoke","specs\Smoke\7-ACHSmoke.spec.ts","",""
"","18039","Issued Checks breadcrumb link is visible on the page","webkit","Thu Aug 27 10:19:50 UTC 2026","passed","Thu Aug 27 10:20:08 UTC 2026","Issued Checks — Smoke (Continued)","specs\Smoke\4-IssuedChecksSmoke.spec.ts","",""
"","19190","Default filter auto-applies after logout and re-login","webkit","Thu Aug 27 10:24:09 UTC 2026","skipped","Thu Aug 27 10:24:28 UTC 2026","ACH — Smoke","specs\Smoke\7-ACHSmoke.spec.ts","",""
"","27610","Holiday Schedules sub-page loads correctly","webkit","Thu Aug 27 10:09:13 UTC 2026","passed","Thu Aug 27 10:09:41 UTC 2026","Application Navigation Smoke Tests","specs\Smoke\2-NavigationSmoke.spec.ts","",""
"","27364","Decision badge on an already-reviewed row is blocked with a system message","webkit","Thu Aug 27 10:25:55 UTC 2026","passed","Thu Aug 27 10:26:22 UTC 2026","Exceptions — Smoke (Continued)","specs\Smoke\8-ExceptionsSmoke.spec.ts","",""
"","9893","Validate Login functionality with emptyFields","webkit","Thu Aug 27 10:06:06 UTC 2026","passed","Thu Aug 27 10:06:16 UTC 2026","","specs\Smoke\1-LoginSmoke.spec.ts","",""
"","6351","Verify profile menu shows My Info and Logout links","chromium","Thu Aug 27 10:08:56 UTC 2026","passed","Thu Aug 27 10:09:02 UTC 2026","Home Dashboard","specs\Smoke\3-HomeDashboardSmoke.spec.ts","",""
"","10128","Approvals page loads with either records or the empty-state message","firefox","Thu Aug 27 10:42:29 UTC 2026","passed","Thu Aug 27 10:42:39 UTC 2026","Exceptions — Smoke (Continued)","specs\Smoke\8-ExceptionsSmoke.spec.ts","",""
"","11223","Previous page button returns to page 1, First page button re-enables disabled state","chromium","Thu Aug 27 10:11:09 UTC 2026","passed","Thu Aug 27 10:11:20 UTC 2026","Presented Checks — Smoke","specs\Smoke\5-PresentedChecksSmoke.spec.ts","",""
"","16939","""Uploaded Checks"" navigates to the uploads page","firefox","Thu Aug 27 10:29:57 UTC 2026","passed","Thu Aug 27 10:30:14 UTC 2026","Issued Checks — Smoke","specs\Smoke\4-IssuedChecksSmoke.spec.ts","",""
"","8741","Next page arrow advances to page 2","chromium","Thu Aug 27 10:10:41 UTC 2026","passed","Thu Aug 27 10:10:50 UTC 2026","Issued Checks — Smoke","specs\Smoke\4-IssuedChecksSmoke.spec.ts","",""
"","19229","""Uploaded Checks"" navigates to the uploads page","webkit","Thu Aug 27 10:14:23 UTC 2026","passed","Thu Aug 27 10:14:42 UTC 2026","Presented Checks — Smoke","specs\Smoke\5-PresentedChecksSmoke.spec.ts","",""
"","21639","Billing Reports sub-page loads correctly","webkit","Thu Aug 27 10:08:23 UTC 2026","passed","Thu Aug 27 10:08:45 UTC 2026","Application Navigation Smoke Tests","specs\Smoke\2-NavigationSmoke.spec.ts","",""
"","9270","""Uploaded ACH"" navigates to the uploads page","chromium","Thu Aug 27 10:13:38 UTC 2026","passed","Thu Aug 27 10:13:48 UTC 2026","ACH — Smoke","specs\Smoke\7-ACHSmoke.spec.ts","",""
"","16283","Pay/Return decision badge navigates to exception history","msedge","Thu Aug 27 10:15:24 UTC 2026","passed","Thu Aug 27 10:15:40 UTC 2026","ACH — Smoke","specs\Smoke\7-ACHSmoke.spec.ts","",""
"","7890","Account Settings sub-page loads correctly","chromium","Thu Aug 27 10:06:54 UTC 2026","passed","Thu Aug 27 10:07:02 UTC 2026","Application Navigation Smoke Tests","specs\Smoke\2-NavigationSmoke.spec.ts","",""
"","16078","Issued Checks page loads correctly","webkit","Thu Aug 27 10:05:30 UTC 2026","passed","Thu Aug 27 10:05:46 UTC 2026","Application Navigation Smoke Tests","specs\Smoke\2-NavigationSmoke.spec.ts","",""
"","19467","Exception History grid loads with data rows and key column headers","firefox","Thu Aug 27 10:36:39 UTC 2026","passed","Thu Aug 27 10:36:58 UTC 2026","Exceptions — Smoke","specs\Smoke\8-ExceptionsSmoke.spec.ts","",""
"","7307","Decision Files sub-page loads correctly","chromium","Thu Aug 27 10:07:43 UTC 2026","passed","Thu Aug 27 10:07:50 UTC 2026","Application Navigation Smoke Tests","specs\Smoke\2-NavigationSmoke.spec.ts","",""
"","13714","Save a filter preset, verify it is auto-selected, then delete it","chromium","Thu Aug 27 10:15:38 UTC 2026","passed","Thu Aug 27 10:15:52 UTC 2026","ACH — Smoke","specs\Smoke\7-ACHSmoke.spec.ts","",""
"","11429","Billing Reports sub-page loads correctly","firefox","Thu Aug 27 10:25:44 UTC 2026","passed","Thu Aug 27 10:25:55 UTC 2026","Application Navigation Smoke Tests","specs\Smoke\2-NavigationSmoke.spec.ts","",""
"","10147","Approvals page loads with either records or the empty-state message","webkit","Thu Aug 27 10:27:31 UTC 2026","passed","Thu Aug 27 10:27:42 UTC 2026","Exceptions — Smoke (Continued)","specs\Smoke\8-ExceptionsSmoke.spec.ts","",""
"","8616","System Log sub-page loads correctly","msedge","Thu Aug 27 10:08:55 UTC 2026","passed","Thu Aug 27 10:09:03 UTC 2026","Application Navigation Smoke Tests","specs\Smoke\2-NavigationSmoke.spec.ts","",""
"","8459","Presented Checks page loads correctly","msedge","Thu Aug 27 10:06:05 UTC 2026","passed","Thu Aug 27 10:06:13 UTC 2026","Application Navigation Smoke Tests","specs\Smoke\2-NavigationSmoke.spec.ts","",""
"","17438","Page size change to 10 updates pagination info in bottom-right pager","webkit","Thu Aug 27 10:15:13 UTC 2026","passed","Thu Aug 27 10:15:30 UTC 2026","Issued Checks — Smoke","specs\Smoke\4-IssuedChecksSmoke.spec.ts","",""
"","18909","Page size change to 10 updates pagination info in bottom-right pager","webkit","Thu Aug 27 10:21:46 UTC 2026","passed","Thu Aug 27 10:22:04 UTC 2026","Exceptions — Smoke","specs\Smoke\8-ExceptionsSmoke.spec.ts","",""
"","17038","Page size change to 10 updates pagination info in bottom-right pager","firefox","Thu Aug 27 10:37:36 UTC 2026","passed","Thu Aug 27 10:37:53 UTC 2026","Exceptions — Smoke","specs\Smoke\8-ExceptionsSmoke.spec.ts","",""
"","10849","Search box filters grid and clears correctly","chromium","Thu Aug 27 10:10:11 UTC 2026","passed","Thu Aug 27 10:10:22 UTC 2026","Issued Checks — Smoke","specs\Smoke\4-IssuedChecksSmoke.spec.ts","",""
"","8544","Issued Checks breadcrumb link is visible on the page","msedge","Thu Aug 27 10:12:12 UTC 2026","passed","Thu Aug 27 10:12:20 UTC 2026","Issued Checks — Smoke (Continued)","specs\Smoke\4-IssuedChecksSmoke.spec.ts","",""
"","8780","Saved Filters dropdown is visible and defaults to no preset","chromium","Thu Aug 27 10:11:20 UTC 2026","passed","Thu Aug 27 10:11:29 UTC 2026","Issued Checks — Smoke","specs\Smoke\4-IssuedChecksSmoke.spec.ts","",""
"","9864","Excel export button is visible and enabled","msedge","Thu Aug 27 10:13:08 UTC 2026","passed","Thu Aug 27 10:13:17 UTC 2026","Exceptions — Smoke","specs\Smoke\8-ExceptionsSmoke.spec.ts","",""
"","7938","Validate Login functionality with sqlInjection","firefox","Thu Aug 27 10:23:41 UTC 2026","passed","Thu Aug 27 10:23:49 UTC 2026","","specs\Smoke\1-LoginSmoke.spec.ts","",""
"","9061","API link is visible and points to swagger","msedge","Thu Aug 27 10:09:12 UTC 2026","passed","Thu Aug 27 10:09:21 UTC 2026","Application Navigation Smoke Tests","specs\Smoke\2-NavigationSmoke.spec.ts","",""
"","17758","""View"" (Change Log) link on a row navigates to the entity log","firefox","Thu Aug 27 10:35:22 UTC 2026","passed","Thu Aug 27 10:35:40 UTC 2026","Presented Checks — Smoke (Continued)","specs\Smoke\5-PresentedChecksSmoke.spec.ts","",""
"","7032","Verify dashboard loads after successful login","chromium","Thu Aug 27 10:07:25 UTC 2026","passed","Thu Aug 27 10:07:32 UTC 2026","Home Dashboard","specs\Smoke\3-HomeDashboardSmoke.spec.ts","",""
"","6118","Verify summary KPI values have expected number formats","chromium","Thu Aug 27 10:08:36 UTC 2026","passed","Thu Aug 27 10:08:42 UTC 2026","Home Dashboard","specs\Smoke\3-HomeDashboardSmoke.spec.ts","",""
"","8412","""Edit"" link on a row navigates to the check edit form","chromium","Thu Aug 27 10:12:34 UTC 2026","passed","Thu Aug 27 10:12:43 UTC 2026","Issued Checks — Smoke (Continued)","specs\Smoke\4-IssuedChecksSmoke.spec.ts","",""
"","18519","Verify tab-specific charts are hidden for opposite tab","webkit","Thu Aug 27 10:10:40 UTC 2026","passed","Thu Aug 27 10:10:58 UTC 2026","Home Dashboard","specs\Smoke\3-HomeDashboardSmoke.spec.ts","",""
"","33661","Save a filter preset, verify it is auto-selected, then delete it","webkit","Thu Aug 27 10:17:44 UTC 2026","passed","Thu Aug 27 10:18:17 UTC 2026","Presented Checks — Smoke (Continued)","specs\Smoke\5-PresentedChecksSmoke.spec.ts","",""
"","6554","Verify Total Exceptions and Total Exception Amount labels are visible","msedge","Thu Aug 27 10:08:08 UTC 2026","passed","Thu Aug 27 10:08:14 UTC 2026","Home Dashboard","specs\Smoke\3-HomeDashboardSmoke.spec.ts","",""
"","10266","Clicking a column header sorts ascending, clicking again sorts descending","chromium","Thu Aug 27 10:15:33 UTC 2026","passed","Thu Aug 27 10:15:44 UTC 2026","Exceptions — Smoke (Continued)","specs\Smoke\8-ExceptionsSmoke.spec.ts","",""
"","5460","Approvals page loads with either records or the empty-state message","msedge","Thu Aug 27 10:16:05 UTC 2026","passed","Thu Aug 27 10:16:10 UTC 2026","Exceptions — Smoke (Continued)","specs\Smoke\8-ExceptionsSmoke.spec.ts","",""
"","14691","Verify navigation to ACH via nav menu","firefox","Thu Aug 27 10:28:48 UTC 2026","passed","Thu Aug 27 10:29:03 UTC 2026","Home Dashboard","specs\Smoke\3-HomeDashboardSmoke.spec.ts","",""
"","7993","Validate Login functionality with invalidEmailFormat","webkit","Thu Aug 27 10:05:58 UTC 2026","passed","Thu Aug 27 10:06:06 UTC 2026","","specs\Smoke\1-LoginSmoke.spec.ts","",""
"","9215","""View"" (Change Log) link on a row navigates to the entity log","chromium","Thu Aug 27 10:12:43 UTC 2026","passed","Thu Aug 27 10:12:52 UTC 2026","Issued Checks — Smoke (Continued)","specs\Smoke\4-IssuedChecksSmoke.spec.ts","",""
"","3925","Validate Login functionality with incorrectUsername","msedge","Thu Aug 27 10:06:07 UTC 2026","passed","Thu Aug 27 10:06:11 UTC 2026","","specs\Smoke\1-LoginSmoke.spec.ts","",""
"","14199","Validate Login functionality with caseSensitiveEmail","webkit","Thu Aug 27 10:05:27 UTC 2026","passed","Thu Aug 27 10:05:41 UTC 2026","","specs\Smoke\1-LoginSmoke.spec.ts","",""
"","27630","Verify ACH Only tab shows ACH-specific chart sections","webkit","Thu Aug 27 10:09:10 UTC 2026","passed","Thu Aug 27 10:09:38 UTC 2026","Home Dashboard","specs\Smoke\3-HomeDashboardSmoke.spec.ts","",""
"","9521","""View"" (Change Log) link on a row navigates to the entity log","msedge","Thu Aug 27 10:11:53 UTC 2026","passed","Thu Aug 27 10:12:03 UTC 2026","Issued Checks — Smoke (Continued)","specs\Smoke\4-IssuedChecksSmoke.spec.ts","",""
"","7153","Open Exceptions page loads with either exception cards or the empty-state message","msedge","Thu Aug 27 10:15:49 UTC 2026","passed","Thu Aug 27 10:15:56 UTC 2026","Exceptions — Smoke (Continued)","specs\Smoke\8-ExceptionsSmoke.spec.ts","",""
"","14298","Teller page loads correctly","firefox","Thu Aug 27 10:23:18 UTC 2026","passed","Thu Aug 27 10:23:32 UTC 2026","Application Navigation Smoke Tests","specs\Smoke\2-NavigationSmoke.spec.ts","",""
"","7664","Verify navigation to Exceptions via nav menu","chromium","Thu Aug 27 10:09:30 UTC 2026","passed","Thu Aug 27 10:09:38 UTC 2026","Home Dashboard","specs\Smoke\3-HomeDashboardSmoke.spec.ts","",""
"","7707","Excel export button is visible and enabled","msedge","Thu Aug 27 10:13:07 UTC 2026","passed","Thu Aug 27 10:13:15 UTC 2026","ACH — Smoke","specs\Smoke\7-ACHSmoke.spec.ts","",""
"","7840","Page size change to 10 updates pagination info in bottom-right pager","msedge","Thu Aug 27 10:10:17 UTC 2026","passed","Thu Aug 27 10:10:24 UTC 2026","Presented Checks — Smoke","specs\Smoke\5-PresentedChecksSmoke.spec.ts","",""
"","8654","Users sub-page loads correctly","msedge","Thu Aug 27 10:06:57 UTC 2026","passed","Thu Aug 27 10:07:05 UTC 2026","Application Navigation Smoke Tests","specs\Smoke\2-NavigationSmoke.spec.ts","",""
"","18118","Excel export button is visible and enabled","webkit","Thu Aug 27 10:21:47 UTC 2026","passed","Thu Aug 27 10:22:05 UTC 2026","ACH — Smoke","specs\Smoke\7-ACHSmoke.spec.ts","",""
"","20064","Typing a page number navigates to that page","firefox","Thu Aug 27 10:32:50 UTC 2026","passed","Thu Aug 27 10:33:10 UTC 2026","Presented Checks — Smoke","specs\Smoke\5-PresentedChecksSmoke.spec.ts","",""
"","7838","Settings page loads correctly","chromium","Thu Aug 27 10:06:46 UTC 2026","passed","Thu Aug 27 10:06:54 UTC 2026","Application Navigation Smoke Tests","specs\Smoke\2-NavigationSmoke.spec.ts","",""
"","13702","Exceptions page loads correctly","firefox","Thu Aug 27 10:23:48 UTC 2026","passed","Thu Aug 27 10:24:02 UTC 2026","Application Navigation Smoke Tests","specs\Smoke\2-NavigationSmoke.spec.ts","",""
"","21533","Previous page button returns to page 1, First page button re-enables disabled state","firefox","Thu Aug 27 10:31:55 UTC 2026","passed","Thu Aug 27 10:32:17 UTC 2026","Issued Checks — Smoke","specs\Smoke\4-IssuedChecksSmoke.spec.ts","",""
"","19551","""Delete"" on a row shows a confirm modal; Cancel dismisses it without deleting","firefox","Thu Aug 27 10:35:40 UTC 2026","passed","Thu Aug 27 10:35:59 UTC 2026","Presented Checks — Smoke (Continued)","specs\Smoke\5-PresentedChecksSmoke.spec.ts","",""
"","9178","Page size change to 10 updates pagination info in bottom-right pager","chromium","Thu Aug 27 10:10:32 UTC 2026","passed","Thu Aug 27 10:10:41 UTC 2026","Issued Checks — Smoke","specs\Smoke\4-IssuedChecksSmoke.spec.ts","",""
"","16713","File Processing sub-page loads correctly","webkit","Thu Aug 27 10:12:42 UTC 2026","passed","Thu Aug 27 10:12:59 UTC 2026","Application Navigation Smoke Tests","specs\Smoke\2-NavigationSmoke.spec.ts","",""
"","10938","Validate forgot password functionality with No email","webkit","Thu Aug 27 10:07:10 UTC 2026","passed","Thu Aug 27 10:07:21 UTC 2026","","specs\Smoke\1-LoginSmoke.spec.ts","",""
"","4681","Validate unauthenticated access to protected route is redirected to login","chromium","Thu Aug 27 10:07:20 UTC 2026","passed","Thu Aug 27 10:07:25 UTC 2026","","specs\Smoke\1-LoginSmoke.spec.ts","",""
"","6580","Verify Combined View shows all chart sections","msedge","Thu Aug 27 10:07:23 UTC 2026","passed","Thu Aug 27 10:07:29 UTC 2026","Home Dashboard","specs\Smoke\3-HomeDashboardSmoke.spec.ts","",""
"","18648","Last page arrow jumps to the final page","webkit","Thu Aug 27 10:16:03 UTC 2026","passed","Thu Aug 27 10:16:22 UTC 2026","Presented Checks — Smoke","specs\Smoke\5-PresentedChecksSmoke.spec.ts","",""
"","10605","Default filter auto-applies after logout and re-login","firefox","Thu Aug 27 10:39:30 UTC 2026","skipped","Thu Aug 27 10:39:40 UTC 2026","Exceptions — Default Filter (Serial)","specs\Smoke\8-ExceptionsSmoke.spec.ts","",""
"","15004","Settings page loads correctly","webkit","Thu Aug 27 10:06:50 UTC 2026","passed","Thu Aug 27 10:07:05 UTC 2026","Application Navigation Smoke Tests","specs\Smoke\2-NavigationSmoke.spec.ts","",""
"","23771","Save a filter preset, verify it is auto-selected, then delete it","firefox","Thu Aug 27 10:39:41 UTC 2026","passed","Thu Aug 27 10:40:05 UTC 2026","ACH — Smoke","specs\Smoke\7-ACHSmoke.spec.ts","",""
"","6874","Pre-Decisions page loads with either records or the empty-state message","chromium","Thu Aug 27 10:17:02 UTC 2026","passed","Thu Aug 27 10:17:09 UTC 2026","Exceptions — Smoke (Continued)","specs\Smoke\8-ExceptionsSmoke.spec.ts","",""
"","9142","System Log sub-page loads correctly","chromium","Thu Aug 27 10:09:12 UTC 2026","passed","Thu Aug 27 10:09:21 UTC 2026","Application Navigation Smoke Tests","specs\Smoke\2-NavigationSmoke.spec.ts","",""
"","15417","Account Settings sub-page loads correctly","webkit","Thu Aug 27 10:07:05 UTC 2026","passed","Thu Aug 27 10:07:21 UTC 2026","Application Navigation Smoke Tests","specs\Smoke\2-NavigationSmoke.spec.ts","",""
"","9601","""View"" (Change Log) link on a row navigates to the entity log","msedge","Thu Aug 27 10:12:12 UTC 2026","passed","Thu Aug 27 10:12:21 UTC 2026","Presented Checks — Smoke (Continued)","specs\Smoke\5-PresentedChecksSmoke.spec.ts","",""
"","8583","Grid loads with data rows and key column headers","chromium","Thu Aug 27 10:09:44 UTC 2026","passed","Thu Aug 27 10:09:52 UTC 2026","Issued Checks — Smoke","specs\Smoke\4-IssuedChecksSmoke.spec.ts","",""
"","16251","Page size change to 10 updates pagination info in bottom-right pager","firefox","Thu Aug 27 10:30:46 UTC 2026","passed","Thu Aug 27 10:31:02 UTC 2026","Issued Checks — Smoke","specs\Smoke\4-IssuedChecksSmoke.spec.ts","",""
"","17106","Exceptions breadcrumb link is visible on the page","firefox","Thu Aug 27 10:41:29 UTC 2026","passed","Thu Aug 27 10:41:46 UTC 2026","Exceptions — Smoke (Continued)","specs\Smoke\8-ExceptionsSmoke.spec.ts","",""
"","7123","Exceptions page loads correctly","msedge","Thu Aug 27 10:06:29 UTC 2026","passed","Thu Aug 27 10:06:36 UTC 2026","Application Navigation Smoke Tests","specs\Smoke\2-NavigationSmoke.spec.ts","",""
"","16445","Roles/Permissions sub-page loads correctly","firefox","Thu Aug 27 10:25:11 UTC 2026","passed","Thu Aug 27 10:25:28 UTC 2026","Application Navigation Smoke Tests","specs\Smoke\2-NavigationSmoke.spec.ts","",""
"","8868","""+ Add ACH"" navigates to the add-ACH form","msedge","Thu Aug 27 10:12:38 UTC 2026","passed","Thu Aug 27 10:12:47 UTC 2026","ACH — Smoke","specs\Smoke\7-ACHSmoke.spec.ts","",""
"","10414","Open Exceptions page loads with either exception cards or the empty-state message","chromium","Thu Aug 27 10:16:35 UTC 2026","passed","Thu Aug 27 10:16:46 UTC 2026","Exceptions — Smoke (Continued)","specs\Smoke\8-ExceptionsSmoke.spec.ts","",""
"","4303","Validate forgot password with unregistered email","msedge","Thu Aug 27 10:06:52 UTC 2026","passed","Thu Aug 27 10:06:56 UTC 2026","","specs\Smoke\1-LoginSmoke.spec.ts","",""
"","8451","Billing Reports sub-page loads correctly","chromium","Thu Aug 27 10:07:34 UTC 2026","passed","Thu Aug 27 10:07:43 UTC 2026","Application Navigation Smoke Tests","specs\Smoke\2-NavigationSmoke.spec.ts","",""
"","10944","Clicking a column header sorts ascending, clicking again sorts descending","chromium","Thu Aug 27 10:15:52 UTC 2026","passed","Thu Aug 27 10:16:02 UTC 2026","ACH — Smoke","specs\Smoke\7-ACHSmoke.spec.ts","",""
"","9590","""Uploaded Checks"" navigates to the uploads page","msedge","Thu Aug 27 10:09:47 UTC 2026","passed","Thu Aug 27 10:09:57 UTC 2026","Presented Checks — Smoke","specs\Smoke\5-PresentedChecksSmoke.spec.ts","",""
"","14698","Save a filter preset, verify it is auto-selected, then delete it","msedge","Thu Aug 27 10:11:25 UTC 2026","passed","Thu Aug 27 10:11:39 UTC 2026","Presented Checks — Smoke (Continued)","specs\Smoke\5-PresentedChecksSmoke.spec.ts","",""
"","15378","Save a filter preset, verify it is auto-selected, then delete it","chromium","Thu Aug 27 10:11:53 UTC 2026","passed","Thu Aug 27 10:12:08 UTC 2026","Presented Checks — Smoke (Continued)","specs\Smoke\5-PresentedChecksSmoke.spec.ts","",""
"","16400","Check Approval Rules sub-page loads correctly","webkit","Thu Aug 27 10:10:59 UTC 2026","passed","Thu Aug 27 10:11:15 UTC 2026","Application Navigation Smoke Tests","specs\Smoke\2-NavigationSmoke.spec.ts","",""
"","10335","Default filter auto-applies after logout and re-login","msedge","Thu Aug 27 10:11:14 UTC 2026","skipped","Thu Aug 27 10:11:25 UTC 2026","Presented Checks — Default Filter (Serial)","specs\Smoke\5-PresentedChecksSmoke.spec.ts","",""
"","4455","Validate forgot password functionality","chromium","Thu Aug 27 10:06:57 UTC 2026","passed","Thu Aug 27 10:07:02 UTC 2026","","specs\Smoke\1-LoginSmoke.spec.ts","",""
"","18613","""Uploaded ACH"" navigates to the uploads page","firefox","Thu Aug 27 10:36:39 UTC 2026","passed","Thu Aug 27 10:36:57 UTC 2026","ACH — Smoke","specs\Smoke\7-ACHSmoke.spec.ts","",""
"","10410","File Processing sub-page loads correctly","chromium","Thu Aug 27 10:09:21 UTC 2026","passed","Thu Aug 27 10:09:32 UTC 2026","Application Navigation Smoke Tests","specs\Smoke\2-NavigationSmoke.spec.ts","",""
"","3871","Validate forgot password with unregistered email","chromium","Thu Aug 27 10:07:07 UTC 2026","passed","Thu Aug 27 10:07:11 UTC 2026","","specs\Smoke\1-LoginSmoke.spec.ts","",""
"","12119","Verify summary KPI values have expected number formats","webkit","Thu Aug 27 10:11:11 UTC 2026","passed","Thu Aug 27 10:11:24 UTC 2026","Home Dashboard","specs\Smoke\3-HomeDashboardSmoke.spec.ts","",""
"","14865","Roles/Permissions sub-page loads correctly","webkit","Thu Aug 27 10:07:52 UTC 2026","passed","Thu Aug 27 10:08:06 UTC 2026","Application Navigation Smoke Tests","specs\Smoke\2-NavigationSmoke.spec.ts","",""
"","7288","Verify Total Exceptions and Total Exception Amount labels are visible","chromium","Thu Aug 27 10:08:29 UTC 2026","passed","Thu Aug 27 10:08:36 UTC 2026","Home Dashboard","specs\Smoke\3-HomeDashboardSmoke.spec.ts","",""
"","18057","Check Approval Rules sub-page loads correctly","firefox","Thu Aug 27 10:27:17 UTC 2026","passed","Thu Aug 27 10:27:35 UTC 2026","Application Navigation Smoke Tests","specs\Smoke\2-NavigationSmoke.spec.ts","",""
"","18896","""Edit"" link on a row navigates to the check edit form","webkit","Thu Aug 27 10:19:06 UTC 2026","passed","Thu Aug 27 10:19:25 UTC 2026","Presented Checks — Smoke (Continued)","specs\Smoke\5-PresentedChecksSmoke.spec.ts","",""
"","7933","Presented Checks page loads correctly","chromium","Thu Aug 27 10:06:15 UTC 2026","passed","Thu Aug 27 10:06:23 UTC 2026","Application Navigation Smoke Tests","specs\Smoke\2-NavigationSmoke.spec.ts","",""
"","9604","Default filter auto-applies after logout and re-login","msedge","Thu Aug 27 10:11:02 UTC 2026","skipped","Thu Aug 27 10:11:12 UTC 2026","Issued Checks — Default Filter (Serial)","specs\Smoke\4-IssuedChecksSmoke.spec.ts","",""
"","9565","""View"" (Change Log) link on a row navigates to the entity log","chromium","Thu Aug 27 10:16:15 UTC 2026","passed","Thu Aug 27 10:16:25 UTC 2026","ACH — Smoke","specs\Smoke\7-ACHSmoke.spec.ts","",""
"","10341","Verify all three dashboard view tabs are visible","firefox","Thu Aug 27 10:25:08 UTC 2026","passed","Thu Aug 27 10:25:18 UTC 2026","Home Dashboard","specs\Smoke\3-HomeDashboardSmoke.spec.ts","",""
"","5516","Pre-Decisions page loads with either records or the empty-state message","msedge","Thu Aug 27 10:16:10 UTC 2026","passed","Thu Aug 27 10:16:16 UTC 2026","Exceptions — Smoke (Continued)","specs\Smoke\8-ExceptionsSmoke.spec.ts","",""
"","14887","Default filter auto-applies after logout and re-login","firefox","Thu Aug 27 10:39:26 UTC 2026","skipped","Thu Aug 27 10:39:41 UTC 2026","ACH — Smoke","specs\Smoke\7-ACHSmoke.spec.ts","",""
"","9168","Issued Checks breadcrumb link is visible on the page","chromium","Thu Aug 27 10:13:02 UTC 2026","passed","Thu Aug 27 10:13:11 UTC 2026","Issued Checks — Smoke (Continued)","specs\Smoke\4-IssuedChecksSmoke.spec.ts","",""
"","17940","Verify navigation to Exceptions via nav menu","webkit","Thu Aug 27 10:13:13 UTC 2026","passed","Thu Aug 27 10:13:31 UTC 2026","Home Dashboard","specs\Smoke\3-HomeDashboardSmoke.spec.ts","",""
"","9367","Search box filters grid and clears correctly","chromium","Thu Aug 27 10:10:15 UTC 2026","passed","Thu Aug 27 10:10:24 UTC 2026","Presented Checks — Smoke","specs\Smoke\5-PresentedChecksSmoke.spec.ts","",""
"","12830","Decision badge on an already-reviewed row is blocked with a system message","msedge","Thu Aug 27 10:15:15 UTC 2026","passed","Thu Aug 27 10:15:27 UTC 2026","Exceptions — Smoke (Continued)","specs\Smoke\8-ExceptionsSmoke.spec.ts","",""
"","18231","Verify Combined View shows all chart sections","webkit","Thu Aug 27 10:08:25 UTC 2026","passed","Thu Aug 27 10:08:44 UTC 2026","Home Dashboard","specs\Smoke\3-HomeDashboardSmoke.spec.ts","",""
"","12098","Column filter menu applies a filter and Clear restores the full row set","msedge","Thu Aug 27 10:14:51 UTC 2026","passed","Thu Aug 27 10:15:03 UTC 2026","Exceptions — Smoke (Continued)","specs\Smoke\8-ExceptionsSmoke.spec.ts","",""
"","10560","Next page arrow advances to page 2","msedge","Thu Aug 27 10:13:26 UTC 2026","passed","Thu Aug 27 10:13:37 UTC 2026","Exceptions — Smoke","specs\Smoke\8-ExceptionsSmoke.spec.ts","",""
"","6544","Verify navigation to ACH via nav menu","chromium","Thu Aug 27 10:09:23 UTC 2026","passed","Thu Aug 27 10:09:30 UTC 2026","Home Dashboard","specs\Smoke\3-HomeDashboardSmoke.spec.ts","",""
"","7241","ACH breadcrumb link is visible on the page","msedge","Thu Aug 27 10:15:40 UTC 2026","passed","Thu Aug 27 10:15:48 UTC 2026","ACH — Smoke","specs\Smoke\7-ACHSmoke.spec.ts","",""
"","6722","Verify navigation to Settings via nav menu","msedge","Thu Aug 27 10:09:15 UTC 2026","passed","Thu Aug 27 10:09:21 UTC 2026","Home Dashboard","specs\Smoke\3-HomeDashboardSmoke.spec.ts","",""
"","9825","Automatic Check Decision Rules sub-page loads correctly","msedge","Thu Aug 27 10:08:04 UTC 2026","passed","Thu Aug 27 10:08:14 UTC 2026","Application Navigation Smoke Tests","specs\Smoke\2-NavigationSmoke.spec.ts","",""
"","21352","""View"" link on a row opens the Exception Details dialog","firefox","Thu Aug 27 10:40:45 UTC 2026","passed","Thu Aug 27 10:41:07 UTC 2026","Exceptions — Smoke (Continued)","specs\Smoke\8-ExceptionsSmoke.spec.ts","",""
"","8338","API link is visible and points to swagger","chromium","Thu Aug 27 10:09:32 UTC 2026","passed","Thu Aug 27 10:09:40 UTC 2026","Application Navigation Smoke Tests","specs\Smoke\2-NavigationSmoke.spec.ts","",""
"","6112","Validate forgot password with unregistered email","firefox","Thu Aug 27 10:24:28 UTC 2026","passed","Thu Aug 27 10:24:34 UTC 2026","","specs\Smoke\1-LoginSmoke.spec.ts","",""
"","4081","Validate Login functionality with invalidEmailFormat","msedge","Thu Aug 27 10:06:11 UTC 2026","passed","Thu Aug 27 10:06:15 UTC 2026","","specs\Smoke\1-LoginSmoke.spec.ts","",""
"","9288","Last page arrow jumps to the final page","chromium","Thu Aug 27 10:10:50 UTC 2026","passed","Thu Aug 27 10:11:00 UTC 2026","Presented Checks — Smoke","specs\Smoke\5-PresentedChecksSmoke.spec.ts","",""
"","4518","Validate Login functionality with incorrectUsername","chromium","Thu Aug 27 10:06:21 UTC 2026","passed","Thu Aug 27 10:06:25 UTC 2026","","specs\Smoke\1-LoginSmoke.spec.ts","",""
"","9115","Validate session persists after page refresh","chromium","Thu Aug 27 10:07:11 UTC 2026","passed","Thu Aug 27 10:07:20 UTC 2026","","specs\Smoke\1-LoginSmoke.spec.ts","",""
"","10415","Validate unauthenticated access to protected route is redirected to login","webkit","Thu Aug 27 10:07:47 UTC 2026","passed","Thu Aug 27 10:07:57 UTC 2026","","specs\Smoke\1-LoginSmoke.spec.ts","",""
"","17831","Save a filter preset, verify it is auto-selected, then delete it","msedge","Thu Aug 27 10:14:23 UTC 2026","passed","Thu Aug 27 10:14:41 UTC 2026","Exceptions — Smoke (Continued)","specs\Smoke\8-ExceptionsSmoke.spec.ts","",""
"","16042","ACH page loads correctly","firefox","Thu Aug 27 10:23:32 UTC 2026","passed","Thu Aug 27 10:23:48 UTC 2026","Application Navigation Smoke Tests","specs\Smoke\2-NavigationSmoke.spec.ts","",""
"","11486","Clicking a column header sorts ascending, clicking again sorts descending","msedge","Thu Aug 27 10:11:40 UTC 2026","passed","Thu Aug 27 10:11:51 UTC 2026","Presented Checks — Smoke (Continued)","specs\Smoke\5-PresentedChecksSmoke.spec.ts","",""
"","10372","""Delete"" on a row shows a confirm modal; Cancel dismisses it without deleting","msedge","Thu Aug 27 10:12:21 UTC 2026","passed","Thu Aug 27 10:12:32 UTC 2026","Presented Checks — Smoke (Continued)","specs\Smoke\5-PresentedChecksSmoke.spec.ts","",""
"","10663","Clicking a column header sorts ascending, clicking again sorts descending","chromium","Thu Aug 27 10:12:08 UTC 2026","passed","Thu Aug 27 10:12:19 UTC 2026","Presented Checks — Smoke (Continued)","specs\Smoke\5-PresentedChecksSmoke.spec.ts","",""
"","21321","Previous page button returns to page 1, First page button re-enables disabled state","firefox","Thu Aug 27 10:33:10 UTC 2026","passed","Thu Aug 27 10:33:32 UTC 2026","Presented Checks — Smoke","specs\Smoke\5-PresentedChecksSmoke.spec.ts","",""
"","26785","Verify Check Only tab shows Check-specific chart sections","webkit","Thu Aug 27 10:08:44 UTC 2026","passed","Thu Aug 27 10:09:10 UTC 2026","Home Dashboard","specs\Smoke\3-HomeDashboardSmoke.spec.ts","",""
"","10308","Clicking a column header sorts ascending, clicking again sorts descending","msedge","Thu Aug 27 10:14:41 UTC 2026","passed","Thu Aug 27 10:14:51 UTC 2026","Exceptions — Smoke (Continued)","specs\Smoke\8-ExceptionsSmoke.spec.ts","",""
"","8899","Validate teller presented-check form shows all required fields","chromium","Thu Aug 27 10:13:11 UTC 2026","passed","Thu Aug 27 10:13:20 UTC 2026","Teller - Smoke","specs\Smoke\6-TellerSmoke.spec.ts","",""
"","8762","""View"" (Change Log) link on a row navigates to the entity log","chromium","Thu Aug 27 10:12:43 UTC 2026","passed","Thu Aug 27 10:12:51 UTC 2026","Presented Checks — Smoke (Continued)","specs\Smoke\5-PresentedChecksSmoke.spec.ts","",""
"","9223","Typing a page number navigates to that page","chromium","Thu Aug 27 10:14:40 UTC 2026","passed","Thu Aug 27 10:14:50 UTC 2026","ACH — Smoke","specs\Smoke\7-ACHSmoke.spec.ts","",""
"","6447","Default filter auto-applies after logout and re-login","msedge","Thu Aug 27 10:14:16 UTC 2026","skipped","Thu Aug 27 10:14:23 UTC 2026","Exceptions — Default Filter (Serial)","specs\Smoke\8-ExceptionsSmoke.spec.ts","",""
"","22798","Home page is accessible and shows dashboard","firefox","Thu Aug 27 10:22:24 UTC 2026","passed","Thu Aug 27 10:22:46 UTC 2026","Application Navigation Smoke Tests","specs\Smoke\2-NavigationSmoke.spec.ts","",""
"","7941","Verify tab-specific charts are hidden for opposite tab","msedge","Thu Aug 27 10:08:00 UTC 2026","passed","Thu Aug 27 10:08:08 UTC 2026","Home Dashboard","specs\Smoke\3-HomeDashboardSmoke.spec.ts","",""
"","7708","Validate Login functionality with incorrectUsername","firefox","Thu Aug 27 10:23:07 UTC 2026","passed","Thu Aug 27 10:23:14 UTC 2026","","specs\Smoke\1-LoginSmoke.spec.ts","",""
"","15760","""Edit"" link on a row navigates to the check edit form","firefox","Thu Aug 27 10:35:06 UTC 2026","passed","Thu Aug 27 10:35:22 UTC 2026","Presented Checks — Smoke (Continued)","specs\Smoke\5-PresentedChecksSmoke.spec.ts","",""
"","15210","File Processing sub-page loads correctly","firefox","Thu Aug 27 10:28:49 UTC 2026","passed","Thu Aug 27 10:29:04 UTC 2026","Application Navigation Smoke Tests","specs\Smoke\2-NavigationSmoke.spec.ts","",""
"","19538","Exceptions breadcrumb link is visible on the page","webkit","Thu Aug 27 10:26:22 UTC 2026","passed","Thu Aug 27 10:26:42 UTC 2026","Exceptions — Smoke (Continued)","specs\Smoke\8-ExceptionsSmoke.spec.ts","",""
"","8053","Default filter auto-applies after logout and re-login","msedge","Thu Aug 27 10:14:16 UTC 2026","skipped","Thu Aug 27 10:14:24 UTC 2026","ACH — Smoke","specs\Smoke\7-ACHSmoke.spec.ts","",""
"","9586","""+ Add ACH"" navigates to the add-ACH form","chromium","Thu Aug 27 10:13:29 UTC 2026","passed","Thu Aug 27 10:13:38 UTC 2026","ACH — Smoke","specs\Smoke\7-ACHSmoke.spec.ts","",""
"","12857","Column filter popup applies a filter and Clear restores the full row set","chromium","Thu Aug 27 10:16:02 UTC 2026","passed","Thu Aug 27 10:16:15 UTC 2026","ACH — Smoke","specs\Smoke\7-ACHSmoke.spec.ts","",""
"","17586","Verify ACH Only tab shows ACH-specific chart sections","firefox","Thu Aug 27 10:25:51 UTC 2026","passed","Thu Aug 27 10:26:08 UTC 2026","Home Dashboard","specs\Smoke\3-HomeDashboardSmoke.spec.ts","",""
"","20573","Next page arrow advances to page 2","webkit","Thu Aug 27 10:22:04 UTC 2026","passed","Thu Aug 27 10:22:25 UTC 2026","Exceptions — Smoke","specs\Smoke\8-ExceptionsSmoke.spec.ts","",""
"","19768","Typing a page number navigates to that page","webkit","Thu Aug 27 10:22:45 UTC 2026","passed","Thu Aug 27 10:23:05 UTC 2026","Exceptions — Smoke","specs\Smoke\8-ExceptionsSmoke.spec.ts","",""
"","21692","Column filter popup applies a filter and Clear restores the full row set","firefox","Thu Aug 27 10:33:34 UTC 2026","passed","Thu Aug 27 10:33:56 UTC 2026","Issued Checks — Smoke (Continued)","specs\Smoke\4-IssuedChecksSmoke.spec.ts","",""
"","19611","Typing a page number navigates to that page","firefox","Thu Aug 27 10:38:30 UTC 2026","passed","Thu Aug 27 10:38:50 UTC 2026","Exceptions — Smoke","specs\Smoke\8-ExceptionsSmoke.spec.ts","",""
"","19230","""Edit"" link on a row navigates to the check edit form","webkit","Thu Aug 27 10:18:52 UTC 2026","passed","Thu Aug 27 10:19:11 UTC 2026","Issued Checks — Smoke (Continued)","specs\Smoke\4-IssuedChecksSmoke.spec.ts","",""
"","10737","Validate Login functionality with missingUsername","webkit","Thu Aug 27 10:06:25 UTC 2026","passed","Thu Aug 27 10:06:36 UTC 2026","","specs\Smoke\1-LoginSmoke.spec.ts","",""
"","20212","Last page arrow jumps to the final page","webkit","Thu Aug 27 10:22:25 UTC 2026","passed","Thu Aug 27 10:22:45 UTC 2026","Exceptions — Smoke","specs\Smoke\8-ExceptionsSmoke.spec.ts","",""
"","25561","Save a filter preset, verify it is auto-selected, then delete it","firefox","Thu Aug 27 10:39:40 UTC 2026","passed","Thu Aug 27 10:40:06 UTC 2026","Exceptions — Smoke (Continued)","specs\Smoke\8-ExceptionsSmoke.spec.ts","",""
"","9530","Notification Templates sub-page loads correctly","msedge","Thu Aug 27 10:07:55 UTC 2026","passed","Thu Aug 27 10:08:04 UTC 2026","Application Navigation Smoke Tests","specs\Smoke\2-NavigationSmoke.spec.ts","",""
"","8716","Grid loads with data rows and key column headers","chromium","Thu Aug 27 10:13:20 UTC 2026","passed","Thu Aug 27 10:13:29 UTC 2026","ACH — Smoke","specs\Smoke\7-ACHSmoke.spec.ts","",""
"","17792","Saved Filters dropdown is visible and defaults to no preset","webkit","Thu Aug 27 10:17:07 UTC 2026","passed","Thu Aug 27 10:17:25 UTC 2026","Presented Checks — Smoke","specs\Smoke\5-PresentedChecksSmoke.spec.ts","",""
"","11561","Column filter popup applies a filter and Clear restores the full row set","msedge","Thu Aug 27 10:11:51 UTC 2026","passed","Thu Aug 27 10:12:03 UTC 2026","Presented Checks — Smoke (Continued)","specs\Smoke\5-PresentedChecksSmoke.spec.ts","",""
"","8720","Validate teller presented-check form shows all required fields","msedge","Thu Aug 27 10:12:21 UTC 2026","passed","Thu Aug 27 10:12:29 UTC 2026","Teller - Smoke","specs\Smoke\6-TellerSmoke.spec.ts","",""
"","27187","Previous page button returns to page 1, First page button re-enables disabled state","webkit","Thu Aug 27 10:16:29 UTC 2026","passed","Thu Aug 27 10:16:57 UTC 2026","Issued Checks — Smoke","specs\Smoke\4-IssuedChecksSmoke.spec.ts","",""
"","18404","""View"" (Change Log) link on a row navigates to the entity log","webkit","Thu Aug 27 10:19:11 UTC 2026","passed","Thu Aug 27 10:19:29 UTC 2026","Issued Checks — Smoke (Continued)","specs\Smoke\4-IssuedChecksSmoke.spec.ts","",""
"","16915","Automatic Check Decision Rules sub-page loads correctly","webkit","Thu Aug 27 10:10:42 UTC 2026","passed","Thu Aug 27 10:10:59 UTC 2026","Application Navigation Smoke Tests","specs\Smoke\2-NavigationSmoke.spec.ts","",""
"","14319","Clicking a column header sorts ascending, clicking again sorts descending","firefox","Thu Aug 27 10:34:27 UTC 2026","passed","Thu Aug 27 10:34:42 UTC 2026","Presented Checks — Smoke (Continued)","specs\Smoke\5-PresentedChecksSmoke.spec.ts","",""
"","9506","Validate forgot password functionality","firefox","Thu Aug 27 10:24:09 UTC 2026","passed","Thu Aug 27 10:24:18 UTC 2026","","specs\Smoke\1-LoginSmoke.spec.ts","",""
"","15714","Verify navigation to ACH via nav menu","webkit","Thu Aug 27 10:12:58 UTC 2026","passed","Thu Aug 27 10:13:13 UTC 2026","Home Dashboard","specs\Smoke\3-HomeDashboardSmoke.spec.ts","",""
"","11528","Decision badge on an already-reviewed row is blocked with a system message","chromium","Thu Aug 27 10:16:07 UTC 2026","passed","Thu Aug 27 10:16:19 UTC 2026","Exceptions — Smoke (Continued)","specs\Smoke\8-ExceptionsSmoke.spec.ts","",""
"","8749","Validate session persists after page refresh","msedge","Thu Aug 27 10:06:56 UTC 2026","passed","Thu Aug 27 10:07:05 UTC 2026","","specs\Smoke\1-LoginSmoke.spec.ts","",""
"","18587","Clicking a column header sorts ascending, clicking again sorts descending","firefox","Thu Aug 27 10:40:06 UTC 2026","passed","Thu Aug 27 10:40:25 UTC 2026","Exceptions — Smoke (Continued)","specs\Smoke\8-ExceptionsSmoke.spec.ts","",""
"","8627","Validate Login functionality with incorrectUsername","webkit","Thu Aug 27 10:05:49 UTC 2026","passed","Thu Aug 27 10:05:58 UTC 2026","","specs\Smoke\1-LoginSmoke.spec.ts","",""
"","37552","File Formats sub-page loads correctly","webkit","Thu Aug 27 10:09:41 UTC 2026","passed","Thu Aug 27 10:10:18 UTC 2026","Application Navigation Smoke Tests","specs\Smoke\2-NavigationSmoke.spec.ts","",""
"","15411","Users sub-page loads correctly","webkit","Thu Aug 27 10:07:36 UTC 2026","passed","Thu Aug 27 10:07:52 UTC 2026","Application Navigation Smoke Tests","specs\Smoke\2-NavigationSmoke.spec.ts","",""
"","7222","Validate Login functionality with caseSensitiveEmail","msedge","Thu Aug 27 10:05:55 UTC 2026","passed","Thu Aug 27 10:06:02 UTC 2026","","specs\Smoke\1-LoginSmoke.spec.ts","",""
"","27252","Default filter auto-applies after logout and re-login","chromium","Thu Aug 27 10:11:29 UTC 2026","passed","Thu Aug 27 10:11:56 UTC 2026","Issued Checks — Default Filter (Serial)","specs\Smoke\4-IssuedChecksSmoke.spec.ts","",""
"","13771","ACH Approval Rules sub-page loads correctly","firefox","Thu Aug 27 10:27:52 UTC 2026","passed","Thu Aug 27 10:28:06 UTC 2026","Application Navigation Smoke Tests","specs\Smoke\2-NavigationSmoke.spec.ts","",""
"","6461","Automatic ACH Decision Rules sub-page loads correctly","msedge","Thu Aug 27 10:08:23 UTC 2026","passed","Thu Aug 27 10:08:29 UTC 2026","Application Navigation Smoke Tests","specs\Smoke\2-NavigationSmoke.spec.ts","",""
"","11938","Home page is accessible and shows dashboard","chromium","Thu Aug 27 10:05:55 UTC 2026","passed","Thu Aug 27 10:06:07 UTC 2026","Application Navigation Smoke Tests","specs\Smoke\2-NavigationSmoke.spec.ts","",""
"","17850","Saved Filters dropdown is visible and defaults to no preset","webkit","Thu Aug 27 10:16:57 UTC 2026","passed","Thu Aug 27 10:17:14 UTC 2026","Issued Checks — Smoke","specs\Smoke\4-IssuedChecksSmoke.spec.ts","",""
"","21031","""Edit"" link on a row navigates to the check edit form","firefox","Thu Aug 27 10:33:56 UTC 2026","passed","Thu Aug 27 10:34:17 UTC 2026","Issued Checks — Smoke (Continued)","specs\Smoke\4-IssuedChecksSmoke.spec.ts","",""
"","18228","ACH page loads correctly","webkit","Thu Aug 27 10:06:17 UTC 2026","passed","Thu Aug 27 10:06:35 UTC 2026","Application Navigation Smoke Tests","specs\Smoke\2-NavigationSmoke.spec.ts","",""
"","8983","Verify Combined View shows all chart sections","chromium","Thu Aug 27 10:07:38 UTC 2026","passed","Thu Aug 27 10:07:47 UTC 2026","Home Dashboard","specs\Smoke\3-HomeDashboardSmoke.spec.ts","",""
"","9856","""Uploaded Checks"" navigates to the uploads page","chromium","Thu Aug 27 10:10:05 UTC 2026","passed","Thu Aug 27 10:10:15 UTC 2026","Presented Checks — Smoke","specs\Smoke\5-PresentedChecksSmoke.spec.ts","",""
"","6510","Verify navigation to Exceptions via nav menu","msedge","Thu Aug 27 10:09:08 UTC 2026","passed","Thu Aug 27 10:09:15 UTC 2026","Home Dashboard","specs\Smoke\3-HomeDashboardSmoke.spec.ts","",""
"","7224","Verify chart title changes with selected tab","msedge","Thu Aug 27 10:07:52 UTC 2026","passed","Thu Aug 27 10:08:00 UTC 2026","Home Dashboard","specs\Smoke\3-HomeDashboardSmoke.spec.ts","",""
"","9524","""Uploaded Checks"" navigates to the uploads page","msedge","Thu Aug 27 10:09:39 UTC 2026","passed","Thu Aug 27 10:09:49 UTC 2026","Issued Checks — Smoke","specs\Smoke\4-IssuedChecksSmoke.spec.ts","",""
"","20856","Search box filters grid and clears correctly","webkit","Thu Aug 27 10:21:26 UTC 2026","passed","Thu Aug 27 10:21:47 UTC 2026","ACH — Smoke","specs\Smoke\7-ACHSmoke.spec.ts","",""
"","14242","Verify profile menu shows My Info and Logout links","webkit","Thu Aug 27 10:11:51 UTC 2026","passed","Thu Aug 27 10:12:06 UTC 2026","Home Dashboard","specs\Smoke\3-HomeDashboardSmoke.spec.ts","",""
"","15424","Grid loads with data rows and key column headers","firefox","Thu Aug 27 10:36:07 UTC 2026","passed","Thu Aug 27 10:36:22 UTC 2026","ACH — Smoke","specs\Smoke\7-ACHSmoke.spec.ts","",""
"","12335","Save a filter preset, verify it is auto-selected, then delete it","msedge","Thu Aug 27 10:11:12 UTC 2026","passed","Thu Aug 27 10:11:24 UTC 2026","Issued Checks — Smoke (Continued)","specs\Smoke\4-IssuedChecksSmoke.spec.ts","",""
"","8711","""+ Add Check"" navigates to the add-check form","msedge","Thu Aug 27 10:09:39 UTC 2026","passed","Thu Aug 27 10:09:47 UTC 2026","Presented Checks — Smoke","specs\Smoke\5-PresentedChecksSmoke.spec.ts","",""
"","10361","Next page arrow advances to page 2","msedge","Thu Aug 27 10:13:24 UTC 2026","passed","Thu Aug 27 10:13:34 UTC 2026","ACH — Smoke","specs\Smoke\7-ACHSmoke.spec.ts","",""
"","6033","Approvals page loads with either records or the empty-state message","chromium","Thu Aug 27 10:16:56 UTC 2026","passed","Thu Aug 27 10:17:02 UTC 2026","Exceptions — Smoke (Continued)","specs\Smoke\8-ExceptionsSmoke.spec.ts","",""
"","19684","Account Settings sub-page loads correctly","firefox","Thu Aug 27 10:24:17 UTC 2026","passed","Thu Aug 27 10:24:37 UTC 2026","Application Navigation Smoke Tests","specs\Smoke\2-NavigationSmoke.spec.ts","",""
"","6849","Validate Login functionality with missingPassword","firefox","Thu Aug 27 10:23:28 UTC 2026","passed","Thu Aug 27 10:23:35 UTC 2026","","specs\Smoke\1-LoginSmoke.spec.ts","",""
"","14723","Automatic ACH Decision Rules sub-page loads correctly","webkit","Thu Aug 27 10:11:15 UTC 2026","passed","Thu Aug 27 10:11:30 UTC 2026","Application Navigation Smoke Tests","specs\Smoke\2-NavigationSmoke.spec.ts","",""
"","19400","Clicking a column header sorts ascending, clicking again sorts descending","firefox","Thu Aug 27 10:40:05 UTC 2026","passed","Thu Aug 27 10:40:25 UTC 2026","ACH — Smoke","specs\Smoke\7-ACHSmoke.spec.ts","",""
"","22180","Decision badge on an already-reviewed row is blocked with a system message","firefox","Thu Aug 27 10:41:07 UTC 2026","passed","Thu Aug 27 10:41:29 UTC 2026","Exceptions — Smoke (Continued)","specs\Smoke\8-ExceptionsSmoke.spec.ts","",""
"","16987","ACH breadcrumb link is visible on the page","webkit","Thu Aug 27 10:27:04 UTC 2026","passed","Thu Aug 27 10:27:21 UTC 2026","ACH — Smoke","specs\Smoke\7-ACHSmoke.spec.ts","",""
"","14726","Exceptions page loads correctly","webkit","Thu Aug 27 10:06:35 UTC 2026","passed","Thu Aug 27 10:06:50 UTC 2026","Application Navigation Smoke Tests","specs\Smoke\2-NavigationSmoke.spec.ts","",""
"","12548","Home page is accessible and shows dashboard","msedge","Thu Aug 27 10:05:44 UTC 2026","passed","Thu Aug 27 10:05:56 UTC 2026","Application Navigation Smoke Tests","specs\Smoke\2-NavigationSmoke.spec.ts","",""
"","7232","Verify chart title changes with selected tab","chromium","Thu Aug 27 10:08:13 UTC 2026","passed","Thu Aug 27 10:08:20 UTC 2026","Home Dashboard","specs\Smoke\3-HomeDashboardSmoke.spec.ts","",""
"","8902","Verify Check Only tab shows Check-specific chart sections","chromium","Thu Aug 27 10:07:47 UTC 2026","passed","Thu Aug 27 10:07:56 UTC 2026","Home Dashboard","specs\Smoke\3-HomeDashboardSmoke.spec.ts","",""
"","20493","Next page arrow advances to page 2","webkit","Thu Aug 27 10:15:30 UTC 2026","passed","Thu Aug 27 10:15:51 UTC 2026","Issued Checks — Smoke","specs\Smoke\4-IssuedChecksSmoke.spec.ts","",""
"","5155","Validate forgot password functionality with No email","msedge","Thu Aug 27 10:06:47 UTC 2026","passed","Thu Aug 27 10:06:52 UTC 2026","","specs\Smoke\1-LoginSmoke.spec.ts","",""
"","17879","Verify navigation to Issued Checks via nav menu","webkit","Thu Aug 27 10:12:24 UTC 2026","passed","Thu Aug 27 10:12:42 UTC 2026","Home Dashboard","specs\Smoke\3-HomeDashboardSmoke.spec.ts","",""
"","8843","Verify tab-specific charts are hidden for opposite tab","chromium","Thu Aug 27 10:08:20 UTC 2026","passed","Thu Aug 27 10:08:29 UTC 2026","Home Dashboard","specs\Smoke\3-HomeDashboardSmoke.spec.ts","",""
"","19358","Last page arrow jumps to the final page","firefox","Thu Aug 27 10:38:11 UTC 2026","passed","Thu Aug 27 10:38:30 UTC 2026","Exceptions — Smoke","specs\Smoke\8-ExceptionsSmoke.spec.ts","",""
"","6449","Settings page loads correctly","msedge","Thu Aug 27 10:06:36 UTC 2026","passed","Thu Aug 27 10:06:43 UTC 2026","Application Navigation Smoke Tests","specs\Smoke\2-NavigationSmoke.spec.ts","",""
"","8262","Last page arrow jumps to the final page","chromium","Thu Aug 27 10:10:50 UTC 2026","passed","Thu Aug 27 10:10:58 UTC 2026","Issued Checks — Smoke","specs\Smoke\4-IssuedChecksSmoke.spec.ts","",""
"","16685","ACH breadcrumb link is visible on the page","firefox","Thu Aug 27 10:41:56 UTC 2026","passed","Thu Aug 27 10:42:13 UTC 2026","ACH — Smoke","specs\Smoke\7-ACHSmoke.spec.ts","",""
"","21157","Validate Login functionality with correctCredentials","firefox","Thu Aug 27 10:22:24 UTC 2026","passed","Thu Aug 27 10:22:45 UTC 2026","","specs\Smoke\1-LoginSmoke.spec.ts","",""
"","5003","Validate Login functionality with incorrectPassword","chromium","Thu Aug 27 10:06:16 UTC 2026","passed","Thu Aug 27 10:06:21 UTC 2026","","specs\Smoke\1-LoginSmoke.spec.ts","",""
"","17866","Next page arrow advances to page 2","firefox","Thu Aug 27 10:37:57 UTC 2026","passed","Thu Aug 27 10:38:15 UTC 2026","ACH — Smoke","specs\Smoke\7-ACHSmoke.spec.ts","",""
"","16612","Presented Checks page loads correctly","webkit","Thu Aug 27 10:05:46 UTC 2026","passed","Thu Aug 27 10:06:02 UTC 2026","Application Navigation Smoke Tests","specs\Smoke\2-NavigationSmoke.spec.ts","",""
"","17854","Typing a page number navigates to that page","firefox","Thu Aug 27 10:31:37 UTC 2026","passed","Thu Aug 27 10:31:55 UTC 2026","Issued Checks — Smoke","specs\Smoke\4-IssuedChecksSmoke.spec.ts","",""
"","16559","Validate Login functionality with correctCredentials","webkit","Thu Aug 27 10:05:10 UTC 2026","passed","Thu Aug 27 10:05:27 UTC 2026","","specs\Smoke\1-LoginSmoke.spec.ts","",""
"","14550","Pay/Return decision badge navigates to exception history","chromium","Thu Aug 27 10:16:34 UTC 2026","passed","Thu Aug 27 10:16:48 UTC 2026","ACH — Smoke","specs\Smoke\7-ACHSmoke.spec.ts","",""
"","24281","""View"" (Change Log) link on a row navigates to the entity log","firefox","Thu Aug 27 10:34:51 UTC 2026","passed","Thu Aug 27 10:35:15 UTC 2026","Issued Checks — Smoke (Continued)","specs\Smoke\4-IssuedChecksSmoke.spec.ts","",""
"","9380","Saved Filters dropdown is visible and defaults to no preset","chromium","Thu Aug 27 10:14:40 UTC 2026","passed","Thu Aug 27 10:14:49 UTC 2026","Exceptions — Smoke","specs\Smoke\8-ExceptionsSmoke.spec.ts","",""
"","12564","Previous page button returns to page 1, First page button re-enables disabled state","msedge","Thu Aug 27 10:10:54 UTC 2026","passed","Thu Aug 27 10:11:07 UTC 2026","Presented Checks — Smoke","specs\Smoke\5-PresentedChecksSmoke.spec.ts","",""
"","19388","""Uploaded ACH"" navigates to the uploads page","webkit","Thu Aug 27 10:21:06 UTC 2026","passed","Thu Aug 27 10:21:26 UTC 2026","ACH — Smoke","specs\Smoke\7-ACHSmoke.spec.ts","",""
"","17278","Saved Filters dropdown is visible and defaults to no preset","firefox","Thu Aug 27 10:33:32 UTC 2026","passed","Thu Aug 27 10:33:49 UTC 2026","Presented Checks — Smoke","specs\Smoke\5-PresentedChecksSmoke.spec.ts","",""
"","7961","Default Decision Log sub-page loads correctly","chromium","Thu Aug 27 10:09:04 UTC 2026","passed","Thu Aug 27 10:09:12 UTC 2026","Application Navigation Smoke Tests","specs\Smoke\2-NavigationSmoke.spec.ts","",""
"","22250","Search box filters grid and clears correctly","webkit","Thu Aug 27 10:14:42 UTC 2026","passed","Thu Aug 27 10:15:04 UTC 2026","Presented Checks — Smoke","specs\Smoke\5-PresentedChecksSmoke.spec.ts","",""
"","4564","Validate Login functionality with incorrectPassword","msedge","Thu Aug 27 10:06:02 UTC 2026","passed","Thu Aug 27 10:06:07 UTC 2026","","specs\Smoke\1-LoginSmoke.spec.ts","",""
"","11166","Search box filters grid and clears correctly","msedge","Thu Aug 27 10:09:57 UTC 2026","passed","Thu Aug 27 10:10:08 UTC 2026","Presented Checks — Smoke","specs\Smoke\5-PresentedChecksSmoke.spec.ts","",""
"","11726","Validate Login functionality with xssInUsername","firefox","Thu Aug 27 10:23:49 UTC 2026","passed","Thu Aug 27 10:24:01 UTC 2026","","specs\Smoke\1-LoginSmoke.spec.ts","",""
"","19435","Home page is accessible and shows dashboard","webkit","Thu Aug 27 10:05:10 UTC 2026","passed","Thu Aug 27 10:05:29 UTC 2026","Application Navigation Smoke Tests","specs\Smoke\2-NavigationSmoke.spec.ts","",""
"","10733","Search box filters grid and clears correctly","chromium","Thu Aug 27 10:13:30 UTC 2026","passed","Thu Aug 27 10:13:40 UTC 2026","Exceptions — Smoke","specs\Smoke\8-ExceptionsSmoke.spec.ts","",""
"","26867","Column filter popup applies a filter and Clear restores the full row set","webkit","Thu Aug 27 10:18:40 UTC 2026","passed","Thu Aug 27 10:19:06 UTC 2026","Presented Checks — Smoke (Continued)","specs\Smoke\5-PresentedChecksSmoke.spec.ts","",""
"","4556","Validate Login functionality with sqlInjection","msedge","Thu Aug 27 10:06:29 UTC 2026","passed","Thu Aug 27 10:06:34 UTC 2026","","specs\Smoke\1-LoginSmoke.spec.ts","",""
"","12320","""+ Add Check"" navigates to the add-check form","firefox","Thu Aug 27 10:29:44 UTC 2026","passed","Thu Aug 27 10:29:57 UTC 2026","Issued Checks — Smoke","specs\Smoke\4-IssuedChecksSmoke.spec.ts","",""
"","13091","Verify Combined View shows all chart sections","firefox","Thu Aug 27 10:25:18 UTC 2026","passed","Thu Aug 27 10:25:31 UTC 2026","Home Dashboard","specs\Smoke\3-HomeDashboardSmoke.spec.ts","",""
"","21251","Search box filters grid and clears correctly","webkit","Thu Aug 27 10:21:04 UTC 2026","passed","Thu Aug 27 10:21:26 UTC 2026","Exceptions — Smoke","specs\Smoke\8-ExceptionsSmoke.spec.ts","",""
"","9131","Excel export button is visible and enabled","chromium","Thu Aug 27 10:13:40 UTC 2026","passed","Thu Aug 27 10:13:50 UTC 2026","Exceptions — Smoke","specs\Smoke\8-ExceptionsSmoke.spec.ts","",""
"","8652","Pay/Return decision badge navigates to exception history","msedge","Thu Aug 27 10:12:32 UTC 2026","passed","Thu Aug 27 10:12:40 UTC 2026","Presented Checks — Smoke (Continued)","specs\Smoke\5-PresentedChecksSmoke.spec.ts","",""
"","8191","Verify dashboard tab checked state updates correctly","chromium","Thu Aug 27 10:08:04 UTC 2026","passed","Thu Aug 27 10:08:13 UTC 2026","Home Dashboard","specs\Smoke\3-HomeDashboardSmoke.spec.ts","",""
"","8611","Grid loads with data rows and key column headers","msedge","Thu Aug 27 10:12:29 UTC 2026","passed","Thu Aug 27 10:12:38 UTC 2026","ACH — Smoke","specs\Smoke\7-ACHSmoke.spec.ts","",""
"","27350","Column filter menu applies a filter and Clear restores the full row set","webkit","Thu Aug 27 10:25:00 UTC 2026","passed","Thu Aug 27 10:25:27 UTC 2026","Exceptions — Smoke (Continued)","specs\Smoke\8-ExceptionsSmoke.spec.ts","",""
"","8076","Verify dashboard tab checked state updates correctly","msedge","Thu Aug 27 10:07:44 UTC 2026","passed","Thu Aug 27 10:07:52 UTC 2026","Home Dashboard","specs\Smoke\3-HomeDashboardSmoke.spec.ts","",""
"","17758","Page size change to 10 updates pagination info in bottom-right pager","webkit","Thu Aug 27 10:22:05 UTC 2026","passed","Thu Aug 27 10:22:23 UTC 2026","ACH — Smoke","specs\Smoke\7-ACHSmoke.spec.ts","",""
"","19842","""Delete"" on a row shows a confirm modal; Cancel dismisses it without deleting","firefox","Thu Aug 27 10:35:17 UTC 2026","passed","Thu Aug 27 10:35:37 UTC 2026","Issued Checks — Smoke (Continued)","specs\Smoke\4-IssuedChecksSmoke.spec.ts","",""
"","17461","API link is visible and points to swagger","webkit","Thu Aug 27 10:12:59 UTC 2026","passed","Thu Aug 27 10:13:16 UTC 2026","Application Navigation Smoke Tests","specs\Smoke\2-NavigationSmoke.spec.ts","",""
"","16317","Decision Files sub-page loads correctly","firefox","Thu Aug 27 10:25:55 UTC 2026","passed","Thu Aug 27 10:26:12 UTC 2026","Application Navigation Smoke Tests","specs\Smoke\2-NavigationSmoke.spec.ts","",""
"","6655","Verify navigation to Presented Checks via nav menu","chromium","Thu Aug 27 10:09:17 UTC 2026","passed","Thu Aug 27 10:09:23 UTC 2026","Home Dashboard","specs\Smoke\3-HomeDashboardSmoke.spec.ts","",""
"","8857","Decision Files sub-page loads correctly","msedge","Thu Aug 27 10:07:28 UTC 2026","passed","Thu Aug 27 10:07:37 UTC 2026","Application Navigation Smoke Tests","specs\Smoke\2-NavigationSmoke.spec.ts","",""
"","25905","Save a filter preset, verify it is auto-selected, then delete it","firefox","Thu Aug 27 10:32:49 UTC 2026","passed","Thu Aug 27 10:33:15 UTC 2026","Issued Checks — Smoke (Continued)","specs\Smoke\4-IssuedChecksSmoke.spec.ts","",""
"","18001","Typing a page number navigates to that page","firefox","Thu Aug 27 10:38:31 UTC 2026","passed","Thu Aug 27 10:38:49 UTC 2026","ACH — Smoke","specs\Smoke\7-ACHSmoke.spec.ts","",""
"","9082","Typing a page number navigates to that page","chromium","Thu Aug 27 10:11:00 UTC 2026","passed","Thu Aug 27 10:11:09 UTC 2026","Presented Checks — Smoke","specs\Smoke\5-PresentedChecksSmoke.spec.ts","",""
"","4213","Validate Login functionality with sqlInjection","chromium","Thu Aug 27 10:06:44 UTC 2026","passed","Thu Aug 27 10:06:48 UTC 2026","","specs\Smoke\1-LoginSmoke.spec.ts","",""
"","9091","""Uploaded Checks"" navigates to the uploads page","chromium","Thu Aug 27 10:10:02 UTC 2026","passed","Thu Aug 27 10:10:11 UTC 2026","Issued Checks — Smoke","specs\Smoke\4-IssuedChecksSmoke.spec.ts","",""
"","8800","Typing a page number navigates to that page","msedge","Thu Aug 27 10:13:48 UTC 2026","passed","Thu Aug 27 10:13:56 UTC 2026","Exceptions — Smoke","specs\Smoke\8-ExceptionsSmoke.spec.ts","",""
"","19527","""View"" (Change Log) link on a row navigates to the entity log","firefox","Thu Aug 27 10:40:48 UTC 2026","passed","Thu Aug 27 10:41:08 UTC 2026","ACH — Smoke","specs\Smoke\7-ACHSmoke.spec.ts","",""
"","27775","""View"" link on a row opens the Exception Details dialog","webkit","Thu Aug 27 10:25:27 UTC 2026","passed","Thu Aug 27 10:25:55 UTC 2026","Exceptions — Smoke (Continued)","specs\Smoke\8-ExceptionsSmoke.spec.ts","",""
"","9803","Next page arrow advances to page 2","chromium","Thu Aug 27 10:10:41 UTC 2026","passed","Thu Aug 27 10:10:50 UTC 2026","Presented Checks — Smoke","specs\Smoke\5-PresentedChecksSmoke.spec.ts","",""
"","18082","Verify Home dashboard is restored after returning from another page","webkit","Thu Aug 27 10:12:06 UTC 2026","passed","Thu Aug 27 10:12:24 UTC 2026","Home Dashboard","specs\Smoke\3-HomeDashboardSmoke.spec.ts","",""
"","13493","Grid View toggle navigates to the open-exceptions grid and shows key column headers","firefox","Thu Aug 27 10:42:16 UTC 2026","passed","Thu Aug 27 10:42:29 UTC 2026","Exceptions — Smoke (Continued)","specs\Smoke\8-ExceptionsSmoke.spec.ts","",""
"","10774","Typing a page number navigates to that page","chromium","Thu Aug 27 10:14:17 UTC 2026","passed","Thu Aug 27 10:14:28 UTC 2026","Exceptions — Smoke","specs\Smoke\8-ExceptionsSmoke.spec.ts","",""
"","16680","Next page arrow advances to page 2","firefox","Thu Aug 27 10:31:02 UTC 2026","passed","Thu Aug 27 10:31:19 UTC 2026","Issued Checks — Smoke","specs\Smoke\4-IssuedChecksSmoke.spec.ts","",""
"","9035","Last page arrow jumps to the final page","msedge","Thu Aug 27 10:10:33 UTC 2026","passed","Thu Aug 27 10:10:43 UTC 2026","Presented Checks — Smoke","specs\Smoke\5-PresentedChecksSmoke.spec.ts","",""
"","13066","Verify summary KPI values have expected number formats","firefox","Thu Aug 27 10:27:10 UTC 2026","passed","Thu Aug 27 10:27:23 UTC 2026","Home Dashboard","specs\Smoke\3-HomeDashboardSmoke.spec.ts","",""
"","13368","Verify navigation to Issued Checks via nav menu","firefox","Thu Aug 27 10:28:20 UTC 2026","passed","Thu Aug 27 10:28:34 UTC 2026","Home Dashboard","specs\Smoke\3-HomeDashboardSmoke.spec.ts","",""
"","19217","""+ Add ACH"" navigates to the add-ACH form","webkit","Thu Aug 27 10:20:47 UTC 2026","passed","Thu Aug 27 10:21:06 UTC 2026","ACH — Smoke","specs\Smoke\7-ACHSmoke.spec.ts","",""
"","8553","Exception History grid loads with data rows and key column headers","msedge","Thu Aug 27 10:12:49 UTC 2026","passed","Thu Aug 27 10:12:57 UTC 2026","Exceptions — Smoke","specs\Smoke\8-ExceptionsSmoke.spec.ts","",""
"","12615","Previous page button returns to page 1, First page button re-enables disabled state","msedge","Thu Aug 27 10:13:53 UTC 2026","passed","Thu Aug 27 10:14:06 UTC 2026","ACH — Smoke","specs\Smoke\7-ACHSmoke.spec.ts","",""
"","25546","Column filter popup applies a filter and Clear restores the full row set","webkit","Thu Aug 27 10:25:25 UTC 2026","passed","Thu Aug 27 10:25:51 UTC 2026","ACH — Smoke","specs\Smoke\7-ACHSmoke.spec.ts","",""
"","18167","Default Decision Log sub-page loads correctly","webkit","Thu Aug 27 10:12:05 UTC 2026","passed","Thu Aug 27 10:12:24 UTC 2026","Application Navigation Smoke Tests","specs\Smoke\2-NavigationSmoke.spec.ts","",""
"","22211","Next page arrow advances to page 2","firefox","Thu Aug 27 10:32:13 UTC 2026","passed","Thu Aug 27 10:32:35 UTC 2026","Presented Checks — Smoke","specs\Smoke\5-PresentedChecksSmoke.spec.ts","",""
"","9342","Validate Login functionality with missingPassword","webkit","Thu Aug 27 10:06:16 UTC 2026","passed","Thu Aug 27 10:06:25 UTC 2026","","specs\Smoke\1-LoginSmoke.spec.ts","",""
"","8551","""Edit"" link on a row navigates to the check edit form","msedge","Thu Aug 27 10:11:45 UTC 2026","passed","Thu Aug 27 10:11:53 UTC 2026","Issued Checks — Smoke (Continued)","specs\Smoke\4-IssuedChecksSmoke.spec.ts","",""
"","7154","Validate Login functionality with invalidEmailFormat","firefox","Thu Aug 27 10:23:14 UTC 2026","passed","Thu Aug 27 10:23:21 UTC 2026","","specs\Smoke\1-LoginSmoke.spec.ts","",""
"","10715","Last page arrow jumps to the final page","msedge","Thu Aug 27 10:13:37 UTC 2026","passed","Thu Aug 27 10:13:48 UTC 2026","Exceptions — Smoke","specs\Smoke\8-ExceptionsSmoke.spec.ts","",""
"","18206","Saved Filters dropdown is visible and defaults to no preset","firefox","Thu Aug 27 10:39:12 UTC 2026","passed","Thu Aug 27 10:39:30 UTC 2026","Exceptions — Smoke","specs\Smoke\8-ExceptionsSmoke.spec.ts","",""
"","9553","Validate forgot password functionality with No email","firefox","Thu Aug 27 10:24:18 UTC 2026","passed","Thu Aug 27 10:24:28 UTC 2026","","specs\Smoke\1-LoginSmoke.spec.ts","",""
"","5346","Validate forgot password functionality with No email","chromium","Thu Aug 27 10:07:02 UTC 2026","passed","Thu Aug 27 10:07:07 UTC 2026","","specs\Smoke\1-LoginSmoke.spec.ts","",""
"","7698","Web Hooks sub-page loads correctly","chromium","Thu Aug 27 10:09:40 UTC 2026","passed","Thu Aug 27 10:09:48 UTC 2026","Application Navigation Smoke Tests","specs\Smoke\2-NavigationSmoke.spec.ts","",""
"","9917","""+ Add Check"" navigates to the add-check form","chromium","Thu Aug 27 10:09:52 UTC 2026","passed","Thu Aug 27 10:10:02 UTC 2026","Issued Checks — Smoke","specs\Smoke\4-IssuedChecksSmoke.spec.ts","",""
"","10160","Search box filters grid and clears correctly","chromium","Thu Aug 27 10:13:48 UTC 2026","passed","Thu Aug 27 10:13:58 UTC 2026","ACH — Smoke","specs\Smoke\7-ACHSmoke.spec.ts","",""
"","4943","Validate Login functionality with invalidEmailFormat","chromium","Thu Aug 27 10:06:25 UTC 2026","passed","Thu Aug 27 10:06:30 UTC 2026","","specs\Smoke\1-LoginSmoke.spec.ts","",""
"","7897","Excel export button is visible and enabled","msedge","Thu Aug 27 10:09:59 UTC 2026","passed","Thu Aug 27 10:10:07 UTC 2026","Issued Checks — Smoke","specs\Smoke\4-IssuedChecksSmoke.spec.ts","",""
"","16283","Presented Checks breadcrumb link is visible on the page","firefox","Thu Aug 27 10:36:22 UTC 2026","passed","Thu Aug 27 10:36:38 UTC 2026","Presented Checks — Smoke (Continued)","specs\Smoke\5-PresentedChecksSmoke.spec.ts","",""
"","9045","""+ Add Check"" navigates to the add-check form","msedge","Thu Aug 27 10:09:30 UTC 2026","passed","Thu Aug 27 10:09:39 UTC 2026","Issued Checks — Smoke","specs\Smoke\4-IssuedChecksSmoke.spec.ts","",""
"","20117","Saved Filters dropdown is visible and defaults to no preset","webkit","Thu Aug 27 10:23:32 UTC 2026","passed","Thu Aug 27 10:23:52 UTC 2026","Exceptions — Smoke","specs\Smoke\8-ExceptionsSmoke.spec.ts","",""
"","12536","Grid loads with data rows and key column headers","firefox","Thu Aug 27 10:29:32 UTC 2026","passed","Thu Aug 27 10:29:44 UTC 2026","Issued Checks — Smoke","specs\Smoke\4-IssuedChecksSmoke.spec.ts","",""
"","10103","Saved Filters dropdown is visible and defaults to no preset","chromium","Thu Aug 27 10:15:01 UTC 2026","passed","Thu Aug 27 10:15:11 UTC 2026","ACH — Smoke","specs\Smoke\7-ACHSmoke.spec.ts","",""
"","4156","Validate Login functionality with emptyFields","chromium","Thu Aug 27 10:06:30 UTC 2026","passed","Thu Aug 27 10:06:34 UTC 2026","","specs\Smoke\1-LoginSmoke.spec.ts","",""
"","9386","Last page arrow jumps to the final page","msedge","Thu Aug 27 10:10:24 UTC 2026","passed","Thu Aug 27 10:10:34 UTC 2026","Issued Checks — Smoke","specs\Smoke\4-IssuedChecksSmoke.spec.ts","",""
"","21424","Search box filters grid and clears correctly","webkit","Thu Aug 27 10:14:34 UTC 2026","passed","Thu Aug 27 10:14:56 UTC 2026","Issued Checks — Smoke","specs\Smoke\4-IssuedChecksSmoke.spec.ts","",""
"","7673","ACH breadcrumb link is visible on the page","chromium","Thu Aug 27 10:16:48 UTC 2026","passed","Thu Aug 27 10:16:56 UTC 2026","ACH — Smoke","specs\Smoke\7-ACHSmoke.spec.ts","",""
"","16786","Save a filter preset, verify it is auto-selected, then delete it","chromium","Thu Aug 27 10:11:56 UTC 2026","passed","Thu Aug 27 10:12:13 UTC 2026","Issued Checks — Smoke (Continued)","specs\Smoke\4-IssuedChecksSmoke.spec.ts","",""
"","11501","Typing a page number navigates to that page","msedge","Thu Aug 27 10:10:43 UTC 2026","passed","Thu Aug 27 10:10:54 UTC 2026","Presented Checks — Smoke","specs\Smoke\5-PresentedChecksSmoke.spec.ts","",""
"","8677","Verify Home dashboard is restored after returning from another page","chromium","Thu Aug 27 10:09:02 UTC 2026","passed","Thu Aug 27 10:09:11 UTC 2026","Home Dashboard","specs\Smoke\3-HomeDashboardSmoke.spec.ts","",""
"","24433","Default filter auto-applies after logout and re-login","chromium","Thu Aug 27 10:11:28 UTC 2026","passed","Thu Aug 27 10:11:53 UTC 2026","Presented Checks — Default Filter (Serial)","specs\Smoke\5-PresentedChecksSmoke.spec.ts","",""
"","18361","Next page arrow advances to page 2","firefox","Thu Aug 27 10:37:53 UTC 2026","passed","Thu Aug 27 10:38:11 UTC 2026","Exceptions — Smoke","specs\Smoke\8-ExceptionsSmoke.spec.ts","",""
"","14896","System Log sub-page loads correctly","firefox","Thu Aug 27 10:28:34 UTC 2026","passed","Thu Aug 27 10:28:49 UTC 2026","Application Navigation Smoke Tests","specs\Smoke\2-NavigationSmoke.spec.ts","",""
"","8764","File Processing sub-page loads correctly","msedge","Thu Aug 27 10:09:03 UTC 2026","passed","Thu Aug 27 10:09:12 UTC 2026","Application Navigation Smoke Tests","specs\Smoke\2-NavigationSmoke.spec.ts","",""
"","17970","Validate teller presented-check form shows all required fields","webkit","Thu Aug 27 10:20:09 UTC 2026","passed","Thu Aug 27 10:20:27 UTC 2026","Teller - Smoke","specs\Smoke\6-TellerSmoke.spec.ts","",""
"","8159","Issued Checks page loads correctly","msedge","Thu Aug 27 10:05:57 UTC 2026","passed","Thu Aug 27 10:06:05 UTC 2026","Application Navigation Smoke Tests","specs\Smoke\2-NavigationSmoke.spec.ts","",""
"","17362","Verify dashboard tab checked state updates correctly","firefox","Thu Aug 27 10:26:08 UTC 2026","passed","Thu Aug 27 10:26:26 UTC 2026","Home Dashboard","specs\Smoke\3-HomeDashboardSmoke.spec.ts","",""
"","16714","Save a filter preset, verify it is auto-selected, then delete it","msedge","Thu Aug 27 10:14:24 UTC 2026","passed","Thu Aug 27 10:14:41 UTC 2026","ACH — Smoke","specs\Smoke\7-ACHSmoke.spec.ts","",""
"","20294","Previous page button returns to page 1, First page button re-enables disabled state","firefox","Thu Aug 27 10:38:49 UTC 2026","passed","Thu Aug 27 10:39:10 UTC 2026","ACH — Smoke","specs\Smoke\7-ACHSmoke.spec.ts","",""
"","6737","Verify delayed data note and force refresh link are visible on dashboard","msedge","Thu Aug 27 10:08:21 UTC 2026","passed","Thu Aug 27 10:08:28 UTC 2026","Home Dashboard","specs\Smoke\3-HomeDashboardSmoke.spec.ts","",""
"","18318","System Log sub-page loads correctly","webkit","Thu Aug 27 10:12:24 UTC 2026","passed","Thu Aug 27 10:12:42 UTC 2026","Application Navigation Smoke Tests","specs\Smoke\2-NavigationSmoke.spec.ts","",""
"","15266","Page size change to 10 updates pagination info in bottom-right pager","firefox","Thu Aug 27 10:31:57 UTC 2026","passed","Thu Aug 27 10:32:13 UTC 2026","Presented Checks — Smoke","specs\Smoke\5-PresentedChecksSmoke.spec.ts","",""
"","7173","Exceptions breadcrumb link is visible on the page","chromium","Thu Aug 27 10:16:19 UTC 2026","passed","Thu Aug 27 10:16:26 UTC 2026","Exceptions — Smoke (Continued)","specs\Smoke\8-ExceptionsSmoke.spec.ts","",""
"","16559","""Uploaded Checks"" navigates to the uploads page","firefox","Thu Aug 27 10:31:06 UTC 2026","passed","Thu Aug 27 10:31:23 UTC 2026","Presented Checks — Smoke","specs\Smoke\5-PresentedChecksSmoke.spec.ts","",""
"","7814","Holiday Schedules sub-page loads correctly","msedge","Thu Aug 27 10:07:37 UTC 2026","passed","Thu Aug 27 10:07:45 UTC 2026","Application Navigation Smoke Tests","specs\Smoke\2-NavigationSmoke.spec.ts","",""
"","12357","Column filter popup applies a filter and Clear restores the full row set","chromium","Thu Aug 27 10:12:22 UTC 2026","passed","Thu Aug 27 10:12:34 UTC 2026","Issued Checks — Smoke (Continued)","specs\Smoke\4-IssuedChecksSmoke.spec.ts","",""
"","17978","""+ Add Check"" navigates to the add-check form","webkit","Thu Aug 27 10:14:05 UTC 2026","passed","Thu Aug 27 10:14:23 UTC 2026","Presented Checks — Smoke","specs\Smoke\5-PresentedChecksSmoke.spec.ts","",""
"","8805","Web Hooks sub-page loads correctly","msedge","Thu Aug 27 10:09:21 UTC 2026","passed","Thu Aug 27 10:09:30 UTC 2026","Application Navigation Smoke Tests","specs\Smoke\2-NavigationSmoke.spec.ts","",""
"","15193","Verify tab-specific charts are hidden for opposite tab","firefox","Thu Aug 27 10:26:43 UTC 2026","passed","Thu Aug 27 10:26:58 UTC 2026","Home Dashboard","specs\Smoke\3-HomeDashboardSmoke.spec.ts","",""
"","8940","Next page arrow advances to page 2","chromium","Thu Aug 27 10:13:59 UTC 2026","passed","Thu Aug 27 10:14:08 UTC 2026","Exceptions — Smoke","specs\Smoke\8-ExceptionsSmoke.spec.ts","",""
