"DESCRIPTION","DURATION IN MS","NAME","PARENT SUITE","START TIME","STATUS","STOP TIME","SUB SUITE","SUITE","TEST CLASS","TEST METHOD"
"","7757","Clicking a column header sorts ascending, clicking again sorts descending","msedge","Fri Oct 02 10:18:39 UTC 2026","passed","Fri Oct 02 10:18:47 UTC 2026","ACH — Smoke > Sorting","specs\Smoke\7-ACHSmoke.spec.ts","",""
"","6763","""View"" (Change Log) link on a row navigates to the entity log","msedge","Fri Oct 02 10:18:57 UTC 2026","passed","Fri Oct 02 10:19:04 UTC 2026","ACH — Smoke > Row Actions","specs\Smoke\7-ACHSmoke.spec.ts","",""
"","9414","Page size change to 10 updates pagination info in bottom-right pager","webkit","Fri Oct 02 10:18:53 UTC 2026","passed","Fri Oct 02 10:19:03 UTC 2026","Presented Checks — Smoke > Pagination","specs\Smoke\5-PresentedChecksSmoke.spec.ts","",""
"","6523","Verify delayed data note and force refresh link are visible on dashboard","chromium","Fri Oct 02 10:30:19 UTC 2026","passed","Fri Oct 02 10:30:25 UTC 2026","Home Dashboard > Summary Stats","specs\Smoke\3-HomeDashboardSmoke.spec.ts","",""
"","11150","Validate forgot password functionality with No email","webkit","Fri Oct 02 10:13:23 UTC 2026","passed","Fri Oct 02 10:13:34 UTC 2026","Login — Smoke > Forgot Password","specs\Smoke\1-LoginSmoke.spec.ts","",""
"","9217","Validate forgot password functionality","webkit","Fri Oct 02 10:13:14 UTC 2026","passed","Fri Oct 02 10:13:23 UTC 2026","Login — Smoke > Forgot Password","specs\Smoke\1-LoginSmoke.spec.ts","",""
"","8029","Search box filters grid and clears correctly","chromium","Fri Oct 02 10:33:25 UTC 2026","passed","Fri Oct 02 10:33:33 UTC 2026","ACH — Smoke > Toolbar","specs\Smoke\7-ACHSmoke.spec.ts","",""
"","6162","Clicking a column header sorts ascending, clicking again sorts descending","chromium","Fri Oct 02 10:34:52 UTC 2026","passed","Fri Oct 02 10:34:58 UTC 2026","ACH — Smoke > Sorting","specs\Smoke\7-ACHSmoke.spec.ts","",""
"","5153","File Formats sub-page loads correctly","firefox","Fri Oct 02 10:13:56 UTC 2026","passed","Fri Oct 02 10:14:02 UTC 2026","Application Navigation Smoke Tests > Settings Sub-navigation","specs\Smoke\2-NavigationSmoke.spec.ts","",""
"","11185","""Uploaded Checks"" navigates to the uploads page","firefox","Fri Oct 02 10:16:20 UTC 2026","passed","Fri Oct 02 10:16:31 UTC 2026","Issued Checks — Smoke > Navigation","specs\Smoke\4-IssuedChecksSmoke.spec.ts","",""
"","6565","ACH breadcrumb link is visible on the page","chromium","Fri Oct 02 10:35:34 UTC 2026","passed","Fri Oct 02 10:35:41 UTC 2026","ACH — Smoke > Breadcrumb","specs\Smoke\7-ACHSmoke.spec.ts","",""
"","5604","Default filter auto-applies after logout and re-login","msedge","Fri Oct 02 10:16:03 UTC 2026","skipped","Fri Oct 02 10:16:09 UTC 2026","Issued Checks — Smoke > Saved Filters > Default Filter","specs\Smoke\4-IssuedChecksSmoke.spec.ts","",""
"","12895","Verify navigation to ACH via nav menu","firefox","Fri Oct 02 10:16:31 UTC 2026","passed","Fri Oct 02 10:16:44 UTC 2026","Home Dashboard > Navigation from Dashboard","specs\Smoke\3-HomeDashboardSmoke.spec.ts","",""
"","6161","Pay/Return decision badge navigates to exception history","msedge","Fri Oct 02 10:17:57 UTC 2026","passed","Fri Oct 02 10:18:03 UTC 2026","Presented Checks — Smoke > Row Actions","specs\Smoke\5-PresentedChecksSmoke.spec.ts","",""
"","11655","Notification Templates sub-page loads correctly","webkit","Fri Oct 02 10:13:52 UTC 2026","passed","Fri Oct 02 10:14:03 UTC 2026","Application Navigation Smoke Tests > Settings Sub-navigation","specs\Smoke\2-NavigationSmoke.spec.ts","",""
"","5102","Validate Login functionality with xssInUsername","chromium","Fri Oct 02 10:28:32 UTC 2026","passed","Fri Oct 02 10:28:38 UTC 2026","Login — Smoke > Login","specs\Smoke\1-LoginSmoke.spec.ts","",""
"","5723","Verify dashboard footer footnote and privacy link are visible","chromium","Fri Oct 02 10:30:25 UTC 2026","passed","Fri Oct 02 10:30:31 UTC 2026","Home Dashboard > Summary Stats","specs\Smoke\3-HomeDashboardSmoke.spec.ts","",""
"","4336","Exceptions breadcrumb link is visible on the page","msedge","Fri Oct 02 10:20:05 UTC 2026","passed","Fri Oct 02 10:20:10 UTC 2026","Exceptions — Smoke > Exception History > Breadcrumb","specs\Smoke\8-ExceptionsSmoke.spec.ts","",""
"","8828","Default Decision Log sub-page loads correctly","firefox","Fri Oct 02 10:14:53 UTC 2026","passed","Fri Oct 02 10:15:01 UTC 2026","Application Navigation Smoke Tests > Settings Sub-navigation","specs\Smoke\2-NavigationSmoke.spec.ts","",""
"","10307","Last page arrow jumps to the final page","webkit","Fri Oct 02 10:21:22 UTC 2026","passed","Fri Oct 02 10:21:33 UTC 2026","ACH — Smoke > Pagination","specs\Smoke\7-ACHSmoke.spec.ts","",""
"","19646","Save a filter preset, verify it is auto-selected, then delete it","firefox","Fri Oct 02 10:23:49 UTC 2026","passed","Fri Oct 02 10:24:08 UTC 2026","Exceptions — Smoke > Exception History > Saved Filters","specs\Smoke\8-ExceptionsSmoke.spec.ts","",""
"","12511","Typing a page number navigates to that page","webkit","Fri Oct 02 10:21:33 UTC 2026","passed","Fri Oct 02 10:21:45 UTC 2026","ACH — Smoke > Pagination","specs\Smoke\7-ACHSmoke.spec.ts","",""
"","9136","""+ Add ACH"" navigates to the add-ACH form","webkit","Fri Oct 02 10:20:19 UTC 2026","passed","Fri Oct 02 10:20:29 UTC 2026","ACH — Smoke > Navigation","specs\Smoke\7-ACHSmoke.spec.ts","",""
"","10205","Save a filter preset, verify it is auto-selected, then delete it","msedge","Fri Oct 02 10:19:29 UTC 2026","passed","Fri Oct 02 10:19:39 UTC 2026","Exceptions — Smoke > Exception History > Saved Filters","specs\Smoke\8-ExceptionsSmoke.spec.ts","",""
"","5325","Validate unauthenticated access to protected route is redirected to login","msedge","Fri Oct 02 10:13:23 UTC 2026","passed","Fri Oct 02 10:13:29 UTC 2026","Login — Smoke > Session & Security","specs\Smoke\1-LoginSmoke.spec.ts","",""
"","8463","Search box filters grid and clears correctly","msedge","Fri Oct 02 10:16:07 UTC 2026","passed","Fri Oct 02 10:16:15 UTC 2026","Presented Checks — Smoke > Toolbar","specs\Smoke\5-PresentedChecksSmoke.spec.ts","",""
"","10721","""Uploaded ACH"" navigates to the uploads page","webkit","Fri Oct 02 10:20:29 UTC 2026","passed","Fri Oct 02 10:20:39 UTC 2026","ACH — Smoke > Navigation","specs\Smoke\7-ACHSmoke.spec.ts","",""
"","6119","Next page arrow advances to page 2","chromium","Fri Oct 02 10:32:04 UTC 2026","passed","Fri Oct 02 10:32:10 UTC 2026","Presented Checks — Smoke > Pagination","specs\Smoke\5-PresentedChecksSmoke.spec.ts","",""
"","6083","Grid loads with data rows and key column headers","msedge","Fri Oct 02 10:15:38 UTC 2026","passed","Fri Oct 02 10:15:45 UTC 2026","Presented Checks — Smoke > Grid","specs\Smoke\5-PresentedChecksSmoke.spec.ts","",""
"","3826","Approvals page loads with either records or the empty-state message","webkit","Fri Oct 02 10:25:12 UTC 2026","passed","Fri Oct 02 10:25:16 UTC 2026","Exceptions — Smoke > Approvals","specs\Smoke\8-ExceptionsSmoke.spec.ts","",""
"","7921","Previous page button returns to page 1, First page button re-enables disabled state","msedge","Fri Oct 02 10:15:39 UTC 2026","passed","Fri Oct 02 10:15:46 UTC 2026","Issued Checks — Smoke > Pagination","specs\Smoke\4-IssuedChecksSmoke.spec.ts","",""
"","16701","Column filter popup applies a filter and Clear restores the full row set","firefox","Fri Oct 02 10:18:53 UTC 2026","passed","Fri Oct 02 10:19:10 UTC 2026","Issued Checks — Smoke > Column Filter","specs\Smoke\4-IssuedChecksSmoke.spec.ts","",""
"","5074","Holiday Schedules sub-page loads correctly","chromium","Fri Oct 02 10:29:04 UTC 2026","passed","Fri Oct 02 10:29:09 UTC 2026","Application Navigation Smoke Tests > Settings Sub-navigation","specs\Smoke\2-NavigationSmoke.spec.ts","",""
"","6773","Verify tab-specific charts are hidden for opposite tab","chromium","Fri Oct 02 10:30:02 UTC 2026","passed","Fri Oct 02 10:30:08 UTC 2026","Home Dashboard > Dashboard Chart Headings","specs\Smoke\3-HomeDashboardSmoke.spec.ts","",""
"","9991","Web Hooks sub-page loads correctly","firefox","Fri Oct 02 10:15:28 UTC 2026","passed","Fri Oct 02 10:15:38 UTC 2026","Application Navigation Smoke Tests > Settings Sub-navigation","specs\Smoke\2-NavigationSmoke.spec.ts","",""
"","5311","Branding sub-page loads correctly","chromium","Fri Oct 02 10:28:48 UTC 2026","passed","Fri Oct 02 10:28:53 UTC 2026","Application Navigation Smoke Tests > Settings Sub-navigation","specs\Smoke\2-NavigationSmoke.spec.ts","",""
"","12500","""View"" (Change Log) link on a row navigates to the entity log","firefox","Fri Oct 02 10:19:23 UTC 2026","passed","Fri Oct 02 10:19:36 UTC 2026","Issued Checks — Smoke > Row Actions","specs\Smoke\4-IssuedChecksSmoke.spec.ts","",""
"","13536","Clicking a column header sorts ascending, clicking again sorts descending","firefox","Fri Oct 02 10:23:20 UTC 2026","passed","Fri Oct 02 10:23:34 UTC 2026","ACH — Smoke > Sorting","specs\Smoke\7-ACHSmoke.spec.ts","",""
"","5123","Settings page loads correctly","msedge","Fri Oct 02 10:12:39 UTC 2026","passed","Fri Oct 02 10:12:44 UTC 2026","Application Navigation Smoke Tests > Top-level Navigation","specs\Smoke\2-NavigationSmoke.spec.ts","",""
"","10240","Default filter auto-applies after logout and re-login","firefox","Fri Oct 02 10:23:10 UTC 2026","skipped","Fri Oct 02 10:23:20 UTC 2026","ACH — Smoke > Saved Filters > Default Filter","specs\Smoke\7-ACHSmoke.spec.ts","",""
"","10089","Last page arrow jumps to the final page","firefox","Fri Oct 02 10:17:21 UTC 2026","passed","Fri Oct 02 10:17:31 UTC 2026","Issued Checks — Smoke > Pagination","specs\Smoke\4-IssuedChecksSmoke.spec.ts","",""
"","10616","Excel export button is visible and enabled","firefox","Fri Oct 02 10:22:16 UTC 2026","passed","Fri Oct 02 10:22:27 UTC 2026","Exceptions — Smoke > Exception History > Toolbar","specs\Smoke\8-ExceptionsSmoke.spec.ts","",""
"","14260","Next page arrow advances to page 2","webkit","Fri Oct 02 10:22:51 UTC 2026","passed","Fri Oct 02 10:23:06 UTC 2026","Exceptions — Smoke > Exception History > Pagination","specs\Smoke\8-ExceptionsSmoke.spec.ts","",""
"","11485","Excel export button is visible and enabled","webkit","Fri Oct 02 10:22:29 UTC 2026","passed","Fri Oct 02 10:22:41 UTC 2026","Exceptions — Smoke > Exception History > Toolbar","specs\Smoke\8-ExceptionsSmoke.spec.ts","",""
"","5372","""Uploaded ACH"" navigates to the uploads page","chromium","Fri Oct 02 10:33:19 UTC 2026","passed","Fri Oct 02 10:33:25 UTC 2026","ACH — Smoke > Navigation","specs\Smoke\7-ACHSmoke.spec.ts","",""
"","5258","Validate forgot password functionality with No email","msedge","Fri Oct 02 10:13:05 UTC 2026","passed","Fri Oct 02 10:13:10 UTC 2026","Login — Smoke > Forgot Password","specs\Smoke\1-LoginSmoke.spec.ts","",""
"","5857","Exceptions breadcrumb link is visible on the page","firefox","Fri Oct 02 10:25:04 UTC 2026","passed","Fri Oct 02 10:25:10 UTC 2026","Exceptions — Smoke > Exception History > Breadcrumb","specs\Smoke\8-ExceptionsSmoke.spec.ts","",""
"","16925","Column filter menu applies a filter and Clear restores the full row set","firefox","Fri Oct 02 10:24:27 UTC 2026","passed","Fri Oct 02 10:24:44 UTC 2026","Exceptions — Smoke > Exception History > Column Filter","specs\Smoke\8-ExceptionsSmoke.spec.ts","",""
"","5547","Issued Checks page loads correctly","msedge","Fri Oct 02 10:12:11 UTC 2026","passed","Fri Oct 02 10:12:17 UTC 2026","Application Navigation Smoke Tests > Top-level Navigation","specs\Smoke\2-NavigationSmoke.spec.ts","",""
"","5403","Verify Total Exceptions and Total Exception Amount labels are visible","chromium","Fri Oct 02 10:30:08 UTC 2026","passed","Fri Oct 02 10:30:14 UTC 2026","Home Dashboard > Summary Stats","specs\Smoke\3-HomeDashboardSmoke.spec.ts","",""
"","11719","Typing a page number navigates to that page","webkit","Fri Oct 02 10:19:23 UTC 2026","passed","Fri Oct 02 10:19:35 UTC 2026","Presented Checks — Smoke > Pagination","specs\Smoke\5-PresentedChecksSmoke.spec.ts","",""
"","6889","Column filter menu applies a filter and Clear restores the full row set","msedge","Fri Oct 02 10:19:44 UTC 2026","passed","Fri Oct 02 10:19:51 UTC 2026","Exceptions — Smoke > Exception History > Column Filter","specs\Smoke\8-ExceptionsSmoke.spec.ts","",""
"","4916","Validate Login functionality with emptyFields","msedge","Fri Oct 02 10:12:29 UTC 2026","passed","Fri Oct 02 10:12:34 UTC 2026","Login — Smoke > Login","specs\Smoke\1-LoginSmoke.spec.ts","",""
"","6267","Verify Check Only tab shows Check-specific chart sections","msedge","Fri Oct 02 10:13:52 UTC 2026","passed","Fri Oct 02 10:13:58 UTC 2026","Home Dashboard > Dashboard Chart Headings","specs\Smoke\3-HomeDashboardSmoke.spec.ts","",""
"","14245","Next page arrow advances to page 2","firefox","Fri Oct 02 10:22:40 UTC 2026","passed","Fri Oct 02 10:22:54 UTC 2026","Exceptions — Smoke > Exception History > Pagination","specs\Smoke\8-ExceptionsSmoke.spec.ts","",""
"","9646","Validate Login functionality with sqlInjection","webkit","Fri Oct 02 10:12:46 UTC 2026","passed","Fri Oct 02 10:12:55 UTC 2026","Login — Smoke > Login","specs\Smoke\1-LoginSmoke.spec.ts","",""
"","9654","Verify dashboard loads after successful login","firefox","Fri Oct 02 10:13:20 UTC 2026","passed","Fri Oct 02 10:13:29 UTC 2026","Home Dashboard > Page Load","specs\Smoke\3-HomeDashboardSmoke.spec.ts","",""
"","10803","Page size change to 10 updates pagination info in bottom-right pager","webkit","Fri Oct 02 10:22:41 UTC 2026","passed","Fri Oct 02 10:22:51 UTC 2026","Exceptions — Smoke > Exception History > Pagination","specs\Smoke\8-ExceptionsSmoke.spec.ts","",""
"","10928","Grid loads with data rows and key column headers","webkit","Fri Oct 02 10:15:30 UTC 2026","passed","Fri Oct 02 10:15:40 UTC 2026","Issued Checks — Smoke > Grid","specs\Smoke\4-IssuedChecksSmoke.spec.ts","",""
"","10235","Validate Login functionality with missingPassword","webkit","Fri Oct 02 10:12:23 UTC 2026","passed","Fri Oct 02 10:12:33 UTC 2026","Login — Smoke > Login","specs\Smoke\1-LoginSmoke.spec.ts","",""
"","5544","Presented Checks page loads correctly","chromium","Fri Oct 02 10:28:01 UTC 2026","passed","Fri Oct 02 10:28:07 UTC 2026","Application Navigation Smoke Tests > Top-level Navigation","specs\Smoke\2-NavigationSmoke.spec.ts","",""
"","6378","Saved Filters dropdown is visible and defaults to no preset","msedge","Fri Oct 02 10:18:15 UTC 2026","passed","Fri Oct 02 10:18:21 UTC 2026","ACH — Smoke > Saved Filters","specs\Smoke\7-ACHSmoke.spec.ts","",""
"","6577","Decision badge on an already-reviewed row is blocked with a system message","chromium","Fri Oct 02 10:36:13 UTC 2026","passed","Fri Oct 02 10:36:19 UTC 2026","Exceptions — Smoke > Exception History > Row Actions","specs\Smoke\8-ExceptionsSmoke.spec.ts","",""
"","14133","Previous page button returns to page 1, First page button re-enables disabled state","webkit","Fri Oct 02 10:19:35 UTC 2026","passed","Fri Oct 02 10:19:49 UTC 2026","Presented Checks — Smoke > Pagination","specs\Smoke\5-PresentedChecksSmoke.spec.ts","",""
"","6024","Verify ACH Only tab shows ACH-specific chart sections","chromium","Fri Oct 02 10:29:41 UTC 2026","passed","Fri Oct 02 10:29:47 UTC 2026","Home Dashboard > Dashboard Chart Headings","specs\Smoke\3-HomeDashboardSmoke.spec.ts","",""
"","9567","System Log sub-page loads correctly","webkit","Fri Oct 02 10:14:51 UTC 2026","passed","Fri Oct 02 10:15:01 UTC 2026","Application Navigation Smoke Tests > Settings Sub-navigation","specs\Smoke\2-NavigationSmoke.spec.ts","",""
"","6976","""Delete"" on a row shows a confirm modal; Cancel dismisses it without deleting","msedge","Fri Oct 02 10:16:36 UTC 2026","passed","Fri Oct 02 10:16:43 UTC 2026","Issued Checks — Smoke > Row Actions","specs\Smoke\4-IssuedChecksSmoke.spec.ts","",""
"","6524","""Delete"" on a row shows a confirm modal; Cancel dismisses it without deleting","chromium","Fri Oct 02 10:33:43 UTC 2026","passed","Fri Oct 02 10:33:50 UTC 2026","Presented Checks — Smoke > Row Actions","specs\Smoke\5-PresentedChecksSmoke.spec.ts","",""
"","13993","Next page arrow advances to page 2","firefox","Fri Oct 02 10:18:34 UTC 2026","passed","Fri Oct 02 10:18:48 UTC 2026","Presented Checks — Smoke > Pagination","specs\Smoke\5-PresentedChecksSmoke.spec.ts","",""
"","4571","Open Exceptions page loads with either exception cards or the empty-state message","firefox","Fri Oct 02 10:25:15 UTC 2026","passed","Fri Oct 02 10:25:19 UTC 2026","Exceptions — Smoke > Open Exceptions","specs\Smoke\8-ExceptionsSmoke.spec.ts","",""
"","10636","""View"" (Change Log) link on a row navigates to the entity log","webkit","Fri Oct 02 10:19:02 UTC 2026","passed","Fri Oct 02 10:19:13 UTC 2026","Issued Checks — Smoke > Row Actions","specs\Smoke\4-IssuedChecksSmoke.spec.ts","",""
"","5012","Validate Login functionality with missingUsername","chromium","Fri Oct 02 10:28:23 UTC 2026","passed","Fri Oct 02 10:28:28 UTC 2026","Login — Smoke > Login","specs\Smoke\1-LoginSmoke.spec.ts","",""
"","15905","Previous page button returns to page 1, First page button re-enables disabled state","firefox","Fri Oct 02 10:22:26 UTC 2026","passed","Fri Oct 02 10:22:42 UTC 2026","ACH — Smoke > Pagination","specs\Smoke\7-ACHSmoke.spec.ts","",""
"","12268","Saved Filters dropdown is visible and defaults to no preset","firefox","Fri Oct 02 10:23:37 UTC 2026","passed","Fri Oct 02 10:23:49 UTC 2026","Exceptions — Smoke > Exception History > Saved Filters","specs\Smoke\8-ExceptionsSmoke.spec.ts","",""
"","6517","Verify profile menu shows My Info and Logout links","msedge","Fri Oct 02 10:14:50 UTC 2026","passed","Fri Oct 02 10:14:57 UTC 2026","Home Dashboard > Summary Stats","specs\Smoke\3-HomeDashboardSmoke.spec.ts","",""
"","5483","Saved Filters dropdown is visible and defaults to no preset","msedge","Fri Oct 02 10:15:46 UTC 2026","passed","Fri Oct 02 10:15:52 UTC 2026","Issued Checks — Smoke > Saved Filters","specs\Smoke\4-IssuedChecksSmoke.spec.ts","",""
"","5966","Saved Filters dropdown is visible and defaults to no preset","chromium","Fri Oct 02 10:32:38 UTC 2026","passed","Fri Oct 02 10:32:44 UTC 2026","Presented Checks — Smoke > Saved Filters","specs\Smoke\5-PresentedChecksSmoke.spec.ts","",""
"","7099","Exception History grid loads with data rows and key column headers","chromium","Fri Oct 02 10:34:02 UTC 2026","passed","Fri Oct 02 10:34:10 UTC 2026","Exceptions — Smoke > Exception History > Grid","specs\Smoke\8-ExceptionsSmoke.spec.ts","",""
"","26191","Default filter auto-applies after logout and re-login","chromium","Fri Oct 02 10:31:38 UTC 2026","passed","Fri Oct 02 10:32:04 UTC 2026","Issued Checks — Smoke > Saved Filters > Default Filter","specs\Smoke\4-IssuedChecksSmoke.spec.ts","",""
"","5699","Grid View toggle navigates to the open-exceptions grid and shows key column headers","chromium","Fri Oct 02 10:36:37 UTC 2026","passed","Fri Oct 02 10:36:43 UTC 2026","Exceptions — Smoke > Open Exceptions","specs\Smoke\8-ExceptionsSmoke.spec.ts","",""
"","13352","Clicking a column header sorts ascending, clicking again sorts descending","firefox","Fri Oct 02 10:18:40 UTC 2026","passed","Fri Oct 02 10:18:53 UTC 2026","Issued Checks — Smoke > Sorting","specs\Smoke\4-IssuedChecksSmoke.spec.ts","",""
"","4905","Account Settings sub-page loads correctly","chromium","Fri Oct 02 10:28:28 UTC 2026","passed","Fri Oct 02 10:28:33 UTC 2026","Application Navigation Smoke Tests > Settings Sub-navigation","specs\Smoke\2-NavigationSmoke.spec.ts","",""
"","6385","Column filter menu applies a filter and Clear restores the full row set","chromium","Fri Oct 02 10:36:00 UTC 2026","passed","Fri Oct 02 10:36:06 UTC 2026","Exceptions — Smoke > Exception History > Column Filter","specs\Smoke\8-ExceptionsSmoke.spec.ts","",""
"","6780","Excel export button is visible and enabled","chromium","Fri Oct 02 10:34:26 UTC 2026","passed","Fri Oct 02 10:34:33 UTC 2026","Exceptions — Smoke > Exception History > Toolbar","specs\Smoke\8-ExceptionsSmoke.spec.ts","",""
"","5714","Navigation tabs to Pre-Decisions, Approvals, and Exception History are visible","msedge","Fri Oct 02 10:20:10 UTC 2026","passed","Fri Oct 02 10:20:16 UTC 2026","Exceptions — Smoke > Open Exceptions","specs\Smoke\8-ExceptionsSmoke.spec.ts","",""
"","7140","""Uploaded Checks"" navigates to the uploads page","msedge","Fri Oct 02 10:15:59 UTC 2026","passed","Fri Oct 02 10:16:06 UTC 2026","Presented Checks — Smoke > Navigation","specs\Smoke\5-PresentedChecksSmoke.spec.ts","",""
"","5251","Business Clients sub-page loads correctly","chromium","Fri Oct 02 10:28:33 UTC 2026","passed","Fri Oct 02 10:28:38 UTC 2026","Application Navigation Smoke Tests > Settings Sub-navigation","specs\Smoke\2-NavigationSmoke.spec.ts","",""
"","5727","Clicking a column header sorts ascending, clicking again sorts descending","webkit","Fri Oct 02 10:24:20 UTC 2026","passed","Fri Oct 02 10:24:25 UTC 2026","Exceptions — Smoke > Exception History > Sorting","specs\Smoke\8-ExceptionsSmoke.spec.ts","",""
"","10288","Save a filter preset, verify it is auto-selected, then delete it","chromium","Fri Oct 02 10:34:17 UTC 2026","passed","Fri Oct 02 10:34:27 UTC 2026","ACH — Smoke > Saved Filters","specs\Smoke\7-ACHSmoke.spec.ts","",""
"","9524","Notification Log sub-page loads correctly","webkit","Fri Oct 02 10:14:33 UTC 2026","passed","Fri Oct 02 10:14:43 UTC 2026","Application Navigation Smoke Tests > Settings Sub-navigation","specs\Smoke\2-NavigationSmoke.spec.ts","",""
"","7159","Next page arrow advances to page 2","msedge","Fri Oct 02 10:15:17 UTC 2026","passed","Fri Oct 02 10:15:24 UTC 2026","Issued Checks — Smoke > Pagination","specs\Smoke\4-IssuedChecksSmoke.spec.ts","",""
"","12220","Next page arrow advances to page 2","firefox","Fri Oct 02 10:21:46 UTC 2026","passed","Fri Oct 02 10:21:58 UTC 2026","ACH — Smoke > Pagination","specs\Smoke\7-ACHSmoke.spec.ts","",""
"","5991","Grid loads with data rows and key column headers","msedge","Fri Oct 02 10:14:34 UTC 2026","passed","Fri Oct 02 10:14:40 UTC 2026","Issued Checks — Smoke > Grid","specs\Smoke\4-IssuedChecksSmoke.spec.ts","",""
"","9746","Typing a page number navigates to that page","firefox","Fri Oct 02 10:19:01 UTC 2026","passed","Fri Oct 02 10:19:11 UTC 2026","Presented Checks — Smoke > Pagination","specs\Smoke\5-PresentedChecksSmoke.spec.ts","",""
"","4999","Validate Login functionality with missingPassword","msedge","Fri Oct 02 10:12:34 UTC 2026","passed","Fri Oct 02 10:12:39 UTC 2026","Login — Smoke > Login","specs\Smoke\1-LoginSmoke.spec.ts","",""
"","9661","Save a filter preset, verify it is auto-selected, then delete it","chromium","Fri Oct 02 10:32:44 UTC 2026","passed","Fri Oct 02 10:32:54 UTC 2026","Presented Checks — Smoke > Saved Filters","specs\Smoke\5-PresentedChecksSmoke.spec.ts","",""
"","12427","Next page arrow advances to page 2","webkit","Fri Oct 02 10:16:48 UTC 2026","passed","Fri Oct 02 10:17:01 UTC 2026","Issued Checks — Smoke > Pagination","specs\Smoke\4-IssuedChecksSmoke.spec.ts","",""
"","6434","Typing a page number navigates to that page","chromium","Fri Oct 02 10:32:17 UTC 2026","passed","Fri Oct 02 10:32:24 UTC 2026","Presented Checks — Smoke > Pagination","specs\Smoke\5-PresentedChecksSmoke.spec.ts","",""
"","15728","Pay/Return decision badge navigates to exception history","chromium","Fri Oct 02 10:35:18 UTC 2026","passed","Fri Oct 02 10:35:34 UTC 2026","ACH — Smoke > Row Actions","specs\Smoke\7-ACHSmoke.spec.ts","",""
"","8452","Default Decision Log sub-page loads correctly","webkit","Fri Oct 02 10:14:43 UTC 2026","passed","Fri Oct 02 10:14:51 UTC 2026","Application Navigation Smoke Tests > Settings Sub-navigation","specs\Smoke\2-NavigationSmoke.spec.ts","",""
"","9955","Issued Checks page loads correctly","firefox","Fri Oct 02 10:11:41 UTC 2026","passed","Fri Oct 02 10:11:51 UTC 2026","Application Navigation Smoke Tests > Top-level Navigation","specs\Smoke\2-NavigationSmoke.spec.ts","",""
"","5758","""View"" (Change Log) link on a row navigates to the entity log","msedge","Fri Oct 02 10:16:30 UTC 2026","passed","Fri Oct 02 10:16:36 UTC 2026","Issued Checks — Smoke > Row Actions","specs\Smoke\4-IssuedChecksSmoke.spec.ts","",""
"","6101","Verify navigation to Presented Checks via nav menu","chromium","Fri Oct 02 10:30:50 UTC 2026","passed","Fri Oct 02 10:30:56 UTC 2026","Home Dashboard > Navigation from Dashboard","specs\Smoke\3-HomeDashboardSmoke.spec.ts","",""
"","5387","File Formats sub-page loads correctly","msedge","Fri Oct 02 10:13:26 UTC 2026","passed","Fri Oct 02 10:13:31 UTC 2026","Application Navigation Smoke Tests > Settings Sub-navigation","specs\Smoke\2-NavigationSmoke.spec.ts","",""
"","14369","Search box filters grid and clears correctly","firefox","Fri Oct 02 10:16:31 UTC 2026","passed","Fri Oct 02 10:16:46 UTC 2026","Issued Checks — Smoke > Toolbar","specs\Smoke\4-IssuedChecksSmoke.spec.ts","",""
"","8796","""View"" link on a row opens the Exception Details dialog","webkit","Fri Oct 02 10:24:34 UTC 2026","passed","Fri Oct 02 10:24:43 UTC 2026","Exceptions — Smoke > Exception History > Row Actions","specs\Smoke\8-ExceptionsSmoke.spec.ts","",""
"","11060","Clicking a column header sorts ascending, clicking again sorts descending","firefox","Fri Oct 02 10:20:11 UTC 2026","passed","Fri Oct 02 10:20:22 UTC 2026","Presented Checks — Smoke > Sorting","specs\Smoke\5-PresentedChecksSmoke.spec.ts","",""
"","12850","""Edit"" link on a row navigates to the check edit form","firefox","Fri Oct 02 10:19:10 UTC 2026","passed","Fri Oct 02 10:19:23 UTC 2026","Issued Checks — Smoke > Row Actions","specs\Smoke\4-IssuedChecksSmoke.spec.ts","",""
"","10298","Automatic Check Decision Rules sub-page loads correctly","firefox","Fri Oct 02 10:14:13 UTC 2026","passed","Fri Oct 02 10:14:24 UTC 2026","Application Navigation Smoke Tests > Settings Sub-navigation","specs\Smoke\2-NavigationSmoke.spec.ts","",""
"","8498","Previous page button returns to page 1, First page button re-enables disabled state","chromium","Fri Oct 02 10:34:03 UTC 2026","passed","Fri Oct 02 10:34:11 UTC 2026","ACH — Smoke > Pagination","specs\Smoke\7-ACHSmoke.spec.ts","",""
"","17393","Save a filter preset, verify it is auto-selected, then delete it","firefox","Fri Oct 02 10:19:38 UTC 2026","passed","Fri Oct 02 10:19:56 UTC 2026","Presented Checks — Smoke > Saved Filters","specs\Smoke\5-PresentedChecksSmoke.spec.ts","",""
"","10670","""+ Add ACH"" navigates to the add-ACH form","firefox","Fri Oct 02 10:20:48 UTC 2026","passed","Fri Oct 02 10:20:58 UTC 2026","ACH — Smoke > Navigation","specs\Smoke\7-ACHSmoke.spec.ts","",""
"","9551","Verify Combined View shows all chart sections","webkit","Fri Oct 02 10:14:41 UTC 2026","passed","Fri Oct 02 10:14:51 UTC 2026","Home Dashboard > Dashboard Chart Headings","specs\Smoke\3-HomeDashboardSmoke.spec.ts","",""
"","6867","Search box filters grid and clears correctly","chromium","Fri Oct 02 10:30:37 UTC 2026","passed","Fri Oct 02 10:30:44 UTC 2026","Issued Checks — Smoke > Toolbar","specs\Smoke\4-IssuedChecksSmoke.spec.ts","",""
"","13511","Validate Login functionality with correctCredentials","webkit","Fri Oct 02 10:11:11 UTC 2026","passed","Fri Oct 02 10:11:24 UTC 2026","Login — Smoke > Login","specs\Smoke\1-LoginSmoke.spec.ts","",""
"","7013","Next page arrow advances to page 2","msedge","Fri Oct 02 10:16:28 UTC 2026","passed","Fri Oct 02 10:16:35 UTC 2026","Presented Checks — Smoke > Pagination","specs\Smoke\5-PresentedChecksSmoke.spec.ts","",""
"","20779","Verify chart title changes with selected tab","firefox","Fri Oct 02 10:14:39 UTC 2026","passed","Fri Oct 02 10:15:00 UTC 2026","Home Dashboard > Dashboard Chart Headings","specs\Smoke\3-HomeDashboardSmoke.spec.ts","",""
"","15912","Column filter popup applies a filter and Clear restores the full row set","firefox","Fri Oct 02 10:23:34 UTC 2026","passed","Fri Oct 02 10:23:50 UTC 2026","ACH — Smoke > Column Filter","specs\Smoke\7-ACHSmoke.spec.ts","",""
"","10449","Verify summary KPI values have expected number formats","firefox","Fri Oct 02 10:15:18 UTC 2026","passed","Fri Oct 02 10:15:28 UTC 2026","Home Dashboard > Summary Stats","specs\Smoke\3-HomeDashboardSmoke.spec.ts","",""
"","4026","Automatic ACH Decision Rules sub-page loads correctly","msedge","Fri Oct 02 10:13:48 UTC 2026","passed","Fri Oct 02 10:13:52 UTC 2026","Application Navigation Smoke Tests > Settings Sub-navigation","specs\Smoke\2-NavigationSmoke.spec.ts","",""
"","31390","Pay/Return decision badge navigates to exception history","webkit","Fri Oct 02 10:23:35 UTC 2026","passed","Fri Oct 02 10:24:06 UTC 2026","ACH — Smoke > Row Actions","specs\Smoke\7-ACHSmoke.spec.ts","",""
"","11568","Previous page button returns to page 1, First page button re-enables disabled state","msedge","Fri Oct 02 10:19:10 UTC 2026","passed","Fri Oct 02 10:19:21 UTC 2026","Exceptions — Smoke > Exception History > Pagination","specs\Smoke\8-ExceptionsSmoke.spec.ts","",""
"","11974","""Edit"" link on a row navigates to the check edit form","webkit","Fri Oct 02 10:18:50 UTC 2026","passed","Fri Oct 02 10:19:02 UTC 2026","Issued Checks — Smoke > Row Actions","specs\Smoke\4-IssuedChecksSmoke.spec.ts","",""
"","7929","Verify dashboard footer footnote and privacy link are visible","firefox","Fri Oct 02 10:15:40 UTC 2026","passed","Fri Oct 02 10:15:48 UTC 2026","Home Dashboard > Summary Stats","specs\Smoke\3-HomeDashboardSmoke.spec.ts","",""
"","5074","Validate unauthenticated access to protected route is redirected to login","firefox","Fri Oct 02 10:13:14 UTC 2026","passed","Fri Oct 02 10:13:19 UTC 2026","Login — Smoke > Session & Security","specs\Smoke\1-LoginSmoke.spec.ts","",""
"","16718","Validate teller presented-check form shows all required fields","firefox","Fri Oct 02 10:20:04 UTC 2026","passed","Fri Oct 02 10:20:20 UTC 2026","Teller — Smoke > Add Check Form","specs\Smoke\6-TellerSmoke.spec.ts","",""
"","8908","Default filter auto-applies after logout and re-login","webkit","Fri Oct 02 10:20:19 UTC 2026","skipped","Fri Oct 02 10:20:28 UTC 2026","Presented Checks — Smoke > Saved Filters > Default Filter","specs\Smoke\5-PresentedChecksSmoke.spec.ts","",""
"","4536","Navigation tabs to Pre-Decisions, Approvals, and Exception History are visible","firefox","Fri Oct 02 10:25:10 UTC 2026","passed","Fri Oct 02 10:25:15 UTC 2026","Exceptions — Smoke > Open Exceptions","specs\Smoke\8-ExceptionsSmoke.spec.ts","",""
"","8989","Home page is accessible and shows dashboard","webkit","Fri Oct 02 10:11:11 UTC 2026","passed","Fri Oct 02 10:11:20 UTC 2026","Application Navigation Smoke Tests > Top-level Navigation","specs\Smoke\2-NavigationSmoke.spec.ts","",""
"","5646","""Edit"" link on a row navigates to the check edit form","msedge","Fri Oct 02 10:16:24 UTC 2026","passed","Fri Oct 02 10:16:30 UTC 2026","Issued Checks — Smoke > Row Actions","specs\Smoke\4-IssuedChecksSmoke.spec.ts","",""
"","5151","Roles/Permissions sub-page loads correctly","msedge","Fri Oct 02 10:12:59 UTC 2026","passed","Fri Oct 02 10:13:04 UTC 2026","Application Navigation Smoke Tests > Settings Sub-navigation","specs\Smoke\2-NavigationSmoke.spec.ts","",""
"","11847","Validate Login functionality with xssInUsername","firefox","Fri Oct 02 10:12:21 UTC 2026","passed","Fri Oct 02 10:12:32 UTC 2026","Login — Smoke > Login","specs\Smoke\1-LoginSmoke.spec.ts","",""
"","5184","""View"" (Change Log) link on a row navigates to the entity log","chromium","Fri Oct 02 10:35:05 UTC 2026","passed","Fri Oct 02 10:35:11 UTC 2026","ACH — Smoke > Row Actions","specs\Smoke\7-ACHSmoke.spec.ts","",""
"","13348","Next page arrow advances to page 2","firefox","Fri Oct 02 10:17:08 UTC 2026","passed","Fri Oct 02 10:17:21 UTC 2026","Issued Checks — Smoke > Pagination","specs\Smoke\4-IssuedChecksSmoke.spec.ts","",""
"","12306","Issued Checks breadcrumb link is visible on the page","firefox","Fri Oct 02 10:19:51 UTC 2026","passed","Fri Oct 02 10:20:03 UTC 2026","Issued Checks — Smoke > Breadcrumb","specs\Smoke\4-IssuedChecksSmoke.spec.ts","",""
"","15072","Typing a page number navigates to that page","firefox","Fri Oct 02 10:22:11 UTC 2026","passed","Fri Oct 02 10:22:26 UTC 2026","ACH — Smoke > Pagination","specs\Smoke\7-ACHSmoke.spec.ts","",""
"","7124","Verify navigation to Settings via nav menu","msedge","Fri Oct 02 10:15:31 UTC 2026","passed","Fri Oct 02 10:15:38 UTC 2026","Home Dashboard > Navigation from Dashboard","specs\Smoke\3-HomeDashboardSmoke.spec.ts","",""
"","5033","Business Clients sub-page loads correctly","msedge","Fri Oct 02 10:12:49 UTC 2026","passed","Fri Oct 02 10:12:54 UTC 2026","Application Navigation Smoke Tests > Settings Sub-navigation","specs\Smoke\2-NavigationSmoke.spec.ts","",""
"","6726","Last page arrow jumps to the final page","msedge","Fri Oct 02 10:17:53 UTC 2026","passed","Fri Oct 02 10:18:00 UTC 2026","ACH — Smoke > Pagination","specs\Smoke\7-ACHSmoke.spec.ts","",""
"","6521","""View"" link on a row opens the Exception Details dialog","chromium","Fri Oct 02 10:36:06 UTC 2026","passed","Fri Oct 02 10:36:13 UTC 2026","Exceptions — Smoke > Exception History > Row Actions","specs\Smoke\8-ExceptionsSmoke.spec.ts","",""
"","5279","Validate forgot password functionality","msedge","Fri Oct 02 10:12:59 UTC 2026","passed","Fri Oct 02 10:13:05 UTC 2026","Login — Smoke > Forgot Password","specs\Smoke\1-LoginSmoke.spec.ts","",""
"","9763","Saved Filters dropdown is visible and defaults to no preset","firefox","Fri Oct 02 10:22:42 UTC 2026","passed","Fri Oct 02 10:22:52 UTC 2026","ACH — Smoke > Saved Filters","specs\Smoke\7-ACHSmoke.spec.ts","",""
"","12200","""Uploaded ACH"" navigates to the uploads page","firefox","Fri Oct 02 10:20:59 UTC 2026","passed","Fri Oct 02 10:21:11 UTC 2026","ACH — Smoke > Navigation","specs\Smoke\7-ACHSmoke.spec.ts","",""
"","14907","""Delete"" on a row shows a confirm modal; Cancel dismisses it without deleting","firefox","Fri Oct 02 10:20:57 UTC 2026","passed","Fri Oct 02 10:21:12 UTC 2026","Presented Checks — Smoke > Row Actions","specs\Smoke\5-PresentedChecksSmoke.spec.ts","",""
"","8588","Column filter menu applies a filter and Clear restores the full row set","webkit","Fri Oct 02 10:24:25 UTC 2026","passed","Fri Oct 02 10:24:34 UTC 2026","Exceptions — Smoke > Exception History > Column Filter","specs\Smoke\8-ExceptionsSmoke.spec.ts","",""
"","12082","Saved Filters dropdown is visible and defaults to no preset","firefox","Fri Oct 02 10:19:26 UTC 2026","passed","Fri Oct 02 10:19:38 UTC 2026","Presented Checks — Smoke > Saved Filters","specs\Smoke\5-PresentedChecksSmoke.spec.ts","",""
"","6261","Excel export button is visible and enabled","msedge","Fri Oct 02 10:18:33 UTC 2026","passed","Fri Oct 02 10:18:39 UTC 2026","Exceptions — Smoke > Exception History > Toolbar","specs\Smoke\8-ExceptionsSmoke.spec.ts","",""
"","21056","Default filter auto-applies after logout and re-login","chromium","Fri Oct 02 10:35:34 UTC 2026","passed","Fri Oct 02 10:35:55 UTC 2026","Exceptions — Smoke > Exception History > Saved Filters > Default Filter","specs\Smoke\8-ExceptionsSmoke.spec.ts","",""
"","12257","Verify Home dashboard is restored after returning from another page","webkit","Fri Oct 02 10:16:40 UTC 2026","passed","Fri Oct 02 10:16:53 UTC 2026","Home Dashboard > Summary Stats","specs\Smoke\3-HomeDashboardSmoke.spec.ts","",""
"","8726","Column filter popup applies a filter and Clear restores the full row set","msedge","Fri Oct 02 10:17:29 UTC 2026","passed","Fri Oct 02 10:17:38 UTC 2026","Presented Checks — Smoke > Column Filter","specs\Smoke\5-PresentedChecksSmoke.spec.ts","",""
"","10326","Validate Login functionality with incorrectPassword","webkit","Fri Oct 02 10:11:40 UTC 2026","passed","Fri Oct 02 10:11:50 UTC 2026","Login — Smoke > Login","specs\Smoke\1-LoginSmoke.spec.ts","",""
"","8858","Column filter popup applies a filter and Clear restores the full row set","chromium","Fri Oct 02 10:32:10 UTC 2026","passed","Fri Oct 02 10:32:19 UTC 2026","Issued Checks — Smoke > Column Filter","specs\Smoke\4-IssuedChecksSmoke.spec.ts","",""
"","10090","ACH breadcrumb link is visible on the page","webkit","Fri Oct 02 10:24:06 UTC 2026","passed","Fri Oct 02 10:24:16 UTC 2026","ACH — Smoke > Breadcrumb","specs\Smoke\7-ACHSmoke.spec.ts","",""
"","6387","Last page arrow jumps to the final page","msedge","Fri Oct 02 10:18:54 UTC 2026","passed","Fri Oct 02 10:19:01 UTC 2026","Exceptions — Smoke > Exception History > Pagination","specs\Smoke\8-ExceptionsSmoke.spec.ts","",""
"","4491","System Log sub-page loads correctly","msedge","Fri Oct 02 10:14:11 UTC 2026","passed","Fri Oct 02 10:14:16 UTC 2026","Application Navigation Smoke Tests > Settings Sub-navigation","specs\Smoke\2-NavigationSmoke.spec.ts","",""
"","7458","Page size change to 10 updates pagination info in bottom-right pager","chromium","Fri Oct 02 10:34:33 UTC 2026","passed","Fri Oct 02 10:34:40 UTC 2026","Exceptions — Smoke > Exception History > Pagination","specs\Smoke\8-ExceptionsSmoke.spec.ts","",""
"","10297","Verify navigation to Issued Checks via nav menu","webkit","Fri Oct 02 10:16:53 UTC 2026","passed","Fri Oct 02 10:17:03 UTC 2026","Home Dashboard > Navigation from Dashboard","specs\Smoke\3-HomeDashboardSmoke.spec.ts","",""
"","17118","Column filter popup applies a filter and Clear restores the full row set","webkit","Fri Oct 02 10:20:39 UTC 2026","passed","Fri Oct 02 10:20:56 UTC 2026","Presented Checks — Smoke > Column Filter","specs\Smoke\5-PresentedChecksSmoke.spec.ts","",""
"","14978","ACH breadcrumb link is visible on the page","firefox","Fri Oct 02 10:24:33 UTC 2026","passed","Fri Oct 02 10:24:48 UTC 2026","ACH — Smoke > Breadcrumb","specs\Smoke\7-ACHSmoke.spec.ts","",""
"","5234","Validate Login functionality with incorrectPassword","chromium","Fri Oct 02 10:27:57 UTC 2026","passed","Fri Oct 02 10:28:02 UTC 2026","Login — Smoke > Login","specs\Smoke\1-LoginSmoke.spec.ts","",""
"","11550","Pay/Return decision badge navigates to exception history","webkit","Fri Oct 02 10:21:29 UTC 2026","passed","Fri Oct 02 10:21:41 UTC 2026","Presented Checks — Smoke > Row Actions","specs\Smoke\5-PresentedChecksSmoke.spec.ts","",""
"","20475","Validate Login functionality with correctCredentials","firefox","Fri Oct 02 10:11:13 UTC 2026","passed","Fri Oct 02 10:11:33 UTC 2026","Login — Smoke > Login","specs\Smoke\1-LoginSmoke.spec.ts","",""
"","6830","Next page arrow advances to page 2","chromium","Fri Oct 02 10:30:56 UTC 2026","passed","Fri Oct 02 10:31:03 UTC 2026","Issued Checks — Smoke > Pagination","specs\Smoke\4-IssuedChecksSmoke.spec.ts","",""
"","5427","Validate Login functionality with incorrectPassword","msedge","Fri Oct 02 10:12:13 UTC 2026","passed","Fri Oct 02 10:12:18 UTC 2026","Login — Smoke > Login","specs\Smoke\1-LoginSmoke.spec.ts","",""
"","10516","Verify dashboard footer footnote and privacy link are visible","webkit","Fri Oct 02 10:16:20 UTC 2026","passed","Fri Oct 02 10:16:31 UTC 2026","Home Dashboard > Summary Stats","specs\Smoke\3-HomeDashboardSmoke.spec.ts","",""
"","13006","""Delete"" on a row shows a confirm modal; Cancel dismisses it without deleting","webkit","Fri Oct 02 10:23:22 UTC 2026","passed","Fri Oct 02 10:23:35 UTC 2026","ACH — Smoke > Row Actions","specs\Smoke\7-ACHSmoke.spec.ts","",""
"","8819","Teller page loads correctly","webkit","Fri Oct 02 10:11:55 UTC 2026","passed","Fri Oct 02 10:12:04 UTC 2026","Application Navigation Smoke Tests > Top-level Navigation","specs\Smoke\2-NavigationSmoke.spec.ts","",""
"","7826","Roles/Permissions sub-page loads correctly","firefox","Fri Oct 02 10:13:00 UTC 2026","passed","Fri Oct 02 10:13:08 UTC 2026","Application Navigation Smoke Tests > Settings Sub-navigation","specs\Smoke\2-NavigationSmoke.spec.ts","",""
"","10304","Next page arrow advances to page 2","webkit","Fri Oct 02 10:21:12 UTC 2026","passed","Fri Oct 02 10:21:22 UTC 2026","ACH — Smoke > Pagination","specs\Smoke\7-ACHSmoke.spec.ts","",""
"","8773","Validate forgot password with unregistered email","webkit","Fri Oct 02 10:13:34 UTC 2026","passed","Fri Oct 02 10:13:43 UTC 2026","Login — Smoke > Forgot Password","specs\Smoke\1-LoginSmoke.spec.ts","",""
"","4989","Excel export button is visible and enabled","chromium","Fri Oct 02 10:31:52 UTC 2026","passed","Fri Oct 02 10:31:57 UTC 2026","Presented Checks — Smoke > Toolbar","specs\Smoke\5-PresentedChecksSmoke.spec.ts","",""
"","10971","Save a filter preset, verify it is auto-selected, then delete it","msedge","Fri Oct 02 10:18:22 UTC 2026","passed","Fri Oct 02 10:18:32 UTC 2026","ACH — Smoke > Saved Filters","specs\Smoke\7-ACHSmoke.spec.ts","",""
"","12591","Typing a page number navigates to that page","webkit","Fri Oct 02 10:23:16 UTC 2026","passed","Fri Oct 02 10:23:29 UTC 2026","Exceptions — Smoke > Exception History > Pagination","specs\Smoke\8-ExceptionsSmoke.spec.ts","",""
"","7863","Next page arrow advances to page 2","msedge","Fri Oct 02 10:18:46 UTC 2026","passed","Fri Oct 02 10:18:54 UTC 2026","Exceptions — Smoke > Exception History > Pagination","specs\Smoke\8-ExceptionsSmoke.spec.ts","",""
"","5027","Users sub-page loads correctly","msedge","Fri Oct 02 10:12:54 UTC 2026","passed","Fri Oct 02 10:12:59 UTC 2026","Application Navigation Smoke Tests > Settings Sub-navigation","specs\Smoke\2-NavigationSmoke.spec.ts","",""
"","11647","""Delete"" on a row shows a confirm modal; Cancel dismisses it without deleting","webkit","Fri Oct 02 10:21:18 UTC 2026","passed","Fri Oct 02 10:21:29 UTC 2026","Presented Checks — Smoke > Row Actions","specs\Smoke\5-PresentedChecksSmoke.spec.ts","",""
"","10534","Typing a page number navigates to that page","firefox","Fri Oct 02 10:17:31 UTC 2026","passed","Fri Oct 02 10:17:42 UTC 2026","Issued Checks — Smoke > Pagination","specs\Smoke\4-IssuedChecksSmoke.spec.ts","",""
"","4851","Billing Reports sub-page loads correctly","chromium","Fri Oct 02 10:28:53 UTC 2026","passed","Fri Oct 02 10:28:58 UTC 2026","Application Navigation Smoke Tests > Settings Sub-navigation","specs\Smoke\2-NavigationSmoke.spec.ts","",""
"","5642","Verify dashboard loads after successful login","chromium","Fri Oct 02 10:29:12 UTC 2026","passed","Fri Oct 02 10:29:17 UTC 2026","Home Dashboard > Page Load","specs\Smoke\3-HomeDashboardSmoke.spec.ts","",""
"","8842","Home page is accessible and shows dashboard","firefox","Fri Oct 02 10:11:13 UTC 2026","passed","Fri Oct 02 10:11:22 UTC 2026","Application Navigation Smoke Tests > Top-level Navigation","specs\Smoke\2-NavigationSmoke.spec.ts","",""
"","5942","Verify delayed data note and force refresh link are visible on dashboard","msedge","Fri Oct 02 10:14:38 UTC 2026","passed","Fri Oct 02 10:14:44 UTC 2026","Home Dashboard > Summary Stats","specs\Smoke\3-HomeDashboardSmoke.spec.ts","",""
"","4882","Navigation tabs to Pre-Decisions, Approvals, and Exception History are visible","chromium","Fri Oct 02 10:36:23 UTC 2026","passed","Fri Oct 02 10:36:28 UTC 2026","Exceptions — Smoke > Open Exceptions","specs\Smoke\8-ExceptionsSmoke.spec.ts","",""
"","6571","Verify Check Only tab shows Check-specific chart sections","chromium","Fri Oct 02 10:29:35 UTC 2026","passed","Fri Oct 02 10:29:41 UTC 2026","Home Dashboard > Dashboard Chart Headings","specs\Smoke\3-HomeDashboardSmoke.spec.ts","",""
"","14163","Typing a page number navigates to that page","firefox","Fri Oct 02 10:23:08 UTC 2026","passed","Fri Oct 02 10:23:22 UTC 2026","Exceptions — Smoke > Exception History > Pagination","specs\Smoke\8-ExceptionsSmoke.spec.ts","",""
"","6536","Notification Log sub-page loads correctly","msedge","Fri Oct 02 10:13:58 UTC 2026","passed","Fri Oct 02 10:14:05 UTC 2026","Application Navigation Smoke Tests > Settings Sub-navigation","specs\Smoke\2-NavigationSmoke.spec.ts","",""
"","5836","Last page arrow jumps to the final page","chromium","Fri Oct 02 10:31:03 UTC 2026","passed","Fri Oct 02 10:31:09 UTC 2026","Issued Checks — Smoke > Pagination","specs\Smoke\4-IssuedChecksSmoke.spec.ts","",""
"","5989","Verify Combined View shows all chart sections","msedge","Fri Oct 02 10:13:46 UTC 2026","passed","Fri Oct 02 10:13:52 UTC 2026","Home Dashboard > Dashboard Chart Headings","specs\Smoke\3-HomeDashboardSmoke.spec.ts","",""
"","10259","Saved Filters dropdown is visible and defaults to no preset","webkit","Fri Oct 02 10:17:40 UTC 2026","passed","Fri Oct 02 10:17:51 UTC 2026","Issued Checks — Smoke > Saved Filters","specs\Smoke\4-IssuedChecksSmoke.spec.ts","",""
"","6389","""Uploaded Checks"" navigates to the uploads page","msedge","Fri Oct 02 10:14:51 UTC 2026","passed","Fri Oct 02 10:14:57 UTC 2026","Issued Checks — Smoke > Navigation","specs\Smoke\4-IssuedChecksSmoke.spec.ts","",""
"","5622","Default filter auto-applies after logout and re-login","msedge","Fri Oct 02 10:17:18 UTC 2026","skipped","Fri Oct 02 10:17:23 UTC 2026","Presented Checks — Smoke > Saved Filters > Default Filter","specs\Smoke\5-PresentedChecksSmoke.spec.ts","",""
"","7395","Account Settings sub-page loads correctly","firefox","Fri Oct 02 10:12:33 UTC 2026","passed","Fri Oct 02 10:12:40 UTC 2026","Application Navigation Smoke Tests > Settings Sub-navigation","specs\Smoke\2-NavigationSmoke.spec.ts","",""
"","11141","Validate Login functionality with emptyFields","webkit","Fri Oct 02 10:12:12 UTC 2026","passed","Fri Oct 02 10:12:23 UTC 2026","Login — Smoke > Login","specs\Smoke\1-LoginSmoke.spec.ts","",""
"","7985","Search box filters grid and clears correctly","chromium","Fri Oct 02 10:31:44 UTC 2026","passed","Fri Oct 02 10:31:52 UTC 2026","Presented Checks — Smoke > Toolbar","specs\Smoke\5-PresentedChecksSmoke.spec.ts","",""
"","12136","Page size change to 10 updates pagination info in bottom-right pager","webkit","Fri Oct 02 10:16:36 UTC 2026","passed","Fri Oct 02 10:16:48 UTC 2026","Issued Checks — Smoke > Pagination","specs\Smoke\4-IssuedChecksSmoke.spec.ts","",""
"","10262","Verify Check Only tab shows Check-specific chart sections","firefox","Fri Oct 02 10:14:03 UTC 2026","passed","Fri Oct 02 10:14:13 UTC 2026","Home Dashboard > Dashboard Chart Headings","specs\Smoke\3-HomeDashboardSmoke.spec.ts","",""
"","8004","Decision badge on an already-reviewed row is blocked with a system message","msedge","Fri Oct 02 10:19:57 UTC 2026","passed","Fri Oct 02 10:20:05 UTC 2026","Exceptions — Smoke > Exception History > Row Actions","specs\Smoke\8-ExceptionsSmoke.spec.ts","",""
"","6117","Page size change to 10 updates pagination info in bottom-right pager","msedge","Fri Oct 02 10:17:41 UTC 2026","passed","Fri Oct 02 10:17:47 UTC 2026","ACH — Smoke > Pagination","specs\Smoke\7-ACHSmoke.spec.ts","",""
"","12453","Page size change to 10 updates pagination info in bottom-right pager","firefox","Fri Oct 02 10:22:27 UTC 2026","passed","Fri Oct 02 10:22:40 UTC 2026","Exceptions — Smoke > Exception History > Pagination","specs\Smoke\8-ExceptionsSmoke.spec.ts","",""
"","4083","Exceptions breadcrumb link is visible on the page","chromium","Fri Oct 02 10:36:19 UTC 2026","passed","Fri Oct 02 10:36:23 UTC 2026","Exceptions — Smoke > Exception History > Breadcrumb","specs\Smoke\8-ExceptionsSmoke.spec.ts","",""
"","5900","""Edit"" link on a row navigates to the check edit form","msedge","Fri Oct 02 10:17:38 UTC 2026","passed","Fri Oct 02 10:17:44 UTC 2026","Presented Checks — Smoke > Row Actions","specs\Smoke\5-PresentedChecksSmoke.spec.ts","",""
"","5642","Open Exceptions page loads with either exception cards or the empty-state message","msedge","Fri Oct 02 10:20:16 UTC 2026","passed","Fri Oct 02 10:20:21 UTC 2026","Exceptions — Smoke > Open Exceptions","specs\Smoke\8-ExceptionsSmoke.spec.ts","",""
"","11836","Clicking a column header sorts ascending, clicking again sorts descending","webkit","Fri Oct 02 10:18:22 UTC 2026","passed","Fri Oct 02 10:18:33 UTC 2026","Issued Checks — Smoke > Sorting","specs\Smoke\4-IssuedChecksSmoke.spec.ts","",""
"","11782","Verify navigation to Exceptions via nav menu","webkit","Fri Oct 02 10:17:27 UTC 2026","passed","Fri Oct 02 10:17:39 UTC 2026","Home Dashboard > Navigation from Dashboard","specs\Smoke\3-HomeDashboardSmoke.spec.ts","",""
"","9482","Saved Filters dropdown is visible and defaults to no preset","webkit","Fri Oct 02 10:22:02 UTC 2026","passed","Fri Oct 02 10:22:11 UTC 2026","ACH — Smoke > Saved Filters","specs\Smoke\7-ACHSmoke.spec.ts","",""
"","8823","Decision badge on an already-reviewed row is blocked with a system message","firefox","Fri Oct 02 10:24:56 UTC 2026","passed","Fri Oct 02 10:25:04 UTC 2026","Exceptions — Smoke > Exception History > Row Actions","specs\Smoke\8-ExceptionsSmoke.spec.ts","",""
"","5575","Verify navigation to Issued Checks via nav menu","chromium","Fri Oct 02 10:30:44 UTC 2026","passed","Fri Oct 02 10:30:50 UTC 2026","Home Dashboard > Navigation from Dashboard","specs\Smoke\3-HomeDashboardSmoke.spec.ts","",""
"","8439","Settings page loads correctly","webkit","Fri Oct 02 10:12:22 UTC 2026","passed","Fri Oct 02 10:12:31 UTC 2026","Application Navigation Smoke Tests > Top-level Navigation","specs\Smoke\2-NavigationSmoke.spec.ts","",""
"","5249","Validate Login functionality with incorrectUsername","msedge","Fri Oct 02 10:12:18 UTC 2026","passed","Fri Oct 02 10:12:24 UTC 2026","Login — Smoke > Login","specs\Smoke\1-LoginSmoke.spec.ts","",""
"","4231","Pre-Decisions page loads with either records or the empty-state message","firefox","Fri Oct 02 10:25:29 UTC 2026","passed","Fri Oct 02 10:25:33 UTC 2026","Exceptions — Smoke > Pre-Decisions","specs\Smoke\8-ExceptionsSmoke.spec.ts","",""
"","9149","ACH page loads correctly","webkit","Fri Oct 02 10:12:04 UTC 2026","passed","Fri Oct 02 10:12:13 UTC 2026","Application Navigation Smoke Tests > Top-level Navigation","specs\Smoke\2-NavigationSmoke.spec.ts","",""
"","10007","Verify navigation to Issued Checks via nav menu","firefox","Fri Oct 02 10:16:10 UTC 2026","passed","Fri Oct 02 10:16:20 UTC 2026","Home Dashboard > Navigation from Dashboard","specs\Smoke\3-HomeDashboardSmoke.spec.ts","",""
"","10490","Last page arrow jumps to the final page","webkit","Fri Oct 02 10:23:06 UTC 2026","passed","Fri Oct 02 10:23:16 UTC 2026","Exceptions — Smoke > Exception History > Pagination","specs\Smoke\8-ExceptionsSmoke.spec.ts","",""
"","10002","""View"" (Change Log) link on a row navigates to the entity log","webkit","Fri Oct 02 10:23:12 UTC 2026","passed","Fri Oct 02 10:23:22 UTC 2026","ACH — Smoke > Row Actions","specs\Smoke\7-ACHSmoke.spec.ts","",""
"","10729","Verify navigation to Presented Checks via nav menu","webkit","Fri Oct 02 10:17:03 UTC 2026","passed","Fri Oct 02 10:17:14 UTC 2026","Home Dashboard > Navigation from Dashboard","specs\Smoke\3-HomeDashboardSmoke.spec.ts","",""
"","7217","Page size change to 10 updates pagination info in bottom-right pager","msedge","Fri Oct 02 10:15:10 UTC 2026","passed","Fri Oct 02 10:15:17 UTC 2026","Issued Checks — Smoke > Pagination","specs\Smoke\4-IssuedChecksSmoke.spec.ts","",""
"","13228","Search box filters grid and clears correctly","webkit","Fri Oct 02 10:16:13 UTC 2026","passed","Fri Oct 02 10:16:26 UTC 2026","Issued Checks — Smoke > Toolbar","specs\Smoke\4-IssuedChecksSmoke.spec.ts","",""
"","5109","Validate Login functionality with veryLongInput","msedge","Fri Oct 02 10:12:54 UTC 2026","passed","Fri Oct 02 10:12:59 UTC 2026","Login — Smoke > Login","specs\Smoke\1-LoginSmoke.spec.ts","",""
"","6866","File Processing sub-page loads correctly","chromium","Fri Oct 02 10:29:55 UTC 2026","passed","Fri Oct 02 10:30:02 UTC 2026","Application Navigation Smoke Tests > Settings Sub-navigation","specs\Smoke\2-NavigationSmoke.spec.ts","",""
"","10011","Verify dashboard loads after successful login","webkit","Fri Oct 02 10:14:10 UTC 2026","passed","Fri Oct 02 10:14:20 UTC 2026","Home Dashboard > Page Load","specs\Smoke\3-HomeDashboardSmoke.spec.ts","",""
"","14568","Validate session persists after page refresh","firefox","Fri Oct 02 10:13:00 UTC 2026","passed","Fri Oct 02 10:13:14 UTC 2026","Login — Smoke > Session & Security","specs\Smoke\1-LoginSmoke.spec.ts","",""
"","8895","Holiday Schedules sub-page loads correctly","webkit","Fri Oct 02 10:13:34 UTC 2026","passed","Fri Oct 02 10:13:43 UTC 2026","Application Navigation Smoke Tests > Settings Sub-navigation","specs\Smoke\2-NavigationSmoke.spec.ts","",""
"","5079","Validate Login functionality with incorrectUsername","chromium","Fri Oct 02 10:28:02 UTC 2026","passed","Fri Oct 02 10:28:07 UTC 2026","Login — Smoke > Login","specs\Smoke\1-LoginSmoke.spec.ts","",""
"","8500","Branding sub-page loads correctly","firefox","Fri Oct 02 10:13:08 UTC 2026","passed","Fri Oct 02 10:13:17 UTC 2026","Application Navigation Smoke Tests > Settings Sub-navigation","specs\Smoke\2-NavigationSmoke.spec.ts","",""
"","4499","Approvals page loads with either records or the empty-state message","msedge","Fri Oct 02 10:20:28 UTC 2026","passed","Fri Oct 02 10:20:32 UTC 2026","Exceptions — Smoke > Approvals","specs\Smoke\8-ExceptionsSmoke.spec.ts","",""
"","5050","Teller page loads correctly","msedge","Fri Oct 02 10:12:22 UTC 2026","passed","Fri Oct 02 10:12:27 UTC 2026","Application Navigation Smoke Tests > Top-level Navigation","specs\Smoke\2-NavigationSmoke.spec.ts","",""
"","7249","Page size change to 10 updates pagination info in bottom-right pager","msedge","Fri Oct 02 10:16:21 UTC 2026","passed","Fri Oct 02 10:16:28 UTC 2026","Presented Checks — Smoke > Pagination","specs\Smoke\5-PresentedChecksSmoke.spec.ts","",""
"","13958","Previous page button returns to page 1, First page button re-enables disabled state","firefox","Fri Oct 02 10:17:42 UTC 2026","passed","Fri Oct 02 10:17:56 UTC 2026","Issued Checks — Smoke > Pagination","specs\Smoke\4-IssuedChecksSmoke.spec.ts","",""
"","7359","Last page arrow jumps to the final page","chromium","Fri Oct 02 10:34:48 UTC 2026","passed","Fri Oct 02 10:34:55 UTC 2026","Exceptions — Smoke > Exception History > Pagination","specs\Smoke\8-ExceptionsSmoke.spec.ts","",""
"","5303","Web Hooks sub-page loads correctly","msedge","Fri Oct 02 10:14:28 UTC 2026","passed","Fri Oct 02 10:14:33 UTC 2026","Application Navigation Smoke Tests > Settings Sub-navigation","specs\Smoke\2-NavigationSmoke.spec.ts","",""
"","7059","Verify navigation to ACH via nav menu","msedge","Fri Oct 02 10:15:17 UTC 2026","passed","Fri Oct 02 10:15:24 UTC 2026","Home Dashboard > Navigation from Dashboard","specs\Smoke\3-HomeDashboardSmoke.spec.ts","",""
"","5023","Verify summary KPI values have expected number formats","chromium","Fri Oct 02 10:30:14 UTC 2026","passed","Fri Oct 02 10:30:19 UTC 2026","Home Dashboard > Summary Stats","specs\Smoke\3-HomeDashboardSmoke.spec.ts","",""
"","18653","Verify Combined View shows all chart sections","firefox","Fri Oct 02 10:13:44 UTC 2026","passed","Fri Oct 02 10:14:03 UTC 2026","Home Dashboard > Dashboard Chart Headings","specs\Smoke\3-HomeDashboardSmoke.spec.ts","",""
"","5506","Check Approval Rules sub-page loads correctly","msedge","Fri Oct 02 10:13:42 UTC 2026","passed","Fri Oct 02 10:13:48 UTC 2026","Application Navigation Smoke Tests > Settings Sub-navigation","specs\Smoke\2-NavigationSmoke.spec.ts","",""
"","6861","Verify Home dashboard is restored after returning from another page","chromium","Fri Oct 02 10:30:37 UTC 2026","passed","Fri Oct 02 10:30:44 UTC 2026","Home Dashboard > Summary Stats","specs\Smoke\3-HomeDashboardSmoke.spec.ts","",""
"","11740","Clicking a column header sorts ascending, clicking again sorts descending","webkit","Fri Oct 02 10:22:42 UTC 2026","passed","Fri Oct 02 10:22:54 UTC 2026","ACH — Smoke > Sorting","specs\Smoke\7-ACHSmoke.spec.ts","",""
"","9189","Verify Home dashboard is restored after returning from another page","firefox","Fri Oct 02 10:16:00 UTC 2026","passed","Fri Oct 02 10:16:10 UTC 2026","Home Dashboard > Summary Stats","specs\Smoke\3-HomeDashboardSmoke.spec.ts","",""
"","8367","Excel export button is visible and enabled","webkit","Fri Oct 02 10:18:45 UTC 2026","passed","Fri Oct 02 10:18:53 UTC 2026","Presented Checks — Smoke > Toolbar","specs\Smoke\5-PresentedChecksSmoke.spec.ts","",""
"","10698","""View"" (Change Log) link on a row navigates to the entity log","firefox","Fri Oct 02 10:20:47 UTC 2026","passed","Fri Oct 02 10:20:57 UTC 2026","Presented Checks — Smoke > Row Actions","specs\Smoke\5-PresentedChecksSmoke.spec.ts","",""
"","7615","Previous page button returns to page 1, First page button re-enables disabled state","msedge","Fri Oct 02 10:16:49 UTC 2026","passed","Fri Oct 02 10:16:56 UTC 2026","Presented Checks — Smoke > Pagination","specs\Smoke\5-PresentedChecksSmoke.spec.ts","",""
"","10482","""Edit"" link on a row navigates to the check edit form","webkit","Fri Oct 02 10:20:56 UTC 2026","passed","Fri Oct 02 10:21:07 UTC 2026","Presented Checks — Smoke > Row Actions","specs\Smoke\5-PresentedChecksSmoke.spec.ts","",""
"","12713","Grid loads with data rows and key column headers","firefox","Fri Oct 02 10:20:27 UTC 2026","passed","Fri Oct 02 10:20:40 UTC 2026","ACH — Smoke > Grid","specs\Smoke\7-ACHSmoke.spec.ts","",""
"","5062","Billing Reports sub-page loads correctly","msedge","Fri Oct 02 10:13:10 UTC 2026","passed","Fri Oct 02 10:13:15 UTC 2026","Application Navigation Smoke Tests > Settings Sub-navigation","specs\Smoke\2-NavigationSmoke.spec.ts","",""
"","11505","Clicking a column header sorts ascending, clicking again sorts descending","webkit","Fri Oct 02 10:20:28 UTC 2026","passed","Fri Oct 02 10:20:39 UTC 2026","Presented Checks — Smoke > Sorting","specs\Smoke\5-PresentedChecksSmoke.spec.ts","",""
"","6041","Decision Files sub-page loads correctly","msedge","Fri Oct 02 10:13:15 UTC 2026","passed","Fri Oct 02 10:13:21 UTC 2026","Application Navigation Smoke Tests > Settings Sub-navigation","specs\Smoke\2-NavigationSmoke.spec.ts","",""
"","6793","Default Decision Log sub-page loads correctly","msedge","Fri Oct 02 10:14:05 UTC 2026","passed","Fri Oct 02 10:14:11 UTC 2026","Application Navigation Smoke Tests > Settings Sub-navigation","specs\Smoke\2-NavigationSmoke.spec.ts","",""
"","6329","Last page arrow jumps to the final page","chromium","Fri Oct 02 10:33:50 UTC 2026","passed","Fri Oct 02 10:33:56 UTC 2026","ACH — Smoke > Pagination","specs\Smoke\7-ACHSmoke.spec.ts","",""
"","9712","File Processing sub-page loads correctly","webkit","Fri Oct 02 10:15:01 UTC 2026","passed","Fri Oct 02 10:15:11 UTC 2026","Application Navigation Smoke Tests > Settings Sub-navigation","specs\Smoke\2-NavigationSmoke.spec.ts","",""
"","5674","""+ Add Check"" navigates to the add-check form","chromium","Fri Oct 02 10:30:26 UTC 2026","passed","Fri Oct 02 10:30:32 UTC 2026","Issued Checks — Smoke > Navigation","specs\Smoke\4-IssuedChecksSmoke.spec.ts","",""
"","13385","Pay/Return decision badge navigates to exception history","msedge","Fri Oct 02 10:19:10 UTC 2026","passed","Fri Oct 02 10:19:24 UTC 2026","ACH — Smoke > Row Actions","specs\Smoke\7-ACHSmoke.spec.ts","",""
"","4888","Validate forgot password with unregistered email","msedge","Fri Oct 02 10:13:10 UTC 2026","passed","Fri Oct 02 10:13:15 UTC 2026","Login — Smoke > Forgot Password","specs\Smoke\1-LoginSmoke.spec.ts","",""
"","7542","Teller page loads correctly","firefox","Fri Oct 02 10:12:01 UTC 2026","passed","Fri Oct 02 10:12:08 UTC 2026","Application Navigation Smoke Tests > Top-level Navigation","specs\Smoke\2-NavigationSmoke.spec.ts","",""
"","8928","Business Clients sub-page loads correctly","webkit","Fri Oct 02 10:12:39 UTC 2026","passed","Fri Oct 02 10:12:48 UTC 2026","Application Navigation Smoke Tests > Settings Sub-navigation","specs\Smoke\2-NavigationSmoke.spec.ts","",""
"","6711","""Uploaded Checks"" navigates to the uploads page","chromium","Fri Oct 02 10:31:37 UTC 2026","passed","Fri Oct 02 10:31:44 UTC 2026","Presented Checks — Smoke > Navigation","specs\Smoke\5-PresentedChecksSmoke.spec.ts","",""
"","7239","Settings page loads correctly","firefox","Fri Oct 02 10:12:25 UTC 2026","passed","Fri Oct 02 10:12:33 UTC 2026","Application Navigation Smoke Tests > Top-level Navigation","specs\Smoke\2-NavigationSmoke.spec.ts","",""
"","6090","""Edit"" link on a row navigates to the check edit form","chromium","Fri Oct 02 10:33:31 UTC 2026","passed","Fri Oct 02 10:33:37 UTC 2026","Presented Checks — Smoke > Row Actions","specs\Smoke\5-PresentedChecksSmoke.spec.ts","",""
"","14750","Validate Login functionality with caseSensitiveEmail","webkit","Fri Oct 02 10:11:25 UTC 2026","passed","Fri Oct 02 10:11:40 UTC 2026","Login — Smoke > Login","specs\Smoke\1-LoginSmoke.spec.ts","",""
"","16414","Column filter popup applies a filter and Clear restores the full row set","webkit","Fri Oct 02 10:18:34 UTC 2026","passed","Fri Oct 02 10:18:50 UTC 2026","Issued Checks — Smoke > Column Filter","specs\Smoke\4-IssuedChecksSmoke.spec.ts","",""
"","5202","Validate Login functionality with missingUsername","msedge","Fri Oct 02 10:12:39 UTC 2026","passed","Fri Oct 02 10:12:44 UTC 2026","Login — Smoke > Login","specs\Smoke\1-LoginSmoke.spec.ts","",""
"","6221","Grid loads with data rows and key column headers","chromium","Fri Oct 02 10:30:14 UTC 2026","passed","Fri Oct 02 10:30:20 UTC 2026","Issued Checks — Smoke > Grid","specs\Smoke\4-IssuedChecksSmoke.spec.ts","",""
"","10438","""+ Add Check"" navigates to the add-check form","webkit","Fri Oct 02 10:15:53 UTC 2026","passed","Fri Oct 02 10:16:04 UTC 2026","Issued Checks — Smoke > Navigation","specs\Smoke\4-IssuedChecksSmoke.spec.ts","",""
"","4736","Users sub-page loads correctly","chromium","Fri Oct 02 10:28:38 UTC 2026","passed","Fri Oct 02 10:28:43 UTC 2026","Application Navigation Smoke Tests > Settings Sub-navigation","specs\Smoke\2-NavigationSmoke.spec.ts","",""
"","11595","Presented Checks breadcrumb link is visible on the page","firefox","Fri Oct 02 10:21:23 UTC 2026","passed","Fri Oct 02 10:21:34 UTC 2026","Presented Checks — Smoke > Breadcrumb","specs\Smoke\5-PresentedChecksSmoke.spec.ts","",""
"","5861","Page size change to 10 updates pagination info in bottom-right pager","chromium","Fri Oct 02 10:30:50 UTC 2026","passed","Fri Oct 02 10:30:56 UTC 2026","Issued Checks — Smoke > Pagination","specs\Smoke\4-IssuedChecksSmoke.spec.ts","",""
"","18948","Save a filter preset, verify it is auto-selected, then delete it","firefox","Fri Oct 02 10:18:10 UTC 2026","passed","Fri Oct 02 10:18:29 UTC 2026","Issued Checks — Smoke > Saved Filters","specs\Smoke\4-IssuedChecksSmoke.spec.ts","",""
"","6932","Last page arrow jumps to the final page","msedge","Fri Oct 02 10:15:24 UTC 2026","passed","Fri Oct 02 10:15:31 UTC 2026","Issued Checks — Smoke > Pagination","specs\Smoke\4-IssuedChecksSmoke.spec.ts","",""
"","9940","Validate Login functionality with xssInUsername","webkit","Fri Oct 02 10:12:55 UTC 2026","passed","Fri Oct 02 10:13:05 UTC 2026","Login — Smoke > Login","specs\Smoke\1-LoginSmoke.spec.ts","",""
"","10975","Check Approval Rules sub-page loads correctly","firefox","Fri Oct 02 10:14:24 UTC 2026","passed","Fri Oct 02 10:14:35 UTC 2026","Application Navigation Smoke Tests > Settings Sub-navigation","specs\Smoke\2-NavigationSmoke.spec.ts","",""
"","6654","Typing a page number navigates to that page","msedge","Fri Oct 02 10:18:00 UTC 2026","passed","Fri Oct 02 10:18:07 UTC 2026","ACH — Smoke > Pagination","specs\Smoke\7-ACHSmoke.spec.ts","",""
"","8429","Column filter popup applies a filter and Clear restores the full row set","chromium","Fri Oct 02 10:33:23 UTC 2026","passed","Fri Oct 02 10:33:31 UTC 2026","Presented Checks — Smoke > Column Filter","specs\Smoke\5-PresentedChecksSmoke.spec.ts","",""
"","8153","Automatic Check Decision Rules sub-page loads correctly","webkit","Fri Oct 02 10:14:03 UTC 2026","passed","Fri Oct 02 10:14:12 UTC 2026","Application Navigation Smoke Tests > Settings Sub-navigation","specs\Smoke\2-NavigationSmoke.spec.ts","",""
"","6134","""View"" (Change Log) link on a row navigates to the entity log","chromium","Fri Oct 02 10:33:37 UTC 2026","passed","Fri Oct 02 10:33:43 UTC 2026","Presented Checks — Smoke > Row Actions","specs\Smoke\5-PresentedChecksSmoke.spec.ts","",""
"","5303","ACH page loads correctly","msedge","Fri Oct 02 10:12:27 UTC 2026","passed","Fri Oct 02 10:12:33 UTC 2026","Application Navigation Smoke Tests > Top-level Navigation","specs\Smoke\2-NavigationSmoke.spec.ts","",""
"","9643","API link is visible and points to swagger","webkit","Fri Oct 02 10:15:11 UTC 2026","passed","Fri Oct 02 10:15:20 UTC 2026","Application Navigation Smoke Tests > Settings Sub-navigation","specs\Smoke\2-NavigationSmoke.spec.ts","",""
"","7080","Validate Login functionality with caseSensitiveEmail","msedge","Fri Oct 02 10:12:06 UTC 2026","passed","Fri Oct 02 10:12:13 UTC 2026","Login — Smoke > Login","specs\Smoke\1-LoginSmoke.spec.ts","",""
"","8617","Decision badge on an already-reviewed row is blocked with a system message","webkit","Fri Oct 02 10:24:43 UTC 2026","passed","Fri Oct 02 10:24:51 UTC 2026","Exceptions — Smoke > Exception History > Row Actions","specs\Smoke\8-ExceptionsSmoke.spec.ts","",""
"","6086","""Delete"" on a row shows a confirm modal; Cancel dismisses it without deleting","chromium","Fri Oct 02 10:32:36 UTC 2026","passed","Fri Oct 02 10:32:42 UTC 2026","Issued Checks — Smoke > Row Actions","specs\Smoke\4-IssuedChecksSmoke.spec.ts","",""
"","9373","Search box filters grid and clears correctly","firefox","Fri Oct 02 10:18:02 UTC 2026","passed","Fri Oct 02 10:18:11 UTC 2026","Presented Checks — Smoke > Toolbar","specs\Smoke\5-PresentedChecksSmoke.spec.ts","",""
"","5995","Verify navigation to Exceptions via nav menu","chromium","Fri Oct 02 10:31:02 UTC 2026","passed","Fri Oct 02 10:31:08 UTC 2026","Home Dashboard > Navigation from Dashboard","specs\Smoke\3-HomeDashboardSmoke.spec.ts","",""
"","6185","Typing a page number navigates to that page","chromium","Fri Oct 02 10:33:57 UTC 2026","passed","Fri Oct 02 10:34:03 UTC 2026","ACH — Smoke > Pagination","specs\Smoke\7-ACHSmoke.spec.ts","",""
"","11483","Exception History grid loads with data rows and key column headers","webkit","Fri Oct 02 10:21:49 UTC 2026","passed","Fri Oct 02 10:22:01 UTC 2026","Exceptions — Smoke > Exception History > Grid","specs\Smoke\8-ExceptionsSmoke.spec.ts","",""
"","5071","Exception History grid loads with data rows and key column headers","msedge","Fri Oct 02 10:18:10 UTC 2026","passed","Fri Oct 02 10:18:15 UTC 2026","Exceptions — Smoke > Exception History > Grid","specs\Smoke\8-ExceptionsSmoke.spec.ts","",""
"","5266","ACH Approval Rules sub-page loads correctly","chromium","Fri Oct 02 10:29:32 UTC 2026","passed","Fri Oct 02 10:29:38 UTC 2026","Application Navigation Smoke Tests > Settings Sub-navigation","specs\Smoke\2-NavigationSmoke.spec.ts","",""
"","6469","ACH Approval Rules sub-page loads correctly","msedge","Fri Oct 02 10:13:52 UTC 2026","passed","Fri Oct 02 10:13:58 UTC 2026","Application Navigation Smoke Tests > Settings Sub-navigation","specs\Smoke\2-NavigationSmoke.spec.ts","",""
"","5862","Validate teller presented-check form shows all required fields","chromium","Fri Oct 02 10:32:49 UTC 2026","passed","Fri Oct 02 10:32:55 UTC 2026","Teller — Smoke > Add Check Form","specs\Smoke\6-TellerSmoke.spec.ts","",""
"","6517","API link is visible and points to swagger","chromium","Fri Oct 02 10:30:02 UTC 2026","passed","Fri Oct 02 10:30:09 UTC 2026","Application Navigation Smoke Tests > Settings Sub-navigation","specs\Smoke\2-NavigationSmoke.spec.ts","",""
"","7638","Column filter popup applies a filter and Clear restores the full row set","chromium","Fri Oct 02 10:34:58 UTC 2026","passed","Fri Oct 02 10:35:05 UTC 2026","ACH — Smoke > Column Filter","specs\Smoke\7-ACHSmoke.spec.ts","",""
"","6604","""+ Add ACH"" navigates to the add-ACH form","msedge","Fri Oct 02 10:17:15 UTC 2026","passed","Fri Oct 02 10:17:21 UTC 2026","ACH — Smoke > Navigation","specs\Smoke\7-ACHSmoke.spec.ts","",""
"","6279","Typing a page number navigates to that page","msedge","Fri Oct 02 10:16:42 UTC 2026","passed","Fri Oct 02 10:16:49 UTC 2026","Presented Checks — Smoke > Pagination","specs\Smoke\5-PresentedChecksSmoke.spec.ts","",""
"","5829","Clicking a column header sorts ascending, clicking again sorts descending","chromium","Fri Oct 02 10:33:17 UTC 2026","passed","Fri Oct 02 10:33:23 UTC 2026","Presented Checks — Smoke > Sorting","specs\Smoke\5-PresentedChecksSmoke.spec.ts","",""
"","4989","Navigation tabs to Pre-Decisions, Approvals, and Exception History are visible","webkit","Fri Oct 02 10:24:56 UTC 2026","passed","Fri Oct 02 10:25:01 UTC 2026","Exceptions — Smoke > Open Exceptions","specs\Smoke\8-ExceptionsSmoke.spec.ts","",""
"","7824","""Delete"" on a row shows a confirm modal; Cancel dismisses it without deleting","chromium","Fri Oct 02 10:35:11 UTC 2026","passed","Fri Oct 02 10:35:18 UTC 2026","ACH — Smoke > Row Actions","specs\Smoke\7-ACHSmoke.spec.ts","",""
"","5025","Validate Login functionality with sqlInjection","firefox","Fri Oct 02 10:12:16 UTC 2026","passed","Fri Oct 02 10:12:21 UTC 2026","Login — Smoke > Login","specs\Smoke\1-LoginSmoke.spec.ts","",""
"","6534","Last page arrow jumps to the final page","chromium","Fri Oct 02 10:32:11 UTC 2026","passed","Fri Oct 02 10:32:17 UTC 2026","Presented Checks — Smoke > Pagination","specs\Smoke\5-PresentedChecksSmoke.spec.ts","",""
"","15201","Verify dashboard tab checked state updates correctly","webkit","Fri Oct 02 10:15:11 UTC 2026","passed","Fri Oct 02 10:15:26 UTC 2026","Home Dashboard > Dashboard Chart Headings","specs\Smoke\3-HomeDashboardSmoke.spec.ts","",""
"","15727","Previous page button returns to page 1, First page button re-enables disabled state","firefox","Fri Oct 02 10:19:11 UTC 2026","passed","Fri Oct 02 10:19:26 UTC 2026","Presented Checks — Smoke > Pagination","specs\Smoke\5-PresentedChecksSmoke.spec.ts","",""
"","4518","Approvals page loads with either records or the empty-state message","firefox","Fri Oct 02 10:25:25 UTC 2026","passed","Fri Oct 02 10:25:29 UTC 2026","Exceptions — Smoke > Approvals","specs\Smoke\8-ExceptionsSmoke.spec.ts","",""
"","16781","Validate session persists after page refresh","webkit","Fri Oct 02 10:13:43 UTC 2026","passed","Fri Oct 02 10:14:00 UTC 2026","Login — Smoke > Session & Security","specs\Smoke\1-LoginSmoke.spec.ts","",""
"","10060","Billing Reports sub-page loads correctly","firefox","Fri Oct 02 10:13:17 UTC 2026","passed","Fri Oct 02 10:13:27 UTC 2026","Application Navigation Smoke Tests > Settings Sub-navigation","specs\Smoke\2-NavigationSmoke.spec.ts","",""
"","7287","Page size change to 10 updates pagination info in bottom-right pager","msedge","Fri Oct 02 10:18:39 UTC 2026","passed","Fri Oct 02 10:18:46 UTC 2026","Exceptions — Smoke > Exception History > Pagination","specs\Smoke\8-ExceptionsSmoke.spec.ts","",""
"","8219","Previous page button returns to page 1, First page button re-enables disabled state","msedge","Fri Oct 02 10:18:07 UTC 2026","passed","Fri Oct 02 10:18:15 UTC 2026","ACH — Smoke > Pagination","specs\Smoke\7-ACHSmoke.spec.ts","",""
"","5917","""+ Add Check"" navigates to the add-check form","msedge","Fri Oct 02 10:14:45 UTC 2026","passed","Fri Oct 02 10:14:51 UTC 2026","Issued Checks — Smoke > Navigation","specs\Smoke\4-IssuedChecksSmoke.spec.ts","",""
"","10201","Search box filters grid and clears correctly","chromium","Fri Oct 02 10:34:16 UTC 2026","passed","Fri Oct 02 10:34:26 UTC 2026","Exceptions — Smoke > Exception History > Toolbar","specs\Smoke\8-ExceptionsSmoke.spec.ts","",""
"","6322","Grid View toggle navigates to the open-exceptions grid and shows key column headers","msedge","Fri Oct 02 10:20:21 UTC 2026","passed","Fri Oct 02 10:20:28 UTC 2026","Exceptions — Smoke > Open Exceptions","specs\Smoke\8-ExceptionsSmoke.spec.ts","",""
"","9330","""+ Add Check"" navigates to the add-check form","webkit","Fri Oct 02 10:18:12 UTC 2026","passed","Fri Oct 02 10:18:21 UTC 2026","Presented Checks — Smoke > Navigation","specs\Smoke\5-PresentedChecksSmoke.spec.ts","",""
"","5391","Settings page loads correctly","chromium","Fri Oct 02 10:28:22 UTC 2026","passed","Fri Oct 02 10:28:28 UTC 2026","Application Navigation Smoke Tests > Top-level Navigation","specs\Smoke\2-NavigationSmoke.spec.ts","",""
"","5916","Clicking a column header sorts ascending, clicking again sorts descending","msedge","Fri Oct 02 10:17:23 UTC 2026","passed","Fri Oct 02 10:17:29 UTC 2026","Presented Checks — Smoke > Sorting","specs\Smoke\5-PresentedChecksSmoke.spec.ts","",""
"","13894","Last page arrow jumps to the final page","firefox","Fri Oct 02 10:22:54 UTC 2026","passed","Fri Oct 02 10:23:08 UTC 2026","Exceptions — Smoke > Exception History > Pagination","specs\Smoke\8-ExceptionsSmoke.spec.ts","",""
"","2671","Automatic ACH Decision Rules sub-page loads correctly","chromium","Fri Oct 02 10:29:30 UTC 2026","passed","Fri Oct 02 10:29:32 UTC 2026","Application Navigation Smoke Tests > Settings Sub-navigation","specs\Smoke\2-NavigationSmoke.spec.ts","",""
"","5995","Decision Files sub-page loads correctly","chromium","Fri Oct 02 10:28:58 UTC 2026","passed","Fri Oct 02 10:29:04 UTC 2026","Application Navigation Smoke Tests > Settings Sub-navigation","specs\Smoke\2-NavigationSmoke.spec.ts","",""
"","5243","Verify all three dashboard view tabs are visible","chromium","Fri Oct 02 10:29:24 UTC 2026","passed","Fri Oct 02 10:29:29 UTC 2026","Home Dashboard > Page Load","specs\Smoke\3-HomeDashboardSmoke.spec.ts","",""
"","5430","Web Hooks sub-page loads correctly","chromium","Fri Oct 02 10:30:09 UTC 2026","passed","Fri Oct 02 10:30:14 UTC 2026","Application Navigation Smoke Tests > Settings Sub-navigation","specs\Smoke\2-NavigationSmoke.spec.ts","",""
"","10129","Grid loads with data rows and key column headers","webkit","Fri Oct 02 10:17:50 UTC 2026","passed","Fri Oct 02 10:18:00 UTC 2026","Presented Checks — Smoke > Grid","specs\Smoke\5-PresentedChecksSmoke.spec.ts","",""
"","6146","""+ Add ACH"" navigates to the add-ACH form","chromium","Fri Oct 02 10:33:13 UTC 2026","passed","Fri Oct 02 10:33:19 UTC 2026","ACH — Smoke > Navigation","specs\Smoke\7-ACHSmoke.spec.ts","",""
"","5561","Validate Login functionality with incorrectUsername","firefox","Fri Oct 02 10:11:50 UTC 2026","passed","Fri Oct 02 10:11:56 UTC 2026","Login — Smoke > Login","specs\Smoke\1-LoginSmoke.spec.ts","",""
"","12654","Search box filters grid and clears correctly","webkit","Fri Oct 02 10:18:32 UTC 2026","passed","Fri Oct 02 10:18:45 UTC 2026","Presented Checks — Smoke > Toolbar","specs\Smoke\5-PresentedChecksSmoke.spec.ts","",""
"","5836","Verify all three dashboard view tabs are visible","firefox","Fri Oct 02 10:13:39 UTC 2026","passed","Fri Oct 02 10:13:44 UTC 2026","Home Dashboard > Page Load","specs\Smoke\3-HomeDashboardSmoke.spec.ts","",""
"","7067","Last page arrow jumps to the final page","msedge","Fri Oct 02 10:16:35 UTC 2026","passed","Fri Oct 02 10:16:42 UTC 2026","Presented Checks — Smoke > Pagination","specs\Smoke\5-PresentedChecksSmoke.spec.ts","",""
"","4993","Notification Templates sub-page loads correctly","msedge","Fri Oct 02 10:13:31 UTC 2026","passed","Fri Oct 02 10:13:36 UTC 2026","Application Navigation Smoke Tests > Settings Sub-navigation","specs\Smoke\2-NavigationSmoke.spec.ts","",""
"","10290","Verify Check Only tab shows Check-specific chart sections","webkit","Fri Oct 02 10:14:51 UTC 2026","passed","Fri Oct 02 10:15:01 UTC 2026","Home Dashboard > Dashboard Chart Headings","specs\Smoke\3-HomeDashboardSmoke.spec.ts","",""
"","5134","Verify Combined View shows all chart sections","chromium","Fri Oct 02 10:29:29 UTC 2026","passed","Fri Oct 02 10:29:35 UTC 2026","Home Dashboard > Dashboard Chart Headings","specs\Smoke\3-HomeDashboardSmoke.spec.ts","",""
"","6292","Pay/Return decision badge navigates to exception history","chromium","Fri Oct 02 10:33:50 UTC 2026","passed","Fri Oct 02 10:33:56 UTC 2026","Presented Checks — Smoke > Row Actions","specs\Smoke\5-PresentedChecksSmoke.spec.ts","",""
"","8036","Typing a page number navigates to that page","chromium","Fri Oct 02 10:34:55 UTC 2026","passed","Fri Oct 02 10:35:03 UTC 2026","Exceptions — Smoke > Exception History > Pagination","specs\Smoke\8-ExceptionsSmoke.spec.ts","",""
"","6368","Next page arrow advances to page 2","msedge","Fri Oct 02 10:17:47 UTC 2026","passed","Fri Oct 02 10:17:53 UTC 2026","ACH — Smoke > Pagination","specs\Smoke\7-ACHSmoke.spec.ts","",""
"","5815","Notification Templates sub-page loads correctly","chromium","Fri Oct 02 10:29:13 UTC 2026","passed","Fri Oct 02 10:29:19 UTC 2026","Application Navigation Smoke Tests > Settings Sub-navigation","specs\Smoke\2-NavigationSmoke.spec.ts","",""
"","7098","Validate forgot password functionality","firefox","Fri Oct 02 10:12:40 UTC 2026","passed","Fri Oct 02 10:12:47 UTC 2026","Login — Smoke > Forgot Password","specs\Smoke\1-LoginSmoke.spec.ts","",""
"","6594","Verify navigation to ACH via nav menu","chromium","Fri Oct 02 10:30:56 UTC 2026","passed","Fri Oct 02 10:31:02 UTC 2026","Home Dashboard > Navigation from Dashboard","specs\Smoke\3-HomeDashboardSmoke.spec.ts","",""
"","4213","Automatic ACH Decision Rules sub-page loads correctly","firefox","Fri Oct 02 10:14:35 UTC 2026","passed","Fri Oct 02 10:14:39 UTC 2026","Application Navigation Smoke Tests > Settings Sub-navigation","specs\Smoke\2-NavigationSmoke.spec.ts","",""
"","11725","Notification Templates sub-page loads correctly","firefox","Fri Oct 02 10:14:02 UTC 2026","passed","Fri Oct 02 10:14:13 UTC 2026","Application Navigation Smoke Tests > Settings Sub-navigation","specs\Smoke\2-NavigationSmoke.spec.ts","",""
"","5423","Page size change to 10 updates pagination info in bottom-right pager","chromium","Fri Oct 02 10:33:38 UTC 2026","passed","Fri Oct 02 10:33:44 UTC 2026","ACH — Smoke > Pagination","specs\Smoke\7-ACHSmoke.spec.ts","",""
"","11265","""Delete"" on a row shows a confirm modal; Cancel dismisses it without deleting","webkit","Fri Oct 02 10:19:13 UTC 2026","passed","Fri Oct 02 10:19:24 UTC 2026","Issued Checks — Smoke > Row Actions","specs\Smoke\4-IssuedChecksSmoke.spec.ts","",""
"","9121","Typing a page number navigates to that page","msedge","Fri Oct 02 10:19:01 UTC 2026","passed","Fri Oct 02 10:19:10 UTC 2026","Exceptions — Smoke > Exception History > Pagination","specs\Smoke\8-ExceptionsSmoke.spec.ts","",""
"","5218","Issued Checks page loads correctly","chromium","Fri Oct 02 10:27:56 UTC 2026","passed","Fri Oct 02 10:28:01 UTC 2026","Application Navigation Smoke Tests > Top-level Navigation","specs\Smoke\2-NavigationSmoke.spec.ts","",""
"","7162","Search box filters grid and clears correctly","msedge","Fri Oct 02 10:17:27 UTC 2026","passed","Fri Oct 02 10:17:35 UTC 2026","ACH — Smoke > Toolbar","specs\Smoke\7-ACHSmoke.spec.ts","",""
"","6526","File Processing sub-page loads correctly","msedge","Fri Oct 02 10:14:16 UTC 2026","passed","Fri Oct 02 10:14:23 UTC 2026","Application Navigation Smoke Tests > Settings Sub-navigation","specs\Smoke\2-NavigationSmoke.spec.ts","",""
"","4825","Validate Login functionality with sqlInjection","chromium","Fri Oct 02 10:28:28 UTC 2026","passed","Fri Oct 02 10:28:32 UTC 2026","Login — Smoke > Login","specs\Smoke\1-LoginSmoke.spec.ts","",""
"","11656","Verify navigation to Presented Checks via nav menu","firefox","Fri Oct 02 10:16:20 UTC 2026","passed","Fri Oct 02 10:16:31 UTC 2026","Home Dashboard > Navigation from Dashboard","specs\Smoke\3-HomeDashboardSmoke.spec.ts","",""
"","4800","""Edit"" link on a row navigates to the check edit form","chromium","Fri Oct 02 10:32:19 UTC 2026","passed","Fri Oct 02 10:32:24 UTC 2026","Issued Checks — Smoke > Row Actions","specs\Smoke\4-IssuedChecksSmoke.spec.ts","",""
"","24493","Default filter auto-applies after logout and re-login","chromium","Fri Oct 02 10:34:27 UTC 2026","passed","Fri Oct 02 10:34:52 UTC 2026","ACH — Smoke > Saved Filters > Default Filter","specs\Smoke\7-ACHSmoke.spec.ts","",""
"","6008","Excel export button is visible and enabled","msedge","Fri Oct 02 10:16:15 UTC 2026","passed","Fri Oct 02 10:16:21 UTC 2026","Presented Checks — Smoke > Toolbar","specs\Smoke\5-PresentedChecksSmoke.spec.ts","",""
"","9234","Exceptions page loads correctly","webkit","Fri Oct 02 10:12:13 UTC 2026","passed","Fri Oct 02 10:12:22 UTC 2026","Application Navigation Smoke Tests > Top-level Navigation","specs\Smoke\2-NavigationSmoke.spec.ts","",""
"","11990","Business Clients sub-page loads correctly","firefox","Fri Oct 02 10:12:40 UTC 2026","passed","Fri Oct 02 10:12:52 UTC 2026","Application Navigation Smoke Tests > Settings Sub-navigation","specs\Smoke\2-NavigationSmoke.spec.ts","",""
"","5952","""Uploaded ACH"" navigates to the uploads page","msedge","Fri Oct 02 10:17:21 UTC 2026","passed","Fri Oct 02 10:17:27 UTC 2026","ACH — Smoke > Navigation","specs\Smoke\7-ACHSmoke.spec.ts","",""
"","10132","Validate teller presented-check form shows all required fields","webkit","Fri Oct 02 10:19:34 UTC 2026","passed","Fri Oct 02 10:19:44 UTC 2026","Teller — Smoke > Add Check Form","specs\Smoke\6-TellerSmoke.spec.ts","",""
"","8397","Verify tab-specific charts are hidden for opposite tab","firefox","Fri Oct 02 10:15:00 UTC 2026","passed","Fri Oct 02 10:15:08 UTC 2026","Home Dashboard > Dashboard Chart Headings","specs\Smoke\3-HomeDashboardSmoke.spec.ts","",""
"","5570","Verify navigation to Issued Checks via nav menu","msedge","Fri Oct 02 10:15:04 UTC 2026","passed","Fri Oct 02 10:15:10 UTC 2026","Home Dashboard > Navigation from Dashboard","specs\Smoke\3-HomeDashboardSmoke.spec.ts","",""
"","19323","Search box filters grid and clears correctly","firefox","Fri Oct 02 10:21:57 UTC 2026","passed","Fri Oct 02 10:22:16 UTC 2026","Exceptions — Smoke > Exception History > Toolbar","specs\Smoke\8-ExceptionsSmoke.spec.ts","",""
"","9707","Users sub-page loads correctly","webkit","Fri Oct 02 10:12:48 UTC 2026","passed","Fri Oct 02 10:12:57 UTC 2026","Application Navigation Smoke Tests > Settings Sub-navigation","specs\Smoke\2-NavigationSmoke.spec.ts","",""
"","5321","Validate Login functionality with missingPassword","chromium","Fri Oct 02 10:28:17 UTC 2026","passed","Fri Oct 02 10:28:23 UTC 2026","Login — Smoke > Login","specs\Smoke\1-LoginSmoke.spec.ts","",""
"","5090","Automatic Check Decision Rules sub-page loads correctly","chromium","Fri Oct 02 10:29:19 UTC 2026","passed","Fri Oct 02 10:29:24 UTC 2026","Application Navigation Smoke Tests > Settings Sub-navigation","specs\Smoke\2-NavigationSmoke.spec.ts","",""
"","4663","Validate Login functionality with missingPassword","firefox","Fri Oct 02 10:12:06 UTC 2026","passed","Fri Oct 02 10:12:10 UTC 2026","Login — Smoke > Login","specs\Smoke\1-LoginSmoke.spec.ts","",""
"","6101","""View"" link on a row opens the Exception Details dialog","msedge","Fri Oct 02 10:19:51 UTC 2026","passed","Fri Oct 02 10:19:57 UTC 2026","Exceptions — Smoke > Exception History > Row Actions","specs\Smoke\8-ExceptionsSmoke.spec.ts","",""
"","8368","Branding sub-page loads correctly","webkit","Fri Oct 02 10:13:07 UTC 2026","passed","Fri Oct 02 10:13:15 UTC 2026","Application Navigation Smoke Tests > Settings Sub-navigation","specs\Smoke\2-NavigationSmoke.spec.ts","",""
"","11304","""View"" link on a row opens the Exception Details dialog","firefox","Fri Oct 02 10:24:44 UTC 2026","passed","Fri Oct 02 10:24:56 UTC 2026","Exceptions — Smoke > Exception History > Row Actions","specs\Smoke\8-ExceptionsSmoke.spec.ts","",""
"","6387","System Log sub-page loads correctly","chromium","Fri Oct 02 10:29:49 UTC 2026","passed","Fri Oct 02 10:29:55 UTC 2026","Application Navigation Smoke Tests > Settings Sub-navigation","specs\Smoke\2-NavigationSmoke.spec.ts","",""
"","21697","Save a filter preset, verify it is auto-selected, then delete it","webkit","Fri Oct 02 10:23:57 UTC 2026","passed","Fri Oct 02 10:24:19 UTC 2026","Exceptions — Smoke > Exception History > Saved Filters","specs\Smoke\8-ExceptionsSmoke.spec.ts","",""
"","5479","Verify dashboard loads after successful login","msedge","Fri Oct 02 10:13:29 UTC 2026","passed","Fri Oct 02 10:13:34 UTC 2026","Home Dashboard > Page Load","specs\Smoke\3-HomeDashboardSmoke.spec.ts","",""
"","8516","ACH page loads correctly","firefox","Fri Oct 02 10:12:09 UTC 2026","passed","Fri Oct 02 10:12:17 UTC 2026","Application Navigation Smoke Tests > Top-level Navigation","specs\Smoke\2-NavigationSmoke.spec.ts","",""
"","8177","Users sub-page loads correctly","firefox","Fri Oct 02 10:12:52 UTC 2026","passed","Fri Oct 02 10:13:00 UTC 2026","Application Navigation Smoke Tests > Settings Sub-navigation","specs\Smoke\2-NavigationSmoke.spec.ts","",""
"","5125","Validate Login functionality with xssInUsername","msedge","Fri Oct 02 10:12:49 UTC 2026","passed","Fri Oct 02 10:12:54 UTC 2026","Login — Smoke > Login","specs\Smoke\1-LoginSmoke.spec.ts","",""
"","12829","Search box filters grid and clears correctly","firefox","Fri Oct 02 10:21:11 UTC 2026","passed","Fri Oct 02 10:21:24 UTC 2026","ACH — Smoke > Toolbar","specs\Smoke\7-ACHSmoke.spec.ts","",""
"","5176","Grid View toggle navigates to the open-exceptions grid and shows key column headers","firefox","Fri Oct 02 10:25:19 UTC 2026","passed","Fri Oct 02 10:25:25 UTC 2026","Exceptions — Smoke > Open Exceptions","specs\Smoke\8-ExceptionsSmoke.spec.ts","",""
"","4782","Validate forgot password with unregistered email","chromium","Fri Oct 02 10:28:53 UTC 2026","passed","Fri Oct 02 10:28:58 UTC 2026","Login — Smoke > Forgot Password","specs\Smoke\1-LoginSmoke.spec.ts","",""
"","9843","Verify profile menu shows My Info and Logout links","webkit","Fri Oct 02 10:16:31 UTC 2026","passed","Fri Oct 02 10:16:40 UTC 2026","Home Dashboard > Summary Stats","specs\Smoke\3-HomeDashboardSmoke.spec.ts","",""
"","7231","""+ Add Check"" navigates to the add-check form","msedge","Fri Oct 02 10:15:52 UTC 2026","passed","Fri Oct 02 10:15:59 UTC 2026","Presented Checks — Smoke > Navigation","specs\Smoke\5-PresentedChecksSmoke.spec.ts","",""
"","4804","Roles/Permissions sub-page loads correctly","chromium","Fri Oct 02 10:28:43 UTC 2026","passed","Fri Oct 02 10:28:48 UTC 2026","Application Navigation Smoke Tests > Settings Sub-navigation","specs\Smoke\2-NavigationSmoke.spec.ts","",""
"","5286","ACH breadcrumb link is visible on the page","msedge","Fri Oct 02 10:19:24 UTC 2026","passed","Fri Oct 02 10:19:29 UTC 2026","ACH — Smoke > Breadcrumb","specs\Smoke\7-ACHSmoke.spec.ts","",""
"","10234","API link is visible and points to swagger","firefox","Fri Oct 02 10:15:18 UTC 2026","passed","Fri Oct 02 10:15:28 UTC 2026","Application Navigation Smoke Tests > Settings Sub-navigation","specs\Smoke\2-NavigationSmoke.spec.ts","",""
"","8189","Exceptions page loads correctly","firefox","Fri Oct 02 10:12:17 UTC 2026","passed","Fri Oct 02 10:12:25 UTC 2026","Application Navigation Smoke Tests > Top-level Navigation","specs\Smoke\2-NavigationSmoke.spec.ts","",""
"","5639","Saved Filters dropdown is visible and defaults to no preset","chromium","Fri Oct 02 10:31:22 UTC 2026","passed","Fri Oct 02 10:31:28 UTC 2026","Issued Checks — Smoke > Saved Filters","specs\Smoke\4-IssuedChecksSmoke.spec.ts","",""
"","7060","Typing a page number navigates to that page","msedge","Fri Oct 02 10:15:31 UTC 2026","passed","Fri Oct 02 10:15:38 UTC 2026","Issued Checks — Smoke > Pagination","specs\Smoke\4-IssuedChecksSmoke.spec.ts","",""
"","11437","Page size change to 10 updates pagination info in bottom-right pager","firefox","Fri Oct 02 10:21:35 UTC 2026","passed","Fri Oct 02 10:21:46 UTC 2026","ACH — Smoke > Pagination","specs\Smoke\7-ACHSmoke.spec.ts","",""
"","7524","Verify tab-specific charts are hidden for opposite tab","msedge","Fri Oct 02 10:14:20 UTC 2026","passed","Fri Oct 02 10:14:28 UTC 2026","Home Dashboard > Dashboard Chart Headings","specs\Smoke\3-HomeDashboardSmoke.spec.ts","",""
"","5526","Notification Log sub-page loads correctly","chromium","Fri Oct 02 10:29:38 UTC 2026","passed","Fri Oct 02 10:29:43 UTC 2026","Application Navigation Smoke Tests > Settings Sub-navigation","specs\Smoke\2-NavigationSmoke.spec.ts","",""
"","11906","""+ Add Check"" navigates to the add-check form","firefox","Fri Oct 02 10:17:30 UTC 2026","passed","Fri Oct 02 10:17:42 UTC 2026","Presented Checks — Smoke > Navigation","specs\Smoke\5-PresentedChecksSmoke.spec.ts","",""
"","14753","Grid loads with data rows and key column headers","firefox","Fri Oct 02 10:17:05 UTC 2026","passed","Fri Oct 02 10:17:20 UTC 2026","Presented Checks — Smoke > Grid","specs\Smoke\5-PresentedChecksSmoke.spec.ts","",""
"","8611","Validate session persists after page refresh","chromium","Fri Oct 02 10:28:58 UTC 2026","passed","Fri Oct 02 10:29:07 UTC 2026","Login — Smoke > Session & Security","specs\Smoke\1-LoginSmoke.spec.ts","",""
"","5045","Validate Login functionality with invalidEmailFormat","msedge","Fri Oct 02 10:12:24 UTC 2026","passed","Fri Oct 02 10:12:29 UTC 2026","Login — Smoke > Login","specs\Smoke\1-LoginSmoke.spec.ts","",""
"","7133","Home page is accessible and shows dashboard","chromium","Fri Oct 02 10:27:36 UTC 2026","passed","Fri Oct 02 10:27:43 UTC 2026","Application Navigation Smoke Tests > Top-level Navigation","specs\Smoke\2-NavigationSmoke.spec.ts","",""
"","10292","Column filter popup applies a filter and Clear restores the full row set","msedge","Fri Oct 02 10:18:47 UTC 2026","passed","Fri Oct 02 10:18:57 UTC 2026","ACH — Smoke > Column Filter","specs\Smoke\7-ACHSmoke.spec.ts","",""
"","6352","Clicking a column header sorts ascending, clicking again sorts descending","msedge","Fri Oct 02 10:16:09 UTC 2026","passed","Fri Oct 02 10:16:15 UTC 2026","Issued Checks — Smoke > Sorting","specs\Smoke\4-IssuedChecksSmoke.spec.ts","",""
"","8377","Validate Login functionality with veryLongInput","webkit","Fri Oct 02 10:13:05 UTC 2026","passed","Fri Oct 02 10:13:14 UTC 2026","Login — Smoke > Login","specs\Smoke\1-LoginSmoke.spec.ts","",""
"","5069","Validate Login functionality with emptyFields","chromium","Fri Oct 02 10:28:12 UTC 2026","passed","Fri Oct 02 10:28:17 UTC 2026","Login — Smoke > Login","specs\Smoke\1-LoginSmoke.spec.ts","",""
"","16822","Previous page button returns to page 1, First page button re-enables disabled state","webkit","Fri Oct 02 10:21:45 UTC 2026","passed","Fri Oct 02 10:22:02 UTC 2026","ACH — Smoke > Pagination","specs\Smoke\7-ACHSmoke.spec.ts","",""
"","11676","Validate Login functionality with correctCredentials","chromium","Fri Oct 02 10:27:36 UTC 2026","passed","Fri Oct 02 10:27:48 UTC 2026","Login — Smoke > Login","specs\Smoke\1-LoginSmoke.spec.ts","",""
"","20792","Save a filter preset, verify it is auto-selected, then delete it","webkit","Fri Oct 02 10:19:58 UTC 2026","passed","Fri Oct 02 10:20:19 UTC 2026","Presented Checks — Smoke > Saved Filters","specs\Smoke\5-PresentedChecksSmoke.spec.ts","",""
"","4492","Clicking a column header sorts ascending, clicking again sorts descending","chromium","Fri Oct 02 10:35:55 UTC 2026","passed","Fri Oct 02 10:36:00 UTC 2026","Exceptions — Smoke > Exception History > Sorting","specs\Smoke\8-ExceptionsSmoke.spec.ts","",""
"","6170","Validate teller presented-check form shows all required fields","msedge","Fri Oct 02 10:16:49 UTC 2026","passed","Fri Oct 02 10:16:55 UTC 2026","Teller — Smoke > Add Check Form","specs\Smoke\6-TellerSmoke.spec.ts","",""
"","12624","Verify profile menu shows My Info and Logout links","firefox","Fri Oct 02 10:15:48 UTC 2026","passed","Fri Oct 02 10:16:00 UTC 2026","Home Dashboard > Summary Stats","specs\Smoke\3-HomeDashboardSmoke.spec.ts","",""
"","5909","Verify profile menu shows My Info and Logout links","chromium","Fri Oct 02 10:30:31 UTC 2026","passed","Fri Oct 02 10:30:37 UTC 2026","Home Dashboard > Summary Stats","specs\Smoke\3-HomeDashboardSmoke.spec.ts","",""
"","12189","Validate Login functionality with missingUsername","webkit","Fri Oct 02 10:12:33 UTC 2026","passed","Fri Oct 02 10:12:46 UTC 2026","Login — Smoke > Login","specs\Smoke\1-LoginSmoke.spec.ts","",""
"","5038","Validate Login functionality with missingUsername","firefox","Fri Oct 02 10:12:10 UTC 2026","passed","Fri Oct 02 10:12:15 UTC 2026","Login — Smoke > Login","specs\Smoke\1-LoginSmoke.spec.ts","",""
"","17670","Previous page button returns to page 1, First page button re-enables disabled state","webkit","Fri Oct 02 10:23:29 UTC 2026","passed","Fri Oct 02 10:23:46 UTC 2026","Exceptions — Smoke > Exception History > Pagination","specs\Smoke\8-ExceptionsSmoke.spec.ts","",""
"","5098","Account Settings sub-page loads correctly","msedge","Fri Oct 02 10:12:44 UTC 2026","passed","Fri Oct 02 10:12:49 UTC 2026","Application Navigation Smoke Tests > Settings Sub-navigation","specs\Smoke\2-NavigationSmoke.spec.ts","",""
"","7251","Verify Home dashboard is restored after returning from another page","msedge","Fri Oct 02 10:14:57 UTC 2026","passed","Fri Oct 02 10:15:04 UTC 2026","Home Dashboard > Summary Stats","specs\Smoke\3-HomeDashboardSmoke.spec.ts","",""
"","5234","Holiday Schedules sub-page loads correctly","msedge","Fri Oct 02 10:13:21 UTC 2026","passed","Fri Oct 02 10:13:26 UTC 2026","Application Navigation Smoke Tests > Settings Sub-navigation","specs\Smoke\2-NavigationSmoke.spec.ts","",""
"","7401","Verify navigation to Presented Checks via nav menu","msedge","Fri Oct 02 10:15:10 UTC 2026","passed","Fri Oct 02 10:15:17 UTC 2026","Home Dashboard > Navigation from Dashboard","specs\Smoke\3-HomeDashboardSmoke.spec.ts","",""
"","12123","Validate Login functionality with incorrectUsername","webkit","Fri Oct 02 10:11:50 UTC 2026","passed","Fri Oct 02 10:12:02 UTC 2026","Login — Smoke > Login","specs\Smoke\1-LoginSmoke.spec.ts","",""
"","7859","Next page arrow advances to page 2","chromium","Fri Oct 02 10:34:40 UTC 2026","passed","Fri Oct 02 10:34:48 UTC 2026","Exceptions — Smoke > Exception History > Pagination","specs\Smoke\8-ExceptionsSmoke.spec.ts","",""
"","8428","System Log sub-page loads correctly","firefox","Fri Oct 02 10:15:01 UTC 2026","passed","Fri Oct 02 10:15:10 UTC 2026","Application Navigation Smoke Tests > Settings Sub-navigation","specs\Smoke\2-NavigationSmoke.spec.ts","",""
"","9733","Validate Login functionality with invalidEmailFormat","webkit","Fri Oct 02 10:12:02 UTC 2026","passed","Fri Oct 02 10:12:12 UTC 2026","Login — Smoke > Login","specs\Smoke\1-LoginSmoke.spec.ts","",""
"","10114","Verify ACH Only tab shows ACH-specific chart sections","webkit","Fri Oct 02 10:15:01 UTC 2026","passed","Fri Oct 02 10:15:11 UTC 2026","Home Dashboard > Dashboard Chart Headings","specs\Smoke\3-HomeDashboardSmoke.spec.ts","",""
"","7301","Validate Login functionality with caseSensitiveEmail","chromium","Fri Oct 02 10:27:49 UTC 2026","passed","Fri Oct 02 10:27:57 UTC 2026","Login — Smoke > Login","specs\Smoke\1-LoginSmoke.spec.ts","",""
"","21768","Save a filter preset, verify it is auto-selected, then delete it","webkit","Fri Oct 02 10:22:11 UTC 2026","passed","Fri Oct 02 10:22:33 UTC 2026","ACH — Smoke > Saved Filters","specs\Smoke\7-ACHSmoke.spec.ts","",""
"","6293","Issued Checks breadcrumb link is visible on the page","msedge","Fri Oct 02 10:16:43 UTC 2026","passed","Fri Oct 02 10:16:49 UTC 2026","Issued Checks — Smoke > Breadcrumb","specs\Smoke\4-IssuedChecksSmoke.spec.ts","",""
"","10544","Verify navigation to Settings via nav menu","firefox","Fri Oct 02 10:16:54 UTC 2026","passed","Fri Oct 02 10:17:05 UTC 2026","Home Dashboard > Navigation from Dashboard","specs\Smoke\3-HomeDashboardSmoke.spec.ts","",""
"","10165","Issued Checks breadcrumb link is visible on the page","webkit","Fri Oct 02 10:19:24 UTC 2026","passed","Fri Oct 02 10:19:34 UTC 2026","Issued Checks — Smoke > Breadcrumb","specs\Smoke\4-IssuedChecksSmoke.spec.ts","",""
"","7251","Verify dashboard tab checked state updates correctly","msedge","Fri Oct 02 10:14:05 UTC 2026","passed","Fri Oct 02 10:14:12 UTC 2026","Home Dashboard > Dashboard Chart Headings","specs\Smoke\3-HomeDashboardSmoke.spec.ts","",""
"","13060","Last page arrow jumps to the final page","firefox","Fri Oct 02 10:21:58 UTC 2026","passed","Fri Oct 02 10:22:11 UTC 2026","ACH — Smoke > Pagination","specs\Smoke\7-ACHSmoke.spec.ts","",""
"","10831","Verify navigation to Settings via nav menu","webkit","Fri Oct 02 10:17:39 UTC 2026","passed","Fri Oct 02 10:17:50 UTC 2026","Home Dashboard > Navigation from Dashboard","specs\Smoke\3-HomeDashboardSmoke.spec.ts","",""
"","7617","Page size change to 10 updates pagination info in bottom-right pager","chromium","Fri Oct 02 10:31:57 UTC 2026","passed","Fri Oct 02 10:32:04 UTC 2026","Presented Checks — Smoke > Pagination","specs\Smoke\5-PresentedChecksSmoke.spec.ts","",""
"","9908","Next page arrow advances to page 2","webkit","Fri Oct 02 10:19:03 UTC 2026","passed","Fri Oct 02 10:19:13 UTC 2026","Presented Checks — Smoke > Pagination","specs\Smoke\5-PresentedChecksSmoke.spec.ts","",""
"","6272","Presented Checks breadcrumb link is visible on the page","chromium","Fri Oct 02 10:33:56 UTC 2026","passed","Fri Oct 02 10:34:02 UTC 2026","Presented Checks — Smoke > Breadcrumb","specs\Smoke\5-PresentedChecksSmoke.spec.ts","",""
"","11027","Default filter auto-applies after logout and re-login","firefox","Fri Oct 02 10:18:29 UTC 2026","skipped","Fri Oct 02 10:18:40 UTC 2026","Issued Checks — Smoke > Saved Filters > Default Filter","specs\Smoke\4-IssuedChecksSmoke.spec.ts","",""
"","5103","Open Exceptions page loads with either exception cards or the empty-state message","webkit","Fri Oct 02 10:25:01 UTC 2026","passed","Fri Oct 02 10:25:06 UTC 2026","Exceptions — Smoke > Open Exceptions","specs\Smoke\8-ExceptionsSmoke.spec.ts","",""
"","9187","""+ Add Check"" navigates to the add-check form","chromium","Fri Oct 02 10:31:28 UTC 2026","passed","Fri Oct 02 10:31:37 UTC 2026","Presented Checks — Smoke > Navigation","specs\Smoke\5-PresentedChecksSmoke.spec.ts","",""
"","7162","Validate forgot password with unregistered email","firefox","Fri Oct 02 10:12:53 UTC 2026","passed","Fri Oct 02 10:13:00 UTC 2026","Login — Smoke > Forgot Password","specs\Smoke\1-LoginSmoke.spec.ts","",""
"","7174","Saved Filters dropdown is visible and defaults to no preset","msedge","Fri Oct 02 10:19:22 UTC 2026","passed","Fri Oct 02 10:19:29 UTC 2026","Exceptions — Smoke > Exception History > Saved Filters","specs\Smoke\8-ExceptionsSmoke.spec.ts","",""
"","386","Default filter auto-applies after logout and re-login","msedge","Fri Oct 02 10:19:39 UTC 2026","skipped","Fri Oct 02 10:19:39 UTC 2026","Exceptions — Smoke > Exception History > Saved Filters > Default Filter","specs\Smoke\8-ExceptionsSmoke.spec.ts","",""
"","9067","Validate Login functionality with caseSensitiveEmail","firefox","Fri Oct 02 10:11:35 UTC 2026","passed","Fri Oct 02 10:11:44 UTC 2026","Login — Smoke > Login","specs\Smoke\1-LoginSmoke.spec.ts","",""
"","14351","Previous page button returns to page 1, First page button re-enables disabled state","chromium","Fri Oct 02 10:32:24 UTC 2026","passed","Fri Oct 02 10:32:38 UTC 2026","Presented Checks — Smoke > Pagination","specs\Smoke\5-PresentedChecksSmoke.spec.ts","",""
"","19699","""Uploaded Checks"" navigates to the uploads page","firefox","Fri Oct 02 10:17:42 UTC 2026","passed","Fri Oct 02 10:18:02 UTC 2026","Presented Checks — Smoke > Navigation","specs\Smoke\5-PresentedChecksSmoke.spec.ts","",""
"","14661","Column filter popup applies a filter and Clear restores the full row set","firefox","Fri Oct 02 10:20:22 UTC 2026","passed","Fri Oct 02 10:20:37 UTC 2026","Presented Checks — Smoke > Column Filter","specs\Smoke\5-PresentedChecksSmoke.spec.ts","",""
"","11927","Typing a page number navigates to that page","webkit","Fri Oct 02 10:17:14 UTC 2026","passed","Fri Oct 02 10:17:26 UTC 2026","Issued Checks — Smoke > Pagination","specs\Smoke\4-IssuedChecksSmoke.spec.ts","",""
"","3929","Pre-Decisions page loads with either records or the empty-state message","webkit","Fri Oct 02 10:25:16 UTC 2026","passed","Fri Oct 02 10:25:20 UTC 2026","Exceptions — Smoke > Pre-Decisions","specs\Smoke\8-ExceptionsSmoke.spec.ts","",""
"","9157","Roles/Permissions sub-page loads correctly","webkit","Fri Oct 02 10:12:57 UTC 2026","passed","Fri Oct 02 10:13:07 UTC 2026","Application Navigation Smoke Tests > Settings Sub-navigation","specs\Smoke\2-NavigationSmoke.spec.ts","",""
"","10812","""View"" (Change Log) link on a row navigates to the entity log","webkit","Fri Oct 02 10:21:07 UTC 2026","passed","Fri Oct 02 10:21:18 UTC 2026","Presented Checks — Smoke > Row Actions","specs\Smoke\5-PresentedChecksSmoke.spec.ts","",""
"","6600","ACH Approval Rules sub-page loads correctly","firefox","Fri Oct 02 10:14:39 UTC 2026","passed","Fri Oct 02 10:14:46 UTC 2026","Application Navigation Smoke Tests > Settings Sub-navigation","specs\Smoke\2-NavigationSmoke.spec.ts","",""
"","4652","Validate Login functionality with emptyFields","firefox","Fri Oct 02 10:12:01 UTC 2026","passed","Fri Oct 02 10:12:06 UTC 2026","Login — Smoke > Login","specs\Smoke\1-LoginSmoke.spec.ts","",""
"","5295","Validate Login functionality with invalidEmailFormat","chromium","Fri Oct 02 10:28:07 UTC 2026","passed","Fri Oct 02 10:28:12 UTC 2026","Login — Smoke > Login","specs\Smoke\1-LoginSmoke.spec.ts","",""
"","5539","Excel export button is visible and enabled","msedge","Fri Oct 02 10:15:04 UTC 2026","passed","Fri Oct 02 10:15:10 UTC 2026","Issued Checks — Smoke > Toolbar","specs\Smoke\4-IssuedChecksSmoke.spec.ts","",""
"","9176","Verify Total Exceptions and Total Exception Amount labels are visible","firefox","Fri Oct 02 10:15:08 UTC 2026","passed","Fri Oct 02 10:15:18 UTC 2026","Home Dashboard > Summary Stats","specs\Smoke\3-HomeDashboardSmoke.spec.ts","",""
"","8499","Check Approval Rules sub-page loads correctly","webkit","Fri Oct 02 10:14:12 UTC 2026","passed","Fri Oct 02 10:14:20 UTC 2026","Application Navigation Smoke Tests > Settings Sub-navigation","specs\Smoke\2-NavigationSmoke.spec.ts","",""
"","12575","""Delete"" on a row shows a confirm modal; Cancel dismisses it without deleting","firefox","Fri Oct 02 10:24:01 UTC 2026","passed","Fri Oct 02 10:24:14 UTC 2026","ACH — Smoke > Row Actions","specs\Smoke\7-ACHSmoke.spec.ts","",""
"","15141","Search box filters grid and clears correctly","webkit","Fri Oct 02 10:22:14 UTC 2026","passed","Fri Oct 02 10:22:29 UTC 2026","Exceptions — Smoke > Exception History > Toolbar","specs\Smoke\8-ExceptionsSmoke.spec.ts","",""
"","12520","""View"" (Change Log) link on a row navigates to the entity log","chromium","Fri Oct 02 10:32:24 UTC 2026","passed","Fri Oct 02 10:32:36 UTC 2026","Issued Checks — Smoke > Row Actions","specs\Smoke\4-IssuedChecksSmoke.spec.ts","",""
"","14132","Saved Filters dropdown is visible and defaults to no preset","firefox","Fri Oct 02 10:17:56 UTC 2026","passed","Fri Oct 02 10:18:10 UTC 2026","Issued Checks — Smoke > Saved Filters","specs\Smoke\4-IssuedChecksSmoke.spec.ts","",""
"","6524","Verify ACH Only tab shows ACH-specific chart sections","msedge","Fri Oct 02 10:13:58 UTC 2026","passed","Fri Oct 02 10:14:05 UTC 2026","Home Dashboard > Dashboard Chart Headings","specs\Smoke\3-HomeDashboardSmoke.spec.ts","",""
"","11406","Save a filter preset, verify it is auto-selected, then delete it","msedge","Fri Oct 02 10:15:52 UTC 2026","passed","Fri Oct 02 10:16:03 UTC 2026","Issued Checks — Smoke > Saved Filters","specs\Smoke\4-IssuedChecksSmoke.spec.ts","",""
"","5179","Saved Filters dropdown is visible and defaults to no preset","msedge","Fri Oct 02 10:16:56 UTC 2026","passed","Fri Oct 02 10:17:02 UTC 2026","Presented Checks — Smoke > Saved Filters","specs\Smoke\5-PresentedChecksSmoke.spec.ts","",""
"","5356","Verify Total Exceptions and Total Exception Amount labels are visible","msedge","Fri Oct 02 10:14:28 UTC 2026","passed","Fri Oct 02 10:14:33 UTC 2026","Home Dashboard > Summary Stats","specs\Smoke\3-HomeDashboardSmoke.spec.ts","",""
"","9099","Billing Reports sub-page loads correctly","webkit","Fri Oct 02 10:13:15 UTC 2026","passed","Fri Oct 02 10:13:24 UTC 2026","Application Navigation Smoke Tests > Settings Sub-navigation","specs\Smoke\2-NavigationSmoke.spec.ts","",""
"","5242","Verify summary KPI values have expected number formats","msedge","Fri Oct 02 10:14:33 UTC 2026","passed","Fri Oct 02 10:14:38 UTC 2026","Home Dashboard > Summary Stats","specs\Smoke\3-HomeDashboardSmoke.spec.ts","",""
"","5558","Home page is accessible and shows dashboard","msedge","Fri Oct 02 10:11:52 UTC 2026","passed","Fri Oct 02 10:11:58 UTC 2026","Application Navigation Smoke Tests > Top-level Navigation","specs\Smoke\2-NavigationSmoke.spec.ts","",""
"","12600","Verify tab-specific charts are hidden for opposite tab","webkit","Fri Oct 02 10:15:39 UTC 2026","passed","Fri Oct 02 10:15:51 UTC 2026","Home Dashboard > Dashboard Chart Headings","specs\Smoke\3-HomeDashboardSmoke.spec.ts","",""
"","17469","Column filter popup applies a filter and Clear restores the full row set","webkit","Fri Oct 02 10:22:54 UTC 2026","passed","Fri Oct 02 10:23:12 UTC 2026","ACH — Smoke > Column Filter","specs\Smoke\7-ACHSmoke.spec.ts","",""
"","6066","Grid loads with data rows and key column headers","chromium","Fri Oct 02 10:31:15 UTC 2026","passed","Fri Oct 02 10:31:21 UTC 2026","Presented Checks — Smoke > Grid","specs\Smoke\5-PresentedChecksSmoke.spec.ts","",""
"","9065","Default filter auto-applies after logout and re-login","webkit","Fri Oct 02 10:22:33 UTC 2026","skipped","Fri Oct 02 10:22:42 UTC 2026","ACH — Smoke > Saved Filters > Default Filter","specs\Smoke\7-ACHSmoke.spec.ts","",""
"","6754","Grid loads with data rows and key column headers","msedge","Fri Oct 02 10:17:01 UTC 2026","passed","Fri Oct 02 10:17:08 UTC 2026","ACH — Smoke > Grid","specs\Smoke\7-ACHSmoke.spec.ts","",""
"","6223","Excel export button is visible and enabled","msedge","Fri Oct 02 10:17:35 UTC 2026","passed","Fri Oct 02 10:17:41 UTC 2026","ACH — Smoke > Toolbar","specs\Smoke\7-ACHSmoke.spec.ts","",""
"","21198","Save a filter preset, verify it is auto-selected, then delete it","webkit","Fri Oct 02 10:17:51 UTC 2026","passed","Fri Oct 02 10:18:12 UTC 2026","Issued Checks — Smoke > Saved Filters","specs\Smoke\4-IssuedChecksSmoke.spec.ts","",""
"","5514","Default Decision Log sub-page loads correctly","chromium","Fri Oct 02 10:29:43 UTC 2026","passed","Fri Oct 02 10:29:49 UTC 2026","Application Navigation Smoke Tests > Settings Sub-navigation","specs\Smoke\2-NavigationSmoke.spec.ts","",""
"","8617","ACH Approval Rules sub-page loads correctly","webkit","Fri Oct 02 10:14:25 UTC 2026","passed","Fri Oct 02 10:14:33 UTC 2026","Application Navigation Smoke Tests > Settings Sub-navigation","specs\Smoke\2-NavigationSmoke.spec.ts","",""
"","5447","ACH page loads correctly","chromium","Fri Oct 02 10:28:12 UTC 2026","passed","Fri Oct 02 10:28:17 UTC 2026","Application Navigation Smoke Tests > Top-level Navigation","specs\Smoke\2-NavigationSmoke.spec.ts","",""
"","10549","""Uploaded Checks"" navigates to the uploads page","webkit","Fri Oct 02 10:18:21 UTC 2026","passed","Fri Oct 02 10:18:32 UTC 2026","Presented Checks — Smoke > Navigation","specs\Smoke\5-PresentedChecksSmoke.spec.ts","",""
"","5078","Validate unauthenticated access to protected route is redirected to login","chromium","Fri Oct 02 10:29:07 UTC 2026","passed","Fri Oct 02 10:29:12 UTC 2026","Login — Smoke > Session & Security","specs\Smoke\1-LoginSmoke.spec.ts","",""
"","12689","Last page arrow jumps to the final page","firefox","Fri Oct 02 10:18:48 UTC 2026","passed","Fri Oct 02 10:19:01 UTC 2026","Presented Checks — Smoke > Pagination","specs\Smoke\5-PresentedChecksSmoke.spec.ts","",""
"","14824","Default filter auto-applies after logout and re-login","firefox","Fri Oct 02 10:19:56 UTC 2026","skipped","Fri Oct 02 10:20:11 UTC 2026","Presented Checks — Smoke > Saved Filters > Default Filter","specs\Smoke\5-PresentedChecksSmoke.spec.ts","",""
"","9983","Presented Checks page loads correctly","firefox","Fri Oct 02 10:11:51 UTC 2026","passed","Fri Oct 02 10:12:01 UTC 2026","Application Navigation Smoke Tests > Top-level Navigation","specs\Smoke\2-NavigationSmoke.spec.ts","",""
"","16145","Save a filter preset, verify it is auto-selected, then delete it","msedge","Fri Oct 02 10:17:02 UTC 2026","passed","Fri Oct 02 10:17:18 UTC 2026","Presented Checks — Smoke > Saved Filters","specs\Smoke\5-PresentedChecksSmoke.spec.ts","",""
"","9801","Verify dashboard tab checked state updates correctly","firefox","Fri Oct 02 10:14:29 UTC 2026","passed","Fri Oct 02 10:14:39 UTC 2026","Home Dashboard > Dashboard Chart Headings","specs\Smoke\3-HomeDashboardSmoke.spec.ts","",""
"","12900","Validate Login functionality with correctCredentials","msedge","Fri Oct 02 10:11:53 UTC 2026","passed","Fri Oct 02 10:12:06 UTC 2026","Login — Smoke > Login","specs\Smoke\1-LoginSmoke.spec.ts","",""
"","9722","Default filter auto-applies after logout and re-login","webkit","Fri Oct 02 10:18:12 UTC 2026","skipped","Fri Oct 02 10:18:22 UTC 2026","Issued Checks — Smoke > Saved Filters > Default Filter","specs\Smoke\4-IssuedChecksSmoke.spec.ts","",""
"","7542","Previous page button returns to page 1, First page button re-enables disabled state","chromium","Fri Oct 02 10:31:15 UTC 2026","passed","Fri Oct 02 10:31:22 UTC 2026","Issued Checks — Smoke > Pagination","specs\Smoke\4-IssuedChecksSmoke.spec.ts","",""
"","17732","Clicking a column header sorts ascending, clicking again sorts descending","firefox","Fri Oct 02 10:24:10 UTC 2026","passed","Fri Oct 02 10:24:27 UTC 2026","Exceptions — Smoke > Exception History > Sorting","specs\Smoke\8-ExceptionsSmoke.spec.ts","",""
"","4555","Automatic ACH Decision Rules sub-page loads correctly","webkit","Fri Oct 02 10:14:20 UTC 2026","passed","Fri Oct 02 10:14:25 UTC 2026","Application Navigation Smoke Tests > Settings Sub-navigation","specs\Smoke\2-NavigationSmoke.spec.ts","",""
"","9052","File Formats sub-page loads correctly","webkit","Fri Oct 02 10:13:43 UTC 2026","passed","Fri Oct 02 10:13:52 UTC 2026","Application Navigation Smoke Tests > Settings Sub-navigation","specs\Smoke\2-NavigationSmoke.spec.ts","",""
"","8499","Saved Filters dropdown is visible and defaults to no preset","webkit","Fri Oct 02 10:19:49 UTC 2026","passed","Fri Oct 02 10:19:58 UTC 2026","Presented Checks — Smoke > Saved Filters","specs\Smoke\5-PresentedChecksSmoke.spec.ts","",""
"","5482","Saved Filters dropdown is visible and defaults to no preset","chromium","Fri Oct 02 10:34:11 UTC 2026","passed","Fri Oct 02 10:34:17 UTC 2026","ACH — Smoke > Saved Filters","specs\Smoke\7-ACHSmoke.spec.ts","",""
"","6388","Verify navigation to Settings via nav menu","chromium","Fri Oct 02 10:31:08 UTC 2026","passed","Fri Oct 02 10:31:15 UTC 2026","Home Dashboard > Navigation from Dashboard","specs\Smoke\3-HomeDashboardSmoke.spec.ts","",""
"","9809","Verify navigation to Exceptions via nav menu","firefox","Fri Oct 02 10:16:44 UTC 2026","passed","Fri Oct 02 10:16:54 UTC 2026","Home Dashboard > Navigation from Dashboard","specs\Smoke\3-HomeDashboardSmoke.spec.ts","",""
"","9383","""Uploaded Checks"" navigates to the uploads page","webkit","Fri Oct 02 10:16:04 UTC 2026","passed","Fri Oct 02 10:16:13 UTC 2026","Issued Checks — Smoke > Navigation","specs\Smoke\4-IssuedChecksSmoke.spec.ts","",""
"","15243","""Delete"" on a row shows a confirm modal; Cancel dismisses it without deleting","firefox","Fri Oct 02 10:19:36 UTC 2026","passed","Fri Oct 02 10:19:51 UTC 2026","Issued Checks — Smoke > Row Actions","specs\Smoke\4-IssuedChecksSmoke.spec.ts","",""
"","10297","Pay/Return decision badge navigates to exception history","firefox","Fri Oct 02 10:21:12 UTC 2026","passed","Fri Oct 02 10:21:23 UTC 2026","Presented Checks — Smoke > Row Actions","specs\Smoke\5-PresentedChecksSmoke.spec.ts","",""
"","10895","Last page arrow jumps to the final page","webkit","Fri Oct 02 10:19:13 UTC 2026","passed","Fri Oct 02 10:19:23 UTC 2026","Presented Checks — Smoke > Pagination","specs\Smoke\5-PresentedChecksSmoke.spec.ts","",""
"","9882","Save a filter preset, verify it is auto-selected, then delete it","chromium","Fri Oct 02 10:31:28 UTC 2026","passed","Fri Oct 02 10:31:38 UTC 2026","Issued Checks — Smoke > Saved Filters","specs\Smoke\4-IssuedChecksSmoke.spec.ts","",""
"","5713","Presented Checks page loads correctly","msedge","Fri Oct 02 10:12:17 UTC 2026","passed","Fri Oct 02 10:12:22 UTC 2026","Application Navigation Smoke Tests > Top-level Navigation","specs\Smoke\2-NavigationSmoke.spec.ts","",""
"","6326","Issued Checks breadcrumb link is visible on the page","chromium","Fri Oct 02 10:32:43 UTC 2026","passed","Fri Oct 02 10:32:49 UTC 2026","Issued Checks — Smoke > Breadcrumb","specs\Smoke\4-IssuedChecksSmoke.spec.ts","",""
"","5848","""Uploaded Checks"" navigates to the uploads page","chromium","Fri Oct 02 10:30:32 UTC 2026","passed","Fri Oct 02 10:30:37 UTC 2026","Issued Checks — Smoke > Navigation","specs\Smoke\4-IssuedChecksSmoke.spec.ts","",""
"","5505","Validate forgot password functionality","chromium","Fri Oct 02 10:28:43 UTC 2026","passed","Fri Oct 02 10:28:48 UTC 2026","Login — Smoke > Forgot Password","specs\Smoke\1-LoginSmoke.spec.ts","",""
"","11359","Excel export button is visible and enabled","firefox","Fri Oct 02 10:16:46 UTC 2026","passed","Fri Oct 02 10:16:57 UTC 2026","Issued Checks — Smoke > Toolbar","specs\Smoke\4-IssuedChecksSmoke.spec.ts","",""
"","11574","Grid loads with data rows and key column headers","webkit","Fri Oct 02 10:19:57 UTC 2026","passed","Fri Oct 02 10:20:09 UTC 2026","ACH — Smoke > Grid","specs\Smoke\7-ACHSmoke.spec.ts","",""
"","5635","Automatic Check Decision Rules sub-page loads correctly","msedge","Fri Oct 02 10:13:36 UTC 2026","passed","Fri Oct 02 10:13:42 UTC 2026","Application Navigation Smoke Tests > Settings Sub-navigation","specs\Smoke\2-NavigationSmoke.spec.ts","",""
"","9567","Decision Files sub-page loads correctly","webkit","Fri Oct 02 10:13:24 UTC 2026","passed","Fri Oct 02 10:13:34 UTC 2026","Application Navigation Smoke Tests > Settings Sub-navigation","specs\Smoke\2-NavigationSmoke.spec.ts","",""
"","9027","Web Hooks sub-page loads correctly","webkit","Fri Oct 02 10:15:20 UTC 2026","passed","Fri Oct 02 10:15:29 UTC 2026","Application Navigation Smoke Tests > Settings Sub-navigation","specs\Smoke\2-NavigationSmoke.spec.ts","",""
"","19134","Pay/Return decision badge navigates to exception history","firefox","Fri Oct 02 10:24:14 UTC 2026","passed","Fri Oct 02 10:24:33 UTC 2026","ACH — Smoke > Row Actions","specs\Smoke\7-ACHSmoke.spec.ts","",""
"","8654","Column filter popup applies a filter and Clear restores the full row set","msedge","Fri Oct 02 10:16:15 UTC 2026","passed","Fri Oct 02 10:16:24 UTC 2026","Issued Checks — Smoke > Column Filter","specs\Smoke\4-IssuedChecksSmoke.spec.ts","",""
"","5259","Pre-Decisions page loads with either records or the empty-state message","msedge","Fri Oct 02 10:20:32 UTC 2026","passed","Fri Oct 02 10:20:37 UTC 2026","Exceptions — Smoke > Pre-Decisions","specs\Smoke\8-ExceptionsSmoke.spec.ts","",""
"","14498","Previous page button returns to page 1, First page button re-enables disabled state","firefox","Fri Oct 02 10:23:22 UTC 2026","passed","Fri Oct 02 10:23:36 UTC 2026","Exceptions — Smoke > Exception History > Pagination","specs\Smoke\8-ExceptionsSmoke.spec.ts","",""
"","5673","Excel export button is visible and enabled","chromium","Fri Oct 02 10:30:44 UTC 2026","passed","Fri Oct 02 10:30:50 UTC 2026","Issued Checks — Smoke > Toolbar","specs\Smoke\4-IssuedChecksSmoke.spec.ts","",""
"","4739","Exceptions breadcrumb link is visible on the page","webkit","Fri Oct 02 10:24:51 UTC 2026","passed","Fri Oct 02 10:24:56 UTC 2026","Exceptions — Smoke > Exception History > Breadcrumb","specs\Smoke\8-ExceptionsSmoke.spec.ts","",""
"","5934","Verify dashboard footer footnote and privacy link are visible","msedge","Fri Oct 02 10:14:44 UTC 2026","passed","Fri Oct 02 10:14:50 UTC 2026","Home Dashboard > Summary Stats","specs\Smoke\3-HomeDashboardSmoke.spec.ts","",""
"","8037","Verify chart title changes with selected tab","msedge","Fri Oct 02 10:14:12 UTC 2026","passed","Fri Oct 02 10:14:20 UTC 2026","Home Dashboard > Dashboard Chart Headings","specs\Smoke\3-HomeDashboardSmoke.spec.ts","",""
"","6319","Next page arrow advances to page 2","chromium","Fri Oct 02 10:33:44 UTC 2026","passed","Fri Oct 02 10:33:50 UTC 2026","ACH — Smoke > Pagination","specs\Smoke\7-ACHSmoke.spec.ts","",""
"","23107","Default filter auto-applies after logout and re-login","chromium","Fri Oct 02 10:32:54 UTC 2026","passed","Fri Oct 02 10:33:17 UTC 2026","Presented Checks — Smoke > Saved Filters > Default Filter","specs\Smoke\5-PresentedChecksSmoke.spec.ts","",""
"","6568","Verify all three dashboard view tabs are visible","msedge","Fri Oct 02 10:13:39 UTC 2026","passed","Fri Oct 02 10:13:46 UTC 2026","Home Dashboard > Page Load","specs\Smoke\3-HomeDashboardSmoke.spec.ts","",""
"","14009","Search box filters grid and clears correctly","webkit","Fri Oct 02 10:20:39 UTC 2026","passed","Fri Oct 02 10:20:53 UTC 2026","ACH — Smoke > Toolbar","specs\Smoke\7-ACHSmoke.spec.ts","",""
"","10464","Holiday Schedules sub-page loads correctly","firefox","Fri Oct 02 10:13:46 UTC 2026","passed","Fri Oct 02 10:13:56 UTC 2026","Application Navigation Smoke Tests > Settings Sub-navigation","specs\Smoke\2-NavigationSmoke.spec.ts","",""
"","3797","Approvals page loads with either records or the empty-state message","chromium","Fri Oct 02 10:36:43 UTC 2026","passed","Fri Oct 02 10:36:47 UTC 2026","Exceptions — Smoke > Approvals","specs\Smoke\8-ExceptionsSmoke.spec.ts","",""
"","8488","Verify Total Exceptions and Total Exception Amount labels are visible","webkit","Fri Oct 02 10:15:51 UTC 2026","passed","Fri Oct 02 10:16:00 UTC 2026","Home Dashboard > Summary Stats","specs\Smoke\3-HomeDashboardSmoke.spec.ts","",""
"","14474","Exception History grid loads with data rows and key column headers","firefox","Fri Oct 02 10:21:34 UTC 2026","passed","Fri Oct 02 10:21:49 UTC 2026","Exceptions — Smoke > Exception History > Grid","specs\Smoke\8-ExceptionsSmoke.spec.ts","",""
"","15147","Save a filter preset, verify it is auto-selected, then delete it","chromium","Fri Oct 02 10:35:19 UTC 2026","passed","Fri Oct 02 10:35:34 UTC 2026","Exceptions — Smoke > Exception History > Saved Filters","specs\Smoke\8-ExceptionsSmoke.spec.ts","",""
"","9855","Page size change to 10 updates pagination info in bottom-right pager","webkit","Fri Oct 02 10:21:02 UTC 2026","passed","Fri Oct 02 10:21:12 UTC 2026","ACH — Smoke > Pagination","specs\Smoke\7-ACHSmoke.spec.ts","",""
"","11342","""View"" (Change Log) link on a row navigates to the entity log","firefox","Fri Oct 02 10:23:50 UTC 2026","passed","Fri Oct 02 10:24:01 UTC 2026","ACH — Smoke > Row Actions","specs\Smoke\7-ACHSmoke.spec.ts","",""
"","13984","Grid loads with data rows and key column headers","firefox","Fri Oct 02 10:15:38 UTC 2026","passed","Fri Oct 02 10:15:52 UTC 2026","Issued Checks — Smoke > Grid","specs\Smoke\4-IssuedChecksSmoke.spec.ts","",""
"","7754","Validate Login functionality with veryLongInput","firefox","Fri Oct 02 10:12:32 UTC 2026","passed","Fri Oct 02 10:12:40 UTC 2026","Login — Smoke > Login","specs\Smoke\1-LoginSmoke.spec.ts","",""
"","6383","Default filter auto-applies after logout and re-login","msedge","Fri Oct 02 10:18:33 UTC 2026","skipped","Fri Oct 02 10:18:39 UTC 2026","ACH — Smoke > Saved Filters > Default Filter","specs\Smoke\7-ACHSmoke.spec.ts","",""
"","5585","API link is visible and points to swagger","msedge","Fri Oct 02 10:14:23 UTC 2026","passed","Fri Oct 02 10:14:28 UTC 2026","Application Navigation Smoke Tests > Settings Sub-navigation","specs\Smoke\2-NavigationSmoke.spec.ts","",""
"","8231","Presented Checks breadcrumb link is visible on the page","webkit","Fri Oct 02 10:21:41 UTC 2026","passed","Fri Oct 02 10:21:49 UTC 2026","Presented Checks — Smoke > Breadcrumb","specs\Smoke\5-PresentedChecksSmoke.spec.ts","",""
"","4454","File Formats sub-page loads correctly","chromium","Fri Oct 02 10:29:09 UTC 2026","passed","Fri Oct 02 10:29:13 UTC 2026","Application Navigation Smoke Tests > Settings Sub-navigation","specs\Smoke\2-NavigationSmoke.spec.ts","",""
"","11399","Page size change to 10 updates pagination info in bottom-right pager","firefox","Fri Oct 02 10:18:23 UTC 2026","passed","Fri Oct 02 10:18:34 UTC 2026","Presented Checks — Smoke > Pagination","specs\Smoke\5-PresentedChecksSmoke.spec.ts","",""
"","6997","Verify chart title changes with selected tab","chromium","Fri Oct 02 10:29:55 UTC 2026","passed","Fri Oct 02 10:30:02 UTC 2026","Home Dashboard > Dashboard Chart Headings","specs\Smoke\3-HomeDashboardSmoke.spec.ts","",""
"","8891","Open Exceptions page loads with either exception cards or the empty-state message","chromium","Fri Oct 02 10:36:28 UTC 2026","passed","Fri Oct 02 10:36:37 UTC 2026","Exceptions — Smoke > Open Exceptions","specs\Smoke\8-ExceptionsSmoke.spec.ts","",""
"","11959","Verify delayed data note and force refresh link are visible on dashboard","webkit","Fri Oct 02 10:16:08 UTC 2026","passed","Fri Oct 02 10:16:20 UTC 2026","Home Dashboard > Summary Stats","specs\Smoke\3-HomeDashboardSmoke.spec.ts","",""
"","5007","Clicking a column header sorts ascending, clicking again sorts descending","msedge","Fri Oct 02 10:19:39 UTC 2026","passed","Fri Oct 02 10:19:44 UTC 2026","Exceptions — Smoke > Exception History > Sorting","specs\Smoke\8-ExceptionsSmoke.spec.ts","",""
"","3837","Pre-Decisions page loads with either records or the empty-state message","chromium","Fri Oct 02 10:36:47 UTC 2026","passed","Fri Oct 02 10:36:51 UTC 2026","Exceptions — Smoke > Pre-Decisions","specs\Smoke\8-ExceptionsSmoke.spec.ts","",""
"","13266","""+ Add Check"" navigates to the add-check form","firefox","Fri Oct 02 10:16:07 UTC 2026","passed","Fri Oct 02 10:16:20 UTC 2026","Issued Checks — Smoke > Navigation","specs\Smoke\4-IssuedChecksSmoke.spec.ts","",""
"","10979","Search box filters grid and clears correctly","msedge","Fri Oct 02 10:18:22 UTC 2026","passed","Fri Oct 02 10:18:33 UTC 2026","Exceptions — Smoke > Exception History > Toolbar","specs\Smoke\8-ExceptionsSmoke.spec.ts","",""
"","1032","Default filter auto-applies after logout and re-login","firefox","Fri Oct 02 10:24:08 UTC 2026","skipped","Fri Oct 02 10:24:10 UTC 2026","Exceptions — Smoke > Exception History > Saved Filters > Default Filter","specs\Smoke\8-ExceptionsSmoke.spec.ts","",""
"","7400","Verify dashboard tab checked state updates correctly","chromium","Fri Oct 02 10:29:47 UTC 2026","passed","Fri Oct 02 10:29:55 UTC 2026","Home Dashboard > Dashboard Chart Headings","specs\Smoke\3-HomeDashboardSmoke.spec.ts","",""
"","17898","Save a filter preset, verify it is auto-selected, then delete it","firefox","Fri Oct 02 10:22:52 UTC 2026","passed","Fri Oct 02 10:23:10 UTC 2026","ACH — Smoke > Saved Filters","specs\Smoke\7-ACHSmoke.spec.ts","",""
"","6191","Presented Checks breadcrumb link is visible on the page","msedge","Fri Oct 02 10:18:03 UTC 2026","passed","Fri Oct 02 10:18:10 UTC 2026","Presented Checks — Smoke > Breadcrumb","specs\Smoke\5-PresentedChecksSmoke.spec.ts","",""
"","813","Default filter auto-applies after logout and re-login","webkit","Fri Oct 02 10:24:19 UTC 2026","skipped","Fri Oct 02 10:24:19 UTC 2026","Exceptions — Smoke > Exception History > Saved Filters > Default Filter","specs\Smoke\8-ExceptionsSmoke.spec.ts","",""
"","4944","Exceptions page loads correctly","chromium","Fri Oct 02 10:28:17 UTC 2026","passed","Fri Oct 02 10:28:22 UTC 2026","Application Navigation Smoke Tests > Top-level Navigation","specs\Smoke\2-NavigationSmoke.spec.ts","",""
"","10068","Previous page button returns to page 1, First page button re-enables disabled state","chromium","Fri Oct 02 10:35:04 UTC 2026","passed","Fri Oct 02 10:35:14 UTC 2026","Exceptions — Smoke > Exception History > Pagination","specs\Smoke\8-ExceptionsSmoke.spec.ts","",""
"","4975","Validate Login functionality with veryLongInput","chromium","Fri Oct 02 10:28:38 UTC 2026","passed","Fri Oct 02 10:28:43 UTC 2026","Login — Smoke > Login","specs\Smoke\1-LoginSmoke.spec.ts","",""
"","5269","Saved Filters dropdown is visible and defaults to no preset","chromium","Fri Oct 02 10:35:14 UTC 2026","passed","Fri Oct 02 10:35:19 UTC 2026","Exceptions — Smoke > Exception History > Saved Filters","specs\Smoke\8-ExceptionsSmoke.spec.ts","",""
"","15811","Verify ACH Only tab shows ACH-specific chart sections","firefox","Fri Oct 02 10:14:13 UTC 2026","passed","Fri Oct 02 10:14:29 UTC 2026","Home Dashboard > Dashboard Chart Headings","specs\Smoke\3-HomeDashboardSmoke.spec.ts","",""
"","6902","""Delete"" on a row shows a confirm modal; Cancel dismisses it without deleting","msedge","Fri Oct 02 10:17:50 UTC 2026","passed","Fri Oct 02 10:17:57 UTC 2026","Presented Checks — Smoke > Row Actions","specs\Smoke\5-PresentedChecksSmoke.spec.ts","",""
"","8496","Validate session persists after page refresh","msedge","Fri Oct 02 10:13:15 UTC 2026","passed","Fri Oct 02 10:13:23 UTC 2026","Login — Smoke > Session & Security","specs\Smoke\1-LoginSmoke.spec.ts","",""
"","8270","Verify summary KPI values have expected number formats","webkit","Fri Oct 02 10:16:00 UTC 2026","passed","Fri Oct 02 10:16:08 UTC 2026","Home Dashboard > Summary Stats","specs\Smoke\3-HomeDashboardSmoke.spec.ts","",""
"","5177","Check Approval Rules sub-page loads correctly","chromium","Fri Oct 02 10:29:24 UTC 2026","passed","Fri Oct 02 10:29:30 UTC 2026","Application Navigation Smoke Tests > Settings Sub-navigation","specs\Smoke\2-NavigationSmoke.spec.ts","",""
"","9052","Verify all three dashboard view tabs are visible","webkit","Fri Oct 02 10:14:32 UTC 2026","passed","Fri Oct 02 10:14:41 UTC 2026","Home Dashboard > Page Load","specs\Smoke\3-HomeDashboardSmoke.spec.ts","",""
"","5215","Validate forgot password functionality with No email","firefox","Fri Oct 02 10:12:47 UTC 2026","passed","Fri Oct 02 10:12:53 UTC 2026","Login — Smoke > Forgot Password","specs\Smoke\1-LoginSmoke.spec.ts","",""
"","5920","Typing a page number navigates to that page","chromium","Fri Oct 02 10:31:09 UTC 2026","passed","Fri Oct 02 10:31:15 UTC 2026","Issued Checks — Smoke > Pagination","specs\Smoke\4-IssuedChecksSmoke.spec.ts","",""
"","6209","Clicking a column header sorts ascending, clicking again sorts descending","chromium","Fri Oct 02 10:32:04 UTC 2026","passed","Fri Oct 02 10:32:10 UTC 2026","Issued Checks — Smoke > Sorting","specs\Smoke\4-IssuedChecksSmoke.spec.ts","",""
"","7059","Verify navigation to Exceptions via nav menu","msedge","Fri Oct 02 10:15:24 UTC 2026","passed","Fri Oct 02 10:15:31 UTC 2026","Home Dashboard > Navigation from Dashboard","specs\Smoke\3-HomeDashboardSmoke.spec.ts","",""
"","5074","Validate forgot password functionality with No email","chromium","Fri Oct 02 10:28:48 UTC 2026","passed","Fri Oct 02 10:28:53 UTC 2026","Login — Smoke > Forgot Password","specs\Smoke\1-LoginSmoke.spec.ts","",""
"","10752","Page size change to 10 updates pagination info in bottom-right pager","firefox","Fri Oct 02 10:16:57 UTC 2026","passed","Fri Oct 02 10:17:08 UTC 2026","Issued Checks — Smoke > Pagination","specs\Smoke\4-IssuedChecksSmoke.spec.ts","",""
"","10747","Issued Checks page loads correctly","webkit","Fri Oct 02 10:11:35 UTC 2026","passed","Fri Oct 02 10:11:46 UTC 2026","Application Navigation Smoke Tests > Top-level Navigation","specs\Smoke\2-NavigationSmoke.spec.ts","",""
"","10912","Excel export button is visible and enabled","firefox","Fri Oct 02 10:21:24 UTC 2026","passed","Fri Oct 02 10:21:35 UTC 2026","ACH — Smoke > Toolbar","specs\Smoke\7-ACHSmoke.spec.ts","",""
"","4990","Validate Login functionality with sqlInjection","msedge","Fri Oct 02 10:12:44 UTC 2026","passed","Fri Oct 02 10:12:49 UTC 2026","Login — Smoke > Login","specs\Smoke\1-LoginSmoke.spec.ts","",""
"","7216","Search box filters grid and clears correctly","msedge","Fri Oct 02 10:14:57 UTC 2026","passed","Fri Oct 02 10:15:04 UTC 2026","Issued Checks — Smoke > Toolbar","specs\Smoke\4-IssuedChecksSmoke.spec.ts","",""
"","9826","Validate unauthenticated access to protected route is redirected to login","webkit","Fri Oct 02 10:14:00 UTC 2026","passed","Fri Oct 02 10:14:09 UTC 2026","Login — Smoke > Session & Security","specs\Smoke\1-LoginSmoke.spec.ts","",""
"","5995","Grid View toggle navigates to the open-exceptions grid and shows key column headers","webkit","Fri Oct 02 10:25:06 UTC 2026","passed","Fri Oct 02 10:25:12 UTC 2026","Exceptions — Smoke > Open Exceptions","specs\Smoke\8-ExceptionsSmoke.spec.ts","",""
"","10448","Saved Filters dropdown is visible and defaults to no preset","webkit","Fri Oct 02 10:23:46 UTC 2026","passed","Fri Oct 02 10:23:57 UTC 2026","Exceptions — Smoke > Exception History > Saved Filters","specs\Smoke\8-ExceptionsSmoke.spec.ts","",""
"","9877","Excel export button is visible and enabled","webkit","Fri Oct 02 10:16:26 UTC 2026","passed","Fri Oct 02 10:16:36 UTC 2026","Issued Checks — Smoke > Toolbar","specs\Smoke\4-IssuedChecksSmoke.spec.ts","",""
"","6671","""Delete"" on a row shows a confirm modal; Cancel dismisses it without deleting","msedge","Fri Oct 02 10:19:04 UTC 2026","passed","Fri Oct 02 10:19:10 UTC 2026","ACH — Smoke > Row Actions","specs\Smoke\7-ACHSmoke.spec.ts","",""
"","7812","File Processing sub-page loads correctly","firefox","Fri Oct 02 10:15:10 UTC 2026","passed","Fri Oct 02 10:15:18 UTC 2026","Application Navigation Smoke Tests > Settings Sub-navigation","specs\Smoke\2-NavigationSmoke.spec.ts","",""
"","8627","Excel export button is visible and enabled","webkit","Fri Oct 02 10:20:53 UTC 2026","passed","Fri Oct 02 10:21:02 UTC 2026","ACH — Smoke > Toolbar","specs\Smoke\7-ACHSmoke.spec.ts","",""
"","19242","Decision Files sub-page loads correctly","firefox","Fri Oct 02 10:13:27 UTC 2026","passed","Fri Oct 02 10:13:46 UTC 2026","Application Navigation Smoke Tests > Settings Sub-navigation","specs\Smoke\2-NavigationSmoke.spec.ts","",""
"","5362","Validate Login functionality with invalidEmailFormat","firefox","Fri Oct 02 10:11:56 UTC 2026","passed","Fri Oct 02 10:12:01 UTC 2026","Login — Smoke > Login","specs\Smoke\1-LoginSmoke.spec.ts","",""
"","6309","""View"" (Change Log) link on a row navigates to the entity log","msedge","Fri Oct 02 10:17:44 UTC 2026","passed","Fri Oct 02 10:17:50 UTC 2026","Presented Checks — Smoke > Row Actions","specs\Smoke\5-PresentedChecksSmoke.spec.ts","",""
"","5461","Branding sub-page loads correctly","msedge","Fri Oct 02 10:13:04 UTC 2026","passed","Fri Oct 02 10:13:10 UTC 2026","Application Navigation Smoke Tests > Settings Sub-navigation","specs\Smoke\2-NavigationSmoke.spec.ts","",""
"","12717","Last page arrow jumps to the final page","webkit","Fri Oct 02 10:17:01 UTC 2026","passed","Fri Oct 02 10:17:14 UTC 2026","Issued Checks — Smoke > Pagination","specs\Smoke\4-IssuedChecksSmoke.spec.ts","",""
"","11543","Excel export button is visible and enabled","firefox","Fri Oct 02 10:18:11 UTC 2026","passed","Fri Oct 02 10:18:23 UTC 2026","Presented Checks — Smoke > Toolbar","specs\Smoke\5-PresentedChecksSmoke.spec.ts","",""
"","8967","Presented Checks page loads correctly","webkit","Fri Oct 02 10:11:46 UTC 2026","passed","Fri Oct 02 10:11:55 UTC 2026","Application Navigation Smoke Tests > Top-level Navigation","specs\Smoke\2-NavigationSmoke.spec.ts","",""
"","7072","Grid loads with data rows and key column headers","chromium","Fri Oct 02 10:33:00 UTC 2026","passed","Fri Oct 02 10:33:07 UTC 2026","ACH — Smoke > Grid","specs\Smoke\7-ACHSmoke.spec.ts","",""
"","6903","Notification Log sub-page loads correctly","firefox","Fri Oct 02 10:14:46 UTC 2026","passed","Fri Oct 02 10:14:53 UTC 2026","Application Navigation Smoke Tests > Settings Sub-navigation","specs\Smoke\2-NavigationSmoke.spec.ts","",""
"","6256","Validate Login functionality with incorrectPassword","firefox","Fri Oct 02 10:11:44 UTC 2026","passed","Fri Oct 02 10:11:50 UTC 2026","Login — Smoke > Login","specs\Smoke\1-LoginSmoke.spec.ts","",""
"","14764","Previous page button returns to page 1, First page button re-enables disabled state","webkit","Fri Oct 02 10:17:26 UTC 2026","passed","Fri Oct 02 10:17:40 UTC 2026","Issued Checks — Smoke > Pagination","specs\Smoke\4-IssuedChecksSmoke.spec.ts","",""
"","9914","""Edit"" link on a row navigates to the check edit form","firefox","Fri Oct 02 10:20:37 UTC 2026","passed","Fri Oct 02 10:20:47 UTC 2026","Presented Checks — Smoke > Row Actions","specs\Smoke\5-PresentedChecksSmoke.spec.ts","",""
"","4924","Teller page loads correctly","chromium","Fri Oct 02 10:28:07 UTC 2026","passed","Fri Oct 02 10:28:12 UTC 2026","Application Navigation Smoke Tests > Top-level Navigation","specs\Smoke\2-NavigationSmoke.spec.ts","",""
"","8056","Account Settings sub-page loads correctly","webkit","Fri Oct 02 10:12:31 UTC 2026","passed","Fri Oct 02 10:12:39 UTC 2026","Application Navigation Smoke Tests > Settings Sub-navigation","specs\Smoke\2-NavigationSmoke.spec.ts","",""
"","13200","Verify navigation to ACH via nav menu","webkit","Fri Oct 02 10:17:14 UTC 2026","passed","Fri Oct 02 10:17:27 UTC 2026","Home Dashboard > Navigation from Dashboard","specs\Smoke\3-HomeDashboardSmoke.spec.ts","",""
"","5822","Exceptions page loads correctly","msedge","Fri Oct 02 10:12:33 UTC 2026","passed","Fri Oct 02 10:12:38 UTC 2026","Application Navigation Smoke Tests > Top-level Navigation","specs\Smoke\2-NavigationSmoke.spec.ts","",""
"","11796","Verify delayed data note and force refresh link are visible on dashboard","firefox","Fri Oct 02 10:15:28 UTC 2026","passed","Fri Oct 02 10:15:40 UTC 2026","Home Dashboard > Summary Stats","specs\Smoke\3-HomeDashboardSmoke.spec.ts","",""
"","5462","Excel export button is visible and enabled","chromium","Fri Oct 02 10:33:33 UTC 2026","passed","Fri Oct 02 10:33:38 UTC 2026","ACH — Smoke > Toolbar","specs\Smoke\7-ACHSmoke.spec.ts","",""
"","12047","Verify chart title changes with selected tab","webkit","Fri Oct 02 10:15:26 UTC 2026","passed","Fri Oct 02 10:15:38 UTC 2026","Home Dashboard > Dashboard Chart Headings","specs\Smoke\3-HomeDashboardSmoke.spec.ts","",""
