"DESCRIPTION","DURATION IN MS","NAME","PARENT SUITE","START TIME","STATUS","STOP TIME","SUB SUITE","SUITE","TEST CLASS","TEST METHOD"
"","14754","Page size change to 10 updates pagination info in bottom-right pager","firefox","Fri Sep 04 10:43:09 UTC 2026","passed","Fri Sep 04 10:43:23 UTC 2026","Issued Checks — Smoke","specs\Smoke\4-IssuedChecksSmoke.spec.ts","",""
"","4974","Validate Login functionality with veryLongInput","msedge","Fri Sep 04 10:14:48 UTC 2026","passed","Fri Sep 04 10:14:53 UTC 2026","","specs\Smoke\1-LoginSmoke.spec.ts","",""
"","10045","Verify navigation to ACH via nav menu","chromium","Fri Sep 04 10:18:19 UTC 2026","passed","Fri Sep 04 10:18:29 UTC 2026","Home Dashboard","specs\Smoke\3-HomeDashboardSmoke.spec.ts","",""
"","12607","Clicking a column header sorts ascending, clicking again sorts descending","chromium","Fri Sep 04 10:21:46 UTC 2026","passed","Fri Sep 04 10:21:58 UTC 2026","Issued Checks — Smoke (Continued)","specs\Smoke\4-IssuedChecksSmoke.spec.ts","",""
"","5857","Validate Login functionality with missingUsername","firefox","Fri Sep 04 10:36:13 UTC 2026","passed","Fri Sep 04 10:36:19 UTC 2026","","specs\Smoke\1-LoginSmoke.spec.ts","",""
"","12553","ACH page loads correctly","webkit","Fri Sep 04 10:06:45 UTC 2026","passed","Fri Sep 04 10:06:57 UTC 2026","Application Navigation Smoke Tests","specs\Smoke\2-NavigationSmoke.spec.ts","",""
"","7162","Business Clients sub-page loads correctly","msedge","Fri Sep 04 10:14:58 UTC 2026","passed","Fri Sep 04 10:15:05 UTC 2026","Application Navigation Smoke Tests","specs\Smoke\2-NavigationSmoke.spec.ts","",""
"","16655","""Delete"" on a row shows a confirm modal; Cancel dismisses it without deleting","firefox","Fri Sep 04 10:46:43 UTC 2026","passed","Fri Sep 04 10:47:00 UTC 2026","Presented Checks — Smoke (Continued)","specs\Smoke\5-PresentedChecksSmoke.spec.ts","",""
"","16471","""+ Add ACH"" navigates to the add-ACH form","firefox","Fri Sep 04 10:47:49 UTC 2026","passed","Fri Sep 04 10:48:05 UTC 2026","ACH — Smoke","specs\Smoke\7-ACHSmoke.spec.ts","",""
"","10230","Exceptions page loads correctly","firefox","Fri Sep 04 10:36:32 UTC 2026","passed","Fri Sep 04 10:36:42 UTC 2026","Application Navigation Smoke Tests","specs\Smoke\2-NavigationSmoke.spec.ts","",""
"","11603","Billing Reports sub-page loads correctly","firefox","Fri Sep 04 10:38:13 UTC 2026","passed","Fri Sep 04 10:38:24 UTC 2026","Application Navigation Smoke Tests","specs\Smoke\2-NavigationSmoke.spec.ts","",""
"","12991","Users sub-page loads correctly","webkit","Fri Sep 04 10:07:50 UTC 2026","passed","Fri Sep 04 10:08:03 UTC 2026","Application Navigation Smoke Tests","specs\Smoke\2-NavigationSmoke.spec.ts","",""
"","11624","Column filter popup applies a filter and Clear restores the full row set","chromium","Fri Sep 04 10:22:18 UTC 2026","passed","Fri Sep 04 10:22:30 UTC 2026","Presented Checks — Smoke (Continued)","specs\Smoke\5-PresentedChecksSmoke.spec.ts","",""
"","8151","Validate unauthenticated access to protected route is redirected to login","webkit","Fri Sep 04 10:08:27 UTC 2026","passed","Fri Sep 04 10:08:36 UTC 2026","","specs\Smoke\1-LoginSmoke.spec.ts","",""
"","5309","Validate unauthenticated access to protected route is redirected to login","firefox","Fri Sep 04 10:37:18 UTC 2026","passed","Fri Sep 04 10:37:23 UTC 2026","","specs\Smoke\1-LoginSmoke.spec.ts","",""
"","7550","Validate Login functionality with sqlInjection","firefox","Fri Sep 04 10:36:19 UTC 2026","passed","Fri Sep 04 10:36:26 UTC 2026","","specs\Smoke\1-LoginSmoke.spec.ts","",""
"","19413","Clicking a column header sorts ascending, clicking again sorts descending","webkit","Fri Sep 04 10:17:24 UTC 2026","passed","Fri Sep 04 10:17:44 UTC 2026","Issued Checks — Smoke (Continued)","specs\Smoke\4-IssuedChecksSmoke.spec.ts","",""
"","12027","Save a filter preset, verify it is auto-selected, then delete it","msedge","Fri Sep 04 10:19:57 UTC 2026","passed","Fri Sep 04 10:20:09 UTC 2026","Presented Checks — Smoke (Continued)","specs\Smoke\5-PresentedChecksSmoke.spec.ts","",""
"","21519","Users sub-page loads correctly","firefox","Fri Sep 04 10:37:22 UTC 2026","passed","Fri Sep 04 10:37:43 UTC 2026","Application Navigation Smoke Tests","specs\Smoke\2-NavigationSmoke.spec.ts","",""
"","13612","File Processing sub-page loads correctly","firefox","Fri Sep 04 10:40:56 UTC 2026","passed","Fri Sep 04 10:41:10 UTC 2026","Application Navigation Smoke Tests","specs\Smoke\2-NavigationSmoke.spec.ts","",""
"","31770","Default filter auto-applies after logout and re-login","chromium","Fri Sep 04 10:20:55 UTC 2026","passed","Fri Sep 04 10:21:27 UTC 2026","Issued Checks — Default Filter (Serial)","specs\Smoke\4-IssuedChecksSmoke.spec.ts","",""
"","12879","Search box filters grid and clears correctly","chromium","Fri Sep 04 10:19:33 UTC 2026","passed","Fri Sep 04 10:19:46 UTC 2026","Presented Checks — Smoke","specs\Smoke\5-PresentedChecksSmoke.spec.ts","",""
"","19873","Previous page button returns to page 1, First page button re-enables disabled state","firefox","Fri Sep 04 10:50:10 UTC 2026","passed","Fri Sep 04 10:50:30 UTC 2026","ACH — Smoke","specs\Smoke\7-ACHSmoke.spec.ts","",""
"","16809","Web Hooks sub-page loads correctly","webkit","Fri Sep 04 10:12:57 UTC 2026","passed","Fri Sep 04 10:13:14 UTC 2026","Application Navigation Smoke Tests","specs\Smoke\2-NavigationSmoke.spec.ts","",""
"","6905","""Uploaded Checks"" navigates to the uploads page","msedge","Fri Sep 04 10:17:49 UTC 2026","passed","Fri Sep 04 10:17:55 UTC 2026","Issued Checks — Smoke","specs\Smoke\4-IssuedChecksSmoke.spec.ts","",""
"","36140","Default filter auto-applies after logout and re-login","chromium","Fri Sep 04 10:21:13 UTC 2026","passed","Fri Sep 04 10:21:49 UTC 2026","Presented Checks — Default Filter (Serial)","specs\Smoke\5-PresentedChecksSmoke.spec.ts","",""
"","7421","Verify profile menu shows My Info and Logout links","msedge","Fri Sep 04 10:17:03 UTC 2026","passed","Fri Sep 04 10:17:11 UTC 2026","Home Dashboard","specs\Smoke\3-HomeDashboardSmoke.spec.ts","",""
"","14045","Validate Login functionality with caseSensitiveEmail","webkit","Fri Sep 04 10:06:04 UTC 2026","passed","Fri Sep 04 10:06:18 UTC 2026","","specs\Smoke\1-LoginSmoke.spec.ts","",""
"","10007","Column filter popup applies a filter and Clear restores the full row set","msedge","Fri Sep 04 10:19:46 UTC 2026","passed","Fri Sep 04 10:19:56 UTC 2026","Issued Checks — Smoke (Continued)","specs\Smoke\4-IssuedChecksSmoke.spec.ts","",""
"","16395","Grid loads with data rows and key column headers","firefox","Fri Sep 04 10:47:32 UTC 2026","passed","Fri Sep 04 10:47:49 UTC 2026","ACH — Smoke","specs\Smoke\7-ACHSmoke.spec.ts","",""
"","9880","Validate Login functionality with caseSensitiveEmail","firefox","Fri Sep 04 10:35:32 UTC 2026","passed","Fri Sep 04 10:35:41 UTC 2026","","specs\Smoke\1-LoginSmoke.spec.ts","",""
"","7411","Verify navigation to Issued Checks via nav menu","msedge","Fri Sep 04 10:17:26 UTC 2026","passed","Fri Sep 04 10:17:33 UTC 2026","Home Dashboard","specs\Smoke\3-HomeDashboardSmoke.spec.ts","",""
"","7158","Verify navigation to ACH via nav menu","msedge","Fri Sep 04 10:17:41 UTC 2026","passed","Fri Sep 04 10:17:48 UTC 2026","Home Dashboard","specs\Smoke\3-HomeDashboardSmoke.spec.ts","",""
"","11067","Validate Login functionality with emptyFields","webkit","Fri Sep 04 10:06:46 UTC 2026","passed","Fri Sep 04 10:06:58 UTC 2026","","specs\Smoke\1-LoginSmoke.spec.ts","",""
"","11981","Presented Checks breadcrumb link is visible on the page","chromium","Fri Sep 04 10:23:17 UTC 2026","passed","Fri Sep 04 10:23:29 UTC 2026","Presented Checks — Smoke (Continued)","specs\Smoke\5-PresentedChecksSmoke.spec.ts","",""
"","9390","API link is visible and points to swagger","chromium","Fri Sep 04 10:18:37 UTC 2026","passed","Fri Sep 04 10:18:47 UTC 2026","Application Navigation Smoke Tests","specs\Smoke\2-NavigationSmoke.spec.ts","",""
"","8576","Presented Checks breadcrumb link is visible on the page","msedge","Fri Sep 04 10:21:04 UTC 2026","passed","Fri Sep 04 10:21:13 UTC 2026","Presented Checks — Smoke (Continued)","specs\Smoke\5-PresentedChecksSmoke.spec.ts","",""
"","9419","Validate session persists after page refresh","msedge","Fri Sep 04 10:15:11 UTC 2026","passed","Fri Sep 04 10:15:20 UTC 2026","","specs\Smoke\1-LoginSmoke.spec.ts","",""
"","5601","Validate Login functionality with sqlInjection","chromium","Fri Sep 04 10:15:00 UTC 2026","passed","Fri Sep 04 10:15:06 UTC 2026","","specs\Smoke\1-LoginSmoke.spec.ts","",""
"","7351","Validate Login functionality with missingPassword","firefox","Fri Sep 04 10:36:06 UTC 2026","passed","Fri Sep 04 10:36:13 UTC 2026","","specs\Smoke\1-LoginSmoke.spec.ts","",""
"","13524","Saved Filters dropdown is visible and defaults to no preset","chromium","Fri Sep 04 10:20:59 UTC 2026","passed","Fri Sep 04 10:21:13 UTC 2026","Presented Checks — Smoke","specs\Smoke\5-PresentedChecksSmoke.spec.ts","",""
"","10762","Verify navigation to ACH via nav menu","firefox","Fri Sep 04 10:41:07 UTC 2026","passed","Fri Sep 04 10:41:18 UTC 2026","Home Dashboard","specs\Smoke\3-HomeDashboardSmoke.spec.ts","",""
"","10568","Default filter auto-applies after logout and re-login","msedge","Fri Sep 04 10:19:46 UTC 2026","skipped","Fri Sep 04 10:19:57 UTC 2026","Presented Checks — Default Filter (Serial)","specs\Smoke\5-PresentedChecksSmoke.spec.ts","",""
"","15735","Decision badge on an already-reviewed row is blocked with a system message","chromium","Fri Sep 04 10:27:03 UTC 2026","passed","Fri Sep 04 10:27:19 UTC 2026","Exceptions — Smoke (Continued)","specs\Smoke\8-ExceptionsSmoke.spec.ts","",""
"","11335","Clicking a column header sorts ascending, clicking again sorts descending","chromium","Fri Sep 04 10:22:07 UTC 2026","passed","Fri Sep 04 10:22:18 UTC 2026","Presented Checks — Smoke (Continued)","specs\Smoke\5-PresentedChecksSmoke.spec.ts","",""
"","8396","Page size change to 10 updates pagination info in bottom-right pager","msedge","Fri Sep 04 10:21:32 UTC 2026","passed","Fri Sep 04 10:21:40 UTC 2026","ACH — Smoke","specs\Smoke\7-ACHSmoke.spec.ts","",""
"","16945","Clicking a column header sorts ascending, clicking again sorts descending","firefox","Fri Sep 04 10:45:37 UTC 2026","passed","Fri Sep 04 10:45:54 UTC 2026","Issued Checks — Smoke (Continued)","specs\Smoke\4-IssuedChecksSmoke.spec.ts","",""
"","15208","Exceptions breadcrumb link is visible on the page","firefox","Fri Sep 04 10:52:04 UTC 2026","passed","Fri Sep 04 10:52:20 UTC 2026","Exceptions — Smoke (Continued)","specs\Smoke\8-ExceptionsSmoke.spec.ts","",""
"","16900","Issued Checks page loads correctly","firefox","Fri Sep 04 10:35:34 UTC 2026","passed","Fri Sep 04 10:35:51 UTC 2026","Application Navigation Smoke Tests","specs\Smoke\2-NavigationSmoke.spec.ts","",""
"","14404","API link is visible and points to swagger","webkit","Fri Sep 04 10:12:43 UTC 2026","passed","Fri Sep 04 10:12:57 UTC 2026","Application Navigation Smoke Tests","specs\Smoke\2-NavigationSmoke.spec.ts","",""
"","15982","Saved Filters dropdown is visible and defaults to no preset","firefox","Fri Sep 04 10:44:37 UTC 2026","passed","Fri Sep 04 10:44:53 UTC 2026","Presented Checks — Smoke","specs\Smoke\5-PresentedChecksSmoke.spec.ts","",""
"","8132","Teller page loads correctly","msedge","Fri Sep 04 10:14:18 UTC 2026","passed","Fri Sep 04 10:14:26 UTC 2026","Application Navigation Smoke Tests","specs\Smoke\2-NavigationSmoke.spec.ts","",""
"","24603","Column filter popup applies a filter and Clear restores the full row set","firefox","Fri Sep 04 10:51:37 UTC 2026","passed","Fri Sep 04 10:52:02 UTC 2026","ACH — Smoke","specs\Smoke\7-ACHSmoke.spec.ts","",""
"","5831","Validate Login functionality with missingPassword","msedge","Fri Sep 04 10:14:27 UTC 2026","passed","Fri Sep 04 10:14:33 UTC 2026","","specs\Smoke\1-LoginSmoke.spec.ts","",""
"","9875","Account Settings sub-page loads correctly","chromium","Fri Sep 04 10:15:19 UTC 2026","passed","Fri Sep 04 10:15:29 UTC 2026","Application Navigation Smoke Tests","specs\Smoke\2-NavigationSmoke.spec.ts","",""
"","12822","ACH breadcrumb link is visible on the page","firefox","Fri Sep 04 10:53:01 UTC 2026","passed","Fri Sep 04 10:53:14 UTC 2026","ACH — Smoke","specs\Smoke\7-ACHSmoke.spec.ts","",""
"","16362","""Delete"" on a row shows a confirm modal; Cancel dismisses it without deleting","firefox","Fri Sep 04 10:46:43 UTC 2026","passed","Fri Sep 04 10:47:00 UTC 2026","Issued Checks — Smoke (Continued)","specs\Smoke\4-IssuedChecksSmoke.spec.ts","",""
"","16441","Saved Filters dropdown is visible and defaults to no preset","webkit","Fri Sep 04 10:22:53 UTC 2026","passed","Fri Sep 04 10:23:09 UTC 2026","Exceptions — Smoke","specs\Smoke\8-ExceptionsSmoke.spec.ts","",""
"","15859","Page size change to 10 updates pagination info in bottom-right pager","webkit","Fri Sep 04 10:14:44 UTC 2026","passed","Fri Sep 04 10:15:00 UTC 2026","Issued Checks — Smoke","specs\Smoke\4-IssuedChecksSmoke.spec.ts","",""
"","7493","Verify navigation to Presented Checks via nav menu","msedge","Fri Sep 04 10:17:33 UTC 2026","passed","Fri Sep 04 10:17:41 UTC 2026","Home Dashboard","specs\Smoke\3-HomeDashboardSmoke.spec.ts","",""
"","6753","Validate Login functionality with veryLongInput","firefox","Fri Sep 04 10:36:36 UTC 2026","passed","Fri Sep 04 10:36:43 UTC 2026","","specs\Smoke\1-LoginSmoke.spec.ts","",""
"","12517","Verify navigation to Settings via nav menu","webkit","Fri Sep 04 10:13:47 UTC 2026","passed","Fri Sep 04 10:14:00 UTC 2026","Home Dashboard","specs\Smoke\3-HomeDashboardSmoke.spec.ts","",""
"","6194","ACH Approval Rules sub-page loads correctly","msedge","Fri Sep 04 10:16:41 UTC 2026","passed","Fri Sep 04 10:16:48 UTC 2026","Application Navigation Smoke Tests","specs\Smoke\2-NavigationSmoke.spec.ts","",""
"","29067","Pay/Return decision badge navigates to exception history","webkit","Fri Sep 04 10:24:58 UTC 2026","passed","Fri Sep 04 10:25:27 UTC 2026","ACH — Smoke","specs\Smoke\7-ACHSmoke.spec.ts","",""
"","12403","Notification Templates sub-page loads correctly","chromium","Fri Sep 04 10:17:03 UTC 2026","passed","Fri Sep 04 10:17:15 UTC 2026","Application Navigation Smoke Tests","specs\Smoke\2-NavigationSmoke.spec.ts","",""
"","9853","Last page arrow jumps to the final page","msedge","Fri Sep 04 10:21:49 UTC 2026","passed","Fri Sep 04 10:21:59 UTC 2026","ACH — Smoke","specs\Smoke\7-ACHSmoke.spec.ts","",""
"","17250","Last page arrow jumps to the final page","firefox","Fri Sep 04 10:43:41 UTC 2026","passed","Fri Sep 04 10:43:58 UTC 2026","Issued Checks — Smoke","specs\Smoke\4-IssuedChecksSmoke.spec.ts","",""
"","15777","Issued Checks breadcrumb link is visible on the page","firefox","Fri Sep 04 10:47:00 UTC 2026","passed","Fri Sep 04 10:47:16 UTC 2026","Issued Checks — Smoke (Continued)","specs\Smoke\4-IssuedChecksSmoke.spec.ts","",""
"","11019","Search box filters grid and clears correctly","msedge","Fri Sep 04 10:18:31 UTC 2026","passed","Fri Sep 04 10:18:42 UTC 2026","Presented Checks — Smoke","specs\Smoke\5-PresentedChecksSmoke.spec.ts","",""
"","14683","Open Exceptions page loads with either exception cards or the empty-state message","chromium","Fri Sep 04 10:27:43 UTC 2026","passed","Fri Sep 04 10:27:57 UTC 2026","Exceptions — Smoke (Continued)","specs\Smoke\8-ExceptionsSmoke.spec.ts","",""
"","16042","Issued Checks breadcrumb link is visible on the page","webkit","Fri Sep 04 10:18:59 UTC 2026","passed","Fri Sep 04 10:19:15 UTC 2026","Issued Checks — Smoke (Continued)","specs\Smoke\4-IssuedChecksSmoke.spec.ts","",""
"","17544","Verify ACH Only tab shows ACH-specific chart sections","firefox","Fri Sep 04 10:38:18 UTC 2026","passed","Fri Sep 04 10:38:36 UTC 2026","Home Dashboard","specs\Smoke\3-HomeDashboardSmoke.spec.ts","",""
"","8708","Verify chart title changes with selected tab","msedge","Fri Sep 04 10:16:09 UTC 2026","passed","Fri Sep 04 10:16:18 UTC 2026","Home Dashboard","specs\Smoke\3-HomeDashboardSmoke.spec.ts","",""
"","17793","Pay/Return decision badge navigates to exception history","webkit","Fri Sep 04 10:19:47 UTC 2026","passed","Fri Sep 04 10:20:05 UTC 2026","Presented Checks — Smoke (Continued)","specs\Smoke\5-PresentedChecksSmoke.spec.ts","",""
"","14652","Verify dashboard footer footnote and privacy link are visible","webkit","Fri Sep 04 10:12:05 UTC 2026","passed","Fri Sep 04 10:12:19 UTC 2026","Home Dashboard","specs\Smoke\3-HomeDashboardSmoke.spec.ts","",""
"","8713","Verify tab-specific charts are hidden for opposite tab","chromium","Fri Sep 04 10:17:00 UTC 2026","passed","Fri Sep 04 10:17:09 UTC 2026","Home Dashboard","specs\Smoke\3-HomeDashboardSmoke.spec.ts","",""
"","8961","Verify dashboard loads after successful login","chromium","Fri Sep 04 10:15:51 UTC 2026","passed","Fri Sep 04 10:16:00 UTC 2026","Home Dashboard","specs\Smoke\3-HomeDashboardSmoke.spec.ts","",""
"","14260","Search box filters grid and clears correctly","chromium","Fri Sep 04 10:24:14 UTC 2026","passed","Fri Sep 04 10:24:28 UTC 2026","ACH — Smoke","specs\Smoke\7-ACHSmoke.spec.ts","",""
"","15248","Presented Checks breadcrumb link is visible on the page","firefox","Fri Sep 04 10:47:17 UTC 2026","passed","Fri Sep 04 10:47:32 UTC 2026","Presented Checks — Smoke (Continued)","specs\Smoke\5-PresentedChecksSmoke.spec.ts","",""
"","9724","ACH breadcrumb link is visible on the page","chromium","Fri Sep 04 10:27:57 UTC 2026","passed","Fri Sep 04 10:28:07 UTC 2026","ACH — Smoke","specs\Smoke\7-ACHSmoke.spec.ts","",""
"","17418","Next page arrow advances to page 2","firefox","Fri Sep 04 10:43:23 UTC 2026","passed","Fri Sep 04 10:43:41 UTC 2026","Issued Checks — Smoke","specs\Smoke\4-IssuedChecksSmoke.spec.ts","",""
"","4404","Validate Login functionality with incorrectPassword","msedge","Fri Sep 04 10:14:08 UTC 2026","passed","Fri Sep 04 10:14:12 UTC 2026","","specs\Smoke\1-LoginSmoke.spec.ts","",""
"","17490","Search box filters grid and clears correctly","webkit","Fri Sep 04 10:20:26 UTC 2026","passed","Fri Sep 04 10:20:43 UTC 2026","ACH — Smoke","specs\Smoke\7-ACHSmoke.spec.ts","",""
"","9446","Page size change to 10 updates pagination info in bottom-right pager","msedge","Fri Sep 04 10:21:40 UTC 2026","passed","Fri Sep 04 10:21:50 UTC 2026","Exceptions — Smoke","specs\Smoke\8-ExceptionsSmoke.spec.ts","",""
"","14753","Default Decision Log sub-page loads correctly","webkit","Fri Sep 04 10:11:59 UTC 2026","passed","Fri Sep 04 10:12:14 UTC 2026","Application Navigation Smoke Tests","specs\Smoke\2-NavigationSmoke.spec.ts","",""
"","12254","""View"" (Change Log) link on a row navigates to the entity log","chromium","Fri Sep 04 10:23:04 UTC 2026","passed","Fri Sep 04 10:23:17 UTC 2026","Issued Checks — Smoke (Continued)","specs\Smoke\4-IssuedChecksSmoke.spec.ts","",""
"","17437","Next page arrow advances to page 2","webkit","Fri Sep 04 10:15:47 UTC 2026","passed","Fri Sep 04 10:16:05 UTC 2026","Presented Checks — Smoke","specs\Smoke\5-PresentedChecksSmoke.spec.ts","",""
"","10682","Column filter popup applies a filter and Clear restores the full row set","msedge","Fri Sep 04 10:20:17 UTC 2026","passed","Fri Sep 04 10:20:28 UTC 2026","Presented Checks — Smoke (Continued)","specs\Smoke\5-PresentedChecksSmoke.spec.ts","",""
"","11035","Excel export button is visible and enabled","chromium","Fri Sep 04 10:19:46 UTC 2026","passed","Fri Sep 04 10:19:57 UTC 2026","Presented Checks — Smoke","specs\Smoke\5-PresentedChecksSmoke.spec.ts","",""
"","8623","Verify summary KPI values have expected number formats","chromium","Fri Sep 04 10:17:16 UTC 2026","passed","Fri Sep 04 10:17:25 UTC 2026","Home Dashboard","specs\Smoke\3-HomeDashboardSmoke.spec.ts","",""
"","11576","Verify summary KPI values have expected number formats","firefox","Fri Sep 04 10:39:32 UTC 2026","passed","Fri Sep 04 10:39:44 UTC 2026","Home Dashboard","specs\Smoke\3-HomeDashboardSmoke.spec.ts","",""
"","18929","Search box filters grid and clears correctly","webkit","Fri Sep 04 10:14:04 UTC 2026","passed","Fri Sep 04 10:14:23 UTC 2026","Issued Checks — Smoke","specs\Smoke\4-IssuedChecksSmoke.spec.ts","",""
"","7520","Verify Total Exceptions and Total Exception Amount labels are visible","chromium","Fri Sep 04 10:17:09 UTC 2026","passed","Fri Sep 04 10:17:16 UTC 2026","Home Dashboard","specs\Smoke\3-HomeDashboardSmoke.spec.ts","",""
"","12870","Verify dashboard loads after successful login","webkit","Fri Sep 04 10:08:36 UTC 2026","passed","Fri Sep 04 10:08:49 UTC 2026","Home Dashboard","specs\Smoke\3-HomeDashboardSmoke.spec.ts","",""
"","21849","Column filter popup applies a filter and Clear restores the full row set","webkit","Fri Sep 04 10:17:44 UTC 2026","passed","Fri Sep 04 10:18:06 UTC 2026","Issued Checks — Smoke (Continued)","specs\Smoke\4-IssuedChecksSmoke.spec.ts","",""
"","11477","Page size change to 10 updates pagination info in bottom-right pager","chromium","Fri Sep 04 10:24:39 UTC 2026","passed","Fri Sep 04 10:24:51 UTC 2026","ACH — Smoke","specs\Smoke\7-ACHSmoke.spec.ts","",""
"","8822","Next page arrow advances to page 2","msedge","Fri Sep 04 10:21:41 UTC 2026","passed","Fri Sep 04 10:21:49 UTC 2026","ACH — Smoke","specs\Smoke\7-ACHSmoke.spec.ts","",""
"","18567","""View"" (Change Log) link on a row navigates to the entity log","webkit","Fri Sep 04 10:24:20 UTC 2026","passed","Fri Sep 04 10:24:39 UTC 2026","ACH — Smoke","specs\Smoke\7-ACHSmoke.spec.ts","",""
"","10402","Decision Files sub-page loads correctly","msedge","Fri Sep 04 10:15:34 UTC 2026","passed","Fri Sep 04 10:15:45 UTC 2026","Application Navigation Smoke Tests","specs\Smoke\2-NavigationSmoke.spec.ts","",""
"","11307","Last page arrow jumps to the final page","chromium","Fri Sep 04 10:20:22 UTC 2026","passed","Fri Sep 04 10:20:33 UTC 2026","Presented Checks — Smoke","specs\Smoke\5-PresentedChecksSmoke.spec.ts","",""
"","10256","Last page arrow jumps to the final page","msedge","Fri Sep 04 10:21:59 UTC 2026","passed","Fri Sep 04 10:22:09 UTC 2026","Exceptions — Smoke","specs\Smoke\8-ExceptionsSmoke.spec.ts","",""
"","25005","Column filter menu applies a filter and Clear restores the full row set","firefox","Fri Sep 04 10:51:01 UTC 2026","passed","Fri Sep 04 10:51:26 UTC 2026","Exceptions — Smoke (Continued)","specs\Smoke\8-ExceptionsSmoke.spec.ts","",""
"","9349","Users sub-page loads correctly","chromium","Fri Sep 04 10:15:39 UTC 2026","passed","Fri Sep 04 10:15:48 UTC 2026","Application Navigation Smoke Tests","specs\Smoke\2-NavigationSmoke.spec.ts","",""
"","23134","Validate Login functionality with correctCredentials","firefox","Fri Sep 04 10:35:04 UTC 2026","passed","Fri Sep 04 10:35:27 UTC 2026","","specs\Smoke\1-LoginSmoke.spec.ts","",""
"","6294","Validate Login functionality with incorrectPassword","chromium","Fri Sep 04 10:14:26 UTC 2026","passed","Fri Sep 04 10:14:32 UTC 2026","","specs\Smoke\1-LoginSmoke.spec.ts","",""
"","14345","Verify navigation to Presented Checks via nav menu","webkit","Fri Sep 04 10:13:05 UTC 2026","passed","Fri Sep 04 10:13:19 UTC 2026","Home Dashboard","specs\Smoke\3-HomeDashboardSmoke.spec.ts","",""
"","7965","Verify dashboard loads after successful login","msedge","Fri Sep 04 10:15:26 UTC 2026","passed","Fri Sep 04 10:15:34 UTC 2026","Home Dashboard","specs\Smoke\3-HomeDashboardSmoke.spec.ts","",""
"","9386","Validate Login functionality with xssInUsername","firefox","Fri Sep 04 10:36:26 UTC 2026","passed","Fri Sep 04 10:36:36 UTC 2026","","specs\Smoke\1-LoginSmoke.spec.ts","",""
"","16180","Save a filter preset, verify it is auto-selected, then delete it","msedge","Fri Sep 04 10:22:41 UTC 2026","passed","Fri Sep 04 10:22:57 UTC 2026","ACH — Smoke","specs\Smoke\7-ACHSmoke.spec.ts","",""
"","9874","""Delete"" on a row shows a confirm modal; Cancel dismisses it without deleting","msedge","Fri Sep 04 10:20:45 UTC 2026","passed","Fri Sep 04 10:20:55 UTC 2026","Presented Checks — Smoke (Continued)","specs\Smoke\5-PresentedChecksSmoke.spec.ts","",""
"","17186","""Edit"" link on a row navigates to the check edit form","firefox","Fri Sep 04 10:46:10 UTC 2026","passed","Fri Sep 04 10:46:28 UTC 2026","Presented Checks — Smoke (Continued)","specs\Smoke\5-PresentedChecksSmoke.spec.ts","",""
"","16397","Notification Templates sub-page loads correctly","webkit","Fri Sep 04 10:09:31 UTC 2026","passed","Fri Sep 04 10:09:47 UTC 2026","Application Navigation Smoke Tests","specs\Smoke\2-NavigationSmoke.spec.ts","",""
"","14997","Verify navigation to Exceptions via nav menu","webkit","Fri Sep 04 10:13:32 UTC 2026","passed","Fri Sep 04 10:13:47 UTC 2026","Home Dashboard","specs\Smoke\3-HomeDashboardSmoke.spec.ts","",""
"","16328","Default filter auto-applies after logout and re-login","firefox","Fri Sep 04 10:44:50 UTC 2026","skipped","Fri Sep 04 10:45:07 UTC 2026","Issued Checks — Default Filter (Serial)","specs\Smoke\4-IssuedChecksSmoke.spec.ts","",""
"","10258","Teller page loads correctly","chromium","Fri Sep 04 10:14:39 UTC 2026","passed","Fri Sep 04 10:14:49 UTC 2026","Application Navigation Smoke Tests","specs\Smoke\2-NavigationSmoke.spec.ts","",""
"","5724","Verify all three dashboard view tabs are visible","msedge","Fri Sep 04 10:15:34 UTC 2026","passed","Fri Sep 04 10:15:40 UTC 2026","Home Dashboard","specs\Smoke\3-HomeDashboardSmoke.spec.ts","",""
"","7440","Grid loads with data rows and key column headers","msedge","Fri Sep 04 10:17:34 UTC 2026","passed","Fri Sep 04 10:17:41 UTC 2026","Issued Checks — Smoke","specs\Smoke\4-IssuedChecksSmoke.spec.ts","",""
"","5644","Validate Login functionality with xssInUsername","chromium","Fri Sep 04 10:15:06 UTC 2026","passed","Fri Sep 04 10:15:12 UTC 2026","","specs\Smoke\1-LoginSmoke.spec.ts","",""
"","24942","Column filter popup applies a filter and Clear restores the full row set","webkit","Fri Sep 04 10:23:56 UTC 2026","passed","Fri Sep 04 10:24:20 UTC 2026","ACH — Smoke","specs\Smoke\7-ACHSmoke.spec.ts","",""
"","7592","Automatic ACH Decision Rules sub-page loads correctly","msedge","Fri Sep 04 10:16:34 UTC 2026","passed","Fri Sep 04 10:16:41 UTC 2026","Application Navigation Smoke Tests","specs\Smoke\2-NavigationSmoke.spec.ts","",""
"","16197","Excel export button is visible and enabled","webkit","Fri Sep 04 10:21:02 UTC 2026","passed","Fri Sep 04 10:21:18 UTC 2026","Exceptions — Smoke","specs\Smoke\8-ExceptionsSmoke.spec.ts","",""
"","5235","Validate unauthenticated access to protected route is redirected to login","msedge","Fri Sep 04 10:15:20 UTC 2026","passed","Fri Sep 04 10:15:26 UTC 2026","","specs\Smoke\1-LoginSmoke.spec.ts","",""
"","8376","Excel export button is visible and enabled","msedge","Fri Sep 04 10:18:42 UTC 2026","passed","Fri Sep 04 10:18:50 UTC 2026","Presented Checks — Smoke","specs\Smoke\5-PresentedChecksSmoke.spec.ts","",""
"","14971","""View"" link on a row opens the Exception Details dialog","chromium","Fri Sep 04 10:26:48 UTC 2026","passed","Fri Sep 04 10:27:03 UTC 2026","Exceptions — Smoke (Continued)","specs\Smoke\8-ExceptionsSmoke.spec.ts","",""
"","9003","Notification Templates sub-page loads correctly","msedge","Fri Sep 04 10:16:01 UTC 2026","passed","Fri Sep 04 10:16:10 UTC 2026","Application Navigation Smoke Tests","specs\Smoke\2-NavigationSmoke.spec.ts","",""
"","4792","Validate Login functionality with invalidEmailFormat","msedge","Fri Sep 04 10:14:17 UTC 2026","passed","Fri Sep 04 10:14:22 UTC 2026","","specs\Smoke\1-LoginSmoke.spec.ts","",""
"","15840","Holiday Schedules sub-page loads correctly","webkit","Fri Sep 04 10:09:00 UTC 2026","passed","Fri Sep 04 10:09:16 UTC 2026","Application Navigation Smoke Tests","specs\Smoke\2-NavigationSmoke.spec.ts","",""
"","16234","Next page arrow advances to page 2","firefox","Fri Sep 04 10:48:44 UTC 2026","passed","Fri Sep 04 10:49:00 UTC 2026","Exceptions — Smoke","specs\Smoke\8-ExceptionsSmoke.spec.ts","",""
"","13423","Exceptions page loads correctly","webkit","Fri Sep 04 10:06:57 UTC 2026","passed","Fri Sep 04 10:07:11 UTC 2026","Application Navigation Smoke Tests","specs\Smoke\2-NavigationSmoke.spec.ts","",""
"","31071","Automatic ACH Decision Rules sub-page loads correctly","webkit","Fri Sep 04 10:10:45 UTC 2026","passed","Fri Sep 04 10:11:16 UTC 2026","Application Navigation Smoke Tests","specs\Smoke\2-NavigationSmoke.spec.ts","",""
"","9451","Grid loads with data rows and key column headers","msedge","Fri Sep 04 10:20:46 UTC 2026","passed","Fri Sep 04 10:20:55 UTC 2026","ACH — Smoke","specs\Smoke\7-ACHSmoke.spec.ts","",""
"","16041","Next page arrow advances to page 2","firefox","Fri Sep 04 10:49:19 UTC 2026","passed","Fri Sep 04 10:49:35 UTC 2026","ACH — Smoke","specs\Smoke\7-ACHSmoke.spec.ts","",""
"","8380","Search box filters grid and clears correctly","msedge","Fri Sep 04 10:17:55 UTC 2026","passed","Fri Sep 04 10:18:04 UTC 2026","Issued Checks — Smoke","specs\Smoke\4-IssuedChecksSmoke.spec.ts","",""
"","14423","Default filter auto-applies after logout and re-login","firefox","Fri Sep 04 10:44:53 UTC 2026","skipped","Fri Sep 04 10:45:07 UTC 2026","Presented Checks — Default Filter (Serial)","specs\Smoke\5-PresentedChecksSmoke.spec.ts","",""
"","4853","Validate Login functionality with emptyFields","msedge","Fri Sep 04 10:14:22 UTC 2026","passed","Fri Sep 04 10:14:27 UTC 2026","","specs\Smoke\1-LoginSmoke.spec.ts","",""
"","11836","ACH Approval Rules sub-page loads correctly","chromium","Fri Sep 04 10:17:44 UTC 2026","passed","Fri Sep 04 10:17:56 UTC 2026","Application Navigation Smoke Tests","specs\Smoke\2-NavigationSmoke.spec.ts","",""
"","18062","Save a filter preset, verify it is auto-selected, then delete it","chromium","Fri Sep 04 10:21:49 UTC 2026","passed","Fri Sep 04 10:22:07 UTC 2026","Presented Checks — Smoke (Continued)","specs\Smoke\5-PresentedChecksSmoke.spec.ts","",""
"","7411","Validate Login functionality with incorrectPassword","webkit","Fri Sep 04 10:06:18 UTC 2026","passed","Fri Sep 04 10:06:25 UTC 2026","","specs\Smoke\1-LoginSmoke.spec.ts","",""
"","8881","Grid loads with data rows and key column headers","msedge","Fri Sep 04 10:18:03 UTC 2026","passed","Fri Sep 04 10:18:11 UTC 2026","Presented Checks — Smoke","specs\Smoke\5-PresentedChecksSmoke.spec.ts","",""
"","14438","Verify delayed data note and force refresh link are visible on dashboard","firefox","Fri Sep 04 10:39:44 UTC 2026","passed","Fri Sep 04 10:39:58 UTC 2026","Home Dashboard","specs\Smoke\3-HomeDashboardSmoke.spec.ts","",""
"","16228","Validate session persists after page refresh","webkit","Fri Sep 04 10:08:11 UTC 2026","passed","Fri Sep 04 10:08:27 UTC 2026","","specs\Smoke\1-LoginSmoke.spec.ts","",""
"","18145","Page size change to 10 updates pagination info in bottom-right pager","firefox","Fri Sep 04 10:49:01 UTC 2026","passed","Fri Sep 04 10:49:19 UTC 2026","ACH — Smoke","specs\Smoke\7-ACHSmoke.spec.ts","",""
"","6330","Validate forgot password functionality with No email","chromium","Fri Sep 04 10:15:22 UTC 2026","passed","Fri Sep 04 10:15:28 UTC 2026","","specs\Smoke\1-LoginSmoke.spec.ts","",""
"","10080","""Edit"" link on a row navigates to the check edit form","msedge","Fri Sep 04 10:19:56 UTC 2026","passed","Fri Sep 04 10:20:06 UTC 2026","Issued Checks — Smoke (Continued)","specs\Smoke\4-IssuedChecksSmoke.spec.ts","",""
"","12744","""View"" (Change Log) link on a row navigates to the entity log","chromium","Fri Sep 04 10:27:14 UTC 2026","passed","Fri Sep 04 10:27:26 UTC 2026","ACH — Smoke","specs\Smoke\7-ACHSmoke.spec.ts","",""
"","7229","Verify navigation to Issued Checks via nav menu","chromium","Fri Sep 04 10:18:03 UTC 2026","passed","Fri Sep 04 10:18:10 UTC 2026","Home Dashboard","specs\Smoke\3-HomeDashboardSmoke.spec.ts","",""
"","19018","Typing a page number navigates to that page","webkit","Fri Sep 04 10:21:52 UTC 2026","passed","Fri Sep 04 10:22:11 UTC 2026","ACH — Smoke","specs\Smoke\7-ACHSmoke.spec.ts","",""
"","34018","""View"" link on a row opens the Exception Details dialog","webkit","Fri Sep 04 10:24:39 UTC 2026","passed","Fri Sep 04 10:25:13 UTC 2026","Exceptions — Smoke (Continued)","specs\Smoke\8-ExceptionsSmoke.spec.ts","",""
"","13765","Presented Checks page loads correctly","firefox","Fri Sep 04 10:35:51 UTC 2026","passed","Fri Sep 04 10:36:04 UTC 2026","Application Navigation Smoke Tests","specs\Smoke\2-NavigationSmoke.spec.ts","",""
"","15868","Decision Files sub-page loads correctly","webkit","Fri Sep 04 10:08:44 UTC 2026","passed","Fri Sep 04 10:09:00 UTC 2026","Application Navigation Smoke Tests","specs\Smoke\2-NavigationSmoke.spec.ts","",""
"","11388","""Uploaded Checks"" navigates to the uploads page","chromium","Fri Sep 04 10:19:21 UTC 2026","passed","Fri Sep 04 10:19:33 UTC 2026","Presented Checks — Smoke","specs\Smoke\5-PresentedChecksSmoke.spec.ts","",""
"","16699","Saved Filters dropdown is visible and defaults to no preset","firefox","Fri Sep 04 10:49:53 UTC 2026","passed","Fri Sep 04 10:50:10 UTC 2026","Exceptions — Smoke","specs\Smoke\8-ExceptionsSmoke.spec.ts","",""
"","19183","Automatic ACH Decision Rules sub-page loads correctly","firefox","Fri Sep 04 10:39:46 UTC 2026","passed","Fri Sep 04 10:40:05 UTC 2026","Application Navigation Smoke Tests","specs\Smoke\2-NavigationSmoke.spec.ts","",""
"","11304","Branding sub-page loads correctly","chromium","Fri Sep 04 10:16:00 UTC 2026","passed","Fri Sep 04 10:16:11 UTC 2026","Application Navigation Smoke Tests","specs\Smoke\2-NavigationSmoke.spec.ts","",""
"","17559","Default filter auto-applies after logout and re-login","firefox","Fri Sep 04 10:50:43 UTC 2026","skipped","Fri Sep 04 10:51:01 UTC 2026","ACH — Smoke","specs\Smoke\7-ACHSmoke.spec.ts","",""
"","16770","Exception History grid loads with data rows and key column headers","firefox","Fri Sep 04 10:47:32 UTC 2026","passed","Fri Sep 04 10:47:49 UTC 2026","Exceptions — Smoke","specs\Smoke\8-ExceptionsSmoke.spec.ts","",""
"","17023","Last page arrow jumps to the final page","webkit","Fri Sep 04 10:21:53 UTC 2026","passed","Fri Sep 04 10:22:10 UTC 2026","Exceptions — Smoke","specs\Smoke\8-ExceptionsSmoke.spec.ts","",""
"","11434","""+ Add ACH"" navigates to the add-ACH form","chromium","Fri Sep 04 10:23:51 UTC 2026","passed","Fri Sep 04 10:24:03 UTC 2026","ACH — Smoke","specs\Smoke\7-ACHSmoke.spec.ts","",""
"","8540","""View"" (Change Log) link on a row navigates to the entity log","msedge","Fri Sep 04 10:20:37 UTC 2026","passed","Fri Sep 04 10:20:45 UTC 2026","Presented Checks — Smoke (Continued)","specs\Smoke\5-PresentedChecksSmoke.spec.ts","",""
"","8604","Verify Combined View shows all chart sections","chromium","Fri Sep 04 10:16:08 UTC 2026","passed","Fri Sep 04 10:16:17 UTC 2026","Home Dashboard","specs\Smoke\3-HomeDashboardSmoke.spec.ts","",""
"","15755","Verify ACH Only tab shows ACH-specific chart sections","webkit","Fri Sep 04 10:09:31 UTC 2026","passed","Fri Sep 04 10:09:46 UTC 2026","Home Dashboard","specs\Smoke\3-HomeDashboardSmoke.spec.ts","",""
"","18225","Save a filter preset, verify it is auto-selected, then delete it","chromium","Fri Sep 04 10:21:27 UTC 2026","passed","Fri Sep 04 10:21:45 UTC 2026","Issued Checks — Smoke (Continued)","specs\Smoke\4-IssuedChecksSmoke.spec.ts","",""
"","34107","Default filter auto-applies after logout and re-login","chromium","Fri Sep 04 10:25:27 UTC 2026","passed","Fri Sep 04 10:26:01 UTC 2026","Exceptions — Default Filter (Serial)","specs\Smoke\8-ExceptionsSmoke.spec.ts","",""
"","19573","""View"" link on a row opens the Exception Details dialog","firefox","Fri Sep 04 10:51:26 UTC 2026","passed","Fri Sep 04 10:51:46 UTC 2026","Exceptions — Smoke (Continued)","specs\Smoke\8-ExceptionsSmoke.spec.ts","",""
"","5574","Validate Login functionality with missingPassword","chromium","Fri Sep 04 10:14:49 UTC 2026","passed","Fri Sep 04 10:14:55 UTC 2026","","specs\Smoke\1-LoginSmoke.spec.ts","",""
"","11121","Billing Reports sub-page loads correctly","chromium","Fri Sep 04 10:16:11 UTC 2026","passed","Fri Sep 04 10:16:23 UTC 2026","Application Navigation Smoke Tests","specs\Smoke\2-NavigationSmoke.spec.ts","",""
"","10092","""View"" (Change Log) link on a row navigates to the entity log","msedge","Fri Sep 04 10:23:16 UTC 2026","passed","Fri Sep 04 10:23:26 UTC 2026","ACH — Smoke","specs\Smoke\7-ACHSmoke.spec.ts","",""
"","23943","Excel export button is visible and enabled","firefox","Fri Sep 04 10:42:49 UTC 2026","passed","Fri Sep 04 10:43:13 UTC 2026","Presented Checks — Smoke","specs\Smoke\5-PresentedChecksSmoke.spec.ts","",""
"","11650","Previous page button returns to page 1, First page button re-enables disabled state","msedge","Fri Sep 04 10:18:49 UTC 2026","passed","Fri Sep 04 10:19:01 UTC 2026","Issued Checks — Smoke","specs\Smoke\4-IssuedChecksSmoke.spec.ts","",""
"","11718","Verify Total Exceptions and Total Exception Amount labels are visible","firefox","Fri Sep 04 10:39:20 UTC 2026","passed","Fri Sep 04 10:39:32 UTC 2026","Home Dashboard","specs\Smoke\3-HomeDashboardSmoke.spec.ts","",""
"","10261","Verify dashboard footer footnote and privacy link are visible","firefox","Fri Sep 04 10:39:58 UTC 2026","passed","Fri Sep 04 10:40:08 UTC 2026","Home Dashboard","specs\Smoke\3-HomeDashboardSmoke.spec.ts","",""
"","9236","""Uploaded Checks"" navigates to the uploads page","msedge","Fri Sep 04 10:18:21 UTC 2026","passed","Fri Sep 04 10:18:31 UTC 2026","Presented Checks — Smoke","specs\Smoke\5-PresentedChecksSmoke.spec.ts","",""
"","15729","Default filter auto-applies after logout and re-login","webkit","Fri Sep 04 10:22:53 UTC 2026","skipped","Fri Sep 04 10:23:09 UTC 2026","ACH — Smoke","specs\Smoke\7-ACHSmoke.spec.ts","",""
"","10800","Page size change to 10 updates pagination info in bottom-right pager","chromium","Fri Sep 04 10:19:46 UTC 2026","passed","Fri Sep 04 10:19:57 UTC 2026","Issued Checks — Smoke","specs\Smoke\4-IssuedChecksSmoke.spec.ts","",""
"","20954","""+ Add Check"" navigates to the add-check form","webkit","Fri Sep 04 10:14:20 UTC 2026","passed","Fri Sep 04 10:14:41 UTC 2026","Presented Checks — Smoke","specs\Smoke\5-PresentedChecksSmoke.spec.ts","",""
"","13034","Validate Login functionality with correctCredentials","msedge","Fri Sep 04 10:13:46 UTC 2026","passed","Fri Sep 04 10:13:59 UTC 2026","","specs\Smoke\1-LoginSmoke.spec.ts","",""
"","9267","Validate Login functionality with sqlInjection","webkit","Fri Sep 04 10:07:17 UTC 2026","passed","Fri Sep 04 10:07:26 UTC 2026","","specs\Smoke\1-LoginSmoke.spec.ts","",""
"","14758","Home page is accessible and shows dashboard","chromium","Fri Sep 04 10:14:03 UTC 2026","passed","Fri Sep 04 10:14:17 UTC 2026","Application Navigation Smoke Tests","specs\Smoke\2-NavigationSmoke.spec.ts","",""
"","14728","Page size change to 10 updates pagination info in bottom-right pager","webkit","Fri Sep 04 10:15:33 UTC 2026","passed","Fri Sep 04 10:15:47 UTC 2026","Presented Checks — Smoke","specs\Smoke\5-PresentedChecksSmoke.spec.ts","",""
"","9582","Navigation tabs to Pre-Decisions, Approvals, and Exception History are visible","webkit","Fri Sep 04 10:25:49 UTC 2026","passed","Fri Sep 04 10:25:58 UTC 2026","Exceptions — Smoke (Continued)","specs\Smoke\8-ExceptionsSmoke.spec.ts","",""
"","30443","Check Approval Rules sub-page loads correctly","webkit","Fri Sep 04 10:10:15 UTC 2026","passed","Fri Sep 04 10:10:45 UTC 2026","Application Navigation Smoke Tests","specs\Smoke\2-NavigationSmoke.spec.ts","",""
"","13459","Clicking a column header sorts ascending, clicking again sorts descending","chromium","Fri Sep 04 10:26:20 UTC 2026","passed","Fri Sep 04 10:26:33 UTC 2026","Exceptions — Smoke (Continued)","specs\Smoke\8-ExceptionsSmoke.spec.ts","",""
"","8836","Verify navigation to Presented Checks via nav menu","chromium","Fri Sep 04 10:18:10 UTC 2026","passed","Fri Sep 04 10:18:19 UTC 2026","Home Dashboard","specs\Smoke\3-HomeDashboardSmoke.spec.ts","",""
"","6357","Validate forgot password with unregistered email","msedge","Fri Sep 04 10:15:05 UTC 2026","passed","Fri Sep 04 10:15:11 UTC 2026","","specs\Smoke\1-LoginSmoke.spec.ts","",""
"","13504","Verify navigation to Issued Checks via nav menu","firefox","Fri Sep 04 10:40:40 UTC 2026","passed","Fri Sep 04 10:40:53 UTC 2026","Home Dashboard","specs\Smoke\3-HomeDashboardSmoke.spec.ts","",""
"","9837","Previous page button returns to page 1, First page button re-enables disabled state","msedge","Fri Sep 04 10:19:28 UTC 2026","passed","Fri Sep 04 10:19:38 UTC 2026","Presented Checks — Smoke","specs\Smoke\5-PresentedChecksSmoke.spec.ts","",""
"","10774","""Delete"" on a row shows a confirm modal; Cancel dismisses it without deleting","msedge","Fri Sep 04 10:23:26 UTC 2026","passed","Fri Sep 04 10:23:37 UTC 2026","ACH — Smoke","specs\Smoke\7-ACHSmoke.spec.ts","",""
"","9840","Settings page loads correctly","chromium","Fri Sep 04 10:15:09 UTC 2026","passed","Fri Sep 04 10:15:19 UTC 2026","Application Navigation Smoke Tests","specs\Smoke\2-NavigationSmoke.spec.ts","",""
"","16105","Notification Templates sub-page loads correctly","firefox","Fri Sep 04 10:39:04 UTC 2026","passed","Fri Sep 04 10:39:20 UTC 2026","Application Navigation Smoke Tests","specs\Smoke\2-NavigationSmoke.spec.ts","",""
"","10248","Next page arrow advances to page 2","chromium","Fri Sep 04 10:24:26 UTC 2026","passed","Fri Sep 04 10:24:36 UTC 2026","Exceptions — Smoke","specs\Smoke\8-ExceptionsSmoke.spec.ts","",""
"","22484","Verify Check Only tab shows Check-specific chart sections","firefox","Fri Sep 04 10:37:56 UTC 2026","passed","Fri Sep 04 10:38:18 UTC 2026","Home Dashboard","specs\Smoke\3-HomeDashboardSmoke.spec.ts","",""
"","14430","Verify tab-specific charts are hidden for opposite tab","firefox","Fri Sep 04 10:39:06 UTC 2026","passed","Fri Sep 04 10:39:20 UTC 2026","Home Dashboard","specs\Smoke\3-HomeDashboardSmoke.spec.ts","",""
"","7806","Verify Check Only tab shows Check-specific chart sections","msedge","Fri Sep 04 10:15:45 UTC 2026","passed","Fri Sep 04 10:15:52 UTC 2026","Home Dashboard","specs\Smoke\3-HomeDashboardSmoke.spec.ts","",""
"","13827","Saved Filters dropdown is visible and defaults to no preset","webkit","Fri Sep 04 10:17:15 UTC 2026","passed","Fri Sep 04 10:17:29 UTC 2026","Presented Checks — Smoke","specs\Smoke\5-PresentedChecksSmoke.spec.ts","",""
"","8828","Validate Login functionality with incorrectUsername","webkit","Fri Sep 04 10:06:25 UTC 2026","passed","Fri Sep 04 10:06:34 UTC 2026","","specs\Smoke\1-LoginSmoke.spec.ts","",""
"","8969","Validate Login functionality with missingUsername","webkit","Fri Sep 04 10:07:08 UTC 2026","passed","Fri Sep 04 10:07:17 UTC 2026","","specs\Smoke\1-LoginSmoke.spec.ts","",""
"","8448","Default filter auto-applies after logout and re-login","msedge","Fri Sep 04 10:22:33 UTC 2026","skipped","Fri Sep 04 10:22:41 UTC 2026","ACH — Smoke","specs\Smoke\7-ACHSmoke.spec.ts","",""
"","9173","Typing a page number navigates to that page","msedge","Fri Sep 04 10:18:40 UTC 2026","passed","Fri Sep 04 10:18:49 UTC 2026","Issued Checks — Smoke","specs\Smoke\4-IssuedChecksSmoke.spec.ts","",""
"","11658","Previous page button returns to page 1, First page button re-enables disabled state","msedge","Fri Sep 04 10:22:20 UTC 2026","passed","Fri Sep 04 10:22:32 UTC 2026","Exceptions — Smoke","specs\Smoke\8-ExceptionsSmoke.spec.ts","",""
"","12524","""Delete"" on a row shows a confirm modal; Cancel dismisses it without deleting","chromium","Fri Sep 04 10:27:26 UTC 2026","passed","Fri Sep 04 10:27:39 UTC 2026","ACH — Smoke","specs\Smoke\7-ACHSmoke.spec.ts","",""
"","7627","Verify navigation to Settings via nav menu","msedge","Fri Sep 04 10:17:55 UTC 2026","passed","Fri Sep 04 10:18:02 UTC 2026","Home Dashboard","specs\Smoke\3-HomeDashboardSmoke.spec.ts","",""
"","16012","Validate teller presented-check form shows all required fields","webkit","Fri Sep 04 10:19:15 UTC 2026","passed","Fri Sep 04 10:19:31 UTC 2026","Teller - Smoke","specs\Smoke\6-TellerSmoke.spec.ts","",""
"","13463","System Log sub-page loads correctly","webkit","Fri Sep 04 10:12:14 UTC 2026","passed","Fri Sep 04 10:12:27 UTC 2026","Application Navigation Smoke Tests","specs\Smoke\2-NavigationSmoke.spec.ts","",""
"","11922","Grid View toggle navigates to the open-exceptions grid and shows key column headers","chromium","Fri Sep 04 10:27:57 UTC 2026","passed","Fri Sep 04 10:28:09 UTC 2026","Exceptions — Smoke (Continued)","specs\Smoke\8-ExceptionsSmoke.spec.ts","",""
"","11125","Typing a page number navigates to that page","chromium","Fri Sep 04 10:25:16 UTC 2026","passed","Fri Sep 04 10:25:27 UTC 2026","ACH — Smoke","specs\Smoke\7-ACHSmoke.spec.ts","",""
"","11557","Last page arrow jumps to the final page","chromium","Fri Sep 04 10:24:36 UTC 2026","passed","Fri Sep 04 10:24:48 UTC 2026","Exceptions — Smoke","specs\Smoke\8-ExceptionsSmoke.spec.ts","",""
"","31752","Typing a page number navigates to that page","webkit","Fri Sep 04 10:16:21 UTC 2026","passed","Fri Sep 04 10:16:52 UTC 2026","Presented Checks — Smoke","specs\Smoke\5-PresentedChecksSmoke.spec.ts","",""
"","11842","""Delete"" on a row shows a confirm modal; Cancel dismisses it without deleting","chromium","Fri Sep 04 10:22:53 UTC 2026","passed","Fri Sep 04 10:23:05 UTC 2026","Presented Checks — Smoke (Continued)","specs\Smoke\5-PresentedChecksSmoke.spec.ts","",""
"","12776","Last page arrow jumps to the final page","chromium","Fri Sep 04 10:20:08 UTC 2026","passed","Fri Sep 04 10:20:21 UTC 2026","Issued Checks — Smoke","specs\Smoke\4-IssuedChecksSmoke.spec.ts","",""
"","9952","System Log sub-page loads correctly","chromium","Fri Sep 04 10:18:16 UTC 2026","passed","Fri Sep 04 10:18:26 UTC 2026","Application Navigation Smoke Tests","specs\Smoke\2-NavigationSmoke.spec.ts","",""
"","17101","Last page arrow jumps to the final page","firefox","Fri Sep 04 10:49:00 UTC 2026","passed","Fri Sep 04 10:49:17 UTC 2026","Exceptions — Smoke","specs\Smoke\8-ExceptionsSmoke.spec.ts","",""
"","9059","Exception History grid loads with data rows and key column headers","msedge","Fri Sep 04 10:21:13 UTC 2026","passed","Fri Sep 04 10:21:22 UTC 2026","Exceptions — Smoke","specs\Smoke\8-ExceptionsSmoke.spec.ts","",""
"","8774","Last page arrow jumps to the final page","msedge","Fri Sep 04 10:19:10 UTC 2026","passed","Fri Sep 04 10:19:19 UTC 2026","Presented Checks — Smoke","specs\Smoke\5-PresentedChecksSmoke.spec.ts","",""
"","12851","Holiday Schedules sub-page loads correctly","chromium","Fri Sep 04 10:16:37 UTC 2026","passed","Fri Sep 04 10:16:50 UTC 2026","Application Navigation Smoke Tests","specs\Smoke\2-NavigationSmoke.spec.ts","",""
"","7841","Verify all three dashboard view tabs are visible","chromium","Fri Sep 04 10:16:00 UTC 2026","passed","Fri Sep 04 10:16:08 UTC 2026","Home Dashboard","specs\Smoke\3-HomeDashboardSmoke.spec.ts","",""
"","14404","Column filter menu applies a filter and Clear restores the full row set","chromium","Fri Sep 04 10:26:33 UTC 2026","passed","Fri Sep 04 10:26:48 UTC 2026","Exceptions — Smoke (Continued)","specs\Smoke\8-ExceptionsSmoke.spec.ts","",""
"","10707","Verify profile menu shows My Info and Logout links","firefox","Fri Sep 04 10:40:08 UTC 2026","passed","Fri Sep 04 10:40:19 UTC 2026","Home Dashboard","specs\Smoke\3-HomeDashboardSmoke.spec.ts","",""
"","4939","Validate Login functionality with incorrectUsername","msedge","Fri Sep 04 10:14:12 UTC 2026","passed","Fri Sep 04 10:14:17 UTC 2026","","specs\Smoke\1-LoginSmoke.spec.ts","",""
"","5904","Validate Login functionality with incorrectPassword","firefox","Fri Sep 04 10:35:41 UTC 2026","passed","Fri Sep 04 10:35:47 UTC 2026","","specs\Smoke\1-LoginSmoke.spec.ts","",""
"","15047","Verify navigation to Issued Checks via nav menu","webkit","Fri Sep 04 10:12:50 UTC 2026","passed","Fri Sep 04 10:13:05 UTC 2026","Home Dashboard","specs\Smoke\3-HomeDashboardSmoke.spec.ts","",""
"","7654","Verify ACH Only tab shows ACH-specific chart sections","msedge","Fri Sep 04 10:15:52 UTC 2026","passed","Fri Sep 04 10:16:00 UTC 2026","Home Dashboard","specs\Smoke\3-HomeDashboardSmoke.spec.ts","",""
"","8675","Default filter auto-applies after logout and re-login","msedge","Fri Sep 04 10:19:10 UTC 2026","skipped","Fri Sep 04 10:19:18 UTC 2026","Issued Checks — Default Filter (Serial)","specs\Smoke\4-IssuedChecksSmoke.spec.ts","",""
"","5591","Validate Login functionality with missingUsername","msedge","Fri Sep 04 10:14:33 UTC 2026","passed","Fri Sep 04 10:14:38 UTC 2026","","specs\Smoke\1-LoginSmoke.spec.ts","",""
"","13468","Last page arrow jumps to the final page","chromium","Fri Sep 04 10:25:03 UTC 2026","passed","Fri Sep 04 10:25:16 UTC 2026","ACH — Smoke","specs\Smoke\7-ACHSmoke.spec.ts","",""
"","7190","Branding sub-page loads correctly","msedge","Fri Sep 04 10:15:21 UTC 2026","passed","Fri Sep 04 10:15:28 UTC 2026","Application Navigation Smoke Tests","specs\Smoke\2-NavigationSmoke.spec.ts","",""
"","7957","Exceptions breadcrumb link is visible on the page","msedge","Fri Sep 04 10:23:51 UTC 2026","passed","Fri Sep 04 10:23:59 UTC 2026","Exceptions — Smoke (Continued)","specs\Smoke\8-ExceptionsSmoke.spec.ts","",""
"","11970","Pay/Return decision badge navigates to exception history","chromium","Fri Sep 04 10:23:05 UTC 2026","passed","Fri Sep 04 10:23:17 UTC 2026","Presented Checks — Smoke (Continued)","specs\Smoke\5-PresentedChecksSmoke.spec.ts","",""
"","6536","Validate unauthenticated access to protected route is redirected to login","chromium","Fri Sep 04 10:15:45 UTC 2026","passed","Fri Sep 04 10:15:51 UTC 2026","","specs\Smoke\1-LoginSmoke.spec.ts","",""
"","18453","Search box filters grid and clears correctly","webkit","Fri Sep 04 10:14:59 UTC 2026","passed","Fri Sep 04 10:15:17 UTC 2026","Presented Checks — Smoke","specs\Smoke\5-PresentedChecksSmoke.spec.ts","",""
"","11396","Next page arrow advances to page 2","chromium","Fri Sep 04 10:19:57 UTC 2026","passed","Fri Sep 04 10:20:08 UTC 2026","Issued Checks — Smoke","specs\Smoke\4-IssuedChecksSmoke.spec.ts","",""
"","14762","Grid loads with data rows and key column headers","firefox","Fri Sep 04 10:41:43 UTC 2026","passed","Fri Sep 04 10:41:58 UTC 2026","Presented Checks — Smoke","specs\Smoke\5-PresentedChecksSmoke.spec.ts","",""
"","5060","Verify Combined View shows all chart sections","msedge","Fri Sep 04 10:15:40 UTC 2026","passed","Fri Sep 04 10:15:45 UTC 2026","Home Dashboard","specs\Smoke\3-HomeDashboardSmoke.spec.ts","",""
"","16098","""Edit"" link on a row navigates to the check edit form","firefox","Fri Sep 04 10:46:12 UTC 2026","passed","Fri Sep 04 10:46:28 UTC 2026","Issued Checks — Smoke (Continued)","specs\Smoke\4-IssuedChecksSmoke.spec.ts","",""
"","18640","Previous page button returns to page 1, First page button re-enables disabled state","firefox","Fri Sep 04 10:49:35 UTC 2026","passed","Fri Sep 04 10:49:53 UTC 2026","Exceptions — Smoke","specs\Smoke\8-ExceptionsSmoke.spec.ts","",""
"","9631","Page size change to 10 updates pagination info in bottom-right pager","msedge","Fri Sep 04 10:18:12 UTC 2026","passed","Fri Sep 04 10:18:21 UTC 2026","Issued Checks — Smoke","specs\Smoke\4-IssuedChecksSmoke.spec.ts","",""
"","11121","Grid loads with data rows and key column headers","chromium","Fri Sep 04 10:23:40 UTC 2026","passed","Fri Sep 04 10:23:51 UTC 2026","ACH — Smoke","specs\Smoke\7-ACHSmoke.spec.ts","",""
"","13481","Verify navigation to Presented Checks via nav menu","firefox","Fri Sep 04 10:40:54 UTC 2026","passed","Fri Sep 04 10:41:07 UTC 2026","Home Dashboard","specs\Smoke\3-HomeDashboardSmoke.spec.ts","",""
"","6468","Approvals page loads with either records or the empty-state message","webkit","Fri Sep 04 10:26:18 UTC 2026","passed","Fri Sep 04 10:26:25 UTC 2026","Exceptions — Smoke (Continued)","specs\Smoke\8-ExceptionsSmoke.spec.ts","",""
"","7021","Pre-Decisions page loads with either records or the empty-state message","webkit","Fri Sep 04 10:26:25 UTC 2026","passed","Fri Sep 04 10:26:32 UTC 2026","Exceptions — Smoke (Continued)","specs\Smoke\8-ExceptionsSmoke.spec.ts","",""
"","15555","Presented Checks breadcrumb link is visible on the page","webkit","Fri Sep 04 10:20:05 UTC 2026","passed","Fri Sep 04 10:20:20 UTC 2026","Presented Checks — Smoke (Continued)","specs\Smoke\5-PresentedChecksSmoke.spec.ts","",""
"","15826","""View"" (Change Log) link on a row navigates to the entity log","webkit","Fri Sep 04 10:19:13 UTC 2026","passed","Fri Sep 04 10:19:29 UTC 2026","Presented Checks — Smoke (Continued)","specs\Smoke\5-PresentedChecksSmoke.spec.ts","",""
"","9385","Presented Checks page loads correctly","msedge","Fri Sep 04 10:14:09 UTC 2026","passed","Fri Sep 04 10:14:18 UTC 2026","Application Navigation Smoke Tests","specs\Smoke\2-NavigationSmoke.spec.ts","",""
"","15255","Verify dashboard tab checked state updates correctly","firefox","Fri Sep 04 10:38:36 UTC 2026","passed","Fri Sep 04 10:38:51 UTC 2026","Home Dashboard","specs\Smoke\3-HomeDashboardSmoke.spec.ts","",""
"","18824","Excel export button is visible and enabled","firefox","Fri Sep 04 10:48:08 UTC 2026","passed","Fri Sep 04 10:48:27 UTC 2026","Exceptions — Smoke","specs\Smoke\8-ExceptionsSmoke.spec.ts","",""
"","11692","Previous page button returns to page 1, First page button re-enables disabled state","msedge","Fri Sep 04 10:22:10 UTC 2026","passed","Fri Sep 04 10:22:21 UTC 2026","ACH — Smoke","specs\Smoke\7-ACHSmoke.spec.ts","",""
"","14486","Pay/Return decision badge navigates to exception history","msedge","Fri Sep 04 10:23:37 UTC 2026","passed","Fri Sep 04 10:23:51 UTC 2026","ACH — Smoke","specs\Smoke\7-ACHSmoke.spec.ts","",""
"","9026","Verify dashboard tab checked state updates correctly","msedge","Fri Sep 04 10:16:00 UTC 2026","passed","Fri Sep 04 10:16:09 UTC 2026","Home Dashboard","specs\Smoke\3-HomeDashboardSmoke.spec.ts","",""
"","12866","Roles/Permissions sub-page loads correctly","webkit","Fri Sep 04 10:08:03 UTC 2026","passed","Fri Sep 04 10:08:16 UTC 2026","Application Navigation Smoke Tests","specs\Smoke\2-NavigationSmoke.spec.ts","",""
"","11779","Teller page loads correctly","webkit","Fri Sep 04 10:06:33 UTC 2026","passed","Fri Sep 04 10:06:45 UTC 2026","Application Navigation Smoke Tests","specs\Smoke\2-NavigationSmoke.spec.ts","",""
"","10292","""Uploaded Checks"" navigates to the uploads page","chromium","Fri Sep 04 10:19:13 UTC 2026","passed","Fri Sep 04 10:19:23 UTC 2026","Issued Checks — Smoke","specs\Smoke\4-IssuedChecksSmoke.spec.ts","",""
"","11389","Page size change to 10 updates pagination info in bottom-right pager","chromium","Fri Sep 04 10:24:15 UTC 2026","passed","Fri Sep 04 10:24:26 UTC 2026","Exceptions — Smoke","specs\Smoke\8-ExceptionsSmoke.spec.ts","",""
"","13054","Verify navigation to ACH via nav menu","webkit","Fri Sep 04 10:13:19 UTC 2026","passed","Fri Sep 04 10:13:32 UTC 2026","Home Dashboard","specs\Smoke\3-HomeDashboardSmoke.spec.ts","",""
"","11139","Web Hooks sub-page loads correctly","chromium","Fri Sep 04 10:18:47 UTC 2026","passed","Fri Sep 04 10:18:58 UTC 2026","Application Navigation Smoke Tests","specs\Smoke\2-NavigationSmoke.spec.ts","",""
"","14418","Verify Combined View shows all chart sections","webkit","Fri Sep 04 10:09:01 UTC 2026","passed","Fri Sep 04 10:09:15 UTC 2026","Home Dashboard","specs\Smoke\3-HomeDashboardSmoke.spec.ts","",""
"","14442","Clicking a column header sorts ascending, clicking again sorts descending","firefox","Fri Sep 04 10:45:29 UTC 2026","passed","Fri Sep 04 10:45:44 UTC 2026","Presented Checks — Smoke (Continued)","specs\Smoke\5-PresentedChecksSmoke.spec.ts","",""
"","12291","Notification Log sub-page loads correctly","firefox","Fri Sep 04 10:40:20 UTC 2026","passed","Fri Sep 04 10:40:32 UTC 2026","Application Navigation Smoke Tests","specs\Smoke\2-NavigationSmoke.spec.ts","",""
"","15871","Column filter popup applies a filter and Clear restores the full row set","chromium","Fri Sep 04 10:22:37 UTC 2026","passed","Fri Sep 04 10:22:52 UTC 2026","Issued Checks — Smoke (Continued)","specs\Smoke\4-IssuedChecksSmoke.spec.ts","",""
"","10684","Default Decision Log sub-page loads correctly","chromium","Fri Sep 04 10:18:05 UTC 2026","passed","Fri Sep 04 10:18:16 UTC 2026","Application Navigation Smoke Tests","specs\Smoke\2-NavigationSmoke.spec.ts","",""
"","11409","Issued Checks breadcrumb link is visible on the page","chromium","Fri Sep 04 10:23:29 UTC 2026","passed","Fri Sep 04 10:23:40 UTC 2026","Issued Checks — Smoke (Continued)","specs\Smoke\4-IssuedChecksSmoke.spec.ts","",""
"","7432","Web Hooks sub-page loads correctly","msedge","Fri Sep 04 10:17:26 UTC 2026","passed","Fri Sep 04 10:17:34 UTC 2026","Application Navigation Smoke Tests","specs\Smoke\2-NavigationSmoke.spec.ts","",""
"","10230","Excel export button is visible and enabled","chromium","Fri Sep 04 10:19:36 UTC 2026","passed","Fri Sep 04 10:19:46 UTC 2026","Issued Checks — Smoke","specs\Smoke\4-IssuedChecksSmoke.spec.ts","",""
"","10091","Saved Filters dropdown is visible and defaults to no preset","chromium","Fri Sep 04 10:20:45 UTC 2026","passed","Fri Sep 04 10:20:55 UTC 2026","Issued Checks — Smoke","specs\Smoke\4-IssuedChecksSmoke.spec.ts","",""
"","16352","Previous page button returns to page 1, First page button re-enables disabled state","chromium","Fri Sep 04 10:24:59 UTC 2026","passed","Fri Sep 04 10:25:16 UTC 2026","Exceptions — Smoke","specs\Smoke\8-ExceptionsSmoke.spec.ts","",""
"","15979","""+ Add Check"" navigates to the add-check form","webkit","Fri Sep 04 10:13:32 UTC 2026","passed","Fri Sep 04 10:13:48 UTC 2026","Issued Checks — Smoke","specs\Smoke\4-IssuedChecksSmoke.spec.ts","",""
"","29782","Save a filter preset, verify it is auto-selected, then delete it","firefox","Fri Sep 04 10:45:07 UTC 2026","passed","Fri Sep 04 10:45:37 UTC 2026","Issued Checks — Smoke (Continued)","specs\Smoke\4-IssuedChecksSmoke.spec.ts","",""
"","15890","Default filter auto-applies after logout and re-login","webkit","Fri Sep 04 10:17:29 UTC 2026","skipped","Fri Sep 04 10:17:45 UTC 2026","Presented Checks — Default Filter (Serial)","specs\Smoke\5-PresentedChecksSmoke.spec.ts","",""
"","26100","Decision badge on an already-reviewed row is blocked with a system message","webkit","Fri Sep 04 10:25:13 UTC 2026","passed","Fri Sep 04 10:25:39 UTC 2026","Exceptions — Smoke (Continued)","specs\Smoke\8-ExceptionsSmoke.spec.ts","",""
"","10297","Business Clients sub-page loads correctly","chromium","Fri Sep 04 10:15:29 UTC 2026","passed","Fri Sep 04 10:15:39 UTC 2026","Application Navigation Smoke Tests","specs\Smoke\2-NavigationSmoke.spec.ts","",""
"","10223","Default filter auto-applies after logout and re-login","firefox","Fri Sep 04 10:50:10 UTC 2026","skipped","Fri Sep 04 10:50:20 UTC 2026","Exceptions — Default Filter (Serial)","specs\Smoke\8-ExceptionsSmoke.spec.ts","",""
"","11007","""Delete"" on a row shows a confirm modal; Cancel dismisses it without deleting","msedge","Fri Sep 04 10:20:17 UTC 2026","passed","Fri Sep 04 10:20:28 UTC 2026","Issued Checks — Smoke (Continued)","specs\Smoke\4-IssuedChecksSmoke.spec.ts","",""
"","10193","Verify dashboard footer footnote and privacy link are visible","chromium","Fri Sep 04 10:17:34 UTC 2026","passed","Fri Sep 04 10:17:44 UTC 2026","Home Dashboard","specs\Smoke\3-HomeDashboardSmoke.spec.ts","",""
"","12630","Validate session persists after page refresh","firefox","Fri Sep 04 10:37:05 UTC 2026","passed","Fri Sep 04 10:37:18 UTC 2026","","specs\Smoke\1-LoginSmoke.spec.ts","",""
"","17798","""Uploaded Checks"" navigates to the uploads page","webkit","Fri Sep 04 10:14:41 UTC 2026","passed","Fri Sep 04 10:14:59 UTC 2026","Presented Checks — Smoke","specs\Smoke\5-PresentedChecksSmoke.spec.ts","",""
"","7684","Excel export button is visible and enabled","msedge","Fri Sep 04 10:18:04 UTC 2026","passed","Fri Sep 04 10:18:12 UTC 2026","Issued Checks — Smoke","specs\Smoke\4-IssuedChecksSmoke.spec.ts","",""
"","9376","Presented Checks page loads correctly","chromium","Fri Sep 04 10:14:29 UTC 2026","passed","Fri Sep 04 10:14:39 UTC 2026","Application Navigation Smoke Tests","specs\Smoke\2-NavigationSmoke.spec.ts","",""
"","11951","Search box filters grid and clears correctly","chromium","Fri Sep 04 10:23:53 UTC 2026","passed","Fri Sep 04 10:24:05 UTC 2026","Exceptions — Smoke","specs\Smoke\8-ExceptionsSmoke.spec.ts","",""
"","26703","Column filter popup applies a filter and Clear restores the full row set","firefox","Fri Sep 04 10:45:44 UTC 2026","passed","Fri Sep 04 10:46:10 UTC 2026","Presented Checks — Smoke (Continued)","specs\Smoke\5-PresentedChecksSmoke.spec.ts","",""
"","17414","Previous page button returns to page 1, First page button re-enables disabled state","firefox","Fri Sep 04 10:44:16 UTC 2026","passed","Fri Sep 04 10:44:34 UTC 2026","Issued Checks — Smoke","specs\Smoke\4-IssuedChecksSmoke.spec.ts","",""
"","13522","Home page is accessible and shows dashboard","msedge","Fri Sep 04 10:13:46 UTC 2026","passed","Fri Sep 04 10:14:00 UTC 2026","Application Navigation Smoke Tests","specs\Smoke\2-NavigationSmoke.spec.ts","",""
"","17627","Page size change to 10 updates pagination info in bottom-right pager","firefox","Fri Sep 04 10:43:13 UTC 2026","passed","Fri Sep 04 10:43:30 UTC 2026","Presented Checks — Smoke","specs\Smoke\5-PresentedChecksSmoke.spec.ts","",""
"","8857","""Edit"" link on a row navigates to the check edit form","msedge","Fri Sep 04 10:20:28 UTC 2026","passed","Fri Sep 04 10:20:37 UTC 2026","Presented Checks — Smoke (Continued)","specs\Smoke\5-PresentedChecksSmoke.spec.ts","",""
"","8958","Verify delayed data note and force refresh link are visible on dashboard","chromium","Fri Sep 04 10:17:25 UTC 2026","passed","Fri Sep 04 10:17:34 UTC 2026","Home Dashboard","specs\Smoke\3-HomeDashboardSmoke.spec.ts","",""
"","15504","Excel export button is visible and enabled","webkit","Fri Sep 04 10:15:17 UTC 2026","passed","Fri Sep 04 10:15:33 UTC 2026","Presented Checks — Smoke","specs\Smoke\5-PresentedChecksSmoke.spec.ts","",""
"","15860","Home page is accessible and shows dashboard","webkit","Fri Sep 04 10:05:48 UTC 2026","passed","Fri Sep 04 10:06:04 UTC 2026","Application Navigation Smoke Tests","specs\Smoke\2-NavigationSmoke.spec.ts","",""
"","12981","""View"" (Change Log) link on a row navigates to the entity log","chromium","Fri Sep 04 10:22:40 UTC 2026","passed","Fri Sep 04 10:22:53 UTC 2026","Presented Checks — Smoke (Continued)","specs\Smoke\5-PresentedChecksSmoke.spec.ts","",""
"","9449","""View"" link on a row opens the Exception Details dialog","msedge","Fri Sep 04 10:23:27 UTC 2026","passed","Fri Sep 04 10:23:37 UTC 2026","Exceptions — Smoke (Continued)","specs\Smoke\8-ExceptionsSmoke.spec.ts","",""
"","8253","Default filter auto-applies after logout and re-login","msedge","Fri Sep 04 10:22:41 UTC 2026","skipped","Fri Sep 04 10:22:49 UTC 2026","Exceptions — Default Filter (Serial)","specs\Smoke\8-ExceptionsSmoke.spec.ts","",""
"","13605","Settings page loads correctly","webkit","Fri Sep 04 10:07:11 UTC 2026","passed","Fri Sep 04 10:07:25 UTC 2026","Application Navigation Smoke Tests","specs\Smoke\2-NavigationSmoke.spec.ts","",""
"","17440","Next page arrow advances to page 2","firefox","Fri Sep 04 10:43:30 UTC 2026","passed","Fri Sep 04 10:43:48 UTC 2026","Presented Checks — Smoke","specs\Smoke\5-PresentedChecksSmoke.spec.ts","",""
"","9497","Open Exceptions page loads with either exception cards or the empty-state message","webkit","Fri Sep 04 10:25:58 UTC 2026","passed","Fri Sep 04 10:26:08 UTC 2026","Exceptions — Smoke (Continued)","specs\Smoke\8-ExceptionsSmoke.spec.ts","",""
"","7397","Verify dashboard footer footnote and privacy link are visible","msedge","Fri Sep 04 10:16:56 UTC 2026","passed","Fri Sep 04 10:17:03 UTC 2026","Home Dashboard","specs\Smoke\3-HomeDashboardSmoke.spec.ts","",""
"","14227","Previous page button returns to page 1, First page button re-enables disabled state","chromium","Fri Sep 04 10:20:31 UTC 2026","passed","Fri Sep 04 10:20:45 UTC 2026","Issued Checks — Smoke","specs\Smoke\4-IssuedChecksSmoke.spec.ts","",""
"","12895","Verify navigation to Settings via nav menu","chromium","Fri Sep 04 10:18:37 UTC 2026","passed","Fri Sep 04 10:18:50 UTC 2026","Home Dashboard","specs\Smoke\3-HomeDashboardSmoke.spec.ts","",""
"","10055","Excel export button is visible and enabled","chromium","Fri Sep 04 10:24:05 UTC 2026","passed","Fri Sep 04 10:24:15 UTC 2026","Exceptions — Smoke","specs\Smoke\8-ExceptionsSmoke.spec.ts","",""
"","13701","Decision badge on an already-reviewed row is blocked with a system message","msedge","Fri Sep 04 10:23:37 UTC 2026","passed","Fri Sep 04 10:23:51 UTC 2026","Exceptions — Smoke (Continued)","specs\Smoke\8-ExceptionsSmoke.spec.ts","",""
"","18152","Typing a page number navigates to that page","firefox","Fri Sep 04 10:43:58 UTC 2026","passed","Fri Sep 04 10:44:16 UTC 2026","Issued Checks — Smoke","specs\Smoke\4-IssuedChecksSmoke.spec.ts","",""
"","9687","""+ Add ACH"" navigates to the add-ACH form","msedge","Fri Sep 04 10:20:55 UTC 2026","passed","Fri Sep 04 10:21:05 UTC 2026","ACH — Smoke","specs\Smoke\7-ACHSmoke.spec.ts","",""
"","18368","Decision badge on an already-reviewed row is blocked with a system message","firefox","Fri Sep 04 10:51:46 UTC 2026","passed","Fri Sep 04 10:52:04 UTC 2026","Exceptions — Smoke (Continued)","specs\Smoke\8-ExceptionsSmoke.spec.ts","",""
"","16868","""Edit"" link on a row navigates to the check edit form","webkit","Fri Sep 04 10:18:56 UTC 2026","passed","Fri Sep 04 10:19:13 UTC 2026","Presented Checks — Smoke (Continued)","specs\Smoke\5-PresentedChecksSmoke.spec.ts","",""
"","16238","Search box filters grid and clears correctly","firefox","Fri Sep 04 10:48:23 UTC 2026","passed","Fri Sep 04 10:48:39 UTC 2026","ACH — Smoke","specs\Smoke\7-ACHSmoke.spec.ts","",""
"","8343","Verify Total Exceptions and Total Exception Amount labels are visible","msedge","Fri Sep 04 10:16:25 UTC 2026","passed","Fri Sep 04 10:16:34 UTC 2026","Home Dashboard","specs\Smoke\3-HomeDashboardSmoke.spec.ts","",""
"","9778","Exceptions breadcrumb link is visible on the page","webkit","Fri Sep 04 10:25:39 UTC 2026","passed","Fri Sep 04 10:25:49 UTC 2026","Exceptions — Smoke (Continued)","specs\Smoke\8-ExceptionsSmoke.spec.ts","",""
"","21755","Save a filter preset, verify it is auto-selected, then delete it","firefox","Fri Sep 04 10:45:07 UTC 2026","passed","Fri Sep 04 10:45:29 UTC 2026","Presented Checks — Smoke (Continued)","specs\Smoke\5-PresentedChecksSmoke.spec.ts","",""
"","13915","Last page arrow jumps to the final page","firefox","Fri Sep 04 10:43:48 UTC 2026","passed","Fri Sep 04 10:44:02 UTC 2026","Presented Checks — Smoke","specs\Smoke\5-PresentedChecksSmoke.spec.ts","",""
"","10654","Column filter popup applies a filter and Clear restores the full row set","msedge","Fri Sep 04 10:23:05 UTC 2026","passed","Fri Sep 04 10:23:16 UTC 2026","ACH — Smoke","specs\Smoke\7-ACHSmoke.spec.ts","",""
"","11421","Saved Filters dropdown is visible and defaults to no preset","msedge","Fri Sep 04 10:22:21 UTC 2026","passed","Fri Sep 04 10:22:33 UTC 2026","ACH — Smoke","specs\Smoke\7-ACHSmoke.spec.ts","",""
"","16410","""Delete"" on a row shows a confirm modal; Cancel dismisses it without deleting","firefox","Fri Sep 04 10:52:19 UTC 2026","passed","Fri Sep 04 10:52:36 UTC 2026","ACH — Smoke","specs\Smoke\7-ACHSmoke.spec.ts","",""
"","10734","Clicking a column header sorts ascending, clicking again sorts descending","msedge","Fri Sep 04 10:23:06 UTC 2026","passed","Fri Sep 04 10:23:17 UTC 2026","Exceptions — Smoke (Continued)","specs\Smoke\8-ExceptionsSmoke.spec.ts","",""
"","10258","Verify ACH Only tab shows ACH-specific chart sections","chromium","Fri Sep 04 10:16:26 UTC 2026","passed","Fri Sep 04 10:16:36 UTC 2026","Home Dashboard","specs\Smoke\3-HomeDashboardSmoke.spec.ts","",""
"","8369","Saved Filters dropdown is visible and defaults to no preset","msedge","Fri Sep 04 10:19:01 UTC 2026","passed","Fri Sep 04 10:19:09 UTC 2026","Issued Checks — Smoke","specs\Smoke\4-IssuedChecksSmoke.spec.ts","",""
"","9144","Notification Log sub-page loads correctly","chromium","Fri Sep 04 10:17:56 UTC 2026","passed","Fri Sep 04 10:18:05 UTC 2026","Application Navigation Smoke Tests","specs\Smoke\2-NavigationSmoke.spec.ts","",""
"","14304","Decision Files sub-page loads correctly","chromium","Fri Sep 04 10:16:23 UTC 2026","passed","Fri Sep 04 10:16:37 UTC 2026","Application Navigation Smoke Tests","specs\Smoke\2-NavigationSmoke.spec.ts","",""
"","7746","Automatic ACH Decision Rules sub-page loads correctly","chromium","Fri Sep 04 10:17:36 UTC 2026","passed","Fri Sep 04 10:17:44 UTC 2026","Application Navigation Smoke Tests","specs\Smoke\2-NavigationSmoke.spec.ts","",""
"","15723","Grid loads with data rows and key column headers","firefox","Fri Sep 04 10:41:41 UTC 2026","passed","Fri Sep 04 10:41:57 UTC 2026","Issued Checks — Smoke","specs\Smoke\4-IssuedChecksSmoke.spec.ts","",""
"","8480","Excel export button is visible and enabled","msedge","Fri Sep 04 10:21:32 UTC 2026","passed","Fri Sep 04 10:21:40 UTC 2026","Exceptions — Smoke","specs\Smoke\8-ExceptionsSmoke.spec.ts","",""
"","17888","Next page arrow advances to page 2","webkit","Fri Sep 04 10:15:00 UTC 2026","passed","Fri Sep 04 10:15:18 UTC 2026","Issued Checks — Smoke","specs\Smoke\4-IssuedChecksSmoke.spec.ts","",""
"","17702","""Edit"" link on a row navigates to the check edit form","webkit","Fri Sep 04 10:18:06 UTC 2026","passed","Fri Sep 04 10:18:23 UTC 2026","Issued Checks — Smoke (Continued)","specs\Smoke\4-IssuedChecksSmoke.spec.ts","",""
"","11451","Typing a page number navigates to that page","msedge","Fri Sep 04 10:22:09 UTC 2026","passed","Fri Sep 04 10:22:20 UTC 2026","Exceptions — Smoke","specs\Smoke\8-ExceptionsSmoke.spec.ts","",""
"","11270","Verify navigation to Exceptions via nav menu","firefox","Fri Sep 04 10:41:18 UTC 2026","passed","Fri Sep 04 10:41:29 UTC 2026","Home Dashboard","specs\Smoke\3-HomeDashboardSmoke.spec.ts","",""
"","5365","Validate Login functionality with xssInUsername","msedge","Fri Sep 04 10:14:42 UTC 2026","passed","Fri Sep 04 10:14:48 UTC 2026","","specs\Smoke\1-LoginSmoke.spec.ts","",""
"","11336","Issued Checks page loads correctly","chromium","Fri Sep 04 10:14:18 UTC 2026","passed","Fri Sep 04 10:14:29 UTC 2026","Application Navigation Smoke Tests","specs\Smoke\2-NavigationSmoke.spec.ts","",""
"","13077","Navigation tabs to Pre-Decisions, Approvals, and Exception History are visible","chromium","Fri Sep 04 10:27:29 UTC 2026","passed","Fri Sep 04 10:27:43 UTC 2026","Exceptions — Smoke (Continued)","specs\Smoke\8-ExceptionsSmoke.spec.ts","",""
"","18824","Clicking a column header sorts ascending, clicking again sorts descending","webkit","Fri Sep 04 10:23:55 UTC 2026","passed","Fri Sep 04 10:24:14 UTC 2026","Exceptions — Smoke (Continued)","specs\Smoke\8-ExceptionsSmoke.spec.ts","",""
"","16591","Verify delayed data note and force refresh link are visible on dashboard","webkit","Fri Sep 04 10:11:48 UTC 2026","passed","Fri Sep 04 10:12:05 UTC 2026","Home Dashboard","specs\Smoke\3-HomeDashboardSmoke.spec.ts","",""
"","11833","Grid loads with data rows and key column headers","chromium","Fri Sep 04 10:18:58 UTC 2026","passed","Fri Sep 04 10:19:10 UTC 2026","Presented Checks — Smoke","specs\Smoke\5-PresentedChecksSmoke.spec.ts","",""
"","28705","Verify chart title changes with selected tab","webkit","Fri Sep 04 10:10:15 UTC 2026","passed","Fri Sep 04 10:10:44 UTC 2026","Home Dashboard","specs\Smoke\3-HomeDashboardSmoke.spec.ts","",""
"","18689","Save a filter preset, verify it is auto-selected, then delete it","chromium","Fri Sep 04 10:26:01 UTC 2026","passed","Fri Sep 04 10:26:20 UTC 2026","Exceptions — Smoke (Continued)","specs\Smoke\8-ExceptionsSmoke.spec.ts","",""
"","10299","""View"" (Change Log) link on a row navigates to the entity log","msedge","Fri Sep 04 10:20:06 UTC 2026","passed","Fri Sep 04 10:20:17 UTC 2026","Issued Checks — Smoke (Continued)","specs\Smoke\4-IssuedChecksSmoke.spec.ts","",""
"","11023","Excel export button is visible and enabled","chromium","Fri Sep 04 10:24:28 UTC 2026","passed","Fri Sep 04 10:24:39 UTC 2026","ACH — Smoke","specs\Smoke\7-ACHSmoke.spec.ts","",""
"","10161","Exceptions page loads correctly","chromium","Fri Sep 04 10:14:59 UTC 2026","passed","Fri Sep 04 10:15:09 UTC 2026","Application Navigation Smoke Tests","specs\Smoke\2-NavigationSmoke.spec.ts","",""
"","8055","Grid View toggle navigates to the open-exceptions grid and shows key column headers","msedge","Fri Sep 04 10:24:14 UTC 2026","passed","Fri Sep 04 10:24:22 UTC 2026","Exceptions — Smoke (Continued)","specs\Smoke\8-ExceptionsSmoke.spec.ts","",""
"","14762","Issued Checks page loads correctly","webkit","Fri Sep 04 10:06:04 UTC 2026","passed","Fri Sep 04 10:06:19 UTC 2026","Application Navigation Smoke Tests","specs\Smoke\2-NavigationSmoke.spec.ts","",""
"","7565","Open Exceptions page loads with either exception cards or the empty-state message","msedge","Fri Sep 04 10:24:06 UTC 2026","passed","Fri Sep 04 10:24:14 UTC 2026","Exceptions — Smoke (Continued)","specs\Smoke\8-ExceptionsSmoke.spec.ts","",""
"","8214","Holiday Schedules sub-page loads correctly","msedge","Fri Sep 04 10:15:45 UTC 2026","passed","Fri Sep 04 10:15:53 UTC 2026","Application Navigation Smoke Tests","specs\Smoke\2-NavigationSmoke.spec.ts","",""
"","7292","ACH page loads correctly","msedge","Fri Sep 04 10:14:26 UTC 2026","passed","Fri Sep 04 10:14:33 UTC 2026","Application Navigation Smoke Tests","specs\Smoke\2-NavigationSmoke.spec.ts","",""
"","13125","File Formats sub-page loads correctly","chromium","Fri Sep 04 10:16:50 UTC 2026","passed","Fri Sep 04 10:17:03 UTC 2026","Application Navigation Smoke Tests","specs\Smoke\2-NavigationSmoke.spec.ts","",""
"","27501","Automatic Check Decision Rules sub-page loads correctly","webkit","Fri Sep 04 10:09:47 UTC 2026","passed","Fri Sep 04 10:10:15 UTC 2026","Application Navigation Smoke Tests","specs\Smoke\2-NavigationSmoke.spec.ts","",""
"","7719","""Uploaded ACH"" navigates to the uploads page","msedge","Fri Sep 04 10:21:05 UTC 2026","passed","Fri Sep 04 10:21:13 UTC 2026","ACH — Smoke","specs\Smoke\7-ACHSmoke.spec.ts","",""
"","7760","File Formats sub-page loads correctly","msedge","Fri Sep 04 10:15:53 UTC 2026","passed","Fri Sep 04 10:16:01 UTC 2026","Application Navigation Smoke Tests","specs\Smoke\2-NavigationSmoke.spec.ts","",""
"","11199","""Uploaded ACH"" navigates to the uploads page","chromium","Fri Sep 04 10:24:03 UTC 2026","passed","Fri Sep 04 10:24:14 UTC 2026","ACH — Smoke","specs\Smoke\7-ACHSmoke.spec.ts","",""
"","8786","API link is visible and points to swagger","msedge","Fri Sep 04 10:17:18 UTC 2026","passed","Fri Sep 04 10:17:26 UTC 2026","Application Navigation Smoke Tests","specs\Smoke\2-NavigationSmoke.spec.ts","",""
"","6474","Users sub-page loads correctly","msedge","Fri Sep 04 10:15:05 UTC 2026","passed","Fri Sep 04 10:15:12 UTC 2026","Application Navigation Smoke Tests","specs\Smoke\2-NavigationSmoke.spec.ts","",""
"","11496","Saved Filters dropdown is visible and defaults to no preset","chromium","Fri Sep 04 10:25:16 UTC 2026","passed","Fri Sep 04 10:25:27 UTC 2026","Exceptions — Smoke","specs\Smoke\8-ExceptionsSmoke.spec.ts","",""
"","17379","""Uploaded ACH"" navigates to the uploads page","webkit","Fri Sep 04 10:20:08 UTC 2026","passed","Fri Sep 04 10:20:26 UTC 2026","ACH — Smoke","specs\Smoke\7-ACHSmoke.spec.ts","",""
"","24801","Pay/Return decision badge navigates to exception history","firefox","Fri Sep 04 10:52:36 UTC 2026","passed","Fri Sep 04 10:53:01 UTC 2026","ACH — Smoke","specs\Smoke\7-ACHSmoke.spec.ts","",""
"","15204","Clicking a column header sorts ascending, clicking again sorts descending","firefox","Fri Sep 04 10:51:22 UTC 2026","passed","Fri Sep 04 10:51:37 UTC 2026","ACH — Smoke","specs\Smoke\7-ACHSmoke.spec.ts","",""
"","12287","Page size change to 10 updates pagination info in bottom-right pager","chromium","Fri Sep 04 10:19:57 UTC 2026","passed","Fri Sep 04 10:20:09 UTC 2026","Presented Checks — Smoke","specs\Smoke\5-PresentedChecksSmoke.spec.ts","",""
"","10791","Clicking a column header sorts ascending, clicking again sorts descending","msedge","Fri Sep 04 10:19:35 UTC 2026","passed","Fri Sep 04 10:19:46 UTC 2026","Issued Checks — Smoke (Continued)","specs\Smoke\4-IssuedChecksSmoke.spec.ts","",""
"","18953","Search box filters grid and clears correctly","firefox","Fri Sep 04 10:47:49 UTC 2026","passed","Fri Sep 04 10:48:08 UTC 2026","Exceptions — Smoke","specs\Smoke\8-ExceptionsSmoke.spec.ts","",""
"","9459","Account Settings sub-page loads correctly","msedge","Fri Sep 04 10:14:49 UTC 2026","passed","Fri Sep 04 10:14:58 UTC 2026","Application Navigation Smoke Tests","specs\Smoke\2-NavigationSmoke.spec.ts","",""
"","17893","Save a filter preset, verify it is auto-selected, then delete it","chromium","Fri Sep 04 10:26:26 UTC 2026","passed","Fri Sep 04 10:26:44 UTC 2026","ACH — Smoke","specs\Smoke\7-ACHSmoke.spec.ts","",""
"","16579","Last page arrow jumps to the final page","webkit","Fri Sep 04 10:21:36 UTC 2026","passed","Fri Sep 04 10:21:52 UTC 2026","ACH — Smoke","specs\Smoke\7-ACHSmoke.spec.ts","",""
"","17069","Typing a page number navigates to that page","webkit","Fri Sep 04 10:15:34 UTC 2026","passed","Fri Sep 04 10:15:51 UTC 2026","Issued Checks — Smoke","specs\Smoke\4-IssuedChecksSmoke.spec.ts","",""
"","17944","Typing a page number navigates to that page","firefox","Fri Sep 04 10:44:02 UTC 2026","passed","Fri Sep 04 10:44:20 UTC 2026","Presented Checks — Smoke","specs\Smoke\5-PresentedChecksSmoke.spec.ts","",""
"","12830","Previous page button returns to page 1, First page button re-enables disabled state","chromium","Fri Sep 04 10:20:46 UTC 2026","passed","Fri Sep 04 10:20:59 UTC 2026","Presented Checks — Smoke","specs\Smoke\5-PresentedChecksSmoke.spec.ts","",""
"","19892","Grid loads with data rows and key column headers","webkit","Fri Sep 04 10:14:00 UTC 2026","passed","Fri Sep 04 10:14:20 UTC 2026","Presented Checks — Smoke","specs\Smoke\5-PresentedChecksSmoke.spec.ts","",""
"","29015","Verify dashboard tab checked state updates correctly","webkit","Fri Sep 04 10:09:46 UTC 2026","passed","Fri Sep 04 10:10:15 UTC 2026","Home Dashboard","specs\Smoke\3-HomeDashboardSmoke.spec.ts","",""
"","20711","Verify Home dashboard is restored after returning from another page","firefox","Fri Sep 04 10:40:19 UTC 2026","passed","Fri Sep 04 10:40:40 UTC 2026","Home Dashboard","specs\Smoke\3-HomeDashboardSmoke.spec.ts","",""
"","18001","Excel export button is visible and enabled","webkit","Fri Sep 04 10:20:43 UTC 2026","passed","Fri Sep 04 10:21:01 UTC 2026","ACH — Smoke","specs\Smoke\7-ACHSmoke.spec.ts","",""
"","9924","Validate forgot password functionality","webkit","Fri Sep 04 10:07:43 UTC 2026","passed","Fri Sep 04 10:07:52 UTC 2026","","specs\Smoke\1-LoginSmoke.spec.ts","",""
"","14011","Presented Checks page loads correctly","webkit","Fri Sep 04 10:06:19 UTC 2026","passed","Fri Sep 04 10:06:33 UTC 2026","Application Navigation Smoke Tests","specs\Smoke\2-NavigationSmoke.spec.ts","",""
"","7796","Clicking a column header sorts ascending, clicking again sorts descending","msedge","Fri Sep 04 10:22:57 UTC 2026","passed","Fri Sep 04 10:23:05 UTC 2026","ACH — Smoke","specs\Smoke\7-ACHSmoke.spec.ts","",""
"","7369","Verify all three dashboard view tabs are visible","firefox","Fri Sep 04 10:37:36 UTC 2026","passed","Fri Sep 04 10:37:44 UTC 2026","Home Dashboard","specs\Smoke\3-HomeDashboardSmoke.spec.ts","",""
"","17953","Search box filters grid and clears correctly","webkit","Fri Sep 04 10:20:44 UTC 2026","passed","Fri Sep 04 10:21:02 UTC 2026","Exceptions — Smoke","specs\Smoke\8-ExceptionsSmoke.spec.ts","",""
"","15657","""View"" (Change Log) link on a row navigates to the entity log","firefox","Fri Sep 04 10:46:28 UTC 2026","passed","Fri Sep 04 10:46:43 UTC 2026","Issued Checks — Smoke (Continued)","specs\Smoke\4-IssuedChecksSmoke.spec.ts","",""
"","19128","Clicking a column header sorts ascending, clicking again sorts descending","webkit","Fri Sep 04 10:18:14 UTC 2026","passed","Fri Sep 04 10:18:33 UTC 2026","Presented Checks — Smoke (Continued)","specs\Smoke\5-PresentedChecksSmoke.spec.ts","",""
"","10312","Grid View toggle navigates to the open-exceptions grid and shows key column headers","webkit","Fri Sep 04 10:26:08 UTC 2026","passed","Fri Sep 04 10:26:18 UTC 2026","Exceptions — Smoke (Continued)","specs\Smoke\8-ExceptionsSmoke.spec.ts","",""
"","11463","File Processing sub-page loads correctly","chromium","Fri Sep 04 10:18:26 UTC 2026","passed","Fri Sep 04 10:18:37 UTC 2026","Application Navigation Smoke Tests","specs\Smoke\2-NavigationSmoke.spec.ts","",""
"","13528","Verify profile menu shows My Info and Logout links","webkit","Fri Sep 04 10:12:19 UTC 2026","passed","Fri Sep 04 10:12:33 UTC 2026","Home Dashboard","specs\Smoke\3-HomeDashboardSmoke.spec.ts","",""
"","13121","File Formats sub-page loads correctly","firefox","Fri Sep 04 10:38:51 UTC 2026","passed","Fri Sep 04 10:39:04 UTC 2026","Application Navigation Smoke Tests","specs\Smoke\2-NavigationSmoke.spec.ts","",""
"","23224","Previous page button returns to page 1, First page button re-enables disabled state","webkit","Fri Sep 04 10:22:30 UTC 2026","passed","Fri Sep 04 10:22:53 UTC 2026","Exceptions — Smoke","specs\Smoke\8-ExceptionsSmoke.spec.ts","",""
"","15204","Validate Login functionality with correctCredentials","webkit","Fri Sep 04 10:05:48 UTC 2026","passed","Fri Sep 04 10:06:03 UTC 2026","","specs\Smoke\1-LoginSmoke.spec.ts","",""
"","11219","Validate teller presented-check form shows all required fields","chromium","Fri Sep 04 10:23:29 UTC 2026","passed","Fri Sep 04 10:23:40 UTC 2026","Teller - Smoke","specs\Smoke\6-TellerSmoke.spec.ts","",""
"","13160","Account Settings sub-page loads correctly","firefox","Fri Sep 04 10:36:55 UTC 2026","passed","Fri Sep 04 10:37:08 UTC 2026","Application Navigation Smoke Tests","specs\Smoke\2-NavigationSmoke.spec.ts","",""
"","8845","Pay/Return decision badge navigates to exception history","msedge","Fri Sep 04 10:20:55 UTC 2026","passed","Fri Sep 04 10:21:04 UTC 2026","Presented Checks — Smoke (Continued)","specs\Smoke\5-PresentedChecksSmoke.spec.ts","",""
"","7766","ACH breadcrumb link is visible on the page","msedge","Fri Sep 04 10:23:51 UTC 2026","passed","Fri Sep 04 10:23:59 UTC 2026","ACH — Smoke","specs\Smoke\7-ACHSmoke.spec.ts","",""
"","9842","""+ Add Check"" navigates to the add-check form","msedge","Fri Sep 04 10:18:11 UTC 2026","passed","Fri Sep 04 10:18:21 UTC 2026","Presented Checks — Smoke","specs\Smoke\5-PresentedChecksSmoke.spec.ts","",""
"","15695","""View"" (Change Log) link on a row navigates to the entity log","firefox","Fri Sep 04 10:46:28 UTC 2026","passed","Fri Sep 04 10:46:43 UTC 2026","Presented Checks — Smoke (Continued)","specs\Smoke\5-PresentedChecksSmoke.spec.ts","",""
"","15368","Holiday Schedules sub-page loads correctly","firefox","Fri Sep 04 10:38:35 UTC 2026","passed","Fri Sep 04 10:38:51 UTC 2026","Application Navigation Smoke Tests","specs\Smoke\2-NavigationSmoke.spec.ts","",""
"","16634","Saved Filters dropdown is visible and defaults to no preset","firefox","Fri Sep 04 10:44:34 UTC 2026","passed","Fri Sep 04 10:44:50 UTC 2026","Issued Checks — Smoke","specs\Smoke\4-IssuedChecksSmoke.spec.ts","",""
"","9137","Automatic Check Decision Rules sub-page loads correctly","msedge","Fri Sep 04 10:16:10 UTC 2026","passed","Fri Sep 04 10:16:19 UTC 2026","Application Navigation Smoke Tests","specs\Smoke\2-NavigationSmoke.spec.ts","",""
"","10615","Verify delayed data note and force refresh link are visible on dashboard","msedge","Fri Sep 04 10:16:45 UTC 2026","passed","Fri Sep 04 10:16:56 UTC 2026","Home Dashboard","specs\Smoke\3-HomeDashboardSmoke.spec.ts","",""
"","8282","Clicking a column header sorts ascending, clicking again sorts descending","msedge","Fri Sep 04 10:20:09 UTC 2026","passed","Fri Sep 04 10:20:17 UTC 2026","Presented Checks — Smoke (Continued)","specs\Smoke\5-PresentedChecksSmoke.spec.ts","",""
"","16281","""Uploaded Checks"" navigates to the uploads page","webkit","Fri Sep 04 10:13:48 UTC 2026","passed","Fri Sep 04 10:14:04 UTC 2026","Issued Checks — Smoke","specs\Smoke\4-IssuedChecksSmoke.spec.ts","",""
"","13462","Web Hooks sub-page loads correctly","firefox","Fri Sep 04 10:41:28 UTC 2026","passed","Fri Sep 04 10:41:41 UTC 2026","Application Navigation Smoke Tests","specs\Smoke\2-NavigationSmoke.spec.ts","",""
"","8984","Notification Log sub-page loads correctly","msedge","Fri Sep 04 10:16:48 UTC 2026","passed","Fri Sep 04 10:16:57 UTC 2026","Application Navigation Smoke Tests","specs\Smoke\2-NavigationSmoke.spec.ts","",""
"","7173","Validate forgot password functionality with No email","firefox","Fri Sep 04 10:36:51 UTC 2026","passed","Fri Sep 04 10:36:58 UTC 2026","","specs\Smoke\1-LoginSmoke.spec.ts","",""
"","6336","File Processing sub-page loads correctly","msedge","Fri Sep 04 10:17:11 UTC 2026","passed","Fri Sep 04 10:17:18 UTC 2026","Application Navigation Smoke Tests","specs\Smoke\2-NavigationSmoke.spec.ts","",""
"","7019","Validate Login functionality with invalidEmailFormat","firefox","Fri Sep 04 10:35:54 UTC 2026","passed","Fri Sep 04 10:36:01 UTC 2026","","specs\Smoke\1-LoginSmoke.spec.ts","",""
"","15798","Last page arrow jumps to the final page","webkit","Fri Sep 04 10:16:05 UTC 2026","passed","Fri Sep 04 10:16:21 UTC 2026","Presented Checks — Smoke","specs\Smoke\5-PresentedChecksSmoke.spec.ts","",""
"","13753","ACH page loads correctly","firefox","Fri Sep 04 10:36:18 UTC 2026","passed","Fri Sep 04 10:36:32 UTC 2026","Application Navigation Smoke Tests","specs\Smoke\2-NavigationSmoke.spec.ts","",""
"","10869","Column filter menu applies a filter and Clear restores the full row set","msedge","Fri Sep 04 10:23:17 UTC 2026","passed","Fri Sep 04 10:23:27 UTC 2026","Exceptions — Smoke (Continued)","specs\Smoke\8-ExceptionsSmoke.spec.ts","",""
"","10025","Typing a page number navigates to that page","chromium","Fri Sep 04 10:20:21 UTC 2026","passed","Fri Sep 04 10:20:31 UTC 2026","Issued Checks — Smoke","specs\Smoke\4-IssuedChecksSmoke.spec.ts","",""
"","8432","Validate forgot password with unregistered email","webkit","Fri Sep 04 10:08:03 UTC 2026","passed","Fri Sep 04 10:08:11 UTC 2026","","specs\Smoke\1-LoginSmoke.spec.ts","",""
"","17823","""+ Add ACH"" navigates to the add-ACH form","webkit","Fri Sep 04 10:19:51 UTC 2026","passed","Fri Sep 04 10:20:08 UTC 2026","ACH — Smoke","specs\Smoke\7-ACHSmoke.spec.ts","",""
"","5185","Validate forgot password functionality","chromium","Fri Sep 04 10:15:17 UTC 2026","passed","Fri Sep 04 10:15:22 UTC 2026","","specs\Smoke\1-LoginSmoke.spec.ts","",""
"","11982","Branding sub-page loads correctly","firefox","Fri Sep 04 10:38:01 UTC 2026","passed","Fri Sep 04 10:38:13 UTC 2026","Application Navigation Smoke Tests","specs\Smoke\2-NavigationSmoke.spec.ts","",""
"","20543","Search box filters grid and clears correctly","firefox","Fri Sep 04 10:42:34 UTC 2026","passed","Fri Sep 04 10:42:54 UTC 2026","Issued Checks — Smoke","specs\Smoke\4-IssuedChecksSmoke.spec.ts","",""
"","11012","Check Approval Rules sub-page loads correctly","chromium","Fri Sep 04 10:17:25 UTC 2026","passed","Fri Sep 04 10:17:36 UTC 2026","Application Navigation Smoke Tests","specs\Smoke\2-NavigationSmoke.spec.ts","",""
"","7113","""+ Add Check"" navigates to the add-check form","msedge","Fri Sep 04 10:17:41 UTC 2026","passed","Fri Sep 04 10:17:48 UTC 2026","Issued Checks — Smoke","specs\Smoke\4-IssuedChecksSmoke.spec.ts","",""
"","9154","Issued Checks breadcrumb link is visible on the page","msedge","Fri Sep 04 10:20:28 UTC 2026","passed","Fri Sep 04 10:20:37 UTC 2026","Issued Checks — Smoke (Continued)","specs\Smoke\4-IssuedChecksSmoke.spec.ts","",""
"","12162","""+ Add Check"" navigates to the add-check form","chromium","Fri Sep 04 10:19:01 UTC 2026","passed","Fri Sep 04 10:19:13 UTC 2026","Issued Checks — Smoke","specs\Smoke\4-IssuedChecksSmoke.spec.ts","",""
"","5199","Validate Login functionality with invalidEmailFormat","chromium","Fri Sep 04 10:14:38 UTC 2026","passed","Fri Sep 04 10:14:43 UTC 2026","","specs\Smoke\1-LoginSmoke.spec.ts","",""
"","17502","Saved Filters dropdown is visible and defaults to no preset","webkit","Fri Sep 04 10:22:36 UTC 2026","passed","Fri Sep 04 10:22:53 UTC 2026","ACH — Smoke","specs\Smoke\7-ACHSmoke.spec.ts","",""
"","8029","Validate Login functionality with caseSensitiveEmail","chromium","Fri Sep 04 10:14:18 UTC 2026","passed","Fri Sep 04 10:14:26 UTC 2026","","specs\Smoke\1-LoginSmoke.spec.ts","",""
"","17850","Pay/Return decision badge navigates to exception history","chromium","Fri Sep 04 10:27:39 UTC 2026","passed","Fri Sep 04 10:27:57 UTC 2026","ACH — Smoke","specs\Smoke\7-ACHSmoke.spec.ts","",""
"","15152","Verify Check Only tab shows Check-specific chart sections","webkit","Fri Sep 04 10:09:15 UTC 2026","passed","Fri Sep 04 10:09:31 UTC 2026","Home Dashboard","specs\Smoke\3-HomeDashboardSmoke.spec.ts","",""
"","8468","System Log sub-page loads correctly","msedge","Fri Sep 04 10:17:03 UTC 2026","passed","Fri Sep 04 10:17:11 UTC 2026","Application Navigation Smoke Tests","specs\Smoke\2-NavigationSmoke.spec.ts","",""
"","10278","Search box filters grid and clears correctly","msedge","Fri Sep 04 10:21:13 UTC 2026","passed","Fri Sep 04 10:21:23 UTC 2026","ACH — Smoke","specs\Smoke\7-ACHSmoke.spec.ts","",""
"","15766","Clicking a column header sorts ascending, clicking again sorts descending","firefox","Fri Sep 04 10:50:46 UTC 2026","passed","Fri Sep 04 10:51:01 UTC 2026","Exceptions — Smoke (Continued)","specs\Smoke\8-ExceptionsSmoke.spec.ts","",""
"","8800","Roles/Permissions sub-page loads correctly","msedge","Fri Sep 04 10:15:12 UTC 2026","passed","Fri Sep 04 10:15:20 UTC 2026","Application Navigation Smoke Tests","specs\Smoke\2-NavigationSmoke.spec.ts","",""
"","12565","Verify dashboard loads after successful login","firefox","Fri Sep 04 10:37:24 UTC 2026","passed","Fri Sep 04 10:37:36 UTC 2026","Home Dashboard","specs\Smoke\3-HomeDashboardSmoke.spec.ts","",""
"","5996","Validate Login functionality with emptyFields","chromium","Fri Sep 04 10:14:43 UTC 2026","passed","Fri Sep 04 10:14:49 UTC 2026","","specs\Smoke\1-LoginSmoke.spec.ts","",""
"","9972","Automatic Check Decision Rules sub-page loads correctly","chromium","Fri Sep 04 10:17:15 UTC 2026","passed","Fri Sep 04 10:17:25 UTC 2026","Application Navigation Smoke Tests","specs\Smoke\2-NavigationSmoke.spec.ts","",""
"","17637","""Delete"" on a row shows a confirm modal; Cancel dismisses it without deleting","webkit","Fri Sep 04 10:19:29 UTC 2026","passed","Fri Sep 04 10:19:47 UTC 2026","Presented Checks — Smoke (Continued)","specs\Smoke\5-PresentedChecksSmoke.spec.ts","",""
"","3868","Validate Login functionality with sqlInjection","msedge","Fri Sep 04 10:14:38 UTC 2026","passed","Fri Sep 04 10:14:42 UTC 2026","","specs\Smoke\1-LoginSmoke.spec.ts","",""
"","13919","ACH Approval Rules sub-page loads correctly","firefox","Fri Sep 04 10:40:05 UTC 2026","passed","Fri Sep 04 10:40:19 UTC 2026","Application Navigation Smoke Tests","specs\Smoke\2-NavigationSmoke.spec.ts","",""
"","14683","Check Approval Rules sub-page loads correctly","msedge","Fri Sep 04 10:16:19 UTC 2026","passed","Fri Sep 04 10:16:34 UTC 2026","Application Navigation Smoke Tests","specs\Smoke\2-NavigationSmoke.spec.ts","",""
"","10801","Exceptions breadcrumb link is visible on the page","chromium","Fri Sep 04 10:27:19 UTC 2026","passed","Fri Sep 04 10:27:29 UTC 2026","Exceptions — Smoke (Continued)","specs\Smoke\8-ExceptionsSmoke.spec.ts","",""
"","19554","""Delete"" on a row shows a confirm modal; Cancel dismisses it without deleting","webkit","Fri Sep 04 10:18:40 UTC 2026","passed","Fri Sep 04 10:18:59 UTC 2026","Issued Checks — Smoke (Continued)","specs\Smoke\4-IssuedChecksSmoke.spec.ts","",""
"","30422","Verify tab-specific charts are hidden for opposite tab","webkit","Fri Sep 04 10:10:44 UTC 2026","passed","Fri Sep 04 10:11:15 UTC 2026","Home Dashboard","specs\Smoke\3-HomeDashboardSmoke.spec.ts","",""
"","7325","Verify tab-specific charts are hidden for opposite tab","msedge","Fri Sep 04 10:16:18 UTC 2026","passed","Fri Sep 04 10:16:25 UTC 2026","Home Dashboard","specs\Smoke\3-HomeDashboardSmoke.spec.ts","",""
"","13680","Billing Reports sub-page loads correctly","webkit","Fri Sep 04 10:08:30 UTC 2026","passed","Fri Sep 04 10:08:44 UTC 2026","Application Navigation Smoke Tests","specs\Smoke\2-NavigationSmoke.spec.ts","",""
"","39892","Save a filter preset, verify it is auto-selected, then delete it","webkit","Fri Sep 04 10:16:44 UTC 2026","passed","Fri Sep 04 10:17:24 UTC 2026","Issued Checks — Smoke (Continued)","specs\Smoke\4-IssuedChecksSmoke.spec.ts","",""
"","17915","Next page arrow advances to page 2","webkit","Fri Sep 04 10:21:18 UTC 2026","passed","Fri Sep 04 10:21:36 UTC 2026","ACH — Smoke","specs\Smoke\7-ACHSmoke.spec.ts","",""
"","6369","Validate Login functionality with incorrectUsername","firefox","Fri Sep 04 10:35:47 UTC 2026","passed","Fri Sep 04 10:35:54 UTC 2026","","specs\Smoke\1-LoginSmoke.spec.ts","",""
"","9289","Validate Login functionality with xssInUsername","webkit","Fri Sep 04 10:07:26 UTC 2026","passed","Fri Sep 04 10:07:35 UTC 2026","","specs\Smoke\1-LoginSmoke.spec.ts","",""
"","16445","Page size change to 10 updates pagination info in bottom-right pager","webkit","Fri Sep 04 10:21:01 UTC 2026","passed","Fri Sep 04 10:21:18 UTC 2026","ACH — Smoke","specs\Smoke\7-ACHSmoke.spec.ts","",""
"","4855","Pre-Decisions page loads with either records or the empty-state message","msedge","Fri Sep 04 10:24:27 UTC 2026","passed","Fri Sep 04 10:24:32 UTC 2026","Exceptions — Smoke (Continued)","specs\Smoke\8-ExceptionsSmoke.spec.ts","",""
"","13615","Teller page loads correctly","firefox","Fri Sep 04 10:36:05 UTC 2026","passed","Fri Sep 04 10:36:18 UTC 2026","Application Navigation Smoke Tests","specs\Smoke\2-NavigationSmoke.spec.ts","",""
"","9477","Typing a page number navigates to that page","msedge","Fri Sep 04 10:19:19 UTC 2026","passed","Fri Sep 04 10:19:28 UTC 2026","Presented Checks — Smoke","specs\Smoke\5-PresentedChecksSmoke.spec.ts","",""
"","15106","Verify Home dashboard is restored after returning from another page","msedge","Fri Sep 04 10:17:11 UTC 2026","passed","Fri Sep 04 10:17:26 UTC 2026","Home Dashboard","specs\Smoke\3-HomeDashboardSmoke.spec.ts","",""
"","17540","""View"" (Change Log) link on a row navigates to the entity log","firefox","Fri Sep 04 10:52:02 UTC 2026","passed","Fri Sep 04 10:52:19 UTC 2026","ACH — Smoke","specs\Smoke\7-ACHSmoke.spec.ts","",""
"","11769","""Edit"" link on a row navigates to the check edit form","chromium","Fri Sep 04 10:22:53 UTC 2026","passed","Fri Sep 04 10:23:04 UTC 2026","Issued Checks — Smoke (Continued)","specs\Smoke\4-IssuedChecksSmoke.spec.ts","",""
"","10911","Grid loads with data rows and key column headers","chromium","Fri Sep 04 10:18:50 UTC 2026","passed","Fri Sep 04 10:19:01 UTC 2026","Issued Checks — Smoke","specs\Smoke\4-IssuedChecksSmoke.spec.ts","",""
"","14377","ACH breadcrumb link is visible on the page","webkit","Fri Sep 04 10:25:27 UTC 2026","passed","Fri Sep 04 10:25:41 UTC 2026","ACH — Smoke","specs\Smoke\7-ACHSmoke.spec.ts","",""
"","17753","Grid loads with data rows and key column headers","webkit","Fri Sep 04 10:13:14 UTC 2026","passed","Fri Sep 04 10:13:32 UTC 2026","Issued Checks — Smoke","specs\Smoke\4-IssuedChecksSmoke.spec.ts","",""
"","12624","Settings page loads correctly","firefox","Fri Sep 04 10:36:42 UTC 2026","passed","Fri Sep 04 10:36:55 UTC 2026","Application Navigation Smoke Tests","specs\Smoke\2-NavigationSmoke.spec.ts","",""
"","7583","Navigation tabs to Pre-Decisions, Approvals, and Exception History are visible","msedge","Fri Sep 04 10:23:59 UTC 2026","passed","Fri Sep 04 10:24:06 UTC 2026","Exceptions — Smoke (Continued)","specs\Smoke\8-ExceptionsSmoke.spec.ts","",""
"","17798","""+ Add Check"" navigates to the add-check form","firefox","Fri Sep 04 10:41:58 UTC 2026","passed","Fri Sep 04 10:42:16 UTC 2026","Presented Checks — Smoke","specs\Smoke\5-PresentedChecksSmoke.spec.ts","",""
"","7110","Validate Login functionality with veryLongInput","webkit","Fri Sep 04 10:07:35 UTC 2026","passed","Fri Sep 04 10:07:43 UTC 2026","","specs\Smoke\1-LoginSmoke.spec.ts","",""
"","12118","Verify summary KPI values have expected number formats","webkit","Fri Sep 04 10:11:36 UTC 2026","passed","Fri Sep 04 10:11:48 UTC 2026","Home Dashboard","specs\Smoke\3-HomeDashboardSmoke.spec.ts","",""
"","4756","Validate Login functionality with emptyFields","firefox","Fri Sep 04 10:36:01 UTC 2026","passed","Fri Sep 04 10:36:06 UTC 2026","","specs\Smoke\1-LoginSmoke.spec.ts","",""
"","11388","Verify summary KPI values have expected number formats","msedge","Fri Sep 04 10:16:34 UTC 2026","passed","Fri Sep 04 10:16:45 UTC 2026","Home Dashboard","specs\Smoke\3-HomeDashboardSmoke.spec.ts","",""
"","8744","Next page arrow advances to page 2","msedge","Fri Sep 04 10:21:50 UTC 2026","passed","Fri Sep 04 10:21:59 UTC 2026","Exceptions — Smoke","specs\Smoke\8-ExceptionsSmoke.spec.ts","",""
"","6812","Exceptions page loads correctly","msedge","Fri Sep 04 10:14:33 UTC 2026","passed","Fri Sep 04 10:14:40 UTC 2026","Application Navigation Smoke Tests","specs\Smoke\2-NavigationSmoke.spec.ts","",""
"","17843","Last page arrow jumps to the final page","firefox","Fri Sep 04 10:49:35 UTC 2026","passed","Fri Sep 04 10:49:53 UTC 2026","ACH — Smoke","specs\Smoke\7-ACHSmoke.spec.ts","",""
"","13667","Automatic Check Decision Rules sub-page loads correctly","firefox","Fri Sep 04 10:39:20 UTC 2026","passed","Fri Sep 04 10:39:34 UTC 2026","Application Navigation Smoke Tests","specs\Smoke\2-NavigationSmoke.spec.ts","",""
"","21336","Save a filter preset, verify it is auto-selected, then delete it","firefox","Fri Sep 04 10:51:01 UTC 2026","passed","Fri Sep 04 10:51:22 UTC 2026","ACH — Smoke","specs\Smoke\7-ACHSmoke.spec.ts","",""
"","15998","""+ Add Check"" navigates to the add-check form","firefox","Fri Sep 04 10:41:57 UTC 2026","passed","Fri Sep 04 10:42:13 UTC 2026","Issued Checks — Smoke","specs\Smoke\4-IssuedChecksSmoke.spec.ts","",""
"","23356","Exception History grid loads with data rows and key column headers","webkit","Fri Sep 04 10:20:20 UTC 2026","passed","Fri Sep 04 10:20:44 UTC 2026","Exceptions — Smoke","specs\Smoke\8-ExceptionsSmoke.spec.ts","",""
"","10721","Verify dashboard tab checked state updates correctly","chromium","Fri Sep 04 10:16:36 UTC 2026","passed","Fri Sep 04 10:16:47 UTC 2026","Home Dashboard","specs\Smoke\3-HomeDashboardSmoke.spec.ts","",""
"","14916","File Formats sub-page loads correctly","webkit","Fri Sep 04 10:09:16 UTC 2026","passed","Fri Sep 04 10:09:31 UTC 2026","Application Navigation Smoke Tests","specs\Smoke\2-NavigationSmoke.spec.ts","",""
"","16131","Validate teller presented-check form shows all required fields","firefox","Fri Sep 04 10:47:16 UTC 2026","passed","Fri Sep 04 10:47:32 UTC 2026","Teller - Smoke","specs\Smoke\6-TellerSmoke.spec.ts","",""
"","32181","Save a filter preset, verify it is auto-selected, then delete it","webkit","Fri Sep 04 10:23:23 UTC 2026","passed","Fri Sep 04 10:23:55 UTC 2026","Exceptions — Smoke (Continued)","specs\Smoke\8-ExceptionsSmoke.spec.ts","",""
"","13747","Business Clients sub-page loads correctly","firefox","Fri Sep 04 10:37:08 UTC 2026","passed","Fri Sep 04 10:37:22 UTC 2026","Application Navigation Smoke Tests","specs\Smoke\2-NavigationSmoke.spec.ts","",""
"","9961","Pre-Decisions page loads with either records or the empty-state message","firefox","Fri Sep 04 10:53:16 UTC 2026","passed","Fri Sep 04 10:53:26 UTC 2026","Exceptions — Smoke (Continued)","specs\Smoke\8-ExceptionsSmoke.spec.ts","",""
"","12787","Next page arrow advances to page 2","chromium","Fri Sep 04 10:20:09 UTC 2026","passed","Fri Sep 04 10:20:22 UTC 2026","Presented Checks — Smoke","specs\Smoke\5-PresentedChecksSmoke.spec.ts","",""
"","16762","Verify Home dashboard is restored after returning from another page","webkit","Fri Sep 04 10:12:33 UTC 2026","passed","Fri Sep 04 10:12:50 UTC 2026","Home Dashboard","specs\Smoke\3-HomeDashboardSmoke.spec.ts","",""
"","15294","Grid View toggle navigates to the open-exceptions grid and shows key column headers","firefox","Fri Sep 04 10:52:49 UTC 2026","passed","Fri Sep 04 10:53:04 UTC 2026","Exceptions — Smoke (Continued)","specs\Smoke\8-ExceptionsSmoke.spec.ts","",""
"","18888","Grid loads with data rows and key column headers","webkit","Fri Sep 04 10:19:32 UTC 2026","passed","Fri Sep 04 10:19:51 UTC 2026","ACH — Smoke","specs\Smoke\7-ACHSmoke.spec.ts","",""
"","12285","Saved Filters dropdown is visible and defaults to no preset","chromium","Fri Sep 04 10:25:43 UTC 2026","passed","Fri Sep 04 10:25:55 UTC 2026","ACH — Smoke","specs\Smoke\7-ACHSmoke.spec.ts","",""
"","12963","Verify chart title changes with selected tab","chromium","Fri Sep 04 10:16:47 UTC 2026","passed","Fri Sep 04 10:17:00 UTC 2026","Home Dashboard","specs\Smoke\3-HomeDashboardSmoke.spec.ts","",""
"","25206","Save a filter preset, verify it is auto-selected, then delete it","firefox","Fri Sep 04 10:50:20 UTC 2026","passed","Fri Sep 04 10:50:46 UTC 2026","Exceptions — Smoke (Continued)","specs\Smoke\8-ExceptionsSmoke.spec.ts","",""
"","12133","""Delete"" on a row shows a confirm modal; Cancel dismisses it without deleting","chromium","Fri Sep 04 10:23:17 UTC 2026","passed","Fri Sep 04 10:23:29 UTC 2026","Issued Checks — Smoke (Continued)","specs\Smoke\4-IssuedChecksSmoke.spec.ts","",""
"","17257","Save a filter preset, verify it is auto-selected, then delete it","msedge","Fri Sep 04 10:19:18 UTC 2026","passed","Fri Sep 04 10:19:35 UTC 2026","Issued Checks — Smoke (Continued)","specs\Smoke\4-IssuedChecksSmoke.spec.ts","",""
"","6083","Default Decision Log sub-page loads correctly","msedge","Fri Sep 04 10:16:57 UTC 2026","passed","Fri Sep 04 10:17:03 UTC 2026","Application Navigation Smoke Tests","specs\Smoke\2-NavigationSmoke.spec.ts","",""
"","16756","Save a filter preset, verify it is auto-selected, then delete it","msedge","Fri Sep 04 10:22:49 UTC 2026","passed","Fri Sep 04 10:23:06 UTC 2026","Exceptions — Smoke (Continued)","specs\Smoke\8-ExceptionsSmoke.spec.ts","",""
"","17774","Next page arrow advances to page 2","webkit","Fri Sep 04 10:21:35 UTC 2026","passed","Fri Sep 04 10:21:53 UTC 2026","Exceptions — Smoke","specs\Smoke\8-ExceptionsSmoke.spec.ts","",""
"","5033","Validate Login functionality with veryLongInput","chromium","Fri Sep 04 10:15:12 UTC 2026","passed","Fri Sep 04 10:15:17 UTC 2026","","specs\Smoke\1-LoginSmoke.spec.ts","",""
"","14501","Validate Login functionality with correctCredentials","chromium","Fri Sep 04 10:14:03 UTC 2026","passed","Fri Sep 04 10:14:17 UTC 2026","","specs\Smoke\1-LoginSmoke.spec.ts","",""
"","16235","Saved Filters dropdown is visible and defaults to no preset","webkit","Fri Sep 04 10:16:15 UTC 2026","passed","Fri Sep 04 10:16:31 UTC 2026","Issued Checks — Smoke","specs\Smoke\4-IssuedChecksSmoke.spec.ts","",""
"","19484","Typing a page number navigates to that page","webkit","Fri Sep 04 10:22:10 UTC 2026","passed","Fri Sep 04 10:22:30 UTC 2026","Exceptions — Smoke","specs\Smoke\8-ExceptionsSmoke.spec.ts","",""
"","9824","ACH page loads correctly","chromium","Fri Sep 04 10:14:49 UTC 2026","passed","Fri Sep 04 10:14:59 UTC 2026","Application Navigation Smoke Tests","specs\Smoke\2-NavigationSmoke.spec.ts","",""
"","7922","Approvals page loads with either records or the empty-state message","chromium","Fri Sep 04 10:28:09 UTC 2026","passed","Fri Sep 04 10:28:17 UTC 2026","Exceptions — Smoke (Continued)","specs\Smoke\8-ExceptionsSmoke.spec.ts","",""
"","13133","Business Clients sub-page loads correctly","webkit","Fri Sep 04 10:07:37 UTC 2026","passed","Fri Sep 04 10:07:50 UTC 2026","Application Navigation Smoke Tests","specs\Smoke\2-NavigationSmoke.spec.ts","",""
"","12911","Default filter auto-applies after logout and re-login","webkit","Fri Sep 04 10:16:31 UTC 2026","skipped","Fri Sep 04 10:16:44 UTC 2026","Issued Checks — Default Filter (Serial)","specs\Smoke\4-IssuedChecksSmoke.spec.ts","",""
"","8448","Validate forgot password functionality","firefox","Fri Sep 04 10:36:43 UTC 2026","passed","Fri Sep 04 10:36:51 UTC 2026","","specs\Smoke\1-LoginSmoke.spec.ts","",""
"","9830","Last page arrow jumps to the final page","msedge","Fri Sep 04 10:18:30 UTC 2026","passed","Fri Sep 04 10:18:40 UTC 2026","Issued Checks — Smoke","specs\Smoke\4-IssuedChecksSmoke.spec.ts","",""
"","9134","Next page arrow advances to page 2","msedge","Fri Sep 04 10:18:21 UTC 2026","passed","Fri Sep 04 10:18:30 UTC 2026","Issued Checks — Smoke","specs\Smoke\4-IssuedChecksSmoke.spec.ts","",""
"","16992","Previous page button returns to page 1, First page button re-enables disabled state","firefox","Fri Sep 04 10:44:20 UTC 2026","passed","Fri Sep 04 10:44:37 UTC 2026","Presented Checks — Smoke","specs\Smoke\5-PresentedChecksSmoke.spec.ts","",""
"","22434","Previous page button returns to page 1, First page button re-enables disabled state","webkit","Fri Sep 04 10:16:52 UTC 2026","passed","Fri Sep 04 10:17:15 UTC 2026","Presented Checks — Smoke","specs\Smoke\5-PresentedChecksSmoke.spec.ts","",""
"","7121","Validate forgot password with unregistered email","firefox","Fri Sep 04 10:36:58 UTC 2026","passed","Fri Sep 04 10:37:05 UTC 2026","","specs\Smoke\1-LoginSmoke.spec.ts","",""
"","6986","Verify navigation to Exceptions via nav menu","msedge","Fri Sep 04 10:17:48 UTC 2026","passed","Fri Sep 04 10:17:55 UTC 2026","Home Dashboard","specs\Smoke\3-HomeDashboardSmoke.spec.ts","",""
"","11166","Typing a page number navigates to that page","chromium","Fri Sep 04 10:24:48 UTC 2026","passed","Fri Sep 04 10:24:59 UTC 2026","Exceptions — Smoke","specs\Smoke\8-ExceptionsSmoke.spec.ts","",""
"","13127","System Log sub-page loads correctly","firefox","Fri Sep 04 10:40:43 UTC 2026","passed","Fri Sep 04 10:40:56 UTC 2026","Application Navigation Smoke Tests","specs\Smoke\2-NavigationSmoke.spec.ts","",""
"","17193","Typing a page number navigates to that page","firefox","Fri Sep 04 10:49:53 UTC 2026","passed","Fri Sep 04 10:50:10 UTC 2026","ACH — Smoke","specs\Smoke\7-ACHSmoke.spec.ts","",""
"","14747","Navigation tabs to Pre-Decisions, Approvals, and Exception History are visible","firefox","Fri Sep 04 10:52:20 UTC 2026","passed","Fri Sep 04 10:52:34 UTC 2026","Exceptions — Smoke (Continued)","specs\Smoke\8-ExceptionsSmoke.spec.ts","",""
"","23189","Column filter popup applies a filter and Clear restores the full row set","webkit","Fri Sep 04 10:18:33 UTC 2026","passed","Fri Sep 04 10:18:56 UTC 2026","Presented Checks — Smoke (Continued)","specs\Smoke\5-PresentedChecksSmoke.spec.ts","",""
"","11144","Decision Files sub-page loads correctly","firefox","Fri Sep 04 10:38:24 UTC 2026","passed","Fri Sep 04 10:38:35 UTC 2026","Application Navigation Smoke Tests","specs\Smoke\2-NavigationSmoke.spec.ts","",""
"","9853","Search box filters grid and clears correctly","msedge","Fri Sep 04 10:21:22 UTC 2026","passed","Fri Sep 04 10:21:32 UTC 2026","Exceptions — Smoke","specs\Smoke\8-ExceptionsSmoke.spec.ts","",""
"","29352","Save a filter preset, verify it is auto-selected, then delete it","webkit","Fri Sep 04 10:17:45 UTC 2026","passed","Fri Sep 04 10:18:14 UTC 2026","Presented Checks — Smoke (Continued)","specs\Smoke\5-PresentedChecksSmoke.spec.ts","",""
"","17953","Column filter popup applies a filter and Clear restores the full row set","firefox","Fri Sep 04 10:45:54 UTC 2026","passed","Fri Sep 04 10:46:12 UTC 2026","Issued Checks — Smoke (Continued)","specs\Smoke\4-IssuedChecksSmoke.spec.ts","",""
"","12911","Clicking a column header sorts ascending, clicking again sorts descending","chromium","Fri Sep 04 10:26:44 UTC 2026","passed","Fri Sep 04 10:26:57 UTC 2026","ACH — Smoke","specs\Smoke\7-ACHSmoke.spec.ts","",""
"","20559","""Uploaded Checks"" navigates to the uploads page","firefox","Fri Sep 04 10:42:13 UTC 2026","passed","Fri Sep 04 10:42:34 UTC 2026","Issued Checks — Smoke","specs\Smoke\4-IssuedChecksSmoke.spec.ts","",""
"","8172","Settings page loads correctly","msedge","Fri Sep 04 10:14:40 UTC 2026","passed","Fri Sep 04 10:14:48 UTC 2026","Application Navigation Smoke Tests","specs\Smoke\2-NavigationSmoke.spec.ts","",""
"","11687","Roles/Permissions sub-page loads correctly","chromium","Fri Sep 04 10:15:48 UTC 2026","passed","Fri Sep 04 10:16:00 UTC 2026","Application Navigation Smoke Tests","specs\Smoke\2-NavigationSmoke.spec.ts","",""
"","21254","Verify Total Exceptions and Total Exception Amount labels are visible","webkit","Fri Sep 04 10:11:15 UTC 2026","passed","Fri Sep 04 10:11:36 UTC 2026","Home Dashboard","specs\Smoke\3-HomeDashboardSmoke.spec.ts","",""
"","12168","Exception History grid loads with data rows and key column headers","chromium","Fri Sep 04 10:23:40 UTC 2026","passed","Fri Sep 04 10:23:53 UTC 2026","Exceptions — Smoke","specs\Smoke\8-ExceptionsSmoke.spec.ts","",""
"","12206","Search box filters grid and clears correctly","chromium","Fri Sep 04 10:19:24 UTC 2026","passed","Fri Sep 04 10:19:36 UTC 2026","Issued Checks — Smoke","specs\Smoke\4-IssuedChecksSmoke.spec.ts","",""
"","17213","Typing a page number navigates to that page","firefox","Fri Sep 04 10:49:17 UTC 2026","passed","Fri Sep 04 10:49:35 UTC 2026","Exceptions — Smoke","specs\Smoke\8-ExceptionsSmoke.spec.ts","",""
"","10363","Typing a page number navigates to that page","msedge","Fri Sep 04 10:21:59 UTC 2026","passed","Fri Sep 04 10:22:10 UTC 2026","ACH — Smoke","specs\Smoke\7-ACHSmoke.spec.ts","",""
"","8522","Validate teller presented-check form shows all required fields","msedge","Fri Sep 04 10:20:37 UTC 2026","passed","Fri Sep 04 10:20:46 UTC 2026","Teller - Smoke","specs\Smoke\6-TellerSmoke.spec.ts","",""
"","10892","Default Decision Log sub-page loads correctly","firefox","Fri Sep 04 10:40:32 UTC 2026","passed","Fri Sep 04 10:40:43 UTC 2026","Application Navigation Smoke Tests","specs\Smoke\2-NavigationSmoke.spec.ts","",""
"","12433","Validate Login functionality with invalidEmailFormat","webkit","Fri Sep 04 10:06:34 UTC 2026","passed","Fri Sep 04 10:06:46 UTC 2026","","specs\Smoke\1-LoginSmoke.spec.ts","",""
"","6192","Validate forgot password functionality with No email","msedge","Fri Sep 04 10:14:58 UTC 2026","passed","Fri Sep 04 10:15:05 UTC 2026","","specs\Smoke\1-LoginSmoke.spec.ts","",""
"","8544","Verify profile menu shows My Info and Logout links","chromium","Fri Sep 04 10:17:44 UTC 2026","passed","Fri Sep 04 10:17:53 UTC 2026","Home Dashboard","specs\Smoke\3-HomeDashboardSmoke.spec.ts","",""
"","18834","""Delete"" on a row shows a confirm modal; Cancel dismisses it without deleting","webkit","Fri Sep 04 10:24:39 UTC 2026","passed","Fri Sep 04 10:24:58 UTC 2026","ACH — Smoke","specs\Smoke\7-ACHSmoke.spec.ts","",""
"","14551","Branding sub-page loads correctly","webkit","Fri Sep 04 10:08:16 UTC 2026","passed","Fri Sep 04 10:08:30 UTC 2026","Application Navigation Smoke Tests","specs\Smoke\2-NavigationSmoke.spec.ts","",""
"","17499","Page size change to 10 updates pagination info in bottom-right pager","webkit","Fri Sep 04 10:21:18 UTC 2026","passed","Fri Sep 04 10:21:35 UTC 2026","Exceptions — Smoke","specs\Smoke\8-ExceptionsSmoke.spec.ts","",""
"","15462","File Processing sub-page loads correctly","webkit","Fri Sep 04 10:12:27 UTC 2026","passed","Fri Sep 04 10:12:42 UTC 2026","Application Navigation Smoke Tests","specs\Smoke\2-NavigationSmoke.spec.ts","",""
"","8561","Saved Filters dropdown is visible and defaults to no preset","msedge","Fri Sep 04 10:22:32 UTC 2026","passed","Fri Sep 04 10:22:41 UTC 2026","Exceptions — Smoke","specs\Smoke\8-ExceptionsSmoke.spec.ts","",""
"","6596","Billing Reports sub-page loads correctly","msedge","Fri Sep 04 10:15:28 UTC 2026","passed","Fri Sep 04 10:15:34 UTC 2026","Application Navigation Smoke Tests","specs\Smoke\2-NavigationSmoke.spec.ts","",""
"","7940","Validate Login functionality with caseSensitiveEmail","msedge","Fri Sep 04 10:14:00 UTC 2026","passed","Fri Sep 04 10:14:08 UTC 2026","","specs\Smoke\1-LoginSmoke.spec.ts","",""
"","9123","Excel export button is visible and enabled","msedge","Fri Sep 04 10:21:23 UTC 2026","passed","Fri Sep 04 10:21:32 UTC 2026","ACH — Smoke","specs\Smoke\7-ACHSmoke.spec.ts","",""
"","12519","Approvals page loads with either records or the empty-state message","firefox","Fri Sep 04 10:53:04 UTC 2026","passed","Fri Sep 04 10:53:16 UTC 2026","Exceptions — Smoke (Continued)","specs\Smoke\8-ExceptionsSmoke.spec.ts","",""
"","23882","Previous page button returns to page 1, First page button re-enables disabled state","webkit","Fri Sep 04 10:15:51 UTC 2026","passed","Fri Sep 04 10:16:15 UTC 2026","Issued Checks — Smoke","specs\Smoke\4-IssuedChecksSmoke.spec.ts","",""
"","11681","Next page arrow advances to page 2","chromium","Fri Sep 04 10:24:51 UTC 2026","passed","Fri Sep 04 10:25:03 UTC 2026","ACH — Smoke","specs\Smoke\7-ACHSmoke.spec.ts","",""
"","20932","Excel export button is visible and enabled","webkit","Fri Sep 04 10:14:23 UTC 2026","passed","Fri Sep 04 10:14:44 UTC 2026","Issued Checks — Smoke","specs\Smoke\4-IssuedChecksSmoke.spec.ts","",""
"","18256","Clicking a column header sorts ascending, clicking again sorts descending","webkit","Fri Sep 04 10:23:37 UTC 2026","passed","Fri Sep 04 10:23:55 UTC 2026","ACH — Smoke","specs\Smoke\7-ACHSmoke.spec.ts","",""
"","5794","Validate Login functionality with missingUsername","chromium","Fri Sep 04 10:14:55 UTC 2026","passed","Fri Sep 04 10:15:00 UTC 2026","","specs\Smoke\1-LoginSmoke.spec.ts","",""
"","14319","Excel export button is visible and enabled","firefox","Fri Sep 04 10:42:54 UTC 2026","passed","Fri Sep 04 10:43:09 UTC 2026","Issued Checks — Smoke","specs\Smoke\4-IssuedChecksSmoke.spec.ts","",""
"","10263","Verify Home dashboard is restored after returning from another page","chromium","Fri Sep 04 10:17:53 UTC 2026","passed","Fri Sep 04 10:18:03 UTC 2026","Home Dashboard","specs\Smoke\3-HomeDashboardSmoke.spec.ts","",""
"","24335","Previous page button returns to page 1, First page button re-enables disabled state","webkit","Fri Sep 04 10:22:11 UTC 2026","passed","Fri Sep 04 10:22:36 UTC 2026","ACH — Smoke","specs\Smoke\7-ACHSmoke.spec.ts","",""
"","5757","Validate forgot password functionality","msedge","Fri Sep 04 10:14:53 UTC 2026","passed","Fri Sep 04 10:14:58 UTC 2026","","specs\Smoke\1-LoginSmoke.spec.ts","",""
"","13382","Default filter auto-applies after logout and re-login","webkit","Fri Sep 04 10:23:09 UTC 2026","skipped","Fri Sep 04 10:23:23 UTC 2026","Exceptions — Default Filter (Serial)","specs\Smoke\8-ExceptionsSmoke.spec.ts","",""
"","14131","Open Exceptions page loads with either exception cards or the empty-state message","firefox","Fri Sep 04 10:52:34 UTC 2026","passed","Fri Sep 04 10:52:49 UTC 2026","Exceptions — Smoke (Continued)","specs\Smoke\8-ExceptionsSmoke.spec.ts","",""
"","9295","Verify Check Only tab shows Check-specific chart sections","chromium","Fri Sep 04 10:16:17 UTC 2026","passed","Fri Sep 04 10:16:26 UTC 2026","Home Dashboard","specs\Smoke\3-HomeDashboardSmoke.spec.ts","",""
"","16599","Column filter popup applies a filter and Clear restores the full row set","chromium","Fri Sep 04 10:26:57 UTC 2026","passed","Fri Sep 04 10:27:14 UTC 2026","ACH — Smoke","specs\Smoke\7-ACHSmoke.spec.ts","",""
"","13501","Verify navigation to Settings via nav menu","firefox","Fri Sep 04 10:41:29 UTC 2026","passed","Fri Sep 04 10:41:43 UTC 2026","Home Dashboard","specs\Smoke\3-HomeDashboardSmoke.spec.ts","",""
"","12981","Typing a page number navigates to that page","chromium","Fri Sep 04 10:20:33 UTC 2026","passed","Fri Sep 04 10:20:46 UTC 2026","Presented Checks — Smoke","specs\Smoke\5-PresentedChecksSmoke.spec.ts","",""
"","14783","Verify chart title changes with selected tab","firefox","Fri Sep 04 10:38:51 UTC 2026","passed","Fri Sep 04 10:39:06 UTC 2026","Home Dashboard","specs\Smoke\3-HomeDashboardSmoke.spec.ts","",""
"","24898","Column filter menu applies a filter and Clear restores the full row set","webkit","Fri Sep 04 10:24:14 UTC 2026","passed","Fri Sep 04 10:24:39 UTC 2026","Exceptions — Smoke (Continued)","specs\Smoke\8-ExceptionsSmoke.spec.ts","",""
"","21043","Excel export button is visible and enabled","firefox","Fri Sep 04 10:48:39 UTC 2026","passed","Fri Sep 04 10:49:01 UTC 2026","ACH — Smoke","specs\Smoke\7-ACHSmoke.spec.ts","",""
"","16966","Page size change to 10 updates pagination info in bottom-right pager","firefox","Fri Sep 04 10:48:27 UTC 2026","passed","Fri Sep 04 10:48:44 UTC 2026","Exceptions — Smoke","specs\Smoke\8-ExceptionsSmoke.spec.ts","",""
"","11027","Validate session persists after page refresh","chromium","Fri Sep 04 10:15:34 UTC 2026","passed","Fri Sep 04 10:15:45 UTC 2026","","specs\Smoke\1-LoginSmoke.spec.ts","",""
"","30684","Default filter auto-applies after logout and re-login","chromium","Fri Sep 04 10:25:55 UTC 2026","passed","Fri Sep 04 10:26:26 UTC 2026","ACH — Smoke","specs\Smoke\7-ACHSmoke.spec.ts","",""
"","17934","""Uploaded ACH"" navigates to the uploads page","firefox","Fri Sep 04 10:48:05 UTC 2026","passed","Fri Sep 04 10:48:23 UTC 2026","ACH — Smoke","specs\Smoke\7-ACHSmoke.spec.ts","",""
"","7893","Pre-Decisions page loads with either records or the empty-state message","chromium","Fri Sep 04 10:28:17 UTC 2026","passed","Fri Sep 04 10:28:25 UTC 2026","Exceptions — Smoke (Continued)","specs\Smoke\8-ExceptionsSmoke.spec.ts","",""
"","8327","Issued Checks page loads correctly","msedge","Fri Sep 04 10:14:00 UTC 2026","passed","Fri Sep 04 10:14:09 UTC 2026","Application Navigation Smoke Tests","specs\Smoke\2-NavigationSmoke.spec.ts","",""
"","17289","Search box filters grid and clears correctly","firefox","Fri Sep 04 10:42:32 UTC 2026","passed","Fri Sep 04 10:42:49 UTC 2026","Presented Checks — Smoke","specs\Smoke\5-PresentedChecksSmoke.spec.ts","",""
"","10087","""Edit"" link on a row navigates to the check edit form","chromium","Fri Sep 04 10:22:30 UTC 2026","passed","Fri Sep 04 10:22:40 UTC 2026","Presented Checks — Smoke (Continued)","specs\Smoke\5-PresentedChecksSmoke.spec.ts","",""
"","16731","Pay/Return decision badge navigates to exception history","firefox","Fri Sep 04 10:47:00 UTC 2026","passed","Fri Sep 04 10:47:17 UTC 2026","Presented Checks — Smoke (Continued)","specs\Smoke\5-PresentedChecksSmoke.spec.ts","",""
"","10394","Page size change to 10 updates pagination info in bottom-right pager","msedge","Fri Sep 04 10:18:50 UTC 2026","passed","Fri Sep 04 10:19:00 UTC 2026","Presented Checks — Smoke","specs\Smoke\5-PresentedChecksSmoke.spec.ts","",""
"","28198","Save a filter preset, verify it is auto-selected, then delete it","webkit","Fri Sep 04 10:23:09 UTC 2026","passed","Fri Sep 04 10:23:37 UTC 2026","ACH — Smoke","specs\Smoke\7-ACHSmoke.spec.ts","",""
"","26800","Home page is accessible and shows dashboard","firefox","Fri Sep 04 10:35:04 UTC 2026","passed","Fri Sep 04 10:35:31 UTC 2026","Application Navigation Smoke Tests","specs\Smoke\2-NavigationSmoke.spec.ts","",""
"","12281","Verify all three dashboard view tabs are visible","webkit","Fri Sep 04 10:08:49 UTC 2026","passed","Fri Sep 04 10:09:01 UTC 2026","Home Dashboard","specs\Smoke\3-HomeDashboardSmoke.spec.ts","",""
"","10287","Validate Login functionality with missingPassword","webkit","Fri Sep 04 10:06:58 UTC 2026","passed","Fri Sep 04 10:07:08 UTC 2026","","specs\Smoke\1-LoginSmoke.spec.ts","",""
"","13185","Saved Filters dropdown is visible and defaults to no preset","firefox","Fri Sep 04 10:50:30 UTC 2026","passed","Fri Sep 04 10:50:43 UTC 2026","ACH — Smoke","specs\Smoke\7-ACHSmoke.spec.ts","",""
"","7729","Verify navigation to Exceptions via nav menu","chromium","Fri Sep 04 10:18:29 UTC 2026","passed","Fri Sep 04 10:18:37 UTC 2026","Home Dashboard","specs\Smoke\3-HomeDashboardSmoke.spec.ts","",""
"","9520","Next page arrow advances to page 2","msedge","Fri Sep 04 10:19:00 UTC 2026","passed","Fri Sep 04 10:19:10 UTC 2026","Presented Checks — Smoke","specs\Smoke\5-PresentedChecksSmoke.spec.ts","",""
"","27122","ACH Approval Rules sub-page loads correctly","webkit","Fri Sep 04 10:11:16 UTC 2026","passed","Fri Sep 04 10:11:43 UTC 2026","Application Navigation Smoke Tests","specs\Smoke\2-NavigationSmoke.spec.ts","",""
"","11627","""+ Add Check"" navigates to the add-check form","chromium","Fri Sep 04 10:19:10 UTC 2026","passed","Fri Sep 04 10:19:21 UTC 2026","Presented Checks — Smoke","specs\Smoke\5-PresentedChecksSmoke.spec.ts","",""
"","17915","API link is visible and points to swagger","firefox","Fri Sep 04 10:41:10 UTC 2026","passed","Fri Sep 04 10:41:28 UTC 2026","Application Navigation Smoke Tests","specs\Smoke\2-NavigationSmoke.spec.ts","",""
"","5396","Validate forgot password with unregistered email","chromium","Fri Sep 04 10:15:28 UTC 2026","passed","Fri Sep 04 10:15:34 UTC 2026","","specs\Smoke\1-LoginSmoke.spec.ts","",""
"","12158","Verify Combined View shows all chart sections","firefox","Fri Sep 04 10:37:44 UTC 2026","passed","Fri Sep 04 10:37:56 UTC 2026","Home Dashboard","specs\Smoke\3-HomeDashboardSmoke.spec.ts","",""
"","12387","Check Approval Rules sub-page loads correctly","firefox","Fri Sep 04 10:39:34 UTC 2026","passed","Fri Sep 04 10:39:46 UTC 2026","Application Navigation Smoke Tests","specs\Smoke\2-NavigationSmoke.spec.ts","",""
"","4724","Approvals page loads with either records or the empty-state message","msedge","Fri Sep 04 10:24:22 UTC 2026","passed","Fri Sep 04 10:24:27 UTC 2026","Exceptions — Smoke (Continued)","specs\Smoke\8-ExceptionsSmoke.spec.ts","",""
"","15992","""Uploaded Checks"" navigates to the uploads page","firefox","Fri Sep 04 10:42:16 UTC 2026","passed","Fri Sep 04 10:42:32 UTC 2026","Presented Checks — Smoke","specs\Smoke\5-PresentedChecksSmoke.spec.ts","",""
"","16324","Last page arrow jumps to the final page","webkit","Fri Sep 04 10:15:18 UTC 2026","passed","Fri Sep 04 10:15:34 UTC 2026","Issued Checks — Smoke","specs\Smoke\4-IssuedChecksSmoke.spec.ts","",""
"","5839","Validate Login functionality with incorrectUsername","chromium","Fri Sep 04 10:14:32 UTC 2026","passed","Fri Sep 04 10:14:38 UTC 2026","","specs\Smoke\1-LoginSmoke.spec.ts","",""
"","15801","Previous page button returns to page 1, First page button re-enables disabled state","chromium","Fri Sep 04 10:25:27 UTC 2026","passed","Fri Sep 04 10:25:43 UTC 2026","ACH — Smoke","specs\Smoke\7-ACHSmoke.spec.ts","",""
"","12135","Account Settings sub-page loads correctly","webkit","Fri Sep 04 10:07:25 UTC 2026","passed","Fri Sep 04 10:07:37 UTC 2026","Application Navigation Smoke Tests","specs\Smoke\2-NavigationSmoke.spec.ts","",""
"","17061","Roles/Permissions sub-page loads correctly","firefox","Fri Sep 04 10:37:43 UTC 2026","passed","Fri Sep 04 10:38:01 UTC 2026","Application Navigation Smoke Tests","specs\Smoke\2-NavigationSmoke.spec.ts","",""
"","15322","Notification Log sub-page loads correctly","webkit","Fri Sep 04 10:11:43 UTC 2026","passed","Fri Sep 04 10:11:59 UTC 2026","Application Navigation Smoke Tests","specs\Smoke\2-NavigationSmoke.spec.ts","",""
"","10218","Validate forgot password functionality with No email","webkit","Fri Sep 04 10:07:52 UTC 2026","passed","Fri Sep 04 10:08:03 UTC 2026","","specs\Smoke\1-LoginSmoke.spec.ts","",""
"","16424","""View"" (Change Log) link on a row navigates to the entity log","webkit","Fri Sep 04 10:18:23 UTC 2026","passed","Fri Sep 04 10:18:40 UTC 2026","Issued Checks — Smoke (Continued)","specs\Smoke\4-IssuedChecksSmoke.spec.ts","",""
"","8193","Saved Filters dropdown is visible and defaults to no preset","msedge","Fri Sep 04 10:19:38 UTC 2026","passed","Fri Sep 04 10:19:46 UTC 2026","Presented Checks — Smoke","specs\Smoke\5-PresentedChecksSmoke.spec.ts","",""
