"DESCRIPTION","DURATION IN MS","NAME","PARENT SUITE","START TIME","STATUS","STOP TIME","SUB SUITE","SUITE","TEST CLASS","TEST METHOD"
"","3255","Validate forgot password with unregistered email","msedge","Tue Sep 01 10:06:59 UTC 2026","passed","Tue Sep 01 10:07:03 UTC 2026","","specs\Smoke\1-LoginSmoke.spec.ts","",""
"","15980","ACH Approval Rules sub-page loads correctly","webkit","Tue Sep 01 10:27:45 UTC 2026","passed","Tue Sep 01 10:28:01 UTC 2026","Application Navigation Smoke Tests","specs\Smoke\2-NavigationSmoke.spec.ts","",""
"","13915","Roles/Permissions sub-page loads correctly","webkit","Tue Sep 01 10:24:39 UTC 2026","passed","Tue Sep 01 10:24:53 UTC 2026","Application Navigation Smoke Tests","specs\Smoke\2-NavigationSmoke.spec.ts","",""
"","5205","Validate Login functionality with incorrectPassword","msedge","Tue Sep 01 10:06:09 UTC 2026","passed","Tue Sep 01 10:06:14 UTC 2026","","specs\Smoke\1-LoginSmoke.spec.ts","",""
"","17515","""Delete"" on a row shows a confirm modal; Cancel dismisses it without deleting","firefox","Tue Sep 01 10:23:53 UTC 2026","passed","Tue Sep 01 10:24:10 UTC 2026","ACH — Smoke","specs\Smoke\7-ACHSmoke.spec.ts","",""
"","8364","Validate Login functionality with veryLongInput","webkit","Tue Sep 01 10:24:08 UTC 2026","passed","Tue Sep 01 10:24:16 UTC 2026","","specs\Smoke\1-LoginSmoke.spec.ts","",""
"","14189","Previous page button returns to page 1, First page button re-enables disabled state","chromium","Tue Sep 01 10:11:50 UTC 2026","passed","Tue Sep 01 10:12:04 UTC 2026","Presented Checks — Smoke","specs\Smoke\5-PresentedChecksSmoke.spec.ts","",""
"","9416","Next page arrow advances to page 2","msedge","Tue Sep 01 10:13:03 UTC 2026","passed","Tue Sep 01 10:13:12 UTC 2026","ACH — Smoke","specs\Smoke\7-ACHSmoke.spec.ts","",""
"","8582","Search box filters grid and clears correctly","msedge","Tue Sep 01 10:12:39 UTC 2026","passed","Tue Sep 01 10:12:47 UTC 2026","ACH — Smoke","specs\Smoke\7-ACHSmoke.spec.ts","",""
"","15829","Typing a page number navigates to that page","webkit","Tue Sep 01 10:33:02 UTC 2026","passed","Tue Sep 01 10:33:18 UTC 2026","Presented Checks — Smoke","specs\Smoke\5-PresentedChecksSmoke.spec.ts","",""
"","9150","Issued Checks breadcrumb link is visible on the page","msedge","Tue Sep 01 10:11:55 UTC 2026","passed","Tue Sep 01 10:12:04 UTC 2026","Issued Checks — Smoke (Continued)","specs\Smoke\4-IssuedChecksSmoke.spec.ts","",""
"","14595","Default Decision Log sub-page loads correctly","firefox","Tue Sep 01 10:12:21 UTC 2026","passed","Tue Sep 01 10:12:36 UTC 2026","Application Navigation Smoke Tests","specs\Smoke\2-NavigationSmoke.spec.ts","",""
"","16391","Next page arrow advances to page 2","firefox","Tue Sep 01 10:14:57 UTC 2026","passed","Tue Sep 01 10:15:13 UTC 2026","Issued Checks — Smoke","specs\Smoke\4-IssuedChecksSmoke.spec.ts","",""
"","6869","Presented Checks page loads correctly","msedge","Tue Sep 01 10:06:10 UTC 2026","passed","Tue Sep 01 10:06:17 UTC 2026","Application Navigation Smoke Tests","specs\Smoke\2-NavigationSmoke.spec.ts","",""
"","11057","""View"" (Change Log) link on a row navigates to the entity log","chromium","Tue Sep 01 10:13:47 UTC 2026","passed","Tue Sep 01 10:13:58 UTC 2026","Presented Checks — Smoke (Continued)","specs\Smoke\5-PresentedChecksSmoke.spec.ts","",""
"","24073","Presented Checks page loads correctly","webkit","Tue Sep 01 10:21:58 UTC 2026","passed","Tue Sep 01 10:22:22 UTC 2026","Application Navigation Smoke Tests","specs\Smoke\2-NavigationSmoke.spec.ts","",""
"","26019","Home page is accessible and shows dashboard","firefox","Tue Sep 01 10:06:51 UTC 2026","passed","Tue Sep 01 10:07:17 UTC 2026","Application Navigation Smoke Tests","specs\Smoke\2-NavigationSmoke.spec.ts","",""
"","7340","Verify tab-specific charts are hidden for opposite tab","msedge","Tue Sep 01 10:08:09 UTC 2026","passed","Tue Sep 01 10:08:16 UTC 2026","Home Dashboard","specs\Smoke\3-HomeDashboardSmoke.spec.ts","",""
"","7146","Issued Checks page loads correctly","msedge","Tue Sep 01 10:06:03 UTC 2026","passed","Tue Sep 01 10:06:10 UTC 2026","Application Navigation Smoke Tests","specs\Smoke\2-NavigationSmoke.spec.ts","",""
"","10038","Check Approval Rules sub-page loads correctly","chromium","Tue Sep 01 10:08:14 UTC 2026","passed","Tue Sep 01 10:08:24 UTC 2026","Application Navigation Smoke Tests","specs\Smoke\2-NavigationSmoke.spec.ts","",""
"","15758","""View"" link on a row opens the Exception Details dialog","firefox","Tue Sep 01 10:23:20 UTC 2026","passed","Tue Sep 01 10:23:36 UTC 2026","Exceptions — Smoke (Continued)","specs\Smoke\8-ExceptionsSmoke.spec.ts","",""
"","7903","Validate forgot password with unregistered email","firefox","Tue Sep 01 10:08:28 UTC 2026","passed","Tue Sep 01 10:08:36 UTC 2026","","specs\Smoke\1-LoginSmoke.spec.ts","",""
"","10155","File Formats sub-page loads correctly","chromium","Tue Sep 01 10:07:43 UTC 2026","passed","Tue Sep 01 10:07:53 UTC 2026","Application Navigation Smoke Tests","specs\Smoke\2-NavigationSmoke.spec.ts","",""
"","17289","Pay/Return decision badge navigates to exception history","chromium","Tue Sep 01 10:18:09 UTC 2026","passed","Tue Sep 01 10:18:26 UTC 2026","ACH — Smoke","specs\Smoke\7-ACHSmoke.spec.ts","",""
"","9231","Verify navigation to Settings via nav menu","chromium","Tue Sep 01 10:09:27 UTC 2026","passed","Tue Sep 01 10:09:36 UTC 2026","Home Dashboard","specs\Smoke\3-HomeDashboardSmoke.spec.ts","",""
"","18222","Verify Home dashboard is restored after returning from another page","webkit","Tue Sep 01 10:29:08 UTC 2026","passed","Tue Sep 01 10:29:26 UTC 2026","Home Dashboard","specs\Smoke\3-HomeDashboardSmoke.spec.ts","",""
"","5731","Validate Login functionality with invalidEmailFormat","firefox","Tue Sep 01 10:07:29 UTC 2026","passed","Tue Sep 01 10:07:35 UTC 2026","","specs\Smoke\1-LoginSmoke.spec.ts","",""
"","7940","Verify delayed data note and force refresh link are visible on dashboard","msedge","Tue Sep 01 10:08:27 UTC 2026","passed","Tue Sep 01 10:08:35 UTC 2026","Home Dashboard","specs\Smoke\3-HomeDashboardSmoke.spec.ts","",""
"","24985","""View"" link on a row opens the Exception Details dialog","webkit","Tue Sep 01 10:40:52 UTC 2026","passed","Tue Sep 01 10:41:17 UTC 2026","Exceptions — Smoke (Continued)","specs\Smoke\8-ExceptionsSmoke.spec.ts","",""
"","6263","Validate Login functionality with sqlInjection","chromium","Tue Sep 01 10:06:08 UTC 2026","passed","Tue Sep 01 10:06:15 UTC 2026","","specs\Smoke\1-LoginSmoke.spec.ts","",""
"","10818","Saved Filters dropdown is visible and defaults to no preset","chromium","Tue Sep 01 10:16:12 UTC 2026","passed","Tue Sep 01 10:16:23 UTC 2026","ACH — Smoke","specs\Smoke\7-ACHSmoke.spec.ts","",""
"","17431","Verify navigation to ACH via nav menu","webkit","Tue Sep 01 10:29:58 UTC 2026","passed","Tue Sep 01 10:30:16 UTC 2026","Home Dashboard","specs\Smoke\3-HomeDashboardSmoke.spec.ts","",""
"","13260","""Delete"" on a row shows a confirm modal; Cancel dismisses it without deleting","chromium","Tue Sep 01 10:13:58 UTC 2026","passed","Tue Sep 01 10:14:12 UTC 2026","Presented Checks — Smoke (Continued)","specs\Smoke\5-PresentedChecksSmoke.spec.ts","",""
"","7408","Excel export button is visible and enabled","msedge","Tue Sep 01 10:12:48 UTC 2026","passed","Tue Sep 01 10:12:55 UTC 2026","ACH — Smoke","specs\Smoke\7-ACHSmoke.spec.ts","",""
"","7575","Roles/Permissions sub-page loads correctly","chromium","Tue Sep 01 10:06:54 UTC 2026","passed","Tue Sep 01 10:07:01 UTC 2026","Application Navigation Smoke Tests","specs\Smoke\2-NavigationSmoke.spec.ts","",""
"","29134","Default filter auto-applies after logout and re-login","chromium","Tue Sep 01 10:12:13 UTC 2026","passed","Tue Sep 01 10:12:43 UTC 2026","Issued Checks — Default Filter (Serial)","specs\Smoke\4-IssuedChecksSmoke.spec.ts","",""
"","9773","Previous page button returns to page 1, First page button re-enables disabled state","msedge","Tue Sep 01 10:10:27 UTC 2026","passed","Tue Sep 01 10:10:37 UTC 2026","Issued Checks — Smoke","specs\Smoke\4-IssuedChecksSmoke.spec.ts","",""
"","15016","Verify profile menu shows My Info and Logout links","webkit","Tue Sep 01 10:28:53 UTC 2026","passed","Tue Sep 01 10:29:08 UTC 2026","Home Dashboard","specs\Smoke\3-HomeDashboardSmoke.spec.ts","",""
"","17074","""View"" (Change Log) link on a row navigates to the entity log","firefox","Tue Sep 01 10:23:36 UTC 2026","passed","Tue Sep 01 10:23:53 UTC 2026","ACH — Smoke","specs\Smoke\7-ACHSmoke.spec.ts","",""
"","10230","Automatic Check Decision Rules sub-page loads correctly","chromium","Tue Sep 01 10:08:03 UTC 2026","passed","Tue Sep 01 10:08:14 UTC 2026","Application Navigation Smoke Tests","specs\Smoke\2-NavigationSmoke.spec.ts","",""
"","6811","Navigation tabs to Pre-Decisions, Approvals, and Exception History are visible","msedge","Tue Sep 01 10:15:17 UTC 2026","passed","Tue Sep 01 10:15:24 UTC 2026","Exceptions — Smoke (Continued)","specs\Smoke\8-ExceptionsSmoke.spec.ts","",""
"","16751","Web Hooks sub-page loads correctly","webkit","Tue Sep 01 10:29:29 UTC 2026","passed","Tue Sep 01 10:29:46 UTC 2026","Application Navigation Smoke Tests","specs\Smoke\2-NavigationSmoke.spec.ts","",""
"","4500","Approvals page loads with either records or the empty-state message","msedge","Tue Sep 01 10:15:38 UTC 2026","passed","Tue Sep 01 10:15:43 UTC 2026","Exceptions — Smoke (Continued)","specs\Smoke\8-ExceptionsSmoke.spec.ts","",""
"","18091","Decision Files sub-page loads correctly","webkit","Tue Sep 01 10:25:40 UTC 2026","passed","Tue Sep 01 10:25:58 UTC 2026","Application Navigation Smoke Tests","specs\Smoke\2-NavigationSmoke.spec.ts","",""
"","16820","Page size change to 10 updates pagination info in bottom-right pager","chromium","Tue Sep 01 10:10:51 UTC 2026","passed","Tue Sep 01 10:11:08 UTC 2026","Presented Checks — Smoke","specs\Smoke\5-PresentedChecksSmoke.spec.ts","",""
"","9810","Search box filters grid and clears correctly","msedge","Tue Sep 01 10:09:34 UTC 2026","passed","Tue Sep 01 10:09:44 UTC 2026","Issued Checks — Smoke","specs\Smoke\4-IssuedChecksSmoke.spec.ts","",""
"","16203","Typing a page number navigates to that page","firefox","Tue Sep 01 10:21:04 UTC 2026","passed","Tue Sep 01 10:21:20 UTC 2026","Exceptions — Smoke","specs\Smoke\8-ExceptionsSmoke.spec.ts","",""
"","15322","Validate Login functionality with correctCredentials","webkit","Tue Sep 01 10:21:22 UTC 2026","passed","Tue Sep 01 10:21:38 UTC 2026","","specs\Smoke\1-LoginSmoke.spec.ts","",""
"","16486","Validate unauthenticated access to protected route is redirected to login","webkit","Tue Sep 01 10:25:01 UTC 2026","passed","Tue Sep 01 10:25:18 UTC 2026","","specs\Smoke\1-LoginSmoke.spec.ts","",""
"","25197","Column filter menu applies a filter and Clear restores the full row set","firefox","Tue Sep 01 10:22:55 UTC 2026","passed","Tue Sep 01 10:23:20 UTC 2026","Exceptions — Smoke (Continued)","specs\Smoke\8-ExceptionsSmoke.spec.ts","",""
"","15703","Page size change to 10 updates pagination info in bottom-right pager","webkit","Tue Sep 01 10:37:19 UTC 2026","passed","Tue Sep 01 10:37:35 UTC 2026","ACH — Smoke","specs\Smoke\7-ACHSmoke.spec.ts","",""
"","17358","Search box filters grid and clears correctly","firefox","Tue Sep 01 10:19:54 UTC 2026","passed","Tue Sep 01 10:20:11 UTC 2026","ACH — Smoke","specs\Smoke\7-ACHSmoke.spec.ts","",""
"","17230","Typing a page number navigates to that page","firefox","Tue Sep 01 10:15:47 UTC 2026","passed","Tue Sep 01 10:16:04 UTC 2026","Presented Checks — Smoke","specs\Smoke\5-PresentedChecksSmoke.spec.ts","",""
"","7733","Verify navigation to ACH via nav menu","msedge","Tue Sep 01 10:09:11 UTC 2026","passed","Tue Sep 01 10:09:18 UTC 2026","Home Dashboard","specs\Smoke\3-HomeDashboardSmoke.spec.ts","",""
"","11272","Last page arrow jumps to the final page","chromium","Tue Sep 01 10:15:37 UTC 2026","passed","Tue Sep 01 10:15:48 UTC 2026","ACH — Smoke","specs\Smoke\7-ACHSmoke.spec.ts","",""
"","16976","Last page arrow jumps to the final page","firefox","Tue Sep 01 10:15:30 UTC 2026","passed","Tue Sep 01 10:15:47 UTC 2026","Presented Checks — Smoke","specs\Smoke\5-PresentedChecksSmoke.spec.ts","",""
"","16722","Excel export button is visible and enabled","webkit","Tue Sep 01 10:31:00 UTC 2026","passed","Tue Sep 01 10:31:17 UTC 2026","Issued Checks — Smoke","specs\Smoke\4-IssuedChecksSmoke.spec.ts","",""
"","8237","Saved Filters dropdown is visible and defaults to no preset","msedge","Tue Sep 01 10:13:39 UTC 2026","passed","Tue Sep 01 10:13:47 UTC 2026","ACH — Smoke","specs\Smoke\7-ACHSmoke.spec.ts","",""
"","16991","Typing a page number navigates to that page","firefox","Tue Sep 01 10:15:30 UTC 2026","passed","Tue Sep 01 10:15:47 UTC 2026","Issued Checks — Smoke","specs\Smoke\4-IssuedChecksSmoke.spec.ts","",""
"","7718","Grid loads with data rows and key column headers","msedge","Tue Sep 01 10:09:11 UTC 2026","passed","Tue Sep 01 10:09:19 UTC 2026","Issued Checks — Smoke","specs\Smoke\4-IssuedChecksSmoke.spec.ts","",""
"","9938","""Edit"" link on a row navigates to the check edit form","chromium","Tue Sep 01 10:13:37 UTC 2026","passed","Tue Sep 01 10:13:47 UTC 2026","Presented Checks — Smoke (Continued)","specs\Smoke\5-PresentedChecksSmoke.spec.ts","",""
"","19214","""Delete"" on a row shows a confirm modal; Cancel dismisses it without deleting","webkit","Tue Sep 01 10:40:54 UTC 2026","passed","Tue Sep 01 10:41:13 UTC 2026","ACH — Smoke","specs\Smoke\7-ACHSmoke.spec.ts","",""
"","13985","Last page arrow jumps to the final page","chromium","Tue Sep 01 10:11:22 UTC 2026","passed","Tue Sep 01 10:11:36 UTC 2026","Presented Checks — Smoke","specs\Smoke\5-PresentedChecksSmoke.spec.ts","",""
"","6022","Validate Login functionality with incorrectUsername","chromium","Tue Sep 01 10:05:41 UTC 2026","passed","Tue Sep 01 10:05:47 UTC 2026","","specs\Smoke\1-LoginSmoke.spec.ts","",""
"","13644","Users sub-page loads correctly","webkit","Tue Sep 01 10:24:26 UTC 2026","passed","Tue Sep 01 10:24:39 UTC 2026","Application Navigation Smoke Tests","specs\Smoke\2-NavigationSmoke.spec.ts","",""
"","16358","""Edit"" link on a row navigates to the check edit form","firefox","Tue Sep 01 10:17:41 UTC 2026","passed","Tue Sep 01 10:17:57 UTC 2026","Issued Checks — Smoke (Continued)","specs\Smoke\4-IssuedChecksSmoke.spec.ts","",""
"","18623","Typing a page number navigates to that page","webkit","Tue Sep 01 10:38:26 UTC 2026","passed","Tue Sep 01 10:38:45 UTC 2026","Exceptions — Smoke","specs\Smoke\8-ExceptionsSmoke.spec.ts","",""
"","15597","Excel export button is visible and enabled","webkit","Tue Sep 01 10:31:55 UTC 2026","passed","Tue Sep 01 10:32:11 UTC 2026","Presented Checks — Smoke","specs\Smoke\5-PresentedChecksSmoke.spec.ts","",""
"","13378","File Processing sub-page loads correctly","firefox","Tue Sep 01 10:12:51 UTC 2026","passed","Tue Sep 01 10:13:04 UTC 2026","Application Navigation Smoke Tests","specs\Smoke\2-NavigationSmoke.spec.ts","",""
"","10541","Web Hooks sub-page loads correctly","chromium","Tue Sep 01 10:09:29 UTC 2026","passed","Tue Sep 01 10:09:40 UTC 2026","Application Navigation Smoke Tests","specs\Smoke\2-NavigationSmoke.spec.ts","",""
"","7765","Validate unauthenticated access to protected route is redirected to login","firefox","Tue Sep 01 10:08:50 UTC 2026","passed","Tue Sep 01 10:08:58 UTC 2026","","specs\Smoke\1-LoginSmoke.spec.ts","",""
"","13271","Column filter popup applies a filter and Clear restores the full row set","chromium","Tue Sep 01 10:13:24 UTC 2026","passed","Tue Sep 01 10:13:37 UTC 2026","Presented Checks — Smoke (Continued)","specs\Smoke\5-PresentedChecksSmoke.spec.ts","",""
"","8132","File Processing sub-page loads correctly","msedge","Tue Sep 01 10:08:49 UTC 2026","passed","Tue Sep 01 10:08:57 UTC 2026","Application Navigation Smoke Tests","specs\Smoke\2-NavigationSmoke.spec.ts","",""
"","7632","Verify dashboard footer footnote and privacy link are visible","chromium","Tue Sep 01 10:08:29 UTC 2026","passed","Tue Sep 01 10:08:37 UTC 2026","Home Dashboard","specs\Smoke\3-HomeDashboardSmoke.spec.ts","",""
"","5046","Validate Login functionality with missingPassword","chromium","Tue Sep 01 10:05:58 UTC 2026","passed","Tue Sep 01 10:06:03 UTC 2026","","specs\Smoke\1-LoginSmoke.spec.ts","",""
"","26687","Save a filter preset, verify it is auto-selected, then delete it","firefox","Tue Sep 01 10:16:55 UTC 2026","passed","Tue Sep 01 10:17:22 UTC 2026","Presented Checks — Smoke (Continued)","specs\Smoke\5-PresentedChecksSmoke.spec.ts","",""
"","9660","Automatic ACH Decision Rules sub-page loads correctly","msedge","Tue Sep 01 10:08:09 UTC 2026","passed","Tue Sep 01 10:08:19 UTC 2026","Application Navigation Smoke Tests","specs\Smoke\2-NavigationSmoke.spec.ts","",""
"","23595","Account Settings sub-page loads correctly","firefox","Tue Sep 01 10:08:45 UTC 2026","passed","Tue Sep 01 10:09:08 UTC 2026","Application Navigation Smoke Tests","specs\Smoke\2-NavigationSmoke.spec.ts","",""
"","8016","Verify ACH Only tab shows ACH-specific chart sections","chromium","Tue Sep 01 10:07:31 UTC 2026","passed","Tue Sep 01 10:07:39 UTC 2026","Home Dashboard","specs\Smoke\3-HomeDashboardSmoke.spec.ts","",""
"","14300","Decision Files sub-page loads correctly","firefox","Tue Sep 01 10:10:14 UTC 2026","passed","Tue Sep 01 10:10:29 UTC 2026","Application Navigation Smoke Tests","specs\Smoke\2-NavigationSmoke.spec.ts","",""
"","11750","Column filter menu applies a filter and Clear restores the full row set","chromium","Tue Sep 01 10:17:19 UTC 2026","passed","Tue Sep 01 10:17:30 UTC 2026","Exceptions — Smoke (Continued)","specs\Smoke\8-ExceptionsSmoke.spec.ts","",""
"","17653","Last page arrow jumps to the final page","webkit","Tue Sep 01 10:38:09 UTC 2026","passed","Tue Sep 01 10:38:26 UTC 2026","Exceptions — Smoke","specs\Smoke\8-ExceptionsSmoke.spec.ts","",""
"","13281","Typing a page number navigates to that page","chromium","Tue Sep 01 10:15:48 UTC 2026","passed","Tue Sep 01 10:16:02 UTC 2026","ACH — Smoke","specs\Smoke\7-ACHSmoke.spec.ts","",""
"","11138","Default filter auto-applies after logout and re-login","firefox","Tue Sep 01 10:21:59 UTC 2026","skipped","Tue Sep 01 10:22:11 UTC 2026","Exceptions — Default Filter (Serial)","specs\Smoke\8-ExceptionsSmoke.spec.ts","",""
"","10515","Clicking a column header sorts ascending, clicking again sorts descending","msedge","Tue Sep 01 10:11:43 UTC 2026","passed","Tue Sep 01 10:11:54 UTC 2026","Presented Checks — Smoke (Continued)","specs\Smoke\5-PresentedChecksSmoke.spec.ts","",""
"","4330","Validate Login functionality with incorrectPassword","firefox","Tue Sep 01 10:07:17 UTC 2026","passed","Tue Sep 01 10:07:22 UTC 2026","","specs\Smoke\1-LoginSmoke.spec.ts","",""
"","15768","Excel export button is visible and enabled","chromium","Tue Sep 01 10:10:36 UTC 2026","passed","Tue Sep 01 10:10:51 UTC 2026","Presented Checks — Smoke","specs\Smoke\5-PresentedChecksSmoke.spec.ts","",""
"","9706","Verify chart title changes with selected tab","chromium","Tue Sep 01 10:07:47 UTC 2026","passed","Tue Sep 01 10:07:57 UTC 2026","Home Dashboard","specs\Smoke\3-HomeDashboardSmoke.spec.ts","",""
"","6687","Verify dashboard loads after successful login","msedge","Tue Sep 01 10:07:16 UTC 2026","passed","Tue Sep 01 10:07:23 UTC 2026","Home Dashboard","specs\Smoke\3-HomeDashboardSmoke.spec.ts","",""
"","9471","Default Decision Log sub-page loads correctly","chromium","Tue Sep 01 10:08:51 UTC 2026","passed","Tue Sep 01 10:09:01 UTC 2026","Application Navigation Smoke Tests","specs\Smoke\2-NavigationSmoke.spec.ts","",""
"","15000","System Log sub-page loads correctly","firefox","Tue Sep 01 10:12:36 UTC 2026","passed","Tue Sep 01 10:12:51 UTC 2026","Application Navigation Smoke Tests","specs\Smoke\2-NavigationSmoke.spec.ts","",""
"","19863","Previous page button returns to page 1, First page button re-enables disabled state","firefox","Tue Sep 01 10:21:38 UTC 2026","passed","Tue Sep 01 10:21:58 UTC 2026","ACH — Smoke","specs\Smoke\7-ACHSmoke.spec.ts","",""
"","16383","Saved Filters dropdown is visible and defaults to no preset","firefox","Tue Sep 01 10:16:04 UTC 2026","passed","Tue Sep 01 10:16:21 UTC 2026","Issued Checks — Smoke","specs\Smoke\4-IssuedChecksSmoke.spec.ts","",""
"","21820","Previous page button returns to page 1, First page button re-enables disabled state","webkit","Tue Sep 01 10:33:18 UTC 2026","passed","Tue Sep 01 10:33:40 UTC 2026","Presented Checks — Smoke","specs\Smoke\5-PresentedChecksSmoke.spec.ts","",""
"","7354","""+ Add Check"" navigates to the add-check form","msedge","Tue Sep 01 10:09:19 UTC 2026","passed","Tue Sep 01 10:09:26 UTC 2026","Issued Checks — Smoke","specs\Smoke\4-IssuedChecksSmoke.spec.ts","",""
"","7071","Validate Login functionality with incorrectUsername","firefox","Tue Sep 01 10:07:22 UTC 2026","passed","Tue Sep 01 10:07:29 UTC 2026","","specs\Smoke\1-LoginSmoke.spec.ts","",""
"","10557","Verify navigation to Presented Checks via nav menu","firefox","Tue Sep 01 10:12:25 UTC 2026","passed","Tue Sep 01 10:12:36 UTC 2026","Home Dashboard","specs\Smoke\3-HomeDashboardSmoke.spec.ts","",""
"","17055","Saved Filters dropdown is visible and defaults to no preset","webkit","Tue Sep 01 10:33:40 UTC 2026","passed","Tue Sep 01 10:33:57 UTC 2026","Presented Checks — Smoke","specs\Smoke\5-PresentedChecksSmoke.spec.ts","",""
"","8865","Validate teller presented-check form shows all required fields","msedge","Tue Sep 01 10:12:04 UTC 2026","passed","Tue Sep 01 10:12:13 UTC 2026","Teller - Smoke","specs\Smoke\6-TellerSmoke.spec.ts","",""
"","9530","Decision badge on an already-reviewed row is blocked with a system message","msedge","Tue Sep 01 10:15:02 UTC 2026","passed","Tue Sep 01 10:15:12 UTC 2026","Exceptions — Smoke (Continued)","specs\Smoke\8-ExceptionsSmoke.spec.ts","",""
"","16248","Default filter auto-applies after logout and re-login","firefox","Tue Sep 01 10:16:21 UTC 2026","skipped","Tue Sep 01 10:16:37 UTC 2026","Issued Checks — Default Filter (Serial)","specs\Smoke\4-IssuedChecksSmoke.spec.ts","",""
"","7749","Branding sub-page loads correctly","msedge","Tue Sep 01 10:07:08 UTC 2026","passed","Tue Sep 01 10:07:16 UTC 2026","Application Navigation Smoke Tests","specs\Smoke\2-NavigationSmoke.spec.ts","",""
"","8505","Settings page loads correctly","chromium","Tue Sep 01 10:06:18 UTC 2026","passed","Tue Sep 01 10:06:26 UTC 2026","Application Navigation Smoke Tests","specs\Smoke\2-NavigationSmoke.spec.ts","",""
"","13653","Verify chart title changes with selected tab","firefox","Tue Sep 01 10:10:28 UTC 2026","passed","Tue Sep 01 10:10:42 UTC 2026","Home Dashboard","specs\Smoke\3-HomeDashboardSmoke.spec.ts","",""
"","18422","Typing a page number navigates to that page","webkit","Tue Sep 01 10:38:10 UTC 2026","passed","Tue Sep 01 10:38:29 UTC 2026","ACH — Smoke","specs\Smoke\7-ACHSmoke.spec.ts","",""
"","27394","Save a filter preset, verify it is auto-selected, then delete it","webkit","Tue Sep 01 10:33:17 UTC 2026","passed","Tue Sep 01 10:33:44 UTC 2026","Issued Checks — Smoke (Continued)","specs\Smoke\4-IssuedChecksSmoke.spec.ts","",""
"","7574","Grid View toggle navigates to the open-exceptions grid and shows key column headers","msedge","Tue Sep 01 10:15:31 UTC 2026","passed","Tue Sep 01 10:15:38 UTC 2026","Exceptions — Smoke (Continued)","specs\Smoke\8-ExceptionsSmoke.spec.ts","",""
"","12200","Validate Login functionality with correctCredentials","chromium","Tue Sep 01 10:05:15 UTC 2026","passed","Tue Sep 01 10:05:27 UTC 2026","","specs\Smoke\1-LoginSmoke.spec.ts","",""
"","15489","Notification Templates sub-page loads correctly","firefox","Tue Sep 01 10:10:56 UTC 2026","passed","Tue Sep 01 10:11:11 UTC 2026","Application Navigation Smoke Tests","specs\Smoke\2-NavigationSmoke.spec.ts","",""
"","14714","Previous page button returns to page 1, First page button re-enables disabled state","chromium","Tue Sep 01 10:11:49 UTC 2026","passed","Tue Sep 01 10:12:04 UTC 2026","Issued Checks — Smoke","specs\Smoke\4-IssuedChecksSmoke.spec.ts","",""
"","4511","Validate Login functionality with missingPassword","msedge","Tue Sep 01 10:06:27 UTC 2026","passed","Tue Sep 01 10:06:32 UTC 2026","","specs\Smoke\1-LoginSmoke.spec.ts","",""
"","7622","Verify ACH Only tab shows ACH-specific chart sections","msedge","Tue Sep 01 10:07:44 UTC 2026","passed","Tue Sep 01 10:07:52 UTC 2026","Home Dashboard","specs\Smoke\3-HomeDashboardSmoke.spec.ts","",""
"","6618","Validate Login functionality with incorrectPassword","chromium","Tue Sep 01 10:05:35 UTC 2026","passed","Tue Sep 01 10:05:41 UTC 2026","","specs\Smoke\1-LoginSmoke.spec.ts","",""
"","20972","Verify ACH Only tab shows ACH-specific chart sections","webkit","Tue Sep 01 10:26:35 UTC 2026","passed","Tue Sep 01 10:26:56 UTC 2026","Home Dashboard","specs\Smoke\3-HomeDashboardSmoke.spec.ts","",""
"","12056","Validate Login functionality with incorrectPassword","webkit","Tue Sep 01 10:21:52 UTC 2026","passed","Tue Sep 01 10:22:04 UTC 2026","","specs\Smoke\1-LoginSmoke.spec.ts","",""
"","16727","Search box filters grid and clears correctly","firefox","Tue Sep 01 10:19:39 UTC 2026","passed","Tue Sep 01 10:19:56 UTC 2026","Exceptions — Smoke","specs\Smoke\8-ExceptionsSmoke.spec.ts","",""
"","17877","Verify all three dashboard view tabs are visible","webkit","Tue Sep 01 10:25:41 UTC 2026","passed","Tue Sep 01 10:25:59 UTC 2026","Home Dashboard","specs\Smoke\3-HomeDashboardSmoke.spec.ts","",""
"","21923","Previous page button returns to page 1, First page button re-enables disabled state","webkit","Tue Sep 01 10:32:23 UTC 2026","passed","Tue Sep 01 10:32:45 UTC 2026","Issued Checks — Smoke","specs\Smoke\4-IssuedChecksSmoke.spec.ts","",""
"","15409","Verify summary KPI values have expected number formats","webkit","Tue Sep 01 10:28:07 UTC 2026","passed","Tue Sep 01 10:28:23 UTC 2026","Home Dashboard","specs\Smoke\3-HomeDashboardSmoke.spec.ts","",""
"","15405","Search box filters grid and clears correctly","firefox","Tue Sep 01 10:14:24 UTC 2026","passed","Tue Sep 01 10:14:40 UTC 2026","Presented Checks — Smoke","specs\Smoke\5-PresentedChecksSmoke.spec.ts","",""
"","7527","Automatic Check Decision Rules sub-page loads correctly","msedge","Tue Sep 01 10:07:53 UTC 2026","passed","Tue Sep 01 10:08:01 UTC 2026","Application Navigation Smoke Tests","specs\Smoke\2-NavigationSmoke.spec.ts","",""
"","11996","Saved Filters dropdown is visible and defaults to no preset","msedge","Tue Sep 01 10:13:57 UTC 2026","passed","Tue Sep 01 10:14:09 UTC 2026","Exceptions — Smoke","specs\Smoke\8-ExceptionsSmoke.spec.ts","",""
"","8915","""View"" (Change Log) link on a row navigates to the entity log","msedge","Tue Sep 01 10:14:29 UTC 2026","passed","Tue Sep 01 10:14:38 UTC 2026","ACH — Smoke","specs\Smoke\7-ACHSmoke.spec.ts","",""
"","11277","Typing a page number navigates to that page","chromium","Tue Sep 01 10:15:37 UTC 2026","passed","Tue Sep 01 10:15:49 UTC 2026","Exceptions — Smoke","specs\Smoke\8-ExceptionsSmoke.spec.ts","",""
"","12678","Search box filters grid and clears correctly","chromium","Tue Sep 01 10:14:42 UTC 2026","passed","Tue Sep 01 10:14:55 UTC 2026","Exceptions — Smoke","specs\Smoke\8-ExceptionsSmoke.spec.ts","",""
"","11347","Validate Login functionality with xssInUsername","firefox","Tue Sep 01 10:07:56 UTC 2026","passed","Tue Sep 01 10:08:08 UTC 2026","","specs\Smoke\1-LoginSmoke.spec.ts","",""
"","16463","Page size change to 10 updates pagination info in bottom-right pager","webkit","Tue Sep 01 10:31:17 UTC 2026","passed","Tue Sep 01 10:31:33 UTC 2026","Issued Checks — Smoke","specs\Smoke\4-IssuedChecksSmoke.spec.ts","",""
"","7153","Validate Login functionality with caseSensitiveEmail","chromium","Tue Sep 01 10:05:27 UTC 2026","passed","Tue Sep 01 10:05:35 UTC 2026","","specs\Smoke\1-LoginSmoke.spec.ts","",""
"","22837","Verify ACH Only tab shows ACH-specific chart sections","firefox","Tue Sep 01 10:09:48 UTC 2026","passed","Tue Sep 01 10:10:11 UTC 2026","Home Dashboard","specs\Smoke\3-HomeDashboardSmoke.spec.ts","",""
"","9963","Validate Login functionality with sqlInjection","webkit","Tue Sep 01 10:23:47 UTC 2026","passed","Tue Sep 01 10:23:57 UTC 2026","","specs\Smoke\1-LoginSmoke.spec.ts","",""
"","12816","Clicking a column header sorts ascending, clicking again sorts descending","chromium","Tue Sep 01 10:17:06 UTC 2026","passed","Tue Sep 01 10:17:18 UTC 2026","Exceptions — Smoke (Continued)","specs\Smoke\8-ExceptionsSmoke.spec.ts","",""
"","22886","Column filter popup applies a filter and Clear restores the full row set","webkit","Tue Sep 01 10:34:01 UTC 2026","passed","Tue Sep 01 10:34:23 UTC 2026","Issued Checks — Smoke (Continued)","specs\Smoke\4-IssuedChecksSmoke.spec.ts","",""
"","9759","Next page arrow advances to page 2","msedge","Tue Sep 01 10:10:27 UTC 2026","passed","Tue Sep 01 10:10:37 UTC 2026","Presented Checks — Smoke","specs\Smoke\5-PresentedChecksSmoke.spec.ts","",""
"","5388","Teller page loads correctly","msedge","Tue Sep 01 10:06:17 UTC 2026","passed","Tue Sep 01 10:06:22 UTC 2026","Application Navigation Smoke Tests","specs\Smoke\2-NavigationSmoke.spec.ts","",""
"","17523","Grid loads with data rows and key column headers","webkit","Tue Sep 01 10:30:46 UTC 2026","passed","Tue Sep 01 10:31:03 UTC 2026","Presented Checks — Smoke","specs\Smoke\5-PresentedChecksSmoke.spec.ts","",""
"","15395","Page size change to 10 updates pagination info in bottom-right pager","firefox","Tue Sep 01 10:14:41 UTC 2026","passed","Tue Sep 01 10:14:57 UTC 2026","Issued Checks — Smoke","specs\Smoke\4-IssuedChecksSmoke.spec.ts","",""
"","9885","""+ Add ACH"" navigates to the add-ACH form","msedge","Tue Sep 01 10:12:21 UTC 2026","passed","Tue Sep 01 10:12:31 UTC 2026","ACH — Smoke","specs\Smoke\7-ACHSmoke.spec.ts","",""
"","18034","""+ Add ACH"" navigates to the add-ACH form","webkit","Tue Sep 01 10:36:10 UTC 2026","passed","Tue Sep 01 10:36:28 UTC 2026","ACH — Smoke","specs\Smoke\7-ACHSmoke.spec.ts","",""
"","11655","Search box filters grid and clears correctly","chromium","Tue Sep 01 10:14:53 UTC 2026","passed","Tue Sep 01 10:15:05 UTC 2026","ACH — Smoke","specs\Smoke\7-ACHSmoke.spec.ts","",""
"","15349","Validate session persists after page refresh","webkit","Tue Sep 01 10:24:46 UTC 2026","passed","Tue Sep 01 10:25:01 UTC 2026","","specs\Smoke\1-LoginSmoke.spec.ts","",""
"","19745","Issued Checks page loads correctly","webkit","Tue Sep 01 10:21:39 UTC 2026","passed","Tue Sep 01 10:21:58 UTC 2026","Application Navigation Smoke Tests","specs\Smoke\2-NavigationSmoke.spec.ts","",""
"","8904","Excel export button is visible and enabled","msedge","Tue Sep 01 10:10:10 UTC 2026","passed","Tue Sep 01 10:10:19 UTC 2026","Presented Checks — Smoke","specs\Smoke\5-PresentedChecksSmoke.spec.ts","",""
"","9307","""View"" (Change Log) link on a row navigates to the entity log","msedge","Tue Sep 01 10:12:12 UTC 2026","passed","Tue Sep 01 10:12:21 UTC 2026","Presented Checks — Smoke (Continued)","specs\Smoke\5-PresentedChecksSmoke.spec.ts","",""
"","8447","Check Approval Rules sub-page loads correctly","msedge","Tue Sep 01 10:08:01 UTC 2026","passed","Tue Sep 01 10:08:09 UTC 2026","Application Navigation Smoke Tests","specs\Smoke\2-NavigationSmoke.spec.ts","",""
"","4435","Pre-Decisions page loads with either records or the empty-state message","msedge","Tue Sep 01 10:15:43 UTC 2026","passed","Tue Sep 01 10:15:47 UTC 2026","Exceptions — Smoke (Continued)","specs\Smoke\8-ExceptionsSmoke.spec.ts","",""
"","15356","Automatic ACH Decision Rules sub-page loads correctly","firefox","Tue Sep 01 10:11:42 UTC 2026","passed","Tue Sep 01 10:11:57 UTC 2026","Application Navigation Smoke Tests","specs\Smoke\2-NavigationSmoke.spec.ts","",""
"","7564","Verify navigation to Issued Checks via nav menu","msedge","Tue Sep 01 10:08:56 UTC 2026","passed","Tue Sep 01 10:09:04 UTC 2026","Home Dashboard","specs\Smoke\3-HomeDashboardSmoke.spec.ts","",""
"","7369","Approvals page loads with either records or the empty-state message","chromium","Tue Sep 01 10:18:43 UTC 2026","passed","Tue Sep 01 10:18:51 UTC 2026","Exceptions — Smoke (Continued)","specs\Smoke\8-ExceptionsSmoke.spec.ts","",""
"","13555","Clicking a column header sorts ascending, clicking again sorts descending","chromium","Tue Sep 01 10:13:00 UTC 2026","passed","Tue Sep 01 10:13:13 UTC 2026","Issued Checks — Smoke (Continued)","specs\Smoke\4-IssuedChecksSmoke.spec.ts","",""
"","32469","Default filter auto-applies after logout and re-login","chromium","Tue Sep 01 10:16:15 UTC 2026","passed","Tue Sep 01 10:16:48 UTC 2026","Exceptions — Default Filter (Serial)","specs\Smoke\8-ExceptionsSmoke.spec.ts","",""
"","16298","Next page arrow advances to page 2","chromium","Tue Sep 01 10:11:05 UTC 2026","passed","Tue Sep 01 10:11:21 UTC 2026","Issued Checks — Smoke","specs\Smoke\4-IssuedChecksSmoke.spec.ts","",""
"","17848","""Uploaded ACH"" navigates to the uploads page","firefox","Tue Sep 01 10:19:36 UTC 2026","passed","Tue Sep 01 10:19:54 UTC 2026","ACH — Smoke","specs\Smoke\7-ACHSmoke.spec.ts","",""
"","9378","Validate session persists after page refresh","msedge","Tue Sep 01 10:07:03 UTC 2026","passed","Tue Sep 01 10:07:12 UTC 2026","","specs\Smoke\1-LoginSmoke.spec.ts","",""
"","14396","Home page is accessible and shows dashboard","chromium","Tue Sep 01 10:05:15 UTC 2026","passed","Tue Sep 01 10:05:29 UTC 2026","Application Navigation Smoke Tests","specs\Smoke\2-NavigationSmoke.spec.ts","",""
"","16512","Last page arrow jumps to the final page","firefox","Tue Sep 01 10:15:13 UTC 2026","passed","Tue Sep 01 10:15:30 UTC 2026","Issued Checks — Smoke","specs\Smoke\4-IssuedChecksSmoke.spec.ts","",""
"","5277","Validate Login functionality with missingPassword","firefox","Tue Sep 01 10:07:40 UTC 2026","passed","Tue Sep 01 10:07:45 UTC 2026","","specs\Smoke\1-LoginSmoke.spec.ts","",""
"","13705","Web Hooks sub-page loads correctly","firefox","Tue Sep 01 10:13:16 UTC 2026","passed","Tue Sep 01 10:13:30 UTC 2026","Application Navigation Smoke Tests","specs\Smoke\2-NavigationSmoke.spec.ts","",""
"","10616","Pay/Return decision badge navigates to exception history","chromium","Tue Sep 01 10:14:12 UTC 2026","passed","Tue Sep 01 10:14:22 UTC 2026","Presented Checks — Smoke (Continued)","specs\Smoke\5-PresentedChecksSmoke.spec.ts","",""
"","6068","Verify summary KPI values have expected number formats","msedge","Tue Sep 01 10:08:21 UTC 2026","passed","Tue Sep 01 10:08:27 UTC 2026","Home Dashboard","specs\Smoke\3-HomeDashboardSmoke.spec.ts","",""
"","15313","Verify dashboard footer footnote and privacy link are visible","webkit","Tue Sep 01 10:28:38 UTC 2026","passed","Tue Sep 01 10:28:53 UTC 2026","Home Dashboard","specs\Smoke\3-HomeDashboardSmoke.spec.ts","",""
"","16327","Default filter auto-applies after logout and re-login","webkit","Tue Sep 01 10:39:10 UTC 2026","skipped","Tue Sep 01 10:39:26 UTC 2026","ACH — Smoke","specs\Smoke\7-ACHSmoke.spec.ts","",""
"","23747","Column filter menu applies a filter and Clear restores the full row set","webkit","Tue Sep 01 10:40:28 UTC 2026","passed","Tue Sep 01 10:40:52 UTC 2026","Exceptions — Smoke (Continued)","specs\Smoke\8-ExceptionsSmoke.spec.ts","",""
"","13537","Verify navigation to ACH via nav menu","firefox","Tue Sep 01 10:12:36 UTC 2026","passed","Tue Sep 01 10:12:49 UTC 2026","Home Dashboard","specs\Smoke\3-HomeDashboardSmoke.spec.ts","",""
"","14021","Page size change to 10 updates pagination info in bottom-right pager","chromium","Tue Sep 01 10:10:51 UTC 2026","passed","Tue Sep 01 10:11:05 UTC 2026","Issued Checks — Smoke","specs\Smoke\4-IssuedChecksSmoke.spec.ts","",""
"","16987","Save a filter preset, verify it is auto-selected, then delete it","chromium","Tue Sep 01 10:12:43 UTC 2026","passed","Tue Sep 01 10:13:00 UTC 2026","Issued Checks — Smoke (Continued)","specs\Smoke\4-IssuedChecksSmoke.spec.ts","",""
"","4432","Validate Login functionality with missingUsername","msedge","Tue Sep 01 10:06:32 UTC 2026","passed","Tue Sep 01 10:06:36 UTC 2026","","specs\Smoke\1-LoginSmoke.spec.ts","",""
"","9452","Teller page loads correctly","chromium","Tue Sep 01 10:05:50 UTC 2026","passed","Tue Sep 01 10:05:59 UTC 2026","Application Navigation Smoke Tests","specs\Smoke\2-NavigationSmoke.spec.ts","",""
"","6811","System Log sub-page loads correctly","msedge","Tue Sep 01 10:08:42 UTC 2026","passed","Tue Sep 01 10:08:48 UTC 2026","Application Navigation Smoke Tests","specs\Smoke\2-NavigationSmoke.spec.ts","",""
"","9962","Billing Reports sub-page loads correctly","chromium","Tue Sep 01 10:07:13 UTC 2026","passed","Tue Sep 01 10:07:23 UTC 2026","Application Navigation Smoke Tests","specs\Smoke\2-NavigationSmoke.spec.ts","",""
"","8321","""Edit"" link on a row navigates to the check edit form","msedge","Tue Sep 01 10:12:04 UTC 2026","passed","Tue Sep 01 10:12:12 UTC 2026","Presented Checks — Smoke (Continued)","specs\Smoke\5-PresentedChecksSmoke.spec.ts","",""
"","9485","API link is visible and points to swagger","chromium","Tue Sep 01 10:09:20 UTC 2026","passed","Tue Sep 01 10:09:29 UTC 2026","Application Navigation Smoke Tests","specs\Smoke\2-NavigationSmoke.spec.ts","",""
"","17909","Save a filter preset, verify it is auto-selected, then delete it","chromium","Tue Sep 01 10:12:55 UTC 2026","passed","Tue Sep 01 10:13:13 UTC 2026","Presented Checks — Smoke (Continued)","specs\Smoke\5-PresentedChecksSmoke.spec.ts","",""
"","14972","Verify delayed data note and force refresh link are visible on dashboard","webkit","Tue Sep 01 10:28:23 UTC 2026","passed","Tue Sep 01 10:28:38 UTC 2026","Home Dashboard","specs\Smoke\3-HomeDashboardSmoke.spec.ts","",""
"","8410","Last page arrow jumps to the final page","msedge","Tue Sep 01 10:10:37 UTC 2026","passed","Tue Sep 01 10:10:45 UTC 2026","Presented Checks — Smoke","specs\Smoke\5-PresentedChecksSmoke.spec.ts","",""
"","10091","Validate Login functionality with xssInUsername","webkit","Tue Sep 01 10:23:57 UTC 2026","passed","Tue Sep 01 10:24:08 UTC 2026","","specs\Smoke\1-LoginSmoke.spec.ts","",""
"","6399","Validate Login functionality with veryLongInput","chromium","Tue Sep 01 10:06:19 UTC 2026","passed","Tue Sep 01 10:06:26 UTC 2026","","specs\Smoke\1-LoginSmoke.spec.ts","",""
"","11195","Verify Combined View shows all chart sections","firefox","Tue Sep 01 10:09:15 UTC 2026","passed","Tue Sep 01 10:09:26 UTC 2026","Home Dashboard","specs\Smoke\3-HomeDashboardSmoke.spec.ts","",""
"","8024","Page size change to 10 updates pagination info in bottom-right pager","msedge","Tue Sep 01 10:13:12 UTC 2026","passed","Tue Sep 01 10:13:20 UTC 2026","Exceptions — Smoke","specs\Smoke\8-ExceptionsSmoke.spec.ts","",""
"","5677","Verify dashboard footer footnote and privacy link are visible","msedge","Tue Sep 01 10:08:35 UTC 2026","passed","Tue Sep 01 10:08:40 UTC 2026","Home Dashboard","specs\Smoke\3-HomeDashboardSmoke.spec.ts","",""
"","9492","Holiday Schedules sub-page loads correctly","chromium","Tue Sep 01 10:07:34 UTC 2026","passed","Tue Sep 01 10:07:43 UTC 2026","Application Navigation Smoke Tests","specs\Smoke\2-NavigationSmoke.spec.ts","",""
"","21060","Excel export button is visible and enabled","firefox","Tue Sep 01 10:14:20 UTC 2026","passed","Tue Sep 01 10:14:41 UTC 2026","Issued Checks — Smoke","specs\Smoke\4-IssuedChecksSmoke.spec.ts","",""
"","11253","Home page is accessible and shows dashboard","msedge","Tue Sep 01 10:05:51 UTC 2026","passed","Tue Sep 01 10:06:02 UTC 2026","Application Navigation Smoke Tests","specs\Smoke\2-NavigationSmoke.spec.ts","",""
"","9245","ACH Approval Rules sub-page loads correctly","chromium","Tue Sep 01 10:08:32 UTC 2026","passed","Tue Sep 01 10:08:42 UTC 2026","Application Navigation Smoke Tests","specs\Smoke\2-NavigationSmoke.spec.ts","",""
"","30659","Save a filter preset, verify it is auto-selected, then delete it","webkit","Tue Sep 01 10:34:11 UTC 2026","passed","Tue Sep 01 10:34:41 UTC 2026","Presented Checks — Smoke (Continued)","specs\Smoke\5-PresentedChecksSmoke.spec.ts","",""
"","15752","Next page arrow advances to page 2","firefox","Tue Sep 01 10:20:48 UTC 2026","passed","Tue Sep 01 10:21:04 UTC 2026","ACH — Smoke","specs\Smoke\7-ACHSmoke.spec.ts","",""
"","11400","Clicking a column header sorts ascending, clicking again sorts descending","chromium","Tue Sep 01 10:13:13 UTC 2026","passed","Tue Sep 01 10:13:24 UTC 2026","Presented Checks — Smoke (Continued)","specs\Smoke\5-PresentedChecksSmoke.spec.ts","",""
"","6513","Default filter auto-applies after logout and re-login","msedge","Tue Sep 01 10:14:09 UTC 2026","skipped","Tue Sep 01 10:14:15 UTC 2026","Exceptions — Default Filter (Serial)","specs\Smoke\8-ExceptionsSmoke.spec.ts","",""
"","14096","Last page arrow jumps to the final page","chromium","Tue Sep 01 10:11:21 UTC 2026","passed","Tue Sep 01 10:11:35 UTC 2026","Issued Checks — Smoke","specs\Smoke\4-IssuedChecksSmoke.spec.ts","",""
"","19136","Excel export button is visible and enabled","firefox","Tue Sep 01 10:19:56 UTC 2026","passed","Tue Sep 01 10:20:15 UTC 2026","Exceptions — Smoke","specs\Smoke\8-ExceptionsSmoke.spec.ts","",""
"","17908","""Edit"" link on a row navigates to the check edit form","webkit","Tue Sep 01 10:34:23 UTC 2026","passed","Tue Sep 01 10:34:41 UTC 2026","Issued Checks — Smoke (Continued)","specs\Smoke\4-IssuedChecksSmoke.spec.ts","",""
"","8651","Saved Filters dropdown is visible and defaults to no preset","msedge","Tue Sep 01 10:11:07 UTC 2026","passed","Tue Sep 01 10:11:15 UTC 2026","Presented Checks — Smoke","specs\Smoke\5-PresentedChecksSmoke.spec.ts","",""
"","16317","Presented Checks breadcrumb link is visible on the page","webkit","Tue Sep 01 10:36:29 UTC 2026","passed","Tue Sep 01 10:36:45 UTC 2026","Presented Checks — Smoke (Continued)","specs\Smoke\5-PresentedChecksSmoke.spec.ts","",""
"","12385","Teller page loads correctly","firefox","Tue Sep 01 10:07:47 UTC 2026","passed","Tue Sep 01 10:07:59 UTC 2026","Application Navigation Smoke Tests","specs\Smoke\2-NavigationSmoke.spec.ts","",""
"","5605","Validate Login functionality with caseSensitiveEmail","firefox","Tue Sep 01 10:07:12 UTC 2026","passed","Tue Sep 01 10:07:17 UTC 2026","","specs\Smoke\1-LoginSmoke.spec.ts","",""
"","17287","Presented Checks breadcrumb link is visible on the page","firefox","Tue Sep 01 10:19:05 UTC 2026","passed","Tue Sep 01 10:19:22 UTC 2026","Presented Checks — Smoke (Continued)","specs\Smoke\5-PresentedChecksSmoke.spec.ts","",""
"","21765","Previous page button returns to page 1, First page button re-enables disabled state","firefox","Tue Sep 01 10:21:20 UTC 2026","passed","Tue Sep 01 10:21:42 UTC 2026","Exceptions — Smoke","specs\Smoke\8-ExceptionsSmoke.spec.ts","",""
"","11706","Navigation tabs to Pre-Decisions, Approvals, and Exception History are visible","chromium","Tue Sep 01 10:18:10 UTC 2026","passed","Tue Sep 01 10:18:21 UTC 2026","Exceptions — Smoke (Continued)","specs\Smoke\8-ExceptionsSmoke.spec.ts","",""
"","9648","Account Settings sub-page loads correctly","chromium","Tue Sep 01 10:06:26 UTC 2026","passed","Tue Sep 01 10:06:36 UTC 2026","Application Navigation Smoke Tests","specs\Smoke\2-NavigationSmoke.spec.ts","",""
"","8631","""+ Add Check"" navigates to the add-check form","msedge","Tue Sep 01 10:09:42 UTC 2026","passed","Tue Sep 01 10:09:51 UTC 2026","Presented Checks — Smoke","specs\Smoke\5-PresentedChecksSmoke.spec.ts","",""
"","18967","Notification Log sub-page loads correctly","webkit","Tue Sep 01 10:28:01 UTC 2026","passed","Tue Sep 01 10:28:20 UTC 2026","Application Navigation Smoke Tests","specs\Smoke\2-NavigationSmoke.spec.ts","",""
"","9289","Validate forgot password with unregistered email","webkit","Tue Sep 01 10:24:37 UTC 2026","passed","Tue Sep 01 10:24:46 UTC 2026","","specs\Smoke\1-LoginSmoke.spec.ts","",""
"","23961","Validate Login functionality with emptyFields","webkit","Tue Sep 01 10:22:45 UTC 2026","passed","Tue Sep 01 10:23:09 UTC 2026","","specs\Smoke\1-LoginSmoke.spec.ts","",""
"","10628","Navigation tabs to Pre-Decisions, Approvals, and Exception History are visible","webkit","Tue Sep 01 10:42:00 UTC 2026","passed","Tue Sep 01 10:42:10 UTC 2026","Exceptions — Smoke (Continued)","specs\Smoke\8-ExceptionsSmoke.spec.ts","",""
"","10250","Decision Files sub-page loads correctly","chromium","Tue Sep 01 10:07:23 UTC 2026","passed","Tue Sep 01 10:07:34 UTC 2026","Application Navigation Smoke Tests","specs\Smoke\2-NavigationSmoke.spec.ts","",""
"","9054","Next page arrow advances to page 2","msedge","Tue Sep 01 10:13:20 UTC 2026","passed","Tue Sep 01 10:13:29 UTC 2026","Exceptions — Smoke","specs\Smoke\8-ExceptionsSmoke.spec.ts","",""
"","9941","ACH breadcrumb link is visible on the page","msedge","Tue Sep 01 10:15:02 UTC 2026","passed","Tue Sep 01 10:15:11 UTC 2026","ACH — Smoke","specs\Smoke\7-ACHSmoke.spec.ts","",""
"","7177","Exception History grid loads with data rows and key column headers","msedge","Tue Sep 01 10:12:46 UTC 2026","passed","Tue Sep 01 10:12:53 UTC 2026","Exceptions — Smoke","specs\Smoke\8-ExceptionsSmoke.spec.ts","",""
"","6310","Default Decision Log sub-page loads correctly","msedge","Tue Sep 01 10:08:35 UTC 2026","passed","Tue Sep 01 10:08:42 UTC 2026","Application Navigation Smoke Tests","specs\Smoke\2-NavigationSmoke.spec.ts","",""
"","24297","Previous page button returns to page 1, First page button re-enables disabled state","webkit","Tue Sep 01 10:38:45 UTC 2026","passed","Tue Sep 01 10:39:09 UTC 2026","Exceptions — Smoke","specs\Smoke\8-ExceptionsSmoke.spec.ts","",""
"","15713","""View"" (Change Log) link on a row navigates to the entity log","firefox","Tue Sep 01 10:18:16 UTC 2026","passed","Tue Sep 01 10:18:32 UTC 2026","Presented Checks — Smoke (Continued)","specs\Smoke\5-PresentedChecksSmoke.spec.ts","",""
"","7214","Pre-Decisions page loads with either records or the empty-state message","firefox","Tue Sep 01 10:25:03 UTC 2026","passed","Tue Sep 01 10:25:11 UTC 2026","Exceptions — Smoke (Continued)","specs\Smoke\8-ExceptionsSmoke.spec.ts","",""
"","15182","Business Clients sub-page loads correctly","webkit","Tue Sep 01 10:24:11 UTC 2026","passed","Tue Sep 01 10:24:26 UTC 2026","Application Navigation Smoke Tests","specs\Smoke\2-NavigationSmoke.spec.ts","",""
"","16425","Page size change to 10 updates pagination info in bottom-right pager","webkit","Tue Sep 01 10:32:11 UTC 2026","passed","Tue Sep 01 10:32:27 UTC 2026","Presented Checks — Smoke","specs\Smoke\5-PresentedChecksSmoke.spec.ts","",""
"","10496","Previous page button returns to page 1, First page button re-enables disabled state","msedge","Tue Sep 01 10:13:46 UTC 2026","passed","Tue Sep 01 10:13:57 UTC 2026","Exceptions — Smoke","specs\Smoke\8-ExceptionsSmoke.spec.ts","",""
"","16753","Verify dashboard tab checked state updates correctly","firefox","Tue Sep 01 10:10:11 UTC 2026","passed","Tue Sep 01 10:10:28 UTC 2026","Home Dashboard","specs\Smoke\3-HomeDashboardSmoke.spec.ts","",""
"","9013","""Edit"" link on a row navigates to the check edit form","msedge","Tue Sep 01 10:11:26 UTC 2026","passed","Tue Sep 01 10:11:35 UTC 2026","Issued Checks — Smoke (Continued)","specs\Smoke\4-IssuedChecksSmoke.spec.ts","",""
"","14262","Grid View toggle navigates to the open-exceptions grid and shows key column headers","firefox","Tue Sep 01 10:24:39 UTC 2026","passed","Tue Sep 01 10:24:53 UTC 2026","Exceptions — Smoke (Continued)","specs\Smoke\8-ExceptionsSmoke.spec.ts","",""
"","17812","Last page arrow jumps to the final page","webkit","Tue Sep 01 10:37:53 UTC 2026","passed","Tue Sep 01 10:38:10 UTC 2026","ACH — Smoke","specs\Smoke\7-ACHSmoke.spec.ts","",""
"","18380","Verify chart title changes with selected tab","webkit","Tue Sep 01 10:27:16 UTC 2026","passed","Tue Sep 01 10:27:34 UTC 2026","Home Dashboard","specs\Smoke\3-HomeDashboardSmoke.spec.ts","",""
"","9372","Default filter auto-applies after logout and re-login","msedge","Tue Sep 01 10:13:47 UTC 2026","skipped","Tue Sep 01 10:13:56 UTC 2026","ACH — Smoke","specs\Smoke\7-ACHSmoke.spec.ts","",""
"","16844","""+ Add Check"" navigates to the add-check form","firefox","Tue Sep 01 10:13:31 UTC 2026","passed","Tue Sep 01 10:13:48 UTC 2026","Issued Checks — Smoke","specs\Smoke\4-IssuedChecksSmoke.spec.ts","",""
"","6555","Settings page loads correctly","msedge","Tue Sep 01 10:06:35 UTC 2026","passed","Tue Sep 01 10:06:41 UTC 2026","Application Navigation Smoke Tests","specs\Smoke\2-NavigationSmoke.spec.ts","",""
"","16232","Exceptions breadcrumb link is visible on the page","webkit","Tue Sep 01 10:41:44 UTC 2026","passed","Tue Sep 01 10:42:00 UTC 2026","Exceptions — Smoke (Continued)","specs\Smoke\8-ExceptionsSmoke.spec.ts","",""
"","17018","Issued Checks breadcrumb link is visible on the page","webkit","Tue Sep 01 10:35:19 UTC 2026","passed","Tue Sep 01 10:35:36 UTC 2026","Issued Checks — Smoke (Continued)","specs\Smoke\4-IssuedChecksSmoke.spec.ts","",""
"","11201","Next page arrow advances to page 2","chromium","Tue Sep 01 10:15:14 UTC 2026","passed","Tue Sep 01 10:15:26 UTC 2026","Exceptions — Smoke","specs\Smoke\8-ExceptionsSmoke.spec.ts","",""
"","8284","Clicking a column header sorts ascending, clicking again sorts descending","msedge","Tue Sep 01 10:14:29 UTC 2026","passed","Tue Sep 01 10:14:38 UTC 2026","Exceptions — Smoke (Continued)","specs\Smoke\8-ExceptionsSmoke.spec.ts","",""
"","9474","Last page arrow jumps to the final page","msedge","Tue Sep 01 10:10:09 UTC 2026","passed","Tue Sep 01 10:10:18 UTC 2026","Issued Checks — Smoke","specs\Smoke\4-IssuedChecksSmoke.spec.ts","",""
"","15889","Search box filters grid and clears correctly","chromium","Tue Sep 01 10:10:19 UTC 2026","passed","Tue Sep 01 10:10:35 UTC 2026","Issued Checks — Smoke","specs\Smoke\4-IssuedChecksSmoke.spec.ts","",""
"","20238","Clicking a column header sorts ascending, clicking again sorts descending","firefox","Tue Sep 01 10:22:35 UTC 2026","passed","Tue Sep 01 10:22:55 UTC 2026","Exceptions — Smoke (Continued)","specs\Smoke\8-ExceptionsSmoke.spec.ts","",""
"","9384","Verify Check Only tab shows Check-specific chart sections","chromium","Tue Sep 01 10:07:21 UTC 2026","passed","Tue Sep 01 10:07:31 UTC 2026","Home Dashboard","specs\Smoke\3-HomeDashboardSmoke.spec.ts","",""
"","17032","Last page arrow jumps to the final page","webkit","Tue Sep 01 10:32:45 UTC 2026","passed","Tue Sep 01 10:33:02 UTC 2026","Presented Checks — Smoke","specs\Smoke\5-PresentedChecksSmoke.spec.ts","",""
"","23012","Save a filter preset, verify it is auto-selected, then delete it","firefox","Tue Sep 01 10:16:37 UTC 2026","passed","Tue Sep 01 10:17:00 UTC 2026","Issued Checks — Smoke (Continued)","specs\Smoke\4-IssuedChecksSmoke.spec.ts","",""
"","22486","Verify dashboard loads after successful login","webkit","Tue Sep 01 10:25:18 UTC 2026","passed","Tue Sep 01 10:25:41 UTC 2026","Home Dashboard","specs\Smoke\3-HomeDashboardSmoke.spec.ts","",""
"","13215","Previous page button returns to page 1, First page button re-enables disabled state","chromium","Tue Sep 01 10:15:49 UTC 2026","passed","Tue Sep 01 10:16:02 UTC 2026","Exceptions — Smoke","specs\Smoke\8-ExceptionsSmoke.spec.ts","",""
"","9870","Default filter auto-applies after logout and re-login","msedge","Tue Sep 01 10:11:15 UTC 2026","skipped","Tue Sep 01 10:11:25 UTC 2026","Presented Checks — Default Filter (Serial)","specs\Smoke\5-PresentedChecksSmoke.spec.ts","",""
"","5124","Validate forgot password functionality with No email","chromium","Tue Sep 01 10:06:31 UTC 2026","passed","Tue Sep 01 10:06:36 UTC 2026","","specs\Smoke\1-LoginSmoke.spec.ts","",""
"","10108","Grid loads with data rows and key column headers","chromium","Tue Sep 01 10:14:22 UTC 2026","passed","Tue Sep 01 10:14:32 UTC 2026","ACH — Smoke","specs\Smoke\7-ACHSmoke.spec.ts","",""
"","15786","Saved Filters dropdown is visible and defaults to no preset","webkit","Tue Sep 01 10:32:45 UTC 2026","passed","Tue Sep 01 10:33:01 UTC 2026","Issued Checks — Smoke","specs\Smoke\4-IssuedChecksSmoke.spec.ts","",""
"","7952","Last page arrow jumps to the final page","msedge","Tue Sep 01 10:13:12 UTC 2026","passed","Tue Sep 01 10:13:20 UTC 2026","ACH — Smoke","specs\Smoke\7-ACHSmoke.spec.ts","",""
"","14911","Pay/Return decision badge navigates to exception history","firefox","Tue Sep 01 10:18:50 UTC 2026","passed","Tue Sep 01 10:19:05 UTC 2026","Presented Checks — Smoke (Continued)","specs\Smoke\5-PresentedChecksSmoke.spec.ts","",""
"","6722","Pre-Decisions page loads with either records or the empty-state message","chromium","Tue Sep 01 10:18:51 UTC 2026","passed","Tue Sep 01 10:18:58 UTC 2026","Exceptions — Smoke (Continued)","specs\Smoke\8-ExceptionsSmoke.spec.ts","",""
"","13188","Issued Checks page loads correctly","firefox","Tue Sep 01 10:07:19 UTC 2026","passed","Tue Sep 01 10:07:33 UTC 2026","Application Navigation Smoke Tests","specs\Smoke\2-NavigationSmoke.spec.ts","",""
"","24540","Column filter popup applies a filter and Clear restores the full row set","firefox","Tue Sep 01 10:23:11 UTC 2026","passed","Tue Sep 01 10:23:36 UTC 2026","ACH — Smoke","specs\Smoke\7-ACHSmoke.spec.ts","",""
"","7824","Verify Combined View shows all chart sections","chromium","Tue Sep 01 10:07:13 UTC 2026","passed","Tue Sep 01 10:07:21 UTC 2026","Home Dashboard","specs\Smoke\3-HomeDashboardSmoke.spec.ts","",""
"","16606","System Log sub-page loads correctly","webkit","Tue Sep 01 10:28:37 UTC 2026","passed","Tue Sep 01 10:28:53 UTC 2026","Application Navigation Smoke Tests","specs\Smoke\2-NavigationSmoke.spec.ts","",""
"","11553","""Edit"" link on a row navigates to the check edit form","chromium","Tue Sep 01 10:13:26 UTC 2026","passed","Tue Sep 01 10:13:38 UTC 2026","Issued Checks — Smoke (Continued)","specs\Smoke\4-IssuedChecksSmoke.spec.ts","",""
"","17431","""+ Add Check"" navigates to the add-check form","firefox","Tue Sep 01 10:13:44 UTC 2026","passed","Tue Sep 01 10:14:01 UTC 2026","Presented Checks — Smoke","specs\Smoke\5-PresentedChecksSmoke.spec.ts","",""
"","17739","""Delete"" on a row shows a confirm modal; Cancel dismisses it without deleting","firefox","Tue Sep 01 10:18:15 UTC 2026","passed","Tue Sep 01 10:18:33 UTC 2026","Issued Checks — Smoke (Continued)","specs\Smoke\4-IssuedChecksSmoke.spec.ts","",""
"","12074","ACH Approval Rules sub-page loads correctly","firefox","Tue Sep 01 10:11:57 UTC 2026","passed","Tue Sep 01 10:12:09 UTC 2026","Application Navigation Smoke Tests","specs\Smoke\2-NavigationSmoke.spec.ts","",""
"","17793","Search box filters grid and clears correctly","webkit","Tue Sep 01 10:31:37 UTC 2026","passed","Tue Sep 01 10:31:55 UTC 2026","Presented Checks — Smoke","specs\Smoke\5-PresentedChecksSmoke.spec.ts","",""
"","16524","Grid loads with data rows and key column headers","webkit","Tue Sep 01 10:35:54 UTC 2026","passed","Tue Sep 01 10:36:10 UTC 2026","ACH — Smoke","specs\Smoke\7-ACHSmoke.spec.ts","",""
"","15943","Holiday Schedules sub-page loads correctly","webkit","Tue Sep 01 10:25:58 UTC 2026","passed","Tue Sep 01 10:26:14 UTC 2026","Application Navigation Smoke Tests","specs\Smoke\2-NavigationSmoke.spec.ts","",""
"","16190","Pay/Return decision badge navigates to exception history","webkit","Tue Sep 01 10:36:12 UTC 2026","passed","Tue Sep 01 10:36:29 UTC 2026","Presented Checks — Smoke (Continued)","specs\Smoke\5-PresentedChecksSmoke.spec.ts","",""
"","8498","Verify dashboard tab checked state updates correctly","chromium","Tue Sep 01 10:07:39 UTC 2026","passed","Tue Sep 01 10:07:47 UTC 2026","Home Dashboard","specs\Smoke\3-HomeDashboardSmoke.spec.ts","",""
"","4380","Validate unauthenticated access to protected route is redirected to login","msedge","Tue Sep 01 10:07:12 UTC 2026","passed","Tue Sep 01 10:07:16 UTC 2026","","specs\Smoke\1-LoginSmoke.spec.ts","",""
"","9686","Verify navigation to Exceptions via nav menu","chromium","Tue Sep 01 10:09:18 UTC 2026","passed","Tue Sep 01 10:09:27 UTC 2026","Home Dashboard","specs\Smoke\3-HomeDashboardSmoke.spec.ts","",""
"","10099","Verify delayed data note and force refresh link are visible on dashboard","firefox","Tue Sep 01 10:11:19 UTC 2026","passed","Tue Sep 01 10:11:29 UTC 2026","Home Dashboard","specs\Smoke\3-HomeDashboardSmoke.spec.ts","",""
"","30615","Save a filter preset, verify it is auto-selected, then delete it","webkit","Tue Sep 01 10:39:26 UTC 2026","passed","Tue Sep 01 10:39:57 UTC 2026","ACH — Smoke","specs\Smoke\7-ACHSmoke.spec.ts","",""
"","6383","Validate Login functionality with sqlInjection","firefox","Tue Sep 01 10:07:50 UTC 2026","passed","Tue Sep 01 10:07:56 UTC 2026","","specs\Smoke\1-LoginSmoke.spec.ts","",""
"","7665","Verify Total Exceptions and Total Exception Amount labels are visible","chromium","Tue Sep 01 10:08:06 UTC 2026","passed","Tue Sep 01 10:08:14 UTC 2026","Home Dashboard","specs\Smoke\3-HomeDashboardSmoke.spec.ts","",""
"","13468","Save a filter preset, verify it is auto-selected, then delete it","msedge","Tue Sep 01 10:10:53 UTC 2026","passed","Tue Sep 01 10:11:07 UTC 2026","Issued Checks — Smoke (Continued)","specs\Smoke\4-IssuedChecksSmoke.spec.ts","",""
"","8819","Verify tab-specific charts are hidden for opposite tab","chromium","Tue Sep 01 10:07:57 UTC 2026","passed","Tue Sep 01 10:08:06 UTC 2026","Home Dashboard","specs\Smoke\3-HomeDashboardSmoke.spec.ts","",""
"","15453","Verify navigation to Settings via nav menu","firefox","Tue Sep 01 10:13:00 UTC 2026","passed","Tue Sep 01 10:13:16 UTC 2026","Home Dashboard","specs\Smoke\3-HomeDashboardSmoke.spec.ts","",""
"","13577","Exceptions page loads correctly","firefox","Tue Sep 01 10:08:16 UTC 2026","passed","Tue Sep 01 10:08:29 UTC 2026","Application Navigation Smoke Tests","specs\Smoke\2-NavigationSmoke.spec.ts","",""
"","8557","Automatic ACH Decision Rules sub-page loads correctly","chromium","Tue Sep 01 10:08:24 UTC 2026","passed","Tue Sep 01 10:08:32 UTC 2026","Application Navigation Smoke Tests","specs\Smoke\2-NavigationSmoke.spec.ts","",""
"","15807","Verify Total Exceptions and Total Exception Amount labels are visible","webkit","Tue Sep 01 10:27:52 UTC 2026","passed","Tue Sep 01 10:28:07 UTC 2026","Home Dashboard","specs\Smoke\3-HomeDashboardSmoke.spec.ts","",""
"","13815","""+ Add Check"" navigates to the add-check form","chromium","Tue Sep 01 10:09:52 UTC 2026","passed","Tue Sep 01 10:10:06 UTC 2026","Presented Checks — Smoke","specs\Smoke\5-PresentedChecksSmoke.spec.ts","",""
"","15451","""Edit"" link on a row navigates to the check edit form","webkit","Tue Sep 01 10:35:23 UTC 2026","passed","Tue Sep 01 10:35:38 UTC 2026","Presented Checks — Smoke (Continued)","specs\Smoke\5-PresentedChecksSmoke.spec.ts","",""
"","20980","Notification Templates sub-page loads correctly","webkit","Tue Sep 01 10:26:35 UTC 2026","passed","Tue Sep 01 10:26:56 UTC 2026","Application Navigation Smoke Tests","specs\Smoke\2-NavigationSmoke.spec.ts","",""
"","10856","Validate forgot password functionality with No email","webkit","Tue Sep 01 10:24:26 UTC 2026","passed","Tue Sep 01 10:24:37 UTC 2026","","specs\Smoke\1-LoginSmoke.spec.ts","",""
"","7318","Verify profile menu shows My Info and Logout links","chromium","Tue Sep 01 10:08:37 UTC 2026","passed","Tue Sep 01 10:08:44 UTC 2026","Home Dashboard","specs\Smoke\3-HomeDashboardSmoke.spec.ts","",""
"","17880","""+ Add Check"" navigates to the add-check form","webkit","Tue Sep 01 10:30:06 UTC 2026","passed","Tue Sep 01 10:30:24 UTC 2026","Issued Checks — Smoke","specs\Smoke\4-IssuedChecksSmoke.spec.ts","",""
"","20461","Column filter popup applies a filter and Clear restores the full row set","firefox","Tue Sep 01 10:17:38 UTC 2026","passed","Tue Sep 01 10:17:59 UTC 2026","Presented Checks — Smoke (Continued)","specs\Smoke\5-PresentedChecksSmoke.spec.ts","",""
"","12115","""Delete"" on a row shows a confirm modal; Cancel dismisses it without deleting","chromium","Tue Sep 01 10:17:57 UTC 2026","passed","Tue Sep 01 10:18:09 UTC 2026","ACH — Smoke","specs\Smoke\7-ACHSmoke.spec.ts","",""
"","23037","Previous page button returns to page 1, First page button re-enables disabled state","webkit","Tue Sep 01 10:38:29 UTC 2026","passed","Tue Sep 01 10:38:52 UTC 2026","ACH — Smoke","specs\Smoke\7-ACHSmoke.spec.ts","",""
"","23573","Teller page loads correctly","webkit","Tue Sep 01 10:22:22 UTC 2026","passed","Tue Sep 01 10:22:46 UTC 2026","Application Navigation Smoke Tests","specs\Smoke\2-NavigationSmoke.spec.ts","",""
"","16715","""View"" (Change Log) link on a row navigates to the entity log","webkit","Tue Sep 01 10:35:38 UTC 2026","passed","Tue Sep 01 10:35:55 UTC 2026","Presented Checks — Smoke (Continued)","specs\Smoke\5-PresentedChecksSmoke.spec.ts","",""
"","16335","Next page arrow advances to page 2","webkit","Tue Sep 01 10:31:33 UTC 2026","passed","Tue Sep 01 10:31:49 UTC 2026","Issued Checks — Smoke","specs\Smoke\4-IssuedChecksSmoke.spec.ts","",""
"","14093","File Formats sub-page loads correctly","firefox","Tue Sep 01 10:10:42 UTC 2026","passed","Tue Sep 01 10:10:56 UTC 2026","Application Navigation Smoke Tests","specs\Smoke\2-NavigationSmoke.spec.ts","",""
"","13746","Default filter auto-applies after logout and re-login","webkit","Tue Sep 01 10:33:57 UTC 2026","skipped","Tue Sep 01 10:34:11 UTC 2026","Presented Checks — Default Filter (Serial)","specs\Smoke\5-PresentedChecksSmoke.spec.ts","",""
"","14730","Verify navigation to Presented Checks via nav menu","webkit","Tue Sep 01 10:29:43 UTC 2026","passed","Tue Sep 01 10:29:58 UTC 2026","Home Dashboard","specs\Smoke\3-HomeDashboardSmoke.spec.ts","",""
"","8569","Page size change to 10 updates pagination info in bottom-right pager","msedge","Tue Sep 01 10:10:19 UTC 2026","passed","Tue Sep 01 10:10:27 UTC 2026","Presented Checks — Smoke","specs\Smoke\5-PresentedChecksSmoke.spec.ts","",""
"","23361","Billing Reports sub-page loads correctly","webkit","Tue Sep 01 10:25:17 UTC 2026","passed","Tue Sep 01 10:25:40 UTC 2026","Application Navigation Smoke Tests","specs\Smoke\2-NavigationSmoke.spec.ts","",""
"","7301","Verify profile menu shows My Info and Logout links","msedge","Tue Sep 01 10:08:41 UTC 2026","passed","Tue Sep 01 10:08:48 UTC 2026","Home Dashboard","specs\Smoke\3-HomeDashboardSmoke.spec.ts","",""
"","19707","Validate Login functionality with correctCredentials","firefox","Tue Sep 01 10:06:51 UTC 2026","passed","Tue Sep 01 10:07:11 UTC 2026","","specs\Smoke\1-LoginSmoke.spec.ts","",""
"","9220","Last page arrow jumps to the final page","msedge","Tue Sep 01 10:13:29 UTC 2026","passed","Tue Sep 01 10:13:38 UTC 2026","Exceptions — Smoke","specs\Smoke\8-ExceptionsSmoke.spec.ts","",""
"","17704","Save a filter preset, verify it is auto-selected, then delete it","chromium","Tue Sep 01 10:16:48 UTC 2026","passed","Tue Sep 01 10:17:06 UTC 2026","Exceptions — Smoke (Continued)","specs\Smoke\8-ExceptionsSmoke.spec.ts","",""
"","13709","""+ Add Check"" navigates to the add-check form","chromium","Tue Sep 01 10:09:52 UTC 2026","passed","Tue Sep 01 10:10:05 UTC 2026","Issued Checks — Smoke","specs\Smoke\4-IssuedChecksSmoke.spec.ts","",""
"","17313","Check Approval Rules sub-page loads correctly","firefox","Tue Sep 01 10:11:24 UTC 2026","passed","Tue Sep 01 10:11:42 UTC 2026","Application Navigation Smoke Tests","specs\Smoke\2-NavigationSmoke.spec.ts","",""
"","10595","""Uploaded ACH"" navigates to the uploads page","chromium","Tue Sep 01 10:14:42 UTC 2026","passed","Tue Sep 01 10:14:53 UTC 2026","ACH — Smoke","specs\Smoke\7-ACHSmoke.spec.ts","",""
"","10591","Validate session persists after page refresh","chromium","Tue Sep 01 10:06:42 UTC 2026","passed","Tue Sep 01 10:06:53 UTC 2026","","specs\Smoke\1-LoginSmoke.spec.ts","",""
"","6826","Open Exceptions page loads with either exception cards or the empty-state message","msedge","Tue Sep 01 10:15:24 UTC 2026","passed","Tue Sep 01 10:15:31 UTC 2026","Exceptions — Smoke (Continued)","specs\Smoke\8-ExceptionsSmoke.spec.ts","",""
"","6156","Account Settings sub-page loads correctly","msedge","Tue Sep 01 10:06:41 UTC 2026","passed","Tue Sep 01 10:06:47 UTC 2026","Application Navigation Smoke Tests","specs\Smoke\2-NavigationSmoke.spec.ts","",""
"","17184","Validate teller presented-check form shows all required fields","webkit","Tue Sep 01 10:35:36 UTC 2026","passed","Tue Sep 01 10:35:53 UTC 2026","Teller - Smoke","specs\Smoke\6-TellerSmoke.spec.ts","",""
"","8963","Presented Checks page loads correctly","chromium","Tue Sep 01 10:05:41 UTC 2026","passed","Tue Sep 01 10:05:50 UTC 2026","Application Navigation Smoke Tests","specs\Smoke\2-NavigationSmoke.spec.ts","",""
"","16721","API link is visible and points to swagger","webkit","Tue Sep 01 10:29:13 UTC 2026","passed","Tue Sep 01 10:29:29 UTC 2026","Application Navigation Smoke Tests","specs\Smoke\2-NavigationSmoke.spec.ts","",""
"","9718","Grid View toggle navigates to the open-exceptions grid and shows key column headers","webkit","Tue Sep 01 10:42:20 UTC 2026","passed","Tue Sep 01 10:42:29 UTC 2026","Exceptions — Smoke (Continued)","specs\Smoke\8-ExceptionsSmoke.spec.ts","",""
"","15916","ACH breadcrumb link is visible on the page","webkit","Tue Sep 01 10:41:45 UTC 2026","passed","Tue Sep 01 10:42:01 UTC 2026","ACH — Smoke","specs\Smoke\7-ACHSmoke.spec.ts","",""
"","19687","Grid loads with data rows and key column headers","webkit","Tue Sep 01 10:29:46 UTC 2026","passed","Tue Sep 01 10:30:06 UTC 2026","Issued Checks — Smoke","specs\Smoke\4-IssuedChecksSmoke.spec.ts","",""
"","9400","Verify navigation to ACH via nav menu","chromium","Tue Sep 01 10:09:08 UTC 2026","passed","Tue Sep 01 10:09:17 UTC 2026","Home Dashboard","specs\Smoke\3-HomeDashboardSmoke.spec.ts","",""
"","16483","""Uploaded ACH"" navigates to the uploads page","webkit","Tue Sep 01 10:36:28 UTC 2026","passed","Tue Sep 01 10:36:45 UTC 2026","ACH — Smoke","specs\Smoke\7-ACHSmoke.spec.ts","",""
"","6550","Validate Login functionality with caseSensitiveEmail","msedge","Tue Sep 01 10:06:02 UTC 2026","passed","Tue Sep 01 10:06:09 UTC 2026","","specs\Smoke\1-LoginSmoke.spec.ts","",""
"","9038","ACH breadcrumb link is visible on the page","chromium","Tue Sep 01 10:18:26 UTC 2026","passed","Tue Sep 01 10:18:35 UTC 2026","ACH — Smoke","specs\Smoke\7-ACHSmoke.spec.ts","",""
"","20211","Validate Login functionality with invalidEmailFormat","webkit","Tue Sep 01 10:22:25 UTC 2026","passed","Tue Sep 01 10:22:45 UTC 2026","","specs\Smoke\1-LoginSmoke.spec.ts","",""
"","8901","Business Clients sub-page loads correctly","chromium","Tue Sep 01 10:06:36 UTC 2026","passed","Tue Sep 01 10:06:45 UTC 2026","Application Navigation Smoke Tests","specs\Smoke\2-NavigationSmoke.spec.ts","",""
"","13234","Column filter popup applies a filter and Clear restores the full row set","msedge","Tue Sep 01 10:14:16 UTC 2026","passed","Tue Sep 01 10:14:29 UTC 2026","ACH — Smoke","specs\Smoke\7-ACHSmoke.spec.ts","",""
"","11057","Column filter menu applies a filter and Clear restores the full row set","msedge","Tue Sep 01 10:14:38 UTC 2026","passed","Tue Sep 01 10:14:49 UTC 2026","Exceptions — Smoke (Continued)","specs\Smoke\8-ExceptionsSmoke.spec.ts","",""
"","6454","Business Clients sub-page loads correctly","msedge","Tue Sep 01 10:06:47 UTC 2026","passed","Tue Sep 01 10:06:54 UTC 2026","Application Navigation Smoke Tests","specs\Smoke\2-NavigationSmoke.spec.ts","",""
"","10761","Verify navigation to Exceptions via nav menu","firefox","Tue Sep 01 10:12:49 UTC 2026","passed","Tue Sep 01 10:13:00 UTC 2026","Home Dashboard","specs\Smoke\3-HomeDashboardSmoke.spec.ts","",""
"","16591","Column filter popup applies a filter and Clear restores the full row set","chromium","Tue Sep 01 10:17:28 UTC 2026","passed","Tue Sep 01 10:17:45 UTC 2026","ACH — Smoke","specs\Smoke\7-ACHSmoke.spec.ts","",""
"","17022","Page size change to 10 updates pagination info in bottom-right pager","firefox","Tue Sep 01 10:20:31 UTC 2026","passed","Tue Sep 01 10:20:48 UTC 2026","ACH — Smoke","specs\Smoke\7-ACHSmoke.spec.ts","",""
"","16434","ACH page loads correctly","firefox","Tue Sep 01 10:07:59 UTC 2026","passed","Tue Sep 01 10:08:16 UTC 2026","Application Navigation Smoke Tests","specs\Smoke\2-NavigationSmoke.spec.ts","",""
"","7952","Notification Templates sub-page loads correctly","msedge","Tue Sep 01 10:07:45 UTC 2026","passed","Tue Sep 01 10:07:53 UTC 2026","Application Navigation Smoke Tests","specs\Smoke\2-NavigationSmoke.spec.ts","",""
"","14608","Exceptions breadcrumb link is visible on the page","firefox","Tue Sep 01 10:23:55 UTC 2026","passed","Tue Sep 01 10:24:10 UTC 2026","Exceptions — Smoke (Continued)","specs\Smoke\8-ExceptionsSmoke.spec.ts","",""
"","17061","Verify navigation to Issued Checks via nav menu","webkit","Tue Sep 01 10:29:26 UTC 2026","passed","Tue Sep 01 10:29:43 UTC 2026","Home Dashboard","specs\Smoke\3-HomeDashboardSmoke.spec.ts","",""
"","32559","ACH page loads correctly","webkit","Tue Sep 01 10:22:46 UTC 2026","passed","Tue Sep 01 10:23:19 UTC 2026","Application Navigation Smoke Tests","specs\Smoke\2-NavigationSmoke.spec.ts","",""
"","6918","Excel export button is visible and enabled","msedge","Tue Sep 01 10:13:05 UTC 2026","passed","Tue Sep 01 10:13:12 UTC 2026","Exceptions — Smoke","specs\Smoke\8-ExceptionsSmoke.spec.ts","",""
"","9919","Branding sub-page loads correctly","firefox","Tue Sep 01 10:09:51 UTC 2026","passed","Tue Sep 01 10:10:01 UTC 2026","Application Navigation Smoke Tests","specs\Smoke\2-NavigationSmoke.spec.ts","",""
"","10847","Validate Login functionality with correctCredentials","msedge","Tue Sep 01 10:05:51 UTC 2026","passed","Tue Sep 01 10:06:02 UTC 2026","","specs\Smoke\1-LoginSmoke.spec.ts","",""
"","5225","Validate Login functionality with emptyFields","firefox","Tue Sep 01 10:07:35 UTC 2026","passed","Tue Sep 01 10:07:40 UTC 2026","","specs\Smoke\1-LoginSmoke.spec.ts","",""
"","7343","Verify delayed data note and force refresh link are visible on dashboard","chromium","Tue Sep 01 10:08:22 UTC 2026","passed","Tue Sep 01 10:08:29 UTC 2026","Home Dashboard","specs\Smoke\3-HomeDashboardSmoke.spec.ts","",""
"","17723","Next page arrow advances to page 2","webkit","Tue Sep 01 10:37:35 UTC 2026","passed","Tue Sep 01 10:37:53 UTC 2026","ACH — Smoke","specs\Smoke\7-ACHSmoke.spec.ts","",""
"","16649","Next page arrow advances to page 2","firefox","Tue Sep 01 10:15:13 UTC 2026","passed","Tue Sep 01 10:15:30 UTC 2026","Presented Checks — Smoke","specs\Smoke\5-PresentedChecksSmoke.spec.ts","",""
"","9982","Validate teller presented-check form shows all required fields","chromium","Tue Sep 01 10:14:12 UTC 2026","passed","Tue Sep 01 10:14:22 UTC 2026","Teller - Smoke","specs\Smoke\6-TellerSmoke.spec.ts","",""
"","13311","Billing Reports sub-page loads correctly","firefox","Tue Sep 01 10:10:01 UTC 2026","passed","Tue Sep 01 10:10:14 UTC 2026","Application Navigation Smoke Tests","specs\Smoke\2-NavigationSmoke.spec.ts","",""
"","7502","Billing Reports sub-page loads correctly","msedge","Tue Sep 01 10:07:16 UTC 2026","passed","Tue Sep 01 10:07:23 UTC 2026","Application Navigation Smoke Tests","specs\Smoke\2-NavigationSmoke.spec.ts","",""
"","19401","Decision badge on an already-reviewed row is blocked with a system message","firefox","Tue Sep 01 10:23:36 UTC 2026","passed","Tue Sep 01 10:23:55 UTC 2026","Exceptions — Smoke (Continued)","specs\Smoke\8-ExceptionsSmoke.spec.ts","",""
"","17202","Search box filters grid and clears correctly","webkit","Tue Sep 01 10:37:02 UTC 2026","passed","Tue Sep 01 10:37:19 UTC 2026","Exceptions — Smoke","specs\Smoke\8-ExceptionsSmoke.spec.ts","",""
"","16651","Clicking a column header sorts ascending, clicking again sorts descending","firefox","Tue Sep 01 10:17:22 UTC 2026","passed","Tue Sep 01 10:17:38 UTC 2026","Presented Checks — Smoke (Continued)","specs\Smoke\5-PresentedChecksSmoke.spec.ts","",""
"","24023","Save a filter preset, verify it is auto-selected, then delete it","firefox","Tue Sep 01 10:22:11 UTC 2026","passed","Tue Sep 01 10:22:35 UTC 2026","Exceptions — Smoke (Continued)","specs\Smoke\8-ExceptionsSmoke.spec.ts","",""
"","10336","Verify all three dashboard view tabs are visible","firefox","Tue Sep 01 10:09:05 UTC 2026","passed","Tue Sep 01 10:09:15 UTC 2026","Home Dashboard","specs\Smoke\3-HomeDashboardSmoke.spec.ts","",""
"","19923","Verify dashboard tab checked state updates correctly","webkit","Tue Sep 01 10:26:56 UTC 2026","passed","Tue Sep 01 10:27:16 UTC 2026","Home Dashboard","specs\Smoke\3-HomeDashboardSmoke.spec.ts","",""
"","6552","Verify all three dashboard view tabs are visible","msedge","Tue Sep 01 10:07:23 UTC 2026","passed","Tue Sep 01 10:07:30 UTC 2026","Home Dashboard","specs\Smoke\3-HomeDashboardSmoke.spec.ts","",""
"","11630","API link is visible and points to swagger","firefox","Tue Sep 01 10:13:04 UTC 2026","passed","Tue Sep 01 10:13:16 UTC 2026","Application Navigation Smoke Tests","specs\Smoke\2-NavigationSmoke.spec.ts","",""
"","26605","Decision badge on an already-reviewed row is blocked with a system message","webkit","Tue Sep 01 10:41:17 UTC 2026","passed","Tue Sep 01 10:41:44 UTC 2026","Exceptions — Smoke (Continued)","specs\Smoke\8-ExceptionsSmoke.spec.ts","",""
"","11879","Search box filters grid and clears correctly","msedge","Tue Sep 01 10:12:53 UTC 2026","passed","Tue Sep 01 10:13:05 UTC 2026","Exceptions — Smoke","specs\Smoke\8-ExceptionsSmoke.spec.ts","",""
"","14108","Grid loads with data rows and key column headers","firefox","Tue Sep 01 10:13:30 UTC 2026","passed","Tue Sep 01 10:13:44 UTC 2026","Presented Checks — Smoke","specs\Smoke\5-PresentedChecksSmoke.spec.ts","",""
"","17670","Search box filters grid and clears correctly","webkit","Tue Sep 01 10:36:45 UTC 2026","passed","Tue Sep 01 10:37:02 UTC 2026","ACH — Smoke","specs\Smoke\7-ACHSmoke.spec.ts","",""
"","16709","Last page arrow jumps to the final page","firefox","Tue Sep 01 10:21:04 UTC 2026","passed","Tue Sep 01 10:21:21 UTC 2026","ACH — Smoke","specs\Smoke\7-ACHSmoke.spec.ts","",""
"","18323","Next page arrow advances to page 2","firefox","Tue Sep 01 10:20:28 UTC 2026","passed","Tue Sep 01 10:20:47 UTC 2026","Exceptions — Smoke","specs\Smoke\8-ExceptionsSmoke.spec.ts","",""
"","9705","Previous page button returns to page 1, First page button re-enables disabled state","msedge","Tue Sep 01 10:13:29 UTC 2026","passed","Tue Sep 01 10:13:39 UTC 2026","ACH — Smoke","specs\Smoke\7-ACHSmoke.spec.ts","",""
"","22973","""Uploaded Checks"" navigates to the uploads page","firefox","Tue Sep 01 10:14:01 UTC 2026","passed","Tue Sep 01 10:14:24 UTC 2026","Presented Checks — Smoke","specs\Smoke\5-PresentedChecksSmoke.spec.ts","",""
"","8460","Next page arrow advances to page 2","msedge","Tue Sep 01 10:10:00 UTC 2026","passed","Tue Sep 01 10:10:09 UTC 2026","Issued Checks — Smoke","specs\Smoke\4-IssuedChecksSmoke.spec.ts","",""
"","9077","Open Exceptions page loads with either exception cards or the empty-state message","webkit","Tue Sep 01 10:42:11 UTC 2026","passed","Tue Sep 01 10:42:20 UTC 2026","Exceptions — Smoke (Continued)","specs\Smoke\8-ExceptionsSmoke.spec.ts","",""
"","14466","Saved Filters dropdown is visible and defaults to no preset","firefox","Tue Sep 01 10:16:23 UTC 2026","passed","Tue Sep 01 10:16:38 UTC 2026","Presented Checks — Smoke","specs\Smoke\5-PresentedChecksSmoke.spec.ts","",""
"","8646","Clicking a column header sorts ascending, clicking again sorts descending","msedge","Tue Sep 01 10:11:07 UTC 2026","passed","Tue Sep 01 10:11:15 UTC 2026","Issued Checks — Smoke (Continued)","specs\Smoke\4-IssuedChecksSmoke.spec.ts","",""
"","17309","""View"" (Change Log) link on a row navigates to the entity log","firefox","Tue Sep 01 10:17:58 UTC 2026","passed","Tue Sep 01 10:18:15 UTC 2026","Issued Checks — Smoke (Continued)","specs\Smoke\4-IssuedChecksSmoke.spec.ts","",""
"","11520","Last page arrow jumps to the final page","chromium","Tue Sep 01 10:15:26 UTC 2026","passed","Tue Sep 01 10:15:37 UTC 2026","Exceptions — Smoke","specs\Smoke\8-ExceptionsSmoke.spec.ts","",""
"","11949","Verify Total Exceptions and Total Exception Amount labels are visible","firefox","Tue Sep 01 10:10:57 UTC 2026","passed","Tue Sep 01 10:11:09 UTC 2026","Home Dashboard","specs\Smoke\3-HomeDashboardSmoke.spec.ts","",""
"","40667","Default filter auto-applies after logout and re-login","chromium","Tue Sep 01 10:12:14 UTC 2026","passed","Tue Sep 01 10:12:55 UTC 2026","Presented Checks — Default Filter (Serial)","specs\Smoke\5-PresentedChecksSmoke.spec.ts","",""
"","8348","ACH Approval Rules sub-page loads correctly","msedge","Tue Sep 01 10:08:19 UTC 2026","passed","Tue Sep 01 10:08:27 UTC 2026","Application Navigation Smoke Tests","specs\Smoke\2-NavigationSmoke.spec.ts","",""
"","13093","Holiday Schedules sub-page loads correctly","firefox","Tue Sep 01 10:10:29 UTC 2026","passed","Tue Sep 01 10:10:42 UTC 2026","Application Navigation Smoke Tests","specs\Smoke\2-NavigationSmoke.spec.ts","",""
"","9825","System Log sub-page loads correctly","chromium","Tue Sep 01 10:09:01 UTC 2026","passed","Tue Sep 01 10:09:10 UTC 2026","Application Navigation Smoke Tests","specs\Smoke\2-NavigationSmoke.spec.ts","",""
"","9935","Roles/Permissions sub-page loads correctly","firefox","Tue Sep 01 10:09:41 UTC 2026","passed","Tue Sep 01 10:09:51 UTC 2026","Application Navigation Smoke Tests","specs\Smoke\2-NavigationSmoke.spec.ts","",""
"","22624","Validate Login functionality with missingUsername","webkit","Tue Sep 01 10:23:25 UTC 2026","passed","Tue Sep 01 10:23:47 UTC 2026","","specs\Smoke\1-LoginSmoke.spec.ts","",""
"","14660","Decision badge on an already-reviewed row is blocked with a system message","chromium","Tue Sep 01 10:17:44 UTC 2026","passed","Tue Sep 01 10:17:59 UTC 2026","Exceptions — Smoke (Continued)","specs\Smoke\8-ExceptionsSmoke.spec.ts","",""
"","12864","Column filter popup applies a filter and Clear restores the full row set","chromium","Tue Sep 01 10:13:13 UTC 2026","passed","Tue Sep 01 10:13:26 UTC 2026","Issued Checks — Smoke (Continued)","specs\Smoke\4-IssuedChecksSmoke.spec.ts","",""
"","6855","Verify dashboard loads after successful login","chromium","Tue Sep 01 10:06:59 UTC 2026","passed","Tue Sep 01 10:07:06 UTC 2026","Home Dashboard","specs\Smoke\3-HomeDashboardSmoke.spec.ts","",""
"","16670","Excel export button is visible and enabled","webkit","Tue Sep 01 10:37:02 UTC 2026","passed","Tue Sep 01 10:37:19 UTC 2026","ACH — Smoke","specs\Smoke\7-ACHSmoke.spec.ts","",""
"","7638","Verify navigation to Settings via nav menu","msedge","Tue Sep 01 10:09:25 UTC 2026","passed","Tue Sep 01 10:09:33 UTC 2026","Home Dashboard","specs\Smoke\3-HomeDashboardSmoke.spec.ts","",""
"","18527","Clicking a column header sorts ascending, clicking again sorts descending","firefox","Tue Sep 01 10:22:53 UTC 2026","passed","Tue Sep 01 10:23:11 UTC 2026","ACH — Smoke","specs\Smoke\7-ACHSmoke.spec.ts","",""
"","17083","Exception History grid loads with data rows and key column headers","webkit","Tue Sep 01 10:36:45 UTC 2026","passed","Tue Sep 01 10:37:02 UTC 2026","Exceptions — Smoke","specs\Smoke\8-ExceptionsSmoke.spec.ts","",""
"","10836","Exceptions breadcrumb link is visible on the page","chromium","Tue Sep 01 10:17:59 UTC 2026","passed","Tue Sep 01 10:18:10 UTC 2026","Exceptions — Smoke (Continued)","specs\Smoke\8-ExceptionsSmoke.spec.ts","",""
"","8868","Typing a page number navigates to that page","msedge","Tue Sep 01 10:10:18 UTC 2026","passed","Tue Sep 01 10:10:27 UTC 2026","Issued Checks — Smoke","specs\Smoke\4-IssuedChecksSmoke.spec.ts","",""
"","3602","Validate Login functionality with veryLongInput","msedge","Tue Sep 01 10:06:45 UTC 2026","passed","Tue Sep 01 10:06:49 UTC 2026","","specs\Smoke\1-LoginSmoke.spec.ts","",""
"","17041","Typing a page number navigates to that page","webkit","Tue Sep 01 10:32:06 UTC 2026","passed","Tue Sep 01 10:32:23 UTC 2026","Issued Checks — Smoke","specs\Smoke\4-IssuedChecksSmoke.spec.ts","",""
"","16767","""+ Add ACH"" navigates to the add-ACH form","firefox","Tue Sep 01 10:19:19 UTC 2026","passed","Tue Sep 01 10:19:36 UTC 2026","ACH — Smoke","specs\Smoke\7-ACHSmoke.spec.ts","",""
"","6226","ACH page loads correctly","msedge","Tue Sep 01 10:06:22 UTC 2026","passed","Tue Sep 01 10:06:28 UTC 2026","Application Navigation Smoke Tests","specs\Smoke\2-NavigationSmoke.spec.ts","",""
"","17279","Typing a page number navigates to that page","firefox","Tue Sep 01 10:21:21 UTC 2026","passed","Tue Sep 01 10:21:38 UTC 2026","ACH — Smoke","specs\Smoke\7-ACHSmoke.spec.ts","",""
"","13533","Account Settings sub-page loads correctly","webkit","Tue Sep 01 10:23:57 UTC 2026","passed","Tue Sep 01 10:24:11 UTC 2026","Application Navigation Smoke Tests","specs\Smoke\2-NavigationSmoke.spec.ts","",""
"","13013","Issued Checks breadcrumb link is visible on the page","chromium","Tue Sep 01 10:13:59 UTC 2026","passed","Tue Sep 01 10:14:12 UTC 2026","Issued Checks — Smoke (Continued)","specs\Smoke\4-IssuedChecksSmoke.spec.ts","",""
"","6478","Pre-Decisions page loads with either records or the empty-state message","webkit","Tue Sep 01 10:42:36 UTC 2026","passed","Tue Sep 01 10:42:42 UTC 2026","Exceptions — Smoke (Continued)","specs\Smoke\8-ExceptionsSmoke.spec.ts","",""
"","13378","""View"" link on a row opens the Exception Details dialog","msedge","Tue Sep 01 10:14:49 UTC 2026","passed","Tue Sep 01 10:15:02 UTC 2026","Exceptions — Smoke (Continued)","specs\Smoke\8-ExceptionsSmoke.spec.ts","",""
"","17846","""Delete"" on a row shows a confirm modal; Cancel dismisses it without deleting","firefox","Tue Sep 01 10:18:32 UTC 2026","passed","Tue Sep 01 10:18:50 UTC 2026","Presented Checks — Smoke (Continued)","specs\Smoke\5-PresentedChecksSmoke.spec.ts","",""
"","10225","Grid View toggle navigates to the open-exceptions grid and shows key column headers","chromium","Tue Sep 01 10:18:33 UTC 2026","passed","Tue Sep 01 10:18:43 UTC 2026","Exceptions — Smoke (Continued)","specs\Smoke\8-ExceptionsSmoke.spec.ts","",""
"","10269","Saved Filters dropdown is visible and defaults to no preset","chromium","Tue Sep 01 10:12:04 UTC 2026","passed","Tue Sep 01 10:12:14 UTC 2026","Presented Checks — Smoke","specs\Smoke\5-PresentedChecksSmoke.spec.ts","",""
"","4668","Verify Total Exceptions and Total Exception Amount labels are visible","msedge","Tue Sep 01 10:08:16 UTC 2026","passed","Tue Sep 01 10:08:21 UTC 2026","Home Dashboard","specs\Smoke\3-HomeDashboardSmoke.spec.ts","",""
"","13877","Validate Login functionality with caseSensitiveEmail","webkit","Tue Sep 01 10:21:38 UTC 2026","passed","Tue Sep 01 10:21:52 UTC 2026","","specs\Smoke\1-LoginSmoke.spec.ts","",""
"","11197","Issued Checks page loads correctly","chromium","Tue Sep 01 10:05:29 UTC 2026","passed","Tue Sep 01 10:05:41 UTC 2026","Application Navigation Smoke Tests","specs\Smoke\2-NavigationSmoke.spec.ts","",""
"","17091","""Uploaded Checks"" navigates to the uploads page","webkit","Tue Sep 01 10:30:24 UTC 2026","passed","Tue Sep 01 10:30:41 UTC 2026","Issued Checks — Smoke","specs\Smoke\4-IssuedChecksSmoke.spec.ts","",""
"","18776","Search box filters grid and clears correctly","webkit","Tue Sep 01 10:30:41 UTC 2026","passed","Tue Sep 01 10:31:00 UTC 2026","Issued Checks — Smoke","specs\Smoke\4-IssuedChecksSmoke.spec.ts","",""
"","10343","Column filter popup applies a filter and Clear restores the full row set","msedge","Tue Sep 01 10:11:15 UTC 2026","passed","Tue Sep 01 10:11:26 UTC 2026","Issued Checks — Smoke (Continued)","specs\Smoke\4-IssuedChecksSmoke.spec.ts","",""
"","30885","Default filter auto-applies after logout and re-login","chromium","Tue Sep 01 10:16:23 UTC 2026","passed","Tue Sep 01 10:16:54 UTC 2026","ACH — Smoke","specs\Smoke\7-ACHSmoke.spec.ts","",""
"","17113","Saved Filters dropdown is visible and defaults to no preset","firefox","Tue Sep 01 10:21:42 UTC 2026","passed","Tue Sep 01 10:21:59 UTC 2026","Exceptions — Smoke","specs\Smoke\8-ExceptionsSmoke.spec.ts","",""
"","17905","Users sub-page loads correctly","firefox","Tue Sep 01 10:09:23 UTC 2026","passed","Tue Sep 01 10:09:41 UTC 2026","Application Navigation Smoke Tests","specs\Smoke\2-NavigationSmoke.spec.ts","",""
"","8348","Saved Filters dropdown is visible and defaults to no preset","msedge","Tue Sep 01 10:10:37 UTC 2026","passed","Tue Sep 01 10:10:45 UTC 2026","Issued Checks — Smoke","specs\Smoke\4-IssuedChecksSmoke.spec.ts","",""
"","20142","Verify Check Only tab shows Check-specific chart sections","webkit","Tue Sep 01 10:26:15 UTC 2026","passed","Tue Sep 01 10:26:35 UTC 2026","Home Dashboard","specs\Smoke\3-HomeDashboardSmoke.spec.ts","",""
"","17259","Default filter auto-applies after logout and re-login","firefox","Tue Sep 01 10:16:38 UTC 2026","skipped","Tue Sep 01 10:16:55 UTC 2026","Presented Checks — Default Filter (Serial)","specs\Smoke\5-PresentedChecksSmoke.spec.ts","",""
"","8479","Grid loads with data rows and key column headers","msedge","Tue Sep 01 10:12:13 UTC 2026","passed","Tue Sep 01 10:12:21 UTC 2026","ACH — Smoke","specs\Smoke\7-ACHSmoke.spec.ts","",""
"","13792","""Uploaded Checks"" navigates to the uploads page","chromium","Tue Sep 01 10:10:05 UTC 2026","passed","Tue Sep 01 10:10:19 UTC 2026","Issued Checks — Smoke","specs\Smoke\4-IssuedChecksSmoke.spec.ts","",""
"","10833","Previous page button returns to page 1, First page button re-enables disabled state","chromium","Tue Sep 01 10:16:02 UTC 2026","passed","Tue Sep 01 10:16:12 UTC 2026","ACH — Smoke","specs\Smoke\7-ACHSmoke.spec.ts","",""
"","16519","Clicking a column header sorts ascending, clicking again sorts descending","webkit","Tue Sep 01 10:33:44 UTC 2026","passed","Tue Sep 01 10:34:01 UTC 2026","Issued Checks — Smoke (Continued)","specs\Smoke\4-IssuedChecksSmoke.spec.ts","",""
"","7744","Typing a page number navigates to that page","msedge","Tue Sep 01 10:10:45 UTC 2026","passed","Tue Sep 01 10:10:53 UTC 2026","Presented Checks — Smoke","specs\Smoke\5-PresentedChecksSmoke.spec.ts","",""
"","10128","Search box filters grid and clears correctly","msedge","Tue Sep 01 10:10:00 UTC 2026","passed","Tue Sep 01 10:10:10 UTC 2026","Presented Checks — Smoke","specs\Smoke\5-PresentedChecksSmoke.spec.ts","",""
"","12057","Save a filter preset, verify it is auto-selected, then delete it","msedge","Tue Sep 01 10:13:56 UTC 2026","passed","Tue Sep 01 10:14:08 UTC 2026","ACH — Smoke","specs\Smoke\7-ACHSmoke.spec.ts","",""
"","17605","Clicking a column header sorts ascending, clicking again sorts descending","webkit","Tue Sep 01 10:39:57 UTC 2026","passed","Tue Sep 01 10:40:14 UTC 2026","ACH — Smoke","specs\Smoke\7-ACHSmoke.spec.ts","",""
"","16333","Default Decision Log sub-page loads correctly","webkit","Tue Sep 01 10:28:20 UTC 2026","passed","Tue Sep 01 10:28:37 UTC 2026","Application Navigation Smoke Tests","specs\Smoke\2-NavigationSmoke.spec.ts","",""
"","9929","Notification Templates sub-page loads correctly","chromium","Tue Sep 01 10:07:53 UTC 2026","passed","Tue Sep 01 10:08:03 UTC 2026","Application Navigation Smoke Tests","specs\Smoke\2-NavigationSmoke.spec.ts","",""
"","22300","Column filter popup applies a filter and Clear restores the full row set","webkit","Tue Sep 01 10:35:01 UTC 2026","passed","Tue Sep 01 10:35:23 UTC 2026","Presented Checks — Smoke (Continued)","specs\Smoke\5-PresentedChecksSmoke.spec.ts","",""
"","7719","""Uploaded ACH"" navigates to the uploads page","msedge","Tue Sep 01 10:12:31 UTC 2026","passed","Tue Sep 01 10:12:39 UTC 2026","ACH — Smoke","specs\Smoke\7-ACHSmoke.spec.ts","",""
"","17462","""Edit"" link on a row navigates to the check edit form","firefox","Tue Sep 01 10:17:59 UTC 2026","passed","Tue Sep 01 10:18:16 UTC 2026","Presented Checks — Smoke (Continued)","specs\Smoke\5-PresentedChecksSmoke.spec.ts","",""
"","13851","""View"" link on a row opens the Exception Details dialog","chromium","Tue Sep 01 10:17:30 UTC 2026","passed","Tue Sep 01 10:17:44 UTC 2026","Exceptions — Smoke (Continued)","specs\Smoke\8-ExceptionsSmoke.spec.ts","",""
"","7507","Pay/Return decision badge navigates to exception history","msedge","Tue Sep 01 10:12:31 UTC 2026","passed","Tue Sep 01 10:12:39 UTC 2026","Presented Checks — Smoke (Continued)","specs\Smoke\5-PresentedChecksSmoke.spec.ts","",""
"","10023","Excel export button is visible and enabled","chromium","Tue Sep 01 10:15:05 UTC 2026","passed","Tue Sep 01 10:15:15 UTC 2026","ACH — Smoke","specs\Smoke\7-ACHSmoke.spec.ts","",""
"","7948","Typing a page number navigates to that page","msedge","Tue Sep 01 10:13:38 UTC 2026","passed","Tue Sep 01 10:13:46 UTC 2026","Exceptions — Smoke","specs\Smoke\8-ExceptionsSmoke.spec.ts","",""
"","8269","Verify Home dashboard is restored after returning from another page","msedge","Tue Sep 01 10:08:48 UTC 2026","passed","Tue Sep 01 10:08:56 UTC 2026","Home Dashboard","specs\Smoke\3-HomeDashboardSmoke.spec.ts","",""
"","8067","Default filter auto-applies after logout and re-login","msedge","Tue Sep 01 10:10:45 UTC 2026","skipped","Tue Sep 01 10:10:53 UTC 2026","Issued Checks — Default Filter (Serial)","specs\Smoke\4-IssuedChecksSmoke.spec.ts","",""
"","9727","Saved Filters dropdown is visible and defaults to no preset","chromium","Tue Sep 01 10:12:04 UTC 2026","passed","Tue Sep 01 10:12:13 UTC 2026","Issued Checks — Smoke","specs\Smoke\4-IssuedChecksSmoke.spec.ts","",""
"","8106","Verify chart title changes with selected tab","msedge","Tue Sep 01 10:08:01 UTC 2026","passed","Tue Sep 01 10:08:09 UTC 2026","Home Dashboard","specs\Smoke\3-HomeDashboardSmoke.spec.ts","",""
"","12208","""View"" (Change Log) link on a row navigates to the entity log","chromium","Tue Sep 01 10:17:45 UTC 2026","passed","Tue Sep 01 10:17:57 UTC 2026","ACH — Smoke","specs\Smoke\7-ACHSmoke.spec.ts","",""
"","13488","Pay/Return decision badge navigates to exception history","msedge","Tue Sep 01 10:14:48 UTC 2026","passed","Tue Sep 01 10:15:01 UTC 2026","ACH — Smoke","specs\Smoke\7-ACHSmoke.spec.ts","",""
"","19092","Previous page button returns to page 1, First page button re-enables disabled state","firefox","Tue Sep 01 10:16:04 UTC 2026","passed","Tue Sep 01 10:16:23 UTC 2026","Presented Checks — Smoke","specs\Smoke\5-PresentedChecksSmoke.spec.ts","",""
"","15759","Home page is accessible and shows dashboard","webkit","Tue Sep 01 10:21:23 UTC 2026","passed","Tue Sep 01 10:21:38 UTC 2026","Application Navigation Smoke Tests","specs\Smoke\2-NavigationSmoke.spec.ts","",""
"","7140","Verify Combined View shows all chart sections","msedge","Tue Sep 01 10:07:30 UTC 2026","passed","Tue Sep 01 10:07:37 UTC 2026","Home Dashboard","specs\Smoke\3-HomeDashboardSmoke.spec.ts","",""
"","10449","Verify summary KPI values have expected number formats","firefox","Tue Sep 01 10:11:09 UTC 2026","passed","Tue Sep 01 10:11:19 UTC 2026","Home Dashboard","specs\Smoke\3-HomeDashboardSmoke.spec.ts","",""
"","7554","Page size change to 10 updates pagination info in bottom-right pager","msedge","Tue Sep 01 10:12:55 UTC 2026","passed","Tue Sep 01 10:13:03 UTC 2026","ACH — Smoke","specs\Smoke\7-ACHSmoke.spec.ts","",""
"","11182","""View"" (Change Log) link on a row navigates to the entity log","msedge","Tue Sep 01 10:11:35 UTC 2026","passed","Tue Sep 01 10:11:46 UTC 2026","Issued Checks — Smoke (Continued)","specs\Smoke\4-IssuedChecksSmoke.spec.ts","",""
"","15751","Excel export button is visible and enabled","webkit","Tue Sep 01 10:37:19 UTC 2026","passed","Tue Sep 01 10:37:35 UTC 2026","Exceptions — Smoke","specs\Smoke\8-ExceptionsSmoke.spec.ts","",""
"","14309","Validate teller presented-check form shows all required fields","firefox","Tue Sep 01 10:18:49 UTC 2026","passed","Tue Sep 01 10:19:03 UTC 2026","Teller - Smoke","specs\Smoke\6-TellerSmoke.spec.ts","",""
"","16018","Grid loads with data rows and key column headers","firefox","Tue Sep 01 10:19:03 UTC 2026","passed","Tue Sep 01 10:19:19 UTC 2026","ACH — Smoke","specs\Smoke\7-ACHSmoke.spec.ts","",""
"","6934","Validate forgot password functionality","firefox","Tue Sep 01 10:08:14 UTC 2026","passed","Tue Sep 01 10:08:21 UTC 2026","","specs\Smoke\1-LoginSmoke.spec.ts","",""
"","9403","Notification Log sub-page loads correctly","chromium","Tue Sep 01 10:08:42 UTC 2026","passed","Tue Sep 01 10:08:51 UTC 2026","Application Navigation Smoke Tests","specs\Smoke\2-NavigationSmoke.spec.ts","",""
"","9374","ACH page loads correctly","chromium","Tue Sep 01 10:05:59 UTC 2026","passed","Tue Sep 01 10:06:09 UTC 2026","Application Navigation Smoke Tests","specs\Smoke\2-NavigationSmoke.spec.ts","",""
"","10036","Exception History grid loads with data rows and key column headers","chromium","Tue Sep 01 10:14:32 UTC 2026","passed","Tue Sep 01 10:14:42 UTC 2026","Exceptions — Smoke","specs\Smoke\8-ExceptionsSmoke.spec.ts","",""
"","7357","Verify navigation to Issued Checks via nav menu","chromium","Tue Sep 01 10:08:52 UTC 2026","passed","Tue Sep 01 10:08:59 UTC 2026","Home Dashboard","specs\Smoke\3-HomeDashboardSmoke.spec.ts","",""
"","15908","Clicking a column header sorts ascending, clicking again sorts descending","firefox","Tue Sep 01 10:17:00 UTC 2026","passed","Tue Sep 01 10:17:16 UTC 2026","Issued Checks — Smoke (Continued)","specs\Smoke\4-IssuedChecksSmoke.spec.ts","",""
"","15477","ACH breadcrumb link is visible on the page","firefox","Tue Sep 01 10:24:37 UTC 2026","passed","Tue Sep 01 10:24:53 UTC 2026","ACH — Smoke","specs\Smoke\7-ACHSmoke.spec.ts","",""
"","6747","Validate forgot password functionality with No email","firefox","Tue Sep 01 10:08:21 UTC 2026","passed","Tue Sep 01 10:08:28 UTC 2026","","specs\Smoke\1-LoginSmoke.spec.ts","",""
"","7301","Decision Files sub-page loads correctly","msedge","Tue Sep 01 10:07:23 UTC 2026","passed","Tue Sep 01 10:07:30 UTC 2026","Application Navigation Smoke Tests","specs\Smoke\2-NavigationSmoke.spec.ts","",""
"","7542","Excel export button is visible and enabled","msedge","Tue Sep 01 10:09:44 UTC 2026","passed","Tue Sep 01 10:09:52 UTC 2026","Issued Checks — Smoke","specs\Smoke\4-IssuedChecksSmoke.spec.ts","",""
"","20169","Validate Login functionality with incorrectUsername","webkit","Tue Sep 01 10:22:04 UTC 2026","passed","Tue Sep 01 10:22:24 UTC 2026","","specs\Smoke\1-LoginSmoke.spec.ts","",""
"","7487","Clicking a column header sorts ascending, clicking again sorts descending","msedge","Tue Sep 01 10:14:08 UTC 2026","passed","Tue Sep 01 10:14:16 UTC 2026","ACH — Smoke","specs\Smoke\7-ACHSmoke.spec.ts","",""
"","5280","Validate Login functionality with emptyFields","chromium","Tue Sep 01 10:05:52 UTC 2026","passed","Tue Sep 01 10:05:58 UTC 2026","","specs\Smoke\1-LoginSmoke.spec.ts","",""
"","12981","Default filter auto-applies after logout and re-login","webkit","Tue Sep 01 10:39:26 UTC 2026","skipped","Tue Sep 01 10:39:39 UTC 2026","Exceptions — Default Filter (Serial)","specs\Smoke\8-ExceptionsSmoke.spec.ts","",""
"","18003","Next page arrow advances to page 2","webkit","Tue Sep 01 10:32:27 UTC 2026","passed","Tue Sep 01 10:32:45 UTC 2026","Presented Checks — Smoke","specs\Smoke\5-PresentedChecksSmoke.spec.ts","",""
"","16492","Last page arrow jumps to the final page","webkit","Tue Sep 01 10:31:49 UTC 2026","passed","Tue Sep 01 10:32:06 UTC 2026","Issued Checks — Smoke","specs\Smoke\4-IssuedChecksSmoke.spec.ts","",""
"","12327","Clicking a column header sorts ascending, clicking again sorts descending","chromium","Tue Sep 01 10:17:16 UTC 2026","passed","Tue Sep 01 10:17:28 UTC 2026","ACH — Smoke","specs\Smoke\7-ACHSmoke.spec.ts","",""
"","19039","Clicking a column header sorts ascending, clicking again sorts descending","webkit","Tue Sep 01 10:34:41 UTC 2026","passed","Tue Sep 01 10:35:01 UTC 2026","Presented Checks — Smoke (Continued)","specs\Smoke\5-PresentedChecksSmoke.spec.ts","",""
"","6443","Verify dashboard loads after successful login","firefox","Tue Sep 01 10:08:58 UTC 2026","passed","Tue Sep 01 10:09:05 UTC 2026","Home Dashboard","specs\Smoke\3-HomeDashboardSmoke.spec.ts","",""
"","11239","""Delete"" on a row shows a confirm modal; Cancel dismisses it without deleting","chromium","Tue Sep 01 10:13:48 UTC 2026","passed","Tue Sep 01 10:13:59 UTC 2026","Issued Checks — Smoke (Continued)","specs\Smoke\4-IssuedChecksSmoke.spec.ts","",""
"","13497","Next page arrow advances to page 2","chromium","Tue Sep 01 10:11:08 UTC 2026","passed","Tue Sep 01 10:11:22 UTC 2026","Presented Checks — Smoke","specs\Smoke\5-PresentedChecksSmoke.spec.ts","",""
"","5379","Validate forgot password functionality","chromium","Tue Sep 01 10:06:26 UTC 2026","passed","Tue Sep 01 10:06:31 UTC 2026","","specs\Smoke\1-LoginSmoke.spec.ts","",""
"","8239","File Formats sub-page loads correctly","msedge","Tue Sep 01 10:07:37 UTC 2026","passed","Tue Sep 01 10:07:45 UTC 2026","Application Navigation Smoke Tests","specs\Smoke\2-NavigationSmoke.spec.ts","",""
"","17778","Saved Filters dropdown is visible and defaults to no preset","webkit","Tue Sep 01 10:38:52 UTC 2026","passed","Tue Sep 01 10:39:10 UTC 2026","ACH — Smoke","specs\Smoke\7-ACHSmoke.spec.ts","",""
"","13368","Previous page button returns to page 1, First page button re-enables disabled state","msedge","Tue Sep 01 10:10:53 UTC 2026","passed","Tue Sep 01 10:11:07 UTC 2026","Presented Checks — Smoke","specs\Smoke\5-PresentedChecksSmoke.spec.ts","",""
"","22646","Column filter popup applies a filter and Clear restores the full row set","webkit","Tue Sep 01 10:40:14 UTC 2026","passed","Tue Sep 01 10:40:37 UTC 2026","ACH — Smoke","specs\Smoke\7-ACHSmoke.spec.ts","",""
"","15754","Verify navigation to Exceptions via nav menu","webkit","Tue Sep 01 10:30:16 UTC 2026","passed","Tue Sep 01 10:30:31 UTC 2026","Home Dashboard","specs\Smoke\3-HomeDashboardSmoke.spec.ts","",""
"","6349","Validate unauthenticated access to protected route is redirected to login","chromium","Tue Sep 01 10:06:53 UTC 2026","passed","Tue Sep 01 10:06:59 UTC 2026","","specs\Smoke\1-LoginSmoke.spec.ts","",""
"","9951","Presented Checks breadcrumb link is visible on the page","chromium","Tue Sep 01 10:14:22 UTC 2026","passed","Tue Sep 01 10:14:32 UTC 2026","Presented Checks — Smoke (Continued)","specs\Smoke\5-PresentedChecksSmoke.spec.ts","",""
"","15913","Automatic ACH Decision Rules sub-page loads correctly","webkit","Tue Sep 01 10:27:29 UTC 2026","passed","Tue Sep 01 10:27:45 UTC 2026","Application Navigation Smoke Tests","specs\Smoke\2-NavigationSmoke.spec.ts","",""
"","26766","Pay/Return decision badge navigates to exception history","firefox","Tue Sep 01 10:24:10 UTC 2026","passed","Tue Sep 01 10:24:37 UTC 2026","ACH — Smoke","specs\Smoke\7-ACHSmoke.spec.ts","",""
"","9021","Excel export button is visible and enabled","chromium","Tue Sep 01 10:14:55 UTC 2026","passed","Tue Sep 01 10:15:04 UTC 2026","Exceptions — Smoke","specs\Smoke\8-ExceptionsSmoke.spec.ts","",""
"","15799","Default filter auto-applies after logout and re-login","webkit","Tue Sep 01 10:33:01 UTC 2026","skipped","Tue Sep 01 10:33:17 UTC 2026","Issued Checks — Default Filter (Serial)","specs\Smoke\4-IssuedChecksSmoke.spec.ts","",""
"","17494","Last page arrow jumps to the final page","firefox","Tue Sep 01 10:20:47 UTC 2026","passed","Tue Sep 01 10:21:04 UTC 2026","Exceptions — Smoke","specs\Smoke\8-ExceptionsSmoke.spec.ts","",""
"","10129","""+ Add ACH"" navigates to the add-ACH form","chromium","Tue Sep 01 10:14:32 UTC 2026","passed","Tue Sep 01 10:14:42 UTC 2026","ACH — Smoke","specs\Smoke\7-ACHSmoke.spec.ts","",""
"","7885","Verify Home dashboard is restored after returning from another page","chromium","Tue Sep 01 10:08:44 UTC 2026","passed","Tue Sep 01 10:08:52 UTC 2026","Home Dashboard","specs\Smoke\3-HomeDashboardSmoke.spec.ts","",""
"","15850","Excel export button is visible and enabled","chromium","Tue Sep 01 10:10:35 UTC 2026","passed","Tue Sep 01 10:10:51 UTC 2026","Issued Checks — Smoke","specs\Smoke\4-IssuedChecksSmoke.spec.ts","",""
"","13495","""Uploaded Checks"" navigates to the uploads page","chromium","Tue Sep 01 10:10:06 UTC 2026","passed","Tue Sep 01 10:10:20 UTC 2026","Presented Checks — Smoke","specs\Smoke\5-PresentedChecksSmoke.spec.ts","",""
"","9784","Verify dashboard footer footnote and privacy link are visible","firefox","Tue Sep 01 10:11:29 UTC 2026","passed","Tue Sep 01 10:11:39 UTC 2026","Home Dashboard","specs\Smoke\3-HomeDashboardSmoke.spec.ts","",""
"","16165","Settings page loads correctly","webkit","Tue Sep 01 10:23:41 UTC 2026","passed","Tue Sep 01 10:23:57 UTC 2026","Application Navigation Smoke Tests","specs\Smoke\2-NavigationSmoke.spec.ts","",""
"","20161","Clicking a column header sorts ascending, clicking again sorts descending","webkit","Tue Sep 01 10:40:08 UTC 2026","passed","Tue Sep 01 10:40:28 UTC 2026","Exceptions — Smoke (Continued)","specs\Smoke\8-ExceptionsSmoke.spec.ts","",""
"","7966","Verify summary KPI values have expected number formats","chromium","Tue Sep 01 10:08:14 UTC 2026","passed","Tue Sep 01 10:08:22 UTC 2026","Home Dashboard","specs\Smoke\3-HomeDashboardSmoke.spec.ts","",""
"","9507","""Delete"" on a row shows a confirm modal; Cancel dismisses it without deleting","msedge","Tue Sep 01 10:12:21 UTC 2026","passed","Tue Sep 01 10:12:31 UTC 2026","Presented Checks — Smoke (Continued)","specs\Smoke\5-PresentedChecksSmoke.spec.ts","",""
"","6121","Exceptions page loads correctly","msedge","Tue Sep 01 10:06:29 UTC 2026","passed","Tue Sep 01 10:06:35 UTC 2026","Application Navigation Smoke Tests","specs\Smoke\2-NavigationSmoke.spec.ts","",""
"","15941","Verify Combined View shows all chart sections","webkit","Tue Sep 01 10:25:59 UTC 2026","passed","Tue Sep 01 10:26:15 UTC 2026","Home Dashboard","specs\Smoke\3-HomeDashboardSmoke.spec.ts","",""
"","7606","""Uploaded Checks"" navigates to the uploads page","msedge","Tue Sep 01 10:09:27 UTC 2026","passed","Tue Sep 01 10:09:34 UTC 2026","Issued Checks — Smoke","specs\Smoke\4-IssuedChecksSmoke.spec.ts","",""
"","10090","Approvals page loads with either records or the empty-state message","firefox","Tue Sep 01 10:24:53 UTC 2026","passed","Tue Sep 01 10:25:03 UTC 2026","Exceptions — Smoke (Continued)","specs\Smoke\8-ExceptionsSmoke.spec.ts","",""
"","7425","Presented Checks breadcrumb link is visible on the page","msedge","Tue Sep 01 10:12:39 UTC 2026","passed","Tue Sep 01 10:12:46 UTC 2026","Presented Checks — Smoke (Continued)","specs\Smoke\5-PresentedChecksSmoke.spec.ts","",""
"","14870","Verify tab-specific charts are hidden for opposite tab","firefox","Tue Sep 01 10:10:42 UTC 2026","passed","Tue Sep 01 10:10:57 UTC 2026","Home Dashboard","specs\Smoke\3-HomeDashboardSmoke.spec.ts","",""
"","4723","Validate Login functionality with missingUsername","firefox","Tue Sep 01 10:07:45 UTC 2026","passed","Tue Sep 01 10:07:50 UTC 2026","","specs\Smoke\1-LoginSmoke.spec.ts","",""
"","4825","Validate Login functionality with xssInUsername","chromium","Tue Sep 01 10:06:15 UTC 2026","passed","Tue Sep 01 10:06:19 UTC 2026","","specs\Smoke\1-LoginSmoke.spec.ts","",""
"","18696","""Delete"" on a row shows a confirm modal; Cancel dismisses it without deleting","webkit","Tue Sep 01 10:35:00 UTC 2026","passed","Tue Sep 01 10:35:19 UTC 2026","Issued Checks — Smoke (Continued)","specs\Smoke\4-IssuedChecksSmoke.spec.ts","",""
"","4154","Validate Login functionality with sqlInjection","msedge","Tue Sep 01 10:06:36 UTC 2026","passed","Tue Sep 01 10:06:40 UTC 2026","","specs\Smoke\1-LoginSmoke.spec.ts","",""
"","9895","Validate forgot password functionality","webkit","Tue Sep 01 10:24:16 UTC 2026","passed","Tue Sep 01 10:24:26 UTC 2026","","specs\Smoke\1-LoginSmoke.spec.ts","",""
"","14998","Grid loads with data rows and key column headers","firefox","Tue Sep 01 10:13:16 UTC 2026","passed","Tue Sep 01 10:13:31 UTC 2026","Issued Checks — Smoke","specs\Smoke\4-IssuedChecksSmoke.spec.ts","",""
"","14602","Business Clients sub-page loads correctly","firefox","Tue Sep 01 10:09:08 UTC 2026","passed","Tue Sep 01 10:09:23 UTC 2026","Application Navigation Smoke Tests","specs\Smoke\2-NavigationSmoke.spec.ts","",""
"","9097","Exceptions page loads correctly","chromium","Tue Sep 01 10:06:09 UTC 2026","passed","Tue Sep 01 10:06:18 UTC 2026","Application Navigation Smoke Tests","specs\Smoke\2-NavigationSmoke.spec.ts","",""
"","15150","Settings page loads correctly","firefox","Tue Sep 01 10:08:29 UTC 2026","passed","Tue Sep 01 10:08:45 UTC 2026","Application Navigation Smoke Tests","specs\Smoke\2-NavigationSmoke.spec.ts","",""
"","9860","""Delete"" on a row shows a confirm modal; Cancel dismisses it without deleting","msedge","Tue Sep 01 10:14:38 UTC 2026","passed","Tue Sep 01 10:14:48 UTC 2026","ACH — Smoke","specs\Smoke\7-ACHSmoke.spec.ts","",""
"","9052","Grid loads with data rows and key column headers","msedge","Tue Sep 01 10:09:33 UTC 2026","passed","Tue Sep 01 10:09:42 UTC 2026","Presented Checks — Smoke","specs\Smoke\5-PresentedChecksSmoke.spec.ts","",""
"","12225","Branding sub-page loads correctly","chromium","Tue Sep 01 10:07:01 UTC 2026","passed","Tue Sep 01 10:07:13 UTC 2026","Application Navigation Smoke Tests","specs\Smoke\2-NavigationSmoke.spec.ts","",""
"","22207","Save a filter preset, verify it is auto-selected, then delete it","firefox","Tue Sep 01 10:22:30 UTC 2026","passed","Tue Sep 01 10:22:53 UTC 2026","ACH — Smoke","specs\Smoke\7-ACHSmoke.spec.ts","",""
"","16376","Saved Filters dropdown is visible and defaults to no preset","webkit","Tue Sep 01 10:39:09 UTC 2026","passed","Tue Sep 01 10:39:26 UTC 2026","Exceptions — Smoke","specs\Smoke\8-ExceptionsSmoke.spec.ts","",""
"","5101","Validate Login functionality with invalidEmailFormat","chromium","Tue Sep 01 10:05:47 UTC 2026","passed","Tue Sep 01 10:05:52 UTC 2026","","specs\Smoke\1-LoginSmoke.spec.ts","",""
"","13078","Automatic Check Decision Rules sub-page loads correctly","firefox","Tue Sep 01 10:11:11 UTC 2026","passed","Tue Sep 01 10:11:24 UTC 2026","Application Navigation Smoke Tests","specs\Smoke\2-NavigationSmoke.spec.ts","",""
"","14356","Verify navigation to Settings via nav menu","webkit","Tue Sep 01 10:30:31 UTC 2026","passed","Tue Sep 01 10:30:46 UTC 2026","Home Dashboard","specs\Smoke\3-HomeDashboardSmoke.spec.ts","",""
"","17776","Previous page button returns to page 1, First page button re-enables disabled state","firefox","Tue Sep 01 10:15:47 UTC 2026","passed","Tue Sep 01 10:16:04 UTC 2026","Issued Checks — Smoke","specs\Smoke\4-IssuedChecksSmoke.spec.ts","",""
"","14948","Grid loads with data rows and key column headers","chromium","Tue Sep 01 10:09:37 UTC 2026","passed","Tue Sep 01 10:09:52 UTC 2026","Issued Checks — Smoke","specs\Smoke\4-IssuedChecksSmoke.spec.ts","",""
"","16387","Exception History grid loads with data rows and key column headers","firefox","Tue Sep 01 10:19:23 UTC 2026","passed","Tue Sep 01 10:19:39 UTC 2026","Exceptions — Smoke","specs\Smoke\8-ExceptionsSmoke.spec.ts","",""
"","19219","File Processing sub-page loads correctly","webkit","Tue Sep 01 10:28:53 UTC 2026","passed","Tue Sep 01 10:29:13 UTC 2026","Application Navigation Smoke Tests","specs\Smoke\2-NavigationSmoke.spec.ts","",""
"","13649","Saved Filters dropdown is visible and defaults to no preset","chromium","Tue Sep 01 10:16:02 UTC 2026","passed","Tue Sep 01 10:16:15 UTC 2026","Exceptions — Smoke","specs\Smoke\8-ExceptionsSmoke.spec.ts","",""
"","18730","""View"" (Change Log) link on a row navigates to the entity log","webkit","Tue Sep 01 10:34:41 UTC 2026","passed","Tue Sep 01 10:35:00 UTC 2026","Issued Checks — Smoke (Continued)","specs\Smoke\4-IssuedChecksSmoke.spec.ts","",""
"","8804","Verify navigation to Presented Checks via nav menu","chromium","Tue Sep 01 10:08:59 UTC 2026","passed","Tue Sep 01 10:09:08 UTC 2026","Home Dashboard","specs\Smoke\3-HomeDashboardSmoke.spec.ts","",""
"","7997","Roles/Permissions sub-page loads correctly","msedge","Tue Sep 01 10:07:00 UTC 2026","passed","Tue Sep 01 10:07:08 UTC 2026","Application Navigation Smoke Tests","specs\Smoke\2-NavigationSmoke.spec.ts","",""
"","4804","Validate Login functionality with xssInUsername","msedge","Tue Sep 01 10:06:40 UTC 2026","passed","Tue Sep 01 10:06:45 UTC 2026","","specs\Smoke\1-LoginSmoke.spec.ts","",""
"","11182","Page size change to 10 updates pagination info in bottom-right pager","chromium","Tue Sep 01 10:15:15 UTC 2026","passed","Tue Sep 01 10:15:26 UTC 2026","ACH — Smoke","specs\Smoke\7-ACHSmoke.spec.ts","",""
"","22288","Verify Check Only tab shows Check-specific chart sections","firefox","Tue Sep 01 10:09:26 UTC 2026","passed","Tue Sep 01 10:09:48 UTC 2026","Home Dashboard","specs\Smoke\3-HomeDashboardSmoke.spec.ts","",""
"","21356","Save a filter preset, verify it is auto-selected, then delete it","chromium","Tue Sep 01 10:16:54 UTC 2026","passed","Tue Sep 01 10:17:16 UTC 2026","ACH — Smoke","specs\Smoke\7-ACHSmoke.spec.ts","",""
"","5219","Validate forgot password functionality with No email","msedge","Tue Sep 01 10:06:54 UTC 2026","passed","Tue Sep 01 10:06:59 UTC 2026","","specs\Smoke\1-LoginSmoke.spec.ts","",""
"","13932","Open Exceptions page loads with either exception cards or the empty-state message","firefox","Tue Sep 01 10:24:25 UTC 2026","passed","Tue Sep 01 10:24:39 UTC 2026","Exceptions — Smoke (Continued)","specs\Smoke\8-ExceptionsSmoke.spec.ts","",""
"","22185","Exceptions page loads correctly","webkit","Tue Sep 01 10:23:19 UTC 2026","passed","Tue Sep 01 10:23:41 UTC 2026","Application Navigation Smoke Tests","specs\Smoke\2-NavigationSmoke.spec.ts","",""
"","31459","Pay/Return decision badge navigates to exception history","webkit","Tue Sep 01 10:41:13 UTC 2026","passed","Tue Sep 01 10:41:45 UTC 2026","ACH — Smoke","specs\Smoke\7-ACHSmoke.spec.ts","",""
"","5488","Validate Login functionality with missingUsername","chromium","Tue Sep 01 10:06:03 UTC 2026","passed","Tue Sep 01 10:06:08 UTC 2026","","specs\Smoke\1-LoginSmoke.spec.ts","",""
"","11774","Notification Log sub-page loads correctly","firefox","Tue Sep 01 10:12:09 UTC 2026","passed","Tue Sep 01 10:12:21 UTC 2026","Application Navigation Smoke Tests","specs\Smoke\2-NavigationSmoke.spec.ts","",""
"","5152","Validate Login functionality with emptyFields","msedge","Tue Sep 01 10:06:22 UTC 2026","passed","Tue Sep 01 10:06:27 UTC 2026","","specs\Smoke\1-LoginSmoke.spec.ts","",""
"","18213","Save a filter preset, verify it is auto-selected, then delete it","msedge","Tue Sep 01 10:11:25 UTC 2026","passed","Tue Sep 01 10:11:43 UTC 2026","Presented Checks — Smoke (Continued)","specs\Smoke\5-PresentedChecksSmoke.spec.ts","",""
"","13678","Typing a page number navigates to that page","chromium","Tue Sep 01 10:11:36 UTC 2026","passed","Tue Sep 01 10:11:50 UTC 2026","Presented Checks — Smoke","specs\Smoke\5-PresentedChecksSmoke.spec.ts","",""
"","7123","Verify all three dashboard view tabs are visible","chromium","Tue Sep 01 10:07:06 UTC 2026","passed","Tue Sep 01 10:07:13 UTC 2026","Home Dashboard","specs\Smoke\3-HomeDashboardSmoke.spec.ts","",""
"","14085","Verify navigation to Issued Checks via nav menu","firefox","Tue Sep 01 10:12:11 UTC 2026","passed","Tue Sep 01 10:12:25 UTC 2026","Home Dashboard","specs\Smoke\3-HomeDashboardSmoke.spec.ts","",""
"","15688","Issued Checks breadcrumb link is visible on the page","firefox","Tue Sep 01 10:18:33 UTC 2026","passed","Tue Sep 01 10:18:48 UTC 2026","Issued Checks — Smoke (Continued)","specs\Smoke\4-IssuedChecksSmoke.spec.ts","",""
"","11119","Next page arrow advances to page 2","chromium","Tue Sep 01 10:15:26 UTC 2026","passed","Tue Sep 01 10:15:37 UTC 2026","ACH — Smoke","specs\Smoke\7-ACHSmoke.spec.ts","",""
"","8929","Typing a page number navigates to that page","msedge","Tue Sep 01 10:13:20 UTC 2026","passed","Tue Sep 01 10:13:29 UTC 2026","ACH — Smoke","specs\Smoke\7-ACHSmoke.spec.ts","",""
"","4612","Validate Login functionality with invalidEmailFormat","msedge","Tue Sep 01 10:06:17 UTC 2026","passed","Tue Sep 01 10:06:22 UTC 2026","","specs\Smoke\1-LoginSmoke.spec.ts","",""
"","15960","""+ Add Check"" navigates to the add-check form","webkit","Tue Sep 01 10:31:03 UTC 2026","passed","Tue Sep 01 10:31:19 UTC 2026","Presented Checks — Smoke","specs\Smoke\5-PresentedChecksSmoke.spec.ts","",""
"","14361","Presented Checks page loads correctly","firefox","Tue Sep 01 10:07:33 UTC 2026","passed","Tue Sep 01 10:07:47 UTC 2026","Application Navigation Smoke Tests","specs\Smoke\2-NavigationSmoke.spec.ts","",""
"","9494","File Processing sub-page loads correctly","chromium","Tue Sep 01 10:09:10 UTC 2026","passed","Tue Sep 01 10:09:20 UTC 2026","Application Navigation Smoke Tests","specs\Smoke\2-NavigationSmoke.spec.ts","",""
"","13419","Page size change to 10 updates pagination info in bottom-right pager","firefox","Tue Sep 01 10:20:15 UTC 2026","passed","Tue Sep 01 10:20:28 UTC 2026","Exceptions — Smoke","specs\Smoke\8-ExceptionsSmoke.spec.ts","",""
"","16581","Page size change to 10 updates pagination info in bottom-right pager","webkit","Tue Sep 01 10:37:35 UTC 2026","passed","Tue Sep 01 10:37:52 UTC 2026","Exceptions — Smoke","specs\Smoke\8-ExceptionsSmoke.spec.ts","",""
"","8595","Page size change to 10 updates pagination info in bottom-right pager","msedge","Tue Sep 01 10:09:52 UTC 2026","passed","Tue Sep 01 10:10:00 UTC 2026","Issued Checks — Smoke","specs\Smoke\4-IssuedChecksSmoke.spec.ts","",""
"","17111","Automatic Check Decision Rules sub-page loads correctly","webkit","Tue Sep 01 10:26:56 UTC 2026","passed","Tue Sep 01 10:27:13 UTC 2026","Application Navigation Smoke Tests","specs\Smoke\2-NavigationSmoke.spec.ts","",""
"","5993","Validate forgot password with unregistered email","chromium","Tue Sep 01 10:06:36 UTC 2026","passed","Tue Sep 01 10:06:42 UTC 2026","","specs\Smoke\1-LoginSmoke.spec.ts","",""
"","8622","""Uploaded Checks"" navigates to the uploads page","msedge","Tue Sep 01 10:09:51 UTC 2026","passed","Tue Sep 01 10:10:00 UTC 2026","Presented Checks — Smoke","specs\Smoke\5-PresentedChecksSmoke.spec.ts","",""
"","11681","Open Exceptions page loads with either exception cards or the empty-state message","chromium","Tue Sep 01 10:18:21 UTC 2026","passed","Tue Sep 01 10:18:33 UTC 2026","Exceptions — Smoke (Continued)","specs\Smoke\8-ExceptionsSmoke.spec.ts","",""
"","13855","Save a filter preset, verify it is auto-selected, then delete it","msedge","Tue Sep 01 10:14:15 UTC 2026","passed","Tue Sep 01 10:14:29 UTC 2026","Exceptions — Smoke (Continued)","specs\Smoke\8-ExceptionsSmoke.spec.ts","",""
"","12223","Grid loads with data rows and key column headers","chromium","Tue Sep 01 10:09:40 UTC 2026","passed","Tue Sep 01 10:09:52 UTC 2026","Presented Checks — Smoke","specs\Smoke\5-PresentedChecksSmoke.spec.ts","",""
"","8668","Users sub-page loads correctly","chromium","Tue Sep 01 10:06:45 UTC 2026","passed","Tue Sep 01 10:06:53 UTC 2026","Application Navigation Smoke Tests","specs\Smoke\2-NavigationSmoke.spec.ts","",""
"","16962","""View"" (Change Log) link on a row navigates to the entity log","webkit","Tue Sep 01 10:40:37 UTC 2026","passed","Tue Sep 01 10:40:54 UTC 2026","ACH — Smoke","specs\Smoke\7-ACHSmoke.spec.ts","",""
"","16334","Page size change to 10 updates pagination info in bottom-right pager","firefox","Tue Sep 01 10:14:57 UTC 2026","passed","Tue Sep 01 10:15:13 UTC 2026","Presented Checks — Smoke","specs\Smoke\5-PresentedChecksSmoke.spec.ts","",""
"","14992","Navigation tabs to Pre-Decisions, Approvals, and Exception History are visible","firefox","Tue Sep 01 10:24:10 UTC 2026","passed","Tue Sep 01 10:24:25 UTC 2026","Exceptions — Smoke (Continued)","specs\Smoke\8-ExceptionsSmoke.spec.ts","",""
"","23292","Branding sub-page loads correctly","webkit","Tue Sep 01 10:24:53 UTC 2026","passed","Tue Sep 01 10:25:17 UTC 2026","Application Navigation Smoke Tests","specs\Smoke\2-NavigationSmoke.spec.ts","",""
"","5150","Validate forgot password functionality","msedge","Tue Sep 01 10:06:49 UTC 2026","passed","Tue Sep 01 10:06:54 UTC 2026","","specs\Smoke\1-LoginSmoke.spec.ts","",""
"","6791","Verify navigation to Presented Checks via nav menu","msedge","Tue Sep 01 10:09:04 UTC 2026","passed","Tue Sep 01 10:09:10 UTC 2026","Home Dashboard","specs\Smoke\3-HomeDashboardSmoke.spec.ts","",""
"","10246","Page size change to 10 updates pagination info in bottom-right pager","chromium","Tue Sep 01 10:15:04 UTC 2026","passed","Tue Sep 01 10:15:14 UTC 2026","Exceptions — Smoke","specs\Smoke\8-ExceptionsSmoke.spec.ts","",""
"","6584","Validate Login functionality with veryLongInput","firefox","Tue Sep 01 10:08:08 UTC 2026","passed","Tue Sep 01 10:08:14 UTC 2026","","specs\Smoke\1-LoginSmoke.spec.ts","",""
"","20493","File Formats sub-page loads correctly","webkit","Tue Sep 01 10:26:14 UTC 2026","passed","Tue Sep 01 10:26:35 UTC 2026","Application Navigation Smoke Tests","specs\Smoke\2-NavigationSmoke.spec.ts","",""
"","8447","""Delete"" on a row shows a confirm modal; Cancel dismisses it without deleting","msedge","Tue Sep 01 10:11:46 UTC 2026","passed","Tue Sep 01 10:11:55 UTC 2026","Issued Checks — Smoke (Continued)","specs\Smoke\4-IssuedChecksSmoke.spec.ts","",""
"","5857","Users sub-page loads correctly","msedge","Tue Sep 01 10:06:54 UTC 2026","passed","Tue Sep 01 10:07:00 UTC 2026","Application Navigation Smoke Tests","specs\Smoke\2-NavigationSmoke.spec.ts","",""
"","7600","API link is visible and points to swagger","msedge","Tue Sep 01 10:08:57 UTC 2026","passed","Tue Sep 01 10:09:04 UTC 2026","Application Navigation Smoke Tests","specs\Smoke\2-NavigationSmoke.spec.ts","",""
"","16008","Saved Filters dropdown is visible and defaults to no preset","firefox","Tue Sep 01 10:21:58 UTC 2026","passed","Tue Sep 01 10:22:14 UTC 2026","ACH — Smoke","specs\Smoke\7-ACHSmoke.spec.ts","",""
"","13495","Typing a page number navigates to that page","chromium","Tue Sep 01 10:11:35 UTC 2026","passed","Tue Sep 01 10:11:49 UTC 2026","Issued Checks — Smoke","specs\Smoke\4-IssuedChecksSmoke.spec.ts","",""
"","29249","Save a filter preset, verify it is auto-selected, then delete it","webkit","Tue Sep 01 10:39:39 UTC 2026","passed","Tue Sep 01 10:40:08 UTC 2026","Exceptions — Smoke (Continued)","specs\Smoke\8-ExceptionsSmoke.spec.ts","",""
"","18671","Verify Home dashboard is restored after returning from another page","firefox","Tue Sep 01 10:11:52 UTC 2026","passed","Tue Sep 01 10:12:11 UTC 2026","Home Dashboard","specs\Smoke\3-HomeDashboardSmoke.spec.ts","",""
"","16058","Validate Login functionality with missingPassword","webkit","Tue Sep 01 10:23:09 UTC 2026","passed","Tue Sep 01 10:23:25 UTC 2026","","specs\Smoke\1-LoginSmoke.spec.ts","",""
"","7955","Notification Log sub-page loads correctly","msedge","Tue Sep 01 10:08:27 UTC 2026","passed","Tue Sep 01 10:08:35 UTC 2026","Application Navigation Smoke Tests","specs\Smoke\2-NavigationSmoke.spec.ts","",""
"","3436","Validate Login functionality with incorrectUsername","msedge","Tue Sep 01 10:06:14 UTC 2026","passed","Tue Sep 01 10:06:17 UTC 2026","","specs\Smoke\1-LoginSmoke.spec.ts","",""
"","15873","Search box filters grid and clears correctly","firefox","Tue Sep 01 10:14:04 UTC 2026","passed","Tue Sep 01 10:14:20 UTC 2026","Issued Checks — Smoke","specs\Smoke\4-IssuedChecksSmoke.spec.ts","",""
"","25037","Column filter popup applies a filter and Clear restores the full row set","firefox","Tue Sep 01 10:17:16 UTC 2026","passed","Tue Sep 01 10:17:41 UTC 2026","Issued Checks — Smoke (Continued)","specs\Smoke\4-IssuedChecksSmoke.spec.ts","",""
"","15978","Search box filters grid and clears correctly","chromium","Tue Sep 01 10:10:20 UTC 2026","passed","Tue Sep 01 10:10:36 UTC 2026","Presented Checks — Smoke","specs\Smoke\5-PresentedChecksSmoke.spec.ts","",""
"","17343","Verify tab-specific charts are hidden for opposite tab","webkit","Tue Sep 01 10:27:34 UTC 2026","passed","Tue Sep 01 10:27:51 UTC 2026","Home Dashboard","specs\Smoke\3-HomeDashboardSmoke.spec.ts","",""
"","6510","Holiday Schedules sub-page loads correctly","msedge","Tue Sep 01 10:07:30 UTC 2026","passed","Tue Sep 01 10:07:37 UTC 2026","Application Navigation Smoke Tests","specs\Smoke\2-NavigationSmoke.spec.ts","",""
"","17809","""Uploaded Checks"" navigates to the uploads page","webkit","Tue Sep 01 10:31:19 UTC 2026","passed","Tue Sep 01 10:31:37 UTC 2026","Presented Checks — Smoke","specs\Smoke\5-PresentedChecksSmoke.spec.ts","",""
"","7100","Verify Check Only tab shows Check-specific chart sections","msedge","Tue Sep 01 10:07:37 UTC 2026","passed","Tue Sep 01 10:07:44 UTC 2026","Home Dashboard","specs\Smoke\3-HomeDashboardSmoke.spec.ts","",""
"","16174","""Uploaded Checks"" navigates to the uploads page","firefox","Tue Sep 01 10:13:48 UTC 2026","passed","Tue Sep 01 10:14:04 UTC 2026","Issued Checks — Smoke","specs\Smoke\4-IssuedChecksSmoke.spec.ts","",""
"","13243","Verify profile menu shows My Info and Logout links","firefox","Tue Sep 01 10:11:39 UTC 2026","passed","Tue Sep 01 10:11:52 UTC 2026","Home Dashboard","specs\Smoke\3-HomeDashboardSmoke.spec.ts","",""
"","17273","""Delete"" on a row shows a confirm modal; Cancel dismisses it without deleting","webkit","Tue Sep 01 10:35:55 UTC 2026","passed","Tue Sep 01 10:36:12 UTC 2026","Presented Checks — Smoke (Continued)","specs\Smoke\5-PresentedChecksSmoke.spec.ts","",""
"","8866","Verify dashboard tab checked state updates correctly","msedge","Tue Sep 01 10:07:52 UTC 2026","passed","Tue Sep 01 10:08:01 UTC 2026","Home Dashboard","specs\Smoke\3-HomeDashboardSmoke.spec.ts","",""
"","6918","Verify navigation to Exceptions via nav menu","msedge","Tue Sep 01 10:09:18 UTC 2026","passed","Tue Sep 01 10:09:25 UTC 2026","Home Dashboard","specs\Smoke\3-HomeDashboardSmoke.spec.ts","",""
"","19846","Excel export button is visible and enabled","firefox","Tue Sep 01 10:20:11 UTC 2026","passed","Tue Sep 01 10:20:31 UTC 2026","ACH — Smoke","specs\Smoke\7-ACHSmoke.spec.ts","",""
"","6869","Web Hooks sub-page loads correctly","msedge","Tue Sep 01 10:09:04 UTC 2026","passed","Tue Sep 01 10:09:11 UTC 2026","Application Navigation Smoke Tests","specs\Smoke\2-NavigationSmoke.spec.ts","",""
"","9776","Column filter popup applies a filter and Clear restores the full row set","msedge","Tue Sep 01 10:11:54 UTC 2026","passed","Tue Sep 01 10:12:04 UTC 2026","Presented Checks — Smoke (Continued)","specs\Smoke\5-PresentedChecksSmoke.spec.ts","",""
"","16508","Check Approval Rules sub-page loads correctly","webkit","Tue Sep 01 10:27:13 UTC 2026","passed","Tue Sep 01 10:27:29 UTC 2026","Application Navigation Smoke Tests","specs\Smoke\2-NavigationSmoke.spec.ts","",""
"","16868","Excel export button is visible and enabled","firefox","Tue Sep 01 10:14:40 UTC 2026","passed","Tue Sep 01 10:14:57 UTC 2026","Presented Checks — Smoke","specs\Smoke\5-PresentedChecksSmoke.spec.ts","",""
"","13516","Validate session persists after page refresh","firefox","Tue Sep 01 10:08:36 UTC 2026","passed","Tue Sep 01 10:08:49 UTC 2026","","specs\Smoke\1-LoginSmoke.spec.ts","",""
"","5238","Exceptions breadcrumb link is visible on the page","msedge","Tue Sep 01 10:15:12 UTC 2026","passed","Tue Sep 01 10:15:17 UTC 2026","Exceptions — Smoke (Continued)","specs\Smoke\8-ExceptionsSmoke.spec.ts","",""
"","16403","Default filter auto-applies after logout and re-login","firefox","Tue Sep 01 10:22:14 UTC 2026","skipped","Tue Sep 01 10:22:30 UTC 2026","ACH — Smoke","specs\Smoke\7-ACHSmoke.spec.ts","",""
"","16954","Next page arrow advances to page 2","webkit","Tue Sep 01 10:37:52 UTC 2026","passed","Tue Sep 01 10:38:09 UTC 2026","Exceptions — Smoke","specs\Smoke\8-ExceptionsSmoke.spec.ts","",""
"","6435","Approvals page loads with either records or the empty-state message","webkit","Tue Sep 01 10:42:29 UTC 2026","passed","Tue Sep 01 10:42:36 UTC 2026","Exceptions — Smoke (Continued)","specs\Smoke\8-ExceptionsSmoke.spec.ts","",""
"","10041","""View"" (Change Log) link on a row navigates to the entity log","chromium","Tue Sep 01 10:13:38 UTC 2026","passed","Tue Sep 01 10:13:48 UTC 2026","Issued Checks — Smoke (Continued)","specs\Smoke\4-IssuedChecksSmoke.spec.ts","",""
