"DESCRIPTION","DURATION IN MS","NAME","PARENT SUITE","START TIME","STATUS","STOP TIME","SUB SUITE","SUITE","TEST CLASS","TEST METHOD"
"","16434","""+ Add ACH"" navigates to the add-ACH form","firefox","Thu Sep 24 10:42:13 UTC 2026","passed","Thu Sep 24 10:42:30 UTC 2026","ACH — Smoke","specs\Smoke\7-ACHSmoke.spec.ts","",""
"","20010","Typing a page number navigates to that page","webkit","Thu Sep 24 10:29:08 UTC 2026","passed","Thu Sep 24 10:29:28 UTC 2026","ACH — Smoke","specs\Smoke\7-ACHSmoke.spec.ts","",""
"","6349","Verify navigation to Presented Checks via nav menu","chromium","Thu Sep 24 10:15:08 UTC 2026","passed","Thu Sep 24 10:15:15 UTC 2026","Home Dashboard","specs\Smoke\3-HomeDashboardSmoke.spec.ts","",""
"","6245","Notification Log sub-page loads correctly","chromium","Thu Sep 24 10:14:26 UTC 2026","passed","Thu Sep 24 10:14:32 UTC 2026","Application Navigation Smoke Tests","specs\Smoke\2-NavigationSmoke.spec.ts","",""
"","15216","Validate Login functionality with correctCredentials","webkit","Thu Sep 24 10:12:18 UTC 2026","passed","Thu Sep 24 10:12:33 UTC 2026","","specs\Smoke\1-LoginSmoke.spec.ts","",""
"","14592","Default filter auto-applies after logout and re-login","webkit","Thu Sep 24 10:30:09 UTC 2026","skipped","Thu Sep 24 10:30:24 UTC 2026","ACH — Smoke","specs\Smoke\7-ACHSmoke.spec.ts","",""
"","7434","Verify navigation to Settings via nav menu","chromium","Thu Sep 24 10:15:28 UTC 2026","passed","Thu Sep 24 10:15:35 UTC 2026","Home Dashboard","specs\Smoke\3-HomeDashboardSmoke.spec.ts","",""
"","9917","Search box filters grid and clears correctly","msedge","Thu Sep 24 10:19:33 UTC 2026","passed","Thu Sep 24 10:19:43 UTC 2026","ACH — Smoke","specs\Smoke\7-ACHSmoke.spec.ts","",""
"","6582","Navigation tabs to Pre-Decisions, Approvals, and Exception History are visible","chromium","Thu Sep 24 10:22:45 UTC 2026","passed","Thu Sep 24 10:22:51 UTC 2026","Exceptions — Smoke (Continued)","specs\Smoke\8-ExceptionsSmoke.spec.ts","",""
"","7330","""Uploaded Checks"" navigates to the uploads page","chromium","Thu Sep 24 10:15:27 UTC 2026","passed","Thu Sep 24 10:15:35 UTC 2026","Issued Checks — Smoke","specs\Smoke\4-IssuedChecksSmoke.spec.ts","",""
"","6172","Validate Login functionality with incorrectPassword","firefox","Thu Sep 24 10:30:34 UTC 2026","passed","Thu Sep 24 10:30:40 UTC 2026","","specs\Smoke\1-LoginSmoke.spec.ts","",""
"","14314","""Edit"" link on a row navigates to the check edit form","firefox","Thu Sep 24 10:40:42 UTC 2026","passed","Thu Sep 24 10:40:56 UTC 2026","Presented Checks — Smoke (Continued)","specs\Smoke\5-PresentedChecksSmoke.spec.ts","",""
"","7869","Column filter popup applies a filter and Clear restores the full row set","chromium","Thu Sep 24 10:17:32 UTC 2026","passed","Thu Sep 24 10:17:40 UTC 2026","Issued Checks — Smoke (Continued)","specs\Smoke\4-IssuedChecksSmoke.spec.ts","",""
"","8320","Grid loads with data rows and key column headers","msedge","Thu Sep 24 10:14:59 UTC 2026","passed","Thu Sep 24 10:15:07 UTC 2026","Issued Checks — Smoke","specs\Smoke\4-IssuedChecksSmoke.spec.ts","",""
"","12338","Validate Login functionality with missingUsername","webkit","Thu Sep 24 10:14:00 UTC 2026","passed","Thu Sep 24 10:14:12 UTC 2026","","specs\Smoke\1-LoginSmoke.spec.ts","",""
"","23832","Default filter auto-applies after logout and re-login","chromium","Thu Sep 24 10:18:10 UTC 2026","passed","Thu Sep 24 10:18:34 UTC 2026","Presented Checks — Default Filter (Serial)","specs\Smoke\5-PresentedChecksSmoke.spec.ts","",""
"","23789","Column filter popup applies a filter and Clear restores the full row set","firefox","Thu Sep 24 10:40:15 UTC 2026","passed","Thu Sep 24 10:40:39 UTC 2026","Issued Checks — Smoke (Continued)","specs\Smoke\4-IssuedChecksSmoke.spec.ts","",""
"","21826","Column filter menu applies a filter and Clear restores the full row set","webkit","Thu Sep 24 10:31:15 UTC 2026","passed","Thu Sep 24 10:31:36 UTC 2026","Exceptions — Smoke (Continued)","specs\Smoke\8-ExceptionsSmoke.spec.ts","",""
"","18123","Last page arrow jumps to the final page","webkit","Thu Sep 24 10:22:19 UTC 2026","passed","Thu Sep 24 10:22:37 UTC 2026","Issued Checks — Smoke","specs\Smoke\4-IssuedChecksSmoke.spec.ts","",""
"","6593","Verify summary KPI values have expected number formats","msedge","Thu Sep 24 10:14:07 UTC 2026","passed","Thu Sep 24 10:14:13 UTC 2026","Home Dashboard","specs\Smoke\3-HomeDashboardSmoke.spec.ts","",""
"","11648","Last page arrow jumps to the final page","msedge","Thu Sep 24 10:16:12 UTC 2026","passed","Thu Sep 24 10:16:24 UTC 2026","Issued Checks — Smoke","specs\Smoke\4-IssuedChecksSmoke.spec.ts","",""
"","9259","""+ Add Check"" navigates to the add-check form","chromium","Thu Sep 24 10:15:18 UTC 2026","passed","Thu Sep 24 10:15:27 UTC 2026","Issued Checks — Smoke","specs\Smoke\4-IssuedChecksSmoke.spec.ts","",""
"","8754","Verify dashboard tab checked state updates correctly","chromium","Thu Sep 24 10:13:53 UTC 2026","passed","Thu Sep 24 10:14:02 UTC 2026","Home Dashboard","specs\Smoke\3-HomeDashboardSmoke.spec.ts","",""
"","6643","Business Clients sub-page loads correctly","msedge","Thu Sep 24 10:12:41 UTC 2026","passed","Thu Sep 24 10:12:47 UTC 2026","Application Navigation Smoke Tests","specs\Smoke\2-NavigationSmoke.spec.ts","",""
"","8238","Users sub-page loads correctly","msedge","Thu Sep 24 10:12:47 UTC 2026","passed","Thu Sep 24 10:12:56 UTC 2026","Application Navigation Smoke Tests","specs\Smoke\2-NavigationSmoke.spec.ts","",""
"","15246","Save a filter preset, verify it is auto-selected, then delete it","msedge","Thu Sep 24 10:21:02 UTC 2026","passed","Thu Sep 24 10:21:17 UTC 2026","ACH — Smoke","specs\Smoke\7-ACHSmoke.spec.ts","",""
"","18990","Home page is accessible and shows dashboard","webkit","Thu Sep 24 10:12:18 UTC 2026","passed","Thu Sep 24 10:12:37 UTC 2026","Application Navigation Smoke Tests","specs\Smoke\2-NavigationSmoke.spec.ts","",""
"","8536","Default Decision Log sub-page loads correctly","chromium","Thu Sep 24 10:14:32 UTC 2026","passed","Thu Sep 24 10:14:40 UTC 2026","Application Navigation Smoke Tests","specs\Smoke\2-NavigationSmoke.spec.ts","",""
"","5355","Default filter auto-applies after logout and re-login","msedge","Thu Sep 24 10:17:56 UTC 2026","skipped","Thu Sep 24 10:18:02 UTC 2026","Issued Checks — Default Filter (Serial)","specs\Smoke\4-IssuedChecksSmoke.spec.ts","",""
"","16848","Grid loads with data rows and key column headers","firefox","Thu Sep 24 10:41:56 UTC 2026","passed","Thu Sep 24 10:42:13 UTC 2026","ACH — Smoke","specs\Smoke\7-ACHSmoke.spec.ts","",""
"","7930","Validate forgot password functionality","firefox","Thu Sep 24 10:31:29 UTC 2026","passed","Thu Sep 24 10:31:37 UTC 2026","","specs\Smoke\1-LoginSmoke.spec.ts","",""
"","4530","Pre-Decisions page loads with either records or the empty-state message","chromium","Thu Sep 24 10:23:10 UTC 2026","passed","Thu Sep 24 10:23:15 UTC 2026","Exceptions — Smoke (Continued)","specs\Smoke\8-ExceptionsSmoke.spec.ts","",""
"","17207","Verify profile menu shows My Info and Logout links","webkit","Thu Sep 24 10:18:56 UTC 2026","passed","Thu Sep 24 10:19:13 UTC 2026","Home Dashboard","specs\Smoke\3-HomeDashboardSmoke.spec.ts","",""
"","15338","""View"" (Change Log) link on a row navigates to the entity log","firefox","Thu Sep 24 10:40:52 UTC 2026","passed","Thu Sep 24 10:41:08 UTC 2026","Issued Checks — Smoke (Continued)","specs\Smoke\4-IssuedChecksSmoke.spec.ts","",""
"","10953","File Formats sub-page loads correctly","firefox","Thu Sep 24 10:33:41 UTC 2026","passed","Thu Sep 24 10:33:52 UTC 2026","Application Navigation Smoke Tests","specs\Smoke\2-NavigationSmoke.spec.ts","",""
"","20992","Default filter auto-applies after logout and re-login","chromium","Thu Sep 24 10:16:46 UTC 2026","passed","Thu Sep 24 10:17:07 UTC 2026","Issued Checks — Default Filter (Serial)","specs\Smoke\4-IssuedChecksSmoke.spec.ts","",""
"","4233","Validate Login functionality with missingUsername","firefox","Thu Sep 24 10:31:03 UTC 2026","passed","Thu Sep 24 10:31:07 UTC 2026","","specs\Smoke\1-LoginSmoke.spec.ts","",""
"","16584","Excel export button is visible and enabled","webkit","Thu Sep 24 10:27:56 UTC 2026","passed","Thu Sep 24 10:28:12 UTC 2026","ACH — Smoke","specs\Smoke\7-ACHSmoke.spec.ts","",""
"","20993","Search box filters grid and clears correctly","webkit","Thu Sep 24 10:21:51 UTC 2026","passed","Thu Sep 24 10:22:12 UTC 2026","Presented Checks — Smoke","specs\Smoke\5-PresentedChecksSmoke.spec.ts","",""
"","4871","""View"" (Change Log) link on a row navigates to the entity log","chromium","Thu Sep 24 10:17:46 UTC 2026","passed","Thu Sep 24 10:17:51 UTC 2026","Issued Checks — Smoke (Continued)","specs\Smoke\4-IssuedChecksSmoke.spec.ts","",""
"","5794","""Delete"" on a row shows a confirm modal; Cancel dismisses it without deleting","chromium","Thu Sep 24 10:17:51 UTC 2026","passed","Thu Sep 24 10:17:57 UTC 2026","Issued Checks — Smoke (Continued)","specs\Smoke\4-IssuedChecksSmoke.spec.ts","",""
"","19209","""View"" link on a row opens the Exception Details dialog","firefox","Thu Sep 24 10:45:43 UTC 2026","passed","Thu Sep 24 10:46:02 UTC 2026","Exceptions — Smoke (Continued)","specs\Smoke\8-ExceptionsSmoke.spec.ts","",""
"","15676","Next page arrow advances to page 2","firefox","Thu Sep 24 10:43:39 UTC 2026","passed","Thu Sep 24 10:43:55 UTC 2026","ACH — Smoke","specs\Smoke\7-ACHSmoke.spec.ts","",""
"","15009","Exception History grid loads with data rows and key column headers","firefox","Thu Sep 24 10:42:00 UTC 2026","passed","Thu Sep 24 10:42:15 UTC 2026","Exceptions — Smoke","specs\Smoke\8-ExceptionsSmoke.spec.ts","",""
"","5773","Default filter auto-applies after logout and re-login","msedge","Thu Sep 24 10:17:13 UTC 2026","skipped","Thu Sep 24 10:17:19 UTC 2026","Presented Checks — Default Filter (Serial)","specs\Smoke\5-PresentedChecksSmoke.spec.ts","",""
"","9246","Clicking a column header sorts ascending, clicking again sorts descending","msedge","Thu Sep 24 10:21:50 UTC 2026","passed","Thu Sep 24 10:21:59 UTC 2026","Exceptions — Smoke (Continued)","specs\Smoke\8-ExceptionsSmoke.spec.ts","",""
"","18956","Verify dashboard tab checked state updates correctly","webkit","Thu Sep 24 10:16:51 UTC 2026","passed","Thu Sep 24 10:17:10 UTC 2026","Home Dashboard","specs\Smoke\3-HomeDashboardSmoke.spec.ts","",""
"","24040","Column filter popup applies a filter and Clear restores the full row set","webkit","Thu Sep 24 10:24:46 UTC 2026","passed","Thu Sep 24 10:25:10 UTC 2026","Issued Checks — Smoke (Continued)","specs\Smoke\4-IssuedChecksSmoke.spec.ts","",""
"","7780","Verify navigation to Issued Checks via nav menu","msedge","Thu Sep 24 10:14:43 UTC 2026","passed","Thu Sep 24 10:14:51 UTC 2026","Home Dashboard","specs\Smoke\3-HomeDashboardSmoke.spec.ts","",""
"","17344","""Uploaded ACH"" navigates to the uploads page","firefox","Thu Sep 24 10:42:30 UTC 2026","passed","Thu Sep 24 10:42:47 UTC 2026","ACH — Smoke","specs\Smoke\7-ACHSmoke.spec.ts","",""
"","6152","Verify Total Exceptions and Total Exception Amount labels are visible","chromium","Thu Sep 24 10:14:19 UTC 2026","passed","Thu Sep 24 10:14:25 UTC 2026","Home Dashboard","specs\Smoke\3-HomeDashboardSmoke.spec.ts","",""
"","17969","System Log sub-page loads correctly","webkit","Thu Sep 24 10:18:56 UTC 2026","passed","Thu Sep 24 10:19:14 UTC 2026","Application Navigation Smoke Tests","specs\Smoke\2-NavigationSmoke.spec.ts","",""
"","8636","Next page arrow advances to page 2","chromium","Thu Sep 24 10:19:05 UTC 2026","passed","Thu Sep 24 10:19:14 UTC 2026","ACH — Smoke","specs\Smoke\7-ACHSmoke.spec.ts","",""
"","7554","Check Approval Rules sub-page loads correctly","msedge","Thu Sep 24 10:13:54 UTC 2026","passed","Thu Sep 24 10:14:01 UTC 2026","Application Navigation Smoke Tests","specs\Smoke\2-NavigationSmoke.spec.ts","",""
"","14551","Verify navigation to Issued Checks via nav menu","firefox","Thu Sep 24 10:35:19 UTC 2026","passed","Thu Sep 24 10:35:33 UTC 2026","Home Dashboard","specs\Smoke\3-HomeDashboardSmoke.spec.ts","",""
"","16372","Presented Checks page loads correctly","webkit","Thu Sep 24 10:12:54 UTC 2026","passed","Thu Sep 24 10:13:10 UTC 2026","Application Navigation Smoke Tests","specs\Smoke\2-NavigationSmoke.spec.ts","",""
"","17488","""View"" (Change Log) link on a row navigates to the entity log","webkit","Thu Sep 24 10:25:27 UTC 2026","passed","Thu Sep 24 10:25:45 UTC 2026","Issued Checks — Smoke (Continued)","specs\Smoke\4-IssuedChecksSmoke.spec.ts","",""
"","15896","Verify summary KPI values have expected number formats","webkit","Thu Sep 24 10:18:03 UTC 2026","passed","Thu Sep 24 10:18:19 UTC 2026","Home Dashboard","specs\Smoke\3-HomeDashboardSmoke.spec.ts","",""
"","8451","Verify chart title changes with selected tab","msedge","Thu Sep 24 10:13:44 UTC 2026","passed","Thu Sep 24 10:13:53 UTC 2026","Home Dashboard","specs\Smoke\3-HomeDashboardSmoke.spec.ts","",""
"","4735","Validate forgot password functionality","chromium","Thu Sep 24 10:12:51 UTC 2026","passed","Thu Sep 24 10:12:56 UTC 2026","","specs\Smoke\1-LoginSmoke.spec.ts","",""
"","19580","Verify Check Only tab shows Check-specific chart sections","firefox","Thu Sep 24 10:32:42 UTC 2026","passed","Thu Sep 24 10:33:01 UTC 2026","Home Dashboard","specs\Smoke\3-HomeDashboardSmoke.spec.ts","",""
"","8703","""Edit"" link on a row navigates to the check edit form","chromium","Thu Sep 24 10:19:06 UTC 2026","passed","Thu Sep 24 10:19:15 UTC 2026","Presented Checks — Smoke (Continued)","specs\Smoke\5-PresentedChecksSmoke.spec.ts","",""
"","17030","Validate session persists after page refresh","webkit","Thu Sep 24 10:15:13 UTC 2026","passed","Thu Sep 24 10:15:30 UTC 2026","","specs\Smoke\1-LoginSmoke.spec.ts","",""
"","24184","Column filter menu applies a filter and Clear restores the full row set","firefox","Thu Sep 24 10:45:19 UTC 2026","passed","Thu Sep 24 10:45:43 UTC 2026","Exceptions — Smoke (Continued)","specs\Smoke\8-ExceptionsSmoke.spec.ts","",""
"","15942","Grid View toggle navigates to the open-exceptions grid and shows key column headers","firefox","Thu Sep 24 10:47:08 UTC 2026","passed","Thu Sep 24 10:47:24 UTC 2026","Exceptions — Smoke (Continued)","specs\Smoke\8-ExceptionsSmoke.spec.ts","",""
"","8112","Web Hooks sub-page loads correctly","chromium","Thu Sep 24 10:15:01 UTC 2026","passed","Thu Sep 24 10:15:09 UTC 2026","Application Navigation Smoke Tests","specs\Smoke\2-NavigationSmoke.spec.ts","",""
"","18613","Next page arrow advances to page 2","webkit","Thu Sep 24 10:28:30 UTC 2026","passed","Thu Sep 24 10:28:49 UTC 2026","ACH — Smoke","specs\Smoke\7-ACHSmoke.spec.ts","",""
"","5658","Teller page loads correctly","msedge","Thu Sep 24 10:12:09 UTC 2026","passed","Thu Sep 24 10:12:14 UTC 2026","Application Navigation Smoke Tests","specs\Smoke\2-NavigationSmoke.spec.ts","",""
"","8424","Automatic Check Decision Rules sub-page loads correctly","msedge","Thu Sep 24 10:13:45 UTC 2026","passed","Thu Sep 24 10:13:53 UTC 2026","Application Navigation Smoke Tests","specs\Smoke\2-NavigationSmoke.spec.ts","",""
"","17538","Page size change to 10 updates pagination info in bottom-right pager","webkit","Thu Sep 24 10:28:13 UTC 2026","passed","Thu Sep 24 10:28:30 UTC 2026","ACH — Smoke","specs\Smoke\7-ACHSmoke.spec.ts","",""
"","9893","Clicking a column header sorts ascending, clicking again sorts descending","chromium","Thu Sep 24 10:17:22 UTC 2026","passed","Thu Sep 24 10:17:32 UTC 2026","Issued Checks — Smoke (Continued)","specs\Smoke\4-IssuedChecksSmoke.spec.ts","",""
"","19136","Validate Login functionality with correctCredentials","firefox","Thu Sep 24 10:30:07 UTC 2026","passed","Thu Sep 24 10:30:26 UTC 2026","","specs\Smoke\1-LoginSmoke.spec.ts","",""
"","10530","Column filter popup applies a filter and Clear restores the full row set","chromium","Thu Sep 24 10:18:55 UTC 2026","passed","Thu Sep 24 10:19:06 UTC 2026","Presented Checks — Smoke (Continued)","specs\Smoke\5-PresentedChecksSmoke.spec.ts","",""
"","6397","Clicking a column header sorts ascending, clicking again sorts descending","msedge","Thu Sep 24 10:17:30 UTC 2026","passed","Thu Sep 24 10:17:36 UTC 2026","Presented Checks — Smoke (Continued)","specs\Smoke\5-PresentedChecksSmoke.spec.ts","",""
"","19041","Grid loads with data rows and key column headers","webkit","Thu Sep 24 10:20:55 UTC 2026","passed","Thu Sep 24 10:21:15 UTC 2026","Presented Checks — Smoke","specs\Smoke\5-PresentedChecksSmoke.spec.ts","",""
"","16454","Clicking a column header sorts ascending, clicking again sorts descending","firefox","Thu Sep 24 10:40:09 UTC 2026","passed","Thu Sep 24 10:40:25 UTC 2026","Presented Checks — Smoke (Continued)","specs\Smoke\5-PresentedChecksSmoke.spec.ts","",""
"","9276","Last page arrow jumps to the final page","chromium","Thu Sep 24 10:19:14 UTC 2026","passed","Thu Sep 24 10:19:23 UTC 2026","ACH — Smoke","specs\Smoke\7-ACHSmoke.spec.ts","",""
"","17985","""+ Add Check"" navigates to the add-check form","webkit","Thu Sep 24 10:21:15 UTC 2026","passed","Thu Sep 24 10:21:33 UTC 2026","Presented Checks — Smoke","specs\Smoke\5-PresentedChecksSmoke.spec.ts","",""
"","8521","ACH page loads correctly","chromium","Thu Sep 24 10:12:17 UTC 2026","passed","Thu Sep 24 10:12:26 UTC 2026","Application Navigation Smoke Tests","specs\Smoke\2-NavigationSmoke.spec.ts","",""
"","5882","Teller page loads correctly","chromium","Thu Sep 24 10:12:11 UTC 2026","passed","Thu Sep 24 10:12:17 UTC 2026","Application Navigation Smoke Tests","specs\Smoke\2-NavigationSmoke.spec.ts","",""
"","8668","Saved Filters dropdown is visible and defaults to no preset","msedge","Thu Sep 24 10:20:44 UTC 2026","passed","Thu Sep 24 10:20:52 UTC 2026","ACH — Smoke","specs\Smoke\7-ACHSmoke.spec.ts","",""
"","15712","Excel export button is visible and enabled","webkit","Thu Sep 24 10:21:29 UTC 2026","passed","Thu Sep 24 10:21:45 UTC 2026","Issued Checks — Smoke","specs\Smoke\4-IssuedChecksSmoke.spec.ts","",""
"","17326","Roles/Permissions sub-page loads correctly","webkit","Thu Sep 24 10:15:12 UTC 2026","passed","Thu Sep 24 10:15:29 UTC 2026","Application Navigation Smoke Tests","specs\Smoke\2-NavigationSmoke.spec.ts","",""
"","19419","Clicking a column header sorts ascending, clicking again sorts descending","webkit","Thu Sep 24 10:30:55 UTC 2026","passed","Thu Sep 24 10:31:15 UTC 2026","ACH — Smoke","specs\Smoke\7-ACHSmoke.spec.ts","",""
"","8843","Validate Login functionality with invalidEmailFormat","webkit","Thu Sep 24 10:13:07 UTC 2026","passed","Thu Sep 24 10:13:16 UTC 2026","","specs\Smoke\1-LoginSmoke.spec.ts","",""
"","15940","Next page arrow advances to page 2","firefox","Thu Sep 24 10:43:04 UTC 2026","passed","Thu Sep 24 10:43:20 UTC 2026","Exceptions — Smoke","specs\Smoke\8-ExceptionsSmoke.spec.ts","",""
"","18771","Verify navigation to Issued Checks via nav menu","webkit","Thu Sep 24 10:19:32 UTC 2026","passed","Thu Sep 24 10:19:51 UTC 2026","Home Dashboard","specs\Smoke\3-HomeDashboardSmoke.spec.ts","",""
"","14198","Verify all three dashboard view tabs are visible","webkit","Thu Sep 24 10:15:53 UTC 2026","passed","Thu Sep 24 10:16:07 UTC 2026","Home Dashboard","specs\Smoke\3-HomeDashboardSmoke.spec.ts","",""
"","8268","Grid loads with data rows and key column headers","msedge","Thu Sep 24 10:15:16 UTC 2026","passed","Thu Sep 24 10:15:24 UTC 2026","Presented Checks — Smoke","specs\Smoke\5-PresentedChecksSmoke.spec.ts","",""
"","6890","Verify Total Exceptions and Total Exception Amount labels are visible","msedge","Thu Sep 24 10:14:00 UTC 2026","passed","Thu Sep 24 10:14:07 UTC 2026","Home Dashboard","specs\Smoke\3-HomeDashboardSmoke.spec.ts","",""
"","16597","Typing a page number navigates to that page","firefox","Thu Sep 24 10:43:36 UTC 2026","passed","Thu Sep 24 10:43:52 UTC 2026","Exceptions — Smoke","specs\Smoke\8-ExceptionsSmoke.spec.ts","",""
"","14819","Default filter auto-applies after logout and re-login","webkit","Thu Sep 24 10:24:23 UTC 2026","skipped","Thu Sep 24 10:24:37 UTC 2026","Presented Checks — Default Filter (Serial)","specs\Smoke\5-PresentedChecksSmoke.spec.ts","",""
"","7448","Verify profile menu shows My Info and Logout links","msedge","Thu Sep 24 10:14:28 UTC 2026","passed","Thu Sep 24 10:14:36 UTC 2026","Home Dashboard","specs\Smoke\3-HomeDashboardSmoke.spec.ts","",""
"","9920","""Uploaded Checks"" navigates to the uploads page","msedge","Thu Sep 24 10:15:35 UTC 2026","passed","Thu Sep 24 10:15:45 UTC 2026","Presented Checks — Smoke","specs\Smoke\5-PresentedChecksSmoke.spec.ts","",""
"","6412","Verify all three dashboard view tabs are visible","msedge","Thu Sep 24 10:13:09 UTC 2026","passed","Thu Sep 24 10:13:15 UTC 2026","Home Dashboard","specs\Smoke\3-HomeDashboardSmoke.spec.ts","",""
"","13333","Verify dashboard loads after successful login","webkit","Thu Sep 24 10:15:39 UTC 2026","passed","Thu Sep 24 10:15:52 UTC 2026","Home Dashboard","specs\Smoke\3-HomeDashboardSmoke.spec.ts","",""
"","7904","Saved Filters dropdown is visible and defaults to no preset","chromium","Thu Sep 24 10:16:38 UTC 2026","passed","Thu Sep 24 10:16:46 UTC 2026","Issued Checks — Smoke","specs\Smoke\4-IssuedChecksSmoke.spec.ts","",""
"","4991","Issued Checks breadcrumb link is visible on the page","msedge","Thu Sep 24 10:18:47 UTC 2026","passed","Thu Sep 24 10:18:52 UTC 2026","Issued Checks — Smoke (Continued)","specs\Smoke\4-IssuedChecksSmoke.spec.ts","",""
"","16296","""Delete"" on a row shows a confirm modal; Cancel dismisses it without deleting","firefox","Thu Sep 24 10:41:13 UTC 2026","passed","Thu Sep 24 10:41:29 UTC 2026","Presented Checks — Smoke (Continued)","specs\Smoke\5-PresentedChecksSmoke.spec.ts","",""
"","7032","Verify Home dashboard is restored after returning from another page","msedge","Thu Sep 24 10:14:36 UTC 2026","passed","Thu Sep 24 10:14:43 UTC 2026","Home Dashboard","specs\Smoke\3-HomeDashboardSmoke.spec.ts","",""
"","10269","ACH breadcrumb link is visible on the page","msedge","Thu Sep 24 10:22:14 UTC 2026","passed","Thu Sep 24 10:22:24 UTC 2026","ACH — Smoke","specs\Smoke\7-ACHSmoke.spec.ts","",""
"","9299","""+ Add ACH"" navigates to the add-ACH form","chromium","Thu Sep 24 10:18:14 UTC 2026","passed","Thu Sep 24 10:18:24 UTC 2026","ACH — Smoke","specs\Smoke\7-ACHSmoke.spec.ts","",""
"","15166","""View"" link on a row opens the Exception Details dialog","webkit","Thu Sep 24 10:31:36 UTC 2026","passed","Thu Sep 24 10:31:52 UTC 2026","Exceptions — Smoke (Continued)","specs\Smoke\8-ExceptionsSmoke.spec.ts","",""
"","5326","""Edit"" link on a row navigates to the check edit form","msedge","Thu Sep 24 10:18:30 UTC 2026","passed","Thu Sep 24 10:18:36 UTC 2026","Issued Checks — Smoke (Continued)","specs\Smoke\4-IssuedChecksSmoke.spec.ts","",""
"","32267","Save a filter preset, verify it is auto-selected, then delete it","webkit","Thu Sep 24 10:24:37 UTC 2026","passed","Thu Sep 24 10:25:10 UTC 2026","Presented Checks — Smoke (Continued)","specs\Smoke\5-PresentedChecksSmoke.spec.ts","",""
"","16589","Grid loads with data rows and key column headers","firefox","Thu Sep 24 10:36:25 UTC 2026","passed","Thu Sep 24 10:36:42 UTC 2026","Issued Checks — Smoke","specs\Smoke\4-IssuedChecksSmoke.spec.ts","",""
"","16432","""View"" (Change Log) link on a row navigates to the entity log","firefox","Thu Sep 24 10:40:56 UTC 2026","passed","Thu Sep 24 10:41:13 UTC 2026","Presented Checks — Smoke (Continued)","specs\Smoke\5-PresentedChecksSmoke.spec.ts","",""
"","11512","Page size change to 10 updates pagination info in bottom-right pager","msedge","Thu Sep 24 10:16:10 UTC 2026","passed","Thu Sep 24 10:16:22 UTC 2026","Presented Checks — Smoke","specs\Smoke\5-PresentedChecksSmoke.spec.ts","",""
"","4836","Validate Login functionality with caseSensitiveEmail","msedge","Thu Sep 24 10:11:54 UTC 2026","passed","Thu Sep 24 10:11:59 UTC 2026","","specs\Smoke\1-LoginSmoke.spec.ts","",""
"","10404","Validate forgot password functionality with No email","webkit","Thu Sep 24 10:14:51 UTC 2026","passed","Thu Sep 24 10:15:02 UTC 2026","","specs\Smoke\1-LoginSmoke.spec.ts","",""
"","17479","Saved Filters dropdown is visible and defaults to no preset","webkit","Thu Sep 24 10:29:52 UTC 2026","passed","Thu Sep 24 10:30:10 UTC 2026","Exceptions — Smoke","specs\Smoke\8-ExceptionsSmoke.spec.ts","",""
"","9990","Excel export button is visible and enabled","chromium","Thu Sep 24 10:16:10 UTC 2026","passed","Thu Sep 24 10:16:20 UTC 2026","Presented Checks — Smoke","specs\Smoke\5-PresentedChecksSmoke.spec.ts","",""
"","9542","""+ Add Check"" navigates to the add-check form","msedge","Thu Sep 24 10:15:07 UTC 2026","passed","Thu Sep 24 10:15:17 UTC 2026","Issued Checks — Smoke","specs\Smoke\4-IssuedChecksSmoke.spec.ts","",""
"","18916","Decision badge on an already-reviewed row is blocked with a system message","firefox","Thu Sep 24 10:46:02 UTC 2026","passed","Thu Sep 24 10:46:21 UTC 2026","Exceptions — Smoke (Continued)","specs\Smoke\8-ExceptionsSmoke.spec.ts","",""
"","7761","Validate Login functionality with sqlInjection","webkit","Thu Sep 24 10:14:12 UTC 2026","passed","Thu Sep 24 10:14:20 UTC 2026","","specs\Smoke\1-LoginSmoke.spec.ts","",""
"","9909","Excel export button is visible and enabled","msedge","Thu Sep 24 10:20:14 UTC 2026","passed","Thu Sep 24 10:20:24 UTC 2026","Exceptions — Smoke","specs\Smoke\8-ExceptionsSmoke.spec.ts","",""
"","6366","Branding sub-page loads correctly","msedge","Thu Sep 24 10:13:03 UTC 2026","passed","Thu Sep 24 10:13:09 UTC 2026","Application Navigation Smoke Tests","specs\Smoke\2-NavigationSmoke.spec.ts","",""
"","7302","Verify ACH Only tab shows ACH-specific chart sections","msedge","Thu Sep 24 10:13:29 UTC 2026","passed","Thu Sep 24 10:13:36 UTC 2026","Home Dashboard","specs\Smoke\3-HomeDashboardSmoke.spec.ts","",""
"","13455","Default filter auto-applies after logout and re-login","webkit","Thu Sep 24 10:30:10 UTC 2026","skipped","Thu Sep 24 10:30:23 UTC 2026","Exceptions — Default Filter (Serial)","specs\Smoke\8-ExceptionsSmoke.spec.ts","",""
"","17707","Exception History grid loads with data rows and key column headers","webkit","Thu Sep 24 10:27:20 UTC 2026","passed","Thu Sep 24 10:27:38 UTC 2026","Exceptions — Smoke","specs\Smoke\8-ExceptionsSmoke.spec.ts","",""
"","13840","Column filter popup applies a filter and Clear restores the full row set","chromium","Thu Sep 24 10:20:37 UTC 2026","passed","Thu Sep 24 10:20:51 UTC 2026","ACH — Smoke","specs\Smoke\7-ACHSmoke.spec.ts","",""
"","21769","Typing a page number navigates to that page","webkit","Thu Sep 24 10:22:37 UTC 2026","passed","Thu Sep 24 10:22:59 UTC 2026","Issued Checks — Smoke","specs\Smoke\4-IssuedChecksSmoke.spec.ts","",""
"","15890","""+ Add Check"" navigates to the add-check form","firefox","Thu Sep 24 10:36:42 UTC 2026","passed","Thu Sep 24 10:36:58 UTC 2026","Issued Checks — Smoke","specs\Smoke\4-IssuedChecksSmoke.spec.ts","",""
"","15460","Exceptions breadcrumb link is visible on the page","firefox","Thu Sep 24 10:46:21 UTC 2026","passed","Thu Sep 24 10:46:36 UTC 2026","Exceptions — Smoke (Continued)","specs\Smoke\8-ExceptionsSmoke.spec.ts","",""
"","15184","Pay/Return decision badge navigates to exception history","msedge","Thu Sep 24 10:21:59 UTC 2026","passed","Thu Sep 24 10:22:14 UTC 2026","ACH — Smoke","specs\Smoke\7-ACHSmoke.spec.ts","",""
"","7352","Open Exceptions page loads with either exception cards or the empty-state message","chromium","Thu Sep 24 10:22:51 UTC 2026","passed","Thu Sep 24 10:22:59 UTC 2026","Exceptions — Smoke (Continued)","specs\Smoke\8-ExceptionsSmoke.spec.ts","",""
"","5866","""Edit"" link on a row navigates to the check edit form","chromium","Thu Sep 24 10:17:40 UTC 2026","passed","Thu Sep 24 10:17:46 UTC 2026","Issued Checks — Smoke (Continued)","specs\Smoke\4-IssuedChecksSmoke.spec.ts","",""
"","10281","Previous page button returns to page 1, First page button re-enables disabled state","chromium","Thu Sep 24 10:16:28 UTC 2026","passed","Thu Sep 24 10:16:38 UTC 2026","Issued Checks — Smoke","specs\Smoke\4-IssuedChecksSmoke.spec.ts","",""
"","8068","""Uploaded Checks"" navigates to the uploads page","msedge","Thu Sep 24 10:15:17 UTC 2026","passed","Thu Sep 24 10:15:25 UTC 2026","Issued Checks — Smoke","specs\Smoke\4-IssuedChecksSmoke.spec.ts","",""
"","14044","Page size change to 10 updates pagination info in bottom-right pager","firefox","Thu Sep 24 10:42:50 UTC 2026","passed","Thu Sep 24 10:43:04 UTC 2026","Exceptions — Smoke","specs\Smoke\8-ExceptionsSmoke.spec.ts","",""
"","13645","Business Clients sub-page loads correctly","webkit","Thu Sep 24 10:14:43 UTC 2026","passed","Thu Sep 24 10:14:57 UTC 2026","Application Navigation Smoke Tests","specs\Smoke\2-NavigationSmoke.spec.ts","",""
"","53538","Column filter popup applies a filter and Clear restores the full row set","webkit","Thu Sep 24 10:31:15 UTC 2026","passed","Thu Sep 24 10:32:08 UTC 2026","ACH — Smoke","specs\Smoke\7-ACHSmoke.spec.ts","",""
"","20964","Search box filters grid and clears correctly","webkit","Thu Sep 24 10:21:08 UTC 2026","passed","Thu Sep 24 10:21:29 UTC 2026","Issued Checks — Smoke","specs\Smoke\4-IssuedChecksSmoke.spec.ts","",""
"","7408","""+ Add Check"" navigates to the add-check form","chromium","Thu Sep 24 10:15:44 UTC 2026","passed","Thu Sep 24 10:15:51 UTC 2026","Presented Checks — Smoke","specs\Smoke\5-PresentedChecksSmoke.spec.ts","",""
"","4734","Validate Login functionality with xssInUsername","msedge","Thu Sep 24 10:12:29 UTC 2026","passed","Thu Sep 24 10:12:34 UTC 2026","","specs\Smoke\1-LoginSmoke.spec.ts","",""
"","18244","File Formats sub-page loads correctly","webkit","Thu Sep 24 10:16:33 UTC 2026","passed","Thu Sep 24 10:16:51 UTC 2026","Application Navigation Smoke Tests","specs\Smoke\2-NavigationSmoke.spec.ts","",""
"","8991","Next page arrow advances to page 2","chromium","Thu Sep 24 10:16:02 UTC 2026","passed","Thu Sep 24 10:16:11 UTC 2026","Issued Checks — Smoke","specs\Smoke\4-IssuedChecksSmoke.spec.ts","",""
"","12041","Exception History grid loads with data rows and key column headers","msedge","Thu Sep 24 10:19:50 UTC 2026","passed","Thu Sep 24 10:20:02 UTC 2026","Exceptions — Smoke","specs\Smoke\8-ExceptionsSmoke.spec.ts","",""
"","19645","""+ Add Check"" navigates to the add-check form","webkit","Thu Sep 24 10:20:29 UTC 2026","passed","Thu Sep 24 10:20:49 UTC 2026","Issued Checks — Smoke","specs\Smoke\4-IssuedChecksSmoke.spec.ts","",""
"","11580","Web Hooks sub-page loads correctly","firefox","Thu Sep 24 10:36:14 UTC 2026","passed","Thu Sep 24 10:36:25 UTC 2026","Application Navigation Smoke Tests","specs\Smoke\2-NavigationSmoke.spec.ts","",""
"","10146","Validate Login functionality with incorrectPassword","webkit","Thu Sep 24 10:12:47 UTC 2026","passed","Thu Sep 24 10:12:57 UTC 2026","","specs\Smoke\1-LoginSmoke.spec.ts","",""
"","10065","Validate Login functionality with veryLongInput","webkit","Thu Sep 24 10:14:31 UTC 2026","passed","Thu Sep 24 10:14:41 UTC 2026","","specs\Smoke\1-LoginSmoke.spec.ts","",""
"","19047","Last page arrow jumps to the final page","webkit","Thu Sep 24 10:28:49 UTC 2026","passed","Thu Sep 24 10:29:08 UTC 2026","ACH — Smoke","specs\Smoke\7-ACHSmoke.spec.ts","",""
"","14801","Search box filters grid and clears correctly","msedge","Thu Sep 24 10:15:25 UTC 2026","passed","Thu Sep 24 10:15:39 UTC 2026","Issued Checks — Smoke","specs\Smoke\4-IssuedChecksSmoke.spec.ts","",""
"","9768","Typing a page number navigates to that page","chromium","Thu Sep 24 10:20:52 UTC 2026","passed","Thu Sep 24 10:21:02 UTC 2026","Exceptions — Smoke","specs\Smoke\8-ExceptionsSmoke.spec.ts","",""
"","6579","Decision badge on an already-reviewed row is blocked with a system message","chromium","Thu Sep 24 10:22:33 UTC 2026","passed","Thu Sep 24 10:22:40 UTC 2026","Exceptions — Smoke (Continued)","specs\Smoke\8-ExceptionsSmoke.spec.ts","",""
"","6589","Exceptions page loads correctly","msedge","Thu Sep 24 10:12:22 UTC 2026","passed","Thu Sep 24 10:12:28 UTC 2026","Application Navigation Smoke Tests","specs\Smoke\2-NavigationSmoke.spec.ts","",""
"","14694","Verify Total Exceptions and Total Exception Amount labels are visible","webkit","Thu Sep 24 10:17:48 UTC 2026","passed","Thu Sep 24 10:18:03 UTC 2026","Home Dashboard","specs\Smoke\3-HomeDashboardSmoke.spec.ts","",""
"","7310","Holiday Schedules sub-page loads correctly","chromium","Thu Sep 24 10:13:31 UTC 2026","passed","Thu Sep 24 10:13:39 UTC 2026","Application Navigation Smoke Tests","specs\Smoke\2-NavigationSmoke.spec.ts","",""
"","19125","Save a filter preset, verify it is auto-selected, then delete it","firefox","Thu Sep 24 10:39:43 UTC 2026","passed","Thu Sep 24 10:40:02 UTC 2026","Issued Checks — Smoke (Continued)","specs\Smoke\4-IssuedChecksSmoke.spec.ts","",""
"","16065","Verify dashboard footer footnote and privacy link are visible","webkit","Thu Sep 24 10:18:40 UTC 2026","passed","Thu Sep 24 10:18:56 UTC 2026","Home Dashboard","specs\Smoke\3-HomeDashboardSmoke.spec.ts","",""
"","13210","Verify dashboard tab checked state updates correctly","firefox","Thu Sep 24 10:33:18 UTC 2026","passed","Thu Sep 24 10:33:31 UTC 2026","Home Dashboard","specs\Smoke\3-HomeDashboardSmoke.spec.ts","",""
"","7553","Verify Check Only tab shows Check-specific chart sections","chromium","Thu Sep 24 10:13:38 UTC 2026","passed","Thu Sep 24 10:13:46 UTC 2026","Home Dashboard","specs\Smoke\3-HomeDashboardSmoke.spec.ts","",""
"","6491","Verify dashboard loads after successful login","msedge","Thu Sep 24 10:13:02 UTC 2026","passed","Thu Sep 24 10:13:09 UTC 2026","Home Dashboard","specs\Smoke\3-HomeDashboardSmoke.spec.ts","",""
"","6818","Grid loads with data rows and key column headers","chromium","Thu Sep 24 10:18:07 UTC 2026","passed","Thu Sep 24 10:18:14 UTC 2026","ACH — Smoke","specs\Smoke\7-ACHSmoke.spec.ts","",""
"","15155","Default filter auto-applies after logout and re-login","firefox","Thu Sep 24 10:45:05 UTC 2026","skipped","Thu Sep 24 10:45:20 UTC 2026","ACH — Smoke","specs\Smoke\7-ACHSmoke.spec.ts","",""
"","5720","Verify profile menu shows My Info and Logout links","chromium","Thu Sep 24 10:14:47 UTC 2026","passed","Thu Sep 24 10:14:53 UTC 2026","Home Dashboard","specs\Smoke\3-HomeDashboardSmoke.spec.ts","",""
"","7101","Verify tab-specific charts are hidden for opposite tab","msedge","Thu Sep 24 10:13:53 UTC 2026","passed","Thu Sep 24 10:14:00 UTC 2026","Home Dashboard","specs\Smoke\3-HomeDashboardSmoke.spec.ts","",""
"","3771","Validate Login functionality with emptyFields","msedge","Thu Sep 24 10:12:12 UTC 2026","passed","Thu Sep 24 10:12:16 UTC 2026","","specs\Smoke\1-LoginSmoke.spec.ts","",""
"","4609","Pre-Decisions page loads with either records or the empty-state message","msedge","Thu Sep 24 10:23:05 UTC 2026","passed","Thu Sep 24 10:23:09 UTC 2026","Exceptions — Smoke (Continued)","specs\Smoke\8-ExceptionsSmoke.spec.ts","",""
"","11911","Verify Combined View shows all chart sections","firefox","Thu Sep 24 10:32:30 UTC 2026","passed","Thu Sep 24 10:32:42 UTC 2026","Home Dashboard","specs\Smoke\3-HomeDashboardSmoke.spec.ts","",""
"","12864","Approvals page loads with either records or the empty-state message","firefox","Thu Sep 24 10:47:24 UTC 2026","passed","Thu Sep 24 10:47:36 UTC 2026","Exceptions — Smoke (Continued)","specs\Smoke\8-ExceptionsSmoke.spec.ts","",""
"","15549","ACH breadcrumb link is visible on the page","firefox","Thu Sep 24 10:47:21 UTC 2026","passed","Thu Sep 24 10:47:37 UTC 2026","ACH — Smoke","specs\Smoke\7-ACHSmoke.spec.ts","",""
"","18539","Previous page button returns to page 1, First page button re-enables disabled state","firefox","Thu Sep 24 10:43:52 UTC 2026","passed","Thu Sep 24 10:44:11 UTC 2026","Exceptions — Smoke","specs\Smoke\8-ExceptionsSmoke.spec.ts","",""
"","17844","Saved Filters dropdown is visible and defaults to no preset","webkit","Thu Sep 24 10:23:22 UTC 2026","passed","Thu Sep 24 10:23:40 UTC 2026","Issued Checks — Smoke","specs\Smoke\4-IssuedChecksSmoke.spec.ts","",""
"","18247","Clicking a column header sorts ascending, clicking again sorts descending","firefox","Thu Sep 24 10:45:00 UTC 2026","passed","Thu Sep 24 10:45:18 UTC 2026","Exceptions — Smoke (Continued)","specs\Smoke\8-ExceptionsSmoke.spec.ts","",""
"","13812","""Edit"" link on a row navigates to the check edit form","firefox","Thu Sep 24 10:40:39 UTC 2026","passed","Thu Sep 24 10:40:52 UTC 2026","Issued Checks — Smoke (Continued)","specs\Smoke\4-IssuedChecksSmoke.spec.ts","",""
"","6621","Verify dashboard footer footnote and privacy link are visible","msedge","Thu Sep 24 10:14:22 UTC 2026","passed","Thu Sep 24 10:14:28 UTC 2026","Home Dashboard","specs\Smoke\3-HomeDashboardSmoke.spec.ts","",""
"","18850","Verify chart title changes with selected tab","webkit","Thu Sep 24 10:17:10 UTC 2026","passed","Thu Sep 24 10:17:29 UTC 2026","Home Dashboard","specs\Smoke\3-HomeDashboardSmoke.spec.ts","",""
"","14281","Saved Filters dropdown is visible and defaults to no preset","firefox","Thu Sep 24 10:39:14 UTC 2026","passed","Thu Sep 24 10:39:28 UTC 2026","Issued Checks — Smoke","specs\Smoke\4-IssuedChecksSmoke.spec.ts","",""
"","11988","Page size change to 10 updates pagination info in bottom-right pager","msedge","Thu Sep 24 10:19:50 UTC 2026","passed","Thu Sep 24 10:20:02 UTC 2026","ACH — Smoke","specs\Smoke\7-ACHSmoke.spec.ts","",""
"","9079","Search box filters grid and clears correctly","chromium","Thu Sep 24 10:16:01 UTC 2026","passed","Thu Sep 24 10:16:10 UTC 2026","Presented Checks — Smoke","specs\Smoke\5-PresentedChecksSmoke.spec.ts","",""
"","5227","Exceptions breadcrumb link is visible on the page","msedge","Thu Sep 24 10:22:32 UTC 2026","passed","Thu Sep 24 10:22:37 UTC 2026","Exceptions — Smoke (Continued)","specs\Smoke\8-ExceptionsSmoke.spec.ts","",""
"","11559","Teller page loads correctly","firefox","Thu Sep 24 10:31:00 UTC 2026","passed","Thu Sep 24 10:31:12 UTC 2026","Application Navigation Smoke Tests","specs\Smoke\2-NavigationSmoke.spec.ts","",""
"","6282","Billing Reports sub-page loads correctly","msedge","Thu Sep 24 10:13:09 UTC 2026","passed","Thu Sep 24 10:13:16 UTC 2026","Application Navigation Smoke Tests","specs\Smoke\2-NavigationSmoke.spec.ts","",""
"","8912","Saved Filters dropdown is visible and defaults to no preset","chromium","Thu Sep 24 10:17:08 UTC 2026","passed","Thu Sep 24 10:17:16 UTC 2026","Presented Checks — Smoke","specs\Smoke\5-PresentedChecksSmoke.spec.ts","",""
"","16488","Issued Checks page loads correctly","webkit","Thu Sep 24 10:12:37 UTC 2026","passed","Thu Sep 24 10:12:54 UTC 2026","Application Navigation Smoke Tests","specs\Smoke\2-NavigationSmoke.spec.ts","",""
"","13760","Validate session persists after page refresh","firefox","Thu Sep 24 10:31:51 UTC 2026","passed","Thu Sep 24 10:32:05 UTC 2026","","specs\Smoke\1-LoginSmoke.spec.ts","",""
"","8542","Presented Checks breadcrumb link is visible on the page","msedge","Thu Sep 24 10:19:42 UTC 2026","passed","Thu Sep 24 10:19:50 UTC 2026","Presented Checks — Smoke (Continued)","specs\Smoke\5-PresentedChecksSmoke.spec.ts","",""
"","16569","Column filter popup applies a filter and Clear restores the full row set","firefox","Thu Sep 24 10:40:25 UTC 2026","passed","Thu Sep 24 10:40:42 UTC 2026","Presented Checks — Smoke (Continued)","specs\Smoke\5-PresentedChecksSmoke.spec.ts","",""
"","11998","Verify navigation to ACH via nav menu","firefox","Thu Sep 24 10:35:46 UTC 2026","passed","Thu Sep 24 10:35:58 UTC 2026","Home Dashboard","specs\Smoke\3-HomeDashboardSmoke.spec.ts","",""
"","25874","Save a filter preset, verify it is auto-selected, then delete it","firefox","Thu Sep 24 10:39:43 UTC 2026","passed","Thu Sep 24 10:40:09 UTC 2026","Presented Checks — Smoke (Continued)","specs\Smoke\5-PresentedChecksSmoke.spec.ts","",""
"","9633","Pay/Return decision badge navigates to exception history","msedge","Thu Sep 24 10:19:32 UTC 2026","passed","Thu Sep 24 10:19:42 UTC 2026","Presented Checks — Smoke (Continued)","specs\Smoke\5-PresentedChecksSmoke.spec.ts","",""
"","8386","Next page arrow advances to page 2","chromium","Thu Sep 24 10:20:33 UTC 2026","passed","Thu Sep 24 10:20:42 UTC 2026","Exceptions — Smoke","specs\Smoke\8-ExceptionsSmoke.spec.ts","",""
"","26593","Pay/Return decision badge navigates to exception history","firefox","Thu Sep 24 10:46:55 UTC 2026","passed","Thu Sep 24 10:47:21 UTC 2026","ACH — Smoke","specs\Smoke\7-ACHSmoke.spec.ts","",""
"","7563","Navigation tabs to Pre-Decisions, Approvals, and Exception History are visible","msedge","Thu Sep 24 10:22:37 UTC 2026","passed","Thu Sep 24 10:22:44 UTC 2026","Exceptions — Smoke (Continued)","specs\Smoke\8-ExceptionsSmoke.spec.ts","",""
"","8220","Automatic Check Decision Rules sub-page loads correctly","chromium","Thu Sep 24 10:13:54 UTC 2026","passed","Thu Sep 24 10:14:02 UTC 2026","Application Navigation Smoke Tests","specs\Smoke\2-NavigationSmoke.spec.ts","",""
"","8333","Clicking a column header sorts ascending, clicking again sorts descending","chromium","Thu Sep 24 10:18:47 UTC 2026","passed","Thu Sep 24 10:18:55 UTC 2026","Presented Checks — Smoke (Continued)","specs\Smoke\5-PresentedChecksSmoke.spec.ts","",""
"","9127","Excel export button is visible and enabled","chromium","Thu Sep 24 10:20:14 UTC 2026","passed","Thu Sep 24 10:20:24 UTC 2026","Exceptions — Smoke","specs\Smoke\8-ExceptionsSmoke.spec.ts","",""
"","15709","Typing a page number navigates to that page","firefox","Thu Sep 24 10:38:39 UTC 2026","passed","Thu Sep 24 10:38:55 UTC 2026","Presented Checks — Smoke","specs\Smoke\5-PresentedChecksSmoke.spec.ts","",""
"","17555","Search box filters grid and clears correctly","firefox","Thu Sep 24 10:37:22 UTC 2026","passed","Thu Sep 24 10:37:40 UTC 2026","Presented Checks — Smoke","specs\Smoke\5-PresentedChecksSmoke.spec.ts","",""
"","18427","Previous page button returns to page 1, First page button re-enables disabled state","firefox","Thu Sep 24 10:38:55 UTC 2026","passed","Thu Sep 24 10:39:14 UTC 2026","Issued Checks — Smoke","specs\Smoke\4-IssuedChecksSmoke.spec.ts","",""
"","16739","Users sub-page loads correctly","firefox","Thu Sep 24 10:32:26 UTC 2026","passed","Thu Sep 24 10:32:43 UTC 2026","Application Navigation Smoke Tests","specs\Smoke\2-NavigationSmoke.spec.ts","",""
"","8511","Billing Reports sub-page loads correctly","chromium","Thu Sep 24 10:13:16 UTC 2026","passed","Thu Sep 24 10:13:24 UTC 2026","Application Navigation Smoke Tests","specs\Smoke\2-NavigationSmoke.spec.ts","",""
"","18198","""Edit"" link on a row navigates to the check edit form","webkit","Thu Sep 24 10:25:52 UTC 2026","passed","Thu Sep 24 10:26:10 UTC 2026","Presented Checks — Smoke (Continued)","specs\Smoke\5-PresentedChecksSmoke.spec.ts","",""
"","16577","Verify navigation to Settings via nav menu","webkit","Thu Sep 24 10:20:39 UTC 2026","passed","Thu Sep 24 10:20:55 UTC 2026","Home Dashboard","specs\Smoke\3-HomeDashboardSmoke.spec.ts","",""
"","4059","Validate Login functionality with missingUsername","msedge","Thu Sep 24 10:12:21 UTC 2026","passed","Thu Sep 24 10:12:25 UTC 2026","","specs\Smoke\1-LoginSmoke.spec.ts","",""
"","8812","Last page arrow jumps to the final page","chromium","Thu Sep 24 10:16:11 UTC 2026","passed","Thu Sep 24 10:16:19 UTC 2026","Issued Checks — Smoke","specs\Smoke\4-IssuedChecksSmoke.spec.ts","",""
"","8156","Notification Log sub-page loads correctly","msedge","Thu Sep 24 10:14:14 UTC 2026","passed","Thu Sep 24 10:14:22 UTC 2026","Application Navigation Smoke Tests","specs\Smoke\2-NavigationSmoke.spec.ts","",""
"","12244","Verify navigation to Exceptions via nav menu","firefox","Thu Sep 24 10:35:58 UTC 2026","passed","Thu Sep 24 10:36:10 UTC 2026","Home Dashboard","specs\Smoke\3-HomeDashboardSmoke.spec.ts","",""
"","7656","Verify navigation to Settings via nav menu","msedge","Thu Sep 24 10:15:08 UTC 2026","passed","Thu Sep 24 10:15:16 UTC 2026","Home Dashboard","specs\Smoke\3-HomeDashboardSmoke.spec.ts","",""
"","16054","Last page arrow jumps to the final page","firefox","Thu Sep 24 10:43:20 UTC 2026","passed","Thu Sep 24 10:43:36 UTC 2026","Exceptions — Smoke","specs\Smoke\8-ExceptionsSmoke.spec.ts","",""
"","24606","Previous page button returns to page 1, First page button re-enables disabled state","webkit","Thu Sep 24 10:29:28 UTC 2026","passed","Thu Sep 24 10:29:52 UTC 2026","Exceptions — Smoke","specs\Smoke\8-ExceptionsSmoke.spec.ts","",""
"","12291","Decision Files sub-page loads correctly","firefox","Thu Sep 24 10:33:16 UTC 2026","passed","Thu Sep 24 10:33:29 UTC 2026","Application Navigation Smoke Tests","specs\Smoke\2-NavigationSmoke.spec.ts","",""
"","20213","Excel export button is visible and enabled","firefox","Thu Sep 24 10:43:04 UTC 2026","passed","Thu Sep 24 10:43:24 UTC 2026","ACH — Smoke","specs\Smoke\7-ACHSmoke.spec.ts","",""
"","7382","Notification Templates sub-page loads correctly","chromium","Thu Sep 24 10:13:47 UTC 2026","passed","Thu Sep 24 10:13:54 UTC 2026","Application Navigation Smoke Tests","specs\Smoke\2-NavigationSmoke.spec.ts","",""
"","16418","Last page arrow jumps to the final page","firefox","Thu Sep 24 10:43:55 UTC 2026","passed","Thu Sep 24 10:44:11 UTC 2026","ACH — Smoke","specs\Smoke\7-ACHSmoke.spec.ts","",""
"","5131","""View"" (Change Log) link on a row navigates to the entity log","msedge","Thu Sep 24 10:18:36 UTC 2026","passed","Thu Sep 24 10:18:41 UTC 2026","Issued Checks — Smoke (Continued)","specs\Smoke\4-IssuedChecksSmoke.spec.ts","",""
"","17721","Clicking a column header sorts ascending, clicking again sorts descending","firefox","Thu Sep 24 10:45:41 UTC 2026","passed","Thu Sep 24 10:45:59 UTC 2026","ACH — Smoke","specs\Smoke\7-ACHSmoke.spec.ts","",""
"","6394","System Log sub-page loads correctly","chromium","Thu Sep 24 10:14:40 UTC 2026","passed","Thu Sep 24 10:14:47 UTC 2026","Application Navigation Smoke Tests","specs\Smoke\2-NavigationSmoke.spec.ts","",""
"","7548","Verify ACH Only tab shows ACH-specific chart sections","chromium","Thu Sep 24 10:13:46 UTC 2026","passed","Thu Sep 24 10:13:53 UTC 2026","Home Dashboard","specs\Smoke\3-HomeDashboardSmoke.spec.ts","",""
"","6062","Saved Filters dropdown is visible and defaults to no preset","msedge","Thu Sep 24 10:17:07 UTC 2026","passed","Thu Sep 24 10:17:13 UTC 2026","Presented Checks — Smoke","specs\Smoke\5-PresentedChecksSmoke.spec.ts","",""
"","5145","Validate teller presented-check form shows all required fields","chromium","Thu Sep 24 10:18:02 UTC 2026","passed","Thu Sep 24 10:18:07 UTC 2026","Teller - Smoke","specs\Smoke\6-TellerSmoke.spec.ts","",""
"","14011","Search box filters grid and clears correctly","msedge","Thu Sep 24 10:15:45 UTC 2026","passed","Thu Sep 24 10:15:59 UTC 2026","Presented Checks — Smoke","specs\Smoke\5-PresentedChecksSmoke.spec.ts","",""
"","6569","Verify Combined View shows all chart sections","msedge","Thu Sep 24 10:13:15 UTC 2026","passed","Thu Sep 24 10:13:22 UTC 2026","Home Dashboard","specs\Smoke\3-HomeDashboardSmoke.spec.ts","",""
"","9213","Typing a page number navigates to that page","chromium","Thu Sep 24 10:16:46 UTC 2026","passed","Thu Sep 24 10:16:55 UTC 2026","Presented Checks — Smoke","specs\Smoke\5-PresentedChecksSmoke.spec.ts","",""
"","11131","Next page arrow advances to page 2","msedge","Thu Sep 24 10:16:22 UTC 2026","passed","Thu Sep 24 10:16:33 UTC 2026","Presented Checks — Smoke","specs\Smoke\5-PresentedChecksSmoke.spec.ts","",""
"","9961","Excel export button is visible and enabled","msedge","Thu Sep 24 10:15:39 UTC 2026","passed","Thu Sep 24 10:15:49 UTC 2026","Issued Checks — Smoke","specs\Smoke\4-IssuedChecksSmoke.spec.ts","",""
"","16918","Automatic Check Decision Rules sub-page loads correctly","webkit","Thu Sep 24 10:17:08 UTC 2026","passed","Thu Sep 24 10:17:24 UTC 2026","Application Navigation Smoke Tests","specs\Smoke\2-NavigationSmoke.spec.ts","",""
"","18539","ACH Approval Rules sub-page loads correctly","webkit","Thu Sep 24 10:17:59 UTC 2026","passed","Thu Sep 24 10:18:17 UTC 2026","Application Navigation Smoke Tests","specs\Smoke\2-NavigationSmoke.spec.ts","",""
"","8200","Verify dashboard tab checked state updates correctly","msedge","Thu Sep 24 10:13:36 UTC 2026","passed","Thu Sep 24 10:13:44 UTC 2026","Home Dashboard","specs\Smoke\3-HomeDashboardSmoke.spec.ts","",""
"","6631","ACH Approval Rules sub-page loads correctly","msedge","Thu Sep 24 10:14:07 UTC 2026","passed","Thu Sep 24 10:14:14 UTC 2026","Application Navigation Smoke Tests","specs\Smoke\2-NavigationSmoke.spec.ts","",""
"","11193","Grid loads with data rows and key column headers","msedge","Thu Sep 24 10:19:02 UTC 2026","passed","Thu Sep 24 10:19:13 UTC 2026","ACH — Smoke","specs\Smoke\7-ACHSmoke.spec.ts","",""
"","14519","Verify navigation to Settings via nav menu","firefox","Thu Sep 24 10:36:10 UTC 2026","passed","Thu Sep 24 10:36:25 UTC 2026","Home Dashboard","specs\Smoke\3-HomeDashboardSmoke.spec.ts","",""
"","16969","""View"" (Change Log) link on a row navigates to the entity log","firefox","Thu Sep 24 10:46:22 UTC 2026","passed","Thu Sep 24 10:46:39 UTC 2026","ACH — Smoke","specs\Smoke\7-ACHSmoke.spec.ts","",""
"","11838","Default Decision Log sub-page loads correctly","firefox","Thu Sep 24 10:35:21 UTC 2026","passed","Thu Sep 24 10:35:33 UTC 2026","Application Navigation Smoke Tests","specs\Smoke\2-NavigationSmoke.spec.ts","",""
"","12573","Previous page button returns to page 1, First page button re-enables disabled state","chromium","Thu Sep 24 10:16:55 UTC 2026","passed","Thu Sep 24 10:17:08 UTC 2026","Presented Checks — Smoke","specs\Smoke\5-PresentedChecksSmoke.spec.ts","",""
"","10733","Previous page button returns to page 1, First page button re-enables disabled state","chromium","Thu Sep 24 10:21:02 UTC 2026","passed","Thu Sep 24 10:21:13 UTC 2026","Exceptions — Smoke","specs\Smoke\8-ExceptionsSmoke.spec.ts","",""
"","9801","Pre-Decisions page loads with either records or the empty-state message","firefox","Thu Sep 24 10:47:36 UTC 2026","passed","Thu Sep 24 10:47:46 UTC 2026","Exceptions — Smoke (Continued)","specs\Smoke\8-ExceptionsSmoke.spec.ts","",""
"","11704","Saved Filters dropdown is visible and defaults to no preset","chromium","Thu Sep 24 10:21:13 UTC 2026","passed","Thu Sep 24 10:21:24 UTC 2026","Exceptions — Smoke","specs\Smoke\8-ExceptionsSmoke.spec.ts","",""
"","8163","Typing a page number navigates to that page","chromium","Thu Sep 24 10:16:19 UTC 2026","passed","Thu Sep 24 10:16:28 UTC 2026","Issued Checks — Smoke","specs\Smoke\4-IssuedChecksSmoke.spec.ts","",""
"","7265","Verify dashboard footer footnote and privacy link are visible","chromium","Thu Sep 24 10:14:40 UTC 2026","passed","Thu Sep 24 10:14:47 UTC 2026","Home Dashboard","specs\Smoke\3-HomeDashboardSmoke.spec.ts","",""
"","6561","Account Settings sub-page loads correctly","msedge","Thu Sep 24 10:12:34 UTC 2026","passed","Thu Sep 24 10:12:41 UTC 2026","Application Navigation Smoke Tests","specs\Smoke\2-NavigationSmoke.spec.ts","",""
"","5823","Clicking a column header sorts ascending, clicking again sorts descending","chromium","Thu Sep 24 10:21:52 UTC 2026","passed","Thu Sep 24 10:21:58 UTC 2026","Exceptions — Smoke (Continued)","specs\Smoke\8-ExceptionsSmoke.spec.ts","",""
"","14229","Saved Filters dropdown is visible and defaults to no preset","firefox","Thu Sep 24 10:39:14 UTC 2026","passed","Thu Sep 24 10:39:28 UTC 2026","Presented Checks — Smoke","specs\Smoke\5-PresentedChecksSmoke.spec.ts","",""
"","14257","Branding sub-page loads correctly","webkit","Thu Sep 24 10:15:29 UTC 2026","passed","Thu Sep 24 10:15:44 UTC 2026","Application Navigation Smoke Tests","specs\Smoke\2-NavigationSmoke.spec.ts","",""
"","11121","Validate Login functionality with xssInUsername","firefox","Thu Sep 24 10:31:12 UTC 2026","passed","Thu Sep 24 10:31:23 UTC 2026","","specs\Smoke\1-LoginSmoke.spec.ts","",""
"","14355","Notification Templates sub-page loads correctly","firefox","Thu Sep 24 10:33:52 UTC 2026","passed","Thu Sep 24 10:34:07 UTC 2026","Application Navigation Smoke Tests","specs\Smoke\2-NavigationSmoke.spec.ts","",""
"","14900","Default filter auto-applies after logout and re-login","firefox","Thu Sep 24 10:39:28 UTC 2026","skipped","Thu Sep 24 10:39:43 UTC 2026","Presented Checks — Default Filter (Serial)","specs\Smoke\5-PresentedChecksSmoke.spec.ts","",""
"","17308","Typing a page number navigates to that page","webkit","Thu Sep 24 10:23:24 UTC 2026","passed","Thu Sep 24 10:23:41 UTC 2026","Presented Checks — Smoke","specs\Smoke\5-PresentedChecksSmoke.spec.ts","",""
"","12273","Verify dashboard footer footnote and privacy link are visible","firefox","Thu Sep 24 10:34:36 UTC 2026","passed","Thu Sep 24 10:34:48 UTC 2026","Home Dashboard","specs\Smoke\3-HomeDashboardSmoke.spec.ts","",""
"","18567","""Uploaded Checks"" navigates to the uploads page","webkit","Thu Sep 24 10:21:33 UTC 2026","passed","Thu Sep 24 10:21:51 UTC 2026","Presented Checks — Smoke","specs\Smoke\5-PresentedChecksSmoke.spec.ts","",""
"","14776","Verify Combined View shows all chart sections","webkit","Thu Sep 24 10:16:07 UTC 2026","passed","Thu Sep 24 10:16:22 UTC 2026","Home Dashboard","specs\Smoke\3-HomeDashboardSmoke.spec.ts","",""
"","17730","Pay/Return decision badge navigates to exception history","webkit","Thu Sep 24 10:26:46 UTC 2026","passed","Thu Sep 24 10:27:04 UTC 2026","Presented Checks — Smoke (Continued)","specs\Smoke\5-PresentedChecksSmoke.spec.ts","",""
"","10923","Notification Log sub-page loads correctly","firefox","Thu Sep 24 10:35:10 UTC 2026","passed","Thu Sep 24 10:35:21 UTC 2026","Application Navigation Smoke Tests","specs\Smoke\2-NavigationSmoke.spec.ts","",""
"","4580","Validate forgot password functionality with No email","chromium","Thu Sep 24 10:12:56 UTC 2026","passed","Thu Sep 24 10:13:00 UTC 2026","","specs\Smoke\1-LoginSmoke.spec.ts","",""
"","12479","""Delete"" on a row shows a confirm modal; Cancel dismisses it without deleting","chromium","Thu Sep 24 10:20:59 UTC 2026","passed","Thu Sep 24 10:21:12 UTC 2026","ACH — Smoke","specs\Smoke\7-ACHSmoke.spec.ts","",""
"","8616","Saved Filters dropdown is visible and defaults to no preset","chromium","Thu Sep 24 10:19:44 UTC 2026","passed","Thu Sep 24 10:19:52 UTC 2026","ACH — Smoke","specs\Smoke\7-ACHSmoke.spec.ts","",""
"","4789","Validate Login functionality with xssInUsername","chromium","Thu Sep 24 10:12:41 UTC 2026","passed","Thu Sep 24 10:12:46 UTC 2026","","specs\Smoke\1-LoginSmoke.spec.ts","",""
"","7730","Excel export button is visible and enabled","msedge","Thu Sep 24 10:19:43 UTC 2026","passed","Thu Sep 24 10:19:50 UTC 2026","ACH — Smoke","specs\Smoke\7-ACHSmoke.spec.ts","",""
"","12502","Search box filters grid and clears correctly","chromium","Thu Sep 24 10:18:35 UTC 2026","passed","Thu Sep 24 10:18:48 UTC 2026","ACH — Smoke","specs\Smoke\7-ACHSmoke.spec.ts","",""
"","11935","Billing Reports sub-page loads correctly","firefox","Thu Sep 24 10:33:04 UTC 2026","passed","Thu Sep 24 10:33:16 UTC 2026","Application Navigation Smoke Tests","specs\Smoke\2-NavigationSmoke.spec.ts","",""
"","12203","Excel export button is visible and enabled","firefox","Thu Sep 24 10:37:40 UTC 2026","passed","Thu Sep 24 10:37:52 UTC 2026","Presented Checks — Smoke","specs\Smoke\5-PresentedChecksSmoke.spec.ts","",""
"","7556","Account Settings sub-page loads correctly","chromium","Thu Sep 24 10:12:38 UTC 2026","passed","Thu Sep 24 10:12:46 UTC 2026","Application Navigation Smoke Tests","specs\Smoke\2-NavigationSmoke.spec.ts","",""
"","8051","Page size change to 10 updates pagination info in bottom-right pager","msedge","Thu Sep 24 10:20:24 UTC 2026","passed","Thu Sep 24 10:20:32 UTC 2026","Exceptions — Smoke","specs\Smoke\8-ExceptionsSmoke.spec.ts","",""
"","20492","Excel export button is visible and enabled","firefox","Thu Sep 24 10:37:27 UTC 2026","passed","Thu Sep 24 10:37:48 UTC 2026","Issued Checks — Smoke","specs\Smoke\4-IssuedChecksSmoke.spec.ts","",""
"","17703","Navigation tabs to Pre-Decisions, Approvals, and Exception History are visible","webkit","Thu Sep 24 10:32:29 UTC 2026","passed","Thu Sep 24 10:32:46 UTC 2026","Exceptions — Smoke (Continued)","specs\Smoke\8-ExceptionsSmoke.spec.ts","",""
"","18777","Previous page button returns to page 1, First page button re-enables disabled state","firefox","Thu Sep 24 10:38:55 UTC 2026","passed","Thu Sep 24 10:39:14 UTC 2026","Presented Checks — Smoke","specs\Smoke\5-PresentedChecksSmoke.spec.ts","",""
"","9857","Save a filter preset, verify it is auto-selected, then delete it","msedge","Thu Sep 24 10:18:02 UTC 2026","passed","Thu Sep 24 10:18:11 UTC 2026","Issued Checks — Smoke (Continued)","specs\Smoke\4-IssuedChecksSmoke.spec.ts","",""
"","4256","Validate Login functionality with invalidEmailFormat","msedge","Thu Sep 24 10:12:08 UTC 2026","passed","Thu Sep 24 10:12:12 UTC 2026","","specs\Smoke\1-LoginSmoke.spec.ts","",""
"","13289","Save a filter preset, verify it is auto-selected, then delete it","chromium","Thu Sep 24 10:20:14 UTC 2026","passed","Thu Sep 24 10:20:27 UTC 2026","ACH — Smoke","specs\Smoke\7-ACHSmoke.spec.ts","",""
"","14522","ACH Approval Rules sub-page loads correctly","firefox","Thu Sep 24 10:34:56 UTC 2026","passed","Thu Sep 24 10:35:10 UTC 2026","Application Navigation Smoke Tests","specs\Smoke\2-NavigationSmoke.spec.ts","",""
"","4443","Approvals page loads with either records or the empty-state message","chromium","Thu Sep 24 10:23:06 UTC 2026","passed","Thu Sep 24 10:23:10 UTC 2026","Exceptions — Smoke (Continued)","specs\Smoke\8-ExceptionsSmoke.spec.ts","",""
"","15288","""Delete"" on a row shows a confirm modal; Cancel dismisses it without deleting","firefox","Thu Sep 24 10:46:39 UTC 2026","passed","Thu Sep 24 10:46:55 UTC 2026","ACH — Smoke","specs\Smoke\7-ACHSmoke.spec.ts","",""
"","9485","""Delete"" on a row shows a confirm modal; Cancel dismisses it without deleting","chromium","Thu Sep 24 10:19:23 UTC 2026","passed","Thu Sep 24 10:19:33 UTC 2026","Presented Checks — Smoke (Continued)","specs\Smoke\5-PresentedChecksSmoke.spec.ts","",""
"","20312","Verify Home dashboard is restored after returning from another page","firefox","Thu Sep 24 10:34:59 UTC 2026","passed","Thu Sep 24 10:35:19 UTC 2026","Home Dashboard","specs\Smoke\3-HomeDashboardSmoke.spec.ts","",""
"","5221","Issued Checks breadcrumb link is visible on the page","chromium","Thu Sep 24 10:17:57 UTC 2026","passed","Thu Sep 24 10:18:02 UTC 2026","Issued Checks — Smoke (Continued)","specs\Smoke\4-IssuedChecksSmoke.spec.ts","",""
"","7728","Verify delayed data note and force refresh link are visible on dashboard","chromium","Thu Sep 24 10:14:32 UTC 2026","passed","Thu Sep 24 10:14:40 UTC 2026","Home Dashboard","specs\Smoke\3-HomeDashboardSmoke.spec.ts","",""
"","4615","Validate forgot password functionality with No email","msedge","Thu Sep 24 10:12:42 UTC 2026","passed","Thu Sep 24 10:12:47 UTC 2026","","specs\Smoke\1-LoginSmoke.spec.ts","",""
"","7695","File Formats sub-page loads correctly","chromium","Thu Sep 24 10:13:39 UTC 2026","passed","Thu Sep 24 10:13:46 UTC 2026","Application Navigation Smoke Tests","specs\Smoke\2-NavigationSmoke.spec.ts","",""
"","12929","System Log sub-page loads correctly","firefox","Thu Sep 24 10:35:33 UTC 2026","passed","Thu Sep 24 10:35:46 UTC 2026","Application Navigation Smoke Tests","specs\Smoke\2-NavigationSmoke.spec.ts","",""
"","16087","Save a filter preset, verify it is auto-selected, then delete it","msedge","Thu Sep 24 10:21:34 UTC 2026","passed","Thu Sep 24 10:21:50 UTC 2026","Exceptions — Smoke (Continued)","specs\Smoke\8-ExceptionsSmoke.spec.ts","",""
"","19326","Grid loads with data rows and key column headers","webkit","Thu Sep 24 10:26:38 UTC 2026","passed","Thu Sep 24 10:26:57 UTC 2026","ACH — Smoke","specs\Smoke\7-ACHSmoke.spec.ts","",""
"","11045","Next page arrow advances to page 2","msedge","Thu Sep 24 10:20:32 UTC 2026","passed","Thu Sep 24 10:20:43 UTC 2026","Exceptions — Smoke","specs\Smoke\8-ExceptionsSmoke.spec.ts","",""
"","9913","""+ Add ACH"" navigates to the add-ACH form","msedge","Thu Sep 24 10:19:13 UTC 2026","passed","Thu Sep 24 10:19:23 UTC 2026","ACH — Smoke","specs\Smoke\7-ACHSmoke.spec.ts","",""
"","18097","""Delete"" on a row shows a confirm modal; Cancel dismisses it without deleting","firefox","Thu Sep 24 10:41:08 UTC 2026","passed","Thu Sep 24 10:41:26 UTC 2026","Issued Checks — Smoke (Continued)","specs\Smoke\4-IssuedChecksSmoke.spec.ts","",""
"","7264","API link is visible and points to swagger","msedge","Thu Sep 24 10:14:44 UTC 2026","passed","Thu Sep 24 10:14:51 UTC 2026","Application Navigation Smoke Tests","specs\Smoke\2-NavigationSmoke.spec.ts","",""
"","23733","Teller page loads correctly","webkit","Thu Sep 24 10:13:10 UTC 2026","passed","Thu Sep 24 10:13:34 UTC 2026","Application Navigation Smoke Tests","specs\Smoke\2-NavigationSmoke.spec.ts","",""
"","8065","""View"" (Change Log) link on a row navigates to the entity log","chromium","Thu Sep 24 10:20:51 UTC 2026","passed","Thu Sep 24 10:20:59 UTC 2026","ACH — Smoke","specs\Smoke\7-ACHSmoke.spec.ts","",""
"","13492","Account Settings sub-page loads correctly","webkit","Thu Sep 24 10:14:29 UTC 2026","passed","Thu Sep 24 10:14:43 UTC 2026","Application Navigation Smoke Tests","specs\Smoke\2-NavigationSmoke.spec.ts","",""
"","31596","Save a filter preset, verify it is auto-selected, then delete it","webkit","Thu Sep 24 10:30:23 UTC 2026","passed","Thu Sep 24 10:30:55 UTC 2026","Exceptions — Smoke (Continued)","specs\Smoke\8-ExceptionsSmoke.spec.ts","",""
"","10655","Exception History grid loads with data rows and key column headers","chromium","Thu Sep 24 10:19:52 UTC 2026","passed","Thu Sep 24 10:20:02 UTC 2026","Exceptions — Smoke","specs\Smoke\8-ExceptionsSmoke.spec.ts","",""
"","9465","Last page arrow jumps to the final page","msedge","Thu Sep 24 10:20:14 UTC 2026","passed","Thu Sep 24 10:20:23 UTC 2026","ACH — Smoke","specs\Smoke\7-ACHSmoke.spec.ts","",""
"","8118","Validate forgot password functionality with No email","firefox","Thu Sep 24 10:31:37 UTC 2026","passed","Thu Sep 24 10:31:45 UTC 2026","","specs\Smoke\1-LoginSmoke.spec.ts","",""
"","24009","""Uploaded Checks"" navigates to the uploads page","firefox","Thu Sep 24 10:36:58 UTC 2026","passed","Thu Sep 24 10:37:22 UTC 2026","Presented Checks — Smoke","specs\Smoke\5-PresentedChecksSmoke.spec.ts","",""
"","9699","Column filter popup applies a filter and Clear restores the full row set","msedge","Thu Sep 24 10:21:27 UTC 2026","passed","Thu Sep 24 10:21:37 UTC 2026","ACH — Smoke","specs\Smoke\7-ACHSmoke.spec.ts","",""
"","16487","Search box filters grid and clears correctly","firefox","Thu Sep 24 10:42:15 UTC 2026","passed","Thu Sep 24 10:42:31 UTC 2026","Exceptions — Smoke","specs\Smoke\8-ExceptionsSmoke.spec.ts","",""
"","16952","Verify ACH Only tab shows ACH-specific chart sections","firefox","Thu Sep 24 10:33:01 UTC 2026","passed","Thu Sep 24 10:33:18 UTC 2026","Home Dashboard","specs\Smoke\3-HomeDashboardSmoke.spec.ts","",""
"","18628","Default Decision Log sub-page loads correctly","webkit","Thu Sep 24 10:18:38 UTC 2026","passed","Thu Sep 24 10:18:56 UTC 2026","Application Navigation Smoke Tests","specs\Smoke\2-NavigationSmoke.spec.ts","",""
"","16754","Holiday Schedules sub-page loads correctly","webkit","Thu Sep 24 10:16:16 UTC 2026","passed","Thu Sep 24 10:16:33 UTC 2026","Application Navigation Smoke Tests","specs\Smoke\2-NavigationSmoke.spec.ts","",""
"","10040","Validate teller presented-check form shows all required fields","msedge","Thu Sep 24 10:18:52 UTC 2026","passed","Thu Sep 24 10:19:02 UTC 2026","Teller - Smoke","specs\Smoke\6-TellerSmoke.spec.ts","",""
"","5036","Validate unauthenticated access to protected route is redirected to login","msedge","Thu Sep 24 10:12:57 UTC 2026","passed","Thu Sep 24 10:13:02 UTC 2026","","specs\Smoke\1-LoginSmoke.spec.ts","",""
"","18515","""+ Add ACH"" navigates to the add-ACH form","webkit","Thu Sep 24 10:26:57 UTC 2026","passed","Thu Sep 24 10:27:16 UTC 2026","ACH — Smoke","specs\Smoke\7-ACHSmoke.spec.ts","",""
"","8247","Notification Templates sub-page loads correctly","msedge","Thu Sep 24 10:13:37 UTC 2026","passed","Thu Sep 24 10:13:45 UTC 2026","Application Navigation Smoke Tests","specs\Smoke\2-NavigationSmoke.spec.ts","",""
"","15472","Users sub-page loads correctly","webkit","Thu Sep 24 10:14:57 UTC 2026","passed","Thu Sep 24 10:15:12 UTC 2026","Application Navigation Smoke Tests","specs\Smoke\2-NavigationSmoke.spec.ts","",""
"","6832","Verify navigation to Exceptions via nav menu","chromium","Thu Sep 24 10:15:21 UTC 2026","passed","Thu Sep 24 10:15:28 UTC 2026","Home Dashboard","specs\Smoke\3-HomeDashboardSmoke.spec.ts","",""
"","18383","Excel export button is visible and enabled","firefox","Thu Sep 24 10:42:31 UTC 2026","passed","Thu Sep 24 10:42:50 UTC 2026","Exceptions — Smoke","specs\Smoke\8-ExceptionsSmoke.spec.ts","",""
"","6743","Validate Login functionality with caseSensitiveEmail","chromium","Thu Sep 24 10:11:57 UTC 2026","passed","Thu Sep 24 10:12:03 UTC 2026","","specs\Smoke\1-LoginSmoke.spec.ts","",""
"","18959","Automatic ACH Decision Rules sub-page loads correctly","webkit","Thu Sep 24 10:17:40 UTC 2026","passed","Thu Sep 24 10:17:59 UTC 2026","Application Navigation Smoke Tests","specs\Smoke\2-NavigationSmoke.spec.ts","",""
"","18726","Verify tab-specific charts are hidden for opposite tab","webkit","Thu Sep 24 10:17:29 UTC 2026","passed","Thu Sep 24 10:17:48 UTC 2026","Home Dashboard","specs\Smoke\3-HomeDashboardSmoke.spec.ts","",""
"","5264","Verify navigation to ACH via nav menu","msedge","Thu Sep 24 10:14:58 UTC 2026","passed","Thu Sep 24 10:15:03 UTC 2026","Home Dashboard","specs\Smoke\3-HomeDashboardSmoke.spec.ts","",""
"","16966","Verify navigation to Presented Checks via nav menu","webkit","Thu Sep 24 10:19:51 UTC 2026","passed","Thu Sep 24 10:20:08 UTC 2026","Home Dashboard","specs\Smoke\3-HomeDashboardSmoke.spec.ts","",""
"","10142","""+ Add Check"" navigates to the add-check form","msedge","Thu Sep 24 10:15:24 UTC 2026","passed","Thu Sep 24 10:15:35 UTC 2026","Presented Checks — Smoke","specs\Smoke\5-PresentedChecksSmoke.spec.ts","",""
"","18925","Grid loads with data rows and key column headers","webkit","Thu Sep 24 10:20:10 UTC 2026","passed","Thu Sep 24 10:20:29 UTC 2026","Issued Checks — Smoke","specs\Smoke\4-IssuedChecksSmoke.spec.ts","",""
"","20289","Decision badge on an already-reviewed row is blocked with a system message","webkit","Thu Sep 24 10:31:52 UTC 2026","passed","Thu Sep 24 10:32:12 UTC 2026","Exceptions — Smoke (Continued)","specs\Smoke\8-ExceptionsSmoke.spec.ts","",""
"","13768","Validate teller presented-check form shows all required fields","firefox","Thu Sep 24 10:41:42 UTC 2026","passed","Thu Sep 24 10:41:56 UTC 2026","Teller - Smoke","specs\Smoke\6-TellerSmoke.spec.ts","",""
"","15999","Issued Checks breadcrumb link is visible on the page","firefox","Thu Sep 24 10:41:26 UTC 2026","passed","Thu Sep 24 10:41:42 UTC 2026","Issued Checks — Smoke (Continued)","specs\Smoke\4-IssuedChecksSmoke.spec.ts","",""
"","7227","Roles/Permissions sub-page loads correctly","msedge","Thu Sep 24 10:12:56 UTC 2026","passed","Thu Sep 24 10:13:03 UTC 2026","Application Navigation Smoke Tests","specs\Smoke\2-NavigationSmoke.spec.ts","",""
"","17021","Excel export button is visible and enabled","webkit","Thu Sep 24 10:22:12 UTC 2026","passed","Thu Sep 24 10:22:29 UTC 2026","Presented Checks — Smoke","specs\Smoke\5-PresentedChecksSmoke.spec.ts","",""
"","12159","Search box filters grid and clears correctly","chromium","Thu Sep 24 10:20:02 UTC 2026","passed","Thu Sep 24 10:20:14 UTC 2026","Exceptions — Smoke","specs\Smoke\8-ExceptionsSmoke.spec.ts","",""
"","6830","Verify Combined View shows all chart sections","chromium","Thu Sep 24 10:13:31 UTC 2026","passed","Thu Sep 24 10:13:38 UTC 2026","Home Dashboard","specs\Smoke\3-HomeDashboardSmoke.spec.ts","",""
"","15868","Decision Files sub-page loads correctly","webkit","Thu Sep 24 10:16:00 UTC 2026","passed","Thu Sep 24 10:16:16 UTC 2026","Application Navigation Smoke Tests","specs\Smoke\2-NavigationSmoke.spec.ts","",""
"","7336","Automatic ACH Decision Rules sub-page loads correctly","chromium","Thu Sep 24 10:14:11 UTC 2026","passed","Thu Sep 24 10:14:19 UTC 2026","Application Navigation Smoke Tests","specs\Smoke\2-NavigationSmoke.spec.ts","",""
"","11127","Search box filters grid and clears correctly","msedge","Thu Sep 24 10:20:03 UTC 2026","passed","Thu Sep 24 10:20:14 UTC 2026","Exceptions — Smoke","specs\Smoke\8-ExceptionsSmoke.spec.ts","",""
"","16516","Home page is accessible and shows dashboard","firefox","Thu Sep 24 10:30:07 UTC 2026","passed","Thu Sep 24 10:30:24 UTC 2026","Application Navigation Smoke Tests","specs\Smoke\2-NavigationSmoke.spec.ts","",""
"","9832","Verify delayed data note and force refresh link are visible on dashboard","firefox","Thu Sep 24 10:34:26 UTC 2026","passed","Thu Sep 24 10:34:36 UTC 2026","Home Dashboard","specs\Smoke\3-HomeDashboardSmoke.spec.ts","",""
"","7408","Issued Checks page loads correctly","chromium","Thu Sep 24 10:11:57 UTC 2026","passed","Thu Sep 24 10:12:05 UTC 2026","Application Navigation Smoke Tests","specs\Smoke\2-NavigationSmoke.spec.ts","",""
"","10227","Last page arrow jumps to the final page","chromium","Thu Sep 24 10:20:42 UTC 2026","passed","Thu Sep 24 10:20:52 UTC 2026","Exceptions — Smoke","specs\Smoke\8-ExceptionsSmoke.spec.ts","",""
"","14828","Previous page button returns to page 1, First page button re-enables disabled state","msedge","Thu Sep 24 10:21:02 UTC 2026","passed","Thu Sep 24 10:21:17 UTC 2026","Exceptions — Smoke","specs\Smoke\8-ExceptionsSmoke.spec.ts","",""
"","7883","Issued Checks page loads correctly","msedge","Thu Sep 24 10:11:54 UTC 2026","passed","Thu Sep 24 10:12:02 UTC 2026","Application Navigation Smoke Tests","specs\Smoke\2-NavigationSmoke.spec.ts","",""
"","5070","Validate Login functionality with missingPassword","chromium","Thu Sep 24 10:12:26 UTC 2026","passed","Thu Sep 24 10:12:31 UTC 2026","","specs\Smoke\1-LoginSmoke.spec.ts","",""
"","7107","Open Exceptions page loads with either exception cards or the empty-state message","msedge","Thu Sep 24 10:22:44 UTC 2026","passed","Thu Sep 24 10:22:52 UTC 2026","Exceptions — Smoke (Continued)","specs\Smoke\8-ExceptionsSmoke.spec.ts","",""
"","21621","Default filter auto-applies after logout and re-login","chromium","Thu Sep 24 10:19:52 UTC 2026","passed","Thu Sep 24 10:20:14 UTC 2026","ACH — Smoke","specs\Smoke\7-ACHSmoke.spec.ts","",""
"","6834","Verify Check Only tab shows Check-specific chart sections","msedge","Thu Sep 24 10:13:22 UTC 2026","passed","Thu Sep 24 10:13:29 UTC 2026","Home Dashboard","specs\Smoke\3-HomeDashboardSmoke.spec.ts","",""
"","16986","Excel export button is visible and enabled","webkit","Thu Sep 24 10:27:57 UTC 2026","passed","Thu Sep 24 10:28:14 UTC 2026","Exceptions — Smoke","specs\Smoke\8-ExceptionsSmoke.spec.ts","",""
"","5365","Saved Filters dropdown is visible and defaults to no preset","msedge","Thu Sep 24 10:17:50 UTC 2026","passed","Thu Sep 24 10:17:56 UTC 2026","Issued Checks — Smoke","specs\Smoke\4-IssuedChecksSmoke.spec.ts","",""
"","5603","Validate Login functionality with incorrectUsername","firefox","Thu Sep 24 10:30:40 UTC 2026","passed","Thu Sep 24 10:30:46 UTC 2026","","specs\Smoke\1-LoginSmoke.spec.ts","",""
"","7039","ACH Approval Rules sub-page loads correctly","chromium","Thu Sep 24 10:14:19 UTC 2026","passed","Thu Sep 24 10:14:26 UTC 2026","Application Navigation Smoke Tests","specs\Smoke\2-NavigationSmoke.spec.ts","",""
"","6155","Roles/Permissions sub-page loads correctly","chromium","Thu Sep 24 10:13:00 UTC 2026","passed","Thu Sep 24 10:13:07 UTC 2026","Application Navigation Smoke Tests","specs\Smoke\2-NavigationSmoke.spec.ts","",""
"","8580","Verify tab-specific charts are hidden for opposite tab","chromium","Thu Sep 24 10:14:11 UTC 2026","passed","Thu Sep 24 10:14:19 UTC 2026","Home Dashboard","specs\Smoke\3-HomeDashboardSmoke.spec.ts","",""
"","13816","Search box filters grid and clears correctly","firefox","Thu Sep 24 10:37:13 UTC 2026","passed","Thu Sep 24 10:37:27 UTC 2026","Issued Checks — Smoke","specs\Smoke\4-IssuedChecksSmoke.spec.ts","",""
"","10180","Saved Filters dropdown is visible and defaults to no preset","msedge","Thu Sep 24 10:21:17 UTC 2026","passed","Thu Sep 24 10:21:27 UTC 2026","Exceptions — Smoke","specs\Smoke\8-ExceptionsSmoke.spec.ts","",""
"","8508","Verify Total Exceptions and Total Exception Amount labels are visible","firefox","Thu Sep 24 10:34:04 UTC 2026","passed","Thu Sep 24 10:34:12 UTC 2026","Home Dashboard","specs\Smoke\3-HomeDashboardSmoke.spec.ts","",""
"","15169","""+ Add Check"" navigates to the add-check form","firefox","Thu Sep 24 10:36:43 UTC 2026","passed","Thu Sep 24 10:36:58 UTC 2026","Presented Checks — Smoke","specs\Smoke\5-PresentedChecksSmoke.spec.ts","",""
"","9638","""Uploaded Checks"" navigates to the uploads page","chromium","Thu Sep 24 10:15:51 UTC 2026","passed","Thu Sep 24 10:16:01 UTC 2026","Presented Checks — Smoke","specs\Smoke\5-PresentedChecksSmoke.spec.ts","",""
"","17908","Clicking a column header sorts ascending, clicking again sorts descending","webkit","Thu Sep 24 10:24:28 UTC 2026","passed","Thu Sep 24 10:24:46 UTC 2026","Issued Checks — Smoke (Continued)","specs\Smoke\4-IssuedChecksSmoke.spec.ts","",""
"","22689","Previous page button returns to page 1, First page button re-enables disabled state","webkit","Thu Sep 24 10:23:41 UTC 2026","passed","Thu Sep 24 10:24:04 UTC 2026","Presented Checks — Smoke","specs\Smoke\5-PresentedChecksSmoke.spec.ts","",""
"","7313","Web Hooks sub-page loads correctly","msedge","Thu Sep 24 10:14:51 UTC 2026","passed","Thu Sep 24 10:14:59 UTC 2026","Application Navigation Smoke Tests","specs\Smoke\2-NavigationSmoke.spec.ts","",""
"","13215","API link is visible and points to swagger","firefox","Thu Sep 24 10:36:00 UTC 2026","passed","Thu Sep 24 10:36:13 UTC 2026","Application Navigation Smoke Tests","specs\Smoke\2-NavigationSmoke.spec.ts","",""
"","9694","Next page arrow advances to page 2","chromium","Thu Sep 24 10:16:28 UTC 2026","passed","Thu Sep 24 10:16:37 UTC 2026","Presented Checks — Smoke","specs\Smoke\5-PresentedChecksSmoke.spec.ts","",""
"","13353","ACH page loads correctly","firefox","Thu Sep 24 10:31:12 UTC 2026","passed","Thu Sep 24 10:31:25 UTC 2026","Application Navigation Smoke Tests","specs\Smoke\2-NavigationSmoke.spec.ts","",""
"","17090","Validate teller presented-check form shows all required fields","webkit","Thu Sep 24 10:26:21 UTC 2026","passed","Thu Sep 24 10:26:38 UTC 2026","Teller - Smoke","specs\Smoke\6-TellerSmoke.spec.ts","",""
"","6792","Exceptions page loads correctly","chromium","Thu Sep 24 10:12:26 UTC 2026","passed","Thu Sep 24 10:12:32 UTC 2026","Application Navigation Smoke Tests","specs\Smoke\2-NavigationSmoke.spec.ts","",""
"","6073","Settings page loads correctly","chromium","Thu Sep 24 10:12:32 UTC 2026","passed","Thu Sep 24 10:12:38 UTC 2026","Application Navigation Smoke Tests","specs\Smoke\2-NavigationSmoke.spec.ts","",""
"","9220","""Uploaded ACH"" navigates to the uploads page","msedge","Thu Sep 24 10:19:23 UTC 2026","passed","Thu Sep 24 10:19:33 UTC 2026","ACH — Smoke","specs\Smoke\7-ACHSmoke.spec.ts","",""
"","5565","Validate Login functionality with emptyFields","chromium","Thu Sep 24 10:12:20 UTC 2026","passed","Thu Sep 24 10:12:26 UTC 2026","","specs\Smoke\1-LoginSmoke.spec.ts","",""
"","23251","Column filter popup applies a filter and Clear restores the full row set","webkit","Thu Sep 24 10:25:28 UTC 2026","passed","Thu Sep 24 10:25:52 UTC 2026","Presented Checks — Smoke (Continued)","specs\Smoke\5-PresentedChecksSmoke.spec.ts","",""
"","7175","Default filter auto-applies after logout and re-login","msedge","Thu Sep 24 10:21:27 UTC 2026","skipped","Thu Sep 24 10:21:34 UTC 2026","Exceptions — Default Filter (Serial)","specs\Smoke\8-ExceptionsSmoke.spec.ts","",""
"","8733","Save a filter preset, verify it is auto-selected, then delete it","chromium","Thu Sep 24 10:21:43 UTC 2026","passed","Thu Sep 24 10:21:52 UTC 2026","Exceptions — Smoke (Continued)","specs\Smoke\8-ExceptionsSmoke.spec.ts","",""
"","15217","Default filter auto-applies after logout and re-login","firefox","Thu Sep 24 10:39:28 UTC 2026","skipped","Thu Sep 24 10:39:43 UTC 2026","Issued Checks — Default Filter (Serial)","specs\Smoke\4-IssuedChecksSmoke.spec.ts","",""
"","6715","Default Decision Log sub-page loads correctly","msedge","Thu Sep 24 10:14:22 UTC 2026","passed","Thu Sep 24 10:14:29 UTC 2026","Application Navigation Smoke Tests","specs\Smoke\2-NavigationSmoke.spec.ts","",""
"","19228","""Delete"" on a row shows a confirm modal; Cancel dismisses it without deleting","webkit","Thu Sep 24 10:25:45 UTC 2026","passed","Thu Sep 24 10:26:04 UTC 2026","Issued Checks — Smoke (Continued)","specs\Smoke\4-IssuedChecksSmoke.spec.ts","",""
"","7641","ACH breadcrumb link is visible on the page","chromium","Thu Sep 24 10:21:24 UTC 2026","passed","Thu Sep 24 10:21:31 UTC 2026","ACH — Smoke","specs\Smoke\7-ACHSmoke.spec.ts","",""
"","4803","Validate unauthenticated access to protected route is redirected to login","firefox","Thu Sep 24 10:32:05 UTC 2026","passed","Thu Sep 24 10:32:10 UTC 2026","","specs\Smoke\1-LoginSmoke.spec.ts","",""
"","7351","System Log sub-page loads correctly","msedge","Thu Sep 24 10:14:29 UTC 2026","passed","Thu Sep 24 10:14:36 UTC 2026","Application Navigation Smoke Tests","specs\Smoke\2-NavigationSmoke.spec.ts","",""
"","17761","Web Hooks sub-page loads correctly","webkit","Thu Sep 24 10:19:52 UTC 2026","passed","Thu Sep 24 10:20:10 UTC 2026","Application Navigation Smoke Tests","specs\Smoke\2-NavigationSmoke.spec.ts","",""
"","11165","Validate forgot password with unregistered email","webkit","Thu Sep 24 10:15:02 UTC 2026","passed","Thu Sep 24 10:15:13 UTC 2026","","specs\Smoke\1-LoginSmoke.spec.ts","",""
"","5512","Validate Login functionality with missingPassword","firefox","Thu Sep 24 10:30:57 UTC 2026","passed","Thu Sep 24 10:31:02 UTC 2026","","specs\Smoke\1-LoginSmoke.spec.ts","",""
"","12005","Column filter popup applies a filter and Clear restores the full row set","msedge","Thu Sep 24 10:18:53 UTC 2026","passed","Thu Sep 24 10:19:05 UTC 2026","Presented Checks — Smoke (Continued)","specs\Smoke\5-PresentedChecksSmoke.spec.ts","",""
"","13912","File Processing sub-page loads correctly","firefox","Thu Sep 24 10:35:46 UTC 2026","passed","Thu Sep 24 10:36:00 UTC 2026","Application Navigation Smoke Tests","specs\Smoke\2-NavigationSmoke.spec.ts","",""
"","20392","Validate Login functionality with missingPassword","webkit","Thu Sep 24 10:13:40 UTC 2026","passed","Thu Sep 24 10:14:00 UTC 2026","","specs\Smoke\1-LoginSmoke.spec.ts","",""
"","18741","Last page arrow jumps to the final page","webkit","Thu Sep 24 10:28:49 UTC 2026","passed","Thu Sep 24 10:29:08 UTC 2026","Exceptions — Smoke","specs\Smoke\8-ExceptionsSmoke.spec.ts","",""
"","12136","Home page is accessible and shows dashboard","msedge","Thu Sep 24 10:11:42 UTC 2026","passed","Thu Sep 24 10:11:54 UTC 2026","Application Navigation Smoke Tests","specs\Smoke\2-NavigationSmoke.spec.ts","",""
"","12716","Verify navigation to Presented Checks via nav menu","firefox","Thu Sep 24 10:35:33 UTC 2026","passed","Thu Sep 24 10:35:46 UTC 2026","Home Dashboard","specs\Smoke\3-HomeDashboardSmoke.spec.ts","",""
"","7524","""View"" link on a row opens the Exception Details dialog","chromium","Thu Sep 24 10:22:26 UTC 2026","passed","Thu Sep 24 10:22:33 UTC 2026","Exceptions — Smoke (Continued)","specs\Smoke\8-ExceptionsSmoke.spec.ts","",""
"","24749","Previous page button returns to page 1, First page button re-enables disabled state","webkit","Thu Sep 24 10:29:28 UTC 2026","passed","Thu Sep 24 10:29:53 UTC 2026","ACH — Smoke","specs\Smoke\7-ACHSmoke.spec.ts","",""
"","6385","Column filter menu applies a filter and Clear restores the full row set","chromium","Thu Sep 24 10:21:58 UTC 2026","passed","Thu Sep 24 10:22:04 UTC 2026","Exceptions — Smoke (Continued)","specs\Smoke\8-ExceptionsSmoke.spec.ts","",""
"","6885","Decision Files sub-page loads correctly","msedge","Thu Sep 24 10:13:16 UTC 2026","passed","Thu Sep 24 10:13:23 UTC 2026","Application Navigation Smoke Tests","specs\Smoke\2-NavigationSmoke.spec.ts","",""
"","9909","Branding sub-page loads correctly","firefox","Thu Sep 24 10:32:55 UTC 2026","passed","Thu Sep 24 10:33:04 UTC 2026","Application Navigation Smoke Tests","specs\Smoke\2-NavigationSmoke.spec.ts","",""
"","3693","Validate forgot password functionality","msedge","Thu Sep 24 10:12:38 UTC 2026","passed","Thu Sep 24 10:12:42 UTC 2026","","specs\Smoke\1-LoginSmoke.spec.ts","",""
"","4465","Validate Login functionality with incorrectPassword","msedge","Thu Sep 24 10:11:59 UTC 2026","passed","Thu Sep 24 10:12:03 UTC 2026","","specs\Smoke\1-LoginSmoke.spec.ts","",""
"","17058","""View"" (Change Log) link on a row navigates to the entity log","webkit","Thu Sep 24 10:26:10 UTC 2026","passed","Thu Sep 24 10:26:27 UTC 2026","Presented Checks — Smoke (Continued)","specs\Smoke\5-PresentedChecksSmoke.spec.ts","",""
"","4321","Validate Login functionality with invalidEmailFormat","chromium","Thu Sep 24 10:12:16 UTC 2026","passed","Thu Sep 24 10:12:20 UTC 2026","","specs\Smoke\1-LoginSmoke.spec.ts","",""
"","17450","""Edit"" link on a row navigates to the check edit form","webkit","Thu Sep 24 10:25:10 UTC 2026","passed","Thu Sep 24 10:25:27 UTC 2026","Issued Checks — Smoke (Continued)","specs\Smoke\4-IssuedChecksSmoke.spec.ts","",""
"","11764","Previous page button returns to page 1, First page button re-enables disabled state","msedge","Thu Sep 24 10:20:32 UTC 2026","passed","Thu Sep 24 10:20:44 UTC 2026","ACH — Smoke","specs\Smoke\7-ACHSmoke.spec.ts","",""
"","4604","Validate Login functionality with incorrectUsername","msedge","Thu Sep 24 10:12:03 UTC 2026","passed","Thu Sep 24 10:12:08 UTC 2026","","specs\Smoke\1-LoginSmoke.spec.ts","",""
"","9809","Typing a page number navigates to that page","msedge","Thu Sep 24 10:20:52 UTC 2026","passed","Thu Sep 24 10:21:02 UTC 2026","Exceptions — Smoke","specs\Smoke\8-ExceptionsSmoke.spec.ts","",""
"","8837","Grid loads with data rows and key column headers","chromium","Thu Sep 24 10:15:09 UTC 2026","passed","Thu Sep 24 10:15:18 UTC 2026","Issued Checks — Smoke","specs\Smoke\4-IssuedChecksSmoke.spec.ts","",""
"","6933","Validate session persists after page refresh","msedge","Thu Sep 24 10:12:50 UTC 2026","passed","Thu Sep 24 10:12:57 UTC 2026","","specs\Smoke\1-LoginSmoke.spec.ts","",""
"","10535","Clicking a column header sorts ascending, clicking again sorts descending","msedge","Thu Sep 24 10:21:17 UTC 2026","passed","Thu Sep 24 10:21:27 UTC 2026","ACH — Smoke","specs\Smoke\7-ACHSmoke.spec.ts","",""
"","7800","Excel export button is visible and enabled","chromium","Thu Sep 24 10:15:45 UTC 2026","passed","Thu Sep 24 10:15:53 UTC 2026","Issued Checks — Smoke","specs\Smoke\4-IssuedChecksSmoke.spec.ts","",""
"","6244","Automatic ACH Decision Rules sub-page loads correctly","msedge","Thu Sep 24 10:14:01 UTC 2026","passed","Thu Sep 24 10:14:07 UTC 2026","Application Navigation Smoke Tests","specs\Smoke\2-NavigationSmoke.spec.ts","",""
"","8963","Check Approval Rules sub-page loads correctly","chromium","Thu Sep 24 10:14:02 UTC 2026","passed","Thu Sep 24 10:14:11 UTC 2026","Application Navigation Smoke Tests","specs\Smoke\2-NavigationSmoke.spec.ts","",""
"","11334","Next page arrow advances to page 2","msedge","Thu Sep 24 10:20:02 UTC 2026","passed","Thu Sep 24 10:20:14 UTC 2026","ACH — Smoke","specs\Smoke\7-ACHSmoke.spec.ts","",""
"","8872","Branding sub-page loads correctly","chromium","Thu Sep 24 10:13:07 UTC 2026","passed","Thu Sep 24 10:13:16 UTC 2026","Application Navigation Smoke Tests","specs\Smoke\2-NavigationSmoke.spec.ts","",""
"","23551","Previous page button returns to page 1, First page button re-enables disabled state","webkit","Thu Sep 24 10:22:59 UTC 2026","passed","Thu Sep 24 10:23:22 UTC 2026","Issued Checks — Smoke","specs\Smoke\4-IssuedChecksSmoke.spec.ts","",""
"","30405","Pay/Return decision badge navigates to exception history","webkit","Thu Sep 24 10:32:45 UTC 2026","passed","Thu Sep 24 10:33:16 UTC 2026","ACH — Smoke","specs\Smoke\7-ACHSmoke.spec.ts","",""
"","20624","Business Clients sub-page loads correctly","firefox","Thu Sep 24 10:32:05 UTC 2026","passed","Thu Sep 24 10:32:26 UTC 2026","Application Navigation Smoke Tests","specs\Smoke\2-NavigationSmoke.spec.ts","",""
"","19163","Next page arrow advances to page 2","webkit","Thu Sep 24 10:22:46 UTC 2026","passed","Thu Sep 24 10:23:05 UTC 2026","Presented Checks — Smoke","specs\Smoke\5-PresentedChecksSmoke.spec.ts","",""
"","10749","Clicking a column header sorts ascending, clicking again sorts descending","msedge","Thu Sep 24 10:18:11 UTC 2026","passed","Thu Sep 24 10:18:22 UTC 2026","Issued Checks — Smoke (Continued)","specs\Smoke\4-IssuedChecksSmoke.spec.ts","",""
"","16595","Search box filters grid and clears correctly","firefox","Thu Sep 24 10:42:47 UTC 2026","passed","Thu Sep 24 10:43:04 UTC 2026","ACH — Smoke","specs\Smoke\7-ACHSmoke.spec.ts","",""
"","19347","""View"" (Change Log) link on a row navigates to the entity log","webkit","Thu Sep 24 10:32:08 UTC 2026","passed","Thu Sep 24 10:32:28 UTC 2026","ACH — Smoke","specs\Smoke\7-ACHSmoke.spec.ts","",""
"","17141","Next page arrow advances to page 2","webkit","Thu Sep 24 10:22:01 UTC 2026","passed","Thu Sep 24 10:22:19 UTC 2026","Issued Checks — Smoke","specs\Smoke\4-IssuedChecksSmoke.spec.ts","",""
"","11338","Previous page button returns to page 1, First page button re-enables disabled state","chromium","Thu Sep 24 10:19:32 UTC 2026","passed","Thu Sep 24 10:19:43 UTC 2026","ACH — Smoke","specs\Smoke\7-ACHSmoke.spec.ts","",""
"","9637","Validate Login functionality with incorrectUsername","webkit","Thu Sep 24 10:12:57 UTC 2026","passed","Thu Sep 24 10:13:07 UTC 2026","","specs\Smoke\1-LoginSmoke.spec.ts","",""
"","12122","Validate Login functionality with correctCredentials","chromium","Thu Sep 24 10:11:44 UTC 2026","passed","Thu Sep 24 10:11:56 UTC 2026","","specs\Smoke\1-LoginSmoke.spec.ts","",""
"","13894","Last page arrow jumps to the final page","msedge","Thu Sep 24 10:16:33 UTC 2026","passed","Thu Sep 24 10:16:47 UTC 2026","Presented Checks — Smoke","specs\Smoke\5-PresentedChecksSmoke.spec.ts","",""
"","10534","Default filter auto-applies after logout and re-login","firefox","Thu Sep 24 10:44:27 UTC 2026","skipped","Thu Sep 24 10:44:37 UTC 2026","Exceptions — Default Filter (Serial)","specs\Smoke\8-ExceptionsSmoke.spec.ts","",""
"","3683","Validate Login functionality with sqlInjection","msedge","Thu Sep 24 10:12:25 UTC 2026","passed","Thu Sep 24 10:12:29 UTC 2026","","specs\Smoke\1-LoginSmoke.spec.ts","",""
"","11559","Excel export button is visible and enabled","msedge","Thu Sep 24 10:15:59 UTC 2026","passed","Thu Sep 24 10:16:10 UTC 2026","Presented Checks — Smoke","specs\Smoke\5-PresentedChecksSmoke.spec.ts","",""
"","22641","Save a filter preset, verify it is auto-selected, then delete it","firefox","Thu Sep 24 10:44:38 UTC 2026","passed","Thu Sep 24 10:45:00 UTC 2026","Exceptions — Smoke (Continued)","specs\Smoke\8-ExceptionsSmoke.spec.ts","",""
"","10490","Approvals page loads with either records or the empty-state message","webkit","Thu Sep 24 10:33:24 UTC 2026","passed","Thu Sep 24 10:33:35 UTC 2026","Exceptions — Smoke (Continued)","specs\Smoke\8-ExceptionsSmoke.spec.ts","",""
"","19990","Search box filters grid and clears correctly","webkit","Thu Sep 24 10:27:36 UTC 2026","passed","Thu Sep 24 10:27:56 UTC 2026","ACH — Smoke","specs\Smoke\7-ACHSmoke.spec.ts","",""
"","4616","Validate forgot password with unregistered email","chromium","Thu Sep 24 10:13:00 UTC 2026","passed","Thu Sep 24 10:13:05 UTC 2026","","specs\Smoke\1-LoginSmoke.spec.ts","",""
"","13337","Validate Login functionality with caseSensitiveEmail","webkit","Thu Sep 24 10:12:34 UTC 2026","passed","Thu Sep 24 10:12:47 UTC 2026","","specs\Smoke\1-LoginSmoke.spec.ts","",""
"","3711","Validate forgot password with unregistered email","msedge","Thu Sep 24 10:12:47 UTC 2026","passed","Thu Sep 24 10:12:50 UTC 2026","","specs\Smoke\1-LoginSmoke.spec.ts","",""
"","7343","Decision Files sub-page loads correctly","chromium","Thu Sep 24 10:13:24 UTC 2026","passed","Thu Sep 24 10:13:31 UTC 2026","Application Navigation Smoke Tests","specs\Smoke\2-NavigationSmoke.spec.ts","",""
"","6303","Presented Checks page loads correctly","msedge","Thu Sep 24 10:12:02 UTC 2026","passed","Thu Sep 24 10:12:09 UTC 2026","Application Navigation Smoke Tests","specs\Smoke\2-NavigationSmoke.spec.ts","",""
"","31494","Save a filter preset, verify it is auto-selected, then delete it","webkit","Thu Sep 24 10:30:24 UTC 2026","passed","Thu Sep 24 10:30:55 UTC 2026","ACH — Smoke","specs\Smoke\7-ACHSmoke.spec.ts","",""
"","18423","Automatic ACH Decision Rules sub-page loads correctly","firefox","Thu Sep 24 10:34:37 UTC 2026","passed","Thu Sep 24 10:34:56 UTC 2026","Application Navigation Smoke Tests","specs\Smoke\2-NavigationSmoke.spec.ts","",""
"","7343","Page size change to 10 updates pagination info in bottom-right pager","chromium","Thu Sep 24 10:16:20 UTC 2026","passed","Thu Sep 24 10:16:27 UTC 2026","Presented Checks — Smoke","specs\Smoke\5-PresentedChecksSmoke.spec.ts","",""
"","7737","Decision badge on an already-reviewed row is blocked with a system message","msedge","Thu Sep 24 10:22:24 UTC 2026","passed","Thu Sep 24 10:22:32 UTC 2026","Exceptions — Smoke (Continued)","specs\Smoke\8-ExceptionsSmoke.spec.ts","",""
"","10055","Page size change to 10 updates pagination info in bottom-right pager","chromium","Thu Sep 24 10:18:55 UTC 2026","passed","Thu Sep 24 10:19:05 UTC 2026","ACH — Smoke","specs\Smoke\7-ACHSmoke.spec.ts","",""
"","7481","File Processing sub-page loads correctly","msedge","Thu Sep 24 10:14:36 UTC 2026","passed","Thu Sep 24 10:14:44 UTC 2026","Application Navigation Smoke Tests","specs\Smoke\2-NavigationSmoke.spec.ts","",""
"","16406","Next page arrow advances to page 2","firefox","Thu Sep 24 10:38:06 UTC 2026","passed","Thu Sep 24 10:38:22 UTC 2026","Issued Checks — Smoke","specs\Smoke\4-IssuedChecksSmoke.spec.ts","",""
"","8496","Last page arrow jumps to the final page","chromium","Thu Sep 24 10:16:37 UTC 2026","passed","Thu Sep 24 10:16:46 UTC 2026","Presented Checks — Smoke","specs\Smoke\5-PresentedChecksSmoke.spec.ts","",""
"","10784","Verify dashboard loads after successful login","firefox","Thu Sep 24 10:32:10 UTC 2026","passed","Thu Sep 24 10:32:21 UTC 2026","Home Dashboard","specs\Smoke\3-HomeDashboardSmoke.spec.ts","",""
"","18448","Page size change to 10 updates pagination info in bottom-right pager","firefox","Thu Sep 24 10:37:48 UTC 2026","passed","Thu Sep 24 10:38:06 UTC 2026","Issued Checks — Smoke","specs\Smoke\4-IssuedChecksSmoke.spec.ts","",""
"","15274","""Uploaded Checks"" navigates to the uploads page","firefox","Thu Sep 24 10:36:58 UTC 2026","passed","Thu Sep 24 10:37:13 UTC 2026","Issued Checks — Smoke","specs\Smoke\4-IssuedChecksSmoke.spec.ts","",""
"","17586","""Delete"" on a row shows a confirm modal; Cancel dismisses it without deleting","webkit","Thu Sep 24 10:32:28 UTC 2026","passed","Thu Sep 24 10:32:45 UTC 2026","ACH — Smoke","specs\Smoke\7-ACHSmoke.spec.ts","",""
"","16627","Saved Filters dropdown is visible and defaults to no preset","firefox","Thu Sep 24 10:44:48 UTC 2026","passed","Thu Sep 24 10:45:05 UTC 2026","ACH — Smoke","specs\Smoke\7-ACHSmoke.spec.ts","",""
"","16530","Saved Filters dropdown is visible and defaults to no preset","webkit","Thu Sep 24 10:29:53 UTC 2026","passed","Thu Sep 24 10:30:09 UTC 2026","ACH — Smoke","specs\Smoke\7-ACHSmoke.spec.ts","",""
"","8612","Grid loads with data rows and key column headers","chromium","Thu Sep 24 10:15:35 UTC 2026","passed","Thu Sep 24 10:15:44 UTC 2026","Presented Checks — Smoke","specs\Smoke\5-PresentedChecksSmoke.spec.ts","",""
"","7120","Validate Login functionality with incorrectUsername","chromium","Thu Sep 24 10:12:08 UTC 2026","passed","Thu Sep 24 10:12:16 UTC 2026","","specs\Smoke\1-LoginSmoke.spec.ts","",""
"","7231","Grid View toggle navigates to the open-exceptions grid and shows key column headers","chromium","Thu Sep 24 10:22:59 UTC 2026","passed","Thu Sep 24 10:23:06 UTC 2026","Exceptions — Smoke (Continued)","specs\Smoke\8-ExceptionsSmoke.spec.ts","",""
"","11597","Typing a page number navigates to that page","msedge","Thu Sep 24 10:16:47 UTC 2026","passed","Thu Sep 24 10:16:58 UTC 2026","Presented Checks — Smoke","specs\Smoke\5-PresentedChecksSmoke.spec.ts","",""
"","6417","Business Clients sub-page loads correctly","chromium","Thu Sep 24 10:12:46 UTC 2026","passed","Thu Sep 24 10:12:52 UTC 2026","Application Navigation Smoke Tests","specs\Smoke\2-NavigationSmoke.spec.ts","",""
"","18573","Last page arrow jumps to the final page","webkit","Thu Sep 24 10:23:05 UTC 2026","passed","Thu Sep 24 10:23:24 UTC 2026","Presented Checks — Smoke","specs\Smoke\5-PresentedChecksSmoke.spec.ts","",""
"","3847","Validate unauthenticated access to protected route is redirected to login","chromium","Thu Sep 24 10:13:15 UTC 2026","passed","Thu Sep 24 10:13:19 UTC 2026","","specs\Smoke\1-LoginSmoke.spec.ts","",""
"","10684","Search box filters grid and clears correctly","chromium","Thu Sep 24 10:15:35 UTC 2026","passed","Thu Sep 24 10:15:45 UTC 2026","Issued Checks — Smoke","specs\Smoke\4-IssuedChecksSmoke.spec.ts","",""
"","23682","Column filter popup applies a filter and Clear restores the full row set","firefox","Thu Sep 24 10:45:59 UTC 2026","passed","Thu Sep 24 10:46:22 UTC 2026","ACH — Smoke","specs\Smoke\7-ACHSmoke.spec.ts","",""
"","21088","Grid View toggle navigates to the open-exceptions grid and shows key column headers","webkit","Thu Sep 24 10:33:03 UTC 2026","passed","Thu Sep 24 10:33:24 UTC 2026","Exceptions — Smoke (Continued)","specs\Smoke\8-ExceptionsSmoke.spec.ts","",""
"","6710","File Processing sub-page loads correctly","chromium","Thu Sep 24 10:14:47 UTC 2026","passed","Thu Sep 24 10:14:54 UTC 2026","Application Navigation Smoke Tests","specs\Smoke\2-NavigationSmoke.spec.ts","",""
"","9739","""View"" (Change Log) link on a row navigates to the entity log","msedge","Thu Sep 24 10:19:13 UTC 2026","passed","Thu Sep 24 10:19:23 UTC 2026","Presented Checks — Smoke (Continued)","specs\Smoke\5-PresentedChecksSmoke.spec.ts","",""
"","5128","Approvals page loads with either records or the empty-state message","msedge","Thu Sep 24 10:22:59 UTC 2026","passed","Thu Sep 24 10:23:04 UTC 2026","Exceptions — Smoke (Continued)","specs\Smoke\8-ExceptionsSmoke.spec.ts","",""
"","8449","Page size change to 10 updates pagination info in bottom-right pager","chromium","Thu Sep 24 10:15:53 UTC 2026","passed","Thu Sep 24 10:16:02 UTC 2026","Issued Checks — Smoke","specs\Smoke\4-IssuedChecksSmoke.spec.ts","",""
"","14943","Verify Check Only tab shows Check-specific chart sections","webkit","Thu Sep 24 10:16:22 UTC 2026","passed","Thu Sep 24 10:16:37 UTC 2026","Home Dashboard","specs\Smoke\3-HomeDashboardSmoke.spec.ts","",""
"","7392","Pre-Decisions page loads with either records or the empty-state message","webkit","Thu Sep 24 10:33:35 UTC 2026","passed","Thu Sep 24 10:33:42 UTC 2026","Exceptions — Smoke (Continued)","specs\Smoke\8-ExceptionsSmoke.spec.ts","",""
"","9153","Default filter auto-applies after logout and re-login","msedge","Thu Sep 24 10:20:52 UTC 2026","skipped","Thu Sep 24 10:21:02 UTC 2026","ACH — Smoke","specs\Smoke\7-ACHSmoke.spec.ts","",""
"","13561","Column filter menu applies a filter and Clear restores the full row set","msedge","Thu Sep 24 10:21:59 UTC 2026","passed","Thu Sep 24 10:22:13 UTC 2026","Exceptions — Smoke (Continued)","specs\Smoke\8-ExceptionsSmoke.spec.ts","",""
"","10168","Clicking a column header sorts ascending, clicking again sorts descending","chromium","Thu Sep 24 10:20:27 UTC 2026","passed","Thu Sep 24 10:20:37 UTC 2026","ACH — Smoke","specs\Smoke\7-ACHSmoke.spec.ts","",""
"","12961","Presented Checks page loads correctly","firefox","Thu Sep 24 10:30:47 UTC 2026","passed","Thu Sep 24 10:31:00 UTC 2026","Application Navigation Smoke Tests","specs\Smoke\2-NavigationSmoke.spec.ts","",""
"","8230","Verify delayed data note and force refresh link are visible on dashboard","msedge","Thu Sep 24 10:14:13 UTC 2026","passed","Thu Sep 24 10:14:22 UTC 2026","Home Dashboard","specs\Smoke\3-HomeDashboardSmoke.spec.ts","",""
"","16219","Presented Checks breadcrumb link is visible on the page","webkit","Thu Sep 24 10:27:04 UTC 2026","passed","Thu Sep 24 10:27:20 UTC 2026","Presented Checks — Smoke (Continued)","specs\Smoke\5-PresentedChecksSmoke.spec.ts","",""
"","4777","Validate Login functionality with veryLongInput","chromium","Thu Sep 24 10:12:46 UTC 2026","passed","Thu Sep 24 10:12:51 UTC 2026","","specs\Smoke\1-LoginSmoke.spec.ts","",""
"","10643","Validate forgot password functionality","webkit","Thu Sep 24 10:14:41 UTC 2026","passed","Thu Sep 24 10:14:51 UTC 2026","","specs\Smoke\1-LoginSmoke.spec.ts","",""
"","11916","Pay/Return decision badge navigates to exception history","chromium","Thu Sep 24 10:21:12 UTC 2026","passed","Thu Sep 24 10:21:24 UTC 2026","ACH — Smoke","specs\Smoke\7-ACHSmoke.spec.ts","",""
"","12358","ACH breadcrumb link is visible on the page","webkit","Thu Sep 24 10:33:16 UTC 2026","passed","Thu Sep 24 10:33:28 UTC 2026","ACH — Smoke","specs\Smoke\7-ACHSmoke.spec.ts","",""
"","4769","Exceptions breadcrumb link is visible on the page","chromium","Thu Sep 24 10:22:40 UTC 2026","passed","Thu Sep 24 10:22:45 UTC 2026","Exceptions — Smoke (Continued)","specs\Smoke\8-ExceptionsSmoke.spec.ts","",""
"","13925","Check Approval Rules sub-page loads correctly","firefox","Thu Sep 24 10:34:23 UTC 2026","passed","Thu Sep 24 10:34:37 UTC 2026","Application Navigation Smoke Tests","specs\Smoke\2-NavigationSmoke.spec.ts","",""
"","21373","Issued Checks page loads correctly","firefox","Thu Sep 24 10:30:26 UTC 2026","passed","Thu Sep 24 10:30:47 UTC 2026","Application Navigation Smoke Tests","specs\Smoke\2-NavigationSmoke.spec.ts","",""
"","14883","Verify ACH Only tab shows ACH-specific chart sections","webkit","Thu Sep 24 10:16:37 UTC 2026","passed","Thu Sep 24 10:16:51 UTC 2026","Home Dashboard","specs\Smoke\3-HomeDashboardSmoke.spec.ts","",""
"","8865","Verify all three dashboard view tabs are visible","firefox","Thu Sep 24 10:32:21 UTC 2026","passed","Thu Sep 24 10:32:30 UTC 2026","Home Dashboard","specs\Smoke\3-HomeDashboardSmoke.spec.ts","",""
"","10000","""Delete"" on a row shows a confirm modal; Cancel dismisses it without deleting","msedge","Thu Sep 24 10:21:49 UTC 2026","passed","Thu Sep 24 10:21:59 UTC 2026","ACH — Smoke","specs\Smoke\7-ACHSmoke.spec.ts","",""
"","15337","Check Approval Rules sub-page loads correctly","webkit","Thu Sep 24 10:17:24 UTC 2026","passed","Thu Sep 24 10:17:40 UTC 2026","Application Navigation Smoke Tests","specs\Smoke\2-NavigationSmoke.spec.ts","",""
"","19064","Next page arrow advances to page 2","webkit","Thu Sep 24 10:28:30 UTC 2026","passed","Thu Sep 24 10:28:49 UTC 2026","Exceptions — Smoke","specs\Smoke\8-ExceptionsSmoke.spec.ts","",""
"","11979","Roles/Permissions sub-page loads correctly","firefox","Thu Sep 24 10:32:43 UTC 2026","passed","Thu Sep 24 10:32:55 UTC 2026","Application Navigation Smoke Tests","specs\Smoke\2-NavigationSmoke.spec.ts","",""
"","16282","Next page arrow advances to page 2","firefox","Thu Sep 24 10:38:06 UTC 2026","passed","Thu Sep 24 10:38:23 UTC 2026","Presented Checks — Smoke","specs\Smoke\5-PresentedChecksSmoke.spec.ts","",""
"","19064","Search box filters grid and clears correctly","webkit","Thu Sep 24 10:27:38 UTC 2026","passed","Thu Sep 24 10:27:57 UTC 2026","Exceptions — Smoke","specs\Smoke\8-ExceptionsSmoke.spec.ts","",""
"","20559","Save a filter preset, verify it is auto-selected, then delete it","firefox","Thu Sep 24 10:45:20 UTC 2026","passed","Thu Sep 24 10:45:41 UTC 2026","ACH — Smoke","specs\Smoke\7-ACHSmoke.spec.ts","",""
"","17357","Grid loads with data rows and key column headers","firefox","Thu Sep 24 10:36:25 UTC 2026","passed","Thu Sep 24 10:36:43 UTC 2026","Presented Checks — Smoke","specs\Smoke\5-PresentedChecksSmoke.spec.ts","",""
"","4919","Validate Login functionality with incorrectPassword","chromium","Thu Sep 24 10:12:03 UTC 2026","passed","Thu Sep 24 10:12:08 UTC 2026","","specs\Smoke\1-LoginSmoke.spec.ts","",""
"","5252","Verify navigation to Exceptions via nav menu","msedge","Thu Sep 24 10:15:03 UTC 2026","passed","Thu Sep 24 10:15:08 UTC 2026","Home Dashboard","specs\Smoke\3-HomeDashboardSmoke.spec.ts","",""
"","10208","Validate Login functionality with xssInUsername","webkit","Thu Sep 24 10:14:20 UTC 2026","passed","Thu Sep 24 10:14:31 UTC 2026","","specs\Smoke\1-LoginSmoke.spec.ts","",""
"","7202","Verify navigation to Presented Checks via nav menu","msedge","Thu Sep 24 10:14:51 UTC 2026","passed","Thu Sep 24 10:14:58 UTC 2026","Home Dashboard","specs\Smoke\3-HomeDashboardSmoke.spec.ts","",""
"","9992","Pay/Return decision badge navigates to exception history","chromium","Thu Sep 24 10:19:33 UTC 2026","passed","Thu Sep 24 10:19:43 UTC 2026","Presented Checks — Smoke (Continued)","specs\Smoke\5-PresentedChecksSmoke.spec.ts","",""
"","18602","Saved Filters dropdown is visible and defaults to no preset","webkit","Thu Sep 24 10:24:04 UTC 2026","passed","Thu Sep 24 10:24:23 UTC 2026","Presented Checks — Smoke","specs\Smoke\5-PresentedChecksSmoke.spec.ts","",""
"","20828","Verify delayed data note and force refresh link are visible on dashboard","webkit","Thu Sep 24 10:18:19 UTC 2026","passed","Thu Sep 24 10:18:40 UTC 2026","Home Dashboard","specs\Smoke\3-HomeDashboardSmoke.spec.ts","",""
"","18181","Verify chart title changes with selected tab","firefox","Thu Sep 24 10:33:31 UTC 2026","passed","Thu Sep 24 10:33:50 UTC 2026","Home Dashboard","specs\Smoke\3-HomeDashboardSmoke.spec.ts","",""
"","8682","Typing a page number navigates to that page","msedge","Thu Sep 24 10:20:23 UTC 2026","passed","Thu Sep 24 10:20:32 UTC 2026","ACH — Smoke","specs\Smoke\7-ACHSmoke.spec.ts","",""
"","16440","Page size change to 10 updates pagination info in bottom-right pager","webkit","Thu Sep 24 10:28:14 UTC 2026","passed","Thu Sep 24 10:28:30 UTC 2026","Exceptions — Smoke","specs\Smoke\8-ExceptionsSmoke.spec.ts","",""
"","16865","Page size change to 10 updates pagination info in bottom-right pager","webkit","Thu Sep 24 10:22:29 UTC 2026","passed","Thu Sep 24 10:22:46 UTC 2026","Presented Checks — Smoke","specs\Smoke\5-PresentedChecksSmoke.spec.ts","",""
"","7164","ACH page loads correctly","msedge","Thu Sep 24 10:12:14 UTC 2026","passed","Thu Sep 24 10:12:22 UTC 2026","Application Navigation Smoke Tests","specs\Smoke\2-NavigationSmoke.spec.ts","",""
"","5409","Validate Login functionality with sqlInjection","firefox","Thu Sep 24 10:31:07 UTC 2026","passed","Thu Sep 24 10:31:12 UTC 2026","","specs\Smoke\1-LoginSmoke.spec.ts","",""
"","14451","Page size change to 10 updates pagination info in bottom-right pager","firefox","Thu Sep 24 10:37:52 UTC 2026","passed","Thu Sep 24 10:38:06 UTC 2026","Presented Checks — Smoke","specs\Smoke\5-PresentedChecksSmoke.spec.ts","",""
"","4825","Validate Login functionality with sqlInjection","chromium","Thu Sep 24 10:12:37 UTC 2026","passed","Thu Sep 24 10:12:41 UTC 2026","","specs\Smoke\1-LoginSmoke.spec.ts","",""
"","14761","Typing a page number navigates to that page","firefox","Thu Sep 24 10:38:40 UTC 2026","passed","Thu Sep 24 10:38:55 UTC 2026","Issued Checks — Smoke","specs\Smoke\4-IssuedChecksSmoke.spec.ts","",""
"","7343","File Formats sub-page loads correctly","msedge","Thu Sep 24 10:13:29 UTC 2026","passed","Thu Sep 24 10:13:37 UTC 2026","Application Navigation Smoke Tests","specs\Smoke\2-NavigationSmoke.spec.ts","",""
"","19037","""Delete"" on a row shows a confirm modal; Cancel dismisses it without deleting","webkit","Thu Sep 24 10:26:27 UTC 2026","passed","Thu Sep 24 10:26:46 UTC 2026","Presented Checks — Smoke (Continued)","specs\Smoke\5-PresentedChecksSmoke.spec.ts","",""
"","5941","""Delete"" on a row shows a confirm modal; Cancel dismisses it without deleting","msedge","Thu Sep 24 10:18:41 UTC 2026","passed","Thu Sep 24 10:18:47 UTC 2026","Issued Checks — Smoke (Continued)","specs\Smoke\4-IssuedChecksSmoke.spec.ts","",""
"","11417","""Uploaded ACH"" navigates to the uploads page","chromium","Thu Sep 24 10:18:24 UTC 2026","passed","Thu Sep 24 10:18:35 UTC 2026","ACH — Smoke","specs\Smoke\7-ACHSmoke.spec.ts","",""
"","12644","Holiday Schedules sub-page loads correctly","firefox","Thu Sep 24 10:33:29 UTC 2026","passed","Thu Sep 24 10:33:41 UTC 2026","Application Navigation Smoke Tests","specs\Smoke\2-NavigationSmoke.spec.ts","",""
"","7769","Excel export button is visible and enabled","chromium","Thu Sep 24 10:18:48 UTC 2026","passed","Thu Sep 24 10:18:55 UTC 2026","ACH — Smoke","specs\Smoke\7-ACHSmoke.spec.ts","",""
"","12835","Home page is accessible and shows dashboard","chromium","Thu Sep 24 10:11:44 UTC 2026","passed","Thu Sep 24 10:11:57 UTC 2026","Application Navigation Smoke Tests","specs\Smoke\2-NavigationSmoke.spec.ts","",""
"","8657","Presented Checks breadcrumb link is visible on the page","chromium","Thu Sep 24 10:19:43 UTC 2026","passed","Thu Sep 24 10:19:51 UTC 2026","Presented Checks — Smoke (Continued)","specs\Smoke\5-PresentedChecksSmoke.spec.ts","",""
"","10744","""View"" link on a row opens the Exception Details dialog","msedge","Thu Sep 24 10:22:13 UTC 2026","passed","Thu Sep 24 10:22:24 UTC 2026","Exceptions — Smoke (Continued)","specs\Smoke\8-ExceptionsSmoke.spec.ts","",""
"","8703","""View"" (Change Log) link on a row navigates to the entity log","chromium","Thu Sep 24 10:19:15 UTC 2026","passed","Thu Sep 24 10:19:23 UTC 2026","Presented Checks — Smoke (Continued)","specs\Smoke\5-PresentedChecksSmoke.spec.ts","",""
"","16232","Page size change to 10 updates pagination info in bottom-right pager","webkit","Thu Sep 24 10:21:45 UTC 2026","passed","Thu Sep 24 10:22:01 UTC 2026","Issued Checks — Smoke","specs\Smoke\4-IssuedChecksSmoke.spec.ts","",""
"","14120","Verify tab-specific charts are hidden for opposite tab","firefox","Thu Sep 24 10:33:50 UTC 2026","passed","Thu Sep 24 10:34:04 UTC 2026","Home Dashboard","specs\Smoke\3-HomeDashboardSmoke.spec.ts","",""
"","16338","Notification Templates sub-page loads correctly","webkit","Thu Sep 24 10:16:51 UTC 2026","passed","Thu Sep 24 10:17:08 UTC 2026","Application Navigation Smoke Tests","specs\Smoke\2-NavigationSmoke.spec.ts","",""
"","16357","Issued Checks breadcrumb link is visible on the page","webkit","Thu Sep 24 10:26:04 UTC 2026","passed","Thu Sep 24 10:26:21 UTC 2026","Issued Checks — Smoke (Continued)","specs\Smoke\4-IssuedChecksSmoke.spec.ts","",""
"","8212","Column filter popup applies a filter and Clear restores the full row set","msedge","Thu Sep 24 10:18:22 UTC 2026","passed","Thu Sep 24 10:18:30 UTC 2026","Issued Checks — Smoke (Continued)","specs\Smoke\4-IssuedChecksSmoke.spec.ts","",""
"","11386","Previous page button returns to page 1, First page button re-enables disabled state","msedge","Thu Sep 24 10:16:38 UTC 2026","passed","Thu Sep 24 10:16:49 UTC 2026","Issued Checks — Smoke","specs\Smoke\4-IssuedChecksSmoke.spec.ts","",""
"","7805","Grid View toggle navigates to the open-exceptions grid and shows key column headers","msedge","Thu Sep 24 10:22:52 UTC 2026","passed","Thu Sep 24 10:22:59 UTC 2026","Exceptions — Smoke (Continued)","specs\Smoke\8-ExceptionsSmoke.spec.ts","",""
"","9843","Page size change to 10 updates pagination info in bottom-right pager","chromium","Thu Sep 24 10:20:24 UTC 2026","passed","Thu Sep 24 10:20:33 UTC 2026","Exceptions — Smoke","specs\Smoke\8-ExceptionsSmoke.spec.ts","",""
"","5873","Validate forgot password with unregistered email","firefox","Thu Sep 24 10:31:45 UTC 2026","passed","Thu Sep 24 10:31:51 UTC 2026","","specs\Smoke\1-LoginSmoke.spec.ts","",""
"","17088","Navigation tabs to Pre-Decisions, Approvals, and Exception History are visible","firefox","Thu Sep 24 10:46:36 UTC 2026","passed","Thu Sep 24 10:46:53 UTC 2026","Exceptions — Smoke (Continued)","specs\Smoke\8-ExceptionsSmoke.spec.ts","",""
"","15104","Page size change to 10 updates pagination info in bottom-right pager","firefox","Thu Sep 24 10:43:24 UTC 2026","passed","Thu Sep 24 10:43:39 UTC 2026","ACH — Smoke","specs\Smoke\7-ACHSmoke.spec.ts","",""
"","6362","Validate Login functionality with caseSensitiveEmail","firefox","Thu Sep 24 10:30:28 UTC 2026","passed","Thu Sep 24 10:30:34 UTC 2026","","specs\Smoke\1-LoginSmoke.spec.ts","",""
"","19490","Typing a page number navigates to that page","webkit","Thu Sep 24 10:29:08 UTC 2026","passed","Thu Sep 24 10:29:28 UTC 2026","Exceptions — Smoke","specs\Smoke\8-ExceptionsSmoke.spec.ts","",""
"","9292","Page size change to 10 updates pagination info in bottom-right pager","msedge","Thu Sep 24 10:15:49 UTC 2026","passed","Thu Sep 24 10:15:59 UTC 2026","Issued Checks — Smoke","specs\Smoke\4-IssuedChecksSmoke.spec.ts","",""
"","4657","Validate Login functionality with emptyFields","firefox","Thu Sep 24 10:30:52 UTC 2026","passed","Thu Sep 24 10:30:57 UTC 2026","","specs\Smoke\1-LoginSmoke.spec.ts","",""
"","14090","Open Exceptions page loads with either exception cards or the empty-state message","firefox","Thu Sep 24 10:46:54 UTC 2026","passed","Thu Sep 24 10:47:08 UTC 2026","Exceptions — Smoke (Continued)","specs\Smoke\8-ExceptionsSmoke.spec.ts","",""
"","11836","Exceptions page loads correctly","firefox","Thu Sep 24 10:31:25 UTC 2026","passed","Thu Sep 24 10:31:37 UTC 2026","Application Navigation Smoke Tests","specs\Smoke\2-NavigationSmoke.spec.ts","",""
"","31747","Save a filter preset, verify it is auto-selected, then delete it","webkit","Thu Sep 24 10:23:56 UTC 2026","passed","Thu Sep 24 10:24:28 UTC 2026","Issued Checks — Smoke (Continued)","specs\Smoke\4-IssuedChecksSmoke.spec.ts","",""
"","24437","ACH page loads correctly","webkit","Thu Sep 24 10:13:34 UTC 2026","passed","Thu Sep 24 10:13:59 UTC 2026","Application Navigation Smoke Tests","specs\Smoke\2-NavigationSmoke.spec.ts","",""
"","6178","Verify navigation to ACH via nav menu","chromium","Thu Sep 24 10:15:15 UTC 2026","passed","Thu Sep 24 10:15:21 UTC 2026","Home Dashboard","specs\Smoke\3-HomeDashboardSmoke.spec.ts","",""
"","12001","Save a filter preset, verify it is auto-selected, then delete it","chromium","Thu Sep 24 10:18:35 UTC 2026","passed","Thu Sep 24 10:18:47 UTC 2026","Presented Checks — Smoke (Continued)","specs\Smoke\5-PresentedChecksSmoke.spec.ts","",""
"","18713","File Processing sub-page loads correctly","webkit","Thu Sep 24 10:19:14 UTC 2026","passed","Thu Sep 24 10:19:33 UTC 2026","Application Navigation Smoke Tests","specs\Smoke\2-NavigationSmoke.spec.ts","",""
"","18578","Clicking a column header sorts ascending, clicking again sorts descending","webkit","Thu Sep 24 10:25:10 UTC 2026","passed","Thu Sep 24 10:25:28 UTC 2026","Presented Checks — Smoke (Continued)","specs\Smoke\5-PresentedChecksSmoke.spec.ts","",""
"","10961","Save a filter preset, verify it is auto-selected, then delete it","msedge","Thu Sep 24 10:17:19 UTC 2026","passed","Thu Sep 24 10:17:30 UTC 2026","Presented Checks — Smoke (Continued)","specs\Smoke\5-PresentedChecksSmoke.spec.ts","",""
"","8228","Verify Home dashboard is restored after returning from another page","chromium","Thu Sep 24 10:14:53 UTC 2026","passed","Thu Sep 24 10:15:01 UTC 2026","Home Dashboard","specs\Smoke\3-HomeDashboardSmoke.spec.ts","",""
"","15535","Exceptions page loads correctly","webkit","Thu Sep 24 10:13:59 UTC 2026","passed","Thu Sep 24 10:14:14 UTC 2026","Application Navigation Smoke Tests","specs\Smoke\2-NavigationSmoke.spec.ts","",""
"","12349","Clicking a column header sorts ascending, clicking again sorts descending","firefox","Thu Sep 24 10:40:02 UTC 2026","passed","Thu Sep 24 10:40:15 UTC 2026","Issued Checks — Smoke (Continued)","specs\Smoke\4-IssuedChecksSmoke.spec.ts","",""
"","8818","Validate unauthenticated access to protected route is redirected to login","webkit","Thu Sep 24 10:15:30 UTC 2026","passed","Thu Sep 24 10:15:39 UTC 2026","","specs\Smoke\1-LoginSmoke.spec.ts","",""
"","4586","Validate Login functionality with veryLongInput","msedge","Thu Sep 24 10:12:34 UTC 2026","passed","Thu Sep 24 10:12:38 UTC 2026","","specs\Smoke\1-LoginSmoke.spec.ts","",""
"","6546","Verify all three dashboard view tabs are visible","chromium","Thu Sep 24 10:13:25 UTC 2026","passed","Thu Sep 24 10:13:31 UTC 2026","Home Dashboard","specs\Smoke\3-HomeDashboardSmoke.spec.ts","",""
"","16454","Automatic Check Decision Rules sub-page loads correctly","firefox","Thu Sep 24 10:34:07 UTC 2026","passed","Thu Sep 24 10:34:23 UTC 2026","Application Navigation Smoke Tests","specs\Smoke\2-NavigationSmoke.spec.ts","",""
"","15542","Save a filter preset, verify it is auto-selected, then delete it","chromium","Thu Sep 24 10:17:07 UTC 2026","passed","Thu Sep 24 10:17:22 UTC 2026","Issued Checks — Smoke (Continued)","specs\Smoke\4-IssuedChecksSmoke.spec.ts","",""
"","6570","Verify summary KPI values have expected number formats","chromium","Thu Sep 24 10:14:25 UTC 2026","passed","Thu Sep 24 10:14:32 UTC 2026","Home Dashboard","specs\Smoke\3-HomeDashboardSmoke.spec.ts","",""
"","7394","""Edit"" link on a row navigates to the check edit form","msedge","Thu Sep 24 10:19:05 UTC 2026","passed","Thu Sep 24 10:19:13 UTC 2026","Presented Checks — Smoke (Continued)","specs\Smoke\5-PresentedChecksSmoke.spec.ts","",""
"","16725","Open Exceptions page loads with either exception cards or the empty-state message","webkit","Thu Sep 24 10:32:46 UTC 2026","passed","Thu Sep 24 10:33:03 UTC 2026","Exceptions — Smoke (Continued)","specs\Smoke\8-ExceptionsSmoke.spec.ts","",""
"","11373","Validate Login functionality with correctCredentials","msedge","Thu Sep 24 10:11:42 UTC 2026","passed","Thu Sep 24 10:11:53 UTC 2026","","specs\Smoke\1-LoginSmoke.spec.ts","",""
"","6799","Holiday Schedules sub-page loads correctly","msedge","Thu Sep 24 10:13:23 UTC 2026","passed","Thu Sep 24 10:13:29 UTC 2026","Application Navigation Smoke Tests","specs\Smoke\2-NavigationSmoke.spec.ts","",""
"","6258","Presented Checks page loads correctly","chromium","Thu Sep 24 10:12:05 UTC 2026","passed","Thu Sep 24 10:12:11 UTC 2026","Application Navigation Smoke Tests","specs\Smoke\2-NavigationSmoke.spec.ts","",""
"","17902","Last page arrow jumps to the final page","firefox","Thu Sep 24 10:38:22 UTC 2026","passed","Thu Sep 24 10:38:40 UTC 2026","Issued Checks — Smoke","specs\Smoke\4-IssuedChecksSmoke.spec.ts","",""
"","5891","Validate Login functionality with missingUsername","chromium","Thu Sep 24 10:12:31 UTC 2026","passed","Thu Sep 24 10:12:37 UTC 2026","","specs\Smoke\1-LoginSmoke.spec.ts","",""
"","16517","Last page arrow jumps to the final page","firefox","Thu Sep 24 10:38:23 UTC 2026","passed","Thu Sep 24 10:38:39 UTC 2026","Presented Checks — Smoke","specs\Smoke\5-PresentedChecksSmoke.spec.ts","",""
"","19353","Verify Home dashboard is restored after returning from another page","webkit","Thu Sep 24 10:19:13 UTC 2026","passed","Thu Sep 24 10:19:32 UTC 2026","Home Dashboard","specs\Smoke\3-HomeDashboardSmoke.spec.ts","",""
"","5783","Validate Login functionality with veryLongInput","firefox","Thu Sep 24 10:31:23 UTC 2026","passed","Thu Sep 24 10:31:29 UTC 2026","","specs\Smoke\1-LoginSmoke.spec.ts","",""
"","14692","Verify navigation to Exceptions via nav menu","webkit","Thu Sep 24 10:20:24 UTC 2026","passed","Thu Sep 24 10:20:39 UTC 2026","Home Dashboard","specs\Smoke\3-HomeDashboardSmoke.spec.ts","",""
"","9182","Last page arrow jumps to the final page","msedge","Thu Sep 24 10:20:43 UTC 2026","passed","Thu Sep 24 10:20:52 UTC 2026","Exceptions — Smoke","specs\Smoke\8-ExceptionsSmoke.spec.ts","",""
"","15170","Pay/Return decision badge navigates to exception history","firefox","Thu Sep 24 10:41:29 UTC 2026","passed","Thu Sep 24 10:41:44 UTC 2026","Presented Checks — Smoke (Continued)","specs\Smoke\5-PresentedChecksSmoke.spec.ts","",""
"","13891","Verify summary KPI values have expected number formats","firefox","Thu Sep 24 10:34:12 UTC 2026","passed","Thu Sep 24 10:34:26 UTC 2026","Home Dashboard","specs\Smoke\3-HomeDashboardSmoke.spec.ts","",""
"","19732","""Uploaded Checks"" navigates to the uploads page","webkit","Thu Sep 24 10:20:49 UTC 2026","passed","Thu Sep 24 10:21:08 UTC 2026","Issued Checks — Smoke","specs\Smoke\4-IssuedChecksSmoke.spec.ts","",""
"","18484","Default filter auto-applies after logout and re-login","chromium","Thu Sep 24 10:21:24 UTC 2026","passed","Thu Sep 24 10:21:43 UTC 2026","Exceptions — Default Filter (Serial)","specs\Smoke\8-ExceptionsSmoke.spec.ts","",""
"","14138","Account Settings sub-page loads correctly","firefox","Thu Sep 24 10:31:51 UTC 2026","passed","Thu Sep 24 10:32:05 UTC 2026","Application Navigation Smoke Tests","specs\Smoke\2-NavigationSmoke.spec.ts","",""
"","19078","API link is visible and points to swagger","webkit","Thu Sep 24 10:19:33 UTC 2026","passed","Thu Sep 24 10:19:52 UTC 2026","Application Navigation Smoke Tests","specs\Smoke\2-NavigationSmoke.spec.ts","",""
"","19939","Previous page button returns to page 1, First page button re-enables disabled state","firefox","Thu Sep 24 10:44:28 UTC 2026","passed","Thu Sep 24 10:44:48 UTC 2026","ACH — Smoke","specs\Smoke\7-ACHSmoke.spec.ts","",""
"","7262","API link is visible and points to swagger","chromium","Thu Sep 24 10:14:54 UTC 2026","passed","Thu Sep 24 10:15:01 UTC 2026","Application Navigation Smoke Tests","specs\Smoke\2-NavigationSmoke.spec.ts","",""
"","15923","Saved Filters dropdown is visible and defaults to no preset","firefox","Thu Sep 24 10:44:11 UTC 2026","passed","Thu Sep 24 10:44:27 UTC 2026","Exceptions — Smoke","specs\Smoke\8-ExceptionsSmoke.spec.ts","",""
"","11668","""View"" (Change Log) link on a row navigates to the entity log","msedge","Thu Sep 24 10:21:37 UTC 2026","passed","Thu Sep 24 10:21:49 UTC 2026","ACH — Smoke","specs\Smoke\7-ACHSmoke.spec.ts","",""
"","16474","Billing Reports sub-page loads correctly","webkit","Thu Sep 24 10:15:44 UTC 2026","passed","Thu Sep 24 10:16:00 UTC 2026","Application Navigation Smoke Tests","specs\Smoke\2-NavigationSmoke.spec.ts","",""
"","23960","Validate Login functionality with emptyFields","webkit","Thu Sep 24 10:13:16 UTC 2026","passed","Thu Sep 24 10:13:40 UTC 2026","","specs\Smoke\1-LoginSmoke.spec.ts","",""
"","8733","Typing a page number navigates to that page","chromium","Thu Sep 24 10:19:23 UTC 2026","passed","Thu Sep 24 10:19:32 UTC 2026","ACH — Smoke","specs\Smoke\7-ACHSmoke.spec.ts","",""
"","5976","Settings page loads correctly","msedge","Thu Sep 24 10:12:28 UTC 2026","passed","Thu Sep 24 10:12:34 UTC 2026","Application Navigation Smoke Tests","specs\Smoke\2-NavigationSmoke.spec.ts","",""
"","6016","Verify dashboard loads after successful login","chromium","Thu Sep 24 10:13:19 UTC 2026","passed","Thu Sep 24 10:13:25 UTC 2026","Home Dashboard","specs\Smoke\3-HomeDashboardSmoke.spec.ts","",""
"","13350","Next page arrow advances to page 2","msedge","Thu Sep 24 10:15:59 UTC 2026","passed","Thu Sep 24 10:16:12 UTC 2026","Issued Checks — Smoke","specs\Smoke\4-IssuedChecksSmoke.spec.ts","",""
"","13626","Settings page loads correctly","firefox","Thu Sep 24 10:31:37 UTC 2026","passed","Thu Sep 24 10:31:51 UTC 2026","Application Navigation Smoke Tests","specs\Smoke\2-NavigationSmoke.spec.ts","",""
"","15197","Settings page loads correctly","webkit","Thu Sep 24 10:14:14 UTC 2026","passed","Thu Sep 24 10:14:29 UTC 2026","Application Navigation Smoke Tests","specs\Smoke\2-NavigationSmoke.spec.ts","",""
"","20152","""Uploaded ACH"" navigates to the uploads page","webkit","Thu Sep 24 10:27:16 UTC 2026","passed","Thu Sep 24 10:27:36 UTC 2026","ACH — Smoke","specs\Smoke\7-ACHSmoke.spec.ts","",""
"","13665","Typing a page number navigates to that page","msedge","Thu Sep 24 10:16:24 UTC 2026","passed","Thu Sep 24 10:16:37 UTC 2026","Issued Checks — Smoke","specs\Smoke\4-IssuedChecksSmoke.spec.ts","",""
"","20115","Notification Log sub-page loads correctly","webkit","Thu Sep 24 10:18:18 UTC 2026","passed","Thu Sep 24 10:18:38 UTC 2026","Application Navigation Smoke Tests","specs\Smoke\2-NavigationSmoke.spec.ts","",""
"","9377","""Delete"" on a row shows a confirm modal; Cancel dismisses it without deleting","msedge","Thu Sep 24 10:19:23 UTC 2026","passed","Thu Sep 24 10:19:32 UTC 2026","Presented Checks — Smoke (Continued)","specs\Smoke\5-PresentedChecksSmoke.spec.ts","",""
"","7333","Verify navigation to Issued Checks via nav menu","chromium","Thu Sep 24 10:15:01 UTC 2026","passed","Thu Sep 24 10:15:08 UTC 2026","Home Dashboard","specs\Smoke\3-HomeDashboardSmoke.spec.ts","",""
"","6474","Validate Login functionality with invalidEmailFormat","firefox","Thu Sep 24 10:30:46 UTC 2026","passed","Thu Sep 24 10:30:52 UTC 2026","","specs\Smoke\1-LoginSmoke.spec.ts","",""
"","16568","Exceptions breadcrumb link is visible on the page","webkit","Thu Sep 24 10:32:12 UTC 2026","passed","Thu Sep 24 10:32:29 UTC 2026","Exceptions — Smoke (Continued)","specs\Smoke\8-ExceptionsSmoke.spec.ts","",""
"","8428","Previous page button returns to page 1, First page button re-enables disabled state","msedge","Thu Sep 24 10:16:58 UTC 2026","passed","Thu Sep 24 10:17:07 UTC 2026","Presented Checks — Smoke","specs\Smoke\5-PresentedChecksSmoke.spec.ts","",""
"","15936","Verify navigation to ACH via nav menu","webkit","Thu Sep 24 10:20:08 UTC 2026","passed","Thu Sep 24 10:20:24 UTC 2026","Home Dashboard","specs\Smoke\3-HomeDashboardSmoke.spec.ts","",""
"","15009","Presented Checks breadcrumb link is visible on the page","firefox","Thu Sep 24 10:41:44 UTC 2026","passed","Thu Sep 24 10:41:59 UTC 2026","Presented Checks — Smoke (Continued)","specs\Smoke\5-PresentedChecksSmoke.spec.ts","",""
"","10156","Verify profile menu shows My Info and Logout links","firefox","Thu Sep 24 10:34:48 UTC 2026","passed","Thu Sep 24 10:34:59 UTC 2026","Home Dashboard","specs\Smoke\3-HomeDashboardSmoke.spec.ts","",""
"","5100","Validate Login functionality with missingPassword","msedge","Thu Sep 24 10:12:16 UTC 2026","passed","Thu Sep 24 10:12:21 UTC 2026","","specs\Smoke\1-LoginSmoke.spec.ts","",""
"","16104","Default filter auto-applies after logout and re-login","webkit","Thu Sep 24 10:23:40 UTC 2026","skipped","Thu Sep 24 10:23:56 UTC 2026","Issued Checks — Default Filter (Serial)","specs\Smoke\4-IssuedChecksSmoke.spec.ts","",""
"","16928","Typing a page number navigates to that page","firefox","Thu Sep 24 10:44:11 UTC 2026","passed","Thu Sep 24 10:44:28 UTC 2026","ACH — Smoke","specs\Smoke\7-ACHSmoke.spec.ts","",""
"","7914","Users sub-page loads correctly","chromium","Thu Sep 24 10:12:53 UTC 2026","passed","Thu Sep 24 10:13:00 UTC 2026","Application Navigation Smoke Tests","specs\Smoke\2-NavigationSmoke.spec.ts","",""
"","9763","Validate session persists after page refresh","chromium","Thu Sep 24 10:13:05 UTC 2026","passed","Thu Sep 24 10:13:15 UTC 2026","","specs\Smoke\1-LoginSmoke.spec.ts","",""
"","19627","Clicking a column header sorts ascending, clicking again sorts descending","webkit","Thu Sep 24 10:30:55 UTC 2026","passed","Thu Sep 24 10:31:15 UTC 2026","Exceptions — Smoke (Continued)","specs\Smoke\8-ExceptionsSmoke.spec.ts","",""
"","8396","Verify chart title changes with selected tab","chromium","Thu Sep 24 10:14:02 UTC 2026","passed","Thu Sep 24 10:14:11 UTC 2026","Home Dashboard","specs\Smoke\3-HomeDashboardSmoke.spec.ts","",""
