"DESCRIPTION","DURATION IN MS","NAME","PARENT SUITE","START TIME","STATUS","STOP TIME","SUB SUITE","SUITE","TEST CLASS","TEST METHOD"
"","17663","Page size change to 10 updates pagination info in bottom-right pager","webkit","Tue Sep 22 10:39:01 UTC 2026","passed","Tue Sep 22 10:39:18 UTC 2026","Issued Checks — Smoke","specs\Smoke\4-IssuedChecksSmoke.spec.ts","",""
"","8593","Roles/Permissions sub-page loads correctly","msedge","Tue Sep 22 10:13:00 UTC 2026","passed","Tue Sep 22 10:13:09 UTC 2026","Application Navigation Smoke Tests","specs\Smoke\2-NavigationSmoke.spec.ts","",""
"","11934","Grid View toggle navigates to the open-exceptions grid and shows key column headers","webkit","Tue Sep 22 10:50:53 UTC 2026","passed","Tue Sep 22 10:51:04 UTC 2026","Exceptions — Smoke (Continued)","specs\Smoke\8-ExceptionsSmoke.spec.ts","",""
"","18739","Search box filters grid and clears correctly","webkit","Tue Sep 22 10:38:24 UTC 2026","passed","Tue Sep 22 10:38:43 UTC 2026","Issued Checks — Smoke","specs\Smoke\4-IssuedChecksSmoke.spec.ts","",""
"","14078","""Edit"" link on a row navigates to the check edit form","firefox","Tue Sep 22 10:22:37 UTC 2026","passed","Tue Sep 22 10:22:51 UTC 2026","Presented Checks — Smoke (Continued)","specs\Smoke\5-PresentedChecksSmoke.spec.ts","",""
"","12003","Typing a page number navigates to that page","firefox","Tue Sep 22 10:20:36 UTC 2026","passed","Tue Sep 22 10:20:48 UTC 2026","Presented Checks — Smoke","specs\Smoke\5-PresentedChecksSmoke.spec.ts","",""
"","27956","Previous page button returns to page 1, First page button re-enables disabled state","webkit","Tue Sep 22 10:46:55 UTC 2026","passed","Tue Sep 22 10:47:23 UTC 2026","ACH — Smoke","specs\Smoke\7-ACHSmoke.spec.ts","",""
"","5473","Validate Login functionality with missingPassword","firefox","Tue Sep 22 10:12:26 UTC 2026","passed","Tue Sep 22 10:12:31 UTC 2026","","specs\Smoke\1-LoginSmoke.spec.ts","",""
"","15755","Home page is accessible and shows dashboard","chromium","Tue Sep 22 10:11:36 UTC 2026","passed","Tue Sep 22 10:11:52 UTC 2026","Application Navigation Smoke Tests","specs\Smoke\2-NavigationSmoke.spec.ts","",""
"","5909","Verify navigation to Presented Checks via nav menu","msedge","Tue Sep 22 10:15:16 UTC 2026","passed","Tue Sep 22 10:15:22 UTC 2026","Home Dashboard","specs\Smoke\3-HomeDashboardSmoke.spec.ts","",""
"","12068","Next page arrow advances to page 2","chromium","Tue Sep 22 10:20:54 UTC 2026","passed","Tue Sep 22 10:21:07 UTC 2026","ACH — Smoke","specs\Smoke\7-ACHSmoke.spec.ts","",""
"","9143","Verify tab-specific charts are hidden for opposite tab","chromium","Tue Sep 22 10:14:18 UTC 2026","passed","Tue Sep 22 10:14:27 UTC 2026","Home Dashboard","specs\Smoke\3-HomeDashboardSmoke.spec.ts","",""
"","19887","Search box filters grid and clears correctly","webkit","Tue Sep 22 10:38:58 UTC 2026","passed","Tue Sep 22 10:39:18 UTC 2026","Presented Checks — Smoke","specs\Smoke\5-PresentedChecksSmoke.spec.ts","",""
"","14823","""+ Add ACH"" navigates to the add-ACH form","firefox","Tue Sep 22 10:24:14 UTC 2026","passed","Tue Sep 22 10:24:28 UTC 2026","ACH — Smoke","specs\Smoke\7-ACHSmoke.spec.ts","",""
"","9968","""Uploaded Checks"" navigates to the uploads page","chromium","Tue Sep 22 10:16:23 UTC 2026","passed","Tue Sep 22 10:16:33 UTC 2026","Presented Checks — Smoke","specs\Smoke\5-PresentedChecksSmoke.spec.ts","",""
"","13588","Saved Filters dropdown is visible and defaults to no preset","chromium","Tue Sep 22 10:21:43 UTC 2026","passed","Tue Sep 22 10:21:57 UTC 2026","ACH — Smoke","specs\Smoke\7-ACHSmoke.spec.ts","",""
"","9706","Pay/Return decision badge navigates to exception history","msedge","Tue Sep 22 10:22:19 UTC 2026","passed","Tue Sep 22 10:22:28 UTC 2026","ACH — Smoke","specs\Smoke\7-ACHSmoke.spec.ts","",""
"","17422","Notification Templates sub-page loads correctly","webkit","Tue Sep 22 10:34:24 UTC 2026","passed","Tue Sep 22 10:34:41 UTC 2026","Application Navigation Smoke Tests","specs\Smoke\2-NavigationSmoke.spec.ts","",""
"","10301","""Uploaded ACH"" navigates to the uploads page","chromium","Tue Sep 22 10:20:10 UTC 2026","passed","Tue Sep 22 10:20:20 UTC 2026","ACH — Smoke","specs\Smoke\7-ACHSmoke.spec.ts","",""
"","6548","Verify delayed data note and force refresh link are visible on dashboard","chromium","Tue Sep 22 10:14:41 UTC 2026","passed","Tue Sep 22 10:14:48 UTC 2026","Home Dashboard","specs\Smoke\3-HomeDashboardSmoke.spec.ts","",""
"","10713","""Edit"" link on a row navigates to the check edit form","chromium","Tue Sep 22 10:18:58 UTC 2026","passed","Tue Sep 22 10:19:09 UTC 2026","Issued Checks — Smoke (Continued)","specs\Smoke\4-IssuedChecksSmoke.spec.ts","",""
"","20948","Search box filters grid and clears correctly","webkit","Tue Sep 22 10:45:00 UTC 2026","passed","Tue Sep 22 10:45:21 UTC 2026","Exceptions — Smoke","specs\Smoke\8-ExceptionsSmoke.spec.ts","",""
"","23018","Pay/Return decision badge navigates to exception history","firefox","Tue Sep 22 10:28:43 UTC 2026","passed","Tue Sep 22 10:29:06 UTC 2026","ACH — Smoke","specs\Smoke\7-ACHSmoke.spec.ts","",""
"","6858","ACH page loads correctly","msedge","Tue Sep 22 10:12:20 UTC 2026","passed","Tue Sep 22 10:12:27 UTC 2026","Application Navigation Smoke Tests","specs\Smoke\2-NavigationSmoke.spec.ts","",""
"","19346","Exceptions page loads correctly","webkit","Tue Sep 22 10:30:44 UTC 2026","passed","Tue Sep 22 10:31:03 UTC 2026","Application Navigation Smoke Tests","specs\Smoke\2-NavigationSmoke.spec.ts","",""
"","19911","Clicking a column header sorts ascending, clicking again sorts descending","firefox","Tue Sep 22 10:22:17 UTC 2026","passed","Tue Sep 22 10:22:37 UTC 2026","Issued Checks — Smoke (Continued)","specs\Smoke\4-IssuedChecksSmoke.spec.ts","",""
"","12113","Notification Log sub-page loads correctly","firefox","Tue Sep 22 10:17:38 UTC 2026","passed","Tue Sep 22 10:17:50 UTC 2026","Application Navigation Smoke Tests","specs\Smoke\2-NavigationSmoke.spec.ts","",""
"","7648","Verify navigation to Exceptions via nav menu","chromium","Tue Sep 22 10:15:33 UTC 2026","passed","Tue Sep 22 10:15:41 UTC 2026","Home Dashboard","specs\Smoke\3-HomeDashboardSmoke.spec.ts","",""
"","13281","Validate Login functionality with correctCredentials","chromium","Tue Sep 22 10:11:36 UTC 2026","passed","Tue Sep 22 10:11:50 UTC 2026","","specs\Smoke\1-LoginSmoke.spec.ts","",""
"","10798","Last page arrow jumps to the final page","chromium","Tue Sep 22 10:17:14 UTC 2026","passed","Tue Sep 22 10:17:25 UTC 2026","Presented Checks — Smoke","specs\Smoke\5-PresentedChecksSmoke.spec.ts","",""
"","17610","""+ Add Check"" navigates to the add-check form","webkit","Tue Sep 22 10:37:49 UTC 2026","passed","Tue Sep 22 10:38:06 UTC 2026","Issued Checks — Smoke","specs\Smoke\4-IssuedChecksSmoke.spec.ts","",""
"","11000","""Edit"" link on a row navigates to the check edit form","chromium","Tue Sep 22 10:19:06 UTC 2026","passed","Tue Sep 22 10:19:17 UTC 2026","Presented Checks — Smoke (Continued)","specs\Smoke\5-PresentedChecksSmoke.spec.ts","",""
"","14572","Last page arrow jumps to the final page","firefox","Tue Sep 22 10:20:21 UTC 2026","passed","Tue Sep 22 10:20:36 UTC 2026","Presented Checks — Smoke","specs\Smoke\5-PresentedChecksSmoke.spec.ts","",""
"","9975","Verify chart title changes with selected tab","chromium","Tue Sep 22 10:14:08 UTC 2026","passed","Tue Sep 22 10:14:18 UTC 2026","Home Dashboard","specs\Smoke\3-HomeDashboardSmoke.spec.ts","",""
"","6074","Approvals page loads with either records or the empty-state message","chromium","Tue Sep 22 10:24:08 UTC 2026","passed","Tue Sep 22 10:24:14 UTC 2026","Exceptions — Smoke (Continued)","specs\Smoke\8-ExceptionsSmoke.spec.ts","",""
"","13633","""Uploaded Checks"" navigates to the uploads page","firefox","Tue Sep 22 10:18:09 UTC 2026","passed","Tue Sep 22 10:18:22 UTC 2026","Issued Checks — Smoke","specs\Smoke\4-IssuedChecksSmoke.spec.ts","",""
"","4462","Validate Login functionality with emptyFields","firefox","Tue Sep 22 10:12:21 UTC 2026","passed","Tue Sep 22 10:12:26 UTC 2026","","specs\Smoke\1-LoginSmoke.spec.ts","",""
"","11081","Column filter popup applies a filter and Clear restores the full row set","msedge","Tue Sep 22 10:19:33 UTC 2026","passed","Tue Sep 22 10:19:44 UTC 2026","Presented Checks — Smoke (Continued)","specs\Smoke\5-PresentedChecksSmoke.spec.ts","",""
"","8266","Notification Log sub-page loads correctly","msedge","Tue Sep 22 10:14:30 UTC 2026","passed","Tue Sep 22 10:14:38 UTC 2026","Application Navigation Smoke Tests","specs\Smoke\2-NavigationSmoke.spec.ts","",""
"","11603","Default filter auto-applies after logout and re-login","msedge","Tue Sep 22 10:17:22 UTC 2026","skipped","Tue Sep 22 10:17:34 UTC 2026","Issued Checks — Default Filter (Serial)","specs\Smoke\4-IssuedChecksSmoke.spec.ts","",""
"","12585","Typing a page number navigates to that page","msedge","Tue Sep 22 10:21:30 UTC 2026","passed","Tue Sep 22 10:21:43 UTC 2026","Exceptions — Smoke","specs\Smoke\8-ExceptionsSmoke.spec.ts","",""
"","25087","Column filter menu applies a filter and Clear restores the full row set","webkit","Tue Sep 22 10:48:47 UTC 2026","passed","Tue Sep 22 10:49:12 UTC 2026","Exceptions — Smoke (Continued)","specs\Smoke\8-ExceptionsSmoke.spec.ts","",""
"","20196","Decision badge on an already-reviewed row is blocked with a system message","firefox","Tue Sep 22 10:28:12 UTC 2026","passed","Tue Sep 22 10:28:32 UTC 2026","Exceptions — Smoke (Continued)","specs\Smoke\8-ExceptionsSmoke.spec.ts","",""
"","19092","""Uploaded Checks"" navigates to the uploads page","webkit","Tue Sep 22 10:38:39 UTC 2026","passed","Tue Sep 22 10:38:58 UTC 2026","Presented Checks — Smoke","specs\Smoke\5-PresentedChecksSmoke.spec.ts","",""
"","17797","Navigation tabs to Pre-Decisions, Approvals, and Exception History are visible","webkit","Tue Sep 22 10:50:23 UTC 2026","passed","Tue Sep 22 10:50:41 UTC 2026","Exceptions — Smoke (Continued)","specs\Smoke\8-ExceptionsSmoke.spec.ts","",""
"","9077","""Uploaded Checks"" navigates to the uploads page","msedge","Tue Sep 22 10:16:01 UTC 2026","passed","Tue Sep 22 10:16:10 UTC 2026","Presented Checks — Smoke","specs\Smoke\5-PresentedChecksSmoke.spec.ts","",""
"","18950","""View"" (Change Log) link on a row navigates to the entity log","webkit","Tue Sep 22 10:49:13 UTC 2026","passed","Tue Sep 22 10:49:32 UTC 2026","ACH — Smoke","specs\Smoke\7-ACHSmoke.spec.ts","",""
"","9643","Excel export button is visible and enabled","msedge","Tue Sep 22 10:15:53 UTC 2026","passed","Tue Sep 22 10:16:03 UTC 2026","Issued Checks — Smoke","specs\Smoke\4-IssuedChecksSmoke.spec.ts","",""
"","18446","""View"" (Change Log) link on a row navigates to the entity log","firefox","Tue Sep 22 10:28:04 UTC 2026","passed","Tue Sep 22 10:28:22 UTC 2026","ACH — Smoke","specs\Smoke\7-ACHSmoke.spec.ts","",""
"","9813","File Formats sub-page loads correctly","chromium","Tue Sep 22 10:14:00 UTC 2026","passed","Tue Sep 22 10:14:10 UTC 2026","Application Navigation Smoke Tests","specs\Smoke\2-NavigationSmoke.spec.ts","",""
"","13108","Branding sub-page loads correctly","firefox","Tue Sep 22 10:15:29 UTC 2026","passed","Tue Sep 22 10:15:42 UTC 2026","Application Navigation Smoke Tests","specs\Smoke\2-NavigationSmoke.spec.ts","",""
"","12155","Search box filters grid and clears correctly","chromium","Tue Sep 22 10:20:20 UTC 2026","passed","Tue Sep 22 10:20:32 UTC 2026","ACH — Smoke","specs\Smoke\7-ACHSmoke.spec.ts","",""
"","14551","Validate Login functionality with sqlInjection","webkit","Tue Sep 22 10:30:50 UTC 2026","passed","Tue Sep 22 10:31:04 UTC 2026","","specs\Smoke\1-LoginSmoke.spec.ts","",""
"","18774","Last page arrow jumps to the final page","webkit","Tue Sep 22 10:39:37 UTC 2026","passed","Tue Sep 22 10:39:55 UTC 2026","Issued Checks — Smoke","specs\Smoke\4-IssuedChecksSmoke.spec.ts","",""
"","9090","Branding sub-page loads correctly","chromium","Tue Sep 22 10:13:21 UTC 2026","passed","Tue Sep 22 10:13:30 UTC 2026","Application Navigation Smoke Tests","specs\Smoke\2-NavigationSmoke.spec.ts","",""
"","4444","ACH breadcrumb link is visible on the page","msedge","Tue Sep 22 10:22:28 UTC 2026","passed","Tue Sep 22 10:22:33 UTC 2026","ACH — Smoke","specs\Smoke\7-ACHSmoke.spec.ts","",""
"","10261","Issued Checks breadcrumb link is visible on the page","chromium","Tue Sep 22 10:19:29 UTC 2026","passed","Tue Sep 22 10:19:39 UTC 2026","Issued Checks — Smoke (Continued)","specs\Smoke\4-IssuedChecksSmoke.spec.ts","",""
"","5202","""Edit"" link on a row navigates to the check edit form","msedge","Tue Sep 22 10:18:55 UTC 2026","passed","Tue Sep 22 10:19:00 UTC 2026","Issued Checks — Smoke (Continued)","specs\Smoke\4-IssuedChecksSmoke.spec.ts","",""
"","10585","Grid loads with data rows and key column headers","chromium","Tue Sep 22 10:15:50 UTC 2026","passed","Tue Sep 22 10:16:01 UTC 2026","Issued Checks — Smoke","specs\Smoke\4-IssuedChecksSmoke.spec.ts","",""
"","10207","Grid loads with data rows and key column headers","msedge","Tue Sep 22 10:19:33 UTC 2026","passed","Tue Sep 22 10:19:43 UTC 2026","ACH — Smoke","specs\Smoke\7-ACHSmoke.spec.ts","",""
"","18893","Column filter popup applies a filter and Clear restores the full row set","firefox","Tue Sep 22 10:22:37 UTC 2026","passed","Tue Sep 22 10:22:56 UTC 2026","Issued Checks — Smoke (Continued)","specs\Smoke\4-IssuedChecksSmoke.spec.ts","",""
"","10646","Last page arrow jumps to the final page","msedge","Tue Sep 22 10:20:37 UTC 2026","passed","Tue Sep 22 10:20:47 UTC 2026","ACH — Smoke","specs\Smoke\7-ACHSmoke.spec.ts","",""
"","8134","""Uploaded ACH"" navigates to the uploads page","msedge","Tue Sep 22 10:19:52 UTC 2026","passed","Tue Sep 22 10:20:01 UTC 2026","ACH — Smoke","specs\Smoke\7-ACHSmoke.spec.ts","",""
"","7974","Verify navigation to ACH via nav menu","chromium","Tue Sep 22 10:15:26 UTC 2026","passed","Tue Sep 22 10:15:33 UTC 2026","Home Dashboard","specs\Smoke\3-HomeDashboardSmoke.spec.ts","",""
"","4602","Validate Login functionality with incorrectUsername","msedge","Tue Sep 22 10:12:12 UTC 2026","passed","Tue Sep 22 10:12:17 UTC 2026","","specs\Smoke\1-LoginSmoke.spec.ts","",""
"","6726","Verify navigation to Settings via nav menu","msedge","Tue Sep 22 10:15:36 UTC 2026","passed","Tue Sep 22 10:15:43 UTC 2026","Home Dashboard","specs\Smoke\3-HomeDashboardSmoke.spec.ts","",""
"","9524","""View"" (Change Log) link on a row navigates to the entity log","chromium","Tue Sep 22 10:19:09 UTC 2026","passed","Tue Sep 22 10:19:18 UTC 2026","Issued Checks — Smoke (Continued)","specs\Smoke\4-IssuedChecksSmoke.spec.ts","",""
"","6727","Verify summary KPI values have expected number formats","msedge","Tue Sep 22 10:14:23 UTC 2026","passed","Tue Sep 22 10:14:30 UTC 2026","Home Dashboard","specs\Smoke\3-HomeDashboardSmoke.spec.ts","",""
"","12693","Open Exceptions page loads with either exception cards or the empty-state message","firefox","Tue Sep 22 10:28:57 UTC 2026","passed","Tue Sep 22 10:29:10 UTC 2026","Exceptions — Smoke (Continued)","specs\Smoke\8-ExceptionsSmoke.spec.ts","",""
"","6132","Presented Checks page loads correctly","msedge","Tue Sep 22 10:12:07 UTC 2026","passed","Tue Sep 22 10:12:14 UTC 2026","Application Navigation Smoke Tests","specs\Smoke\2-NavigationSmoke.spec.ts","",""
"","9479","""+ Add Check"" navigates to the add-check form","chromium","Tue Sep 22 10:16:13 UTC 2026","passed","Tue Sep 22 10:16:23 UTC 2026","Presented Checks — Smoke","specs\Smoke\5-PresentedChecksSmoke.spec.ts","",""
"","7581","Pre-Decisions page loads with either records or the empty-state message","chromium","Tue Sep 22 10:24:14 UTC 2026","passed","Tue Sep 22 10:24:22 UTC 2026","Exceptions — Smoke (Continued)","specs\Smoke\8-ExceptionsSmoke.spec.ts","",""
"","4867","Validate forgot password functionality","msedge","Tue Sep 22 10:12:47 UTC 2026","passed","Tue Sep 22 10:12:52 UTC 2026","","specs\Smoke\1-LoginSmoke.spec.ts","",""
"","4594","Exceptions breadcrumb link is visible on the page","msedge","Tue Sep 22 10:23:22 UTC 2026","passed","Tue Sep 22 10:23:27 UTC 2026","Exceptions — Smoke (Continued)","specs\Smoke\8-ExceptionsSmoke.spec.ts","",""
"","13091","Grid loads with data rows and key column headers","firefox","Tue Sep 22 10:24:00 UTC 2026","passed","Tue Sep 22 10:24:14 UTC 2026","ACH — Smoke","specs\Smoke\7-ACHSmoke.spec.ts","",""
"","12160","Search box filters grid and clears correctly","chromium","Tue Sep 22 10:20:10 UTC 2026","passed","Tue Sep 22 10:20:22 UTC 2026","Exceptions — Smoke","specs\Smoke\8-ExceptionsSmoke.spec.ts","",""
"","12934","Settings page loads correctly","firefox","Tue Sep 22 10:13:05 UTC 2026","passed","Tue Sep 22 10:13:17 UTC 2026","Application Navigation Smoke Tests","specs\Smoke\2-NavigationSmoke.spec.ts","",""
"","21379","""Delete"" on a row shows a confirm modal; Cancel dismisses it without deleting","webkit","Tue Sep 22 10:49:32 UTC 2026","passed","Tue Sep 22 10:49:54 UTC 2026","ACH — Smoke","specs\Smoke\7-ACHSmoke.spec.ts","",""
"","16081","Next page arrow advances to page 2","firefox","Tue Sep 22 10:25:23 UTC 2026","passed","Tue Sep 22 10:25:39 UTC 2026","Exceptions — Smoke","specs\Smoke\8-ExceptionsSmoke.spec.ts","",""
"","7681","Verify Home dashboard is restored after returning from another page","chromium","Tue Sep 22 10:15:03 UTC 2026","passed","Tue Sep 22 10:15:11 UTC 2026","Home Dashboard","specs\Smoke\3-HomeDashboardSmoke.spec.ts","",""
"","10087","Page size change to 10 updates pagination info in bottom-right pager","firefox","Tue Sep 22 10:20:00 UTC 2026","passed","Tue Sep 22 10:20:10 UTC 2026","Presented Checks — Smoke","specs\Smoke\5-PresentedChecksSmoke.spec.ts","",""
"","10597","Search box filters grid and clears correctly","firefox","Tue Sep 22 10:19:39 UTC 2026","passed","Tue Sep 22 10:19:50 UTC 2026","Presented Checks — Smoke","specs\Smoke\5-PresentedChecksSmoke.spec.ts","",""
"","9990","""View"" (Change Log) link on a row navigates to the entity log","chromium","Tue Sep 22 10:23:10 UTC 2026","passed","Tue Sep 22 10:23:20 UTC 2026","ACH — Smoke","specs\Smoke\7-ACHSmoke.spec.ts","",""
"","4349","Validate Login functionality with sqlInjection","msedge","Tue Sep 22 10:12:35 UTC 2026","passed","Tue Sep 22 10:12:39 UTC 2026","","specs\Smoke\1-LoginSmoke.spec.ts","",""
"","8946","Verify ACH Only tab shows ACH-specific chart sections","firefox","Tue Sep 22 10:14:18 UTC 2026","passed","Tue Sep 22 10:14:27 UTC 2026","Home Dashboard","specs\Smoke\3-HomeDashboardSmoke.spec.ts","",""
"","3747","Validate Login functionality with veryLongInput","msedge","Tue Sep 22 10:12:44 UTC 2026","passed","Tue Sep 22 10:12:47 UTC 2026","","specs\Smoke\1-LoginSmoke.spec.ts","",""
"","27619","Decision badge on an already-reviewed row is blocked with a system message","webkit","Tue Sep 22 10:49:37 UTC 2026","passed","Tue Sep 22 10:50:05 UTC 2026","Exceptions — Smoke (Continued)","specs\Smoke\8-ExceptionsSmoke.spec.ts","",""
"","27838","Default filter auto-applies after logout and re-login","chromium","Tue Sep 22 10:21:57 UTC 2026","passed","Tue Sep 22 10:22:25 UTC 2026","ACH — Smoke","specs\Smoke\7-ACHSmoke.spec.ts","",""
"","5160","Validate forgot password functionality","chromium","Tue Sep 22 10:12:45 UTC 2026","passed","Tue Sep 22 10:12:51 UTC 2026","","specs\Smoke\1-LoginSmoke.spec.ts","",""
"","17273","Decision Files sub-page loads correctly","webkit","Tue Sep 22 10:33:33 UTC 2026","passed","Tue Sep 22 10:33:51 UTC 2026","Application Navigation Smoke Tests","specs\Smoke\2-NavigationSmoke.spec.ts","",""
"","23251","Validate Login functionality with xssInUsername","webkit","Tue Sep 22 10:31:04 UTC 2026","passed","Tue Sep 22 10:31:28 UTC 2026","","specs\Smoke\1-LoginSmoke.spec.ts","",""
"","15711","Validate Login functionality with veryLongInput","webkit","Tue Sep 22 10:31:28 UTC 2026","passed","Tue Sep 22 10:31:43 UTC 2026","","specs\Smoke\1-LoginSmoke.spec.ts","",""
"","11209","Page size change to 10 updates pagination info in bottom-right pager","chromium","Tue Sep 22 10:20:43 UTC 2026","passed","Tue Sep 22 10:20:54 UTC 2026","ACH — Smoke","specs\Smoke\7-ACHSmoke.spec.ts","",""
"","16019","ACH page loads correctly","webkit","Tue Sep 22 10:30:28 UTC 2026","passed","Tue Sep 22 10:30:44 UTC 2026","Application Navigation Smoke Tests","specs\Smoke\2-NavigationSmoke.spec.ts","",""
"","17767","Excel export button is visible and enabled","firefox","Tue Sep 22 10:24:51 UTC 2026","passed","Tue Sep 22 10:25:08 UTC 2026","Exceptions — Smoke","specs\Smoke\8-ExceptionsSmoke.spec.ts","",""
"","9263","""+ Add Check"" navigates to the add-check form","msedge","Tue Sep 22 10:15:51 UTC 2026","passed","Tue Sep 22 10:16:01 UTC 2026","Presented Checks — Smoke","specs\Smoke\5-PresentedChecksSmoke.spec.ts","",""
"","15433","Teller page loads correctly","webkit","Tue Sep 22 10:30:12 UTC 2026","passed","Tue Sep 22 10:30:28 UTC 2026","Application Navigation Smoke Tests","specs\Smoke\2-NavigationSmoke.spec.ts","",""
"","19342","Last page arrow jumps to the final page","webkit","Tue Sep 22 10:46:16 UTC 2026","passed","Tue Sep 22 10:46:36 UTC 2026","ACH — Smoke","specs\Smoke\7-ACHSmoke.spec.ts","",""
"","5090","Validate Login functionality with incorrectPassword","msedge","Tue Sep 22 10:12:07 UTC 2026","passed","Tue Sep 22 10:12:12 UTC 2026","","specs\Smoke\1-LoginSmoke.spec.ts","",""
"","12916","Presented Checks page loads correctly","firefox","Tue Sep 22 10:12:12 UTC 2026","passed","Tue Sep 22 10:12:25 UTC 2026","Application Navigation Smoke Tests","specs\Smoke\2-NavigationSmoke.spec.ts","",""
"","8064","Validate Login functionality with veryLongInput","firefox","Tue Sep 22 10:12:53 UTC 2026","passed","Tue Sep 22 10:13:01 UTC 2026","","specs\Smoke\1-LoginSmoke.spec.ts","",""
"","21024","Clicking a column header sorts ascending, clicking again sorts descending","webkit","Tue Sep 22 10:42:23 UTC 2026","passed","Tue Sep 22 10:42:44 UTC 2026","Presented Checks — Smoke (Continued)","specs\Smoke\5-PresentedChecksSmoke.spec.ts","",""
"","17465","Verify dashboard footer footnote and privacy link are visible","msedge","Tue Sep 22 10:14:37 UTC 2026","passed","Tue Sep 22 10:14:55 UTC 2026","Home Dashboard","specs\Smoke\3-HomeDashboardSmoke.spec.ts","",""
"","7120","Account Settings sub-page loads correctly","msedge","Tue Sep 22 10:12:39 UTC 2026","passed","Tue Sep 22 10:12:47 UTC 2026","Application Navigation Smoke Tests","specs\Smoke\2-NavigationSmoke.spec.ts","",""
"","17495","Verify delayed data note and force refresh link are visible on dashboard","webkit","Tue Sep 22 10:35:47 UTC 2026","passed","Tue Sep 22 10:36:05 UTC 2026","Home Dashboard","specs\Smoke\3-HomeDashboardSmoke.spec.ts","",""
"","5896","Validate forgot password functionality with No email","chromium","Tue Sep 22 10:12:51 UTC 2026","passed","Tue Sep 22 10:12:57 UTC 2026","","specs\Smoke\1-LoginSmoke.spec.ts","",""
"","6193","""Delete"" on a row shows a confirm modal; Cancel dismisses it without deleting","msedge","Tue Sep 22 10:22:13 UTC 2026","passed","Tue Sep 22 10:22:19 UTC 2026","ACH — Smoke","specs\Smoke\7-ACHSmoke.spec.ts","",""
"","7365","Verify dashboard footer footnote and privacy link are visible","chromium","Tue Sep 22 10:14:48 UTC 2026","passed","Tue Sep 22 10:14:55 UTC 2026","Home Dashboard","specs\Smoke\3-HomeDashboardSmoke.spec.ts","",""
"","12675","Save a filter preset, verify it is auto-selected, then delete it","msedge","Tue Sep 22 10:19:11 UTC 2026","passed","Tue Sep 22 10:19:23 UTC 2026","Presented Checks — Smoke (Continued)","specs\Smoke\5-PresentedChecksSmoke.spec.ts","",""
"","32199","Save a filter preset, verify it is auto-selected, then delete it","webkit","Tue Sep 22 10:41:51 UTC 2026","passed","Tue Sep 22 10:42:23 UTC 2026","Presented Checks — Smoke (Continued)","specs\Smoke\5-PresentedChecksSmoke.spec.ts","",""
"","16607","Holiday Schedules sub-page loads correctly","webkit","Tue Sep 22 10:33:51 UTC 2026","passed","Tue Sep 22 10:34:07 UTC 2026","Application Navigation Smoke Tests","specs\Smoke\2-NavigationSmoke.spec.ts","",""
"","8069","Verify all three dashboard view tabs are visible","firefox","Tue Sep 22 10:13:47 UTC 2026","passed","Tue Sep 22 10:13:55 UTC 2026","Home Dashboard","specs\Smoke\3-HomeDashboardSmoke.spec.ts","",""
"","11074","Decision Files sub-page loads correctly","chromium","Tue Sep 22 10:13:40 UTC 2026","passed","Tue Sep 22 10:13:51 UTC 2026","Application Navigation Smoke Tests","specs\Smoke\2-NavigationSmoke.spec.ts","",""
"","13460","Validate Login functionality with correctCredentials","webkit","Tue Sep 22 10:29:24 UTC 2026","passed","Tue Sep 22 10:29:38 UTC 2026","","specs\Smoke\1-LoginSmoke.spec.ts","",""
"","15641","Verify navigation to ACH via nav menu","webkit","Tue Sep 22 10:37:19 UTC 2026","passed","Tue Sep 22 10:37:35 UTC 2026","Home Dashboard","specs\Smoke\3-HomeDashboardSmoke.spec.ts","",""
"","26067","Settings page loads correctly","webkit","Tue Sep 22 10:31:03 UTC 2026","passed","Tue Sep 22 10:31:29 UTC 2026","Application Navigation Smoke Tests","specs\Smoke\2-NavigationSmoke.spec.ts","",""
"","11251","Typing a page number navigates to that page","chromium","Tue Sep 22 10:21:06 UTC 2026","passed","Tue Sep 22 10:21:17 UTC 2026","Exceptions — Smoke","specs\Smoke\8-ExceptionsSmoke.spec.ts","",""
"","11202","Next page arrow advances to page 2","chromium","Tue Sep 22 10:20:43 UTC 2026","passed","Tue Sep 22 10:20:54 UTC 2026","Exceptions — Smoke","specs\Smoke\8-ExceptionsSmoke.spec.ts","",""
"","10798","Holiday Schedules sub-page loads correctly","firefox","Tue Sep 22 10:16:10 UTC 2026","passed","Tue Sep 22 10:16:21 UTC 2026","Application Navigation Smoke Tests","specs\Smoke\2-NavigationSmoke.spec.ts","",""
"","12089","Clicking a column header sorts ascending, clicking again sorts descending","chromium","Tue Sep 22 10:18:33 UTC 2026","passed","Tue Sep 22 10:18:45 UTC 2026","Issued Checks — Smoke (Continued)","specs\Smoke\4-IssuedChecksSmoke.spec.ts","",""
"","9506","Notification Templates sub-page loads correctly","chromium","Tue Sep 22 10:14:10 UTC 2026","passed","Tue Sep 22 10:14:20 UTC 2026","Application Navigation Smoke Tests","specs\Smoke\2-NavigationSmoke.spec.ts","",""
"","17499","Web Hooks sub-page loads correctly","webkit","Tue Sep 22 10:37:11 UTC 2026","passed","Tue Sep 22 10:37:29 UTC 2026","Application Navigation Smoke Tests","specs\Smoke\2-NavigationSmoke.spec.ts","",""
"","9207","Check Approval Rules sub-page loads correctly","chromium","Tue Sep 22 10:14:29 UTC 2026","passed","Tue Sep 22 10:14:38 UTC 2026","Application Navigation Smoke Tests","specs\Smoke\2-NavigationSmoke.spec.ts","",""
"","5618","Validate Login functionality with incorrectUsername","chromium","Tue Sep 22 10:12:03 UTC 2026","passed","Tue Sep 22 10:12:08 UTC 2026","","specs\Smoke\1-LoginSmoke.spec.ts","",""
"","10832","Excel export button is visible and enabled","msedge","Tue Sep 22 10:16:24 UTC 2026","passed","Tue Sep 22 10:16:35 UTC 2026","Presented Checks — Smoke","specs\Smoke\5-PresentedChecksSmoke.spec.ts","",""
"","6924","Grid View toggle navigates to the open-exceptions grid and shows key column headers","msedge","Tue Sep 22 10:23:40 UTC 2026","passed","Tue Sep 22 10:23:47 UTC 2026","Exceptions — Smoke (Continued)","specs\Smoke\8-ExceptionsSmoke.spec.ts","",""
"","25482","Column filter popup applies a filter and Clear restores the full row set","webkit","Tue Sep 22 10:48:48 UTC 2026","passed","Tue Sep 22 10:49:13 UTC 2026","ACH — Smoke","specs\Smoke\7-ACHSmoke.spec.ts","",""
"","11661","Default filter auto-applies after logout and re-login","msedge","Tue Sep 22 10:17:55 UTC 2026","skipped","Tue Sep 22 10:18:07 UTC 2026","Presented Checks — Default Filter (Serial)","specs\Smoke\5-PresentedChecksSmoke.spec.ts","",""
"","11138","Excel export button is visible and enabled","chromium","Tue Sep 22 10:20:32 UTC 2026","passed","Tue Sep 22 10:20:43 UTC 2026","ACH — Smoke","specs\Smoke\7-ACHSmoke.spec.ts","",""
"","11112","Next page arrow advances to page 2","firefox","Tue Sep 22 10:20:10 UTC 2026","passed","Tue Sep 22 10:20:21 UTC 2026","Presented Checks — Smoke","specs\Smoke\5-PresentedChecksSmoke.spec.ts","",""
"","8819","File Processing sub-page loads correctly","chromium","Tue Sep 22 10:15:35 UTC 2026","passed","Tue Sep 22 10:15:44 UTC 2026","Application Navigation Smoke Tests","specs\Smoke\2-NavigationSmoke.spec.ts","",""
"","19105","""Edit"" link on a row navigates to the check edit form","firefox","Tue Sep 22 10:22:56 UTC 2026","passed","Tue Sep 22 10:23:15 UTC 2026","Issued Checks — Smoke (Continued)","specs\Smoke\4-IssuedChecksSmoke.spec.ts","",""
"","6582","Navigation tabs to Pre-Decisions, Approvals, and Exception History are visible","msedge","Tue Sep 22 10:23:27 UTC 2026","passed","Tue Sep 22 10:23:33 UTC 2026","Exceptions — Smoke (Continued)","specs\Smoke\8-ExceptionsSmoke.spec.ts","",""
"","15489","Issued Checks page loads correctly","webkit","Tue Sep 22 10:29:42 UTC 2026","passed","Tue Sep 22 10:29:58 UTC 2026","Application Navigation Smoke Tests","specs\Smoke\2-NavigationSmoke.spec.ts","",""
"","10483","Typing a page number navigates to that page","chromium","Tue Sep 22 10:17:25 UTC 2026","passed","Tue Sep 22 10:17:35 UTC 2026","Presented Checks — Smoke","specs\Smoke\5-PresentedChecksSmoke.spec.ts","",""
"","9426","""Uploaded Checks"" navigates to the uploads page","chromium","Tue Sep 22 10:16:10 UTC 2026","passed","Tue Sep 22 10:16:20 UTC 2026","Issued Checks — Smoke","specs\Smoke\4-IssuedChecksSmoke.spec.ts","",""
"","29406","Default filter auto-applies after logout and re-login","chromium","Tue Sep 22 10:17:47 UTC 2026","passed","Tue Sep 22 10:18:16 UTC 2026","Issued Checks — Default Filter (Serial)","specs\Smoke\4-IssuedChecksSmoke.spec.ts","",""
"","10376","Verify tab-specific charts are hidden for opposite tab","msedge","Tue Sep 22 10:14:06 UTC 2026","passed","Tue Sep 22 10:14:16 UTC 2026","Home Dashboard","specs\Smoke\3-HomeDashboardSmoke.spec.ts","",""
"","9635","Notification Log sub-page loads correctly","chromium","Tue Sep 22 10:15:06 UTC 2026","passed","Tue Sep 22 10:15:15 UTC 2026","Application Navigation Smoke Tests","specs\Smoke\2-NavigationSmoke.spec.ts","",""
"","9677","Default filter auto-applies after logout and re-login","msedge","Tue Sep 22 10:21:20 UTC 2026","skipped","Tue Sep 22 10:21:30 UTC 2026","ACH — Smoke","specs\Smoke\7-ACHSmoke.spec.ts","",""
"","8318","Save a filter preset, verify it is auto-selected, then delete it","msedge","Tue Sep 22 10:22:47 UTC 2026","passed","Tue Sep 22 10:22:55 UTC 2026","Exceptions — Smoke (Continued)","specs\Smoke\8-ExceptionsSmoke.spec.ts","",""
"","17329","Saved Filters dropdown is visible and defaults to no preset","webkit","Tue Sep 22 10:40:38 UTC 2026","passed","Tue Sep 22 10:40:56 UTC 2026","Issued Checks — Smoke","specs\Smoke\4-IssuedChecksSmoke.spec.ts","",""
"","3734","Default filter auto-applies after logout and re-login","msedge","Tue Sep 22 10:22:43 UTC 2026","skipped","Tue Sep 22 10:22:47 UTC 2026","Exceptions — Default Filter (Serial)","specs\Smoke\8-ExceptionsSmoke.spec.ts","",""
"","13508","Previous page button returns to page 1, First page button re-enables disabled state","chromium","Tue Sep 22 10:21:17 UTC 2026","passed","Tue Sep 22 10:21:31 UTC 2026","Exceptions — Smoke","specs\Smoke\8-ExceptionsSmoke.spec.ts","",""
"","20662","Next page arrow advances to page 2","webkit","Tue Sep 22 10:45:56 UTC 2026","passed","Tue Sep 22 10:46:16 UTC 2026","ACH — Smoke","specs\Smoke\7-ACHSmoke.spec.ts","",""
"","6985","Verify navigation to Exceptions via nav menu","msedge","Tue Sep 22 10:15:29 UTC 2026","passed","Tue Sep 22 10:15:36 UTC 2026","Home Dashboard","specs\Smoke\3-HomeDashboardSmoke.spec.ts","",""
"","18101","Verify Home dashboard is restored after returning from another page","firefox","Tue Sep 22 10:16:31 UTC 2026","passed","Tue Sep 22 10:16:49 UTC 2026","Home Dashboard","specs\Smoke\3-HomeDashboardSmoke.spec.ts","",""
"","8414","Validate Login functionality with incorrectPassword","webkit","Tue Sep 22 10:29:53 UTC 2026","passed","Tue Sep 22 10:30:02 UTC 2026","","specs\Smoke\1-LoginSmoke.spec.ts","",""
"","12260","Default filter auto-applies after logout and re-login","webkit","Tue Sep 22 10:47:40 UTC 2026","skipped","Tue Sep 22 10:47:52 UTC 2026","Exceptions — Default Filter (Serial)","specs\Smoke\8-ExceptionsSmoke.spec.ts","",""
"","12608","Previous page button returns to page 1, First page button re-enables disabled state","chromium","Tue Sep 22 10:17:24 UTC 2026","passed","Tue Sep 22 10:17:36 UTC 2026","Issued Checks — Smoke","specs\Smoke\4-IssuedChecksSmoke.spec.ts","",""
"","10561","Last page arrow jumps to the final page","msedge","Tue Sep 22 10:17:05 UTC 2026","passed","Tue Sep 22 10:17:15 UTC 2026","Presented Checks — Smoke","specs\Smoke\5-PresentedChecksSmoke.spec.ts","",""
"","17959","Exceptions breadcrumb link is visible on the page","webkit","Tue Sep 22 10:50:05 UTC 2026","passed","Tue Sep 22 10:50:23 UTC 2026","Exceptions — Smoke (Continued)","specs\Smoke\8-ExceptionsSmoke.spec.ts","",""
"","13554","Presented Checks breadcrumb link is visible on the page","firefox","Tue Sep 22 10:23:43 UTC 2026","passed","Tue Sep 22 10:23:57 UTC 2026","Presented Checks — Smoke (Continued)","specs\Smoke\5-PresentedChecksSmoke.spec.ts","",""
"","5030","Saved Filters dropdown is visible and defaults to no preset","msedge","Tue Sep 22 10:22:38 UTC 2026","passed","Tue Sep 22 10:22:43 UTC 2026","Exceptions — Smoke","specs\Smoke\8-ExceptionsSmoke.spec.ts","",""
"","6309","Validate unauthenticated access to protected route is redirected to login","firefox","Tue Sep 22 10:13:32 UTC 2026","passed","Tue Sep 22 10:13:39 UTC 2026","","specs\Smoke\1-LoginSmoke.spec.ts","",""
"","14203","Search box filters grid and clears correctly","msedge","Tue Sep 22 10:16:10 UTC 2026","passed","Tue Sep 22 10:16:24 UTC 2026","Presented Checks — Smoke","specs\Smoke\5-PresentedChecksSmoke.spec.ts","",""
"","12077","Last page arrow jumps to the final page","firefox","Tue Sep 22 10:25:39 UTC 2026","passed","Tue Sep 22 10:25:51 UTC 2026","Exceptions — Smoke","specs\Smoke\8-ExceptionsSmoke.spec.ts","",""
"","14583","Automatic ACH Decision Rules sub-page loads correctly","firefox","Tue Sep 22 10:17:10 UTC 2026","passed","Tue Sep 22 10:17:24 UTC 2026","Application Navigation Smoke Tests","specs\Smoke\2-NavigationSmoke.spec.ts","",""
"","9579","Pre-Decisions page loads with either records or the empty-state message","webkit","Tue Sep 22 10:51:14 UTC 2026","passed","Tue Sep 22 10:51:23 UTC 2026","Exceptions — Smoke (Continued)","specs\Smoke\8-ExceptionsSmoke.spec.ts","",""
"","12661","Search box filters grid and clears correctly","chromium","Tue Sep 22 10:16:20 UTC 2026","passed","Tue Sep 22 10:16:33 UTC 2026","Issued Checks — Smoke","specs\Smoke\4-IssuedChecksSmoke.spec.ts","",""
"","6228","Validate Login functionality with incorrectPassword","firefox","Tue Sep 22 10:12:04 UTC 2026","passed","Tue Sep 22 10:12:10 UTC 2026","","specs\Smoke\1-LoginSmoke.spec.ts","",""
"","8476","Pay/Return decision badge navigates to exception history","msedge","Tue Sep 22 10:20:10 UTC 2026","passed","Tue Sep 22 10:20:19 UTC 2026","Presented Checks — Smoke (Continued)","specs\Smoke\5-PresentedChecksSmoke.spec.ts","",""
"","13386","Issued Checks page loads correctly","firefox","Tue Sep 22 10:11:59 UTC 2026","passed","Tue Sep 22 10:12:12 UTC 2026","Application Navigation Smoke Tests","specs\Smoke\2-NavigationSmoke.spec.ts","",""
"","13378","Previous page button returns to page 1, First page button re-enables disabled state","chromium","Tue Sep 22 10:21:30 UTC 2026","passed","Tue Sep 22 10:21:43 UTC 2026","ACH — Smoke","specs\Smoke\7-ACHSmoke.spec.ts","",""
"","7277","Verify Total Exceptions and Total Exception Amount labels are visible","chromium","Tue Sep 22 10:14:27 UTC 2026","passed","Tue Sep 22 10:14:34 UTC 2026","Home Dashboard","specs\Smoke\3-HomeDashboardSmoke.spec.ts","",""
"","9105","Teller page loads correctly","chromium","Tue Sep 22 10:12:11 UTC 2026","passed","Tue Sep 22 10:12:20 UTC 2026","Application Navigation Smoke Tests","specs\Smoke\2-NavigationSmoke.spec.ts","",""
"","4943","Validate Login functionality with invalidEmailFormat","chromium","Tue Sep 22 10:12:08 UTC 2026","passed","Tue Sep 22 10:12:13 UTC 2026","","specs\Smoke\1-LoginSmoke.spec.ts","",""
"","23811","Column filter popup applies a filter and Clear restores the full row set","webkit","Tue Sep 22 10:42:05 UTC 2026","passed","Tue Sep 22 10:42:29 UTC 2026","Issued Checks — Smoke (Continued)","specs\Smoke\4-IssuedChecksSmoke.spec.ts","",""
"","25498","Column filter popup applies a filter and Clear restores the full row set","webkit","Tue Sep 22 10:42:44 UTC 2026","passed","Tue Sep 22 10:43:10 UTC 2026","Presented Checks — Smoke (Continued)","specs\Smoke\5-PresentedChecksSmoke.spec.ts","",""
"","5754","Verify dashboard loads after successful login","msedge","Tue Sep 22 10:13:15 UTC 2026","passed","Tue Sep 22 10:13:21 UTC 2026","Home Dashboard","specs\Smoke\3-HomeDashboardSmoke.spec.ts","",""
"","14027","Verify dashboard footer footnote and privacy link are visible","firefox","Tue Sep 22 10:16:06 UTC 2026","passed","Tue Sep 22 10:16:20 UTC 2026","Home Dashboard","specs\Smoke\3-HomeDashboardSmoke.spec.ts","",""
"","17698","Verify Home dashboard is restored after returning from another page","webkit","Tue Sep 22 10:36:33 UTC 2026","passed","Tue Sep 22 10:36:50 UTC 2026","Home Dashboard","specs\Smoke\3-HomeDashboardSmoke.spec.ts","",""
"","6569","Validate forgot password functionality with No email","firefox","Tue Sep 22 10:13:07 UTC 2026","passed","Tue Sep 22 10:13:14 UTC 2026","","specs\Smoke\1-LoginSmoke.spec.ts","",""
"","18769","""Uploaded ACH"" navigates to the uploads page","webkit","Tue Sep 22 10:44:41 UTC 2026","passed","Tue Sep 22 10:45:00 UTC 2026","ACH — Smoke","specs\Smoke\7-ACHSmoke.spec.ts","",""
"","19896","Excel export button is visible and enabled","firefox","Tue Sep 22 10:18:41 UTC 2026","passed","Tue Sep 22 10:19:00 UTC 2026","Issued Checks — Smoke","specs\Smoke\4-IssuedChecksSmoke.spec.ts","",""
"","13134","""+ Add Check"" navigates to the add-check form","firefox","Tue Sep 22 10:17:55 UTC 2026","passed","Tue Sep 22 10:18:09 UTC 2026","Issued Checks — Smoke","specs\Smoke\4-IssuedChecksSmoke.spec.ts","",""
"","20021","Save a filter preset, verify it is auto-selected, then delete it","firefox","Tue Sep 22 10:21:57 UTC 2026","passed","Tue Sep 22 10:22:17 UTC 2026","Issued Checks — Smoke (Continued)","specs\Smoke\4-IssuedChecksSmoke.spec.ts","",""
"","5367","Validate Login functionality with incorrectUsername","firefox","Tue Sep 22 10:12:10 UTC 2026","passed","Tue Sep 22 10:12:15 UTC 2026","","specs\Smoke\1-LoginSmoke.spec.ts","",""
"","6498","Validate Login functionality with caseSensitiveEmail","msedge","Tue Sep 22 10:12:00 UTC 2026","passed","Tue Sep 22 10:12:07 UTC 2026","","specs\Smoke\1-LoginSmoke.spec.ts","",""
"","12855","Default filter auto-applies after logout and re-login","firefox","Tue Sep 22 10:21:45 UTC 2026","skipped","Tue Sep 22 10:21:57 UTC 2026","Issued Checks — Default Filter (Serial)","specs\Smoke\4-IssuedChecksSmoke.spec.ts","",""
"","10951","Last page arrow jumps to the final page","chromium","Tue Sep 22 10:21:07 UTC 2026","passed","Tue Sep 22 10:21:17 UTC 2026","ACH — Smoke","specs\Smoke\7-ACHSmoke.spec.ts","",""
"","10106","Next page arrow advances to page 2","msedge","Tue Sep 22 10:21:11 UTC 2026","passed","Tue Sep 22 10:21:21 UTC 2026","Exceptions — Smoke","specs\Smoke\8-ExceptionsSmoke.spec.ts","",""
"","22291","Search box filters grid and clears correctly","firefox","Tue Sep 22 10:24:28 UTC 2026","passed","Tue Sep 22 10:24:50 UTC 2026","Exceptions — Smoke","specs\Smoke\8-ExceptionsSmoke.spec.ts","",""
"","6518","Verify all three dashboard view tabs are visible","msedge","Tue Sep 22 10:13:21 UTC 2026","passed","Tue Sep 22 10:13:28 UTC 2026","Home Dashboard","specs\Smoke\3-HomeDashboardSmoke.spec.ts","",""
"","11932","Validate session persists after page refresh","firefox","Tue Sep 22 10:13:20 UTC 2026","passed","Tue Sep 22 10:13:32 UTC 2026","","specs\Smoke\1-LoginSmoke.spec.ts","",""
"","11953","Previous page button returns to page 1, First page button re-enables disabled state","msedge","Tue Sep 22 10:21:43 UTC 2026","passed","Tue Sep 22 10:21:55 UTC 2026","Exceptions — Smoke","specs\Smoke\8-ExceptionsSmoke.spec.ts","",""
"","6487","Default Decision Log sub-page loads correctly","msedge","Tue Sep 22 10:14:38 UTC 2026","passed","Tue Sep 22 10:14:45 UTC 2026","Application Navigation Smoke Tests","specs\Smoke\2-NavigationSmoke.spec.ts","",""
"","8987","Verify navigation to Settings via nav menu","chromium","Tue Sep 22 10:15:41 UTC 2026","passed","Tue Sep 22 10:15:50 UTC 2026","Home Dashboard","specs\Smoke\3-HomeDashboardSmoke.spec.ts","",""
"","8156","Verify chart title changes with selected tab","msedge","Tue Sep 22 10:13:57 UTC 2026","passed","Tue Sep 22 10:14:06 UTC 2026","Home Dashboard","specs\Smoke\3-HomeDashboardSmoke.spec.ts","",""
"","16794","Typing a page number navigates to that page","firefox","Tue Sep 22 10:25:51 UTC 2026","passed","Tue Sep 22 10:26:08 UTC 2026","Exceptions — Smoke","specs\Smoke\8-ExceptionsSmoke.spec.ts","",""
"","29791","Account Settings sub-page loads correctly","webkit","Tue Sep 22 10:31:29 UTC 2026","passed","Tue Sep 22 10:31:59 UTC 2026","Application Navigation Smoke Tests","specs\Smoke\2-NavigationSmoke.spec.ts","",""
"","18660","""View"" link on a row opens the Exception Details dialog","firefox","Tue Sep 22 10:27:54 UTC 2026","passed","Tue Sep 22 10:28:12 UTC 2026","Exceptions — Smoke (Continued)","specs\Smoke\8-ExceptionsSmoke.spec.ts","",""
"","11341","File Formats sub-page loads correctly","firefox","Tue Sep 22 10:16:21 UTC 2026","passed","Tue Sep 22 10:16:32 UTC 2026","Application Navigation Smoke Tests","specs\Smoke\2-NavigationSmoke.spec.ts","",""
"","17144","Save a filter preset, verify it is auto-selected, then delete it","chromium","Tue Sep 22 10:22:12 UTC 2026","passed","Tue Sep 22 10:22:29 UTC 2026","Exceptions — Smoke (Continued)","specs\Smoke\8-ExceptionsSmoke.spec.ts","",""
"","8738","ACH page loads correctly","chromium","Tue Sep 22 10:12:20 UTC 2026","passed","Tue Sep 22 10:12:29 UTC 2026","Application Navigation Smoke Tests","specs\Smoke\2-NavigationSmoke.spec.ts","",""
"","9709","Excel export button is visible and enabled","chromium","Tue Sep 22 10:16:33 UTC 2026","passed","Tue Sep 22 10:16:42 UTC 2026","Issued Checks — Smoke","specs\Smoke\4-IssuedChecksSmoke.spec.ts","",""
"","4249","Validate Login functionality with invalidEmailFormat","msedge","Tue Sep 22 10:12:17 UTC 2026","passed","Tue Sep 22 10:12:21 UTC 2026","","specs\Smoke\1-LoginSmoke.spec.ts","",""
"","26128","Previous page button returns to page 1, First page button re-enables disabled state","webkit","Tue Sep 22 10:46:56 UTC 2026","passed","Tue Sep 22 10:47:22 UTC 2026","Exceptions — Smoke","specs\Smoke\8-ExceptionsSmoke.spec.ts","",""
"","19128","""+ Add ACH"" navigates to the add-ACH form","webkit","Tue Sep 22 10:44:22 UTC 2026","passed","Tue Sep 22 10:44:41 UTC 2026","ACH — Smoke","specs\Smoke\7-ACHSmoke.spec.ts","",""
"","9293","Approvals page loads with either records or the empty-state message","webkit","Tue Sep 22 10:51:04 UTC 2026","passed","Tue Sep 22 10:51:14 UTC 2026","Exceptions — Smoke (Continued)","specs\Smoke\8-ExceptionsSmoke.spec.ts","",""
"","12819","Saved Filters dropdown is visible and defaults to no preset","msedge","Tue Sep 22 10:17:42 UTC 2026","passed","Tue Sep 22 10:17:55 UTC 2026","Presented Checks — Smoke","specs\Smoke\5-PresentedChecksSmoke.spec.ts","",""
"","7409","Approvals page loads with either records or the empty-state message","firefox","Tue Sep 22 10:29:26 UTC 2026","passed","Tue Sep 22 10:29:33 UTC 2026","Exceptions — Smoke (Continued)","specs\Smoke\8-ExceptionsSmoke.spec.ts","",""
"","13795","Previous page button returns to page 1, First page button re-enables disabled state","msedge","Tue Sep 22 10:17:28 UTC 2026","passed","Tue Sep 22 10:17:42 UTC 2026","Presented Checks — Smoke","specs\Smoke\5-PresentedChecksSmoke.spec.ts","",""
"","9388","System Log sub-page loads correctly","chromium","Tue Sep 22 10:15:25 UTC 2026","passed","Tue Sep 22 10:15:35 UTC 2026","Application Navigation Smoke Tests","specs\Smoke\2-NavigationSmoke.spec.ts","",""
"","19379","Save a filter preset, verify it is auto-selected, then delete it","firefox","Tue Sep 22 10:27:10 UTC 2026","passed","Tue Sep 22 10:27:29 UTC 2026","ACH — Smoke","specs\Smoke\7-ACHSmoke.spec.ts","",""
"","9198","Notification Templates sub-page loads correctly","msedge","Tue Sep 22 10:13:49 UTC 2026","passed","Tue Sep 22 10:13:58 UTC 2026","Application Navigation Smoke Tests","specs\Smoke\2-NavigationSmoke.spec.ts","",""
"","13981","Saved Filters dropdown is visible and defaults to no preset","firefox","Tue Sep 22 10:21:06 UTC 2026","passed","Tue Sep 22 10:21:20 UTC 2026","Presented Checks — Smoke","specs\Smoke\5-PresentedChecksSmoke.spec.ts","",""
"","15108","Column filter popup applies a filter and Clear restores the full row set","chromium","Tue Sep 22 10:22:55 UTC 2026","passed","Tue Sep 22 10:23:10 UTC 2026","ACH — Smoke","specs\Smoke\7-ACHSmoke.spec.ts","",""
"","16957","Notification Log sub-page loads correctly","webkit","Tue Sep 22 10:35:50 UTC 2026","passed","Tue Sep 22 10:36:07 UTC 2026","Application Navigation Smoke Tests","specs\Smoke\2-NavigationSmoke.spec.ts","",""
"","15574","Billing Reports sub-page loads correctly","webkit","Tue Sep 22 10:33:18 UTC 2026","passed","Tue Sep 22 10:33:33 UTC 2026","Application Navigation Smoke Tests","specs\Smoke\2-NavigationSmoke.spec.ts","",""
"","40688","Verify chart title changes with selected tab","firefox","Tue Sep 22 10:14:36 UTC 2026","passed","Tue Sep 22 10:15:17 UTC 2026","Home Dashboard","specs\Smoke\3-HomeDashboardSmoke.spec.ts","",""
"","16925","Last page arrow jumps to the final page","msedge","Tue Sep 22 10:16:26 UTC 2026","passed","Tue Sep 22 10:16:43 UTC 2026","Issued Checks — Smoke","specs\Smoke\4-IssuedChecksSmoke.spec.ts","",""
"","17640","Page size change to 10 updates pagination info in bottom-right pager","webkit","Tue Sep 22 10:45:38 UTC 2026","passed","Tue Sep 22 10:45:55 UTC 2026","ACH — Smoke","specs\Smoke\7-ACHSmoke.spec.ts","",""
"","14150","Verify Check Only tab shows Check-specific chart sections","firefox","Tue Sep 22 10:14:03 UTC 2026","passed","Tue Sep 22 10:14:18 UTC 2026","Home Dashboard","specs\Smoke\3-HomeDashboardSmoke.spec.ts","",""
"","22350","Home page is accessible and shows dashboard","firefox","Tue Sep 22 10:11:35 UTC 2026","passed","Tue Sep 22 10:11:58 UTC 2026","Application Navigation Smoke Tests","specs\Smoke\2-NavigationSmoke.spec.ts","",""
"","10707","Navigation tabs to Pre-Decisions, Approvals, and Exception History are visible","chromium","Tue Sep 22 10:23:35 UTC 2026","passed","Tue Sep 22 10:23:45 UTC 2026","Exceptions — Smoke (Continued)","specs\Smoke\8-ExceptionsSmoke.spec.ts","",""
"","5573","Validate Login functionality with sqlInjection","chromium","Tue Sep 22 10:12:29 UTC 2026","passed","Tue Sep 22 10:12:35 UTC 2026","","specs\Smoke\1-LoginSmoke.spec.ts","",""
"","19499","Next page arrow advances to page 2","webkit","Tue Sep 22 10:45:56 UTC 2026","passed","Tue Sep 22 10:46:16 UTC 2026","Exceptions — Smoke","specs\Smoke\8-ExceptionsSmoke.spec.ts","",""
"","14832","Default Decision Log sub-page loads correctly","webkit","Tue Sep 22 10:36:07 UTC 2026","passed","Tue Sep 22 10:36:22 UTC 2026","Application Navigation Smoke Tests","specs\Smoke\2-NavigationSmoke.spec.ts","",""
"","18275","Users sub-page loads correctly","webkit","Tue Sep 22 10:32:30 UTC 2026","passed","Tue Sep 22 10:32:48 UTC 2026","Application Navigation Smoke Tests","specs\Smoke\2-NavigationSmoke.spec.ts","",""
"","23011","Validate forgot password functionality","webkit","Tue Sep 22 10:31:44 UTC 2026","passed","Tue Sep 22 10:32:07 UTC 2026","","specs\Smoke\1-LoginSmoke.spec.ts","",""
"","5031","Validate unauthenticated access to protected route is redirected to login","msedge","Tue Sep 22 10:13:10 UTC 2026","passed","Tue Sep 22 10:13:15 UTC 2026","","specs\Smoke\1-LoginSmoke.spec.ts","",""
"","13554","Verify profile menu shows My Info and Logout links","webkit","Tue Sep 22 10:36:19 UTC 2026","passed","Tue Sep 22 10:36:33 UTC 2026","Home Dashboard","specs\Smoke\3-HomeDashboardSmoke.spec.ts","",""
"","14013","Column filter popup applies a filter and Clear restores the full row set","chromium","Tue Sep 22 10:18:52 UTC 2026","passed","Tue Sep 22 10:19:06 UTC 2026","Presented Checks — Smoke (Continued)","specs\Smoke\5-PresentedChecksSmoke.spec.ts","",""
"","5295","Clicking a column header sorts ascending, clicking again sorts descending","msedge","Tue Sep 22 10:22:56 UTC 2026","passed","Tue Sep 22 10:23:01 UTC 2026","Exceptions — Smoke (Continued)","specs\Smoke\8-ExceptionsSmoke.spec.ts","",""
"","17723","Issued Checks breadcrumb link is visible on the page","webkit","Tue Sep 22 10:43:26 UTC 2026","passed","Tue Sep 22 10:43:44 UTC 2026","Issued Checks — Smoke (Continued)","specs\Smoke\4-IssuedChecksSmoke.spec.ts","",""
"","8864","Saved Filters dropdown is visible and defaults to no preset","msedge","Tue Sep 22 10:21:11 UTC 2026","passed","Tue Sep 22 10:21:20 UTC 2026","ACH — Smoke","specs\Smoke\7-ACHSmoke.spec.ts","",""
"","15384","""View"" link on a row opens the Exception Details dialog","chromium","Tue Sep 22 10:22:55 UTC 2026","passed","Tue Sep 22 10:23:11 UTC 2026","Exceptions — Smoke (Continued)","specs\Smoke\8-ExceptionsSmoke.spec.ts","",""
"","9147","Automatic Check Decision Rules sub-page loads correctly","chromium","Tue Sep 22 10:14:20 UTC 2026","passed","Tue Sep 22 10:14:29 UTC 2026","Application Navigation Smoke Tests","specs\Smoke\2-NavigationSmoke.spec.ts","",""
"","15011","""Uploaded Checks"" navigates to the uploads page","firefox","Tue Sep 22 10:19:24 UTC 2026","passed","Tue Sep 22 10:19:39 UTC 2026","Presented Checks — Smoke","specs\Smoke\5-PresentedChecksSmoke.spec.ts","",""
"","8423","Web Hooks sub-page loads correctly","chromium","Tue Sep 22 10:15:53 UTC 2026","passed","Tue Sep 22 10:16:01 UTC 2026","Application Navigation Smoke Tests","specs\Smoke\2-NavigationSmoke.spec.ts","",""
"","9618","""View"" (Change Log) link on a row navigates to the entity log","chromium","Tue Sep 22 10:19:17 UTC 2026","passed","Tue Sep 22 10:19:27 UTC 2026","Presented Checks — Smoke (Continued)","specs\Smoke\5-PresentedChecksSmoke.spec.ts","",""
"","9149","""+ Add ACH"" navigates to the add-ACH form","msedge","Tue Sep 22 10:19:43 UTC 2026","passed","Tue Sep 22 10:19:52 UTC 2026","ACH — Smoke","specs\Smoke\7-ACHSmoke.spec.ts","",""
"","11407","Clicking a column header sorts ascending, clicking again sorts descending","msedge","Tue Sep 22 10:17:52 UTC 2026","passed","Tue Sep 22 10:18:04 UTC 2026","Issued Checks — Smoke (Continued)","specs\Smoke\4-IssuedChecksSmoke.spec.ts","",""
"","12218","Clicking a column header sorts ascending, clicking again sorts descending","chromium","Tue Sep 22 10:22:43 UTC 2026","passed","Tue Sep 22 10:22:55 UTC 2026","ACH — Smoke","specs\Smoke\7-ACHSmoke.spec.ts","",""
"","5823","Validate Login functionality with missingUsername","chromium","Tue Sep 22 10:12:24 UTC 2026","passed","Tue Sep 22 10:12:29 UTC 2026","","specs\Smoke\1-LoginSmoke.spec.ts","",""
"","9341","Next page arrow advances to page 2","msedge","Tue Sep 22 10:16:17 UTC 2026","passed","Tue Sep 22 10:16:26 UTC 2026","Issued Checks — Smoke","specs\Smoke\4-IssuedChecksSmoke.spec.ts","",""
"","9685","Web Hooks sub-page loads correctly","msedge","Tue Sep 22 10:15:11 UTC 2026","passed","Tue Sep 22 10:15:21 UTC 2026","Application Navigation Smoke Tests","specs\Smoke\2-NavigationSmoke.spec.ts","",""
"","11129","Validate session persists after page refresh","chromium","Tue Sep 22 10:13:02 UTC 2026","passed","Tue Sep 22 10:13:13 UTC 2026","","specs\Smoke\1-LoginSmoke.spec.ts","",""
"","14466","Presented Checks page loads correctly","webkit","Tue Sep 22 10:29:58 UTC 2026","passed","Tue Sep 22 10:30:12 UTC 2026","Application Navigation Smoke Tests","specs\Smoke\2-NavigationSmoke.spec.ts","",""
"","15500","""View"" (Change Log) link on a row navigates to the entity log","firefox","Tue Sep 22 10:22:51 UTC 2026","passed","Tue Sep 22 10:23:06 UTC 2026","Presented Checks — Smoke (Continued)","specs\Smoke\5-PresentedChecksSmoke.spec.ts","",""
"","8376","Grid loads with data rows and key column headers","msedge","Tue Sep 22 10:15:43 UTC 2026","passed","Tue Sep 22 10:15:51 UTC 2026","Presented Checks — Smoke","specs\Smoke\5-PresentedChecksSmoke.spec.ts","",""
"","6180","Users sub-page loads correctly","msedge","Tue Sep 22 10:12:54 UTC 2026","passed","Tue Sep 22 10:13:00 UTC 2026","Application Navigation Smoke Tests","specs\Smoke\2-NavigationSmoke.spec.ts","",""
"","13555","Save a filter preset, verify it is auto-selected, then delete it","msedge","Tue Sep 22 10:21:30 UTC 2026","passed","Tue Sep 22 10:21:43 UTC 2026","ACH — Smoke","specs\Smoke\7-ACHSmoke.spec.ts","",""
"","18910","Clicking a column header sorts ascending, clicking again sorts descending","webkit","Tue Sep 22 10:48:29 UTC 2026","passed","Tue Sep 22 10:48:48 UTC 2026","ACH — Smoke","specs\Smoke\7-ACHSmoke.spec.ts","",""
"","11449","Verify navigation to Issued Checks via nav menu","firefox","Tue Sep 22 10:16:49 UTC 2026","passed","Tue Sep 22 10:17:00 UTC 2026","Home Dashboard","specs\Smoke\3-HomeDashboardSmoke.spec.ts","",""
"","11821","Verify tab-specific charts are hidden for opposite tab","firefox","Tue Sep 22 10:15:17 UTC 2026","passed","Tue Sep 22 10:15:29 UTC 2026","Home Dashboard","specs\Smoke\3-HomeDashboardSmoke.spec.ts","",""
"","11493","Page size change to 10 updates pagination info in bottom-right pager","chromium","Tue Sep 22 10:20:31 UTC 2026","passed","Tue Sep 22 10:20:43 UTC 2026","Exceptions — Smoke","specs\Smoke\8-ExceptionsSmoke.spec.ts","",""
"","7382","Verify navigation to ACH via nav menu","msedge","Tue Sep 22 10:15:22 UTC 2026","passed","Tue Sep 22 10:15:29 UTC 2026","Home Dashboard","specs\Smoke\3-HomeDashboardSmoke.spec.ts","",""
"","16997","Saved Filters dropdown is visible and defaults to no preset","webkit","Tue Sep 22 10:47:23 UTC 2026","passed","Tue Sep 22 10:47:40 UTC 2026","ACH — Smoke","specs\Smoke\7-ACHSmoke.spec.ts","",""
"","92112","Business Clients sub-page loads correctly","firefox","Tue Sep 22 10:13:33 UTC 2026","passed","Tue Sep 22 10:15:05 UTC 2026","Application Navigation Smoke Tests","specs\Smoke\2-NavigationSmoke.spec.ts","",""
"","14322","Clicking a column header sorts ascending, clicking again sorts descending","firefox","Tue Sep 22 10:27:29 UTC 2026","passed","Tue Sep 22 10:27:44 UTC 2026","ACH — Smoke","specs\Smoke\7-ACHSmoke.spec.ts","",""
"","24919","""View"" link on a row opens the Exception Details dialog","webkit","Tue Sep 22 10:49:12 UTC 2026","passed","Tue Sep 22 10:49:37 UTC 2026","Exceptions — Smoke (Continued)","specs\Smoke\8-ExceptionsSmoke.spec.ts","",""
"","9075","Next page arrow advances to page 2","msedge","Tue Sep 22 10:20:28 UTC 2026","passed","Tue Sep 22 10:20:37 UTC 2026","ACH — Smoke","specs\Smoke\7-ACHSmoke.spec.ts","",""
"","5150","Validate Login functionality with emptyFields","chromium","Tue Sep 22 10:12:13 UTC 2026","passed","Tue Sep 22 10:12:18 UTC 2026","","specs\Smoke\1-LoginSmoke.spec.ts","",""
"","17360","Page size change to 10 updates pagination info in bottom-right pager","webkit","Tue Sep 22 10:39:36 UTC 2026","passed","Tue Sep 22 10:39:53 UTC 2026","Presented Checks — Smoke","specs\Smoke\5-PresentedChecksSmoke.spec.ts","",""
"","33322","Pay/Return decision badge navigates to exception history","webkit","Tue Sep 22 10:49:54 UTC 2026","passed","Tue Sep 22 10:50:27 UTC 2026","ACH — Smoke","specs\Smoke\7-ACHSmoke.spec.ts","",""
"","7741","Verify navigation to Issued Checks via nav menu","chromium","Tue Sep 22 10:15:11 UTC 2026","passed","Tue Sep 22 10:15:18 UTC 2026","Home Dashboard","specs\Smoke\3-HomeDashboardSmoke.spec.ts","",""
"","11007","""Delete"" on a row shows a confirm modal; Cancel dismisses it without deleting","chromium","Tue Sep 22 10:19:18 UTC 2026","passed","Tue Sep 22 10:19:29 UTC 2026","Issued Checks — Smoke (Continued)","specs\Smoke\4-IssuedChecksSmoke.spec.ts","",""
"","17529","Column filter popup applies a filter and Clear restores the full row set","firefox","Tue Sep 22 10:22:19 UTC 2026","passed","Tue Sep 22 10:22:37 UTC 2026","Presented Checks — Smoke (Continued)","specs\Smoke\5-PresentedChecksSmoke.spec.ts","",""
"","9831","ACH breadcrumb link is visible on the page","chromium","Tue Sep 22 10:23:50 UTC 2026","passed","Tue Sep 22 10:24:00 UTC 2026","ACH — Smoke","specs\Smoke\7-ACHSmoke.spec.ts","",""
"","5990","Validate forgot password functionality","firefox","Tue Sep 22 10:13:01 UTC 2026","passed","Tue Sep 22 10:13:07 UTC 2026","","specs\Smoke\1-LoginSmoke.spec.ts","",""
"","9872","Exceptions page loads correctly","firefox","Tue Sep 22 10:12:55 UTC 2026","passed","Tue Sep 22 10:13:04 UTC 2026","Application Navigation Smoke Tests","specs\Smoke\2-NavigationSmoke.spec.ts","",""
"","18195","Save a filter preset, verify it is auto-selected, then delete it","chromium","Tue Sep 22 10:22:25 UTC 2026","passed","Tue Sep 22 10:22:43 UTC 2026","ACH — Smoke","specs\Smoke\7-ACHSmoke.spec.ts","",""
"","9390","Verify dashboard tab checked state updates correctly","msedge","Tue Sep 22 10:13:48 UTC 2026","passed","Tue Sep 22 10:13:57 UTC 2026","Home Dashboard","specs\Smoke\3-HomeDashboardSmoke.spec.ts","",""
"","24549","Previous page button returns to page 1, First page button re-enables disabled state","webkit","Tue Sep 22 10:40:51 UTC 2026","passed","Tue Sep 22 10:41:16 UTC 2026","Presented Checks — Smoke","specs\Smoke\5-PresentedChecksSmoke.spec.ts","",""
"","19340","Column filter menu applies a filter and Clear restores the full row set","firefox","Tue Sep 22 10:27:34 UTC 2026","passed","Tue Sep 22 10:27:54 UTC 2026","Exceptions — Smoke (Continued)","specs\Smoke\8-ExceptionsSmoke.spec.ts","",""
"","17188","File Processing sub-page loads correctly","webkit","Tue Sep 22 10:36:38 UTC 2026","passed","Tue Sep 22 10:36:55 UTC 2026","Application Navigation Smoke Tests","specs\Smoke\2-NavigationSmoke.spec.ts","",""
"","6865","Verify Check Only tab shows Check-specific chart sections","msedge","Tue Sep 22 10:13:34 UTC 2026","passed","Tue Sep 22 10:13:41 UTC 2026","Home Dashboard","specs\Smoke\3-HomeDashboardSmoke.spec.ts","",""
"","13673","Notification Templates sub-page loads correctly","firefox","Tue Sep 22 10:16:32 UTC 2026","passed","Tue Sep 22 10:16:46 UTC 2026","Application Navigation Smoke Tests","specs\Smoke\2-NavigationSmoke.spec.ts","",""
"","6542","Settings page loads correctly","msedge","Tue Sep 22 10:12:33 UTC 2026","passed","Tue Sep 22 10:12:39 UTC 2026","Application Navigation Smoke Tests","specs\Smoke\2-NavigationSmoke.spec.ts","",""
"","7176","Verify navigation to Presented Checks via nav menu","chromium","Tue Sep 22 10:15:18 UTC 2026","passed","Tue Sep 22 10:15:25 UTC 2026","Home Dashboard","specs\Smoke\3-HomeDashboardSmoke.spec.ts","",""
"","12261","Clicking a column header sorts ascending, clicking again sorts descending","msedge","Tue Sep 22 10:21:43 UTC 2026","passed","Tue Sep 22 10:21:56 UTC 2026","ACH — Smoke","specs\Smoke\7-ACHSmoke.spec.ts","",""
"","8138","Verify Combined View shows all chart sections","firefox","Tue Sep 22 10:13:55 UTC 2026","passed","Tue Sep 22 10:14:03 UTC 2026","Home Dashboard","specs\Smoke\3-HomeDashboardSmoke.spec.ts","",""
"","9290","Verify dashboard tab checked state updates correctly","chromium","Tue Sep 22 10:13:58 UTC 2026","passed","Tue Sep 22 10:14:08 UTC 2026","Home Dashboard","specs\Smoke\3-HomeDashboardSmoke.spec.ts","",""
"","7469","Verify ACH Only tab shows ACH-specific chart sections","chromium","Tue Sep 22 10:13:51 UTC 2026","passed","Tue Sep 22 10:13:58 UTC 2026","Home Dashboard","specs\Smoke\3-HomeDashboardSmoke.spec.ts","",""
"","11091","System Log sub-page loads correctly","msedge","Tue Sep 22 10:14:45 UTC 2026","passed","Tue Sep 22 10:14:56 UTC 2026","Application Navigation Smoke Tests","specs\Smoke\2-NavigationSmoke.spec.ts","",""
"","14061","ACH Approval Rules sub-page loads correctly","firefox","Tue Sep 22 10:17:24 UTC 2026","passed","Tue Sep 22 10:17:38 UTC 2026","Application Navigation Smoke Tests","specs\Smoke\2-NavigationSmoke.spec.ts","",""
"","9981","Excel export button is visible and enabled","msedge","Tue Sep 22 10:20:49 UTC 2026","passed","Tue Sep 22 10:20:59 UTC 2026","Exceptions — Smoke","specs\Smoke\8-ExceptionsSmoke.spec.ts","",""
"","12062","Saved Filters dropdown is visible and defaults to no preset","chromium","Tue Sep 22 10:21:31 UTC 2026","passed","Tue Sep 22 10:21:43 UTC 2026","Exceptions — Smoke","specs\Smoke\8-ExceptionsSmoke.spec.ts","",""
"","12856","Decision badge on an already-reviewed row is blocked with a system message","chromium","Tue Sep 22 10:23:11 UTC 2026","passed","Tue Sep 22 10:23:23 UTC 2026","Exceptions — Smoke (Continued)","specs\Smoke\8-ExceptionsSmoke.spec.ts","",""
"","6374","Automatic ACH Decision Rules sub-page loads correctly","msedge","Tue Sep 22 10:14:17 UTC 2026","passed","Tue Sep 22 10:14:23 UTC 2026","Application Navigation Smoke Tests","specs\Smoke\2-NavigationSmoke.spec.ts","",""
"","21965","Clicking a column header sorts ascending, clicking again sorts descending","webkit","Tue Sep 22 10:48:25 UTC 2026","passed","Tue Sep 22 10:48:47 UTC 2026","Exceptions — Smoke (Continued)","specs\Smoke\8-ExceptionsSmoke.spec.ts","",""
"","12672","Verify delayed data note and force refresh link are visible on dashboard","firefox","Tue Sep 22 10:15:54 UTC 2026","passed","Tue Sep 22 10:16:06 UTC 2026","Home Dashboard","specs\Smoke\3-HomeDashboardSmoke.spec.ts","",""
"","7361","Validate Login functionality with caseSensitiveEmail","chromium","Tue Sep 22 10:11:51 UTC 2026","passed","Tue Sep 22 10:11:58 UTC 2026","","specs\Smoke\1-LoginSmoke.spec.ts","",""
"","15406","Previous page button returns to page 1, First page button re-enables disabled state","firefox","Tue Sep 22 10:21:15 UTC 2026","passed","Tue Sep 22 10:21:30 UTC 2026","Issued Checks — Smoke","specs\Smoke\4-IssuedChecksSmoke.spec.ts","",""
"","17962","""Edit"" link on a row navigates to the check edit form","webkit","Tue Sep 22 10:43:10 UTC 2026","passed","Tue Sep 22 10:43:28 UTC 2026","Presented Checks — Smoke (Continued)","specs\Smoke\5-PresentedChecksSmoke.spec.ts","",""
"","14612","Clicking a column header sorts ascending, clicking again sorts descending","firefox","Tue Sep 22 10:22:05 UTC 2026","passed","Tue Sep 22 10:22:19 UTC 2026","Presented Checks — Smoke (Continued)","specs\Smoke\5-PresentedChecksSmoke.spec.ts","",""
"","6592","Teller page loads correctly","msedge","Tue Sep 22 10:12:14 UTC 2026","passed","Tue Sep 22 10:12:20 UTC 2026","Application Navigation Smoke Tests","specs\Smoke\2-NavigationSmoke.spec.ts","",""
"","18102","Previous page button returns to page 1, First page button re-enables disabled state","msedge","Tue Sep 22 10:16:53 UTC 2026","passed","Tue Sep 22 10:17:11 UTC 2026","Issued Checks — Smoke","specs\Smoke\4-IssuedChecksSmoke.spec.ts","",""
"","5745","""View"" (Change Log) link on a row navigates to the entity log","msedge","Tue Sep 22 10:19:00 UTC 2026","passed","Tue Sep 22 10:19:06 UTC 2026","Issued Checks — Smoke (Continued)","specs\Smoke\4-IssuedChecksSmoke.spec.ts","",""
"","11914","Exceptions breadcrumb link is visible on the page","firefox","Tue Sep 22 10:28:32 UTC 2026","passed","Tue Sep 22 10:28:44 UTC 2026","Exceptions — Smoke (Continued)","specs\Smoke\8-ExceptionsSmoke.spec.ts","",""
"","9469","Page size change to 10 updates pagination info in bottom-right pager","chromium","Tue Sep 22 10:16:54 UTC 2026","passed","Tue Sep 22 10:17:04 UTC 2026","Presented Checks — Smoke","specs\Smoke\5-PresentedChecksSmoke.spec.ts","",""
"","28822","Save a filter preset, verify it is auto-selected, then delete it","firefox","Tue Sep 22 10:21:36 UTC 2026","passed","Tue Sep 22 10:22:05 UTC 2026","Presented Checks — Smoke (Continued)","specs\Smoke\5-PresentedChecksSmoke.spec.ts","",""
"","27082","Default filter auto-applies after logout and re-login","chromium","Tue Sep 22 10:17:57 UTC 2026","passed","Tue Sep 22 10:18:25 UTC 2026","Presented Checks — Default Filter (Serial)","specs\Smoke\5-PresentedChecksSmoke.spec.ts","",""
"","17038","""View"" (Change Log) link on a row navigates to the entity log","webkit","Tue Sep 22 10:43:28 UTC 2026","passed","Tue Sep 22 10:43:45 UTC 2026","Presented Checks — Smoke (Continued)","specs\Smoke\5-PresentedChecksSmoke.spec.ts","",""
"","6714","""Uploaded Checks"" navigates to the uploads page","msedge","Tue Sep 22 10:15:37 UTC 2026","passed","Tue Sep 22 10:15:43 UTC 2026","Issued Checks — Smoke","specs\Smoke\4-IssuedChecksSmoke.spec.ts","",""
"","7279","Validate Login functionality with invalidEmailFormat","webkit","Tue Sep 22 10:30:11 UTC 2026","passed","Tue Sep 22 10:30:19 UTC 2026","","specs\Smoke\1-LoginSmoke.spec.ts","",""
"","9349","Holiday Schedules sub-page loads correctly","chromium","Tue Sep 22 10:13:51 UTC 2026","passed","Tue Sep 22 10:14:00 UTC 2026","Application Navigation Smoke Tests","specs\Smoke\2-NavigationSmoke.spec.ts","",""
"","19872","Grid loads with data rows and key column headers","webkit","Tue Sep 22 10:38:02 UTC 2026","passed","Tue Sep 22 10:38:22 UTC 2026","Presented Checks — Smoke","specs\Smoke\5-PresentedChecksSmoke.spec.ts","",""
"","9755","Default filter auto-applies after logout and re-login","firefox","Tue Sep 22 10:26:41 UTC 2026","skipped","Tue Sep 22 10:26:50 UTC 2026","Exceptions — Default Filter (Serial)","specs\Smoke\8-ExceptionsSmoke.spec.ts","",""
"","13223","Saved Filters dropdown is visible and defaults to no preset","firefox","Tue Sep 22 10:26:43 UTC 2026","passed","Tue Sep 22 10:26:56 UTC 2026","ACH — Smoke","specs\Smoke\7-ACHSmoke.spec.ts","",""
"","11116","Exceptions breadcrumb link is visible on the page","chromium","Tue Sep 22 10:23:24 UTC 2026","passed","Tue Sep 22 10:23:35 UTC 2026","Exceptions — Smoke (Continued)","specs\Smoke\8-ExceptionsSmoke.spec.ts","",""
"","14226","Page size change to 10 updates pagination info in bottom-right pager","firefox","Tue Sep 22 10:19:01 UTC 2026","passed","Tue Sep 22 10:19:15 UTC 2026","Issued Checks — Smoke","specs\Smoke\4-IssuedChecksSmoke.spec.ts","",""
"","7058","Verify summary KPI values have expected number formats","chromium","Tue Sep 22 10:14:34 UTC 2026","passed","Tue Sep 22 10:14:41 UTC 2026","Home Dashboard","specs\Smoke\3-HomeDashboardSmoke.spec.ts","",""
"","15464","Saved Filters dropdown is visible and defaults to no preset","firefox","Tue Sep 22 10:26:25 UTC 2026","passed","Tue Sep 22 10:26:41 UTC 2026","Exceptions — Smoke","specs\Smoke\8-ExceptionsSmoke.spec.ts","",""
"","17381","Verify tab-specific charts are hidden for opposite tab","webkit","Tue Sep 22 10:34:59 UTC 2026","passed","Tue Sep 22 10:35:17 UTC 2026","Home Dashboard","specs\Smoke\3-HomeDashboardSmoke.spec.ts","",""
"","15253","Exception History grid loads with data rows and key column headers","firefox","Tue Sep 22 10:24:13 UTC 2026","passed","Tue Sep 22 10:24:28 UTC 2026","Exceptions — Smoke","specs\Smoke\8-ExceptionsSmoke.spec.ts","",""
"","13923","Clicking a column header sorts ascending, clicking again sorts descending","chromium","Tue Sep 22 10:22:29 UTC 2026","passed","Tue Sep 22 10:22:43 UTC 2026","Exceptions — Smoke (Continued)","specs\Smoke\8-ExceptionsSmoke.spec.ts","",""
"","9351","Users sub-page loads correctly","chromium","Tue Sep 22 10:13:04 UTC 2026","passed","Tue Sep 22 10:13:13 UTC 2026","Application Navigation Smoke Tests","specs\Smoke\2-NavigationSmoke.spec.ts","",""
"","10416","ACH Approval Rules sub-page loads correctly","chromium","Tue Sep 22 10:14:55 UTC 2026","passed","Tue Sep 22 10:15:06 UTC 2026","Application Navigation Smoke Tests","specs\Smoke\2-NavigationSmoke.spec.ts","",""
"","19000","Grid loads with data rows and key column headers","webkit","Tue Sep 22 10:44:03 UTC 2026","passed","Tue Sep 22 10:44:22 UTC 2026","ACH — Smoke","specs\Smoke\7-ACHSmoke.spec.ts","",""
"","15756","System Log sub-page loads correctly","webkit","Tue Sep 22 10:36:22 UTC 2026","passed","Tue Sep 22 10:36:38 UTC 2026","Application Navigation Smoke Tests","specs\Smoke\2-NavigationSmoke.spec.ts","",""
"","18887","Verify dashboard tab checked state updates correctly","webkit","Tue Sep 22 10:34:22 UTC 2026","passed","Tue Sep 22 10:34:41 UTC 2026","Home Dashboard","specs\Smoke\3-HomeDashboardSmoke.spec.ts","",""
"","7331","Verify delayed data note and force refresh link are visible on dashboard","msedge","Tue Sep 22 10:14:30 UTC 2026","passed","Tue Sep 22 10:14:37 UTC 2026","Home Dashboard","specs\Smoke\3-HomeDashboardSmoke.spec.ts","",""
"","30622","Business Clients sub-page loads correctly","webkit","Tue Sep 22 10:31:59 UTC 2026","passed","Tue Sep 22 10:32:30 UTC 2026","Application Navigation Smoke Tests","specs\Smoke\2-NavigationSmoke.spec.ts","",""
"","4319","Pre-Decisions page loads with either records or the empty-state message","msedge","Tue Sep 22 10:23:51 UTC 2026","passed","Tue Sep 22 10:23:55 UTC 2026","Exceptions — Smoke (Continued)","specs\Smoke\8-ExceptionsSmoke.spec.ts","",""
"","4797","Verify navigation to Issued Checks via nav menu","msedge","Tue Sep 22 10:15:11 UTC 2026","passed","Tue Sep 22 10:15:16 UTC 2026","Home Dashboard","specs\Smoke\3-HomeDashboardSmoke.spec.ts","",""
"","17812","Excel export button is visible and enabled","webkit","Tue Sep 22 10:39:18 UTC 2026","passed","Tue Sep 22 10:39:36 UTC 2026","Presented Checks — Smoke","specs\Smoke\5-PresentedChecksSmoke.spec.ts","",""
"","9924","Typing a page number navigates to that page","msedge","Tue Sep 22 10:16:43 UTC 2026","passed","Tue Sep 22 10:16:53 UTC 2026","Issued Checks — Smoke","specs\Smoke\4-IssuedChecksSmoke.spec.ts","",""
"","12688","Decision Files sub-page loads correctly","firefox","Tue Sep 22 10:15:57 UTC 2026","passed","Tue Sep 22 10:16:10 UTC 2026","Application Navigation Smoke Tests","specs\Smoke\2-NavigationSmoke.spec.ts","",""
"","4744","Validate Login functionality with xssInUsername","chromium","Tue Sep 22 10:12:35 UTC 2026","passed","Tue Sep 22 10:12:40 UTC 2026","","specs\Smoke\1-LoginSmoke.spec.ts","",""
"","9526","Validate teller presented-check form shows all required fields","chromium","Tue Sep 22 10:19:40 UTC 2026","passed","Tue Sep 22 10:19:49 UTC 2026","Teller - Smoke","specs\Smoke\6-TellerSmoke.spec.ts","",""
"","20660","Search box filters grid and clears correctly","webkit","Tue Sep 22 10:45:00 UTC 2026","passed","Tue Sep 22 10:45:20 UTC 2026","ACH — Smoke","specs\Smoke\7-ACHSmoke.spec.ts","",""
"","7489","Verify Combined View shows all chart sections","chromium","Tue Sep 22 10:13:34 UTC 2026","passed","Tue Sep 22 10:13:42 UTC 2026","Home Dashboard","specs\Smoke\3-HomeDashboardSmoke.spec.ts","",""
"","17418","Save a filter preset, verify it is auto-selected, then delete it","chromium","Tue Sep 22 10:18:25 UTC 2026","passed","Tue Sep 22 10:18:42 UTC 2026","Presented Checks — Smoke (Continued)","specs\Smoke\5-PresentedChecksSmoke.spec.ts","",""
"","11876","Verify summary KPI values have expected number formats","firefox","Tue Sep 22 10:15:42 UTC 2026","passed","Tue Sep 22 10:15:53 UTC 2026","Home Dashboard","specs\Smoke\3-HomeDashboardSmoke.spec.ts","",""
"","5963","""View"" (Change Log) link on a row navigates to the entity log","msedge","Tue Sep 22 10:22:07 UTC 2026","passed","Tue Sep 22 10:22:13 UTC 2026","ACH — Smoke","specs\Smoke\7-ACHSmoke.spec.ts","",""
"","17216","Previous page button returns to page 1, First page button re-enables disabled state","firefox","Tue Sep 22 10:26:08 UTC 2026","passed","Tue Sep 22 10:26:25 UTC 2026","Exceptions — Smoke","specs\Smoke\8-ExceptionsSmoke.spec.ts","",""
"","17804","Page size change to 10 updates pagination info in bottom-right pager","firefox","Tue Sep 22 10:25:14 UTC 2026","passed","Tue Sep 22 10:25:32 UTC 2026","ACH — Smoke","specs\Smoke\7-ACHSmoke.spec.ts","",""
"","22654","Save a filter preset, verify it is auto-selected, then delete it","firefox","Tue Sep 22 10:26:50 UTC 2026","passed","Tue Sep 22 10:27:13 UTC 2026","Exceptions — Smoke (Continued)","specs\Smoke\8-ExceptionsSmoke.spec.ts","",""
"","5015","Validate Login functionality with missingPassword","msedge","Tue Sep 22 10:12:26 UTC 2026","passed","Tue Sep 22 10:12:31 UTC 2026","","specs\Smoke\1-LoginSmoke.spec.ts","",""
"","19290","Exception History grid loads with data rows and key column headers","webkit","Tue Sep 22 10:44:41 UTC 2026","passed","Tue Sep 22 10:45:00 UTC 2026","Exceptions — Smoke","specs\Smoke\8-ExceptionsSmoke.spec.ts","",""
"","16014","Grid View toggle navigates to the open-exceptions grid and shows key column headers","firefox","Tue Sep 22 10:29:10 UTC 2026","passed","Tue Sep 22 10:29:26 UTC 2026","Exceptions — Smoke (Continued)","specs\Smoke\8-ExceptionsSmoke.spec.ts","",""
"","13027","Typing a page number navigates to that page","msedge","Tue Sep 22 10:17:15 UTC 2026","passed","Tue Sep 22 10:17:28 UTC 2026","Presented Checks — Smoke","specs\Smoke\5-PresentedChecksSmoke.spec.ts","",""
"","18217","Save a filter preset, verify it is auto-selected, then delete it","msedge","Tue Sep 22 10:17:34 UTC 2026","passed","Tue Sep 22 10:17:52 UTC 2026","Issued Checks — Smoke (Continued)","specs\Smoke\4-IssuedChecksSmoke.spec.ts","",""
"","15173","Account Settings sub-page loads correctly","firefox","Tue Sep 22 10:13:17 UTC 2026","passed","Tue Sep 22 10:13:33 UTC 2026","Application Navigation Smoke Tests","specs\Smoke\2-NavigationSmoke.spec.ts","",""
"","13832","Verify navigation to Exceptions via nav menu","webkit","Tue Sep 22 10:37:35 UTC 2026","passed","Tue Sep 22 10:37:48 UTC 2026","Home Dashboard","specs\Smoke\3-HomeDashboardSmoke.spec.ts","",""
"","10238","Clicking a column header sorts ascending, clicking again sorts descending","chromium","Tue Sep 22 10:18:42 UTC 2026","passed","Tue Sep 22 10:18:52 UTC 2026","Presented Checks — Smoke (Continued)","specs\Smoke\5-PresentedChecksSmoke.spec.ts","",""
"","17489","Excel export button is visible and enabled","webkit","Tue Sep 22 10:38:43 UTC 2026","passed","Tue Sep 22 10:39:01 UTC 2026","Issued Checks — Smoke","specs\Smoke\4-IssuedChecksSmoke.spec.ts","",""
"","20193","Typing a page number navigates to that page","webkit","Tue Sep 22 10:46:35 UTC 2026","passed","Tue Sep 22 10:46:56 UTC 2026","Exceptions — Smoke","specs\Smoke\8-ExceptionsSmoke.spec.ts","",""
"","13059","Verify navigation to Settings via nav menu","firefox","Tue Sep 22 10:17:29 UTC 2026","passed","Tue Sep 22 10:17:42 UTC 2026","Home Dashboard","specs\Smoke\3-HomeDashboardSmoke.spec.ts","",""
"","5741","Validate Login functionality with invalidEmailFormat","firefox","Tue Sep 22 10:12:16 UTC 2026","passed","Tue Sep 22 10:12:21 UTC 2026","","specs\Smoke\1-LoginSmoke.spec.ts","",""
"","8174","Page size change to 10 updates pagination info in bottom-right pager","msedge","Tue Sep 22 10:20:19 UTC 2026","passed","Tue Sep 22 10:20:28 UTC 2026","ACH — Smoke","specs\Smoke\7-ACHSmoke.spec.ts","",""
"","18851","Pay/Return decision badge navigates to exception history","firefox","Tue Sep 22 10:23:24 UTC 2026","passed","Tue Sep 22 10:23:43 UTC 2026","Presented Checks — Smoke (Continued)","specs\Smoke\5-PresentedChecksSmoke.spec.ts","",""
"","17448","Home page is accessible and shows dashboard","webkit","Tue Sep 22 10:29:24 UTC 2026","passed","Tue Sep 22 10:29:42 UTC 2026","Application Navigation Smoke Tests","specs\Smoke\2-NavigationSmoke.spec.ts","",""
"","16557","API link is visible and points to swagger","webkit","Tue Sep 22 10:36:55 UTC 2026","passed","Tue Sep 22 10:37:11 UTC 2026","Application Navigation Smoke Tests","specs\Smoke\2-NavigationSmoke.spec.ts","",""
"","15738","Typing a page number navigates to that page","firefox","Tue Sep 22 10:26:08 UTC 2026","passed","Tue Sep 22 10:26:24 UTC 2026","ACH — Smoke","specs\Smoke\7-ACHSmoke.spec.ts","",""
"","18237","Next page arrow advances to page 2","webkit","Tue Sep 22 10:39:18 UTC 2026","passed","Tue Sep 22 10:39:37 UTC 2026","Issued Checks — Smoke","specs\Smoke\4-IssuedChecksSmoke.spec.ts","",""
"","16161","Page size change to 10 updates pagination info in bottom-right pager","msedge","Tue Sep 22 10:16:35 UTC 2026","passed","Tue Sep 22 10:16:51 UTC 2026","Presented Checks — Smoke","specs\Smoke\5-PresentedChecksSmoke.spec.ts","",""
"","12943","Roles/Permissions sub-page loads correctly","firefox","Tue Sep 22 10:15:16 UTC 2026","passed","Tue Sep 22 10:15:29 UTC 2026","Application Navigation Smoke Tests","specs\Smoke\2-NavigationSmoke.spec.ts","",""
"","8247","API link is visible and points to swagger","msedge","Tue Sep 22 10:15:03 UTC 2026","passed","Tue Sep 22 10:15:11 UTC 2026","Application Navigation Smoke Tests","specs\Smoke\2-NavigationSmoke.spec.ts","",""
"","18514","Typing a page number navigates to that page","webkit","Tue Sep 22 10:40:33 UTC 2026","passed","Tue Sep 22 10:40:51 UTC 2026","Presented Checks — Smoke","specs\Smoke\5-PresentedChecksSmoke.spec.ts","",""
"","7892","Verify profile menu shows My Info and Logout links","msedge","Tue Sep 22 10:14:55 UTC 2026","passed","Tue Sep 22 10:15:03 UTC 2026","Home Dashboard","specs\Smoke\3-HomeDashboardSmoke.spec.ts","",""
"","12452","Typing a page number navigates to that page","chromium","Tue Sep 22 10:21:18 UTC 2026","passed","Tue Sep 22 10:21:30 UTC 2026","ACH — Smoke","specs\Smoke\7-ACHSmoke.spec.ts","",""
"","8771","Validate teller presented-check form shows all required fields","msedge","Tue Sep 22 10:19:24 UTC 2026","passed","Tue Sep 22 10:19:33 UTC 2026","Teller - Smoke","specs\Smoke\6-TellerSmoke.spec.ts","",""
"","18052","""Uploaded Checks"" navigates to the uploads page","webkit","Tue Sep 22 10:38:06 UTC 2026","passed","Tue Sep 22 10:38:24 UTC 2026","Issued Checks — Smoke","specs\Smoke\4-IssuedChecksSmoke.spec.ts","",""
"","11644","Open Exceptions page loads with either exception cards or the empty-state message","chromium","Tue Sep 22 10:23:45 UTC 2026","passed","Tue Sep 22 10:23:57 UTC 2026","Exceptions — Smoke (Continued)","specs\Smoke\8-ExceptionsSmoke.spec.ts","",""
"","4081","Validate Login functionality with missingUsername","msedge","Tue Sep 22 10:12:31 UTC 2026","passed","Tue Sep 22 10:12:35 UTC 2026","","specs\Smoke\1-LoginSmoke.spec.ts","",""
"","18456","Validate Login functionality with correctCredentials","firefox","Tue Sep 22 10:11:35 UTC 2026","passed","Tue Sep 22 10:11:54 UTC 2026","","specs\Smoke\1-LoginSmoke.spec.ts","",""
"","16086","File Formats sub-page loads correctly","webkit","Tue Sep 22 10:34:07 UTC 2026","passed","Tue Sep 22 10:34:23 UTC 2026","Application Navigation Smoke Tests","specs\Smoke\2-NavigationSmoke.spec.ts","",""
"","6002","Validate forgot password functionality with No email","msedge","Tue Sep 22 10:12:52 UTC 2026","passed","Tue Sep 22 10:12:58 UTC 2026","","specs\Smoke\1-LoginSmoke.spec.ts","",""
"","17799","Check Approval Rules sub-page loads correctly","webkit","Tue Sep 22 10:34:59 UTC 2026","passed","Tue Sep 22 10:35:17 UTC 2026","Application Navigation Smoke Tests","specs\Smoke\2-NavigationSmoke.spec.ts","",""
"","9410","Excel export button is visible and enabled","chromium","Tue Sep 22 10:16:45 UTC 2026","passed","Tue Sep 22 10:16:54 UTC 2026","Presented Checks — Smoke","specs\Smoke\5-PresentedChecksSmoke.spec.ts","",""
"","5123","Validate forgot password with unregistered email","chromium","Tue Sep 22 10:12:57 UTC 2026","passed","Tue Sep 22 10:13:02 UTC 2026","","specs\Smoke\1-LoginSmoke.spec.ts","",""
"","9696","Verify dashboard tab checked state updates correctly","firefox","Tue Sep 22 10:14:27 UTC 2026","passed","Tue Sep 22 10:14:36 UTC 2026","Home Dashboard","specs\Smoke\3-HomeDashboardSmoke.spec.ts","",""
"","6697","""View"" link on a row opens the Exception Details dialog","msedge","Tue Sep 22 10:23:08 UTC 2026","passed","Tue Sep 22 10:23:15 UTC 2026","Exceptions — Smoke (Continued)","specs\Smoke\8-ExceptionsSmoke.spec.ts","",""
"","10480","Presented Checks breadcrumb link is visible on the page","chromium","Tue Sep 22 10:19:49 UTC 2026","passed","Tue Sep 22 10:19:59 UTC 2026","Presented Checks — Smoke (Continued)","specs\Smoke\5-PresentedChecksSmoke.spec.ts","",""
"","19207","""Delete"" on a row shows a confirm modal; Cancel dismisses it without deleting","webkit","Tue Sep 22 10:43:07 UTC 2026","passed","Tue Sep 22 10:43:26 UTC 2026","Issued Checks — Smoke (Continued)","specs\Smoke\4-IssuedChecksSmoke.spec.ts","",""
"","8503","""View"" (Change Log) link on a row navigates to the entity log","msedge","Tue Sep 22 10:19:52 UTC 2026","passed","Tue Sep 22 10:20:00 UTC 2026","Presented Checks — Smoke (Continued)","specs\Smoke\5-PresentedChecksSmoke.spec.ts","",""
"","32389","Save a filter preset, verify it is auto-selected, then delete it","webkit","Tue Sep 22 10:47:56 UTC 2026","passed","Tue Sep 22 10:48:29 UTC 2026","ACH — Smoke","specs\Smoke\7-ACHSmoke.spec.ts","",""
"","9536","""+ Add Check"" navigates to the add-check form","chromium","Tue Sep 22 10:16:01 UTC 2026","passed","Tue Sep 22 10:16:10 UTC 2026","Issued Checks — Smoke","specs\Smoke\4-IssuedChecksSmoke.spec.ts","",""
"","14711","Verify Check Only tab shows Check-specific chart sections","webkit","Tue Sep 22 10:33:53 UTC 2026","passed","Tue Sep 22 10:34:08 UTC 2026","Home Dashboard","specs\Smoke\3-HomeDashboardSmoke.spec.ts","",""
"","12663","Verify Total Exceptions and Total Exception Amount labels are visible","firefox","Tue Sep 22 10:15:29 UTC 2026","passed","Tue Sep 22 10:15:42 UTC 2026","Home Dashboard","specs\Smoke\3-HomeDashboardSmoke.spec.ts","",""
"","11937","Open Exceptions page loads with either exception cards or the empty-state message","webkit","Tue Sep 22 10:50:41 UTC 2026","passed","Tue Sep 22 10:50:52 UTC 2026","Exceptions — Smoke (Continued)","specs\Smoke\8-ExceptionsSmoke.spec.ts","",""
"","10231","""+ Add ACH"" navigates to the add-ACH form","chromium","Tue Sep 22 10:19:59 UTC 2026","passed","Tue Sep 22 10:20:09 UTC 2026","ACH — Smoke","specs\Smoke\7-ACHSmoke.spec.ts","",""
"","7746","Roles/Permissions sub-page loads correctly","chromium","Tue Sep 22 10:13:13 UTC 2026","passed","Tue Sep 22 10:13:21 UTC 2026","Application Navigation Smoke Tests","specs\Smoke\2-NavigationSmoke.spec.ts","",""
"","14476","Billing Reports sub-page loads correctly","firefox","Tue Sep 22 10:15:42 UTC 2026","passed","Tue Sep 22 10:15:57 UTC 2026","Application Navigation Smoke Tests","specs\Smoke\2-NavigationSmoke.spec.ts","",""
"","8984","Billing Reports sub-page loads correctly","msedge","Tue Sep 22 10:13:16 UTC 2026","passed","Tue Sep 22 10:13:25 UTC 2026","Application Navigation Smoke Tests","specs\Smoke\2-NavigationSmoke.spec.ts","",""
"","12706","Navigation tabs to Pre-Decisions, Approvals, and Exception History are visible","firefox","Tue Sep 22 10:28:44 UTC 2026","passed","Tue Sep 22 10:28:57 UTC 2026","Exceptions — Smoke (Continued)","specs\Smoke\8-ExceptionsSmoke.spec.ts","",""
"","29393","Default filter auto-applies after logout and re-login","chromium","Tue Sep 22 10:21:43 UTC 2026","passed","Tue Sep 22 10:22:12 UTC 2026","Exceptions — Default Filter (Serial)","specs\Smoke\8-ExceptionsSmoke.spec.ts","",""
"","10063","Billing Reports sub-page loads correctly","chromium","Tue Sep 22 10:13:30 UTC 2026","passed","Tue Sep 22 10:13:40 UTC 2026","Application Navigation Smoke Tests","specs\Smoke\2-NavigationSmoke.spec.ts","",""
"","15191","Verify navigation to Presented Checks via nav menu","webkit","Tue Sep 22 10:37:04 UTC 2026","passed","Tue Sep 22 10:37:19 UTC 2026","Home Dashboard","specs\Smoke\3-HomeDashboardSmoke.spec.ts","",""
"","10885","Saved Filters dropdown is visible and defaults to no preset","chromium","Tue Sep 22 10:17:36 UTC 2026","passed","Tue Sep 22 10:17:47 UTC 2026","Issued Checks — Smoke","specs\Smoke\4-IssuedChecksSmoke.spec.ts","",""
"","4915","Validate Login functionality with emptyFields","msedge","Tue Sep 22 10:12:21 UTC 2026","passed","Tue Sep 22 10:12:26 UTC 2026","","specs\Smoke\1-LoginSmoke.spec.ts","",""
"","5740","Exceptions page loads correctly","msedge","Tue Sep 22 10:12:27 UTC 2026","passed","Tue Sep 22 10:12:33 UTC 2026","Application Navigation Smoke Tests","specs\Smoke\2-NavigationSmoke.spec.ts","",""
"","19785","Column filter popup applies a filter and Clear restores the full row set","firefox","Tue Sep 22 10:27:44 UTC 2026","passed","Tue Sep 22 10:28:04 UTC 2026","ACH — Smoke","specs\Smoke\7-ACHSmoke.spec.ts","",""
"","8876","API link is visible and points to swagger","chromium","Tue Sep 22 10:15:44 UTC 2026","passed","Tue Sep 22 10:15:53 UTC 2026","Application Navigation Smoke Tests","specs\Smoke\2-NavigationSmoke.spec.ts","",""
"","4266","Validate Login functionality with xssInUsername","msedge","Tue Sep 22 10:12:39 UTC 2026","passed","Tue Sep 22 10:12:44 UTC 2026","","specs\Smoke\1-LoginSmoke.spec.ts","",""
"","4289","Validate Login functionality with missingUsername","firefox","Tue Sep 22 10:12:31 UTC 2026","passed","Tue Sep 22 10:12:36 UTC 2026","","specs\Smoke\1-LoginSmoke.spec.ts","",""
"","11919","Previous page button returns to page 1, First page button re-enables disabled state","msedge","Tue Sep 22 10:20:59 UTC 2026","passed","Tue Sep 22 10:21:11 UTC 2026","ACH — Smoke","specs\Smoke\7-ACHSmoke.spec.ts","",""
"","18577","Typing a page number navigates to that page","webkit","Tue Sep 22 10:39:55 UTC 2026","passed","Tue Sep 22 10:40:14 UTC 2026","Issued Checks — Smoke","specs\Smoke\4-IssuedChecksSmoke.spec.ts","",""
"","10112","Grid loads with data rows and key column headers","chromium","Tue Sep 22 10:19:49 UTC 2026","passed","Tue Sep 22 10:19:59 UTC 2026","ACH — Smoke","specs\Smoke\7-ACHSmoke.spec.ts","",""
"","10829","Saved Filters dropdown is visible and defaults to no preset","chromium","Tue Sep 22 10:17:47 UTC 2026","passed","Tue Sep 22 10:17:57 UTC 2026","Presented Checks — Smoke","specs\Smoke\5-PresentedChecksSmoke.spec.ts","",""
"","18953","Validate teller presented-check form shows all required fields","webkit","Tue Sep 22 10:43:44 UTC 2026","passed","Tue Sep 22 10:44:03 UTC 2026","Teller - Smoke","specs\Smoke\6-TellerSmoke.spec.ts","",""
"","8951","Excel export button is visible and enabled","msedge","Tue Sep 22 10:20:10 UTC 2026","passed","Tue Sep 22 10:20:19 UTC 2026","ACH — Smoke","specs\Smoke\7-ACHSmoke.spec.ts","",""
"","9997","Page size change to 10 updates pagination info in bottom-right pager","chromium","Tue Sep 22 10:16:42 UTC 2026","passed","Tue Sep 22 10:16:52 UTC 2026","Issued Checks — Smoke","specs\Smoke\4-IssuedChecksSmoke.spec.ts","",""
"","7727","""+ Add Check"" navigates to the add-check form","msedge","Tue Sep 22 10:15:29 UTC 2026","passed","Tue Sep 22 10:15:37 UTC 2026","Issued Checks — Smoke","specs\Smoke\4-IssuedChecksSmoke.spec.ts","",""
"","13323","Grid loads with data rows and key column headers","firefox","Tue Sep 22 10:17:42 UTC 2026","passed","Tue Sep 22 10:17:55 UTC 2026","Issued Checks — Smoke","specs\Smoke\4-IssuedChecksSmoke.spec.ts","",""
"","13629","Next page arrow advances to page 2","msedge","Tue Sep 22 10:16:51 UTC 2026","passed","Tue Sep 22 10:17:05 UTC 2026","Presented Checks — Smoke","specs\Smoke\5-PresentedChecksSmoke.spec.ts","",""
"","15643","Verify Total Exceptions and Total Exception Amount labels are visible","webkit","Tue Sep 22 10:35:17 UTC 2026","passed","Tue Sep 22 10:35:32 UTC 2026","Home Dashboard","specs\Smoke\3-HomeDashboardSmoke.spec.ts","",""
"","8892","Verify Check Only tab shows Check-specific chart sections","chromium","Tue Sep 22 10:13:42 UTC 2026","passed","Tue Sep 22 10:13:51 UTC 2026","Home Dashboard","specs\Smoke\3-HomeDashboardSmoke.spec.ts","",""
"","16625","Validate session persists after page refresh","webkit","Tue Sep 22 10:32:45 UTC 2026","passed","Tue Sep 22 10:33:01 UTC 2026","","specs\Smoke\1-LoginSmoke.spec.ts","",""
"","4005","Approvals page loads with either records or the empty-state message","msedge","Tue Sep 22 10:23:47 UTC 2026","passed","Tue Sep 22 10:23:51 UTC 2026","Exceptions — Smoke (Continued)","specs\Smoke\8-ExceptionsSmoke.spec.ts","",""
"","10294","Verify profile menu shows My Info and Logout links","firefox","Tue Sep 22 10:16:20 UTC 2026","passed","Tue Sep 22 10:16:31 UTC 2026","Home Dashboard","specs\Smoke\3-HomeDashboardSmoke.spec.ts","",""
"","8201","Clicking a column header sorts ascending, clicking again sorts descending","msedge","Tue Sep 22 10:19:25 UTC 2026","passed","Tue Sep 22 10:19:33 UTC 2026","Presented Checks — Smoke (Continued)","specs\Smoke\5-PresentedChecksSmoke.spec.ts","",""
"","7811","Grid loads with data rows and key column headers","msedge","Tue Sep 22 10:15:21 UTC 2026","passed","Tue Sep 22 10:15:29 UTC 2026","Issued Checks — Smoke","specs\Smoke\4-IssuedChecksSmoke.spec.ts","",""
"","18623","Pay/Return decision badge navigates to exception history","webkit","Tue Sep 22 10:44:06 UTC 2026","passed","Tue Sep 22 10:44:24 UTC 2026","Presented Checks — Smoke (Continued)","specs\Smoke\5-PresentedChecksSmoke.spec.ts","",""
"","18124","Page size change to 10 updates pagination info in bottom-right pager","webkit","Tue Sep 22 10:45:38 UTC 2026","passed","Tue Sep 22 10:45:56 UTC 2026","Exceptions — Smoke","specs\Smoke\8-ExceptionsSmoke.spec.ts","",""
"","12187","Grid loads with data rows and key column headers","chromium","Tue Sep 22 10:16:01 UTC 2026","passed","Tue Sep 22 10:16:13 UTC 2026","Presented Checks — Smoke","specs\Smoke\5-PresentedChecksSmoke.spec.ts","",""
"","9869","""Delete"" on a row shows a confirm modal; Cancel dismisses it without deleting","msedge","Tue Sep 22 10:20:00 UTC 2026","passed","Tue Sep 22 10:20:10 UTC 2026","Presented Checks — Smoke (Continued)","specs\Smoke\5-PresentedChecksSmoke.spec.ts","",""
"","10644","Issued Checks breadcrumb link is visible on the page","msedge","Tue Sep 22 10:19:13 UTC 2026","passed","Tue Sep 22 10:19:24 UTC 2026","Issued Checks — Smoke (Continued)","specs\Smoke\4-IssuedChecksSmoke.spec.ts","",""
"","15582","Verify Combined View shows all chart sections","webkit","Tue Sep 22 10:33:38 UTC 2026","passed","Tue Sep 22 10:33:53 UTC 2026","Home Dashboard","specs\Smoke\3-HomeDashboardSmoke.spec.ts","",""
"","17411","Excel export button is visible and enabled","webkit","Tue Sep 22 10:45:20 UTC 2026","passed","Tue Sep 22 10:45:38 UTC 2026","ACH — Smoke","specs\Smoke\7-ACHSmoke.spec.ts","",""
"","9236","Excel export button is visible and enabled","chromium","Tue Sep 22 10:20:22 UTC 2026","passed","Tue Sep 22 10:20:31 UTC 2026","Exceptions — Smoke","specs\Smoke\8-ExceptionsSmoke.spec.ts","",""
"","9534","Last page arrow jumps to the final page","msedge","Tue Sep 22 10:21:21 UTC 2026","passed","Tue Sep 22 10:21:30 UTC 2026","Exceptions — Smoke","specs\Smoke\8-ExceptionsSmoke.spec.ts","",""
"","19504","Last page arrow jumps to the final page","webkit","Tue Sep 22 10:46:16 UTC 2026","passed","Tue Sep 22 10:46:35 UTC 2026","Exceptions — Smoke","specs\Smoke\8-ExceptionsSmoke.spec.ts","",""
"","11549","Validate Login functionality with correctCredentials","msedge","Tue Sep 22 10:11:49 UTC 2026","passed","Tue Sep 22 10:12:00 UTC 2026","","specs\Smoke\1-LoginSmoke.spec.ts","",""
"","17868","Saved Filters dropdown is visible and defaults to no preset","webkit","Tue Sep 22 10:41:16 UTC 2026","passed","Tue Sep 22 10:41:34 UTC 2026","Presented Checks — Smoke","specs\Smoke\5-PresentedChecksSmoke.spec.ts","",""
"","6169","Verify Combined View shows all chart sections","msedge","Tue Sep 22 10:13:28 UTC 2026","passed","Tue Sep 22 10:13:34 UTC 2026","Home Dashboard","specs\Smoke\3-HomeDashboardSmoke.spec.ts","",""
"","6559","Issued Checks page loads correctly","msedge","Tue Sep 22 10:12:01 UTC 2026","passed","Tue Sep 22 10:12:07 UTC 2026","Application Navigation Smoke Tests","specs\Smoke\2-NavigationSmoke.spec.ts","",""
"","10208","Last page arrow jumps to the final page","chromium","Tue Sep 22 10:17:03 UTC 2026","passed","Tue Sep 22 10:17:13 UTC 2026","Issued Checks — Smoke","specs\Smoke\4-IssuedChecksSmoke.spec.ts","",""
"","15823","Roles/Permissions sub-page loads correctly","webkit","Tue Sep 22 10:32:48 UTC 2026","passed","Tue Sep 22 10:33:04 UTC 2026","Application Navigation Smoke Tests","specs\Smoke\2-NavigationSmoke.spec.ts","",""
"","13436","Grid loads with data rows and key column headers","firefox","Tue Sep 22 10:18:57 UTC 2026","passed","Tue Sep 22 10:19:10 UTC 2026","Presented Checks — Smoke","specs\Smoke\5-PresentedChecksSmoke.spec.ts","",""
"","7898","Holiday Schedules sub-page loads correctly","msedge","Tue Sep 22 10:13:33 UTC 2026","passed","Tue Sep 22 10:13:41 UTC 2026","Application Navigation Smoke Tests","specs\Smoke\2-NavigationSmoke.spec.ts","",""
"","7082","Decision badge on an already-reviewed row is blocked with a system message","msedge","Tue Sep 22 10:23:15 UTC 2026","passed","Tue Sep 22 10:23:22 UTC 2026","Exceptions — Smoke (Continued)","specs\Smoke\8-ExceptionsSmoke.spec.ts","",""
"","6982","Verify Total Exceptions and Total Exception Amount labels are visible","msedge","Tue Sep 22 10:14:16 UTC 2026","passed","Tue Sep 22 10:14:23 UTC 2026","Home Dashboard","specs\Smoke\3-HomeDashboardSmoke.spec.ts","",""
"","9238","Verify navigation to Presented Checks via nav menu","firefox","Tue Sep 22 10:17:00 UTC 2026","passed","Tue Sep 22 10:17:09 UTC 2026","Home Dashboard","specs\Smoke\3-HomeDashboardSmoke.spec.ts","",""
"","12666","Search box filters grid and clears correctly","msedge","Tue Sep 22 10:20:37 UTC 2026","passed","Tue Sep 22 10:20:49 UTC 2026","Exceptions — Smoke","specs\Smoke\8-ExceptionsSmoke.spec.ts","",""
"","11761","Home page is accessible and shows dashboard","msedge","Tue Sep 22 10:11:49 UTC 2026","passed","Tue Sep 22 10:12:00 UTC 2026","Application Navigation Smoke Tests","specs\Smoke\2-NavigationSmoke.spec.ts","",""
"","14069","Page size change to 10 updates pagination info in bottom-right pager","msedge","Tue Sep 22 10:16:03 UTC 2026","passed","Tue Sep 22 10:16:17 UTC 2026","Issued Checks — Smoke","specs\Smoke\4-IssuedChecksSmoke.spec.ts","",""
"","11071","Validate Login functionality with emptyFields","webkit","Tue Sep 22 10:30:19 UTC 2026","passed","Tue Sep 22 10:30:30 UTC 2026","","specs\Smoke\1-LoginSmoke.spec.ts","",""
"","19679","Next page arrow advances to page 2","webkit","Tue Sep 22 10:39:53 UTC 2026","passed","Tue Sep 22 10:40:13 UTC 2026","Presented Checks — Smoke","specs\Smoke\5-PresentedChecksSmoke.spec.ts","",""
"","17926","Automatic Check Decision Rules sub-page loads correctly","webkit","Tue Sep 22 10:34:41 UTC 2026","passed","Tue Sep 22 10:34:59 UTC 2026","Application Navigation Smoke Tests","specs\Smoke\2-NavigationSmoke.spec.ts","",""
"","19836","Clicking a column header sorts ascending, clicking again sorts descending","webkit","Tue Sep 22 10:41:45 UTC 2026","passed","Tue Sep 22 10:42:05 UTC 2026","Issued Checks — Smoke (Continued)","specs\Smoke\4-IssuedChecksSmoke.spec.ts","",""
"","8162","File Formats sub-page loads correctly","msedge","Tue Sep 22 10:13:41 UTC 2026","passed","Tue Sep 22 10:13:49 UTC 2026","Application Navigation Smoke Tests","specs\Smoke\2-NavigationSmoke.spec.ts","",""
"","13114","System Log sub-page loads correctly","firefox","Tue Sep 22 10:18:04 UTC 2026","passed","Tue Sep 22 10:18:18 UTC 2026","Application Navigation Smoke Tests","specs\Smoke\2-NavigationSmoke.spec.ts","",""
"","9251","Validate Login functionality with missingPassword","webkit","Tue Sep 22 10:30:30 UTC 2026","passed","Tue Sep 22 10:30:39 UTC 2026","","specs\Smoke\1-LoginSmoke.spec.ts","",""
"","11816","Column filter menu applies a filter and Clear restores the full row set","chromium","Tue Sep 22 10:22:43 UTC 2026","passed","Tue Sep 22 10:22:55 UTC 2026","Exceptions — Smoke (Continued)","specs\Smoke\8-ExceptionsSmoke.spec.ts","",""
"","12862","Column filter popup applies a filter and Clear restores the full row set","chromium","Tue Sep 22 10:18:45 UTC 2026","passed","Tue Sep 22 10:18:58 UTC 2026","Issued Checks — Smoke (Continued)","specs\Smoke\4-IssuedChecksSmoke.spec.ts","",""
"","16634","ACH Approval Rules sub-page loads correctly","webkit","Tue Sep 22 10:35:33 UTC 2026","passed","Tue Sep 22 10:35:50 UTC 2026","Application Navigation Smoke Tests","specs\Smoke\2-NavigationSmoke.spec.ts","",""
"","14233","Verify dashboard footer footnote and privacy link are visible","webkit","Tue Sep 22 10:36:05 UTC 2026","passed","Tue Sep 22 10:36:19 UTC 2026","Home Dashboard","specs\Smoke\3-HomeDashboardSmoke.spec.ts","",""
"","7359","Column filter popup applies a filter and Clear restores the full row set","msedge","Tue Sep 22 10:18:47 UTC 2026","passed","Tue Sep 22 10:18:55 UTC 2026","Issued Checks — Smoke (Continued)","specs\Smoke\4-IssuedChecksSmoke.spec.ts","",""
"","10021","Typing a page number navigates to that page","chromium","Tue Sep 22 10:17:13 UTC 2026","passed","Tue Sep 22 10:17:24 UTC 2026","Issued Checks — Smoke","specs\Smoke\4-IssuedChecksSmoke.spec.ts","",""
"","16368","Save a filter preset, verify it is auto-selected, then delete it","chromium","Tue Sep 22 10:18:16 UTC 2026","passed","Tue Sep 22 10:18:33 UTC 2026","Issued Checks — Smoke (Continued)","specs\Smoke\4-IssuedChecksSmoke.spec.ts","",""
"","15604","Excel export button is visible and enabled","firefox","Tue Sep 22 10:24:58 UTC 2026","passed","Tue Sep 22 10:25:14 UTC 2026","ACH — Smoke","specs\Smoke\7-ACHSmoke.spec.ts","",""
"","16459","Presented Checks breadcrumb link is visible on the page","webkit","Tue Sep 22 10:44:24 UTC 2026","passed","Tue Sep 22 10:44:41 UTC 2026","Presented Checks — Smoke (Continued)","specs\Smoke\5-PresentedChecksSmoke.spec.ts","",""
"","12512","Verify dashboard loads after successful login","webkit","Tue Sep 22 10:33:11 UTC 2026","passed","Tue Sep 22 10:33:24 UTC 2026","Home Dashboard","specs\Smoke\3-HomeDashboardSmoke.spec.ts","",""
"","16390","ACH breadcrumb link is visible on the page","webkit","Tue Sep 22 10:50:27 UTC 2026","passed","Tue Sep 22 10:50:43 UTC 2026","ACH — Smoke","specs\Smoke\7-ACHSmoke.spec.ts","",""
"","14670","Search box filters grid and clears correctly","firefox","Tue Sep 22 10:24:44 UTC 2026","passed","Tue Sep 22 10:24:58 UTC 2026","ACH — Smoke","specs\Smoke\7-ACHSmoke.spec.ts","",""
"","5162","Validate Login functionality with sqlInjection","firefox","Tue Sep 22 10:12:36 UTC 2026","passed","Tue Sep 22 10:12:41 UTC 2026","","specs\Smoke\1-LoginSmoke.spec.ts","",""
"","18680","""Edit"" link on a row navigates to the check edit form","webkit","Tue Sep 22 10:42:29 UTC 2026","passed","Tue Sep 22 10:42:48 UTC 2026","Issued Checks — Smoke (Continued)","specs\Smoke\4-IssuedChecksSmoke.spec.ts","",""
"","16690","Automatic ACH Decision Rules sub-page loads correctly","webkit","Tue Sep 22 10:35:17 UTC 2026","passed","Tue Sep 22 10:35:33 UTC 2026","Application Navigation Smoke Tests","specs\Smoke\2-NavigationSmoke.spec.ts","",""
"","9777","Automatic Check Decision Rules sub-page loads correctly","msedge","Tue Sep 22 10:13:58 UTC 2026","passed","Tue Sep 22 10:14:08 UTC 2026","Application Navigation Smoke Tests","specs\Smoke\2-NavigationSmoke.spec.ts","",""
"","15538","""Delete"" on a row shows a confirm modal; Cancel dismisses it without deleting","firefox","Tue Sep 22 10:23:29 UTC 2026","passed","Tue Sep 22 10:23:45 UTC 2026","Issued Checks — Smoke (Continued)","specs\Smoke\4-IssuedChecksSmoke.spec.ts","",""
"","17503","ACH page loads correctly","firefox","Tue Sep 22 10:12:37 UTC 2026","passed","Tue Sep 22 10:12:55 UTC 2026","Application Navigation Smoke Tests","specs\Smoke\2-NavigationSmoke.spec.ts","",""
"","9510","Validate Login functionality with incorrectUsername","webkit","Tue Sep 22 10:30:02 UTC 2026","passed","Tue Sep 22 10:30:11 UTC 2026","","specs\Smoke\1-LoginSmoke.spec.ts","",""
"","4135","Validate forgot password with unregistered email","msedge","Tue Sep 22 10:12:58 UTC 2026","passed","Tue Sep 22 10:13:02 UTC 2026","","specs\Smoke\1-LoginSmoke.spec.ts","",""
"","6662","ACH Approval Rules sub-page loads correctly","msedge","Tue Sep 22 10:14:23 UTC 2026","passed","Tue Sep 22 10:14:30 UTC 2026","Application Navigation Smoke Tests","specs\Smoke\2-NavigationSmoke.spec.ts","",""
"","7301","Verify all three dashboard view tabs are visible","chromium","Tue Sep 22 10:13:27 UTC 2026","passed","Tue Sep 22 10:13:34 UTC 2026","Home Dashboard","specs\Smoke\3-HomeDashboardSmoke.spec.ts","",""
"","15144","Validate Login functionality with caseSensitiveEmail","webkit","Tue Sep 22 10:29:38 UTC 2026","passed","Tue Sep 22 10:29:53 UTC 2026","","specs\Smoke\1-LoginSmoke.spec.ts","",""
"","6578","Open Exceptions page loads with either exception cards or the empty-state message","msedge","Tue Sep 22 10:23:33 UTC 2026","passed","Tue Sep 22 10:23:40 UTC 2026","Exceptions — Smoke (Continued)","specs\Smoke\8-ExceptionsSmoke.spec.ts","",""
"","16507","Default filter auto-applies after logout and re-login","webkit","Tue Sep 22 10:40:56 UTC 2026","skipped","Tue Sep 22 10:41:12 UTC 2026","Issued Checks — Default Filter (Serial)","specs\Smoke\4-IssuedChecksSmoke.spec.ts","",""
"","11372","Pay/Return decision badge navigates to exception history","chromium","Tue Sep 22 10:19:37 UTC 2026","passed","Tue Sep 22 10:19:49 UTC 2026","Presented Checks — Smoke (Continued)","specs\Smoke\5-PresentedChecksSmoke.spec.ts","",""
"","5700","Validate Login functionality with veryLongInput","chromium","Tue Sep 22 10:12:40 UTC 2026","passed","Tue Sep 22 10:12:45 UTC 2026","","specs\Smoke\1-LoginSmoke.spec.ts","",""
"","11825","Search box filters grid and clears correctly","chromium","Tue Sep 22 10:16:33 UTC 2026","passed","Tue Sep 22 10:16:45 UTC 2026","Presented Checks — Smoke","specs\Smoke\5-PresentedChecksSmoke.spec.ts","",""
"","9364","Business Clients sub-page loads correctly","chromium","Tue Sep 22 10:12:54 UTC 2026","passed","Tue Sep 22 10:13:04 UTC 2026","Application Navigation Smoke Tests","specs\Smoke\2-NavigationSmoke.spec.ts","",""
"","10609","Exception History grid loads with data rows and key column headers","chromium","Tue Sep 22 10:19:59 UTC 2026","passed","Tue Sep 22 10:20:10 UTC 2026","Exceptions — Smoke","specs\Smoke\8-ExceptionsSmoke.spec.ts","",""
"","11173","Page size change to 10 updates pagination info in bottom-right pager","msedge","Tue Sep 22 10:20:59 UTC 2026","passed","Tue Sep 22 10:21:10 UTC 2026","Exceptions — Smoke","specs\Smoke\8-ExceptionsSmoke.spec.ts","",""
"","17213","Excel export button is visible and enabled","webkit","Tue Sep 22 10:45:21 UTC 2026","passed","Tue Sep 22 10:45:38 UTC 2026","Exceptions — Smoke","specs\Smoke\8-ExceptionsSmoke.spec.ts","",""
"","13497","Verify all three dashboard view tabs are visible","webkit","Tue Sep 22 10:33:24 UTC 2026","passed","Tue Sep 22 10:33:38 UTC 2026","Home Dashboard","specs\Smoke\3-HomeDashboardSmoke.spec.ts","",""
"","9433","Search box filters grid and clears correctly","msedge","Tue Sep 22 10:15:44 UTC 2026","passed","Tue Sep 22 10:15:53 UTC 2026","Issued Checks — Smoke","specs\Smoke\4-IssuedChecksSmoke.spec.ts","",""
"","14720","Verify summary KPI values have expected number formats","webkit","Tue Sep 22 10:35:32 UTC 2026","passed","Tue Sep 22 10:35:47 UTC 2026","Home Dashboard","specs\Smoke\3-HomeDashboardSmoke.spec.ts","",""
"","23776","Validate forgot password functionality with No email","webkit","Tue Sep 22 10:32:07 UTC 2026","passed","Tue Sep 22 10:32:30 UTC 2026","","specs\Smoke\1-LoginSmoke.spec.ts","",""
"","17151","Automatic ACH Decision Rules sub-page loads correctly","chromium","Tue Sep 22 10:14:38 UTC 2026","passed","Tue Sep 22 10:14:55 UTC 2026","Application Navigation Smoke Tests","specs\Smoke\2-NavigationSmoke.spec.ts","",""
"","25776","Next page arrow advances to page 2","firefox","Tue Sep 22 10:20:18 UTC 2026","passed","Tue Sep 22 10:20:44 UTC 2026","Issued Checks — Smoke","specs\Smoke\4-IssuedChecksSmoke.spec.ts","",""
"","17636","Pay/Return decision badge navigates to exception history","chromium","Tue Sep 22 10:23:32 UTC 2026","passed","Tue Sep 22 10:23:50 UTC 2026","ACH — Smoke","specs\Smoke\7-ACHSmoke.spec.ts","",""
"","17553","""+ Add Check"" navigates to the add-check form","webkit","Tue Sep 22 10:38:22 UTC 2026","passed","Tue Sep 22 10:38:39 UTC 2026","Presented Checks — Smoke","specs\Smoke\5-PresentedChecksSmoke.spec.ts","",""
"","13849","API link is visible and points to swagger","firefox","Tue Sep 22 10:18:30 UTC 2026","passed","Tue Sep 22 10:18:44 UTC 2026","Application Navigation Smoke Tests","specs\Smoke\2-NavigationSmoke.spec.ts","",""
"","19711","Typing a page number navigates to that page","webkit","Tue Sep 22 10:46:36 UTC 2026","passed","Tue Sep 22 10:46:55 UTC 2026","ACH — Smoke","specs\Smoke\7-ACHSmoke.spec.ts","",""
"","12584","Validate Login functionality with xssInUsername","firefox","Tue Sep 22 10:12:41 UTC 2026","passed","Tue Sep 22 10:12:53 UTC 2026","","specs\Smoke\1-LoginSmoke.spec.ts","",""
"","8286","Exceptions page loads correctly","chromium","Tue Sep 22 10:12:29 UTC 2026","passed","Tue Sep 22 10:12:37 UTC 2026","Application Navigation Smoke Tests","specs\Smoke\2-NavigationSmoke.spec.ts","",""
"","7120","Business Clients sub-page loads correctly","msedge","Tue Sep 22 10:12:47 UTC 2026","passed","Tue Sep 22 10:12:54 UTC 2026","Application Navigation Smoke Tests","specs\Smoke\2-NavigationSmoke.spec.ts","",""
"","20540","""Delete"" on a row shows a confirm modal; Cancel dismisses it without deleting","webkit","Tue Sep 22 10:43:45 UTC 2026","passed","Tue Sep 22 10:44:05 UTC 2026","Presented Checks — Smoke (Continued)","specs\Smoke\5-PresentedChecksSmoke.spec.ts","",""
"","14492","Saved Filters dropdown is visible and defaults to no preset","firefox","Tue Sep 22 10:21:30 UTC 2026","passed","Tue Sep 22 10:21:44 UTC 2026","Issued Checks — Smoke","specs\Smoke\4-IssuedChecksSmoke.spec.ts","",""
"","8035","Validate Login functionality with caseSensitiveEmail","firefox","Tue Sep 22 10:11:56 UTC 2026","passed","Tue Sep 22 10:12:04 UTC 2026","","specs\Smoke\1-LoginSmoke.spec.ts","",""
"","8367","Settings page loads correctly","chromium","Tue Sep 22 10:12:37 UTC 2026","passed","Tue Sep 22 10:12:46 UTC 2026","Application Navigation Smoke Tests","specs\Smoke\2-NavigationSmoke.spec.ts","",""
"","13515","""View"" (Change Log) link on a row navigates to the entity log","firefox","Tue Sep 22 10:23:16 UTC 2026","passed","Tue Sep 22 10:23:29 UTC 2026","Issued Checks — Smoke (Continued)","specs\Smoke\4-IssuedChecksSmoke.spec.ts","",""
"","7226","File Processing sub-page loads correctly","msedge","Tue Sep 22 10:14:56 UTC 2026","passed","Tue Sep 22 10:15:03 UTC 2026","Application Navigation Smoke Tests","specs\Smoke\2-NavigationSmoke.spec.ts","",""
"","14096","Branding sub-page loads correctly","webkit","Tue Sep 22 10:33:04 UTC 2026","passed","Tue Sep 22 10:33:18 UTC 2026","Application Navigation Smoke Tests","specs\Smoke\2-NavigationSmoke.spec.ts","",""
"","10195","Validate unauthenticated access to protected route is redirected to login","webkit","Tue Sep 22 10:33:01 UTC 2026","passed","Tue Sep 22 10:33:11 UTC 2026","","specs\Smoke\1-LoginSmoke.spec.ts","",""
"","12022","Check Approval Rules sub-page loads correctly","firefox","Tue Sep 22 10:16:58 UTC 2026","passed","Tue Sep 22 10:17:10 UTC 2026","Application Navigation Smoke Tests","specs\Smoke\2-NavigationSmoke.spec.ts","",""
"","14132","Validate forgot password with unregistered email","webkit","Tue Sep 22 10:32:30 UTC 2026","passed","Tue Sep 22 10:32:45 UTC 2026","","specs\Smoke\1-LoginSmoke.spec.ts","",""
"","33078","Save a filter preset, verify it is auto-selected, then delete it","webkit","Tue Sep 22 10:41:12 UTC 2026","passed","Tue Sep 22 10:41:45 UTC 2026","Issued Checks — Smoke (Continued)","specs\Smoke\4-IssuedChecksSmoke.spec.ts","",""
"","12449","File Processing sub-page loads correctly","firefox","Tue Sep 22 10:18:18 UTC 2026","passed","Tue Sep 22 10:18:30 UTC 2026","Application Navigation Smoke Tests","specs\Smoke\2-NavigationSmoke.spec.ts","",""
"","10159","Excel export button is visible and enabled","firefox","Tue Sep 22 10:19:50 UTC 2026","passed","Tue Sep 22 10:20:00 UTC 2026","Presented Checks — Smoke","specs\Smoke\5-PresentedChecksSmoke.spec.ts","",""
"","15267","Default filter auto-applies after logout and re-login","firefox","Tue Sep 22 10:21:20 UTC 2026","skipped","Tue Sep 22 10:21:36 UTC 2026","Presented Checks — Default Filter (Serial)","specs\Smoke\5-PresentedChecksSmoke.spec.ts","",""
"","10401","""Delete"" on a row shows a confirm modal; Cancel dismisses it without deleting","chromium","Tue Sep 22 10:19:27 UTC 2026","passed","Tue Sep 22 10:19:37 UTC 2026","Presented Checks — Smoke (Continued)","specs\Smoke\5-PresentedChecksSmoke.spec.ts","",""
"","11198","Verify navigation to ACH via nav menu","firefox","Tue Sep 22 10:17:09 UTC 2026","passed","Tue Sep 22 10:17:21 UTC 2026","Home Dashboard","specs\Smoke\3-HomeDashboardSmoke.spec.ts","",""
"","32761","Save a filter preset, verify it is auto-selected, then delete it","webkit","Tue Sep 22 10:47:52 UTC 2026","passed","Tue Sep 22 10:48:25 UTC 2026","Exceptions — Smoke (Continued)","specs\Smoke\8-ExceptionsSmoke.spec.ts","",""
"","17974","""Delete"" on a row shows a confirm modal; Cancel dismisses it without deleting","firefox","Tue Sep 22 10:23:06 UTC 2026","passed","Tue Sep 22 10:23:24 UTC 2026","Presented Checks — Smoke (Continued)","specs\Smoke\5-PresentedChecksSmoke.spec.ts","",""
"","15012","Last page arrow jumps to the final page","firefox","Tue Sep 22 10:25:53 UTC 2026","passed","Tue Sep 22 10:26:08 UTC 2026","ACH — Smoke","specs\Smoke\7-ACHSmoke.spec.ts","",""
"","12430","Web Hooks sub-page loads correctly","firefox","Tue Sep 22 10:18:44 UTC 2026","passed","Tue Sep 22 10:18:56 UTC 2026","Application Navigation Smoke Tests","specs\Smoke\2-NavigationSmoke.spec.ts","",""
"","11409","Users sub-page loads correctly","firefox","Tue Sep 22 10:15:05 UTC 2026","passed","Tue Sep 22 10:15:16 UTC 2026","Application Navigation Smoke Tests","specs\Smoke\2-NavigationSmoke.spec.ts","",""
"","8812","Check Approval Rules sub-page loads correctly","msedge","Tue Sep 22 10:14:08 UTC 2026","passed","Tue Sep 22 10:14:17 UTC 2026","Application Navigation Smoke Tests","specs\Smoke\2-NavigationSmoke.spec.ts","",""
"","18257","Search box filters grid and clears correctly","firefox","Tue Sep 22 10:18:22 UTC 2026","passed","Tue Sep 22 10:18:41 UTC 2026","Issued Checks — Smoke","specs\Smoke\4-IssuedChecksSmoke.spec.ts","",""
"","5054","Validate Login functionality with missingPassword","chromium","Tue Sep 22 10:12:18 UTC 2026","passed","Tue Sep 22 10:12:24 UTC 2026","","specs\Smoke\1-LoginSmoke.spec.ts","",""
"","14509","Page size change to 10 updates pagination info in bottom-right pager","firefox","Tue Sep 22 10:25:08 UTC 2026","passed","Tue Sep 22 10:25:23 UTC 2026","Exceptions — Smoke","specs\Smoke\8-ExceptionsSmoke.spec.ts","",""
"","19648","Grid loads with data rows and key column headers","webkit","Tue Sep 22 10:37:29 UTC 2026","passed","Tue Sep 22 10:37:49 UTC 2026","Issued Checks — Smoke","specs\Smoke\4-IssuedChecksSmoke.spec.ts","",""
"","11759","Last page arrow jumps to the final page","chromium","Tue Sep 22 10:20:54 UTC 2026","passed","Tue Sep 22 10:21:06 UTC 2026","Exceptions — Smoke","specs\Smoke\8-ExceptionsSmoke.spec.ts","",""
"","11196","Previous page button returns to page 1, First page button re-enables disabled state","chromium","Tue Sep 22 10:17:35 UTC 2026","passed","Tue Sep 22 10:17:47 UTC 2026","Presented Checks — Smoke","specs\Smoke\5-PresentedChecksSmoke.spec.ts","",""
"","7966","Verify navigation to Exceptions via nav menu","firefox","Tue Sep 22 10:17:21 UTC 2026","passed","Tue Sep 22 10:17:29 UTC 2026","Home Dashboard","specs\Smoke\3-HomeDashboardSmoke.spec.ts","",""
"","11592","Automatic Check Decision Rules sub-page loads correctly","firefox","Tue Sep 22 10:16:46 UTC 2026","passed","Tue Sep 22 10:16:58 UTC 2026","Application Navigation Smoke Tests","specs\Smoke\2-NavigationSmoke.spec.ts","",""
"","13903","""+ Add Check"" navigates to the add-check form","firefox","Tue Sep 22 10:19:10 UTC 2026","passed","Tue Sep 22 10:19:24 UTC 2026","Presented Checks — Smoke","specs\Smoke\5-PresentedChecksSmoke.spec.ts","",""
"","6097","Validate forgot password with unregistered email","firefox","Tue Sep 22 10:13:14 UTC 2026","passed","Tue Sep 22 10:13:20 UTC 2026","","specs\Smoke\1-LoginSmoke.spec.ts","",""
"","18694","Previous page button returns to page 1, First page button re-enables disabled state","firefox","Tue Sep 22 10:20:48 UTC 2026","passed","Tue Sep 22 10:21:06 UTC 2026","Presented Checks — Smoke","specs\Smoke\5-PresentedChecksSmoke.spec.ts","",""
"","15154","""Uploaded ACH"" navigates to the uploads page","firefox","Tue Sep 22 10:24:28 UTC 2026","passed","Tue Sep 22 10:24:44 UTC 2026","ACH — Smoke","specs\Smoke\7-ACHSmoke.spec.ts","",""
"","15212","Validate teller presented-check form shows all required fields","firefox","Tue Sep 22 10:23:57 UTC 2026","passed","Tue Sep 22 10:24:13 UTC 2026","Teller - Smoke","specs\Smoke\6-TellerSmoke.spec.ts","",""
"","10936","Column filter popup applies a filter and Clear restores the full row set","msedge","Tue Sep 22 10:21:56 UTC 2026","passed","Tue Sep 22 10:22:07 UTC 2026","ACH — Smoke","specs\Smoke\7-ACHSmoke.spec.ts","",""
"","7317","Column filter menu applies a filter and Clear restores the full row set","msedge","Tue Sep 22 10:23:01 UTC 2026","passed","Tue Sep 22 10:23:08 UTC 2026","Exceptions — Smoke (Continued)","specs\Smoke\8-ExceptionsSmoke.spec.ts","",""
"","13387","Typing a page number navigates to that page","firefox","Tue Sep 22 10:21:01 UTC 2026","passed","Tue Sep 22 10:21:15 UTC 2026","Issued Checks — Smoke","specs\Smoke\4-IssuedChecksSmoke.spec.ts","",""
"","8409","Verify Home dashboard is restored after returning from another page","msedge","Tue Sep 22 10:15:03 UTC 2026","passed","Tue Sep 22 10:15:11 UTC 2026","Home Dashboard","specs\Smoke\3-HomeDashboardSmoke.spec.ts","",""
"","11164","Saved Filters dropdown is visible and defaults to no preset","msedge","Tue Sep 22 10:17:11 UTC 2026","passed","Tue Sep 22 10:17:22 UTC 2026","Issued Checks — Smoke","specs\Smoke\4-IssuedChecksSmoke.spec.ts","",""
"","10867","Grid View toggle navigates to the open-exceptions grid and shows key column headers","chromium","Tue Sep 22 10:23:57 UTC 2026","passed","Tue Sep 22 10:24:08 UTC 2026","Exceptions — Smoke (Continued)","specs\Smoke\8-ExceptionsSmoke.spec.ts","",""
"","6259","Validate unauthenticated access to protected route is redirected to login","chromium","Tue Sep 22 10:13:13 UTC 2026","passed","Tue Sep 22 10:13:19 UTC 2026","","specs\Smoke\1-LoginSmoke.spec.ts","",""
"","11682","Typing a page number navigates to that page","msedge","Tue Sep 22 10:20:47 UTC 2026","passed","Tue Sep 22 10:20:59 UTC 2026","ACH — Smoke","specs\Smoke\7-ACHSmoke.spec.ts","",""
"","9007","Presented Checks breadcrumb link is visible on the page","msedge","Tue Sep 22 10:20:19 UTC 2026","passed","Tue Sep 22 10:20:28 UTC 2026","Presented Checks — Smoke (Continued)","specs\Smoke\5-PresentedChecksSmoke.spec.ts","",""
"","8786","Presented Checks page loads correctly","chromium","Tue Sep 22 10:12:02 UTC 2026","passed","Tue Sep 22 10:12:11 UTC 2026","Application Navigation Smoke Tests","specs\Smoke\2-NavigationSmoke.spec.ts","",""
"","8494","Account Settings sub-page loads correctly","chromium","Tue Sep 22 10:12:46 UTC 2026","passed","Tue Sep 22 10:12:54 UTC 2026","Application Navigation Smoke Tests","specs\Smoke\2-NavigationSmoke.spec.ts","",""
"","9867","Default Decision Log sub-page loads correctly","chromium","Tue Sep 22 10:15:15 UTC 2026","passed","Tue Sep 22 10:15:25 UTC 2026","Application Navigation Smoke Tests","specs\Smoke\2-NavigationSmoke.spec.ts","",""
"","8566","Verify dashboard loads after successful login","firefox","Tue Sep 22 10:13:39 UTC 2026","passed","Tue Sep 22 10:13:47 UTC 2026","Home Dashboard","specs\Smoke\3-HomeDashboardSmoke.spec.ts","",""
"","9081","Issued Checks page loads correctly","chromium","Tue Sep 22 10:11:53 UTC 2026","passed","Tue Sep 22 10:12:02 UTC 2026","Application Navigation Smoke Tests","specs\Smoke\2-NavigationSmoke.spec.ts","",""
"","7912","Validate session persists after page refresh","msedge","Tue Sep 22 10:13:02 UTC 2026","passed","Tue Sep 22 10:13:10 UTC 2026","","specs\Smoke\1-LoginSmoke.spec.ts","",""
"","13922","Default Decision Log sub-page loads correctly","firefox","Tue Sep 22 10:17:51 UTC 2026","passed","Tue Sep 22 10:18:04 UTC 2026","Application Navigation Smoke Tests","specs\Smoke\2-NavigationSmoke.spec.ts","",""
"","14607","Verify ACH Only tab shows ACH-specific chart sections","webkit","Tue Sep 22 10:34:08 UTC 2026","passed","Tue Sep 22 10:34:22 UTC 2026","Home Dashboard","specs\Smoke\3-HomeDashboardSmoke.spec.ts","",""
"","8169","Decision Files sub-page loads correctly","msedge","Tue Sep 22 10:13:25 UTC 2026","passed","Tue Sep 22 10:13:33 UTC 2026","Application Navigation Smoke Tests","specs\Smoke\2-NavigationSmoke.spec.ts","",""
"","13972","Default filter auto-applies after logout and re-login","firefox","Tue Sep 22 10:26:56 UTC 2026","skipped","Tue Sep 22 10:27:10 UTC 2026","ACH — Smoke","specs\Smoke\7-ACHSmoke.spec.ts","",""
"","18562","Previous page button returns to page 1, First page button re-enables disabled state","firefox","Tue Sep 22 10:26:24 UTC 2026","passed","Tue Sep 22 10:26:43 UTC 2026","ACH — Smoke","specs\Smoke\7-ACHSmoke.spec.ts","",""
"","15595","ACH breadcrumb link is visible on the page","firefox","Tue Sep 22 10:29:06 UTC 2026","passed","Tue Sep 22 10:29:22 UTC 2026","ACH — Smoke","specs\Smoke\7-ACHSmoke.spec.ts","",""
"","13177","Verify navigation to Settings via nav menu","webkit","Tue Sep 22 10:37:48 UTC 2026","passed","Tue Sep 22 10:38:02 UTC 2026","Home Dashboard","specs\Smoke\3-HomeDashboardSmoke.spec.ts","",""
"","9865","Search box filters grid and clears correctly","msedge","Tue Sep 22 10:20:01 UTC 2026","passed","Tue Sep 22 10:20:10 UTC 2026","ACH — Smoke","specs\Smoke\7-ACHSmoke.spec.ts","",""
"","4686","Validate Login functionality with incorrectPassword","chromium","Tue Sep 22 10:11:58 UTC 2026","passed","Tue Sep 22 10:12:03 UTC 2026","","specs\Smoke\1-LoginSmoke.spec.ts","",""
"","10877","Next page arrow advances to page 2","chromium","Tue Sep 22 10:16:52 UTC 2026","passed","Tue Sep 22 10:17:03 UTC 2026","Issued Checks — Smoke","specs\Smoke\4-IssuedChecksSmoke.spec.ts","",""
"","16124","Default filter auto-applies after logout and re-login","webkit","Tue Sep 22 10:47:40 UTC 2026","skipped","Tue Sep 22 10:47:56 UTC 2026","ACH — Smoke","specs\Smoke\7-ACHSmoke.spec.ts","",""
"","24347","Previous page button returns to page 1, First page button re-enables disabled state","webkit","Tue Sep 22 10:40:14 UTC 2026","passed","Tue Sep 22 10:40:38 UTC 2026","Issued Checks — Smoke","specs\Smoke\4-IssuedChecksSmoke.spec.ts","",""
"","13421","Verify navigation to Issued Checks via nav menu","webkit","Tue Sep 22 10:36:50 UTC 2026","passed","Tue Sep 22 10:37:04 UTC 2026","Home Dashboard","specs\Smoke\3-HomeDashboardSmoke.spec.ts","",""
"","12091","Teller page loads correctly","firefox","Tue Sep 22 10:12:25 UTC 2026","passed","Tue Sep 22 10:12:37 UTC 2026","Application Navigation Smoke Tests","specs\Smoke\2-NavigationSmoke.spec.ts","",""
"","18264","Saved Filters dropdown is visible and defaults to no preset","webkit","Tue Sep 22 10:47:22 UTC 2026","passed","Tue Sep 22 10:47:40 UTC 2026","Exceptions — Smoke","specs\Smoke\8-ExceptionsSmoke.spec.ts","",""
"","7058","Verify ACH Only tab shows ACH-specific chart sections","msedge","Tue Sep 22 10:13:41 UTC 2026","passed","Tue Sep 22 10:13:48 UTC 2026","Home Dashboard","specs\Smoke\3-HomeDashboardSmoke.spec.ts","",""
"","7392","""Delete"" on a row shows a confirm modal; Cancel dismisses it without deleting","msedge","Tue Sep 22 10:19:06 UTC 2026","passed","Tue Sep 22 10:19:13 UTC 2026","Issued Checks — Smoke (Continued)","specs\Smoke\4-IssuedChecksSmoke.spec.ts","",""
"","21196","""Delete"" on a row shows a confirm modal; Cancel dismisses it without deleting","firefox","Tue Sep 22 10:28:22 UTC 2026","passed","Tue Sep 22 10:28:43 UTC 2026","ACH — Smoke","specs\Smoke\7-ACHSmoke.spec.ts","",""
"","17319","Default filter auto-applies after logout and re-login","webkit","Tue Sep 22 10:41:34 UTC 2026","skipped","Tue Sep 22 10:41:51 UTC 2026","Presented Checks — Default Filter (Serial)","specs\Smoke\5-PresentedChecksSmoke.spec.ts","",""
"","7637","Verify profile menu shows My Info and Logout links","chromium","Tue Sep 22 10:14:55 UTC 2026","passed","Tue Sep 22 10:15:03 UTC 2026","Home Dashboard","specs\Smoke\3-HomeDashboardSmoke.spec.ts","",""
"","8393","Exception History grid loads with data rows and key column headers","msedge","Tue Sep 22 10:20:28 UTC 2026","passed","Tue Sep 22 10:20:37 UTC 2026","Exceptions — Smoke","specs\Smoke\8-ExceptionsSmoke.spec.ts","",""
"","19546","Last page arrow jumps to the final page","webkit","Tue Sep 22 10:40:13 UTC 2026","passed","Tue Sep 22 10:40:33 UTC 2026","Presented Checks — Smoke","specs\Smoke\5-PresentedChecksSmoke.spec.ts","",""
"","7589","Pre-Decisions page loads with either records or the empty-state message","firefox","Tue Sep 22 10:29:33 UTC 2026","passed","Tue Sep 22 10:29:41 UTC 2026","Exceptions — Smoke (Continued)","specs\Smoke\8-ExceptionsSmoke.spec.ts","",""
"","10872","Validate Login functionality with missingUsername","webkit","Tue Sep 22 10:30:39 UTC 2026","passed","Tue Sep 22 10:30:50 UTC 2026","","specs\Smoke\1-LoginSmoke.spec.ts","",""
"","21660","Next page arrow advances to page 2","firefox","Tue Sep 22 10:25:32 UTC 2026","passed","Tue Sep 22 10:25:53 UTC 2026","ACH — Smoke","specs\Smoke\7-ACHSmoke.spec.ts","",""
"","18818","""View"" (Change Log) link on a row navigates to the entity log","webkit","Tue Sep 22 10:42:48 UTC 2026","passed","Tue Sep 22 10:43:07 UTC 2026","Issued Checks — Smoke (Continued)","specs\Smoke\4-IssuedChecksSmoke.spec.ts","",""
"","7834","""Edit"" link on a row navigates to the check edit form","msedge","Tue Sep 22 10:19:44 UTC 2026","passed","Tue Sep 22 10:19:52 UTC 2026","Presented Checks — Smoke (Continued)","specs\Smoke\5-PresentedChecksSmoke.spec.ts","",""
"","7948","Verify dashboard loads after successful login","chromium","Tue Sep 22 10:13:19 UTC 2026","passed","Tue Sep 22 10:13:27 UTC 2026","Home Dashboard","specs\Smoke\3-HomeDashboardSmoke.spec.ts","",""
"","14399","Last page arrow jumps to the final page","firefox","Tue Sep 22 10:20:47 UTC 2026","passed","Tue Sep 22 10:21:01 UTC 2026","Issued Checks — Smoke","specs\Smoke\4-IssuedChecksSmoke.spec.ts","",""
"","10466","Next page arrow advances to page 2","chromium","Tue Sep 22 10:17:04 UTC 2026","passed","Tue Sep 22 10:17:14 UTC 2026","Presented Checks — Smoke","specs\Smoke\5-PresentedChecksSmoke.spec.ts","",""
"","6978","Branding sub-page loads correctly","msedge","Tue Sep 22 10:13:09 UTC 2026","passed","Tue Sep 22 10:13:16 UTC 2026","Application Navigation Smoke Tests","specs\Smoke\2-NavigationSmoke.spec.ts","",""
"","17929","Verify chart title changes with selected tab","webkit","Tue Sep 22 10:34:41 UTC 2026","passed","Tue Sep 22 10:34:59 UTC 2026","Home Dashboard","specs\Smoke\3-HomeDashboardSmoke.spec.ts","",""
"","12049","""Delete"" on a row shows a confirm modal; Cancel dismisses it without deleting","chromium","Tue Sep 22 10:23:20 UTC 2026","passed","Tue Sep 22 10:23:32 UTC 2026","ACH — Smoke","specs\Smoke\7-ACHSmoke.spec.ts","",""
"","15601","Issued Checks breadcrumb link is visible on the page","firefox","Tue Sep 22 10:23:45 UTC 2026","passed","Tue Sep 22 10:24:00 UTC 2026","Issued Checks — Smoke (Continued)","specs\Smoke\4-IssuedChecksSmoke.spec.ts","",""
"","21075","Clicking a column header sorts ascending, clicking again sorts descending","firefox","Tue Sep 22 10:27:13 UTC 2026","passed","Tue Sep 22 10:27:34 UTC 2026","Exceptions — Smoke (Continued)","specs\Smoke\8-ExceptionsSmoke.spec.ts","",""
