"DESCRIPTION","DURATION IN MS","NAME","PARENT SUITE","START TIME","STATUS","STOP TIME","SUB SUITE","SUITE","TEST CLASS","TEST METHOD"
"","5588","Excel export button is visible and enabled","msedge","Tue Oct 06 10:29:42 UTC 2026","passed","Tue Oct 06 10:29:48 UTC 2026","Issued Checks — Smoke > Toolbar","specs\Smoke\4-IssuedChecksSmoke.spec.ts","",""
"","4576","Automatic Check Decision Rules sub-page loads correctly","chromium","Tue Oct 06 10:13:27 UTC 2026","passed","Tue Oct 06 10:13:31 UTC 2026","Application Navigation Smoke Tests > Settings Sub-navigation","specs\Smoke\2-NavigationSmoke.spec.ts","",""
"","18488","API link is visible and points to swagger","firefox","Tue Oct 06 10:16:57 UTC 2026","passed","Tue Oct 06 10:17:16 UTC 2026","Application Navigation Smoke Tests > Settings Sub-navigation","specs\Smoke\2-NavigationSmoke.spec.ts","",""
"","7130","""View"" (Change Log) link on a row navigates to the entity log","msedge","Tue Oct 06 10:31:02 UTC 2026","passed","Tue Oct 06 10:31:09 UTC 2026","Issued Checks — Smoke > Row Actions","specs\Smoke\4-IssuedChecksSmoke.spec.ts","",""
"","18053","Typing a page number navigates to that page","firefox","Tue Oct 06 10:24:43 UTC 2026","passed","Tue Oct 06 10:25:01 UTC 2026","ACH — Smoke > Pagination","specs\Smoke\7-ACHSmoke.spec.ts","",""
"","7695","Users sub-page loads correctly","webkit","Tue Oct 06 10:13:30 UTC 2026","passed","Tue Oct 06 10:13:38 UTC 2026","Application Navigation Smoke Tests > Settings Sub-navigation","specs\Smoke\2-NavigationSmoke.spec.ts","",""
"","14625","Verify Home dashboard is restored after returning from another page","firefox","Tue Oct 06 10:18:13 UTC 2026","passed","Tue Oct 06 10:18:28 UTC 2026","Home Dashboard > Summary Stats","specs\Smoke\3-HomeDashboardSmoke.spec.ts","",""
"","4078","Notification Templates sub-page loads correctly","msedge","Tue Oct 06 10:28:15 UTC 2026","passed","Tue Oct 06 10:28:19 UTC 2026","Application Navigation Smoke Tests > Settings Sub-navigation","specs\Smoke\2-NavigationSmoke.spec.ts","",""
"","5654","""Edit"" link on a row navigates to the check edit form","chromium","Tue Oct 06 10:17:58 UTC 2026","passed","Tue Oct 06 10:18:03 UTC 2026","Presented Checks — Smoke > Row Actions","specs\Smoke\5-PresentedChecksSmoke.spec.ts","",""
"","4228","Validate Login functionality with incorrectPassword","msedge","Tue Oct 06 10:27:07 UTC 2026","passed","Tue Oct 06 10:27:11 UTC 2026","Login — Smoke > Login","specs\Smoke\1-LoginSmoke.spec.ts","",""
"","5537","Default Decision Log sub-page loads correctly","msedge","Tue Oct 06 10:28:46 UTC 2026","passed","Tue Oct 06 10:28:52 UTC 2026","Application Navigation Smoke Tests > Settings Sub-navigation","specs\Smoke\2-NavigationSmoke.spec.ts","",""
"","4194","Roles/Permissions sub-page loads correctly","chromium","Tue Oct 06 10:12:56 UTC 2026","passed","Tue Oct 06 10:13:00 UTC 2026","Application Navigation Smoke Tests > Settings Sub-navigation","specs\Smoke\2-NavigationSmoke.spec.ts","",""
"","3103","Exceptions breadcrumb link is visible on the page","msedge","Tue Oct 06 10:34:20 UTC 2026","passed","Tue Oct 06 10:34:23 UTC 2026","Exceptions — Smoke > Exception History > Breadcrumb","specs\Smoke\8-ExceptionsSmoke.spec.ts","",""
"","10076","Validate teller presented-check form shows all required fields","webkit","Tue Oct 06 10:20:09 UTC 2026","passed","Tue Oct 06 10:20:19 UTC 2026","Teller — Smoke > Add Check Form","specs\Smoke\6-TellerSmoke.spec.ts","",""
"","10252","Page size change to 10 updates pagination info in bottom-right pager","webkit","Tue Oct 06 10:19:35 UTC 2026","passed","Tue Oct 06 10:19:45 UTC 2026","Presented Checks — Smoke > Pagination","specs\Smoke\5-PresentedChecksSmoke.spec.ts","",""
"","4199","Business Clients sub-page loads correctly","chromium","Tue Oct 06 10:12:47 UTC 2026","passed","Tue Oct 06 10:12:52 UTC 2026","Application Navigation Smoke Tests > Settings Sub-navigation","specs\Smoke\2-NavigationSmoke.spec.ts","",""
"","6674","Typing a page number navigates to that page","chromium","Tue Oct 06 10:16:51 UTC 2026","passed","Tue Oct 06 10:16:57 UTC 2026","Presented Checks — Smoke > Pagination","specs\Smoke\5-PresentedChecksSmoke.spec.ts","",""
"","4081","Validate Login functionality with emptyFields","chromium","Tue Oct 06 10:12:31 UTC 2026","passed","Tue Oct 06 10:12:35 UTC 2026","Login — Smoke > Login","specs\Smoke\1-LoginSmoke.spec.ts","",""
"","9093","Excel export button is visible and enabled","webkit","Tue Oct 06 10:19:26 UTC 2026","passed","Tue Oct 06 10:19:35 UTC 2026","Presented Checks — Smoke > Toolbar","specs\Smoke\5-PresentedChecksSmoke.spec.ts","",""
"","8098","Default Decision Log sub-page loads correctly","webkit","Tue Oct 06 10:15:13 UTC 2026","passed","Tue Oct 06 10:15:21 UTC 2026","Application Navigation Smoke Tests > Settings Sub-navigation","specs\Smoke\2-NavigationSmoke.spec.ts","",""
"","9243","Account Settings sub-page loads correctly","webkit","Tue Oct 06 10:13:12 UTC 2026","passed","Tue Oct 06 10:13:22 UTC 2026","Application Navigation Smoke Tests > Settings Sub-navigation","specs\Smoke\2-NavigationSmoke.spec.ts","",""
"","12188","Last page arrow jumps to the final page","firefox","Tue Oct 06 10:19:24 UTC 2026","passed","Tue Oct 06 10:19:36 UTC 2026","Issued Checks — Smoke > Pagination","specs\Smoke\4-IssuedChecksSmoke.spec.ts","",""
"","8300","Previous page button returns to page 1, First page button re-enables disabled state","chromium","Tue Oct 06 10:19:24 UTC 2026","passed","Tue Oct 06 10:19:33 UTC 2026","Exceptions — Smoke > Exception History > Pagination","specs\Smoke\8-ExceptionsSmoke.spec.ts","",""
"","10794","Exception History grid loads with data rows and key column headers","webkit","Tue Oct 06 10:22:34 UTC 2026","passed","Tue Oct 06 10:22:45 UTC 2026","Exceptions — Smoke > Exception History > Grid","specs\Smoke\8-ExceptionsSmoke.spec.ts","",""
"","4215","Validate Login functionality with incorrectUsername","msedge","Tue Oct 06 10:27:11 UTC 2026","passed","Tue Oct 06 10:27:16 UTC 2026","Login — Smoke > Login","specs\Smoke\1-LoginSmoke.spec.ts","",""
"","12875","Page size change to 10 updates pagination info in bottom-right pager","firefox","Tue Oct 06 10:24:01 UTC 2026","passed","Tue Oct 06 10:24:14 UTC 2026","ACH — Smoke > Pagination","specs\Smoke\7-ACHSmoke.spec.ts","",""
"","18055","Saved Filters dropdown is visible and defaults to no preset","firefox","Tue Oct 06 10:20:07 UTC 2026","passed","Tue Oct 06 10:20:25 UTC 2026","Issued Checks — Smoke > Saved Filters","specs\Smoke\4-IssuedChecksSmoke.spec.ts","",""
"","7000","Decision badge on an already-reviewed row is blocked with a system message","msedge","Tue Oct 06 10:34:13 UTC 2026","passed","Tue Oct 06 10:34:20 UTC 2026","Exceptions — Smoke > Exception History > Row Actions","specs\Smoke\8-ExceptionsSmoke.spec.ts","",""
"","22754","Verify dashboard tab checked state updates correctly","firefox","Tue Oct 06 10:15:58 UTC 2026","passed","Tue Oct 06 10:16:20 UTC 2026","Home Dashboard > Dashboard Chart Headings","specs\Smoke\3-HomeDashboardSmoke.spec.ts","",""
"","9598","API link is visible and points to swagger","webkit","Tue Oct 06 10:15:41 UTC 2026","passed","Tue Oct 06 10:15:50 UTC 2026","Application Navigation Smoke Tests > Settings Sub-navigation","specs\Smoke\2-NavigationSmoke.spec.ts","",""
"","14525","Validate forgot password with unregistered email","firefox","Tue Oct 06 10:13:50 UTC 2026","passed","Tue Oct 06 10:14:04 UTC 2026","Login — Smoke > Forgot Password","specs\Smoke\1-LoginSmoke.spec.ts","",""
"","4061","Validate Login functionality with missingPassword","msedge","Tue Oct 06 10:27:23 UTC 2026","passed","Tue Oct 06 10:27:28 UTC 2026","Login — Smoke > Login","specs\Smoke\1-LoginSmoke.spec.ts","",""
"","10634","File Formats sub-page loads correctly","webkit","Tue Oct 06 10:14:19 UTC 2026","passed","Tue Oct 06 10:14:30 UTC 2026","Application Navigation Smoke Tests > Settings Sub-navigation","specs\Smoke\2-NavigationSmoke.spec.ts","",""
"","9717","Validate unauthenticated access to protected route is redirected to login","webkit","Tue Oct 06 10:14:32 UTC 2026","passed","Tue Oct 06 10:14:42 UTC 2026","Login — Smoke > Session & Security","specs\Smoke\1-LoginSmoke.spec.ts","",""
"","15734","Column filter popup applies a filter and Clear restores the full row set","webkit","Tue Oct 06 10:21:24 UTC 2026","passed","Tue Oct 06 10:21:40 UTC 2026","Presented Checks — Smoke > Column Filter","specs\Smoke\5-PresentedChecksSmoke.spec.ts","",""
"","10137","Previous page button returns to page 1, First page button re-enables disabled state","msedge","Tue Oct 06 10:30:54 UTC 2026","passed","Tue Oct 06 10:31:04 UTC 2026","Presented Checks — Smoke > Pagination","specs\Smoke\5-PresentedChecksSmoke.spec.ts","",""
"","11162","Issued Checks breadcrumb link is visible on the page","webkit","Tue Oct 06 10:19:57 UTC 2026","passed","Tue Oct 06 10:20:08 UTC 2026","Issued Checks — Smoke > Breadcrumb","specs\Smoke\4-IssuedChecksSmoke.spec.ts","",""
"","8539","Page size change to 10 updates pagination info in bottom-right pager","msedge","Tue Oct 06 10:32:28 UTC 2026","passed","Tue Oct 06 10:32:37 UTC 2026","ACH — Smoke > Pagination","specs\Smoke\7-ACHSmoke.spec.ts","",""
"","6839","""Uploaded ACH"" navigates to the uploads page","msedge","Tue Oct 06 10:32:04 UTC 2026","passed","Tue Oct 06 10:32:11 UTC 2026","ACH — Smoke > Navigation","specs\Smoke\7-ACHSmoke.spec.ts","",""
"","4205","Issued Checks page loads correctly","msedge","Tue Oct 06 10:27:08 UTC 2026","passed","Tue Oct 06 10:27:12 UTC 2026","Application Navigation Smoke Tests > Top-level Navigation","specs\Smoke\2-NavigationSmoke.spec.ts","",""
"","4357","Billing Reports sub-page loads correctly","chromium","Tue Oct 06 10:13:04 UTC 2026","passed","Tue Oct 06 10:13:09 UTC 2026","Application Navigation Smoke Tests > Settings Sub-navigation","specs\Smoke\2-NavigationSmoke.spec.ts","",""
"","7161","Clicking a column header sorts ascending, clicking again sorts descending","msedge","Tue Oct 06 10:31:30 UTC 2026","passed","Tue Oct 06 10:31:37 UTC 2026","Presented Checks — Smoke > Sorting","specs\Smoke\5-PresentedChecksSmoke.spec.ts","",""
"","7709","""Edit"" link on a row navigates to the check edit form","msedge","Tue Oct 06 10:31:48 UTC 2026","passed","Tue Oct 06 10:31:56 UTC 2026","Presented Checks — Smoke > Row Actions","specs\Smoke\5-PresentedChecksSmoke.spec.ts","",""
"","5650","""Delete"" on a row shows a confirm modal; Cancel dismisses it without deleting","chromium","Tue Oct 06 10:18:09 UTC 2026","passed","Tue Oct 06 10:18:15 UTC 2026","Presented Checks — Smoke > Row Actions","specs\Smoke\5-PresentedChecksSmoke.spec.ts","",""
"","4339","Users sub-page loads correctly","chromium","Tue Oct 06 10:12:52 UTC 2026","passed","Tue Oct 06 10:12:56 UTC 2026","Application Navigation Smoke Tests > Settings Sub-navigation","specs\Smoke\2-NavigationSmoke.spec.ts","",""
"","8946","ACH page loads correctly","webkit","Tue Oct 06 10:12:48 UTC 2026","passed","Tue Oct 06 10:12:57 UTC 2026","Application Navigation Smoke Tests > Top-level Navigation","specs\Smoke\2-NavigationSmoke.spec.ts","",""
"","13186","Clicking a column header sorts ascending, clicking again sorts descending","firefox","Tue Oct 06 10:26:04 UTC 2026","passed","Tue Oct 06 10:26:17 UTC 2026","ACH — Smoke > Sorting","specs\Smoke\7-ACHSmoke.spec.ts","",""
"","20681","Save a filter preset, verify it is auto-selected, then delete it","firefox","Tue Oct 06 10:25:31 UTC 2026","passed","Tue Oct 06 10:25:52 UTC 2026","ACH — Smoke > Saved Filters","specs\Smoke\7-ACHSmoke.spec.ts","",""
"","14073","Typing a page number navigates to that page","firefox","Tue Oct 06 10:26:02 UTC 2026","passed","Tue Oct 06 10:26:16 UTC 2026","Exceptions — Smoke > Exception History > Pagination","specs\Smoke\8-ExceptionsSmoke.spec.ts","",""
"","5570","Default filter auto-applies after logout and re-login","msedge","Tue Oct 06 10:31:25 UTC 2026","skipped","Tue Oct 06 10:31:30 UTC 2026","Presented Checks — Smoke > Saved Filters > Default Filter","specs\Smoke\5-PresentedChecksSmoke.spec.ts","",""
"","11735","Grid loads with data rows and key column headers","webkit","Tue Oct 06 10:20:27 UTC 2026","passed","Tue Oct 06 10:20:39 UTC 2026","ACH — Smoke > Grid","specs\Smoke\7-ACHSmoke.spec.ts","",""
"","5890","Verify tab-specific charts are hidden for opposite tab","chromium","Tue Oct 06 10:14:06 UTC 2026","passed","Tue Oct 06 10:14:12 UTC 2026","Home Dashboard > Dashboard Chart Headings","specs\Smoke\3-HomeDashboardSmoke.spec.ts","",""
"","9639","""Edit"" link on a row navigates to the check edit form","webkit","Tue Oct 06 10:21:40 UTC 2026","passed","Tue Oct 06 10:21:50 UTC 2026","Presented Checks — Smoke > Row Actions","specs\Smoke\5-PresentedChecksSmoke.spec.ts","",""
"","9538","Issued Checks page loads correctly","webkit","Tue Oct 06 10:12:23 UTC 2026","passed","Tue Oct 06 10:12:32 UTC 2026","Application Navigation Smoke Tests > Top-level Navigation","specs\Smoke\2-NavigationSmoke.spec.ts","",""
"","5253","Excel export button is visible and enabled","msedge","Tue Oct 06 10:30:23 UTC 2026","passed","Tue Oct 06 10:30:28 UTC 2026","Presented Checks — Smoke > Toolbar","specs\Smoke\5-PresentedChecksSmoke.spec.ts","",""
"","6065","Excel export button is visible and enabled","chromium","Tue Oct 06 10:18:49 UTC 2026","passed","Tue Oct 06 10:18:55 UTC 2026","Exceptions — Smoke > Exception History > Toolbar","specs\Smoke\8-ExceptionsSmoke.spec.ts","",""
"","15238","Previous page button returns to page 1, First page button re-enables disabled state","webkit","Tue Oct 06 10:20:16 UTC 2026","passed","Tue Oct 06 10:20:31 UTC 2026","Presented Checks — Smoke > Pagination","specs\Smoke\5-PresentedChecksSmoke.spec.ts","",""
"","6832","Verify Home dashboard is restored after returning from another page","msedge","Tue Oct 06 10:29:24 UTC 2026","passed","Tue Oct 06 10:29:31 UTC 2026","Home Dashboard > Summary Stats","specs\Smoke\3-HomeDashboardSmoke.spec.ts","",""
"","11791","Verify all three dashboard view tabs are visible","firefox","Tue Oct 06 10:14:51 UTC 2026","passed","Tue Oct 06 10:15:02 UTC 2026","Home Dashboard > Page Load","specs\Smoke\3-HomeDashboardSmoke.spec.ts","",""
"","10796","Decision badge on an already-reviewed row is blocked with a system message","firefox","Tue Oct 06 10:27:57 UTC 2026","passed","Tue Oct 06 10:28:08 UTC 2026","Exceptions — Smoke > Exception History > Row Actions","specs\Smoke\8-ExceptionsSmoke.spec.ts","",""
"","5564","Verify navigation to Issued Checks via nav menu","msedge","Tue Oct 06 10:29:31 UTC 2026","passed","Tue Oct 06 10:29:36 UTC 2026","Home Dashboard > Navigation from Dashboard","specs\Smoke\3-HomeDashboardSmoke.spec.ts","",""
"","11806","Pay/Return decision badge navigates to exception history","msedge","Tue Oct 06 10:34:02 UTC 2026","passed","Tue Oct 06 10:34:14 UTC 2026","ACH — Smoke > Row Actions","specs\Smoke\7-ACHSmoke.spec.ts","",""
"","4179","Users sub-page loads correctly","msedge","Tue Oct 06 10:27:41 UTC 2026","passed","Tue Oct 06 10:27:45 UTC 2026","Application Navigation Smoke Tests > Settings Sub-navigation","specs\Smoke\2-NavigationSmoke.spec.ts","",""
"","4408","Validate forgot password functionality with No email","msedge","Tue Oct 06 10:27:49 UTC 2026","passed","Tue Oct 06 10:27:53 UTC 2026","Login — Smoke > Forgot Password","specs\Smoke\1-LoginSmoke.spec.ts","",""
"","5558","System Log sub-page loads correctly","msedge","Tue Oct 06 10:28:52 UTC 2026","passed","Tue Oct 06 10:28:57 UTC 2026","Application Navigation Smoke Tests > Settings Sub-navigation","specs\Smoke\2-NavigationSmoke.spec.ts","",""
"","11115","Notification Log sub-page loads correctly","firefox","Tue Oct 06 10:16:08 UTC 2026","passed","Tue Oct 06 10:16:19 UTC 2026","Application Navigation Smoke Tests > Settings Sub-navigation","specs\Smoke\2-NavigationSmoke.spec.ts","",""
"","6322","Validate teller presented-check form shows all required fields","msedge","Tue Oct 06 10:31:28 UTC 2026","passed","Tue Oct 06 10:31:34 UTC 2026","Teller — Smoke > Add Check Form","specs\Smoke\6-TellerSmoke.spec.ts","",""
"","6386","""View"" (Change Log) link on a row navigates to the entity log","chromium","Tue Oct 06 10:19:49 UTC 2026","passed","Tue Oct 06 10:19:55 UTC 2026","ACH — Smoke > Row Actions","specs\Smoke\7-ACHSmoke.spec.ts","",""
"","6109","""View"" (Change Log) link on a row navigates to the entity log","msedge","Tue Oct 06 10:33:48 UTC 2026","passed","Tue Oct 06 10:33:54 UTC 2026","ACH — Smoke > Row Actions","specs\Smoke\7-ACHSmoke.spec.ts","",""
"","16374","Previous page button returns to page 1, First page button re-enables disabled state","firefox","Tue Oct 06 10:21:44 UTC 2026","passed","Tue Oct 06 10:22:00 UTC 2026","Presented Checks — Smoke > Pagination","specs\Smoke\5-PresentedChecksSmoke.spec.ts","",""
"","11508","Next page arrow advances to page 2","webkit","Tue Oct 06 10:19:45 UTC 2026","passed","Tue Oct 06 10:19:56 UTC 2026","Presented Checks — Smoke > Pagination","specs\Smoke\5-PresentedChecksSmoke.spec.ts","",""
"","5138","Saved Filters dropdown is visible and defaults to no preset","msedge","Tue Oct 06 10:30:17 UTC 2026","passed","Tue Oct 06 10:30:22 UTC 2026","Issued Checks — Smoke > Saved Filters","specs\Smoke\4-IssuedChecksSmoke.spec.ts","",""
"","9110","Default filter auto-applies after logout and re-login","webkit","Tue Oct 06 10:18:42 UTC 2026","skipped","Tue Oct 06 10:18:51 UTC 2026","Issued Checks — Smoke > Saved Filters > Default Filter","specs\Smoke\4-IssuedChecksSmoke.spec.ts","",""
"","20701","Default filter auto-applies after logout and re-login","chromium","Tue Oct 06 10:17:22 UTC 2026","passed","Tue Oct 06 10:17:43 UTC 2026","Presented Checks — Smoke > Saved Filters > Default Filter","specs\Smoke\5-PresentedChecksSmoke.spec.ts","",""
"","16407","ACH breadcrumb link is visible on the page","firefox","Tue Oct 06 10:27:29 UTC 2026","passed","Tue Oct 06 10:27:45 UTC 2026","ACH — Smoke > Breadcrumb","specs\Smoke\7-ACHSmoke.spec.ts","",""
"","12603","Default Decision Log sub-page loads correctly","firefox","Tue Oct 06 10:16:19 UTC 2026","passed","Tue Oct 06 10:16:32 UTC 2026","Application Navigation Smoke Tests > Settings Sub-navigation","specs\Smoke\2-NavigationSmoke.spec.ts","",""
"","17307","Previous page button returns to page 1, First page button re-enables disabled state","webkit","Tue Oct 06 10:22:25 UTC 2026","passed","Tue Oct 06 10:22:42 UTC 2026","ACH — Smoke > Pagination","specs\Smoke\7-ACHSmoke.spec.ts","",""
"","13867","Pay/Return decision badge navigates to exception history","chromium","Tue Oct 06 10:20:04 UTC 2026","passed","Tue Oct 06 10:20:18 UTC 2026","ACH — Smoke > Row Actions","specs\Smoke\7-ACHSmoke.spec.ts","",""
"","14796","Next page arrow advances to page 2","firefox","Tue Oct 06 10:24:14 UTC 2026","passed","Tue Oct 06 10:24:29 UTC 2026","ACH — Smoke > Pagination","specs\Smoke\7-ACHSmoke.spec.ts","",""
"","8113","Teller page loads correctly","firefox","Tue Oct 06 10:12:37 UTC 2026","passed","Tue Oct 06 10:12:45 UTC 2026","Application Navigation Smoke Tests > Top-level Navigation","specs\Smoke\2-NavigationSmoke.spec.ts","",""
"","8179","Saved Filters dropdown is visible and defaults to no preset","webkit","Tue Oct 06 10:20:31 UTC 2026","passed","Tue Oct 06 10:20:39 UTC 2026","Presented Checks — Smoke > Saved Filters","specs\Smoke\5-PresentedChecksSmoke.spec.ts","",""
"","18319","Column filter popup applies a filter and Clear restores the full row set","firefox","Tue Oct 06 10:23:00 UTC 2026","passed","Tue Oct 06 10:23:19 UTC 2026","Presented Checks — Smoke > Column Filter","specs\Smoke\5-PresentedChecksSmoke.spec.ts","",""
"","6794","Typing a page number navigates to that page","chromium","Tue Oct 06 10:19:18 UTC 2026","passed","Tue Oct 06 10:19:24 UTC 2026","Exceptions — Smoke > Exception History > Pagination","specs\Smoke\8-ExceptionsSmoke.spec.ts","",""
"","6480","Notification Log sub-page loads correctly","msedge","Tue Oct 06 10:28:40 UTC 2026","passed","Tue Oct 06 10:28:46 UTC 2026","Application Navigation Smoke Tests > Settings Sub-navigation","specs\Smoke\2-NavigationSmoke.spec.ts","",""
"","4300","Validate unauthenticated access to protected route is redirected to login","msedge","Tue Oct 06 10:28:06 UTC 2026","passed","Tue Oct 06 10:28:10 UTC 2026","Login — Smoke > Session & Security","specs\Smoke\1-LoginSmoke.spec.ts","",""
"","8297","""Edit"" link on a row navigates to the check edit form","msedge","Tue Oct 06 10:30:54 UTC 2026","passed","Tue Oct 06 10:31:02 UTC 2026","Issued Checks — Smoke > Row Actions","specs\Smoke\4-IssuedChecksSmoke.spec.ts","",""
"","11026","Validate Login functionality with caseSensitiveEmail","firefox","Tue Oct 06 10:12:12 UTC 2026","passed","Tue Oct 06 10:12:23 UTC 2026","Login — Smoke > Login","specs\Smoke\1-LoginSmoke.spec.ts","",""
"","4831","Verify ACH Only tab shows ACH-specific chart sections","chromium","Tue Oct 06 10:13:47 UTC 2026","passed","Tue Oct 06 10:13:52 UTC 2026","Home Dashboard > Dashboard Chart Headings","specs\Smoke\3-HomeDashboardSmoke.spec.ts","",""
"","7595","Column filter popup applies a filter and Clear restores the full row set","chromium","Tue Oct 06 10:16:50 UTC 2026","passed","Tue Oct 06 10:16:58 UTC 2026","Issued Checks — Smoke > Column Filter","specs\Smoke\4-IssuedChecksSmoke.spec.ts","",""
"","6162","Validate Login functionality with caseSensitiveEmail","chromium","Tue Oct 06 10:12:11 UTC 2026","passed","Tue Oct 06 10:12:18 UTC 2026","Login — Smoke > Login","specs\Smoke\1-LoginSmoke.spec.ts","",""
"","6285","Page size change to 10 updates pagination info in bottom-right pager","msedge","Tue Oct 06 10:30:28 UTC 2026","passed","Tue Oct 06 10:30:34 UTC 2026","Presented Checks — Smoke > Pagination","specs\Smoke\5-PresentedChecksSmoke.spec.ts","",""
"","11842","Typing a page number navigates to that page","webkit","Tue Oct 06 10:17:42 UTC 2026","passed","Tue Oct 06 10:17:54 UTC 2026","Issued Checks — Smoke > Pagination","specs\Smoke\4-IssuedChecksSmoke.spec.ts","",""
"","8140","Validate session persists after page refresh","msedge","Tue Oct 06 10:27:57 UTC 2026","passed","Tue Oct 06 10:28:06 UTC 2026","Login — Smoke > Session & Security","specs\Smoke\1-LoginSmoke.spec.ts","",""
"","4708","Check Approval Rules sub-page loads correctly","msedge","Tue Oct 06 10:28:24 UTC 2026","passed","Tue Oct 06 10:28:29 UTC 2026","Application Navigation Smoke Tests > Settings Sub-navigation","specs\Smoke\2-NavigationSmoke.spec.ts","",""
"","13240","Last page arrow jumps to the final page","webkit","Tue Oct 06 10:23:40 UTC 2026","passed","Tue Oct 06 10:23:54 UTC 2026","Exceptions — Smoke > Exception History > Pagination","specs\Smoke\8-ExceptionsSmoke.spec.ts","",""
"","22350","Default filter auto-applies after logout and re-login","chromium","Tue Oct 06 10:19:09 UTC 2026","passed","Tue Oct 06 10:19:31 UTC 2026","ACH — Smoke > Saved Filters > Default Filter","specs\Smoke\7-ACHSmoke.spec.ts","",""
"","9789","Last page arrow jumps to the final page","chromium","Tue Oct 06 10:15:30 UTC 2026","passed","Tue Oct 06 10:15:39 UTC 2026","Issued Checks — Smoke > Pagination","specs\Smoke\4-IssuedChecksSmoke.spec.ts","",""
"","8457","Validate Login functionality with sqlInjection","firefox","Tue Oct 06 10:13:07 UTC 2026","passed","Tue Oct 06 10:13:15 UTC 2026","Login — Smoke > Login","specs\Smoke\1-LoginSmoke.spec.ts","",""
"","8984","Verify all three dashboard view tabs are visible","webkit","Tue Oct 06 10:15:04 UTC 2026","passed","Tue Oct 06 10:15:13 UTC 2026","Home Dashboard > Page Load","specs\Smoke\3-HomeDashboardSmoke.spec.ts","",""
"","6042","ACH Approval Rules sub-page loads correctly","chromium","Tue Oct 06 10:13:40 UTC 2026","passed","Tue Oct 06 10:13:46 UTC 2026","Application Navigation Smoke Tests > Settings Sub-navigation","specs\Smoke\2-NavigationSmoke.spec.ts","",""
"","8168","Verify navigation to Issued Checks via nav menu","chromium","Tue Oct 06 10:14:59 UTC 2026","passed","Tue Oct 06 10:15:07 UTC 2026","Home Dashboard > Navigation from Dashboard","specs\Smoke\3-HomeDashboardSmoke.spec.ts","",""
"","8839","Column filter menu applies a filter and Clear restores the full row set","webkit","Tue Oct 06 10:25:09 UTC 2026","passed","Tue Oct 06 10:25:17 UTC 2026","Exceptions — Smoke > Exception History > Column Filter","specs\Smoke\8-ExceptionsSmoke.spec.ts","",""
"","8893","Excel export button is visible and enabled","webkit","Tue Oct 06 10:16:59 UTC 2026","passed","Tue Oct 06 10:17:07 UTC 2026","Issued Checks — Smoke > Toolbar","specs\Smoke\4-IssuedChecksSmoke.spec.ts","",""
"","8213","Verify profile menu shows My Info and Logout links","chromium","Tue Oct 06 10:14:39 UTC 2026","passed","Tue Oct 06 10:14:48 UTC 2026","Home Dashboard > Summary Stats","specs\Smoke\3-HomeDashboardSmoke.spec.ts","",""
"","370","Default filter auto-applies after logout and re-login","msedge","Tue Oct 06 10:33:50 UTC 2026","skipped","Tue Oct 06 10:33:50 UTC 2026","Exceptions — Smoke > Exception History > Saved Filters > Default Filter","specs\Smoke\8-ExceptionsSmoke.spec.ts","",""
"","12113","Excel export button is visible and enabled","firefox","Tue Oct 06 10:18:45 UTC 2026","passed","Tue Oct 06 10:18:58 UTC 2026","Issued Checks — Smoke > Toolbar","specs\Smoke\4-IssuedChecksSmoke.spec.ts","",""
"","24423","Save a filter preset, verify it is auto-selected, then delete it","webkit","Tue Oct 06 10:24:37 UTC 2026","passed","Tue Oct 06 10:25:01 UTC 2026","Exceptions — Smoke > Exception History > Saved Filters","specs\Smoke\8-ExceptionsSmoke.spec.ts","",""
"","4535","Roles/Permissions sub-page loads correctly","msedge","Tue Oct 06 10:27:45 UTC 2026","passed","Tue Oct 06 10:27:50 UTC 2026","Application Navigation Smoke Tests > Settings Sub-navigation","specs\Smoke\2-NavigationSmoke.spec.ts","",""
"","11420","""View"" (Change Log) link on a row navigates to the entity log","webkit","Tue Oct 06 10:19:33 UTC 2026","passed","Tue Oct 06 10:19:45 UTC 2026","Issued Checks — Smoke > Row Actions","specs\Smoke\4-IssuedChecksSmoke.spec.ts","",""
"","20785","Save a filter preset, verify it is auto-selected, then delete it","webkit","Tue Oct 06 10:18:21 UTC 2026","passed","Tue Oct 06 10:18:42 UTC 2026","Issued Checks — Smoke > Saved Filters","specs\Smoke\4-IssuedChecksSmoke.spec.ts","",""
"","11447","Default filter auto-applies after logout and re-login","firefox","Tue Oct 06 10:20:45 UTC 2026","skipped","Tue Oct 06 10:20:56 UTC 2026","Issued Checks — Smoke > Saved Filters > Default Filter","specs\Smoke\4-IssuedChecksSmoke.spec.ts","",""
"","7550","""Delete"" on a row shows a confirm modal; Cancel dismisses it without deleting","msedge","Tue Oct 06 10:32:03 UTC 2026","passed","Tue Oct 06 10:32:11 UTC 2026","Presented Checks — Smoke > Row Actions","specs\Smoke\5-PresentedChecksSmoke.spec.ts","",""
"","12487","Verify navigation to Presented Checks via nav menu","firefox","Tue Oct 06 10:18:42 UTC 2026","passed","Tue Oct 06 10:18:54 UTC 2026","Home Dashboard > Navigation from Dashboard","specs\Smoke\3-HomeDashboardSmoke.spec.ts","",""
"","5911","""View"" (Change Log) link on a row navigates to the entity log","chromium","Tue Oct 06 10:18:03 UTC 2026","passed","Tue Oct 06 10:18:09 UTC 2026","Presented Checks — Smoke > Row Actions","specs\Smoke\5-PresentedChecksSmoke.spec.ts","",""
"","9055","Excel export button is visible and enabled","chromium","Tue Oct 06 10:15:05 UTC 2026","passed","Tue Oct 06 10:15:14 UTC 2026","Issued Checks — Smoke > Toolbar","specs\Smoke\4-IssuedChecksSmoke.spec.ts","",""
"","10025","Verify summary KPI values have expected number formats","webkit","Tue Oct 06 10:16:34 UTC 2026","passed","Tue Oct 06 10:16:44 UTC 2026","Home Dashboard > Summary Stats","specs\Smoke\3-HomeDashboardSmoke.spec.ts","",""
"","13832","""View"" (Change Log) link on a row navigates to the entity log","firefox","Tue Oct 06 10:26:35 UTC 2026","passed","Tue Oct 06 10:26:49 UTC 2026","ACH — Smoke > Row Actions","specs\Smoke\7-ACHSmoke.spec.ts","",""
"","6248","Page size change to 10 updates pagination info in bottom-right pager","chromium","Tue Oct 06 10:18:55 UTC 2026","passed","Tue Oct 06 10:19:02 UTC 2026","Exceptions — Smoke > Exception History > Pagination","specs\Smoke\8-ExceptionsSmoke.spec.ts","",""
"","6588","""Uploaded Checks"" navigates to the uploads page","msedge","Tue Oct 06 10:30:10 UTC 2026","passed","Tue Oct 06 10:30:17 UTC 2026","Presented Checks — Smoke > Navigation","specs\Smoke\5-PresentedChecksSmoke.spec.ts","",""
"","7574","Typing a page number navigates to that page","msedge","Tue Oct 06 10:30:47 UTC 2026","passed","Tue Oct 06 10:30:54 UTC 2026","Presented Checks — Smoke > Pagination","specs\Smoke\5-PresentedChecksSmoke.spec.ts","",""
"","21594","Default filter auto-applies after logout and re-login","chromium","Tue Oct 06 10:16:23 UTC 2026","passed","Tue Oct 06 10:16:44 UTC 2026","Issued Checks — Smoke > Saved Filters > Default Filter","specs\Smoke\4-IssuedChecksSmoke.spec.ts","",""
"","14309","""Uploaded Checks"" navigates to the uploads page","firefox","Tue Oct 06 10:18:18 UTC 2026","passed","Tue Oct 06 10:18:32 UTC 2026","Issued Checks — Smoke > Navigation","specs\Smoke\4-IssuedChecksSmoke.spec.ts","",""
"","7237","Teller page loads correctly","webkit","Tue Oct 06 10:12:40 UTC 2026","passed","Tue Oct 06 10:12:48 UTC 2026","Application Navigation Smoke Tests > Top-level Navigation","specs\Smoke\2-NavigationSmoke.spec.ts","",""
"","3777","Settings page loads correctly","chromium","Tue Oct 06 10:12:39 UTC 2026","passed","Tue Oct 06 10:12:43 UTC 2026","Application Navigation Smoke Tests > Top-level Navigation","specs\Smoke\2-NavigationSmoke.spec.ts","",""
"","5461","Verify navigation to Presented Checks via nav menu","msedge","Tue Oct 06 10:29:36 UTC 2026","passed","Tue Oct 06 10:29:42 UTC 2026","Home Dashboard > Navigation from Dashboard","specs\Smoke\3-HomeDashboardSmoke.spec.ts","",""
"","12372","""Delete"" on a row shows a confirm modal; Cancel dismisses it without deleting","webkit","Tue Oct 06 10:22:00 UTC 2026","passed","Tue Oct 06 10:22:13 UTC 2026","Presented Checks — Smoke > Row Actions","specs\Smoke\5-PresentedChecksSmoke.spec.ts","",""
"","4675","Verify profile menu shows My Info and Logout links","msedge","Tue Oct 06 10:29:19 UTC 2026","passed","Tue Oct 06 10:29:24 UTC 2026","Home Dashboard > Summary Stats","specs\Smoke\3-HomeDashboardSmoke.spec.ts","",""
"","14312","Issued Checks breadcrumb link is visible on the page","firefox","Tue Oct 06 10:22:13 UTC 2026","passed","Tue Oct 06 10:22:28 UTC 2026","Issued Checks — Smoke > Breadcrumb","specs\Smoke\4-IssuedChecksSmoke.spec.ts","",""
"","20574","Verify Combined View shows all chart sections","firefox","Tue Oct 06 10:15:02 UTC 2026","passed","Tue Oct 06 10:15:23 UTC 2026","Home Dashboard > Dashboard Chart Headings","specs\Smoke\3-HomeDashboardSmoke.spec.ts","",""
"","5491","""Uploaded Checks"" navigates to the uploads page","msedge","Tue Oct 06 10:29:30 UTC 2026","passed","Tue Oct 06 10:29:35 UTC 2026","Issued Checks — Smoke > Navigation","specs\Smoke\4-IssuedChecksSmoke.spec.ts","",""
"","9850","Validate Login functionality with emptyFields","webkit","Tue Oct 06 10:12:55 UTC 2026","passed","Tue Oct 06 10:13:05 UTC 2026","Login — Smoke > Login","specs\Smoke\1-LoginSmoke.spec.ts","",""
"","6926","Issued Checks breadcrumb link is visible on the page","chromium","Tue Oct 06 10:17:16 UTC 2026","passed","Tue Oct 06 10:17:23 UTC 2026","Issued Checks — Smoke > Breadcrumb","specs\Smoke\4-IssuedChecksSmoke.spec.ts","",""
"","7947","Roles/Permissions sub-page loads correctly","webkit","Tue Oct 06 10:13:38 UTC 2026","passed","Tue Oct 06 10:13:46 UTC 2026","Application Navigation Smoke Tests > Settings Sub-navigation","specs\Smoke\2-NavigationSmoke.spec.ts","",""
"","6731","Typing a page number navigates to that page","chromium","Tue Oct 06 10:18:33 UTC 2026","passed","Tue Oct 06 10:18:39 UTC 2026","ACH — Smoke > Pagination","specs\Smoke\7-ACHSmoke.spec.ts","",""
"","7030","Clicking a column header sorts ascending, clicking again sorts descending","msedge","Tue Oct 06 10:30:40 UTC 2026","passed","Tue Oct 06 10:30:47 UTC 2026","Issued Checks — Smoke > Sorting","specs\Smoke\4-IssuedChecksSmoke.spec.ts","",""
"","4787","Open Exceptions page loads with either exception cards or the empty-state message","chromium","Tue Oct 06 10:20:51 UTC 2026","passed","Tue Oct 06 10:20:56 UTC 2026","Exceptions — Smoke > Open Exceptions","specs\Smoke\8-ExceptionsSmoke.spec.ts","",""
"","7687","""Delete"" on a row shows a confirm modal; Cancel dismisses it without deleting","msedge","Tue Oct 06 10:33:54 UTC 2026","passed","Tue Oct 06 10:34:02 UTC 2026","ACH — Smoke > Row Actions","specs\Smoke\7-ACHSmoke.spec.ts","",""
"","13781","Saved Filters dropdown is visible and defaults to no preset","firefox","Tue Oct 06 10:25:17 UTC 2026","passed","Tue Oct 06 10:25:31 UTC 2026","ACH — Smoke > Saved Filters","specs\Smoke\7-ACHSmoke.spec.ts","",""
"","9718","Validate forgot password functionality with No email","webkit","Tue Oct 06 10:13:56 UTC 2026","passed","Tue Oct 06 10:14:06 UTC 2026","Login — Smoke > Forgot Password","specs\Smoke\1-LoginSmoke.spec.ts","",""
"","15175","""+ Add Check"" navigates to the add-check form","firefox","Tue Oct 06 10:19:52 UTC 2026","passed","Tue Oct 06 10:20:07 UTC 2026","Presented Checks — Smoke > Navigation","specs\Smoke\5-PresentedChecksSmoke.spec.ts","",""
"","7916","Exceptions page loads correctly","webkit","Tue Oct 06 10:12:57 UTC 2026","passed","Tue Oct 06 10:13:05 UTC 2026","Application Navigation Smoke Tests > Top-level Navigation","specs\Smoke\2-NavigationSmoke.spec.ts","",""
"","5343","Grid View toggle navigates to the open-exceptions grid and shows key column headers","chromium","Tue Oct 06 10:20:56 UTC 2026","passed","Tue Oct 06 10:21:01 UTC 2026","Exceptions — Smoke > Open Exceptions","specs\Smoke\8-ExceptionsSmoke.spec.ts","",""
"","5319","Validate Login functionality with caseSensitiveEmail","msedge","Tue Oct 06 10:27:02 UTC 2026","passed","Tue Oct 06 10:27:07 UTC 2026","Login — Smoke > Login","specs\Smoke\1-LoginSmoke.spec.ts","",""
"","4133","Validate Login functionality with sqlInjection","msedge","Tue Oct 06 10:27:32 UTC 2026","passed","Tue Oct 06 10:27:36 UTC 2026","Login — Smoke > Login","specs\Smoke\1-LoginSmoke.spec.ts","",""
"","19209","Verify tab-specific charts are hidden for opposite tab","firefox","Tue Oct 06 10:16:38 UTC 2026","passed","Tue Oct 06 10:16:58 UTC 2026","Home Dashboard > Dashboard Chart Headings","specs\Smoke\3-HomeDashboardSmoke.spec.ts","",""
"","7122","System Log sub-page loads correctly","chromium","Tue Oct 06 10:13:59 UTC 2026","passed","Tue Oct 06 10:14:06 UTC 2026","Application Navigation Smoke Tests > Settings Sub-navigation","specs\Smoke\2-NavigationSmoke.spec.ts","",""
"","7156","Saved Filters dropdown is visible and defaults to no preset","msedge","Tue Oct 06 10:31:04 UTC 2026","passed","Tue Oct 06 10:31:11 UTC 2026","Presented Checks — Smoke > Saved Filters","specs\Smoke\5-PresentedChecksSmoke.spec.ts","",""
"","11802","Excel export button is visible and enabled","firefox","Tue Oct 06 10:23:49 UTC 2026","passed","Tue Oct 06 10:24:01 UTC 2026","ACH — Smoke > Toolbar","specs\Smoke\7-ACHSmoke.spec.ts","",""
"","17908","Column filter popup applies a filter and Clear restores the full row set","firefox","Tue Oct 06 10:26:17 UTC 2026","passed","Tue Oct 06 10:26:35 UTC 2026","ACH — Smoke > Column Filter","specs\Smoke\7-ACHSmoke.spec.ts","",""
"","4819","Verify ACH Only tab shows ACH-specific chart sections","msedge","Tue Oct 06 10:28:35 UTC 2026","passed","Tue Oct 06 10:28:40 UTC 2026","Home Dashboard > Dashboard Chart Headings","specs\Smoke\3-HomeDashboardSmoke.spec.ts","",""
"","12623","""Edit"" link on a row navigates to the check edit form","firefox","Tue Oct 06 10:23:19 UTC 2026","passed","Tue Oct 06 10:23:31 UTC 2026","Presented Checks — Smoke > Row Actions","specs\Smoke\5-PresentedChecksSmoke.spec.ts","",""
"","11507","Save a filter preset, verify it is auto-selected, then delete it","msedge","Tue Oct 06 10:30:22 UTC 2026","passed","Tue Oct 06 10:30:34 UTC 2026","Issued Checks — Smoke > Saved Filters","specs\Smoke\4-IssuedChecksSmoke.spec.ts","",""
"","5869","Pay/Return decision badge navigates to exception history","chromium","Tue Oct 06 10:18:15 UTC 2026","passed","Tue Oct 06 10:18:21 UTC 2026","Presented Checks — Smoke > Row Actions","specs\Smoke\5-PresentedChecksSmoke.spec.ts","",""
"","14810","Validate session persists after page refresh","firefox","Tue Oct 06 10:14:04 UTC 2026","passed","Tue Oct 06 10:14:19 UTC 2026","Login — Smoke > Session & Security","specs\Smoke\1-LoginSmoke.spec.ts","",""
"","15255","Last page arrow jumps to the final page","firefox","Tue Oct 06 10:25:47 UTC 2026","passed","Tue Oct 06 10:26:02 UTC 2026","Exceptions — Smoke > Exception History > Pagination","specs\Smoke\8-ExceptionsSmoke.spec.ts","",""
"","5954","Search box filters grid and clears correctly","chromium","Tue Oct 06 10:18:04 UTC 2026","passed","Tue Oct 06 10:18:10 UTC 2026","ACH — Smoke > Toolbar","specs\Smoke\7-ACHSmoke.spec.ts","",""
"","10768","Presented Checks page loads correctly","firefox","Tue Oct 06 10:12:26 UTC 2026","passed","Tue Oct 06 10:12:37 UTC 2026","Application Navigation Smoke Tests > Top-level Navigation","specs\Smoke\2-NavigationSmoke.spec.ts","",""
"","6828","Previous page button returns to page 1, First page button re-enables disabled state","msedge","Tue Oct 06 10:30:10 UTC 2026","passed","Tue Oct 06 10:30:17 UTC 2026","Issued Checks — Smoke > Pagination","specs\Smoke\4-IssuedChecksSmoke.spec.ts","",""
"","16635","Default filter auto-applies after logout and re-login","firefox","Tue Oct 06 10:22:31 UTC 2026","skipped","Tue Oct 06 10:22:48 UTC 2026","Presented Checks — Smoke > Saved Filters > Default Filter","specs\Smoke\5-PresentedChecksSmoke.spec.ts","",""
"","6559","""+ Add ACH"" navigates to the add-ACH form","chromium","Tue Oct 06 10:17:51 UTC 2026","passed","Tue Oct 06 10:17:58 UTC 2026","ACH — Smoke > Navigation","specs\Smoke\7-ACHSmoke.spec.ts","",""
"","16944","Column filter popup applies a filter and Clear restores the full row set","webkit","Tue Oct 06 10:23:40 UTC 2026","passed","Tue Oct 06 10:23:57 UTC 2026","ACH — Smoke > Column Filter","specs\Smoke\7-ACHSmoke.spec.ts","",""
"","13848","""Delete"" on a row shows a confirm modal; Cancel dismisses it without deleting","firefox","Tue Oct 06 10:23:46 UTC 2026","passed","Tue Oct 06 10:24:00 UTC 2026","Presented Checks — Smoke > Row Actions","specs\Smoke\5-PresentedChecksSmoke.spec.ts","",""
"","9232","Branding sub-page loads correctly","webkit","Tue Oct 06 10:13:46 UTC 2026","passed","Tue Oct 06 10:13:55 UTC 2026","Application Navigation Smoke Tests > Settings Sub-navigation","specs\Smoke\2-NavigationSmoke.spec.ts","",""
"","12112","Search box filters grid and clears correctly","webkit","Tue Oct 06 10:19:13 UTC 2026","passed","Tue Oct 06 10:19:26 UTC 2026","Presented Checks — Smoke > Toolbar","specs\Smoke\5-PresentedChecksSmoke.spec.ts","",""
"","7885","""Uploaded Checks"" navigates to the uploads page","chromium","Tue Oct 06 10:16:00 UTC 2026","passed","Tue Oct 06 10:16:08 UTC 2026","Presented Checks — Smoke > Navigation","specs\Smoke\5-PresentedChecksSmoke.spec.ts","",""
"","4581","Verify dashboard loads after successful login","chromium","Tue Oct 06 10:13:23 UTC 2026","passed","Tue Oct 06 10:13:27 UTC 2026","Home Dashboard > Page Load","specs\Smoke\3-HomeDashboardSmoke.spec.ts","",""
"","6754","Default Decision Log sub-page loads correctly","chromium","Tue Oct 06 10:13:52 UTC 2026","passed","Tue Oct 06 10:13:59 UTC 2026","Application Navigation Smoke Tests > Settings Sub-navigation","specs\Smoke\2-NavigationSmoke.spec.ts","",""
"","4829","ACH page loads correctly","chromium","Tue Oct 06 10:12:30 UTC 2026","passed","Tue Oct 06 10:12:35 UTC 2026","Application Navigation Smoke Tests > Top-level Navigation","specs\Smoke\2-NavigationSmoke.spec.ts","",""
"","11720","Verify navigation to Presented Checks via nav menu","webkit","Tue Oct 06 10:17:42 UTC 2026","passed","Tue Oct 06 10:17:54 UTC 2026","Home Dashboard > Navigation from Dashboard","specs\Smoke\3-HomeDashboardSmoke.spec.ts","",""
"","11410","Verify Home dashboard is restored after returning from another page","chromium","Tue Oct 06 10:14:48 UTC 2026","passed","Tue Oct 06 10:14:59 UTC 2026","Home Dashboard > Summary Stats","specs\Smoke\3-HomeDashboardSmoke.spec.ts","",""
"","4498","Grid loads with data rows and key column headers","msedge","Tue Oct 06 10:29:57 UTC 2026","passed","Tue Oct 06 10:30:02 UTC 2026","Presented Checks — Smoke > Grid","specs\Smoke\5-PresentedChecksSmoke.spec.ts","",""
"","4751","""+ Add Check"" navigates to the add-check form","msedge","Tue Oct 06 10:30:05 UTC 2026","passed","Tue Oct 06 10:30:10 UTC 2026","Presented Checks — Smoke > Navigation","specs\Smoke\5-PresentedChecksSmoke.spec.ts","",""
"","12358","Excel export button is visible and enabled","webkit","Tue Oct 06 10:21:26 UTC 2026","passed","Tue Oct 06 10:21:38 UTC 2026","ACH — Smoke > Toolbar","specs\Smoke\7-ACHSmoke.spec.ts","",""
"","11746","Save a filter preset, verify it is auto-selected, then delete it","msedge","Tue Oct 06 10:33:38 UTC 2026","passed","Tue Oct 06 10:33:50 UTC 2026","Exceptions — Smoke > Exception History > Saved Filters","specs\Smoke\8-ExceptionsSmoke.spec.ts","",""
"","5126","Verify navigation to Settings via nav menu","msedge","Tue Oct 06 10:29:52 UTC 2026","passed","Tue Oct 06 10:29:57 UTC 2026","Home Dashboard > Navigation from Dashboard","specs\Smoke\3-HomeDashboardSmoke.spec.ts","",""
"","4726","Verify all three dashboard view tabs are visible","chromium","Tue Oct 06 10:13:31 UTC 2026","passed","Tue Oct 06 10:13:36 UTC 2026","Home Dashboard > Page Load","specs\Smoke\3-HomeDashboardSmoke.spec.ts","",""
"","5446","Open Exceptions page loads with either exception cards or the empty-state message","msedge","Tue Oct 06 10:34:28 UTC 2026","passed","Tue Oct 06 10:34:34 UTC 2026","Exceptions — Smoke > Open Exceptions","specs\Smoke\8-ExceptionsSmoke.spec.ts","",""
"","6759","Search box filters grid and clears correctly","msedge","Tue Oct 06 10:29:36 UTC 2026","passed","Tue Oct 06 10:29:42 UTC 2026","Issued Checks — Smoke > Toolbar","specs\Smoke\4-IssuedChecksSmoke.spec.ts","",""
"","4808","Verify summary KPI values have expected number formats","msedge","Tue Oct 06 10:29:02 UTC 2026","passed","Tue Oct 06 10:29:07 UTC 2026","Home Dashboard > Summary Stats","specs\Smoke\3-HomeDashboardSmoke.spec.ts","",""
"","5041","Exceptions breadcrumb link is visible on the page","webkit","Tue Oct 06 10:25:37 UTC 2026","passed","Tue Oct 06 10:25:42 UTC 2026","Exceptions — Smoke > Exception History > Breadcrumb","specs\Smoke\8-ExceptionsSmoke.spec.ts","",""
"","8412","Validate Login functionality with missingPassword","firefox","Tue Oct 06 10:12:52 UTC 2026","passed","Tue Oct 06 10:13:00 UTC 2026","Login — Smoke > Login","specs\Smoke\1-LoginSmoke.spec.ts","",""
"","8870","Default filter auto-applies after logout and re-login","webkit","Tue Oct 06 10:21:02 UTC 2026","skipped","Tue Oct 06 10:21:11 UTC 2026","Presented Checks — Smoke > Saved Filters > Default Filter","specs\Smoke\5-PresentedChecksSmoke.spec.ts","",""
"","4530","Validate Login functionality with veryLongInput","msedge","Tue Oct 06 10:27:40 UTC 2026","passed","Tue Oct 06 10:27:45 UTC 2026","Login — Smoke > Login","specs\Smoke\1-LoginSmoke.spec.ts","",""
"","17236","Previous page button returns to page 1, First page button re-enables disabled state","webkit","Tue Oct 06 10:24:07 UTC 2026","passed","Tue Oct 06 10:24:25 UTC 2026","Exceptions — Smoke > Exception History > Pagination","specs\Smoke\8-ExceptionsSmoke.spec.ts","",""
"","5603","""Uploaded ACH"" navigates to the uploads page","chromium","Tue Oct 06 10:17:58 UTC 2026","passed","Tue Oct 06 10:18:04 UTC 2026","ACH — Smoke > Navigation","specs\Smoke\7-ACHSmoke.spec.ts","",""
"","10597","Verify dashboard footer footnote and privacy link are visible","webkit","Tue Oct 06 10:16:56 UTC 2026","passed","Tue Oct 06 10:17:07 UTC 2026","Home Dashboard > Summary Stats","specs\Smoke\3-HomeDashboardSmoke.spec.ts","",""
"","8988","Automatic ACH Decision Rules sub-page loads correctly","firefox","Tue Oct 06 10:15:45 UTC 2026","passed","Tue Oct 06 10:15:53 UTC 2026","Application Navigation Smoke Tests > Settings Sub-navigation","specs\Smoke\2-NavigationSmoke.spec.ts","",""
"","11681","""Edit"" link on a row navigates to the check edit form","webkit","Tue Oct 06 10:19:21 UTC 2026","passed","Tue Oct 06 10:19:33 UTC 2026","Issued Checks — Smoke > Row Actions","specs\Smoke\4-IssuedChecksSmoke.spec.ts","",""
"","8258","Validate Login functionality with xssInUsername","webkit","Tue Oct 06 10:13:31 UTC 2026","passed","Tue Oct 06 10:13:39 UTC 2026","Login — Smoke > Login","specs\Smoke\1-LoginSmoke.spec.ts","",""
"","11748","Issued Checks page loads correctly","firefox","Tue Oct 06 10:12:14 UTC 2026","passed","Tue Oct 06 10:12:26 UTC 2026","Application Navigation Smoke Tests > Top-level Navigation","specs\Smoke\2-NavigationSmoke.spec.ts","",""
"","11077","Search box filters grid and clears correctly","msedge","Tue Oct 06 10:32:11 UTC 2026","passed","Tue Oct 06 10:32:22 UTC 2026","ACH — Smoke > Toolbar","specs\Smoke\7-ACHSmoke.spec.ts","",""
"","13314","Search box filters grid and clears correctly","firefox","Tue Oct 06 10:23:36 UTC 2026","passed","Tue Oct 06 10:23:49 UTC 2026","ACH — Smoke > Toolbar","specs\Smoke\7-ACHSmoke.spec.ts","",""
"","17527","Previous page button returns to page 1, First page button re-enables disabled state","firefox","Tue Oct 06 10:26:16 UTC 2026","passed","Tue Oct 06 10:26:34 UTC 2026","Exceptions — Smoke > Exception History > Pagination","specs\Smoke\8-ExceptionsSmoke.spec.ts","",""
"","6860","Clicking a column header sorts ascending, clicking again sorts descending","webkit","Tue Oct 06 10:25:02 UTC 2026","passed","Tue Oct 06 10:25:09 UTC 2026","Exceptions — Smoke > Exception History > Sorting","specs\Smoke\8-ExceptionsSmoke.spec.ts","",""
"","7389","Previous page button returns to page 1, First page button re-enables disabled state","msedge","Tue Oct 06 10:33:26 UTC 2026","passed","Tue Oct 06 10:33:33 UTC 2026","Exceptions — Smoke > Exception History > Pagination","specs\Smoke\8-ExceptionsSmoke.spec.ts","",""
"","10967","""View"" (Change Log) link on a row navigates to the entity log","webkit","Tue Oct 06 10:23:57 UTC 2026","passed","Tue Oct 06 10:24:08 UTC 2026","ACH — Smoke > Row Actions","specs\Smoke\7-ACHSmoke.spec.ts","",""
"","6964","Validate Login functionality with incorrectPassword","firefox","Tue Oct 06 10:12:23 UTC 2026","passed","Tue Oct 06 10:12:30 UTC 2026","Login — Smoke > Login","specs\Smoke\1-LoginSmoke.spec.ts","",""
"","15757","Verify Check Only tab shows Check-specific chart sections","firefox","Tue Oct 06 10:15:23 UTC 2026","passed","Tue Oct 06 10:15:39 UTC 2026","Home Dashboard > Dashboard Chart Headings","specs\Smoke\3-HomeDashboardSmoke.spec.ts","",""
"","7838","Validate Login functionality with veryLongInput","webkit","Tue Oct 06 10:13:39 UTC 2026","passed","Tue Oct 06 10:13:47 UTC 2026","Login — Smoke > Login","specs\Smoke\1-LoginSmoke.spec.ts","",""
"","11956","Saved Filters dropdown is visible and defaults to no preset","webkit","Tue Oct 06 10:24:25 UTC 2026","passed","Tue Oct 06 10:24:37 UTC 2026","Exceptions — Smoke > Exception History > Saved Filters","specs\Smoke\8-ExceptionsSmoke.spec.ts","",""
"","17477","Verify delayed data note and force refresh link are visible on dashboard","firefox","Tue Oct 06 10:17:29 UTC 2026","passed","Tue Oct 06 10:17:47 UTC 2026","Home Dashboard > Summary Stats","specs\Smoke\3-HomeDashboardSmoke.spec.ts","",""
"","12217","Decision Files sub-page loads correctly","firefox","Tue Oct 06 10:14:29 UTC 2026","passed","Tue Oct 06 10:14:41 UTC 2026","Application Navigation Smoke Tests > Settings Sub-navigation","specs\Smoke\2-NavigationSmoke.spec.ts","",""
"","6581","Validate Login functionality with emptyFields","firefox","Tue Oct 06 10:12:45 UTC 2026","passed","Tue Oct 06 10:12:51 UTC 2026","Login — Smoke > Login","specs\Smoke\1-LoginSmoke.spec.ts","",""
"","5920","Excel export button is visible and enabled","chromium","Tue Oct 06 10:18:10 UTC 2026","passed","Tue Oct 06 10:18:16 UTC 2026","ACH — Smoke > Toolbar","specs\Smoke\7-ACHSmoke.spec.ts","",""
"","13512","Next page arrow advances to page 2","firefox","Tue Oct 06 10:19:10 UTC 2026","passed","Tue Oct 06 10:19:24 UTC 2026","Issued Checks — Smoke > Pagination","specs\Smoke\4-IssuedChecksSmoke.spec.ts","",""
"","21093","Grid loads with data rows and key column headers","firefox","Tue Oct 06 10:17:30 UTC 2026","passed","Tue Oct 06 10:17:51 UTC 2026","Issued Checks — Smoke > Grid","specs\Smoke\4-IssuedChecksSmoke.spec.ts","",""
"","13158","Clicking a column header sorts ascending, clicking again sorts descending","firefox","Tue Oct 06 10:20:56 UTC 2026","passed","Tue Oct 06 10:21:09 UTC 2026","Issued Checks — Smoke > Sorting","specs\Smoke\4-IssuedChecksSmoke.spec.ts","",""
"","18806","Verify ACH Only tab shows ACH-specific chart sections","firefox","Tue Oct 06 10:15:39 UTC 2026","passed","Tue Oct 06 10:15:58 UTC 2026","Home Dashboard > Dashboard Chart Headings","specs\Smoke\3-HomeDashboardSmoke.spec.ts","",""
"","14410","ACH Approval Rules sub-page loads correctly","firefox","Tue Oct 06 10:15:54 UTC 2026","passed","Tue Oct 06 10:16:08 UTC 2026","Application Navigation Smoke Tests > Settings Sub-navigation","specs\Smoke\2-NavigationSmoke.spec.ts","",""
"","2520","Approvals page loads with either records or the empty-state message","msedge","Tue Oct 06 10:34:39 UTC 2026","passed","Tue Oct 06 10:34:42 UTC 2026","Exceptions — Smoke > Approvals","specs\Smoke\8-ExceptionsSmoke.spec.ts","",""
"","4229","Teller page loads correctly","chromium","Tue Oct 06 10:12:26 UTC 2026","passed","Tue Oct 06 10:12:30 UTC 2026","Application Navigation Smoke Tests > Top-level Navigation","specs\Smoke\2-NavigationSmoke.spec.ts","",""
"","10219","Previous page button returns to page 1, First page button re-enables disabled state","chromium","Tue Oct 06 10:18:39 UTC 2026","passed","Tue Oct 06 10:18:50 UTC 2026","ACH — Smoke > Pagination","specs\Smoke\7-ACHSmoke.spec.ts","",""
"","14728","Page size change to 10 updates pagination info in bottom-right pager","firefox","Tue Oct 06 10:25:17 UTC 2026","passed","Tue Oct 06 10:25:31 UTC 2026","Exceptions — Smoke > Exception History > Pagination","specs\Smoke\8-ExceptionsSmoke.spec.ts","",""
"","5863","Last page arrow jumps to the final page","chromium","Tue Oct 06 10:18:27 UTC 2026","passed","Tue Oct 06 10:18:33 UTC 2026","ACH — Smoke > Pagination","specs\Smoke\7-ACHSmoke.spec.ts","",""
"","9876","Presented Checks breadcrumb link is visible on the page","webkit","Tue Oct 06 10:22:24 UTC 2026","passed","Tue Oct 06 10:22:34 UTC 2026","Presented Checks — Smoke > Breadcrumb","specs\Smoke\5-PresentedChecksSmoke.spec.ts","",""
"","7329","""View"" (Change Log) link on a row navigates to the entity log","msedge","Tue Oct 06 10:31:56 UTC 2026","passed","Tue Oct 06 10:32:03 UTC 2026","Presented Checks — Smoke > Row Actions","specs\Smoke\5-PresentedChecksSmoke.spec.ts","",""
"","6165","Saved Filters dropdown is visible and defaults to no preset","chromium","Tue Oct 06 10:18:50 UTC 2026","passed","Tue Oct 06 10:18:56 UTC 2026","ACH — Smoke > Saved Filters","specs\Smoke\7-ACHSmoke.spec.ts","",""
"","6354","Grid View toggle navigates to the open-exceptions grid and shows key column headers","webkit","Tue Oct 06 10:25:53 UTC 2026","passed","Tue Oct 06 10:25:59 UTC 2026","Exceptions — Smoke > Open Exceptions","specs\Smoke\8-ExceptionsSmoke.spec.ts","",""
"","10643","Verify profile menu shows My Info and Logout links","webkit","Tue Oct 06 10:17:07 UTC 2026","passed","Tue Oct 06 10:17:18 UTC 2026","Home Dashboard > Summary Stats","specs\Smoke\3-HomeDashboardSmoke.spec.ts","",""
"","5894","Verify dashboard tab checked state updates correctly","msedge","Tue Oct 06 10:28:40 UTC 2026","passed","Tue Oct 06 10:28:45 UTC 2026","Home Dashboard > Dashboard Chart Headings","specs\Smoke\3-HomeDashboardSmoke.spec.ts","",""
"","8220","""+ Add Check"" navigates to the add-check form","chromium","Tue Oct 06 10:14:39 UTC 2026","passed","Tue Oct 06 10:14:47 UTC 2026","Issued Checks — Smoke > Navigation","specs\Smoke\4-IssuedChecksSmoke.spec.ts","",""
"","7372","Last page arrow jumps to the final page","msedge","Tue Oct 06 10:32:46 UTC 2026","passed","Tue Oct 06 10:32:53 UTC 2026","ACH — Smoke > Pagination","specs\Smoke\7-ACHSmoke.spec.ts","",""
"","6671","Clicking a column header sorts ascending, clicking again sorts descending","chromium","Tue Oct 06 10:20:17 UTC 2026","passed","Tue Oct 06 10:20:24 UTC 2026","Exceptions — Smoke > Exception History > Sorting","specs\Smoke\8-ExceptionsSmoke.spec.ts","",""
"","5772","Clicking a column header sorts ascending, clicking again sorts descending","chromium","Tue Oct 06 10:16:44 UTC 2026","passed","Tue Oct 06 10:16:50 UTC 2026","Issued Checks — Smoke > Sorting","specs\Smoke\4-IssuedChecksSmoke.spec.ts","",""
"","11459","Default filter auto-applies after logout and re-login","firefox","Tue Oct 06 10:25:52 UTC 2026","skipped","Tue Oct 06 10:26:03 UTC 2026","ACH — Smoke > Saved Filters > Default Filter","specs\Smoke\7-ACHSmoke.spec.ts","",""
"","9772","System Log sub-page loads correctly","webkit","Tue Oct 06 10:15:21 UTC 2026","passed","Tue Oct 06 10:15:31 UTC 2026","Application Navigation Smoke Tests > Settings Sub-navigation","specs\Smoke\2-NavigationSmoke.spec.ts","",""
"","8322","Grid loads with data rows and key column headers","chromium","Tue Oct 06 10:15:38 UTC 2026","passed","Tue Oct 06 10:15:46 UTC 2026","Presented Checks — Smoke > Grid","specs\Smoke\5-PresentedChecksSmoke.spec.ts","",""
"","6783","Validate Login functionality with missingUsername","firefox","Tue Oct 06 10:13:00 UTC 2026","passed","Tue Oct 06 10:13:07 UTC 2026","Login — Smoke > Login","specs\Smoke\1-LoginSmoke.spec.ts","",""
"","7615","Automatic Check Decision Rules sub-page loads correctly","firefox","Tue Oct 06 10:15:16 UTC 2026","passed","Tue Oct 06 10:15:23 UTC 2026","Application Navigation Smoke Tests > Settings Sub-navigation","specs\Smoke\2-NavigationSmoke.spec.ts","",""
"","11631","Last page arrow jumps to the final page","webkit","Tue Oct 06 10:22:01 UTC 2026","passed","Tue Oct 06 10:22:12 UTC 2026","ACH — Smoke > Pagination","specs\Smoke\7-ACHSmoke.spec.ts","",""
"","15596","Page size change to 10 updates pagination info in bottom-right pager","firefox","Tue Oct 06 10:20:51 UTC 2026","passed","Tue Oct 06 10:21:06 UTC 2026","Presented Checks — Smoke > Pagination","specs\Smoke\5-PresentedChecksSmoke.spec.ts","",""
"","11665","Save a filter preset, verify it is auto-selected, then delete it","msedge","Tue Oct 06 10:33:14 UTC 2026","passed","Tue Oct 06 10:33:26 UTC 2026","ACH — Smoke > Saved Filters","specs\Smoke\7-ACHSmoke.spec.ts","",""
"","12820","Typing a page number navigates to that page","firefox","Tue Oct 06 10:21:31 UTC 2026","passed","Tue Oct 06 10:21:44 UTC 2026","Presented Checks — Smoke > Pagination","specs\Smoke\5-PresentedChecksSmoke.spec.ts","",""
"","4025","Holiday Schedules sub-page loads correctly","msedge","Tue Oct 06 10:28:05 UTC 2026","passed","Tue Oct 06 10:28:09 UTC 2026","Application Navigation Smoke Tests > Settings Sub-navigation","specs\Smoke\2-NavigationSmoke.spec.ts","",""
"","4874","Verify Combined View shows all chart sections","msedge","Tue Oct 06 10:28:24 UTC 2026","passed","Tue Oct 06 10:28:29 UTC 2026","Home Dashboard > Dashboard Chart Headings","specs\Smoke\3-HomeDashboardSmoke.spec.ts","",""
"","4272","Branding sub-page loads correctly","msedge","Tue Oct 06 10:27:50 UTC 2026","passed","Tue Oct 06 10:27:54 UTC 2026","Application Navigation Smoke Tests > Settings Sub-navigation","specs\Smoke\2-NavigationSmoke.spec.ts","",""
"","17492","Verify chart title changes with selected tab","firefox","Tue Oct 06 10:16:21 UTC 2026","passed","Tue Oct 06 10:16:38 UTC 2026","Home Dashboard > Dashboard Chart Headings","specs\Smoke\3-HomeDashboardSmoke.spec.ts","",""
"","6778","Column filter menu applies a filter and Clear restores the full row set","chromium","Tue Oct 06 10:20:24 UTC 2026","passed","Tue Oct 06 10:20:31 UTC 2026","Exceptions — Smoke > Exception History > Column Filter","specs\Smoke\8-ExceptionsSmoke.spec.ts","",""
"","3404","Teller page loads correctly","msedge","Tue Oct 06 10:27:16 UTC 2026","passed","Tue Oct 06 10:27:19 UTC 2026","Application Navigation Smoke Tests > Top-level Navigation","specs\Smoke\2-NavigationSmoke.spec.ts","",""
"","11528","Previous page button returns to page 1, First page button re-enables disabled state","chromium","Tue Oct 06 10:15:49 UTC 2026","passed","Tue Oct 06 10:16:00 UTC 2026","Issued Checks — Smoke > Pagination","specs\Smoke\4-IssuedChecksSmoke.spec.ts","",""
"","5581","Grid View toggle navigates to the open-exceptions grid and shows key column headers","msedge","Tue Oct 06 10:34:34 UTC 2026","passed","Tue Oct 06 10:34:39 UTC 2026","Exceptions — Smoke > Open Exceptions","specs\Smoke\8-ExceptionsSmoke.spec.ts","",""
"","14923","""View"" (Change Log) link on a row navigates to the entity log","firefox","Tue Oct 06 10:23:31 UTC 2026","passed","Tue Oct 06 10:23:46 UTC 2026","Presented Checks — Smoke > Row Actions","specs\Smoke\5-PresentedChecksSmoke.spec.ts","",""
"","10810","Page size change to 10 updates pagination info in bottom-right pager","webkit","Tue Oct 06 10:21:38 UTC 2026","passed","Tue Oct 06 10:21:49 UTC 2026","ACH — Smoke > Pagination","specs\Smoke\7-ACHSmoke.spec.ts","",""
"","22522","Save a filter preset, verify it is auto-selected, then delete it","webkit","Tue Oct 06 10:20:39 UTC 2026","passed","Tue Oct 06 10:21:02 UTC 2026","Presented Checks — Smoke > Saved Filters","specs\Smoke\5-PresentedChecksSmoke.spec.ts","",""
"","6122","Verify Check Only tab shows Check-specific chart sections","chromium","Tue Oct 06 10:13:41 UTC 2026","passed","Tue Oct 06 10:13:47 UTC 2026","Home Dashboard > Dashboard Chart Headings","specs\Smoke\3-HomeDashboardSmoke.spec.ts","",""
"","13101","Search box filters grid and clears correctly","chromium","Tue Oct 06 10:16:08 UTC 2026","passed","Tue Oct 06 10:16:21 UTC 2026","Presented Checks — Smoke > Toolbar","specs\Smoke\5-PresentedChecksSmoke.spec.ts","",""
"","5350","Pre-Decisions page loads with either records or the empty-state message","firefox","Tue Oct 06 10:28:42 UTC 2026","passed","Tue Oct 06 10:28:47 UTC 2026","Exceptions — Smoke > Pre-Decisions","specs\Smoke\8-ExceptionsSmoke.spec.ts","",""
"","10580","Verify dashboard loads after successful login","webkit","Tue Oct 06 10:14:42 UTC 2026","passed","Tue Oct 06 10:14:53 UTC 2026","Home Dashboard > Page Load","specs\Smoke\3-HomeDashboardSmoke.spec.ts","",""
"","7687","Notification Templates sub-page loads correctly","webkit","Tue Oct 06 10:14:30 UTC 2026","passed","Tue Oct 06 10:14:37 UTC 2026","Application Navigation Smoke Tests > Settings Sub-navigation","specs\Smoke\2-NavigationSmoke.spec.ts","",""
"","8735","Grid loads with data rows and key column headers","msedge","Tue Oct 06 10:31:42 UTC 2026","passed","Tue Oct 06 10:31:50 UTC 2026","ACH — Smoke > Grid","specs\Smoke\7-ACHSmoke.spec.ts","",""
"","9078","Account Settings sub-page loads correctly","firefox","Tue Oct 06 10:13:16 UTC 2026","passed","Tue Oct 06 10:13:25 UTC 2026","Application Navigation Smoke Tests > Settings Sub-navigation","specs\Smoke\2-NavigationSmoke.spec.ts","",""
"","7996","Holiday Schedules sub-page loads correctly","webkit","Tue Oct 06 10:14:11 UTC 2026","passed","Tue Oct 06 10:14:19 UTC 2026","Application Navigation Smoke Tests > Settings Sub-navigation","specs\Smoke\2-NavigationSmoke.spec.ts","",""
"","5456","Next page arrow advances to page 2","msedge","Tue Oct 06 10:30:34 UTC 2026","passed","Tue Oct 06 10:30:40 UTC 2026","Presented Checks — Smoke > Pagination","specs\Smoke\5-PresentedChecksSmoke.spec.ts","",""
"","5344","Next page arrow advances to page 2","msedge","Tue Oct 06 10:29:52 UTC 2026","passed","Tue Oct 06 10:29:57 UTC 2026","Issued Checks — Smoke > Pagination","specs\Smoke\4-IssuedChecksSmoke.spec.ts","",""
"","5915","Verify tab-specific charts are hidden for opposite tab","msedge","Tue Oct 06 10:28:51 UTC 2026","passed","Tue Oct 06 10:28:57 UTC 2026","Home Dashboard > Dashboard Chart Headings","specs\Smoke\3-HomeDashboardSmoke.spec.ts","",""
"","4420","Validate Login functionality with missingUsername","chromium","Tue Oct 06 10:12:40 UTC 2026","passed","Tue Oct 06 10:12:44 UTC 2026","Login — Smoke > Login","specs\Smoke\1-LoginSmoke.spec.ts","",""
"","18591","Column filter popup applies a filter and Clear restores the full row set","webkit","Tue Oct 06 10:19:03 UTC 2026","passed","Tue Oct 06 10:19:21 UTC 2026","Issued Checks — Smoke > Column Filter","specs\Smoke\4-IssuedChecksSmoke.spec.ts","",""
"","6477","Clicking a column header sorts ascending, clicking again sorts descending","chromium","Tue Oct 06 10:17:43 UTC 2026","passed","Tue Oct 06 10:17:50 UTC 2026","Presented Checks — Smoke > Sorting","specs\Smoke\5-PresentedChecksSmoke.spec.ts","",""
"","26887","Default filter auto-applies after logout and re-login","chromium","Tue Oct 06 10:19:50 UTC 2026","passed","Tue Oct 06 10:20:17 UTC 2026","Exceptions — Smoke > Exception History > Saved Filters > Default Filter","specs\Smoke\8-ExceptionsSmoke.spec.ts","",""
"","10227","Saved Filters dropdown is visible and defaults to no preset","webkit","Tue Oct 06 10:22:42 UTC 2026","passed","Tue Oct 06 10:22:52 UTC 2026","ACH — Smoke > Saved Filters","specs\Smoke\7-ACHSmoke.spec.ts","",""
"","13774","Typing a page number navigates to that page","webkit","Tue Oct 06 10:23:54 UTC 2026","passed","Tue Oct 06 10:24:07 UTC 2026","Exceptions — Smoke > Exception History > Pagination","specs\Smoke\8-ExceptionsSmoke.spec.ts","",""
"","10294","Page size change to 10 updates pagination info in bottom-right pager","webkit","Tue Oct 06 10:23:17 UTC 2026","passed","Tue Oct 06 10:23:28 UTC 2026","Exceptions — Smoke > Exception History > Pagination","specs\Smoke\8-ExceptionsSmoke.spec.ts","",""
"","5183","Verify Total Exceptions and Total Exception Amount labels are visible","chromium","Tue Oct 06 10:14:12 UTC 2026","passed","Tue Oct 06 10:14:17 UTC 2026","Home Dashboard > Summary Stats","specs\Smoke\3-HomeDashboardSmoke.spec.ts","",""
"","7429","Page size change to 10 updates pagination info in bottom-right pager","chromium","Tue Oct 06 10:15:14 UTC 2026","passed","Tue Oct 06 10:15:22 UTC 2026","Issued Checks — Smoke > Pagination","specs\Smoke\4-IssuedChecksSmoke.spec.ts","",""
"","8985","Validate Login functionality with missingUsername","webkit","Tue Oct 06 10:13:14 UTC 2026","passed","Tue Oct 06 10:13:23 UTC 2026","Login — Smoke > Login","specs\Smoke\1-LoginSmoke.spec.ts","",""
"","12525","Verify delayed data note and force refresh link are visible on dashboard","webkit","Tue Oct 06 10:16:44 UTC 2026","passed","Tue Oct 06 10:16:56 UTC 2026","Home Dashboard > Summary Stats","specs\Smoke\3-HomeDashboardSmoke.spec.ts","",""
"","5354","Verify navigation to ACH via nav menu","msedge","Tue Oct 06 10:29:42 UTC 2026","passed","Tue Oct 06 10:29:47 UTC 2026","Home Dashboard > Navigation from Dashboard","specs\Smoke\3-HomeDashboardSmoke.spec.ts","",""
"","11439","""Uploaded ACH"" navigates to the uploads page","firefox","Tue Oct 06 10:23:25 UTC 2026","passed","Tue Oct 06 10:23:36 UTC 2026","ACH — Smoke > Navigation","specs\Smoke\7-ACHSmoke.spec.ts","",""
"","6349","Verify dashboard footer footnote and privacy link are visible","chromium","Tue Oct 06 10:14:33 UTC 2026","passed","Tue Oct 06 10:14:39 UTC 2026","Home Dashboard > Summary Stats","specs\Smoke\3-HomeDashboardSmoke.spec.ts","",""
"","9812","Verify delayed data note and force refresh link are visible on dashboard","chromium","Tue Oct 06 10:14:23 UTC 2026","passed","Tue Oct 06 10:14:33 UTC 2026","Home Dashboard > Summary Stats","specs\Smoke\3-HomeDashboardSmoke.spec.ts","",""
"","8976","Typing a page number navigates to that page","webkit","Tue Oct 06 10:20:07 UTC 2026","passed","Tue Oct 06 10:20:16 UTC 2026","Presented Checks — Smoke > Pagination","specs\Smoke\5-PresentedChecksSmoke.spec.ts","",""
"","4140","Validate Login functionality with emptyFields","msedge","Tue Oct 06 10:27:19 UTC 2026","passed","Tue Oct 06 10:27:23 UTC 2026","Login — Smoke > Login","specs\Smoke\1-LoginSmoke.spec.ts","",""
"","7185","Typing a page number navigates to that page","msedge","Tue Oct 06 10:32:53 UTC 2026","passed","Tue Oct 06 10:33:01 UTC 2026","ACH — Smoke > Pagination","specs\Smoke\7-ACHSmoke.spec.ts","",""
"","6179","Verify summary KPI values have expected number formats","chromium","Tue Oct 06 10:14:17 UTC 2026","passed","Tue Oct 06 10:14:23 UTC 2026","Home Dashboard > Summary Stats","specs\Smoke\3-HomeDashboardSmoke.spec.ts","",""
"","5813","ACH breadcrumb link is visible on the page","chromium","Tue Oct 06 10:20:18 UTC 2026","passed","Tue Oct 06 10:20:24 UTC 2026","ACH — Smoke > Breadcrumb","specs\Smoke\7-ACHSmoke.spec.ts","",""
"","2611","Pre-Decisions page loads with either records or the empty-state message","chromium","Tue Oct 06 10:21:04 UTC 2026","passed","Tue Oct 06 10:21:06 UTC 2026","Exceptions — Smoke > Pre-Decisions","specs\Smoke\8-ExceptionsSmoke.spec.ts","",""
"","24661","Pay/Return decision badge navigates to exception history","firefox","Tue Oct 06 10:27:04 UTC 2026","passed","Tue Oct 06 10:27:29 UTC 2026","ACH — Smoke > Row Actions","specs\Smoke\7-ACHSmoke.spec.ts","",""
"","5320","Next page arrow advances to page 2","chromium","Tue Oct 06 10:18:21 UTC 2026","passed","Tue Oct 06 10:18:27 UTC 2026","ACH — Smoke > Pagination","specs\Smoke\7-ACHSmoke.spec.ts","",""
"","14609","Verify profile menu shows My Info and Logout links","firefox","Tue Oct 06 10:17:59 UTC 2026","passed","Tue Oct 06 10:18:13 UTC 2026","Home Dashboard > Summary Stats","specs\Smoke\3-HomeDashboardSmoke.spec.ts","",""
"","4806","Validate Login functionality with incorrectUsername","chromium","Tue Oct 06 10:12:22 UTC 2026","passed","Tue Oct 06 10:12:27 UTC 2026","Login — Smoke > Login","specs\Smoke\1-LoginSmoke.spec.ts","",""
"","11600","""+ Add ACH"" navigates to the add-ACH form","webkit","Tue Oct 06 10:20:52 UTC 2026","passed","Tue Oct 06 10:21:04 UTC 2026","ACH — Smoke > Navigation","specs\Smoke\7-ACHSmoke.spec.ts","",""
"","7841","Validate session persists after page refresh","chromium","Tue Oct 06 10:13:10 UTC 2026","passed","Tue Oct 06 10:13:18 UTC 2026","Login — Smoke > Session & Security","specs\Smoke\1-LoginSmoke.spec.ts","",""
"","10435","Last page arrow jumps to the final page","webkit","Tue Oct 06 10:19:56 UTC 2026","passed","Tue Oct 06 10:20:07 UTC 2026","Presented Checks — Smoke > Pagination","specs\Smoke\5-PresentedChecksSmoke.spec.ts","",""
"","10010","Verify Total Exceptions and Total Exception Amount labels are visible","webkit","Tue Oct 06 10:16:24 UTC 2026","passed","Tue Oct 06 10:16:34 UTC 2026","Home Dashboard > Summary Stats","specs\Smoke\3-HomeDashboardSmoke.spec.ts","",""
"","8067","Validate Login functionality with incorrectPassword","webkit","Tue Oct 06 10:12:29 UTC 2026","passed","Tue Oct 06 10:12:37 UTC 2026","Login — Smoke > Login","specs\Smoke\1-LoginSmoke.spec.ts","",""
"","5763","Grid loads with data rows and key column headers","chromium","Tue Oct 06 10:17:38 UTC 2026","passed","Tue Oct 06 10:17:44 UTC 2026","ACH — Smoke > Grid","specs\Smoke\7-ACHSmoke.spec.ts","",""
"","6817","Verify delayed data note and force refresh link are visible on dashboard","msedge","Tue Oct 06 10:29:07 UTC 2026","passed","Tue Oct 06 10:29:14 UTC 2026","Home Dashboard > Summary Stats","specs\Smoke\3-HomeDashboardSmoke.spec.ts","",""
"","14765","Search box filters grid and clears correctly","firefox","Tue Oct 06 10:20:25 UTC 2026","passed","Tue Oct 06 10:20:40 UTC 2026","Presented Checks — Smoke > Toolbar","specs\Smoke\5-PresentedChecksSmoke.spec.ts","",""
"","4047","Validate forgot password with unregistered email","msedge","Tue Oct 06 10:27:53 UTC 2026","passed","Tue Oct 06 10:27:57 UTC 2026","Login — Smoke > Forgot Password","specs\Smoke\1-LoginSmoke.spec.ts","",""
"","8513","Decision Files sub-page loads correctly","webkit","Tue Oct 06 10:14:03 UTC 2026","passed","Tue Oct 06 10:14:11 UTC 2026","Application Navigation Smoke Tests > Settings Sub-navigation","specs\Smoke\2-NavigationSmoke.spec.ts","",""
"","12832","Clicking a column header sorts ascending, clicking again sorts descending","webkit","Tue Oct 06 10:23:27 UTC 2026","passed","Tue Oct 06 10:23:40 UTC 2026","ACH — Smoke > Sorting","specs\Smoke\7-ACHSmoke.spec.ts","",""
"","3874","Exceptions page loads correctly","msedge","Tue Oct 06 10:27:24 UTC 2026","passed","Tue Oct 06 10:27:28 UTC 2026","Application Navigation Smoke Tests > Top-level Navigation","specs\Smoke\2-NavigationSmoke.spec.ts","",""
"","20015","Clicking a column header sorts ascending, clicking again sorts descending","firefox","Tue Oct 06 10:27:11 UTC 2026","passed","Tue Oct 06 10:27:31 UTC 2026","Exceptions — Smoke > Exception History > Sorting","specs\Smoke\8-ExceptionsSmoke.spec.ts","",""
"","8612","Notification Log sub-page loads correctly","webkit","Tue Oct 06 10:15:04 UTC 2026","passed","Tue Oct 06 10:15:13 UTC 2026","Application Navigation Smoke Tests > Settings Sub-navigation","specs\Smoke\2-NavigationSmoke.spec.ts","",""
"","13341","Clicking a column header sorts ascending, clicking again sorts descending","webkit","Tue Oct 06 10:21:11 UTC 2026","passed","Tue Oct 06 10:21:24 UTC 2026","Presented Checks — Smoke > Sorting","specs\Smoke\5-PresentedChecksSmoke.spec.ts","",""
"","12876","Excel export button is visible and enabled","firefox","Tue Oct 06 10:25:04 UTC 2026","passed","Tue Oct 06 10:25:17 UTC 2026","Exceptions — Smoke > Exception History > Toolbar","specs\Smoke\8-ExceptionsSmoke.spec.ts","",""
"","10140","Verify Combined View shows all chart sections","webkit","Tue Oct 06 10:15:13 UTC 2026","passed","Tue Oct 06 10:15:23 UTC 2026","Home Dashboard > Dashboard Chart Headings","specs\Smoke\3-HomeDashboardSmoke.spec.ts","",""
"","6578","Last page arrow jumps to the final page","msedge","Tue Oct 06 10:30:40 UTC 2026","passed","Tue Oct 06 10:30:47 UTC 2026","Presented Checks — Smoke > Pagination","specs\Smoke\5-PresentedChecksSmoke.spec.ts","",""
"","9416","Validate Login functionality with missingPassword","webkit","Tue Oct 06 10:13:05 UTC 2026","passed","Tue Oct 06 10:13:14 UTC 2026","Login — Smoke > Login","specs\Smoke\1-LoginSmoke.spec.ts","",""
"","4760","Saved Filters dropdown is visible and defaults to no preset","msedge","Tue Oct 06 10:33:33 UTC 2026","passed","Tue Oct 06 10:33:38 UTC 2026","Exceptions — Smoke > Exception History > Saved Filters","specs\Smoke\8-ExceptionsSmoke.spec.ts","",""
"","14645","Typing a page number navigates to that page","firefox","Tue Oct 06 10:19:36 UTC 2026","passed","Tue Oct 06 10:19:50 UTC 2026","Issued Checks — Smoke > Pagination","specs\Smoke\4-IssuedChecksSmoke.spec.ts","",""
"","5059","Verify dashboard loads after successful login","msedge","Tue Oct 06 10:28:10 UTC 2026","passed","Tue Oct 06 10:28:15 UTC 2026","Home Dashboard > Page Load","specs\Smoke\3-HomeDashboardSmoke.spec.ts","",""
"","14558","Verify navigation to ACH via nav menu","firefox","Tue Oct 06 10:18:54 UTC 2026","passed","Tue Oct 06 10:19:09 UTC 2026","Home Dashboard > Navigation from Dashboard","specs\Smoke\3-HomeDashboardSmoke.spec.ts","",""
"","10586","Page size change to 10 updates pagination info in bottom-right pager","webkit","Tue Oct 06 10:17:07 UTC 2026","passed","Tue Oct 06 10:17:18 UTC 2026","Issued Checks — Smoke > Pagination","specs\Smoke\4-IssuedChecksSmoke.spec.ts","",""
"","6015","Search box filters grid and clears correctly","msedge","Tue Oct 06 10:30:17 UTC 2026","passed","Tue Oct 06 10:30:23 UTC 2026","Presented Checks — Smoke > Toolbar","specs\Smoke\5-PresentedChecksSmoke.spec.ts","",""
"","13800","Verify navigation to Issued Checks via nav menu","firefox","Tue Oct 06 10:18:28 UTC 2026","passed","Tue Oct 06 10:18:42 UTC 2026","Home Dashboard > Navigation from Dashboard","specs\Smoke\3-HomeDashboardSmoke.spec.ts","",""
"","12041","Verify navigation to Issued Checks via nav menu","webkit","Tue Oct 06 10:17:30 UTC 2026","passed","Tue Oct 06 10:17:42 UTC 2026","Home Dashboard > Navigation from Dashboard","specs\Smoke\3-HomeDashboardSmoke.spec.ts","",""
"","4289","Validate forgot password functionality","chromium","Tue Oct 06 10:12:57 UTC 2026","passed","Tue Oct 06 10:13:01 UTC 2026","Login — Smoke > Forgot Password","specs\Smoke\1-LoginSmoke.spec.ts","",""
"","6252","Approvals page loads with either records or the empty-state message","firefox","Tue Oct 06 10:28:35 UTC 2026","passed","Tue Oct 06 10:28:42 UTC 2026","Exceptions — Smoke > Approvals","specs\Smoke\8-ExceptionsSmoke.spec.ts","",""
"","12064","Grid loads with data rows and key column headers","firefox","Tue Oct 06 10:19:33 UTC 2026","passed","Tue Oct 06 10:19:45 UTC 2026","Presented Checks — Smoke > Grid","specs\Smoke\5-PresentedChecksSmoke.spec.ts","",""
"","4176","Validate forgot password functionality","msedge","Tue Oct 06 10:27:45 UTC 2026","passed","Tue Oct 06 10:27:49 UTC 2026","Login — Smoke > Forgot Password","specs\Smoke\1-LoginSmoke.spec.ts","",""
"","7708","Billing Reports sub-page loads correctly","webkit","Tue Oct 06 10:13:55 UTC 2026","passed","Tue Oct 06 10:14:03 UTC 2026","Application Navigation Smoke Tests > Settings Sub-navigation","specs\Smoke\2-NavigationSmoke.spec.ts","",""
"","9528","""View"" link on a row opens the Exception Details dialog","webkit","Tue Oct 06 10:25:17 UTC 2026","passed","Tue Oct 06 10:25:27 UTC 2026","Exceptions — Smoke > Exception History > Row Actions","specs\Smoke\8-ExceptionsSmoke.spec.ts","",""
"","20978","Check Approval Rules sub-page loads correctly","firefox","Tue Oct 06 10:15:24 UTC 2026","passed","Tue Oct 06 10:15:44 UTC 2026","Application Navigation Smoke Tests > Settings Sub-navigation","specs\Smoke\2-NavigationSmoke.spec.ts","",""
"","9656","Excel export button is visible and enabled","chromium","Tue Oct 06 10:16:21 UTC 2026","passed","Tue Oct 06 10:16:30 UTC 2026","Presented Checks — Smoke > Toolbar","specs\Smoke\5-PresentedChecksSmoke.spec.ts","",""
"","7519","Exception History grid loads with data rows and key column headers","msedge","Tue Oct 06 10:32:26 UTC 2026","passed","Tue Oct 06 10:32:33 UTC 2026","Exceptions — Smoke > Exception History > Grid","specs\Smoke\8-ExceptionsSmoke.spec.ts","",""
"","15265","""Delete"" on a row shows a confirm modal; Cancel dismisses it without deleting","firefox","Tue Oct 06 10:26:49 UTC 2026","passed","Tue Oct 06 10:27:04 UTC 2026","ACH — Smoke > Row Actions","specs\Smoke\7-ACHSmoke.spec.ts","",""
"","4213","Automatic ACH Decision Rules sub-page loads correctly","webkit","Tue Oct 06 10:14:51 UTC 2026","passed","Tue Oct 06 10:14:55 UTC 2026","Application Navigation Smoke Tests > Settings Sub-navigation","specs\Smoke\2-NavigationSmoke.spec.ts","",""
"","5547","Decision badge on an already-reviewed row is blocked with a system message","chromium","Tue Oct 06 10:20:37 UTC 2026","passed","Tue Oct 06 10:20:42 UTC 2026","Exceptions — Smoke > Exception History > Row Actions","specs\Smoke\8-ExceptionsSmoke.spec.ts","",""
"","11033","Grid loads with data rows and key column headers","webkit","Tue Oct 06 10:18:27 UTC 2026","passed","Tue Oct 06 10:18:38 UTC 2026","Presented Checks — Smoke > Grid","specs\Smoke\5-PresentedChecksSmoke.spec.ts","",""
"","6196","Navigation tabs to Pre-Decisions, Approvals, and Exception History are visible","firefox","Tue Oct 06 10:28:15 UTC 2026","passed","Tue Oct 06 10:28:22 UTC 2026","Exceptions — Smoke > Open Exceptions","specs\Smoke\8-ExceptionsSmoke.spec.ts","",""
"","5534","Verify Check Only tab shows Check-specific chart sections","msedge","Tue Oct 06 10:28:29 UTC 2026","passed","Tue Oct 06 10:28:35 UTC 2026","Home Dashboard > Dashboard Chart Headings","specs\Smoke\3-HomeDashboardSmoke.spec.ts","",""
"","16746","Previous page button returns to page 1, First page button re-enables disabled state","firefox","Tue Oct 06 10:25:01 UTC 2026","passed","Tue Oct 06 10:25:17 UTC 2026","ACH — Smoke > Pagination","specs\Smoke\7-ACHSmoke.spec.ts","",""
"","12787","""+ Add ACH"" navigates to the add-ACH form","firefox","Tue Oct 06 10:23:12 UTC 2026","passed","Tue Oct 06 10:23:25 UTC 2026","ACH — Smoke > Navigation","specs\Smoke\7-ACHSmoke.spec.ts","",""
"","4891","File Processing sub-page loads correctly","msedge","Tue Oct 06 10:28:58 UTC 2026","passed","Tue Oct 06 10:29:02 UTC 2026","Application Navigation Smoke Tests > Settings Sub-navigation","specs\Smoke\2-NavigationSmoke.spec.ts","",""
"","7348","Previous page button returns to page 1, First page button re-enables disabled state","chromium","Tue Oct 06 10:16:57 UTC 2026","passed","Tue Oct 06 10:17:05 UTC 2026","Presented Checks — Smoke > Pagination","specs\Smoke\5-PresentedChecksSmoke.spec.ts","",""
"","11874","Business Clients sub-page loads correctly","firefox","Tue Oct 06 10:13:25 UTC 2026","passed","Tue Oct 06 10:13:37 UTC 2026","Application Navigation Smoke Tests > Settings Sub-navigation","specs\Smoke\2-NavigationSmoke.spec.ts","",""
"","10920","""Uploaded Checks"" navigates to the uploads page","webkit","Tue Oct 06 10:19:02 UTC 2026","passed","Tue Oct 06 10:19:13 UTC 2026","Presented Checks — Smoke > Navigation","specs\Smoke\5-PresentedChecksSmoke.spec.ts","",""
"","5902","ACH Approval Rules sub-page loads correctly","msedge","Tue Oct 06 10:28:34 UTC 2026","passed","Tue Oct 06 10:28:40 UTC 2026","Application Navigation Smoke Tests > Settings Sub-navigation","specs\Smoke\2-NavigationSmoke.spec.ts","",""
"","3850","Billing Reports sub-page loads correctly","msedge","Tue Oct 06 10:27:54 UTC 2026","passed","Tue Oct 06 10:27:58 UTC 2026","Application Navigation Smoke Tests > Settings Sub-navigation","specs\Smoke\2-NavigationSmoke.spec.ts","",""
"","8642","""Uploaded Checks"" navigates to the uploads page","chromium","Tue Oct 06 10:14:47 UTC 2026","passed","Tue Oct 06 10:14:56 UTC 2026","Issued Checks — Smoke > Navigation","specs\Smoke\4-IssuedChecksSmoke.spec.ts","",""
"","15368","Verify dashboard tab checked state updates correctly","webkit","Tue Oct 06 10:15:43 UTC 2026","passed","Tue Oct 06 10:15:58 UTC 2026","Home Dashboard > Dashboard Chart Headings","specs\Smoke\3-HomeDashboardSmoke.spec.ts","",""
"","10992","File Processing sub-page loads correctly","firefox","Tue Oct 06 10:16:46 UTC 2026","passed","Tue Oct 06 10:16:57 UTC 2026","Application Navigation Smoke Tests > Settings Sub-navigation","specs\Smoke\2-NavigationSmoke.spec.ts","",""
"","12888","Verify chart title changes with selected tab","webkit","Tue Oct 06 10:15:58 UTC 2026","passed","Tue Oct 06 10:16:11 UTC 2026","Home Dashboard > Dashboard Chart Headings","specs\Smoke\3-HomeDashboardSmoke.spec.ts","",""
"","12313","Save a filter preset, verify it is auto-selected, then delete it","chromium","Tue Oct 06 10:19:38 UTC 2026","passed","Tue Oct 06 10:19:50 UTC 2026","Exceptions — Smoke > Exception History > Saved Filters","specs\Smoke\8-ExceptionsSmoke.spec.ts","",""
"","6641","""Delete"" on a row shows a confirm modal; Cancel dismisses it without deleting","chromium","Tue Oct 06 10:17:10 UTC 2026","passed","Tue Oct 06 10:17:16 UTC 2026","Issued Checks — Smoke > Row Actions","specs\Smoke\4-IssuedChecksSmoke.spec.ts","",""
"","9211","Home page is accessible and shows dashboard","firefox","Tue Oct 06 10:11:50 UTC 2026","passed","Tue Oct 06 10:12:00 UTC 2026","Application Navigation Smoke Tests > Top-level Navigation","specs\Smoke\2-NavigationSmoke.spec.ts","",""
"","13841","Web Hooks sub-page loads correctly","webkit","Tue Oct 06 10:15:50 UTC 2026","passed","Tue Oct 06 10:16:04 UTC 2026","Application Navigation Smoke Tests > Settings Sub-navigation","specs\Smoke\2-NavigationSmoke.spec.ts","",""
"","5157","Saved Filters dropdown is visible and defaults to no preset","msedge","Tue Oct 06 10:33:09 UTC 2026","passed","Tue Oct 06 10:33:14 UTC 2026","ACH — Smoke > Saved Filters","specs\Smoke\7-ACHSmoke.spec.ts","",""
"","5751","Page size change to 10 updates pagination info in bottom-right pager","chromium","Tue Oct 06 10:18:16 UTC 2026","passed","Tue Oct 06 10:18:21 UTC 2026","ACH — Smoke > Pagination","specs\Smoke\7-ACHSmoke.spec.ts","",""
"","5424","Navigation tabs to Pre-Decisions, Approvals, and Exception History are visible","webkit","Tue Oct 06 10:25:42 UTC 2026","passed","Tue Oct 06 10:25:47 UTC 2026","Exceptions — Smoke > Open Exceptions","specs\Smoke\8-ExceptionsSmoke.spec.ts","",""
"","7635","Validate teller presented-check form shows all required fields","chromium","Tue Oct 06 10:17:24 UTC 2026","passed","Tue Oct 06 10:17:31 UTC 2026","Teller — Smoke > Add Check Form","specs\Smoke\6-TellerSmoke.spec.ts","",""
"","10710","Saved Filters dropdown is visible and defaults to no preset","webkit","Tue Oct 06 10:18:11 UTC 2026","passed","Tue Oct 06 10:18:21 UTC 2026","Issued Checks — Smoke > Saved Filters","specs\Smoke\4-IssuedChecksSmoke.spec.ts","",""
"","13649","Grid loads with data rows and key column headers","firefox","Tue Oct 06 10:22:51 UTC 2026","passed","Tue Oct 06 10:23:04 UTC 2026","ACH — Smoke > Grid","specs\Smoke\7-ACHSmoke.spec.ts","",""
"","5644","Typing a page number navigates to that page","msedge","Tue Oct 06 10:33:20 UTC 2026","passed","Tue Oct 06 10:33:26 UTC 2026","Exceptions — Smoke > Exception History > Pagination","specs\Smoke\8-ExceptionsSmoke.spec.ts","",""
"","9103","ACH Approval Rules sub-page loads correctly","webkit","Tue Oct 06 10:14:55 UTC 2026","passed","Tue Oct 06 10:15:04 UTC 2026","Application Navigation Smoke Tests > Settings Sub-navigation","specs\Smoke\2-NavigationSmoke.spec.ts","",""
"","4722","Validate Login functionality with incorrectPassword","chromium","Tue Oct 06 10:12:18 UTC 2026","passed","Tue Oct 06 10:12:22 UTC 2026","Login — Smoke > Login","specs\Smoke\1-LoginSmoke.spec.ts","",""
"","7152","Verify chart title changes with selected tab","chromium","Tue Oct 06 10:13:59 UTC 2026","passed","Tue Oct 06 10:14:06 UTC 2026","Home Dashboard > Dashboard Chart Headings","specs\Smoke\3-HomeDashboardSmoke.spec.ts","",""
"","11475","""+ Add Check"" navigates to the add-check form","webkit","Tue Oct 06 10:16:24 UTC 2026","passed","Tue Oct 06 10:16:35 UTC 2026","Issued Checks — Smoke > Navigation","specs\Smoke\4-IssuedChecksSmoke.spec.ts","",""
"","9569","Verify ACH Only tab shows ACH-specific chart sections","webkit","Tue Oct 06 10:15:33 UTC 2026","passed","Tue Oct 06 10:15:43 UTC 2026","Home Dashboard > Dashboard Chart Headings","specs\Smoke\3-HomeDashboardSmoke.spec.ts","",""
"","6769","""Edit"" link on a row navigates to the check edit form","chromium","Tue Oct 06 10:16:58 UTC 2026","passed","Tue Oct 06 10:17:04 UTC 2026","Issued Checks — Smoke > Row Actions","specs\Smoke\4-IssuedChecksSmoke.spec.ts","",""
"","7576","""+ Add ACH"" navigates to the add-ACH form","msedge","Tue Oct 06 10:31:56 UTC 2026","passed","Tue Oct 06 10:32:04 UTC 2026","ACH — Smoke > Navigation","specs\Smoke\7-ACHSmoke.spec.ts","",""
"","9109","Validate Login functionality with correctCredentials","msedge","Tue Oct 06 10:26:52 UTC 2026","passed","Tue Oct 06 10:27:01 UTC 2026","Login — Smoke > Login","specs\Smoke\1-LoginSmoke.spec.ts","",""
"","16936","Validate session persists after page refresh","webkit","Tue Oct 06 10:14:15 UTC 2026","passed","Tue Oct 06 10:14:32 UTC 2026","Login — Smoke > Session & Security","specs\Smoke\1-LoginSmoke.spec.ts","",""
"","9385","Issued Checks breadcrumb link is visible on the page","msedge","Tue Oct 06 10:31:18 UTC 2026","passed","Tue Oct 06 10:31:28 UTC 2026","Issued Checks — Smoke > Breadcrumb","specs\Smoke\4-IssuedChecksSmoke.spec.ts","",""
"","7184","""+ Add Check"" navigates to the add-check form","chromium","Tue Oct 06 10:15:53 UTC 2026","passed","Tue Oct 06 10:16:00 UTC 2026","Presented Checks — Smoke > Navigation","specs\Smoke\5-PresentedChecksSmoke.spec.ts","",""
"","11091","Excel export button is visible and enabled","firefox","Tue Oct 06 10:20:40 UTC 2026","passed","Tue Oct 06 10:20:51 UTC 2026","Presented Checks — Smoke > Toolbar","specs\Smoke\5-PresentedChecksSmoke.spec.ts","",""
"","6587","Last page arrow jumps to the final page","msedge","Tue Oct 06 10:33:13 UTC 2026","passed","Tue Oct 06 10:33:20 UTC 2026","Exceptions — Smoke > Exception History > Pagination","specs\Smoke\8-ExceptionsSmoke.spec.ts","",""
"","13460","Exception History grid loads with data rows and key column headers","firefox","Tue Oct 06 10:24:26 UTC 2026","passed","Tue Oct 06 10:24:39 UTC 2026","Exceptions — Smoke > Exception History > Grid","specs\Smoke\8-ExceptionsSmoke.spec.ts","",""
"","16287","Previous page button returns to page 1, First page button re-enables disabled state","firefox","Tue Oct 06 10:19:50 UTC 2026","passed","Tue Oct 06 10:20:07 UTC 2026","Issued Checks — Smoke > Pagination","specs\Smoke\4-IssuedChecksSmoke.spec.ts","",""
"","6248","Web Hooks sub-page loads correctly","msedge","Tue Oct 06 10:29:07 UTC 2026","passed","Tue Oct 06 10:29:14 UTC 2026","Application Navigation Smoke Tests > Settings Sub-navigation","specs\Smoke\2-NavigationSmoke.spec.ts","",""
"","12668","Next page arrow advances to page 2","webkit","Tue Oct 06 10:23:28 UTC 2026","passed","Tue Oct 06 10:23:40 UTC 2026","Exceptions — Smoke > Exception History > Pagination","specs\Smoke\8-ExceptionsSmoke.spec.ts","",""
"","4725","Validate Login functionality with missingPassword","chromium","Tue Oct 06 10:12:35 UTC 2026","passed","Tue Oct 06 10:12:40 UTC 2026","Login — Smoke > Login","specs\Smoke\1-LoginSmoke.spec.ts","",""
"","11860","Verify navigation to Exceptions via nav menu","firefox","Tue Oct 06 10:19:09 UTC 2026","passed","Tue Oct 06 10:19:21 UTC 2026","Home Dashboard > Navigation from Dashboard","specs\Smoke\3-HomeDashboardSmoke.spec.ts","",""
"","13360","""+ Add Check"" navigates to the add-check form","firefox","Tue Oct 06 10:18:04 UTC 2026","passed","Tue Oct 06 10:18:18 UTC 2026","Issued Checks — Smoke > Navigation","specs\Smoke\4-IssuedChecksSmoke.spec.ts","",""
"","9049","""Delete"" on a row shows a confirm modal; Cancel dismisses it without deleting","chromium","Tue Oct 06 10:19:55 UTC 2026","passed","Tue Oct 06 10:20:04 UTC 2026","ACH — Smoke > Row Actions","specs\Smoke\7-ACHSmoke.spec.ts","",""
"","9086","Typing a page number navigates to that page","chromium","Tue Oct 06 10:15:39 UTC 2026","passed","Tue Oct 06 10:15:49 UTC 2026","Issued Checks — Smoke > Pagination","specs\Smoke\4-IssuedChecksSmoke.spec.ts","",""
"","4213","Page size change to 10 updates pagination info in bottom-right pager","msedge","Tue Oct 06 10:29:48 UTC 2026","passed","Tue Oct 06 10:29:52 UTC 2026","Issued Checks — Smoke > Pagination","specs\Smoke\4-IssuedChecksSmoke.spec.ts","",""
"","8986","Validate forgot password functionality","webkit","Tue Oct 06 10:13:47 UTC 2026","passed","Tue Oct 06 10:13:56 UTC 2026","Login — Smoke > Forgot Password","specs\Smoke\1-LoginSmoke.spec.ts","",""
"","7062","Validate Login functionality with incorrectUsername","firefox","Tue Oct 06 10:12:30 UTC 2026","passed","Tue Oct 06 10:12:37 UTC 2026","Login — Smoke > Login","specs\Smoke\1-LoginSmoke.spec.ts","",""
"","14217","Save a filter preset, verify it is auto-selected, then delete it","chromium","Tue Oct 06 10:16:08 UTC 2026","passed","Tue Oct 06 10:16:23 UTC 2026","Issued Checks — Smoke > Saved Filters","specs\Smoke\4-IssuedChecksSmoke.spec.ts","",""
"","5265","Open Exceptions page loads with either exception cards or the empty-state message","webkit","Tue Oct 06 10:25:47 UTC 2026","passed","Tue Oct 06 10:25:53 UTC 2026","Exceptions — Smoke > Open Exceptions","specs\Smoke\8-ExceptionsSmoke.spec.ts","",""
"","10475","Excel export button is visible and enabled","webkit","Tue Oct 06 10:23:07 UTC 2026","passed","Tue Oct 06 10:23:17 UTC 2026","Exceptions — Smoke > Exception History > Toolbar","specs\Smoke\8-ExceptionsSmoke.spec.ts","",""
"","8108","Validate Login functionality with veryLongInput","firefox","Tue Oct 06 10:13:26 UTC 2026","passed","Tue Oct 06 10:13:34 UTC 2026","Login — Smoke > Login","specs\Smoke\1-LoginSmoke.spec.ts","",""
"","15321","Next page arrow advances to page 2","firefox","Tue Oct 06 10:25:31 UTC 2026","passed","Tue Oct 06 10:25:47 UTC 2026","Exceptions — Smoke > Exception History > Pagination","specs\Smoke\8-ExceptionsSmoke.spec.ts","",""
"","8244","Business Clients sub-page loads correctly","webkit","Tue Oct 06 10:13:22 UTC 2026","passed","Tue Oct 06 10:13:30 UTC 2026","Application Navigation Smoke Tests > Settings Sub-navigation","specs\Smoke\2-NavigationSmoke.spec.ts","",""
"","11405","""+ Add Check"" navigates to the add-check form","webkit","Tue Oct 06 10:18:51 UTC 2026","passed","Tue Oct 06 10:19:02 UTC 2026","Presented Checks — Smoke > Navigation","specs\Smoke\5-PresentedChecksSmoke.spec.ts","",""
"","10167","Verify navigation to Exceptions via nav menu","webkit","Tue Oct 06 10:18:05 UTC 2026","passed","Tue Oct 06 10:18:15 UTC 2026","Home Dashboard > Navigation from Dashboard","specs\Smoke\3-HomeDashboardSmoke.spec.ts","",""
"","8216","Validate Login functionality with invalidEmailFormat","webkit","Tue Oct 06 10:12:46 UTC 2026","passed","Tue Oct 06 10:12:55 UTC 2026","Login — Smoke > Login","specs\Smoke\1-LoginSmoke.spec.ts","",""
"","4663","Validate unauthenticated access to protected route is redirected to login","chromium","Tue Oct 06 10:13:18 UTC 2026","passed","Tue Oct 06 10:13:22 UTC 2026","Login — Smoke > Session & Security","specs\Smoke\1-LoginSmoke.spec.ts","",""
"","4223","Validate Login functionality with xssInUsername","msedge","Tue Oct 06 10:27:36 UTC 2026","passed","Tue Oct 06 10:27:40 UTC 2026","Login — Smoke > Login","specs\Smoke\1-LoginSmoke.spec.ts","",""
"","7272","Grid View toggle navigates to the open-exceptions grid and shows key column headers","firefox","Tue Oct 06 10:28:28 UTC 2026","passed","Tue Oct 06 10:28:35 UTC 2026","Exceptions — Smoke > Open Exceptions","specs\Smoke\8-ExceptionsSmoke.spec.ts","",""
"","3754","Validate Login functionality with invalidEmailFormat","msedge","Tue Oct 06 10:27:16 UTC 2026","passed","Tue Oct 06 10:27:19 UTC 2026","Login — Smoke > Login","specs\Smoke\1-LoginSmoke.spec.ts","",""
"","18654","Search box filters grid and clears correctly","firefox","Tue Oct 06 10:24:45 UTC 2026","passed","Tue Oct 06 10:25:04 UTC 2026","Exceptions — Smoke > Exception History > Toolbar","specs\Smoke\8-ExceptionsSmoke.spec.ts","",""
"","10134","Roles/Permissions sub-page loads correctly","firefox","Tue Oct 06 10:13:48 UTC 2026","passed","Tue Oct 06 10:13:59 UTC 2026","Application Navigation Smoke Tests > Settings Sub-navigation","specs\Smoke\2-NavigationSmoke.spec.ts","",""
"","7772","Next page arrow advances to page 2","chromium","Tue Oct 06 10:16:37 UTC 2026","passed","Tue Oct 06 10:16:45 UTC 2026","Presented Checks — Smoke > Pagination","specs\Smoke\5-PresentedChecksSmoke.spec.ts","",""
"","4760","Verify Total Exceptions and Total Exception Amount labels are visible","msedge","Tue Oct 06 10:28:57 UTC 2026","passed","Tue Oct 06 10:29:02 UTC 2026","Home Dashboard > Summary Stats","specs\Smoke\3-HomeDashboardSmoke.spec.ts","",""
"","12854","Validate teller presented-check form shows all required fields","firefox","Tue Oct 06 10:22:28 UTC 2026","passed","Tue Oct 06 10:22:41 UTC 2026","Teller — Smoke > Add Check Form","specs\Smoke\6-TellerSmoke.spec.ts","",""
"","10546","ACH page loads correctly","firefox","Tue Oct 06 10:12:45 UTC 2026","passed","Tue Oct 06 10:12:56 UTC 2026","Application Navigation Smoke Tests > Top-level Navigation","specs\Smoke\2-NavigationSmoke.spec.ts","",""
"","8899","Excel export button is visible and enabled","msedge","Tue Oct 06 10:32:49 UTC 2026","passed","Tue Oct 06 10:32:58 UTC 2026","Exceptions — Smoke > Exception History > Toolbar","specs\Smoke\8-ExceptionsSmoke.spec.ts","",""
"","4090","Presented Checks page loads correctly","msedge","Tue Oct 06 10:27:12 UTC 2026","passed","Tue Oct 06 10:27:16 UTC 2026","Application Navigation Smoke Tests > Top-level Navigation","specs\Smoke\2-NavigationSmoke.spec.ts","",""
"","13538","Last page arrow jumps to the final page","firefox","Tue Oct 06 10:24:29 UTC 2026","passed","Tue Oct 06 10:24:43 UTC 2026","ACH — Smoke > Pagination","specs\Smoke\7-ACHSmoke.spec.ts","",""
"","6199","ACH breadcrumb link is visible on the page","msedge","Tue Oct 06 10:34:14 UTC 2026","passed","Tue Oct 06 10:34:20 UTC 2026","ACH — Smoke > Breadcrumb","specs\Smoke\7-ACHSmoke.spec.ts","",""
"","9923","Decision badge on an already-reviewed row is blocked with a system message","webkit","Tue Oct 06 10:25:27 UTC 2026","passed","Tue Oct 06 10:25:37 UTC 2026","Exceptions — Smoke > Exception History > Row Actions","specs\Smoke\8-ExceptionsSmoke.spec.ts","",""
"","4048","Validate Login functionality with invalidEmailFormat","chromium","Tue Oct 06 10:12:27 UTC 2026","passed","Tue Oct 06 10:12:31 UTC 2026","Login — Smoke > Login","specs\Smoke\1-LoginSmoke.spec.ts","",""
"","4757","Home page is accessible and shows dashboard","chromium","Tue Oct 06 10:12:01 UTC 2026","passed","Tue Oct 06 10:12:06 UTC 2026","Application Navigation Smoke Tests > Top-level Navigation","specs\Smoke\2-NavigationSmoke.spec.ts","",""
"","3941","Pre-Decisions page loads with either records or the empty-state message","webkit","Tue Oct 06 10:26:04 UTC 2026","passed","Tue Oct 06 10:26:08 UTC 2026","Exceptions — Smoke > Pre-Decisions","specs\Smoke\8-ExceptionsSmoke.spec.ts","",""
"","3732","Exceptions breadcrumb link is visible on the page","chromium","Tue Oct 06 10:20:42 UTC 2026","passed","Tue Oct 06 10:20:46 UTC 2026","Exceptions — Smoke > Exception History > Breadcrumb","specs\Smoke\8-ExceptionsSmoke.spec.ts","",""
"","5830","Last page arrow jumps to the final page","chromium","Tue Oct 06 10:16:45 UTC 2026","passed","Tue Oct 06 10:16:51 UTC 2026","Presented Checks — Smoke > Pagination","specs\Smoke\5-PresentedChecksSmoke.spec.ts","",""
"","6004","Notification Log sub-page loads correctly","chromium","Tue Oct 06 10:13:46 UTC 2026","passed","Tue Oct 06 10:13:52 UTC 2026","Application Navigation Smoke Tests > Settings Sub-navigation","specs\Smoke\2-NavigationSmoke.spec.ts","",""
"","4467","Exceptions page loads correctly","chromium","Tue Oct 06 10:12:35 UTC 2026","passed","Tue Oct 06 10:12:39 UTC 2026","Application Navigation Smoke Tests > Top-level Navigation","specs\Smoke\2-NavigationSmoke.spec.ts","",""
"","5129","Clicking a column header sorts ascending, clicking again sorts descending","msedge","Tue Oct 06 10:33:50 UTC 2026","passed","Tue Oct 06 10:33:55 UTC 2026","Exceptions — Smoke > Exception History > Sorting","specs\Smoke\8-ExceptionsSmoke.spec.ts","",""
"","14408","Saved Filters dropdown is visible and defaults to no preset","firefox","Tue Oct 06 10:26:34 UTC 2026","passed","Tue Oct 06 10:26:48 UTC 2026","Exceptions — Smoke > Exception History > Saved Filters","specs\Smoke\8-ExceptionsSmoke.spec.ts","",""
"","10615","""View"" (Change Log) link on a row navigates to the entity log","webkit","Tue Oct 06 10:21:50 UTC 2026","passed","Tue Oct 06 10:22:00 UTC 2026","Presented Checks — Smoke > Row Actions","specs\Smoke\5-PresentedChecksSmoke.spec.ts","",""
"","14159","Verify summary KPI values have expected number formats","firefox","Tue Oct 06 10:17:15 UTC 2026","passed","Tue Oct 06 10:17:29 UTC 2026","Home Dashboard > Summary Stats","specs\Smoke\3-HomeDashboardSmoke.spec.ts","",""
"","4056","Presented Checks page loads correctly","chromium","Tue Oct 06 10:12:22 UTC 2026","passed","Tue Oct 06 10:12:26 UTC 2026","Application Navigation Smoke Tests > Top-level Navigation","specs\Smoke\2-NavigationSmoke.spec.ts","",""
"","6412","Open Exceptions page loads with either exception cards or the empty-state message","firefox","Tue Oct 06 10:28:22 UTC 2026","passed","Tue Oct 06 10:28:28 UTC 2026","Exceptions — Smoke > Open Exceptions","specs\Smoke\8-ExceptionsSmoke.spec.ts","",""
"","6231","Check Approval Rules sub-page loads correctly","webkit","Tue Oct 06 10:14:45 UTC 2026","passed","Tue Oct 06 10:14:51 UTC 2026","Application Navigation Smoke Tests > Settings Sub-navigation","specs\Smoke\2-NavigationSmoke.spec.ts","",""
"","12932","Save a filter preset, verify it is auto-selected, then delete it","chromium","Tue Oct 06 10:18:56 UTC 2026","passed","Tue Oct 06 10:19:09 UTC 2026","ACH — Smoke > Saved Filters","specs\Smoke\7-ACHSmoke.spec.ts","",""
"","8042","Next page arrow advances to page 2","chromium","Tue Oct 06 10:19:02 UTC 2026","passed","Tue Oct 06 10:19:10 UTC 2026","Exceptions — Smoke > Exception History > Pagination","specs\Smoke\8-ExceptionsSmoke.spec.ts","",""
"","9040","Validate Login functionality with incorrectUsername","webkit","Tue Oct 06 10:12:37 UTC 2026","passed","Tue Oct 06 10:12:46 UTC 2026","Login — Smoke > Login","specs\Smoke\1-LoginSmoke.spec.ts","",""
"","14244","Column filter menu applies a filter and Clear restores the full row set","firefox","Tue Oct 06 10:27:31 UTC 2026","passed","Tue Oct 06 10:27:45 UTC 2026","Exceptions — Smoke > Exception History > Column Filter","specs\Smoke\8-ExceptionsSmoke.spec.ts","",""
"","9851","Validate Login functionality with correctCredentials","chromium","Tue Oct 06 10:12:01 UTC 2026","passed","Tue Oct 06 10:12:11 UTC 2026","Login — Smoke > Login","specs\Smoke\1-LoginSmoke.spec.ts","",""
"","11276","Verify navigation to Settings via nav menu","webkit","Tue Oct 06 10:18:15 UTC 2026","passed","Tue Oct 06 10:18:26 UTC 2026","Home Dashboard > Navigation from Dashboard","specs\Smoke\3-HomeDashboardSmoke.spec.ts","",""
"","4446","Account Settings sub-page loads correctly","msedge","Tue Oct 06 10:27:32 UTC 2026","passed","Tue Oct 06 10:27:36 UTC 2026","Application Navigation Smoke Tests > Settings Sub-navigation","specs\Smoke\2-NavigationSmoke.spec.ts","",""
"","670","Default filter auto-applies after logout and re-login","webkit","Tue Oct 06 10:25:01 UTC 2026","skipped","Tue Oct 06 10:25:02 UTC 2026","Exceptions — Smoke > Exception History > Saved Filters > Default Filter","specs\Smoke\8-ExceptionsSmoke.spec.ts","",""
"","9246","Holiday Schedules sub-page loads correctly","firefox","Tue Oct 06 10:14:41 UTC 2026","passed","Tue Oct 06 10:14:50 UTC 2026","Application Navigation Smoke Tests > Settings Sub-navigation","specs\Smoke\2-NavigationSmoke.spec.ts","",""
"","4626","Check Approval Rules sub-page loads correctly","chromium","Tue Oct 06 10:13:31 UTC 2026","passed","Tue Oct 06 10:13:36 UTC 2026","Application Navigation Smoke Tests > Settings Sub-navigation","specs\Smoke\2-NavigationSmoke.spec.ts","",""
"","12070","Verify dashboard footer footnote and privacy link are visible","firefox","Tue Oct 06 10:17:47 UTC 2026","passed","Tue Oct 06 10:17:59 UTC 2026","Home Dashboard > Summary Stats","specs\Smoke\3-HomeDashboardSmoke.spec.ts","",""
"","9862","File Processing sub-page loads correctly","webkit","Tue Oct 06 10:15:31 UTC 2026","passed","Tue Oct 06 10:15:41 UTC 2026","Application Navigation Smoke Tests > Settings Sub-navigation","specs\Smoke\2-NavigationSmoke.spec.ts","",""
"","8262","Saved Filters dropdown is visible and defaults to no preset","chromium","Tue Oct 06 10:16:00 UTC 2026","passed","Tue Oct 06 10:16:08 UTC 2026","Issued Checks — Smoke > Saved Filters","specs\Smoke\4-IssuedChecksSmoke.spec.ts","",""
"","5769","Issued Checks page loads correctly","chromium","Tue Oct 06 10:12:16 UTC 2026","passed","Tue Oct 06 10:12:22 UTC 2026","Application Navigation Smoke Tests > Top-level Navigation","specs\Smoke\2-NavigationSmoke.spec.ts","",""
"","10405","Column filter popup applies a filter and Clear restores the full row set","msedge","Tue Oct 06 10:31:38 UTC 2026","passed","Tue Oct 06 10:31:48 UTC 2026","Presented Checks — Smoke > Column Filter","specs\Smoke\5-PresentedChecksSmoke.spec.ts","",""
"","8827","Next page arrow advances to page 2","msedge","Tue Oct 06 10:32:37 UTC 2026","passed","Tue Oct 06 10:32:46 UTC 2026","ACH — Smoke > Pagination","specs\Smoke\7-ACHSmoke.spec.ts","",""
"","12420","Typing a page number navigates to that page","webkit","Tue Oct 06 10:22:12 UTC 2026","passed","Tue Oct 06 10:22:25 UTC 2026","ACH — Smoke > Pagination","specs\Smoke\7-ACHSmoke.spec.ts","",""
"","5633","Clicking a column header sorts ascending, clicking again sorts descending","msedge","Tue Oct 06 10:33:32 UTC 2026","passed","Tue Oct 06 10:33:38 UTC 2026","ACH — Smoke > Sorting","specs\Smoke\7-ACHSmoke.spec.ts","",""
"","8099","Validate Login functionality with sqlInjection","webkit","Tue Oct 06 10:13:23 UTC 2026","passed","Tue Oct 06 10:13:31 UTC 2026","Login — Smoke > Login","specs\Smoke\1-LoginSmoke.spec.ts","",""
"","5565","Verify dashboard footer footnote and privacy link are visible","msedge","Tue Oct 06 10:29:14 UTC 2026","passed","Tue Oct 06 10:29:19 UTC 2026","Home Dashboard > Summary Stats","specs\Smoke\3-HomeDashboardSmoke.spec.ts","",""
"","8570","Validate forgot password functionality with No email","firefox","Tue Oct 06 10:13:41 UTC 2026","passed","Tue Oct 06 10:13:50 UTC 2026","Login — Smoke > Forgot Password","specs\Smoke\1-LoginSmoke.spec.ts","",""
"","7040","Pay/Return decision badge navigates to exception history","msedge","Tue Oct 06 10:32:11 UTC 2026","passed","Tue Oct 06 10:32:18 UTC 2026","Presented Checks — Smoke > Row Actions","specs\Smoke\5-PresentedChecksSmoke.spec.ts","",""
"","5854","Next page arrow advances to page 2","msedge","Tue Oct 06 10:33:07 UTC 2026","passed","Tue Oct 06 10:33:13 UTC 2026","Exceptions — Smoke > Exception History > Pagination","specs\Smoke\8-ExceptionsSmoke.spec.ts","",""
"","13368","""Delete"" on a row shows a confirm modal; Cancel dismisses it without deleting","webkit","Tue Oct 06 10:24:08 UTC 2026","passed","Tue Oct 06 10:24:21 UTC 2026","ACH — Smoke > Row Actions","specs\Smoke\7-ACHSmoke.spec.ts","",""
"","8420","Column filter menu applies a filter and Clear restores the full row set","msedge","Tue Oct 06 10:33:55 UTC 2026","passed","Tue Oct 06 10:34:04 UTC 2026","Exceptions — Smoke > Exception History > Column Filter","specs\Smoke\8-ExceptionsSmoke.spec.ts","",""
"","2652","Pre-Decisions page loads with either records or the empty-state message","msedge","Tue Oct 06 10:34:42 UTC 2026","passed","Tue Oct 06 10:34:45 UTC 2026","Exceptions — Smoke > Pre-Decisions","specs\Smoke\8-ExceptionsSmoke.spec.ts","",""
"","14140","Web Hooks sub-page loads correctly","firefox","Tue Oct 06 10:17:16 UTC 2026","passed","Tue Oct 06 10:17:30 UTC 2026","Application Navigation Smoke Tests > Settings Sub-navigation","specs\Smoke\2-NavigationSmoke.spec.ts","",""
"","12333","Clicking a column header sorts ascending, clicking again sorts descending","firefox","Tue Oct 06 10:22:48 UTC 2026","passed","Tue Oct 06 10:23:00 UTC 2026","Presented Checks — Smoke > Sorting","specs\Smoke\5-PresentedChecksSmoke.spec.ts","",""
"","5398","Typing a page number navigates to that page","msedge","Tue Oct 06 10:30:05 UTC 2026","passed","Tue Oct 06 10:30:10 UTC 2026","Issued Checks — Smoke > Pagination","specs\Smoke\4-IssuedChecksSmoke.spec.ts","",""
"","5558","Presented Checks breadcrumb link is visible on the page","chromium","Tue Oct 06 10:18:21 UTC 2026","passed","Tue Oct 06 10:18:27 UTC 2026","Presented Checks — Smoke > Breadcrumb","specs\Smoke\5-PresentedChecksSmoke.spec.ts","",""
"","13585","Pay/Return decision badge navigates to exception history","firefox","Tue Oct 06 10:24:00 UTC 2026","passed","Tue Oct 06 10:24:14 UTC 2026","Presented Checks — Smoke > Row Actions","specs\Smoke\5-PresentedChecksSmoke.spec.ts","",""
"","10777","Validate Login functionality with xssInUsername","firefox","Tue Oct 06 10:13:15 UTC 2026","passed","Tue Oct 06 10:13:26 UTC 2026","Login — Smoke > Login","specs\Smoke\1-LoginSmoke.spec.ts","",""
"","4708","Navigation tabs to Pre-Decisions, Approvals, and Exception History are visible","chromium","Tue Oct 06 10:20:46 UTC 2026","passed","Tue Oct 06 10:20:51 UTC 2026","Exceptions — Smoke > Open Exceptions","specs\Smoke\8-ExceptionsSmoke.spec.ts","",""
"","8290","Home page is accessible and shows dashboard","webkit","Tue Oct 06 10:11:59 UTC 2026","passed","Tue Oct 06 10:12:07 UTC 2026","Application Navigation Smoke Tests > Top-level Navigation","specs\Smoke\2-NavigationSmoke.spec.ts","",""
"","5919","File Formats sub-page loads correctly","msedge","Tue Oct 06 10:28:09 UTC 2026","passed","Tue Oct 06 10:28:15 UTC 2026","Application Navigation Smoke Tests > Settings Sub-navigation","specs\Smoke\2-NavigationSmoke.spec.ts","",""
"","6656","Default filter auto-applies after logout and re-login","msedge","Tue Oct 06 10:33:26 UTC 2026","skipped","Tue Oct 06 10:33:32 UTC 2026","ACH — Smoke > Saved Filters > Default Filter","specs\Smoke\7-ACHSmoke.spec.ts","",""
"","6966","Validate forgot password functionality","firefox","Tue Oct 06 10:13:34 UTC 2026","passed","Tue Oct 06 10:13:41 UTC 2026","Login — Smoke > Forgot Password","specs\Smoke\1-LoginSmoke.spec.ts","",""
"","10025","""Uploaded Checks"" navigates to the uploads page","webkit","Tue Oct 06 10:16:35 UTC 2026","passed","Tue Oct 06 10:16:45 UTC 2026","Issued Checks — Smoke > Navigation","specs\Smoke\4-IssuedChecksSmoke.spec.ts","",""
"","11099","Exceptions page loads correctly","firefox","Tue Oct 06 10:12:56 UTC 2026","passed","Tue Oct 06 10:13:07 UTC 2026","Application Navigation Smoke Tests > Top-level Navigation","specs\Smoke\2-NavigationSmoke.spec.ts","",""
"","18812","Validate Login functionality with correctCredentials","firefox","Tue Oct 06 10:11:50 UTC 2026","passed","Tue Oct 06 10:12:09 UTC 2026","Login — Smoke > Login","specs\Smoke\1-LoginSmoke.spec.ts","",""
"","12773","Verify tab-specific charts are hidden for opposite tab","webkit","Tue Oct 06 10:16:11 UTC 2026","passed","Tue Oct 06 10:16:24 UTC 2026","Home Dashboard > Dashboard Chart Headings","specs\Smoke\3-HomeDashboardSmoke.spec.ts","",""
"","11628","Pay/Return decision badge navigates to exception history","webkit","Tue Oct 06 10:22:13 UTC 2026","passed","Tue Oct 06 10:22:24 UTC 2026","Presented Checks — Smoke > Row Actions","specs\Smoke\5-PresentedChecksSmoke.spec.ts","",""
"","4249","Decision Files sub-page loads correctly","chromium","Tue Oct 06 10:13:09 UTC 2026","passed","Tue Oct 06 10:13:13 UTC 2026","Application Navigation Smoke Tests > Settings Sub-navigation","specs\Smoke\2-NavigationSmoke.spec.ts","",""
"","11464","Clicking a column header sorts ascending, clicking again sorts descending","webkit","Tue Oct 06 10:18:51 UTC 2026","passed","Tue Oct 06 10:19:03 UTC 2026","Issued Checks — Smoke > Sorting","specs\Smoke\4-IssuedChecksSmoke.spec.ts","",""
"","17212","Verify Total Exceptions and Total Exception Amount labels are visible","firefox","Tue Oct 06 10:16:58 UTC 2026","passed","Tue Oct 06 10:17:15 UTC 2026","Home Dashboard > Summary Stats","specs\Smoke\3-HomeDashboardSmoke.spec.ts","",""
"","5464","Holiday Schedules sub-page loads correctly","chromium","Tue Oct 06 10:13:13 UTC 2026","passed","Tue Oct 06 10:13:19 UTC 2026","Application Navigation Smoke Tests > Settings Sub-navigation","specs\Smoke\2-NavigationSmoke.spec.ts","",""
"","4991","Approvals page loads with either records or the empty-state message","webkit","Tue Oct 06 10:25:59 UTC 2026","passed","Tue Oct 06 10:26:04 UTC 2026","Exceptions — Smoke > Approvals","specs\Smoke\8-ExceptionsSmoke.spec.ts","",""
"","6597","Column filter popup applies a filter and Clear restores the full row set","msedge","Tue Oct 06 10:30:47 UTC 2026","passed","Tue Oct 06 10:30:54 UTC 2026","Issued Checks — Smoke > Column Filter","specs\Smoke\4-IssuedChecksSmoke.spec.ts","",""
"","4329","Notification Templates sub-page loads correctly","chromium","Tue Oct 06 10:13:22 UTC 2026","passed","Tue Oct 06 10:13:27 UTC 2026","Application Navigation Smoke Tests > Settings Sub-navigation","specs\Smoke\2-NavigationSmoke.spec.ts","",""
"","9166","Validate forgot password with unregistered email","webkit","Tue Oct 06 10:14:06 UTC 2026","passed","Tue Oct 06 10:14:15 UTC 2026","Login — Smoke > Forgot Password","specs\Smoke\1-LoginSmoke.spec.ts","",""
"","13042","Verify dashboard loads after successful login","firefox","Tue Oct 06 10:14:27 UTC 2026","passed","Tue Oct 06 10:14:40 UTC 2026","Home Dashboard > Page Load","specs\Smoke\3-HomeDashboardSmoke.spec.ts","",""
"","11466","Verify navigation to Settings via nav menu","firefox","Tue Oct 06 10:19:21 UTC 2026","passed","Tue Oct 06 10:19:32 UTC 2026","Home Dashboard > Navigation from Dashboard","specs\Smoke\3-HomeDashboardSmoke.spec.ts","",""
"","4944","Automatic ACH Decision Rules sub-page loads correctly","msedge","Tue Oct 06 10:28:29 UTC 2026","passed","Tue Oct 06 10:28:34 UTC 2026","Application Navigation Smoke Tests > Settings Sub-navigation","specs\Smoke\2-NavigationSmoke.spec.ts","",""
"","14119","Validate Login functionality with caseSensitiveEmail","webkit","Tue Oct 06 10:12:15 UTC 2026","passed","Tue Oct 06 10:12:29 UTC 2026","Login — Smoke > Login","specs\Smoke\1-LoginSmoke.spec.ts","",""
"","10729","Default filter auto-applies after logout and re-login","webkit","Tue Oct 06 10:23:16 UTC 2026","skipped","Tue Oct 06 10:23:27 UTC 2026","ACH — Smoke > Saved Filters > Default Filter","specs\Smoke\7-ACHSmoke.spec.ts","",""
"","20900","Column filter popup applies a filter and Clear restores the full row set","firefox","Tue Oct 06 10:21:09 UTC 2026","passed","Tue Oct 06 10:21:30 UTC 2026","Issued Checks — Smoke > Column Filter","specs\Smoke\4-IssuedChecksSmoke.spec.ts","",""
"","6400","Exception History grid loads with data rows and key column headers","chromium","Tue Oct 06 10:18:27 UTC 2026","passed","Tue Oct 06 10:18:33 UTC 2026","Exceptions — Smoke > Exception History > Grid","specs\Smoke\8-ExceptionsSmoke.spec.ts","",""
"","10016","""Uploaded ACH"" navigates to the uploads page","webkit","Tue Oct 06 10:21:04 UTC 2026","passed","Tue Oct 06 10:21:14 UTC 2026","ACH — Smoke > Navigation","specs\Smoke\7-ACHSmoke.spec.ts","",""
"","13205","Save a filter preset, verify it is auto-selected, then delete it","msedge","Tue Oct 06 10:31:11 UTC 2026","passed","Tue Oct 06 10:31:25 UTC 2026","Presented Checks — Smoke > Saved Filters","specs\Smoke\5-PresentedChecksSmoke.spec.ts","",""
"","7120","Last page arrow jumps to the final page","msedge","Tue Oct 06 10:29:58 UTC 2026","passed","Tue Oct 06 10:30:05 UTC 2026","Issued Checks — Smoke > Pagination","specs\Smoke\4-IssuedChecksSmoke.spec.ts","",""
"","18071","""Uploaded Checks"" navigates to the uploads page","firefox","Tue Oct 06 10:20:07 UTC 2026","passed","Tue Oct 06 10:20:25 UTC 2026","Presented Checks — Smoke > Navigation","specs\Smoke\5-PresentedChecksSmoke.spec.ts","",""
"","10019","Verify Check Only tab shows Check-specific chart sections","webkit","Tue Oct 06 10:15:23 UTC 2026","passed","Tue Oct 06 10:15:33 UTC 2026","Home Dashboard > Dashboard Chart Headings","specs\Smoke\3-HomeDashboardSmoke.spec.ts","",""
"","5845","File Processing sub-page loads correctly","chromium","Tue Oct 06 10:14:06 UTC 2026","passed","Tue Oct 06 10:14:12 UTC 2026","Application Navigation Smoke Tests > Settings Sub-navigation","specs\Smoke\2-NavigationSmoke.spec.ts","",""
"","5347","""View"" (Change Log) link on a row navigates to the entity log","chromium","Tue Oct 06 10:17:04 UTC 2026","passed","Tue Oct 06 10:17:10 UTC 2026","Issued Checks — Smoke > Row Actions","specs\Smoke\4-IssuedChecksSmoke.spec.ts","",""
"","14386","System Log sub-page loads correctly","firefox","Tue Oct 06 10:16:32 UTC 2026","passed","Tue Oct 06 10:16:46 UTC 2026","Application Navigation Smoke Tests > Settings Sub-navigation","specs\Smoke\2-NavigationSmoke.spec.ts","",""
"","12893","Notification Templates sub-page loads correctly","firefox","Tue Oct 06 10:15:03 UTC 2026","passed","Tue Oct 06 10:15:16 UTC 2026","Application Navigation Smoke Tests > Settings Sub-navigation","specs\Smoke\2-NavigationSmoke.spec.ts","",""
"","8064","Validate Login functionality with invalidEmailFormat","firefox","Tue Oct 06 10:12:37 UTC 2026","passed","Tue Oct 06 10:12:45 UTC 2026","Login — Smoke > Login","specs\Smoke\1-LoginSmoke.spec.ts","",""
"","11324","ACH breadcrumb link is visible on the page","webkit","Tue Oct 06 10:24:46 UTC 2026","passed","Tue Oct 06 10:24:58 UTC 2026","ACH — Smoke > Breadcrumb","specs\Smoke\7-ACHSmoke.spec.ts","",""
"","13498","Search box filters grid and clears correctly","firefox","Tue Oct 06 10:18:32 UTC 2026","passed","Tue Oct 06 10:18:45 UTC 2026","Issued Checks — Smoke > Toolbar","specs\Smoke\4-IssuedChecksSmoke.spec.ts","",""
"","6762","Verify dashboard tab checked state updates correctly","chromium","Tue Oct 06 10:13:52 UTC 2026","passed","Tue Oct 06 10:13:59 UTC 2026","Home Dashboard > Dashboard Chart Headings","specs\Smoke\3-HomeDashboardSmoke.spec.ts","",""
"","4980","Navigation tabs to Pre-Decisions, Approvals, and Exception History are visible","msedge","Tue Oct 06 10:34:23 UTC 2026","passed","Tue Oct 06 10:34:28 UTC 2026","Exceptions — Smoke > Open Exceptions","specs\Smoke\8-ExceptionsSmoke.spec.ts","",""
"","3811","Settings page loads correctly","msedge","Tue Oct 06 10:27:28 UTC 2026","passed","Tue Oct 06 10:27:32 UTC 2026","Application Navigation Smoke Tests > Top-level Navigation","specs\Smoke\2-NavigationSmoke.spec.ts","",""
"","5504","Web Hooks sub-page loads correctly","chromium","Tue Oct 06 10:14:18 UTC 2026","passed","Tue Oct 06 10:14:23 UTC 2026","Application Navigation Smoke Tests > Settings Sub-navigation","specs\Smoke\2-NavigationSmoke.spec.ts","",""
"","14866","Validate Login functionality with correctCredentials","webkit","Tue Oct 06 10:11:59 UTC 2026","passed","Tue Oct 06 10:12:14 UTC 2026","Login — Smoke > Login","specs\Smoke\1-LoginSmoke.spec.ts","",""
"","10992","Grid loads with data rows and key column headers","webkit","Tue Oct 06 10:16:04 UTC 2026","passed","Tue Oct 06 10:16:15 UTC 2026","Issued Checks — Smoke > Grid","specs\Smoke\4-IssuedChecksSmoke.spec.ts","",""
"","5642","""+ Add Check"" navigates to the add-check form","msedge","Tue Oct 06 10:29:24 UTC 2026","passed","Tue Oct 06 10:29:30 UTC 2026","Issued Checks — Smoke > Navigation","specs\Smoke\4-IssuedChecksSmoke.spec.ts","",""
"","4315","Business Clients sub-page loads correctly","msedge","Tue Oct 06 10:27:36 UTC 2026","passed","Tue Oct 06 10:27:41 UTC 2026","Application Navigation Smoke Tests > Settings Sub-navigation","specs\Smoke\2-NavigationSmoke.spec.ts","",""
"","4832","API link is visible and points to swagger","msedge","Tue Oct 06 10:29:02 UTC 2026","passed","Tue Oct 06 10:29:07 UTC 2026","Application Navigation Smoke Tests > Settings Sub-navigation","specs\Smoke\2-NavigationSmoke.spec.ts","",""
"","10223","Column filter popup applies a filter and Clear restores the full row set","msedge","Tue Oct 06 10:33:38 UTC 2026","passed","Tue Oct 06 10:33:48 UTC 2026","ACH — Smoke > Column Filter","specs\Smoke\7-ACHSmoke.spec.ts","",""
"","5018","Verify Combined View shows all chart sections","chromium","Tue Oct 06 10:13:36 UTC 2026","passed","Tue Oct 06 10:13:41 UTC 2026","Home Dashboard > Dashboard Chart Headings","specs\Smoke\3-HomeDashboardSmoke.spec.ts","",""
"","9005","Page size change to 10 updates pagination info in bottom-right pager","msedge","Tue Oct 06 10:32:58 UTC 2026","passed","Tue Oct 06 10:33:07 UTC 2026","Exceptions — Smoke > Exception History > Pagination","specs\Smoke\8-ExceptionsSmoke.spec.ts","",""
"","9240","Search box filters grid and clears correctly","chromium","Tue Oct 06 10:14:56 UTC 2026","passed","Tue Oct 06 10:15:05 UTC 2026","Issued Checks — Smoke > Toolbar","specs\Smoke\4-IssuedChecksSmoke.spec.ts","",""
"","13061","Search box filters grid and clears correctly","webkit","Tue Oct 06 10:16:45 UTC 2026","passed","Tue Oct 06 10:16:59 UTC 2026","Issued Checks — Smoke > Toolbar","specs\Smoke\4-IssuedChecksSmoke.spec.ts","",""
"","11457","Billing Reports sub-page loads correctly","firefox","Tue Oct 06 10:14:17 UTC 2026","passed","Tue Oct 06 10:14:29 UTC 2026","Application Navigation Smoke Tests > Settings Sub-navigation","specs\Smoke\2-NavigationSmoke.spec.ts","",""
"","9318","Settings page loads correctly","firefox","Tue Oct 06 10:13:07 UTC 2026","passed","Tue Oct 06 10:13:16 UTC 2026","Application Navigation Smoke Tests > Top-level Navigation","specs\Smoke\2-NavigationSmoke.spec.ts","",""
"","4936","Verify navigation to Exceptions via nav menu","msedge","Tue Oct 06 10:29:47 UTC 2026","passed","Tue Oct 06 10:29:52 UTC 2026","Home Dashboard > Navigation from Dashboard","specs\Smoke\3-HomeDashboardSmoke.spec.ts","",""
"","9637","""View"" link on a row opens the Exception Details dialog","msedge","Tue Oct 06 10:34:04 UTC 2026","passed","Tue Oct 06 10:34:13 UTC 2026","Exceptions — Smoke > Exception History > Row Actions","specs\Smoke\8-ExceptionsSmoke.spec.ts","",""
"","8127","Previous page button returns to page 1, First page button re-enables disabled state","msedge","Tue Oct 06 10:33:01 UTC 2026","passed","Tue Oct 06 10:33:09 UTC 2026","ACH — Smoke > Pagination","specs\Smoke\7-ACHSmoke.spec.ts","",""
"","4688","ACH page loads correctly","msedge","Tue Oct 06 10:27:19 UTC 2026","passed","Tue Oct 06 10:27:24 UTC 2026","Application Navigation Smoke Tests > Top-level Navigation","specs\Smoke\2-NavigationSmoke.spec.ts","",""
"","11910","Search box filters grid and clears correctly","msedge","Tue Oct 06 10:32:38 UTC 2026","passed","Tue Oct 06 10:32:49 UTC 2026","Exceptions — Smoke > Exception History > Toolbar","specs\Smoke\8-ExceptionsSmoke.spec.ts","",""
"","20057","Save a filter preset, verify it is auto-selected, then delete it","firefox","Tue Oct 06 10:26:48 UTC 2026","passed","Tue Oct 06 10:27:08 UTC 2026","Exceptions — Smoke > Exception History > Saved Filters","specs\Smoke\8-ExceptionsSmoke.spec.ts","",""
"","23918","Save a filter preset, verify it is auto-selected, then delete it","webkit","Tue Oct 06 10:22:52 UTC 2026","passed","Tue Oct 06 10:23:16 UTC 2026","ACH — Smoke > Saved Filters","specs\Smoke\7-ACHSmoke.spec.ts","",""
"","8696","Grid loads with data rows and key column headers","chromium","Tue Oct 06 10:14:23 UTC 2026","passed","Tue Oct 06 10:14:32 UTC 2026","Issued Checks — Smoke > Grid","specs\Smoke\4-IssuedChecksSmoke.spec.ts","",""
"","4278","Validate Login functionality with missingUsername","msedge","Tue Oct 06 10:27:28 UTC 2026","passed","Tue Oct 06 10:27:32 UTC 2026","Login — Smoke > Login","specs\Smoke\1-LoginSmoke.spec.ts","",""
"","19385","Save a filter preset, verify it is auto-selected, then delete it","firefox","Tue Oct 06 10:22:12 UTC 2026","passed","Tue Oct 06 10:22:31 UTC 2026","Presented Checks — Smoke > Saved Filters","specs\Smoke\5-PresentedChecksSmoke.spec.ts","",""
"","8982","""Delete"" on a row shows a confirm modal; Cancel dismisses it without deleting","msedge","Tue Oct 06 10:31:09 UTC 2026","passed","Tue Oct 06 10:31:18 UTC 2026","Issued Checks — Smoke > Row Actions","specs\Smoke\4-IssuedChecksSmoke.spec.ts","",""
"","6417","Clicking a column header sorts ascending, clicking again sorts descending","chromium","Tue Oct 06 10:19:31 UTC 2026","passed","Tue Oct 06 10:19:37 UTC 2026","ACH — Smoke > Sorting","specs\Smoke\7-ACHSmoke.spec.ts","",""
"","12541","Last page arrow jumps to the final page","firefox","Tue Oct 06 10:21:18 UTC 2026","passed","Tue Oct 06 10:21:31 UTC 2026","Presented Checks — Smoke > Pagination","specs\Smoke\5-PresentedChecksSmoke.spec.ts","",""
"","10303","Search box filters grid and clears correctly","chromium","Tue Oct 06 10:18:39 UTC 2026","passed","Tue Oct 06 10:18:49 UTC 2026","Exceptions — Smoke > Exception History > Toolbar","specs\Smoke\8-ExceptionsSmoke.spec.ts","",""
"","5556","Saved Filters dropdown is visible and defaults to no preset","chromium","Tue Oct 06 10:17:05 UTC 2026","passed","Tue Oct 06 10:17:10 UTC 2026","Presented Checks — Smoke > Saved Filters","specs\Smoke\5-PresentedChecksSmoke.spec.ts","",""
"","25177","Pay/Return decision badge navigates to exception history","webkit","Tue Oct 06 10:24:21 UTC 2026","passed","Tue Oct 06 10:24:46 UTC 2026","ACH — Smoke > Row Actions","specs\Smoke\7-ACHSmoke.spec.ts","",""
"","11977","Presented Checks breadcrumb link is visible on the page","firefox","Tue Oct 06 10:24:14 UTC 2026","passed","Tue Oct 06 10:24:26 UTC 2026","Presented Checks — Smoke > Breadcrumb","specs\Smoke\5-PresentedChecksSmoke.spec.ts","",""
"","4101","Automatic ACH Decision Rules sub-page loads correctly","chromium","Tue Oct 06 10:13:36 UTC 2026","passed","Tue Oct 06 10:13:40 UTC 2026","Application Navigation Smoke Tests > Settings Sub-navigation","specs\Smoke\2-NavigationSmoke.spec.ts","",""
"","11740","Next page arrow advances to page 2","firefox","Tue Oct 06 10:21:06 UTC 2026","passed","Tue Oct 06 10:21:18 UTC 2026","Presented Checks — Smoke > Pagination","specs\Smoke\5-PresentedChecksSmoke.spec.ts","",""
"","12659","""Delete"" on a row shows a confirm modal; Cancel dismisses it without deleting","webkit","Tue Oct 06 10:19:45 UTC 2026","passed","Tue Oct 06 10:19:57 UTC 2026","Issued Checks — Smoke > Row Actions","specs\Smoke\4-IssuedChecksSmoke.spec.ts","",""
"","4148","Branding sub-page loads correctly","chromium","Tue Oct 06 10:13:00 UTC 2026","passed","Tue Oct 06 10:13:04 UTC 2026","Application Navigation Smoke Tests > Settings Sub-navigation","specs\Smoke\2-NavigationSmoke.spec.ts","",""
"","4828","Automatic Check Decision Rules sub-page loads correctly","msedge","Tue Oct 06 10:28:19 UTC 2026","passed","Tue Oct 06 10:28:24 UTC 2026","Application Navigation Smoke Tests > Settings Sub-navigation","specs\Smoke\2-NavigationSmoke.spec.ts","",""
"","11545","Next page arrow advances to page 2","webkit","Tue Oct 06 10:21:49 UTC 2026","passed","Tue Oct 06 10:22:00 UTC 2026","ACH — Smoke > Pagination","specs\Smoke\7-ACHSmoke.spec.ts","",""
"","13303","""View"" (Change Log) link on a row navigates to the entity log","firefox","Tue Oct 06 10:21:44 UTC 2026","passed","Tue Oct 06 10:21:57 UTC 2026","Issued Checks — Smoke > Row Actions","specs\Smoke\4-IssuedChecksSmoke.spec.ts","",""
"","11251","Users sub-page loads correctly","firefox","Tue Oct 06 10:13:37 UTC 2026","passed","Tue Oct 06 10:13:48 UTC 2026","Application Navigation Smoke Tests > Settings Sub-navigation","specs\Smoke\2-NavigationSmoke.spec.ts","",""
"","5273","Grid loads with data rows and key column headers","msedge","Tue Oct 06 10:29:14 UTC 2026","passed","Tue Oct 06 10:29:19 UTC 2026","Issued Checks — Smoke > Grid","specs\Smoke\4-IssuedChecksSmoke.spec.ts","",""
"","3792","File Formats sub-page loads correctly","chromium","Tue Oct 06 10:13:19 UTC 2026","passed","Tue Oct 06 10:13:22 UTC 2026","Application Navigation Smoke Tests > Settings Sub-navigation","specs\Smoke\2-NavigationSmoke.spec.ts","",""
"","13151","""Edit"" link on a row navigates to the check edit form","firefox","Tue Oct 06 10:21:30 UTC 2026","passed","Tue Oct 06 10:21:44 UTC 2026","Issued Checks — Smoke > Row Actions","specs\Smoke\4-IssuedChecksSmoke.spec.ts","",""
"","7867","Last page arrow jumps to the final page","chromium","Tue Oct 06 10:19:10 UTC 2026","passed","Tue Oct 06 10:19:18 UTC 2026","Exceptions — Smoke > Exception History > Pagination","specs\Smoke\8-ExceptionsSmoke.spec.ts","",""
"","4097","Validate Login functionality with sqlInjection","chromium","Tue Oct 06 10:12:44 UTC 2026","passed","Tue Oct 06 10:12:49 UTC 2026","Login — Smoke > Login","specs\Smoke\1-LoginSmoke.spec.ts","",""
"","5390","Saved Filters dropdown is visible and defaults to no preset","chromium","Tue Oct 06 10:19:33 UTC 2026","passed","Tue Oct 06 10:19:38 UTC 2026","Exceptions — Smoke > Exception History > Saved Filters","specs\Smoke\8-ExceptionsSmoke.spec.ts","",""
"","5492","Home page is accessible and shows dashboard","msedge","Tue Oct 06 10:26:52 UTC 2026","passed","Tue Oct 06 10:26:58 UTC 2026","Application Navigation Smoke Tests > Top-level Navigation","specs\Smoke\2-NavigationSmoke.spec.ts","",""
"","19970","Save a filter preset, verify it is auto-selected, then delete it","firefox","Tue Oct 06 10:20:25 UTC 2026","passed","Tue Oct 06 10:20:45 UTC 2026","Issued Checks — Smoke > Saved Filters","specs\Smoke\4-IssuedChecksSmoke.spec.ts","",""
"","7031","Automatic Check Decision Rules sub-page loads correctly","webkit","Tue Oct 06 10:14:37 UTC 2026","passed","Tue Oct 06 10:14:45 UTC 2026","Application Navigation Smoke Tests > Settings Sub-navigation","specs\Smoke\2-NavigationSmoke.spec.ts","",""
"","11974","Save a filter preset, verify it is auto-selected, then delete it","chromium","Tue Oct 06 10:17:10 UTC 2026","passed","Tue Oct 06 10:17:22 UTC 2026","Presented Checks — Smoke > Saved Filters","specs\Smoke\5-PresentedChecksSmoke.spec.ts","",""
"","3874","Validate forgot password with unregistered email","chromium","Tue Oct 06 10:13:06 UTC 2026","passed","Tue Oct 06 10:13:10 UTC 2026","Login — Smoke > Forgot Password","specs\Smoke\1-LoginSmoke.spec.ts","",""
"","6436","Default filter auto-applies after logout and re-login","msedge","Tue Oct 06 10:30:34 UTC 2026","skipped","Tue Oct 06 10:30:40 UTC 2026","Issued Checks — Smoke > Saved Filters > Default Filter","specs\Smoke\4-IssuedChecksSmoke.spec.ts","",""
"","7468","Exceptions breadcrumb link is visible on the page","firefox","Tue Oct 06 10:28:08 UTC 2026","passed","Tue Oct 06 10:28:15 UTC 2026","Exceptions — Smoke > Exception History > Breadcrumb","specs\Smoke\8-ExceptionsSmoke.spec.ts","",""
"","12525","File Formats sub-page loads correctly","firefox","Tue Oct 06 10:14:50 UTC 2026","passed","Tue Oct 06 10:15:03 UTC 2026","Application Navigation Smoke Tests > Settings Sub-navigation","specs\Smoke\2-NavigationSmoke.spec.ts","",""
"","2184","Default filter auto-applies after logout and re-login","firefox","Tue Oct 06 10:27:08 UTC 2026","skipped","Tue Oct 06 10:27:11 UTC 2026","Exceptions — Smoke > Exception History > Saved Filters > Default Filter","specs\Smoke\8-ExceptionsSmoke.spec.ts","",""
"","6573","Page size change to 10 updates pagination info in bottom-right pager","chromium","Tue Oct 06 10:16:30 UTC 2026","passed","Tue Oct 06 10:16:37 UTC 2026","Presented Checks — Smoke > Pagination","specs\Smoke\5-PresentedChecksSmoke.spec.ts","",""
"","8924","Verify navigation to Settings via nav menu","chromium","Tue Oct 06 10:15:29 UTC 2026","passed","Tue Oct 06 10:15:38 UTC 2026","Home Dashboard > Navigation from Dashboard","specs\Smoke\3-HomeDashboardSmoke.spec.ts","",""
"","11240","Column filter popup applies a filter and Clear restores the full row set","chromium","Tue Oct 06 10:19:38 UTC 2026","passed","Tue Oct 06 10:19:49 UTC 2026","ACH — Smoke > Column Filter","specs\Smoke\7-ACHSmoke.spec.ts","",""
"","6880","Validate unauthenticated access to protected route is redirected to login","firefox","Tue Oct 06 10:14:19 UTC 2026","passed","Tue Oct 06 10:14:26 UTC 2026","Login — Smoke > Session & Security","specs\Smoke\1-LoginSmoke.spec.ts","",""
"","4601","Validate forgot password functionality with No email","chromium","Tue Oct 06 10:13:01 UTC 2026","passed","Tue Oct 06 10:13:06 UTC 2026","Login — Smoke > Forgot Password","specs\Smoke\1-LoginSmoke.spec.ts","",""
"","11791","Search box filters grid and clears correctly","webkit","Tue Oct 06 10:21:14 UTC 2026","passed","Tue Oct 06 10:21:26 UTC 2026","ACH — Smoke > Toolbar","specs\Smoke\7-ACHSmoke.spec.ts","",""
"","2658","Approvals page loads with either records or the empty-state message","chromium","Tue Oct 06 10:21:01 UTC 2026","passed","Tue Oct 06 10:21:04 UTC 2026","Exceptions — Smoke > Approvals","specs\Smoke\8-ExceptionsSmoke.spec.ts","",""
"","12420","Page size change to 10 updates pagination info in bottom-right pager","firefox","Tue Oct 06 10:18:58 UTC 2026","passed","Tue Oct 06 10:19:10 UTC 2026","Issued Checks — Smoke > Pagination","specs\Smoke\4-IssuedChecksSmoke.spec.ts","",""
"","4883","Verify all three dashboard view tabs are visible","msedge","Tue Oct 06 10:28:19 UTC 2026","passed","Tue Oct 06 10:28:24 UTC 2026","Home Dashboard > Page Load","specs\Smoke\3-HomeDashboardSmoke.spec.ts","",""
"","16458","""Delete"" on a row shows a confirm modal; Cancel dismisses it without deleting","firefox","Tue Oct 06 10:21:57 UTC 2026","passed","Tue Oct 06 10:22:13 UTC 2026","Issued Checks — Smoke > Row Actions","specs\Smoke\4-IssuedChecksSmoke.spec.ts","",""
"","3826","Validate Login functionality with veryLongInput","chromium","Tue Oct 06 10:12:53 UTC 2026","passed","Tue Oct 06 10:12:57 UTC 2026","Login — Smoke > Login","specs\Smoke\1-LoginSmoke.spec.ts","",""
"","7910","Next page arrow advances to page 2","chromium","Tue Oct 06 10:15:22 UTC 2026","passed","Tue Oct 06 10:15:30 UTC 2026","Issued Checks — Smoke > Pagination","specs\Smoke\4-IssuedChecksSmoke.spec.ts","",""
"","11947","Saved Filters dropdown is visible and defaults to no preset","firefox","Tue Oct 06 10:22:00 UTC 2026","passed","Tue Oct 06 10:22:12 UTC 2026","Presented Checks — Smoke > Saved Filters","specs\Smoke\5-PresentedChecksSmoke.spec.ts","",""
"","18716","Branding sub-page loads correctly","firefox","Tue Oct 06 10:13:59 UTC 2026","passed","Tue Oct 06 10:14:17 UTC 2026","Application Navigation Smoke Tests > Settings Sub-navigation","specs\Smoke\2-NavigationSmoke.spec.ts","",""
"","7815","Settings page loads correctly","webkit","Tue Oct 06 10:13:05 UTC 2026","passed","Tue Oct 06 10:13:12 UTC 2026","Application Navigation Smoke Tests > Top-level Navigation","specs\Smoke\2-NavigationSmoke.spec.ts","",""
"","11910","Last page arrow jumps to the final page","webkit","Tue Oct 06 10:17:30 UTC 2026","passed","Tue Oct 06 10:17:42 UTC 2026","Issued Checks — Smoke > Pagination","specs\Smoke\4-IssuedChecksSmoke.spec.ts","",""
"","6724","Verify navigation to Presented Checks via nav menu","chromium","Tue Oct 06 10:15:07 UTC 2026","passed","Tue Oct 06 10:15:14 UTC 2026","Home Dashboard > Navigation from Dashboard","specs\Smoke\3-HomeDashboardSmoke.spec.ts","",""
"","7262","Decision Files sub-page loads correctly","msedge","Tue Oct 06 10:27:58 UTC 2026","passed","Tue Oct 06 10:28:05 UTC 2026","Application Navigation Smoke Tests > Settings Sub-navigation","specs\Smoke\2-NavigationSmoke.spec.ts","",""
"","6432","Excel export button is visible and enabled","msedge","Tue Oct 06 10:32:22 UTC 2026","passed","Tue Oct 06 10:32:28 UTC 2026","ACH — Smoke > Toolbar","specs\Smoke\7-ACHSmoke.spec.ts","",""
"","7729","Presented Checks breadcrumb link is visible on the page","msedge","Tue Oct 06 10:32:18 UTC 2026","passed","Tue Oct 06 10:32:25 UTC 2026","Presented Checks — Smoke > Breadcrumb","specs\Smoke\5-PresentedChecksSmoke.spec.ts","",""
"","7624","Verify navigation to Exceptions via nav menu","chromium","Tue Oct 06 10:15:21 UTC 2026","passed","Tue Oct 06 10:15:29 UTC 2026","Home Dashboard > Navigation from Dashboard","specs\Smoke\3-HomeDashboardSmoke.spec.ts","",""
"","13789","Search box filters grid and clears correctly","webkit","Tue Oct 06 10:22:53 UTC 2026","passed","Tue Oct 06 10:23:07 UTC 2026","Exceptions — Smoke > Exception History > Toolbar","specs\Smoke\8-ExceptionsSmoke.spec.ts","",""
"","16818","Previous page button returns to page 1, First page button re-enables disabled state","webkit","Tue Oct 06 10:17:54 UTC 2026","passed","Tue Oct 06 10:18:11 UTC 2026","Issued Checks — Smoke > Pagination","specs\Smoke\4-IssuedChecksSmoke.spec.ts","",""
"","5593","Verify chart title changes with selected tab","msedge","Tue Oct 06 10:28:46 UTC 2026","passed","Tue Oct 06 10:28:51 UTC 2026","Home Dashboard > Dashboard Chart Headings","specs\Smoke\3-HomeDashboardSmoke.spec.ts","",""
"","8091","Column filter popup applies a filter and Clear restores the full row set","chromium","Tue Oct 06 10:17:50 UTC 2026","passed","Tue Oct 06 10:17:58 UTC 2026","Presented Checks — Smoke > Column Filter","specs\Smoke\5-PresentedChecksSmoke.spec.ts","",""
"","4599","Validate Login functionality with xssInUsername","chromium","Tue Oct 06 10:12:49 UTC 2026","passed","Tue Oct 06 10:12:53 UTC 2026","Login — Smoke > Login","specs\Smoke\1-LoginSmoke.spec.ts","",""
"","8140","Presented Checks page loads correctly","webkit","Tue Oct 06 10:12:32 UTC 2026","passed","Tue Oct 06 10:12:40 UTC 2026","Application Navigation Smoke Tests > Top-level Navigation","specs\Smoke\2-NavigationSmoke.spec.ts","",""
"","12215","""View"" link on a row opens the Exception Details dialog","firefox","Tue Oct 06 10:27:45 UTC 2026","passed","Tue Oct 06 10:27:57 UTC 2026","Exceptions — Smoke > Exception History > Row Actions","specs\Smoke\8-ExceptionsSmoke.spec.ts","",""
"","11856","Next page arrow advances to page 2","webkit","Tue Oct 06 10:17:18 UTC 2026","passed","Tue Oct 06 10:17:30 UTC 2026","Issued Checks — Smoke > Pagination","specs\Smoke\4-IssuedChecksSmoke.spec.ts","",""
"","7263","Verify navigation to ACH via nav menu","chromium","Tue Oct 06 10:15:14 UTC 2026","passed","Tue Oct 06 10:15:21 UTC 2026","Home Dashboard > Navigation from Dashboard","specs\Smoke\3-HomeDashboardSmoke.spec.ts","",""
"","5934","""View"" link on a row opens the Exception Details dialog","chromium","Tue Oct 06 10:20:31 UTC 2026","passed","Tue Oct 06 10:20:37 UTC 2026","Exceptions — Smoke > Exception History > Row Actions","specs\Smoke\8-ExceptionsSmoke.spec.ts","",""
"","10774","Verify navigation to ACH via nav menu","webkit","Tue Oct 06 10:17:54 UTC 2026","passed","Tue Oct 06 10:18:05 UTC 2026","Home Dashboard > Navigation from Dashboard","specs\Smoke\3-HomeDashboardSmoke.spec.ts","",""
"","12490","Verify Home dashboard is restored after returning from another page","webkit","Tue Oct 06 10:17:18 UTC 2026","passed","Tue Oct 06 10:17:30 UTC 2026","Home Dashboard > Summary Stats","specs\Smoke\3-HomeDashboardSmoke.spec.ts","",""
"","4375","Account Settings sub-page loads correctly","chromium","Tue Oct 06 10:12:43 UTC 2026","passed","Tue Oct 06 10:12:47 UTC 2026","Application Navigation Smoke Tests > Settings Sub-navigation","specs\Smoke\2-NavigationSmoke.spec.ts","",""
"","5935","API link is visible and points to swagger","chromium","Tue Oct 06 10:14:12 UTC 2026","passed","Tue Oct 06 10:14:18 UTC 2026","Application Navigation Smoke Tests > Settings Sub-navigation","specs\Smoke\2-NavigationSmoke.spec.ts","",""
