"DESCRIPTION","DURATION IN MS","NAME","PARENT SUITE","START TIME","STATUS","STOP TIME","SUB SUITE","SUITE","TEST CLASS","TEST METHOD"
"","7061","Verify Combined View shows all chart sections","chromium","Fri Aug 21 15:39:44 EDT 2026","passed","Fri Aug 21 15:39:51 EDT 2026","Home Dashboard","specs\Smoke\3-HomeDashboardSmoke.spec.ts","",""
"","11639","Page size change to 10 updates pagination info in bottom-right pager","firefox","Fri Aug 21 15:46:04 EDT 2026","passed","Fri Aug 21 15:46:15 EDT 2026","ACH — Smoke","specs\Smoke\7-ACHSmoke.spec.ts","",""
"","6741","Clicking a column header sorts ascending, clicking again sorts descending","msedge","Fri Aug 21 13:47:00 EDT 2026","passed","Fri Aug 21 13:47:07 EDT 2026","Exceptions — Smoke","specs\Smoke\8-ExceptionsSmoke.spec.ts","",""
"","10574","Column filter popup applies a filter and Clear restores the full row set","msedge","Fri Aug 21 13:43:18 EDT 2026","passed","Fri Aug 21 13:43:28 EDT 2026","Issued Checks — Smoke","specs\Smoke\4-IssuedChecksSmoke.spec.ts","",""
"","11165","""View"" link on a row opens the Exception Details dialog","firefox","Fri Aug 21 15:50:23 EDT 2026","passed","Fri Aug 21 15:50:34 EDT 2026","Exceptions — Smoke (Continued)","specs\Smoke\8-ExceptionsSmoke.spec.ts","",""
"","8397","Decision badge on an already-reviewed row is blocked with a system message","chromium","Fri Aug 21 13:46:26 EDT 2026","passed","Fri Aug 21 13:46:35 EDT 2026","Exceptions — Smoke","specs\Smoke\8-ExceptionsSmoke.spec.ts","",""
"","19879","Save a filter preset, verify it is auto-selected, then delete it","firefox","Fri Aug 21 13:44:27 EDT 2026","passed","Fri Aug 21 13:44:47 EDT 2026","Presented Checks — Smoke","specs\Smoke\5-PresentedChecksSmoke.spec.ts","",""
"","11245","Verify navigation to Issued Checks via nav menu","webkit","Fri Aug 21 15:43:42 EDT 2026","passed","Fri Aug 21 15:43:53 EDT 2026","Home Dashboard","specs\Smoke\3-HomeDashboardSmoke.spec.ts","",""
"","9439","Clicking a column header sorts ascending, clicking again sorts descending","webkit","Fri Aug 21 13:55:21 EDT 2026","passed","Fri Aug 21 13:55:30 EDT 2026","Presented Checks — Smoke","specs\Smoke\5-PresentedChecksSmoke.spec.ts","",""
"","6864","Verify Total Exceptions and Total Exception Amount labels are visible","msedge","Fri Aug 21 15:49:44 EDT 2026","passed","Fri Aug 21 15:49:51 EDT 2026","Home Dashboard","specs\Smoke\3-HomeDashboardSmoke.spec.ts","",""
"","7792","""View"" (Change Log) link on a row navigates to the entity log","firefox","Fri Aug 21 13:45:16 EDT 2026","passed","Fri Aug 21 13:45:24 EDT 2026","Presented Checks — Smoke","specs\Smoke\5-PresentedChecksSmoke.spec.ts","",""
"","14665","Settings page loads correctly","webkit","Fri Aug 21 15:41:27 EDT 2026","passed","Fri Aug 21 15:41:41 EDT 2026","Application Navigation Smoke Tests","specs\Smoke\2-NavigationSmoke.spec.ts","",""
"","1969","Validate forgot password functionality","msedge","Fri Aug 21 17:25:18 EDT 2026","passed","Fri Aug 21 17:25:20 EDT 2026","","specs\Smoke\1-LoginSmoke.spec.ts","",""
"","9736","Verify Total Exceptions and Total Exception Amount labels are visible","firefox","Fri Aug 21 15:40:32 EDT 2026","passed","Fri Aug 21 15:40:42 EDT 2026","Home Dashboard","specs\Smoke\3-HomeDashboardSmoke.spec.ts","",""
"","11097","Column filter popup applies a filter and Clear restores the full row set","chromium","Fri Aug 21 15:43:12 EDT 2026","passed","Fri Aug 21 15:43:23 EDT 2026","Issued Checks — Smoke (Continued)","specs\Smoke\4-IssuedChecksSmoke.spec.ts","",""
"","8021","Excel export button is visible and enabled","msedge","Fri Aug 21 15:52:47 EDT 2026","passed","Fri Aug 21 15:52:55 EDT 2026","ACH — Smoke","specs\Smoke\7-ACHSmoke.spec.ts","",""
"","7067","Clicking a column header sorts ascending, clicking again sorts descending","msedge","Fri Aug 21 15:53:58 EDT 2026","passed","Fri Aug 21 15:54:05 EDT 2026","ACH — Smoke","specs\Smoke\7-ACHSmoke.spec.ts","",""
"","11371","Exceptions page loads correctly","firefox","Fri Aug 21 15:40:27 EDT 2026","passed","Fri Aug 21 15:40:39 EDT 2026","Application Navigation Smoke Tests","specs\Smoke\2-NavigationSmoke.spec.ts","",""
"","9290","Verify chart title changes with selected tab","firefox","Fri Aug 21 15:40:13 EDT 2026","passed","Fri Aug 21 15:40:23 EDT 2026","Home Dashboard","specs\Smoke\3-HomeDashboardSmoke.spec.ts","",""
"","8005","Verify navigation to Exceptions via nav menu","firefox","Fri Aug 21 15:42:14 EDT 2026","passed","Fri Aug 21 15:42:22 EDT 2026","Home Dashboard","specs\Smoke\3-HomeDashboardSmoke.spec.ts","",""
"","13827","Last page arrow jumps to the final page","webkit","Fri Aug 21 15:48:16 EDT 2026","passed","Fri Aug 21 15:48:30 EDT 2026","ACH — Smoke","specs\Smoke\7-ACHSmoke.spec.ts","",""
"","7582","Teller page loads correctly","msedge","Fri Aug 21 15:49:25 EDT 2026","passed","Fri Aug 21 15:49:32 EDT 2026","Application Navigation Smoke Tests","specs\Smoke\2-NavigationSmoke.spec.ts","",""
"","8715","Presented Checks breadcrumb link is visible on the page","firefox","Fri Aug 21 15:48:29 EDT 2026","passed","Fri Aug 21 15:48:38 EDT 2026","Presented Checks — Smoke (Continued)","specs\Smoke\5-PresentedChecksSmoke.spec.ts","",""
"","9591","Typing a page number navigates to that page","chromium","Fri Aug 21 15:42:52 EDT 2026","passed","Fri Aug 21 15:43:02 EDT 2026","Presented Checks — Smoke","specs\Smoke\5-PresentedChecksSmoke.spec.ts","",""
"","2058","Validate Login functionality with incorrectPassword","chromium","Fri Aug 21 17:25:00 EDT 2026","passed","Fri Aug 21 17:25:02 EDT 2026","","specs\Smoke\1-LoginSmoke.spec.ts","",""
"","7824","Page size change to 10 updates pagination info in bottom-right pager","chromium","Fri Aug 21 15:42:25 EDT 2026","passed","Fri Aug 21 15:42:33 EDT 2026","Presented Checks — Smoke","specs\Smoke\5-PresentedChecksSmoke.spec.ts","",""
"","5978","Clicking a column header sorts ascending, clicking again sorts descending","chromium","Fri Aug 21 13:43:22 EDT 2026","passed","Fri Aug 21 13:43:28 EDT 2026","Presented Checks — Smoke","specs\Smoke\5-PresentedChecksSmoke.spec.ts","",""
"","9168","Decision badge on an already-reviewed row is blocked with a system message","chromium","Fri Aug 21 15:46:18 EDT 2026","passed","Fri Aug 21 15:46:28 EDT 2026","Exceptions — Smoke (Continued)","specs\Smoke\8-ExceptionsSmoke.spec.ts","",""
"","7003","""View"" link on a row opens the Exception Details dialog","msedge","Fri Aug 21 13:47:14 EDT 2026","passed","Fri Aug 21 13:47:21 EDT 2026","Exceptions — Smoke","specs\Smoke\8-ExceptionsSmoke.spec.ts","",""
"","8429","Account Settings sub-page loads correctly","chromium","Fri Aug 21 15:40:25 EDT 2026","passed","Fri Aug 21 15:40:33 EDT 2026","Application Navigation Smoke Tests","specs\Smoke\2-NavigationSmoke.spec.ts","",""
"","10223","Web Hooks sub-page loads correctly","chromium","Fri Aug 21 15:42:53 EDT 2026","passed","Fri Aug 21 15:43:03 EDT 2026","Application Navigation Smoke Tests","specs\Smoke\2-NavigationSmoke.spec.ts","",""
"","16154","API link is visible and points to swagger","webkit","Fri Aug 21 15:46:03 EDT 2026","passed","Fri Aug 21 15:46:19 EDT 2026","Application Navigation Smoke Tests","specs\Smoke\2-NavigationSmoke.spec.ts","",""
"","10442","Pay/Return decision badge navigates to exception history","firefox","Fri Aug 21 15:48:19 EDT 2026","passed","Fri Aug 21 15:48:29 EDT 2026","Presented Checks — Smoke (Continued)","specs\Smoke\5-PresentedChecksSmoke.spec.ts","",""
"","8107","Clicking a column header sorts ascending, clicking again sorts descending","firefox","Fri Aug 21 13:45:08 EDT 2026","passed","Fri Aug 21 13:45:17 EDT 2026","Issued Checks — Smoke","specs\Smoke\4-IssuedChecksSmoke.spec.ts","",""
"","8528","""View"" link on a row opens the Exception Details dialog","chromium","Fri Aug 21 13:46:18 EDT 2026","passed","Fri Aug 21 13:46:26 EDT 2026","Exceptions — Smoke","specs\Smoke\8-ExceptionsSmoke.spec.ts","",""
"","10163","Clicking a column header sorts ascending, clicking again sorts descending","webkit","Fri Aug 21 13:59:00 EDT 2026","passed","Fri Aug 21 13:59:11 EDT 2026","Exceptions — Smoke","specs\Smoke\8-ExceptionsSmoke.spec.ts","",""
"","7119","Automatic Check Decision Rules sub-page loads correctly","msedge","Fri Aug 21 15:51:01 EDT 2026","passed","Fri Aug 21 15:51:08 EDT 2026","Application Navigation Smoke Tests","specs\Smoke\2-NavigationSmoke.spec.ts","",""
"","7709","ACH breadcrumb link is visible on the page","firefox","Fri Aug 21 15:48:43 EDT 2026","passed","Fri Aug 21 15:48:51 EDT 2026","ACH — Smoke","specs\Smoke\7-ACHSmoke.spec.ts","",""
"","7796","Clicking a column header sorts ascending, clicking again sorts descending","msedge","Fri Aug 21 15:52:10 EDT 2026","passed","Fri Aug 21 15:52:18 EDT 2026","Issued Checks — Smoke (Continued)","specs\Smoke\4-IssuedChecksSmoke.spec.ts","",""
"","11955","""+ Add ACH"" navigates to the add-ACH form","webkit","Fri Aug 21 15:46:57 EDT 2026","passed","Fri Aug 21 15:47:08 EDT 2026","ACH — Smoke","specs\Smoke\7-ACHSmoke.spec.ts","",""
"","8678","Excel export button is visible and enabled","chromium","Fri Aug 21 15:42:16 EDT 2026","passed","Fri Aug 21 15:42:25 EDT 2026","Presented Checks — Smoke","specs\Smoke\5-PresentedChecksSmoke.spec.ts","",""
"","7657","Column filter popup applies a filter and Clear restores the full row set","msedge","Fri Aug 21 15:52:57 EDT 2026","passed","Fri Aug 21 15:53:05 EDT 2026","Presented Checks — Smoke (Continued)","specs\Smoke\5-PresentedChecksSmoke.spec.ts","",""
"","8972","Grid View toggle navigates to the open-exceptions grid and shows key column headers","chromium","Fri Aug 21 15:46:53 EDT 2026","passed","Fri Aug 21 15:47:02 EDT 2026","Exceptions — Smoke (Continued)","specs\Smoke\8-ExceptionsSmoke.spec.ts","",""
"","18240","Automatic ACH Decision Rules sub-page loads correctly","firefox","Fri Aug 21 15:43:11 EDT 2026","passed","Fri Aug 21 15:43:29 EDT 2026","Application Navigation Smoke Tests","specs\Smoke\2-NavigationSmoke.spec.ts","",""
"","8209","Last page arrow jumps to the final page","firefox","Fri Aug 21 15:48:44 EDT 2026","passed","Fri Aug 21 15:48:52 EDT 2026","Exceptions — Smoke","specs\Smoke\8-ExceptionsSmoke.spec.ts","",""
"","8477","Last page arrow jumps to the final page","chromium","Fri Aug 21 15:44:14 EDT 2026","passed","Fri Aug 21 15:44:22 EDT 2026","ACH — Smoke","specs\Smoke\7-ACHSmoke.spec.ts","",""
"","8768","Exceptions page loads correctly","chromium","Fri Aug 21 15:40:08 EDT 2026","passed","Fri Aug 21 15:40:17 EDT 2026","Application Navigation Smoke Tests","specs\Smoke\2-NavigationSmoke.spec.ts","",""
"","5790","Validate Login functionality with caseSensitiveEmail","webkit","Fri Aug 21 17:25:04 EDT 2026","passed","Fri Aug 21 17:25:10 EDT 2026","","specs\Smoke\1-LoginSmoke.spec.ts","",""
"","8817","Exception History grid loads with data rows and key column headers","chromium","Fri Aug 21 15:43:57 EDT 2026","passed","Fri Aug 21 15:44:06 EDT 2026","Exceptions — Smoke","specs\Smoke\8-ExceptionsSmoke.spec.ts","",""
"","12956","Previous page button returns to page 1, First page button re-enables disabled state","firefox","Fri Aug 21 15:46:44 EDT 2026","passed","Fri Aug 21 15:46:57 EDT 2026","ACH — Smoke","specs\Smoke\7-ACHSmoke.spec.ts","",""
"","22597","Teller page loads correctly","webkit","Fri Aug 21 15:40:37 EDT 2026","passed","Fri Aug 21 15:41:00 EDT 2026","Application Navigation Smoke Tests","specs\Smoke\2-NavigationSmoke.spec.ts","",""
"","4271","Validate forgot password functionality","webkit","Fri Aug 21 17:25:48 EDT 2026","passed","Fri Aug 21 17:25:52 EDT 2026","","specs\Smoke\1-LoginSmoke.spec.ts","",""
"","19762","Grid loads with data rows and key column headers","webkit","Fri Aug 21 15:42:55 EDT 2026","passed","Fri Aug 21 15:43:14 EDT 2026","Issued Checks — Smoke","specs\Smoke\4-IssuedChecksSmoke.spec.ts","",""
"","14062","Last page arrow jumps to the final page","webkit","Fri Aug 21 15:46:45 EDT 2026","passed","Fri Aug 21 15:46:59 EDT 2026","Presented Checks — Smoke","specs\Smoke\5-PresentedChecksSmoke.spec.ts","",""
"","6043","Verify chart title changes with selected tab","msedge","Fri Aug 21 15:49:33 EDT 2026","passed","Fri Aug 21 15:49:39 EDT 2026","Home Dashboard","specs\Smoke\3-HomeDashboardSmoke.spec.ts","",""
"","11572","Roles/Permissions sub-page loads correctly","firefox","Fri Aug 21 15:41:30 EDT 2026","passed","Fri Aug 21 15:41:41 EDT 2026","Application Navigation Smoke Tests","specs\Smoke\2-NavigationSmoke.spec.ts","",""
"","7891","Account Settings sub-page loads correctly","msedge","Fri Aug 21 15:49:54 EDT 2026","passed","Fri Aug 21 15:50:02 EDT 2026","Application Navigation Smoke Tests","specs\Smoke\2-NavigationSmoke.spec.ts","",""
"","6872","Exceptions breadcrumb link is visible on the page","chromium","Fri Aug 21 13:46:35 EDT 2026","passed","Fri Aug 21 13:46:42 EDT 2026","Exceptions — Smoke","specs\Smoke\8-ExceptionsSmoke.spec.ts","",""
"","14304","Column filter menu applies a filter and Clear restores the full row set","firefox","Fri Aug 21 15:50:08 EDT 2026","passed","Fri Aug 21 15:50:23 EDT 2026","Exceptions — Smoke (Continued)","specs\Smoke\8-ExceptionsSmoke.spec.ts","",""
"","8191","Presented Checks breadcrumb link is visible on the page","chromium","Fri Aug 21 15:46:03 EDT 2026","passed","Fri Aug 21 15:46:11 EDT 2026","Presented Checks — Smoke (Continued)","specs\Smoke\5-PresentedChecksSmoke.spec.ts","",""
"","7452","""Delete"" on a row shows a confirm modal; Cancel dismisses it without deleting","chromium","Fri Aug 21 13:44:01 EDT 2026","passed","Fri Aug 21 13:44:08 EDT 2026","Presented Checks — Smoke","specs\Smoke\5-PresentedChecksSmoke.spec.ts","",""
"","20416","Previous page button returns to page 1, First page button re-enables disabled state","webkit","Fri Aug 21 15:45:22 EDT 2026","passed","Fri Aug 21 15:45:42 EDT 2026","Issued Checks — Smoke","specs\Smoke\4-IssuedChecksSmoke.spec.ts","",""
"","14936","Decision badge on an already-reviewed row is blocked with a system message","firefox","Fri Aug 21 15:50:34 EDT 2026","passed","Fri Aug 21 15:50:49 EDT 2026","Exceptions — Smoke (Continued)","specs\Smoke\8-ExceptionsSmoke.spec.ts","",""
"","10132","Approvals page loads with either records or the empty-state message","firefox","Fri Aug 21 15:51:35 EDT 2026","passed","Fri Aug 21 15:51:45 EDT 2026","Exceptions — Smoke (Continued)","specs\Smoke\8-ExceptionsSmoke.spec.ts","",""
"","7660","Verify Check Only tab shows Check-specific chart sections","firefox","Fri Aug 21 15:39:49 EDT 2026","passed","Fri Aug 21 15:39:57 EDT 2026","Home Dashboard","specs\Smoke\3-HomeDashboardSmoke.spec.ts","",""
"","10386","Previous page button returns to page 1, First page button re-enables disabled state","firefox","Fri Aug 21 15:48:59 EDT 2026","passed","Fri Aug 21 15:49:10 EDT 2026","Exceptions — Smoke","specs\Smoke\8-ExceptionsSmoke.spec.ts","",""
"","16616","Previous page button returns to page 1, First page button re-enables disabled state","webkit","Fri Aug 21 15:47:13 EDT 2026","passed","Fri Aug 21 15:47:30 EDT 2026","Presented Checks — Smoke","specs\Smoke\5-PresentedChecksSmoke.spec.ts","",""
"","15067","Save a filter preset, verify it is auto-selected, then delete it","webkit","Fri Aug 21 13:55:14 EDT 2026","passed","Fri Aug 21 13:55:29 EDT 2026","Issued Checks — Smoke","specs\Smoke\4-IssuedChecksSmoke.spec.ts","",""
"","4152","Validate Login functionality with incorrectPassword","webkit","Fri Aug 21 17:25:10 EDT 2026","passed","Fri Aug 21 17:25:14 EDT 2026","","specs\Smoke\1-LoginSmoke.spec.ts","",""
"","5437","Verify navigation to Settings via nav menu","chromium","Fri Aug 21 15:41:29 EDT 2026","passed","Fri Aug 21 15:41:35 EDT 2026","Home Dashboard","specs\Smoke\3-HomeDashboardSmoke.spec.ts","",""
"","7297","Notification Log sub-page loads correctly","chromium","Fri Aug 21 15:42:16 EDT 2026","passed","Fri Aug 21 15:42:23 EDT 2026","Application Navigation Smoke Tests","specs\Smoke\2-NavigationSmoke.spec.ts","",""
"","6055","Verify summary KPI values have expected number formats","msedge","Fri Aug 21 15:49:51 EDT 2026","passed","Fri Aug 21 15:49:57 EDT 2026","Home Dashboard","specs\Smoke\3-HomeDashboardSmoke.spec.ts","",""
"","8912","Saved Filters dropdown is visible and defaults to no preset","chromium","Fri Aug 21 15:44:42 EDT 2026","passed","Fri Aug 21 15:44:51 EDT 2026","ACH — Smoke","specs\Smoke\7-ACHSmoke.spec.ts","",""
"","8099","Clicking a column header sorts ascending, clicking again sorts descending","firefox","Fri Aug 21 13:44:47 EDT 2026","passed","Fri Aug 21 13:44:55 EDT 2026","Presented Checks — Smoke","specs\Smoke\5-PresentedChecksSmoke.spec.ts","",""
"","15917","Default filter auto-applies after logout and re-login","msedge","Fri Aug 21 15:53:58 EDT 2026","passed","Fri Aug 21 15:54:13 EDT 2026","Exceptions — Default Filter (Serial)","specs\Smoke\8-ExceptionsSmoke.spec.ts","",""
"","7218","ACH Approval Rules sub-page loads correctly","chromium","Fri Aug 21 15:42:09 EDT 2026","passed","Fri Aug 21 15:42:16 EDT 2026","Application Navigation Smoke Tests","specs\Smoke\2-NavigationSmoke.spec.ts","",""
"","2701","Validate Login functionality with missingPassword","firefox","Fri Aug 21 17:26:47 EDT 2026","passed","Fri Aug 21 17:26:49 EDT 2026","","specs\Smoke\1-LoginSmoke.spec.ts","",""
"","12019","Web Hooks sub-page loads correctly","webkit","Fri Aug 21 15:46:19 EDT 2026","passed","Fri Aug 21 15:46:31 EDT 2026","Application Navigation Smoke Tests","specs\Smoke\2-NavigationSmoke.spec.ts","",""
"","9005","Home page is accessible and shows dashboard","msedge","Fri Aug 21 15:49:01 EDT 2026","passed","Fri Aug 21 15:49:10 EDT 2026","Application Navigation Smoke Tests","specs\Smoke\2-NavigationSmoke.spec.ts","",""
"","13124","""Edit"" link on a row navigates to the check edit form","webkit","Fri Aug 21 15:48:04 EDT 2026","passed","Fri Aug 21 15:48:17 EDT 2026","Issued Checks — Smoke (Continued)","specs\Smoke\4-IssuedChecksSmoke.spec.ts","",""
"","14093","Default filter auto-applies after logout and re-login","msedge","Fri Aug 21 15:53:35 EDT 2026","passed","Fri Aug 21 15:53:49 EDT 2026","ACH — Smoke","specs\Smoke\7-ACHSmoke.spec.ts","",""
"","8058","""View"" link on a row opens the Exception Details dialog","firefox","Fri Aug 21 13:48:20 EDT 2026","passed","Fri Aug 21 13:48:28 EDT 2026","Exceptions — Smoke","specs\Smoke\8-ExceptionsSmoke.spec.ts","",""
"","12074","Excel export button is visible and enabled","webkit","Fri Aug 21 15:49:23 EDT 2026","passed","Fri Aug 21 15:49:35 EDT 2026","Exceptions — Smoke","specs\Smoke\8-ExceptionsSmoke.spec.ts","",""
"","17827","Decision Files sub-page loads correctly","webkit","Fri Aug 21 15:43:15 EDT 2026","passed","Fri Aug 21 15:43:33 EDT 2026","Application Navigation Smoke Tests","specs\Smoke\2-NavigationSmoke.spec.ts","",""
"","9285","""Delete"" on a row shows a confirm modal; Cancel dismisses it without deleting","firefox","Fri Aug 21 13:45:24 EDT 2026","passed","Fri Aug 21 13:45:33 EDT 2026","Presented Checks — Smoke","specs\Smoke\5-PresentedChecksSmoke.spec.ts","",""
"","9380","""Delete"" on a row shows a confirm modal; Cancel dismisses it without deleting","chromium","Fri Aug 21 15:45:46 EDT 2026","passed","Fri Aug 21 15:45:55 EDT 2026","ACH — Smoke","specs\Smoke\7-ACHSmoke.spec.ts","",""
"","8405","Grid loads with data rows and key column headers","chromium","Fri Aug 21 15:40:47 EDT 2026","passed","Fri Aug 21 15:40:55 EDT 2026","Issued Checks — Smoke","specs\Smoke\4-IssuedChecksSmoke.spec.ts","",""
"","7682","Billing Reports sub-page loads correctly","chromium","Fri Aug 21 15:41:02 EDT 2026","passed","Fri Aug 21 15:41:10 EDT 2026","Application Navigation Smoke Tests","specs\Smoke\2-NavigationSmoke.spec.ts","",""
"","9350","Column filter popup applies a filter and Clear restores the full row set","msedge","Fri Aug 21 13:43:59 EDT 2026","passed","Fri Aug 21 13:44:09 EDT 2026","Presented Checks — Smoke","specs\Smoke\5-PresentedChecksSmoke.spec.ts","",""
"","6020","File Processing sub-page loads correctly","chromium","Fri Aug 21 15:42:38 EDT 2026","passed","Fri Aug 21 15:42:44 EDT 2026","Application Navigation Smoke Tests","specs\Smoke\2-NavigationSmoke.spec.ts","",""
"","9063","Clicking a column header sorts ascending, clicking again sorts descending","webkit","Fri Aug 21 13:55:29 EDT 2026","passed","Fri Aug 21 13:55:38 EDT 2026","Issued Checks — Smoke","specs\Smoke\4-IssuedChecksSmoke.spec.ts","",""
"","17416","System Log sub-page loads correctly","webkit","Fri Aug 21 15:45:26 EDT 2026","passed","Fri Aug 21 15:45:43 EDT 2026","Application Navigation Smoke Tests","specs\Smoke\2-NavigationSmoke.spec.ts","",""
"","7213","Saved Filters dropdown is visible and defaults to no preset","chromium","Fri Aug 21 15:45:10 EDT 2026","passed","Fri Aug 21 15:45:17 EDT 2026","Exceptions — Smoke","specs\Smoke\8-ExceptionsSmoke.spec.ts","",""
"","10998","Default Decision Log sub-page loads correctly","webkit","Fri Aug 21 15:45:15 EDT 2026","passed","Fri Aug 21 15:45:26 EDT 2026","Application Navigation Smoke Tests","specs\Smoke\2-NavigationSmoke.spec.ts","",""
"","10824","Grid loads with data rows and key column headers","firefox","Fri Aug 21 15:44:54 EDT 2026","passed","Fri Aug 21 15:45:05 EDT 2026","ACH — Smoke","specs\Smoke\7-ACHSmoke.spec.ts","",""
"","6011","""+ Add ACH"" navigates to the add-ACH form","msedge","Fri Aug 21 15:52:24 EDT 2026","passed","Fri Aug 21 15:52:30 EDT 2026","ACH — Smoke","specs\Smoke\7-ACHSmoke.spec.ts","",""
"","12661","Saved Filters dropdown is visible and defaults to no preset","webkit","Fri Aug 21 15:47:30 EDT 2026","passed","Fri Aug 21 15:47:42 EDT 2026","Presented Checks — Smoke","specs\Smoke\5-PresentedChecksSmoke.spec.ts","",""
"","13010","Excel export button is visible and enabled","webkit","Fri Aug 21 15:47:36 EDT 2026","passed","Fri Aug 21 15:47:49 EDT 2026","ACH — Smoke","specs\Smoke\7-ACHSmoke.spec.ts","",""
"","1798","Validate Login functionality with sqlInjection","chromium","Fri Aug 21 17:25:13 EDT 2026","passed","Fri Aug 21 17:25:15 EDT 2026","","specs\Smoke\1-LoginSmoke.spec.ts","",""
"","4090","Validate Login functionality with sqlInjection","webkit","Fri Aug 21 17:25:36 EDT 2026","passed","Fri Aug 21 17:25:40 EDT 2026","","specs\Smoke\1-LoginSmoke.spec.ts","",""
"","8870","Issued Checks breadcrumb link is visible on the page","webkit","Fri Aug 21 13:56:21 EDT 2026","passed","Fri Aug 21 13:56:30 EDT 2026","Issued Checks — Smoke","specs\Smoke\4-IssuedChecksSmoke.spec.ts","",""
"","7922","Business Clients sub-page loads correctly","chromium","Fri Aug 21 15:40:33 EDT 2026","passed","Fri Aug 21 15:40:41 EDT 2026","Application Navigation Smoke Tests","specs\Smoke\2-NavigationSmoke.spec.ts","",""
"","8421","Page size change to 10 updates pagination info in bottom-right pager","firefox","Fri Aug 21 15:48:16 EDT 2026","passed","Fri Aug 21 15:48:24 EDT 2026","Exceptions — Smoke","specs\Smoke\8-ExceptionsSmoke.spec.ts","",""
"","12696","Teller page loads correctly","firefox","Fri Aug 21 15:40:02 EDT 2026","passed","Fri Aug 21 15:40:15 EDT 2026","Application Navigation Smoke Tests","specs\Smoke\2-NavigationSmoke.spec.ts","",""
"","5450","Pre-Decisions page loads with either records or the empty-state message","msedge","Fri Aug 21 15:55:24 EDT 2026","passed","Fri Aug 21 15:55:29 EDT 2026","Exceptions — Smoke (Continued)","specs\Smoke\8-ExceptionsSmoke.spec.ts","",""
"","5942","""View"" (Change Log) link on a row navigates to the entity log","msedge","Fri Aug 21 13:43:34 EDT 2026","passed","Fri Aug 21 13:43:40 EDT 2026","Issued Checks — Smoke","specs\Smoke\4-IssuedChecksSmoke.spec.ts","",""
"","17856","Previous page button returns to page 1, First page button re-enables disabled state","firefox","Fri Aug 21 15:45:45 EDT 2026","passed","Fri Aug 21 15:46:03 EDT 2026","Issued Checks — Smoke","specs\Smoke\4-IssuedChecksSmoke.spec.ts","",""
"","5488","Verify navigation to ACH via nav menu","chromium","Fri Aug 21 15:41:18 EDT 2026","passed","Fri Aug 21 15:41:23 EDT 2026","Home Dashboard","specs\Smoke\3-HomeDashboardSmoke.spec.ts","",""
"","11888","File Formats sub-page loads correctly","firefox","Fri Aug 21 15:42:27 EDT 2026","passed","Fri Aug 21 15:42:39 EDT 2026","Application Navigation Smoke Tests","specs\Smoke\2-NavigationSmoke.spec.ts","",""
"","2147","Validate Login functionality with missingPassword","chromium","Fri Aug 21 17:25:09 EDT 2026","passed","Fri Aug 21 17:25:11 EDT 2026","","specs\Smoke\1-LoginSmoke.spec.ts","",""
"","10538","Pre-Decisions page loads with either records or the empty-state message","firefox","Fri Aug 21 15:51:45 EDT 2026","passed","Fri Aug 21 15:51:55 EDT 2026","Exceptions — Smoke (Continued)","specs\Smoke\8-ExceptionsSmoke.spec.ts","",""
"","7925","Decision Files sub-page loads correctly","chromium","Fri Aug 21 15:41:10 EDT 2026","passed","Fri Aug 21 15:41:18 EDT 2026","Application Navigation Smoke Tests","specs\Smoke\2-NavigationSmoke.spec.ts","",""
"","6551","Verify Home dashboard is restored after returning from another page","msedge","Fri Aug 21 15:50:12 EDT 2026","passed","Fri Aug 21 15:50:19 EDT 2026","Home Dashboard","specs\Smoke\3-HomeDashboardSmoke.spec.ts","",""
"","7061","Column filter menu applies a filter and Clear restores the full row set","msedge","Fri Aug 21 15:54:28 EDT 2026","passed","Fri Aug 21 15:54:35 EDT 2026","Exceptions — Smoke (Continued)","specs\Smoke\8-ExceptionsSmoke.spec.ts","",""
"","9055","Save a filter preset, verify it is auto-selected, then delete it","msedge","Fri Aug 21 13:46:51 EDT 2026","passed","Fri Aug 21 13:47:00 EDT 2026","Exceptions — Smoke","specs\Smoke\8-ExceptionsSmoke.spec.ts","",""
"","9859","Pay/Return decision badge navigates to exception history","msedge","Fri Aug 21 15:54:25 EDT 2026","passed","Fri Aug 21 15:54:35 EDT 2026","ACH — Smoke","specs\Smoke\7-ACHSmoke.spec.ts","",""
"","14474","Next page arrow advances to page 2","webkit","Fri Aug 21 15:44:37 EDT 2026","passed","Fri Aug 21 15:44:51 EDT 2026","Issued Checks — Smoke","specs\Smoke\4-IssuedChecksSmoke.spec.ts","",""
"","5738","""Edit"" link on a row navigates to the check edit form","msedge","Fri Aug 21 13:43:28 EDT 2026","passed","Fri Aug 21 13:43:34 EDT 2026","Issued Checks — Smoke","specs\Smoke\4-IssuedChecksSmoke.spec.ts","",""
"","12894","""View"" (Change Log) link on a row navigates to the entity log","webkit","Fri Aug 21 15:50:45 EDT 2026","passed","Fri Aug 21 15:50:58 EDT 2026","ACH — Smoke","specs\Smoke\7-ACHSmoke.spec.ts","",""
"","2735","Validate Login functionality with invalidEmailFormat","firefox","Fri Aug 21 17:26:41 EDT 2026","passed","Fri Aug 21 17:26:43 EDT 2026","","specs\Smoke\1-LoginSmoke.spec.ts","",""
"","33208","Default filter auto-applies after logout and re-login","webkit","Fri Aug 21 15:47:42 EDT 2026","passed","Fri Aug 21 15:48:15 EDT 2026","Presented Checks — Default Filter (Serial)","specs\Smoke\5-PresentedChecksSmoke.spec.ts","",""
"","19795","""+ Add ACH"" navigates to the add-ACH form","firefox","Fri Aug 21 15:45:05 EDT 2026","passed","Fri Aug 21 15:45:24 EDT 2026","ACH — Smoke","specs\Smoke\7-ACHSmoke.spec.ts","",""
"","7359","Branding sub-page loads correctly","chromium","Fri Aug 21 15:40:55 EDT 2026","passed","Fri Aug 21 15:41:02 EDT 2026","Application Navigation Smoke Tests","specs\Smoke\2-NavigationSmoke.spec.ts","",""
"","7441","Verify dashboard footer footnote and privacy link are visible","firefox","Fri Aug 21 15:41:06 EDT 2026","passed","Fri Aug 21 15:41:13 EDT 2026","Home Dashboard","specs\Smoke\3-HomeDashboardSmoke.spec.ts","",""
"","8705","""Edit"" link on a row navigates to the check edit form","firefox","Fri Aug 21 15:47:10 EDT 2026","passed","Fri Aug 21 15:47:19 EDT 2026","Issued Checks — Smoke (Continued)","specs\Smoke\4-IssuedChecksSmoke.spec.ts","",""
"","10654","""Delete"" on a row shows a confirm modal; Cancel dismisses it without deleting","webkit","Fri Aug 21 13:56:08 EDT 2026","passed","Fri Aug 21 13:56:19 EDT 2026","Presented Checks — Smoke","specs\Smoke\5-PresentedChecksSmoke.spec.ts","",""
"","10846","Search box filters grid and clears correctly","firefox","Fri Aug 21 15:47:55 EDT 2026","passed","Fri Aug 21 15:48:05 EDT 2026","Exceptions — Smoke","specs\Smoke\8-ExceptionsSmoke.spec.ts","",""
"","4030","Pre-Decisions page loads with either records or the empty-state message","msedge","Fri Aug 21 13:48:03 EDT 2026","passed","Fri Aug 21 13:48:07 EDT 2026","Exceptions — Smoke","specs\Smoke\8-ExceptionsSmoke.spec.ts","",""
"","14550","""View"" (Change Log) link on a row navigates to the entity log","webkit","Fri Aug 21 13:55:54 EDT 2026","passed","Fri Aug 21 13:56:08 EDT 2026","Presented Checks — Smoke","specs\Smoke\5-PresentedChecksSmoke.spec.ts","",""
"","7528","Open Exceptions page loads with either exception cards or the empty-state message","msedge","Fri Aug 21 15:55:05 EDT 2026","passed","Fri Aug 21 15:55:12 EDT 2026","Exceptions — Smoke (Continued)","specs\Smoke\8-ExceptionsSmoke.spec.ts","",""
"","11864","Grid View toggle navigates to the open-exceptions grid and shows key column headers","firefox","Fri Aug 21 15:51:23 EDT 2026","passed","Fri Aug 21 15:51:35 EDT 2026","Exceptions — Smoke (Continued)","specs\Smoke\8-ExceptionsSmoke.spec.ts","",""
"","10448","Excel export button is visible and enabled","firefox","Fri Aug 21 15:48:05 EDT 2026","passed","Fri Aug 21 15:48:16 EDT 2026","Exceptions — Smoke","specs\Smoke\8-ExceptionsSmoke.spec.ts","",""
"","7300","""Edit"" link on a row navigates to the check edit form","msedge","Fri Aug 21 13:44:09 EDT 2026","passed","Fri Aug 21 13:44:16 EDT 2026","Presented Checks — Smoke","specs\Smoke\5-PresentedChecksSmoke.spec.ts","",""
"","10978","Search box filters grid and clears correctly","chromium","Fri Aug 21 15:41:13 EDT 2026","passed","Fri Aug 21 15:41:24 EDT 2026","Issued Checks — Smoke","specs\Smoke\4-IssuedChecksSmoke.spec.ts","",""
"","12103","Column filter popup applies a filter and Clear restores the full row set","firefox","Fri Aug 21 15:46:58 EDT 2026","passed","Fri Aug 21 15:47:10 EDT 2026","Issued Checks — Smoke (Continued)","specs\Smoke\4-IssuedChecksSmoke.spec.ts","",""
"","3859","Validate Login functionality with veryLongInput","webkit","Fri Aug 21 17:25:44 EDT 2026","passed","Fri Aug 21 17:25:48 EDT 2026","","specs\Smoke\1-LoginSmoke.spec.ts","",""
"","7284","Decision badge on an already-reviewed row is blocked with a system message","msedge","Fri Aug 21 13:47:21 EDT 2026","passed","Fri Aug 21 13:47:29 EDT 2026","Exceptions — Smoke","specs\Smoke\8-ExceptionsSmoke.spec.ts","",""
"","12489","Clicking a column header sorts ascending, clicking again sorts descending","webkit","Fri Aug 21 15:48:37 EDT 2026","passed","Fri Aug 21 15:48:50 EDT 2026","Presented Checks — Smoke (Continued)","specs\Smoke\5-PresentedChecksSmoke.spec.ts","",""
"","9341","""Edit"" link on a row navigates to the check edit form","firefox","Fri Aug 21 13:45:35 EDT 2026","passed","Fri Aug 21 13:45:44 EDT 2026","Issued Checks — Smoke","specs\Smoke\4-IssuedChecksSmoke.spec.ts","",""
"","6666","Exceptions page loads correctly","msedge","Fri Aug 21 15:49:40 EDT 2026","passed","Fri Aug 21 15:49:47 EDT 2026","Application Navigation Smoke Tests","specs\Smoke\2-NavigationSmoke.spec.ts","",""
"","7791","Verify summary KPI values have expected number formats","chromium","Fri Aug 21 15:40:33 EDT 2026","passed","Fri Aug 21 15:40:40 EDT 2026","Home Dashboard","specs\Smoke\3-HomeDashboardSmoke.spec.ts","",""
"","9369","Column filter menu applies a filter and Clear restores the full row set","chromium","Fri Aug 21 15:45:57 EDT 2026","passed","Fri Aug 21 15:46:06 EDT 2026","Exceptions — Smoke (Continued)","specs\Smoke\8-ExceptionsSmoke.spec.ts","",""
"","1806","Validate forgot password functionality with No email","msedge","Fri Aug 21 17:25:20 EDT 2026","passed","Fri Aug 21 17:25:21 EDT 2026","","specs\Smoke\1-LoginSmoke.spec.ts","",""
"","15055","""+ Add Check"" navigates to the add-check form","firefox","Fri Aug 21 15:41:36 EDT 2026","passed","Fri Aug 21 15:41:51 EDT 2026","Issued Checks — Smoke","specs\Smoke\4-IssuedChecksSmoke.spec.ts","",""
"","9582","Excel export button is visible and enabled","chromium","Fri Aug 21 15:44:17 EDT 2026","passed","Fri Aug 21 15:44:26 EDT 2026","Exceptions — Smoke","specs\Smoke\8-ExceptionsSmoke.spec.ts","",""
"","5670","Exceptions breadcrumb link is visible on the page","msedge","Fri Aug 21 15:54:51 EDT 2026","passed","Fri Aug 21 15:54:57 EDT 2026","Exceptions — Smoke (Continued)","specs\Smoke\8-ExceptionsSmoke.spec.ts","",""
"","14632","Save a filter preset, verify it is auto-selected, then delete it","firefox","Fri Aug 21 15:49:42 EDT 2026","passed","Fri Aug 21 15:49:57 EDT 2026","Exceptions — Smoke (Continued)","specs\Smoke\8-ExceptionsSmoke.spec.ts","",""
"","7305","Typing a page number navigates to that page","msedge","Fri Aug 21 15:53:13 EDT 2026","passed","Fri Aug 21 15:53:21 EDT 2026","ACH — Smoke","specs\Smoke\7-ACHSmoke.spec.ts","",""
"","11091","ACH Approval Rules sub-page loads correctly","webkit","Fri Aug 21 15:44:51 EDT 2026","passed","Fri Aug 21 15:45:02 EDT 2026","Application Navigation Smoke Tests","specs\Smoke\2-NavigationSmoke.spec.ts","",""
"","12741","Verify dashboard loads after successful login","webkit","Fri Aug 21 15:39:39 EDT 2026","passed","Fri Aug 21 15:39:51 EDT 2026","Home Dashboard","specs\Smoke\3-HomeDashboardSmoke.spec.ts","",""
"","3860","Validate Login functionality with caseSensitiveEmail","firefox","Fri Aug 21 17:26:30 EDT 2026","passed","Fri Aug 21 17:26:34 EDT 2026","","specs\Smoke\1-LoginSmoke.spec.ts","",""
"","3337","Validate Login functionality with correctCredentials","chromium","Fri Aug 21 17:24:53 EDT 2026","passed","Fri Aug 21 17:24:56 EDT 2026","","specs\Smoke\1-LoginSmoke.spec.ts","",""
"","14027","Verify all three dashboard view tabs are visible","webkit","Fri Aug 21 15:39:51 EDT 2026","passed","Fri Aug 21 15:40:06 EDT 2026","Home Dashboard","specs\Smoke\3-HomeDashboardSmoke.spec.ts","",""
"","4526","Verify dashboard footer footnote and privacy link are visible","msedge","Fri Aug 21 15:50:02 EDT 2026","passed","Fri Aug 21 15:50:06 EDT 2026","Home Dashboard","specs\Smoke\3-HomeDashboardSmoke.spec.ts","",""
"","13153","Verify summary KPI values have expected number formats","webkit","Fri Aug 21 15:42:09 EDT 2026","passed","Fri Aug 21 15:42:22 EDT 2026","Home Dashboard","specs\Smoke\3-HomeDashboardSmoke.spec.ts","",""
"","12658","Excel export button is visible and enabled","firefox","Fri Aug 21 15:42:32 EDT 2026","passed","Fri Aug 21 15:42:45 EDT 2026","Issued Checks — Smoke","specs\Smoke\4-IssuedChecksSmoke.spec.ts","",""
"","10786","Navigation tabs to Pre-Decisions, Approvals, and Exception History are visible","webkit","Fri Aug 21 15:53:14 EDT 2026","passed","Fri Aug 21 15:53:24 EDT 2026","Exceptions — Smoke (Continued)","specs\Smoke\8-ExceptionsSmoke.spec.ts","",""
"","13398","""Uploaded Checks"" navigates to the uploads page","webkit","Fri Aug 21 15:45:12 EDT 2026","passed","Fri Aug 21 15:45:25 EDT 2026","Presented Checks — Smoke","specs\Smoke\5-PresentedChecksSmoke.spec.ts","",""
"","9962","Search box filters grid and clears correctly","msedge","Fri Aug 21 15:50:28 EDT 2026","passed","Fri Aug 21 15:50:37 EDT 2026","Issued Checks — Smoke","specs\Smoke\4-IssuedChecksSmoke.spec.ts","",""
"","2100","Validate Login functionality with sqlInjection","msedge","Fri Aug 21 17:25:11 EDT 2026","passed","Fri Aug 21 17:25:13 EDT 2026","","specs\Smoke\1-LoginSmoke.spec.ts","",""
"","7010","Clicking a column header sorts ascending, clicking again sorts descending","msedge","Fri Aug 21 13:43:11 EDT 2026","passed","Fri Aug 21 13:43:18 EDT 2026","Issued Checks — Smoke","specs\Smoke\4-IssuedChecksSmoke.spec.ts","",""
"","5251","Approvals page loads with either records or the empty-state message","chromium","Fri Aug 21 13:47:06 EDT 2026","passed","Fri Aug 21 13:47:11 EDT 2026","Exceptions — Smoke","specs\Smoke\8-ExceptionsSmoke.spec.ts","",""
"","4522","Validate forgot password functionality with No email","firefox","Fri Aug 21 17:27:14 EDT 2026","passed","Fri Aug 21 17:27:19 EDT 2026","","specs\Smoke\1-LoginSmoke.spec.ts","",""
"","7772","Presented Checks page loads correctly","chromium","Fri Aug 21 15:39:45 EDT 2026","passed","Fri Aug 21 15:39:53 EDT 2026","Application Navigation Smoke Tests","specs\Smoke\2-NavigationSmoke.spec.ts","",""
"","19252","Next page arrow advances to page 2","firefox","Fri Aug 21 15:48:24 EDT 2026","passed","Fri Aug 21 15:48:44 EDT 2026","Exceptions — Smoke","specs\Smoke\8-ExceptionsSmoke.spec.ts","",""
"","32552","Default filter auto-applies after logout and re-login","webkit","Fri Aug 21 15:49:16 EDT 2026","passed","Fri Aug 21 15:49:49 EDT 2026","ACH — Smoke","specs\Smoke\7-ACHSmoke.spec.ts","",""
"","17472","Column filter popup applies a filter and Clear restores the full row set","webkit","Fri Aug 21 15:47:46 EDT 2026","passed","Fri Aug 21 15:48:04 EDT 2026","Issued Checks — Smoke (Continued)","specs\Smoke\4-IssuedChecksSmoke.spec.ts","",""
"","16207","""Uploaded Checks"" navigates to the uploads page","webkit","Fri Aug 21 15:43:34 EDT 2026","passed","Fri Aug 21 15:43:50 EDT 2026","Issued Checks — Smoke","specs\Smoke\4-IssuedChecksSmoke.spec.ts","",""
"","6754","Typing a page number navigates to that page","msedge","Fri Aug 21 15:53:38 EDT 2026","passed","Fri Aug 21 15:53:45 EDT 2026","Exceptions — Smoke","specs\Smoke\8-ExceptionsSmoke.spec.ts","",""
"","11383","Column filter popup applies a filter and Clear restores the full row set","firefox","Fri Aug 21 15:47:41 EDT 2026","passed","Fri Aug 21 15:47:53 EDT 2026","Presented Checks — Smoke (Continued)","specs\Smoke\5-PresentedChecksSmoke.spec.ts","",""
"","7953","Clicking a column header sorts ascending, clicking again sorts descending","chromium","Fri Aug 21 15:45:17 EDT 2026","passed","Fri Aug 21 15:45:25 EDT 2026","ACH — Smoke","specs\Smoke\7-ACHSmoke.spec.ts","",""
"","16343","Save a filter preset, verify it is auto-selected, then delete it","webkit","Fri Aug 21 13:58:44 EDT 2026","passed","Fri Aug 21 13:59:00 EDT 2026","Exceptions — Smoke","specs\Smoke\8-ExceptionsSmoke.spec.ts","",""
"","11092","Search box filters grid and clears correctly","msedge","Fri Aug 21 15:51:15 EDT 2026","passed","Fri Aug 21 15:51:26 EDT 2026","Presented Checks — Smoke","specs\Smoke\5-PresentedChecksSmoke.spec.ts","",""
"","8067","Issued Checks breadcrumb link is visible on the page","firefox","Fri Aug 21 13:46:01 EDT 2026","passed","Fri Aug 21 13:46:09 EDT 2026","Issued Checks — Smoke","specs\Smoke\4-IssuedChecksSmoke.spec.ts","",""
"","8689","""Delete"" on a row shows a confirm modal; Cancel dismisses it without deleting","chromium","Fri Aug 21 15:45:47 EDT 2026","passed","Fri Aug 21 15:45:55 EDT 2026","Presented Checks — Smoke (Continued)","specs\Smoke\5-PresentedChecksSmoke.spec.ts","",""
"","8072","Column filter popup applies a filter and Clear restores the full row set","msedge","Fri Aug 21 15:54:05 EDT 2026","passed","Fri Aug 21 15:54:13 EDT 2026","ACH — Smoke","specs\Smoke\7-ACHSmoke.spec.ts","",""
"","5887","Holiday Schedules sub-page loads correctly","msedge","Fri Aug 21 15:50:42 EDT 2026","passed","Fri Aug 21 15:50:48 EDT 2026","Application Navigation Smoke Tests","specs\Smoke\2-NavigationSmoke.spec.ts","",""
"","8510","Save a filter preset, verify it is auto-selected, then delete it","chromium","Fri Aug 21 13:43:13 EDT 2026","passed","Fri Aug 21 13:43:22 EDT 2026","Presented Checks — Smoke","specs\Smoke\5-PresentedChecksSmoke.spec.ts","",""
"","5391","Verify Combined View shows all chart sections","msedge","Fri Aug 21 15:49:11 EDT 2026","passed","Fri Aug 21 15:49:16 EDT 2026","Home Dashboard","specs\Smoke\3-HomeDashboardSmoke.spec.ts","",""
"","12006","Previous page button returns to page 1, First page button re-enables disabled state","firefox","Fri Aug 21 15:44:42 EDT 2026","passed","Fri Aug 21 15:44:54 EDT 2026","Presented Checks — Smoke","specs\Smoke\5-PresentedChecksSmoke.spec.ts","",""
"","13784","Saved Filters dropdown is visible and defaults to no preset","webkit","Fri Aug 21 15:50:52 EDT 2026","passed","Fri Aug 21 15:51:05 EDT 2026","Exceptions — Smoke","specs\Smoke\8-ExceptionsSmoke.spec.ts","",""
"","8537","Approvals page loads with either records or the empty-state message","webkit","Fri Aug 21 14:00:34 EDT 2026","passed","Fri Aug 21 14:00:43 EDT 2026","Exceptions — Smoke","specs\Smoke\8-ExceptionsSmoke.spec.ts","",""
"","13792","Home page is accessible and shows dashboard","firefox","Fri Aug 21 15:39:27 EDT 2026","passed","Fri Aug 21 15:39:41 EDT 2026","Application Navigation Smoke Tests","specs\Smoke\2-NavigationSmoke.spec.ts","",""
"","7156","""Edit"" link on a row navigates to the check edit form","chromium","Fri Aug 21 13:44:00 EDT 2026","passed","Fri Aug 21 13:44:07 EDT 2026","Issued Checks — Smoke","specs\Smoke\4-IssuedChecksSmoke.spec.ts","",""
"","8129","Grid View toggle navigates to the open-exceptions grid and shows key column headers","chromium","Fri Aug 21 13:46:58 EDT 2026","passed","Fri Aug 21 13:47:06 EDT 2026","Exceptions — Smoke","specs\Smoke\8-ExceptionsSmoke.spec.ts","",""
"","7872","Grid loads with data rows and key column headers","msedge","Fri Aug 21 15:50:45 EDT 2026","passed","Fri Aug 21 15:50:53 EDT 2026","Presented Checks — Smoke","specs\Smoke\5-PresentedChecksSmoke.spec.ts","",""
"","10879","Pre-Decisions page loads with either records or the empty-state message","webkit","Fri Aug 21 14:00:43 EDT 2026","passed","Fri Aug 21 14:00:54 EDT 2026","Exceptions — Smoke","specs\Smoke\8-ExceptionsSmoke.spec.ts","",""
"","21684","Save a filter preset, verify it is auto-selected, then delete it","webkit","Fri Aug 21 15:48:15 EDT 2026","passed","Fri Aug 21 15:48:37 EDT 2026","Presented Checks — Smoke (Continued)","specs\Smoke\5-PresentedChecksSmoke.spec.ts","",""
"","8696","Next page arrow advances to page 2","chromium","Fri Aug 21 15:44:05 EDT 2026","passed","Fri Aug 21 15:44:13 EDT 2026","ACH — Smoke","specs\Smoke\7-ACHSmoke.spec.ts","",""
"","2309","Validate Login functionality with xssInUsername","chromium","Fri Aug 21 17:25:15 EDT 2026","passed","Fri Aug 21 17:25:17 EDT 2026","","specs\Smoke\1-LoginSmoke.spec.ts","",""
"","6742","""Uploaded ACH"" navigates to the uploads page","msedge","Fri Aug 21 15:52:30 EDT 2026","passed","Fri Aug 21 15:52:37 EDT 2026","ACH — Smoke","specs\Smoke\7-ACHSmoke.spec.ts","",""
"","9229","""Edit"" link on a row navigates to the check edit form","webkit","Fri Aug 21 13:55:44 EDT 2026","passed","Fri Aug 21 13:55:53 EDT 2026","Presented Checks — Smoke","specs\Smoke\5-PresentedChecksSmoke.spec.ts","",""
"","4314","Validate Login functionality with missingUsername","firefox","Fri Aug 21 17:26:49 EDT 2026","passed","Fri Aug 21 17:26:54 EDT 2026","","specs\Smoke\1-LoginSmoke.spec.ts","",""
"","8386","Clicking a column header sorts ascending, clicking again sorts descending","chromium","Fri Aug 21 15:45:48 EDT 2026","passed","Fri Aug 21 15:45:57 EDT 2026","Exceptions — Smoke (Continued)","specs\Smoke\8-ExceptionsSmoke.spec.ts","",""
"","7291","Pay/Return decision badge navigates to exception history","chromium","Fri Aug 21 13:44:08 EDT 2026","passed","Fri Aug 21 13:44:16 EDT 2026","Presented Checks — Smoke","specs\Smoke\5-PresentedChecksSmoke.spec.ts","",""
"","15761","Last page arrow jumps to the final page","webkit","Fri Aug 21 15:44:51 EDT 2026","passed","Fri Aug 21 15:45:07 EDT 2026","Issued Checks — Smoke","specs\Smoke\4-IssuedChecksSmoke.spec.ts","",""
"","14472","Search box filters grid and clears correctly","firefox","Fri Aug 21 15:43:22 EDT 2026","passed","Fri Aug 21 15:43:37 EDT 2026","Presented Checks — Smoke","specs\Smoke\5-PresentedChecksSmoke.spec.ts","",""
"","16592","ACH breadcrumb link is visible on the page","webkit","Fri Aug 21 15:51:43 EDT 2026","passed","Fri Aug 21 15:52:00 EDT 2026","ACH — Smoke","specs\Smoke\7-ACHSmoke.spec.ts","",""
"","5962","Approvals page loads with either records or the empty-state message","firefox","Fri Aug 21 13:49:18 EDT 2026","passed","Fri Aug 21 13:49:24 EDT 2026","Exceptions — Smoke","specs\Smoke\8-ExceptionsSmoke.spec.ts","",""
"","5953","""View"" (Change Log) link on a row navigates to the entity log","msedge","Fri Aug 21 15:53:11 EDT 2026","passed","Fri Aug 21 15:53:17 EDT 2026","Presented Checks — Smoke (Continued)","specs\Smoke\5-PresentedChecksSmoke.spec.ts","",""
"","6881","Validate Login functionality with xssInUsername","firefox","Fri Aug 21 17:27:01 EDT 2026","passed","Fri Aug 21 17:27:07 EDT 2026","","specs\Smoke\1-LoginSmoke.spec.ts","",""
"","8418","Last page arrow jumps to the final page","chromium","Fri Aug 21 15:44:42 EDT 2026","passed","Fri Aug 21 15:44:51 EDT 2026","Exceptions — Smoke","specs\Smoke\8-ExceptionsSmoke.spec.ts","",""
"","7399","""Delete"" on a row shows a confirm modal; Cancel dismisses it without deleting","msedge","Fri Aug 21 15:53:17 EDT 2026","passed","Fri Aug 21 15:53:24 EDT 2026","Presented Checks — Smoke (Continued)","specs\Smoke\5-PresentedChecksSmoke.spec.ts","",""
"","6887","Presented Checks breadcrumb link is visible on the page","chromium","Fri Aug 21 13:44:16 EDT 2026","passed","Fri Aug 21 13:44:22 EDT 2026","Presented Checks — Smoke","specs\Smoke\5-PresentedChecksSmoke.spec.ts","",""
"","11916","Navigation tabs to Pre-Decisions, Approvals, and Exception History are visible","firefox","Fri Aug 21 15:51:01 EDT 2026","passed","Fri Aug 21 15:51:13 EDT 2026","Exceptions — Smoke (Continued)","specs\Smoke\8-ExceptionsSmoke.spec.ts","",""
"","12347","""Uploaded Checks"" navigates to the uploads page","firefox","Fri Aug 21 15:41:51 EDT 2026","passed","Fri Aug 21 15:42:04 EDT 2026","Issued Checks — Smoke","specs\Smoke\4-IssuedChecksSmoke.spec.ts","",""
"","4944","Verify Check Only tab shows Check-specific chart sections","msedge","Fri Aug 21 15:49:16 EDT 2026","passed","Fri Aug 21 15:49:21 EDT 2026","Home Dashboard","specs\Smoke\3-HomeDashboardSmoke.spec.ts","",""
"","11812","Validate teller presented-check form shows all required fields","webkit","Fri Aug 21 15:46:31 EDT 2026","passed","Fri Aug 21 15:46:43 EDT 2026","Teller - Smoke","specs\Smoke\6-TellerSmoke.spec.ts","",""
"","10240","Save a filter preset, verify it is auto-selected, then delete it","msedge","Fri Aug 21 13:43:00 EDT 2026","passed","Fri Aug 21 13:43:11 EDT 2026","Issued Checks — Smoke","specs\Smoke\4-IssuedChecksSmoke.spec.ts","",""
"","9273","Previous page button returns to page 1, First page button re-enables disabled state","chromium","Fri Aug 21 15:45:01 EDT 2026","passed","Fri Aug 21 15:45:10 EDT 2026","Exceptions — Smoke","specs\Smoke\8-ExceptionsSmoke.spec.ts","",""
"","9974","Open Exceptions page loads with either exception cards or the empty-state message","firefox","Fri Aug 21 15:51:13 EDT 2026","passed","Fri Aug 21 15:51:23 EDT 2026","Exceptions — Smoke (Continued)","specs\Smoke\8-ExceptionsSmoke.spec.ts","",""
"","18558","Default filter auto-applies after logout and re-login","firefox","Fri Aug 21 13:47:31 EDT 2026","passed","Fri Aug 21 13:47:50 EDT 2026","Exceptions — Smoke","specs\Smoke\8-ExceptionsSmoke.spec.ts","",""
"","6838","Presented Checks breadcrumb link is visible on the page","msedge","Fri Aug 21 15:53:30 EDT 2026","passed","Fri Aug 21 15:53:37 EDT 2026","Presented Checks — Smoke (Continued)","specs\Smoke\5-PresentedChecksSmoke.spec.ts","",""
"","7070","Issued Checks breadcrumb link is visible on the page","msedge","Fri Aug 21 13:43:47 EDT 2026","passed","Fri Aug 21 13:43:54 EDT 2026","Issued Checks — Smoke","specs\Smoke\4-IssuedChecksSmoke.spec.ts","",""
"","8337","Exception History grid loads with data rows and key column headers","firefox","Fri Aug 21 15:47:46 EDT 2026","passed","Fri Aug 21 15:47:55 EDT 2026","Exceptions — Smoke","specs\Smoke\8-ExceptionsSmoke.spec.ts","",""
"","9294","Typing a page number navigates to that page","msedge","Fri Aug 21 15:51:12 EDT 2026","passed","Fri Aug 21 15:51:21 EDT 2026","Issued Checks — Smoke","specs\Smoke\4-IssuedChecksSmoke.spec.ts","",""
"","12209","Typing a page number navigates to that page","firefox","Fri Aug 21 15:45:33 EDT 2026","passed","Fri Aug 21 15:45:45 EDT 2026","Issued Checks — Smoke","specs\Smoke\4-IssuedChecksSmoke.spec.ts","",""
"","2013","Validate Login functionality with emptyFields","chromium","Fri Aug 21 17:25:06 EDT 2026","passed","Fri Aug 21 17:25:09 EDT 2026","","specs\Smoke\1-LoginSmoke.spec.ts","",""
"","7526","Pre-Decisions page loads with either records or the empty-state message","firefox","Fri Aug 21 13:49:24 EDT 2026","passed","Fri Aug 21 13:49:31 EDT 2026","Exceptions — Smoke","specs\Smoke\8-ExceptionsSmoke.spec.ts","",""
"","7301","""+ Add ACH"" navigates to the add-ACH form","chromium","Fri Aug 21 15:43:22 EDT 2026","passed","Fri Aug 21 15:43:29 EDT 2026","ACH — Smoke","specs\Smoke\7-ACHSmoke.spec.ts","",""
"","2279","Validate Login functionality with missingUsername","chromium","Fri Aug 21 17:25:11 EDT 2026","passed","Fri Aug 21 17:25:13 EDT 2026","","specs\Smoke\1-LoginSmoke.spec.ts","",""
"","4055","Validate forgot password with unregistered email","firefox","Fri Aug 21 17:27:19 EDT 2026","passed","Fri Aug 21 17:27:23 EDT 2026","","specs\Smoke\1-LoginSmoke.spec.ts","",""
"","8182","""+ Add Check"" navigates to the add-check form","msedge","Fri Aug 21 15:50:53 EDT 2026","passed","Fri Aug 21 15:51:02 EDT 2026","Presented Checks — Smoke","specs\Smoke\5-PresentedChecksSmoke.spec.ts","",""
"","12260","Verify navigation to Presented Checks via nav menu","webkit","Fri Aug 21 15:43:53 EDT 2026","passed","Fri Aug 21 15:44:05 EDT 2026","Home Dashboard","specs\Smoke\3-HomeDashboardSmoke.spec.ts","",""
"","16025","Clicking a column header sorts ascending, clicking again sorts descending","webkit","Fri Aug 21 15:50:10 EDT 2026","passed","Fri Aug 21 15:50:26 EDT 2026","ACH — Smoke","specs\Smoke\7-ACHSmoke.spec.ts","",""
"","18600","Default filter auto-applies after logout and re-login","chromium","Fri Aug 21 13:45:34 EDT 2026","passed","Fri Aug 21 13:45:53 EDT 2026","Exceptions — Smoke","specs\Smoke\8-ExceptionsSmoke.spec.ts","",""
"","8795","""Delete"" on a row shows a confirm modal; Cancel dismisses it without deleting","firefox","Fri Aug 21 13:45:52 EDT 2026","passed","Fri Aug 21 13:46:01 EDT 2026","Issued Checks — Smoke","specs\Smoke\4-IssuedChecksSmoke.spec.ts","",""
"","2923","Validate Login functionality with incorrectUsername","firefox","Fri Aug 21 17:26:38 EDT 2026","passed","Fri Aug 21 17:26:41 EDT 2026","","specs\Smoke\1-LoginSmoke.spec.ts","",""
"","13966","""+ Add Check"" navigates to the add-check form","webkit","Fri Aug 21 15:44:58 EDT 2026","passed","Fri Aug 21 15:45:12 EDT 2026","Presented Checks — Smoke","specs\Smoke\5-PresentedChecksSmoke.spec.ts","",""
"","20043","Default filter auto-applies after logout and re-login","msedge","Fri Aug 21 15:51:40 EDT 2026","passed","Fri Aug 21 15:52:00 EDT 2026","Issued Checks — Default Filter (Serial)","specs\Smoke\4-IssuedChecksSmoke.spec.ts","",""
"","9878","Open Exceptions page loads with either exception cards or the empty-state message","webkit","Fri Aug 21 15:53:24 EDT 2026","passed","Fri Aug 21 15:53:34 EDT 2026","Exceptions — Smoke (Continued)","specs\Smoke\8-ExceptionsSmoke.spec.ts","",""
"","9516","""Delete"" on a row shows a confirm modal; Cancel dismisses it without deleting","firefox","Fri Aug 21 15:47:27 EDT 2026","passed","Fri Aug 21 15:47:36 EDT 2026","Issued Checks — Smoke (Continued)","specs\Smoke\4-IssuedChecksSmoke.spec.ts","",""
"","13647","Verify Total Exceptions and Total Exception Amount labels are visible","webkit","Fri Aug 21 15:41:55 EDT 2026","passed","Fri Aug 21 15:42:09 EDT 2026","Home Dashboard","specs\Smoke\3-HomeDashboardSmoke.spec.ts","",""
"","11080","Default Decision Log sub-page loads correctly","firefox","Fri Aug 21 15:43:49 EDT 2026","passed","Fri Aug 21 15:44:00 EDT 2026","Application Navigation Smoke Tests","specs\Smoke\2-NavigationSmoke.spec.ts","",""
"","22132","Verify Check Only tab shows Check-specific chart sections","webkit","Fri Aug 21 15:40:20 EDT 2026","passed","Fri Aug 21 15:40:42 EDT 2026","Home Dashboard","specs\Smoke\3-HomeDashboardSmoke.spec.ts","",""
"","24919","Presented Checks page loads correctly","webkit","Fri Aug 21 15:40:12 EDT 2026","passed","Fri Aug 21 15:40:37 EDT 2026","Application Navigation Smoke Tests","specs\Smoke\2-NavigationSmoke.spec.ts","",""
"","14260","Last page arrow jumps to the final page","webkit","Fri Aug 21 15:50:05 EDT 2026","passed","Fri Aug 21 15:50:20 EDT 2026","Exceptions — Smoke","specs\Smoke\8-ExceptionsSmoke.spec.ts","",""
"","9595","""Delete"" on a row shows a confirm modal; Cancel dismisses it without deleting","firefox","Fri Aug 21 15:48:09 EDT 2026","passed","Fri Aug 21 15:48:19 EDT 2026","Presented Checks — Smoke (Continued)","specs\Smoke\5-PresentedChecksSmoke.spec.ts","",""
"","9803","""View"" (Change Log) link on a row navigates to the entity log","webkit","Fri Aug 21 13:56:01 EDT 2026","passed","Fri Aug 21 13:56:11 EDT 2026","Issued Checks — Smoke","specs\Smoke\4-IssuedChecksSmoke.spec.ts","",""
"","8042","Clicking a column header sorts ascending, clicking again sorts descending","msedge","Fri Aug 21 15:52:49 EDT 2026","passed","Fri Aug 21 15:52:57 EDT 2026","Presented Checks — Smoke (Continued)","specs\Smoke\5-PresentedChecksSmoke.spec.ts","",""
"","5988","API link is visible and points to swagger","msedge","Fri Aug 21 15:51:59 EDT 2026","passed","Fri Aug 21 15:52:05 EDT 2026","Application Navigation Smoke Tests","specs\Smoke\2-NavigationSmoke.spec.ts","",""
"","6853","Clicking a column header sorts ascending, clicking again sorts descending","chromium","Fri Aug 21 13:43:42 EDT 2026","passed","Fri Aug 21 13:43:49 EDT 2026","Issued Checks — Smoke","specs\Smoke\4-IssuedChecksSmoke.spec.ts","",""
"","2123","Validate forgot password functionality","chromium","Fri Aug 21 17:25:19 EDT 2026","passed","Fri Aug 21 17:25:21 EDT 2026","","specs\Smoke\1-LoginSmoke.spec.ts","",""
"","7145","""View"" (Change Log) link on a row navigates to the entity log","msedge","Fri Aug 21 13:44:16 EDT 2026","passed","Fri Aug 21 13:44:23 EDT 2026","Presented Checks — Smoke","specs\Smoke\5-PresentedChecksSmoke.spec.ts","",""
"","12855","""Edit"" link on a row navigates to the check edit form","webkit","Fri Aug 21 15:49:06 EDT 2026","passed","Fri Aug 21 15:49:19 EDT 2026","Presented Checks — Smoke (Continued)","specs\Smoke\5-PresentedChecksSmoke.spec.ts","",""
"","10734","Save a filter preset, verify it is auto-selected, then delete it","chromium","Fri Aug 21 15:45:06 EDT 2026","passed","Fri Aug 21 15:45:17 EDT 2026","ACH — Smoke","specs\Smoke\7-ACHSmoke.spec.ts","",""
"","9123","Verify dashboard loads after successful login","chromium","Fri Aug 21 15:39:27 EDT 2026","passed","Fri Aug 21 15:39:36 EDT 2026","Home Dashboard","specs\Smoke\3-HomeDashboardSmoke.spec.ts","",""
"","5323","Validate Login functionality with correctCredentials","firefox","Fri Aug 21 17:26:24 EDT 2026","passed","Fri Aug 21 17:26:30 EDT 2026","","specs\Smoke\1-LoginSmoke.spec.ts","",""
"","29692","Verify delayed data note and force refresh link are visible on dashboard","webkit","Fri Aug 21 15:42:22 EDT 2026","passed","Fri Aug 21 15:42:52 EDT 2026","Home Dashboard","specs\Smoke\3-HomeDashboardSmoke.spec.ts","",""
"","13698","Column filter menu applies a filter and Clear restores the full row set","webkit","Fri Aug 21 15:52:18 EDT 2026","passed","Fri Aug 21 15:52:31 EDT 2026","Exceptions — Smoke (Continued)","specs\Smoke\8-ExceptionsSmoke.spec.ts","",""
"","6301","Pay/Return decision badge navigates to exception history","msedge","Fri Aug 21 15:53:24 EDT 2026","passed","Fri Aug 21 15:53:30 EDT 2026","Presented Checks — Smoke (Continued)","specs\Smoke\5-PresentedChecksSmoke.spec.ts","",""
"","10242","""Delete"" on a row shows a confirm modal; Cancel dismisses it without deleting","webkit","Fri Aug 21 13:56:11 EDT 2026","passed","Fri Aug 21 13:56:21 EDT 2026","Issued Checks — Smoke","specs\Smoke\4-IssuedChecksSmoke.spec.ts","",""
"","8514","Approvals page loads with either records or the empty-state message","webkit","Fri Aug 21 15:53:47 EDT 2026","passed","Fri Aug 21 15:53:55 EDT 2026","Exceptions — Smoke (Continued)","specs\Smoke\8-ExceptionsSmoke.spec.ts","",""
"","13257","""Uploaded Checks"" navigates to the uploads page","msedge","Fri Aug 21 15:51:02 EDT 2026","passed","Fri Aug 21 15:51:15 EDT 2026","Presented Checks — Smoke","specs\Smoke\5-PresentedChecksSmoke.spec.ts","",""
"","7800","""View"" (Change Log) link on a row navigates to the entity log","firefox","Fri Aug 21 13:45:44 EDT 2026","passed","Fri Aug 21 13:45:52 EDT 2026","Issued Checks — Smoke","specs\Smoke\4-IssuedChecksSmoke.spec.ts","",""
"","9098","Previous page button returns to page 1, First page button re-enables disabled state","msedge","Fri Aug 21 15:52:07 EDT 2026","passed","Fri Aug 21 15:52:16 EDT 2026","Presented Checks — Smoke","specs\Smoke\5-PresentedChecksSmoke.spec.ts","",""
"","24930","Default filter auto-applies after logout and re-login","webkit","Fri Aug 21 13:54:40 EDT 2026","passed","Fri Aug 21 13:55:05 EDT 2026","Presented Checks — Smoke","specs\Smoke\5-PresentedChecksSmoke.spec.ts","",""
"","14092","Save a filter preset, verify it is auto-selected, then delete it","firefox","Fri Aug 21 15:47:30 EDT 2026","passed","Fri Aug 21 15:47:44 EDT 2026","ACH — Smoke","specs\Smoke\7-ACHSmoke.spec.ts","",""
"","6720","File Formats sub-page loads correctly","msedge","Fri Aug 21 15:50:48 EDT 2026","passed","Fri Aug 21 15:50:55 EDT 2026","Application Navigation Smoke Tests","specs\Smoke\2-NavigationSmoke.spec.ts","",""
"","12010","Grid View toggle navigates to the open-exceptions grid and shows key column headers","webkit","Fri Aug 21 14:00:22 EDT 2026","passed","Fri Aug 21 14:00:34 EDT 2026","Exceptions — Smoke","specs\Smoke\8-ExceptionsSmoke.spec.ts","",""
"","7736","Saved Filters dropdown is visible and defaults to no preset","chromium","Fri Aug 21 15:43:11 EDT 2026","passed","Fri Aug 21 15:43:19 EDT 2026","Presented Checks — Smoke","specs\Smoke\5-PresentedChecksSmoke.spec.ts","",""
"","8941","Presented Checks breadcrumb link is visible on the page","firefox","Fri Aug 21 13:45:42 EDT 2026","passed","Fri Aug 21 13:45:51 EDT 2026","Presented Checks — Smoke","specs\Smoke\5-PresentedChecksSmoke.spec.ts","",""
"","12086","Verify profile menu shows My Info and Logout links","webkit","Fri Aug 21 15:43:15 EDT 2026","passed","Fri Aug 21 15:43:27 EDT 2026","Home Dashboard","specs\Smoke\3-HomeDashboardSmoke.spec.ts","",""
"","12739","Save a filter preset, verify it is auto-selected, then delete it","firefox","Fri Aug 21 13:44:56 EDT 2026","passed","Fri Aug 21 13:45:08 EDT 2026","Issued Checks — Smoke","specs\Smoke\4-IssuedChecksSmoke.spec.ts","",""
"","15139","""+ Add Check"" navigates to the add-check form","firefox","Fri Aug 21 15:42:55 EDT 2026","passed","Fri Aug 21 15:43:10 EDT 2026","Presented Checks — Smoke","specs\Smoke\5-PresentedChecksSmoke.spec.ts","",""
"","9746","Next page arrow advances to page 2","msedge","Fri Aug 21 15:50:51 EDT 2026","passed","Fri Aug 21 15:51:01 EDT 2026","Issued Checks — Smoke","specs\Smoke\4-IssuedChecksSmoke.spec.ts","",""
"","5807","Grid loads with data rows and key column headers","msedge","Fri Aug 21 15:52:19 EDT 2026","passed","Fri Aug 21 15:52:24 EDT 2026","ACH — Smoke","specs\Smoke\7-ACHSmoke.spec.ts","",""
"","8902","Save a filter preset, verify it is auto-selected, then delete it","msedge","Fri Aug 21 15:54:13 EDT 2026","passed","Fri Aug 21 15:54:22 EDT 2026","Exceptions — Smoke (Continued)","specs\Smoke\8-ExceptionsSmoke.spec.ts","",""
"","7547","ACH breadcrumb link is visible on the page","chromium","Fri Aug 21 15:46:09 EDT 2026","passed","Fri Aug 21 15:46:16 EDT 2026","ACH — Smoke","specs\Smoke\7-ACHSmoke.spec.ts","",""
"","3036","Validate Login functionality with emptyFields","firefox","Fri Aug 21 17:26:44 EDT 2026","passed","Fri Aug 21 17:26:47 EDT 2026","","specs\Smoke\1-LoginSmoke.spec.ts","",""
"","12679","ACH page loads correctly","firefox","Fri Aug 21 15:40:15 EDT 2026","passed","Fri Aug 21 15:40:27 EDT 2026","Application Navigation Smoke Tests","specs\Smoke\2-NavigationSmoke.spec.ts","",""
"","44795","Save a filter preset, verify it is auto-selected, then delete it","firefox","Fri Aug 21 15:46:47 EDT 2026","passed","Fri Aug 21 15:47:32 EDT 2026","Presented Checks — Smoke (Continued)","specs\Smoke\5-PresentedChecksSmoke.spec.ts","",""
"","12677","Exception History grid loads with data rows and key column headers","webkit","Fri Aug 21 15:48:55 EDT 2026","passed","Fri Aug 21 15:49:07 EDT 2026","Exceptions — Smoke","specs\Smoke\8-ExceptionsSmoke.spec.ts","",""
"","9452","""+ Add Check"" navigates to the add-check form","chromium","Fri Aug 21 15:41:48 EDT 2026","passed","Fri Aug 21 15:41:57 EDT 2026","Presented Checks — Smoke","specs\Smoke\5-PresentedChecksSmoke.spec.ts","",""
"","16414","Saved Filters dropdown is visible and defaults to no preset","webkit","Fri Aug 21 15:49:00 EDT 2026","passed","Fri Aug 21 15:49:16 EDT 2026","ACH — Smoke","specs\Smoke\7-ACHSmoke.spec.ts","",""
"","5123","Verify dashboard loads after successful login","msedge","Fri Aug 21 15:49:01 EDT 2026","passed","Fri Aug 21 15:49:06 EDT 2026","Home Dashboard","specs\Smoke\3-HomeDashboardSmoke.spec.ts","",""
"","13690","""Delete"" on a row shows a confirm modal; Cancel dismisses it without deleting","webkit","Fri Aug 21 15:48:30 EDT 2026","passed","Fri Aug 21 15:48:44 EDT 2026","Issued Checks — Smoke (Continued)","specs\Smoke\4-IssuedChecksSmoke.spec.ts","",""
"","19792","Verify chart title changes with selected tab","webkit","Fri Aug 21 15:41:15 EDT 2026","passed","Fri Aug 21 15:41:35 EDT 2026","Home Dashboard","specs\Smoke\3-HomeDashboardSmoke.spec.ts","",""
"","14931","Search box filters grid and clears correctly","webkit","Fri Aug 21 15:47:21 EDT 2026","passed","Fri Aug 21 15:47:36 EDT 2026","ACH — Smoke","specs\Smoke\7-ACHSmoke.spec.ts","",""
"","7783","Validate Login functionality with correctCredentials","msedge","Fri Aug 21 17:24:47 EDT 2026","passed","Fri Aug 21 17:24:55 EDT 2026","","specs\Smoke\1-LoginSmoke.spec.ts","",""
"","9036","Typing a page number navigates to that page","chromium","Fri Aug 21 15:42:03 EDT 2026","passed","Fri Aug 21 15:42:12 EDT 2026","Issued Checks — Smoke","specs\Smoke\4-IssuedChecksSmoke.spec.ts","",""
"","6552","""Edit"" link on a row navigates to the check edit form","chromium","Fri Aug 21 13:43:46 EDT 2026","passed","Fri Aug 21 13:43:52 EDT 2026","Presented Checks — Smoke","specs\Smoke\5-PresentedChecksSmoke.spec.ts","",""
"","6448","Issued Checks breadcrumb link is visible on the page","chromium","Fri Aug 21 13:44:22 EDT 2026","passed","Fri Aug 21 13:44:28 EDT 2026","Issued Checks — Smoke","specs\Smoke\4-IssuedChecksSmoke.spec.ts","",""
"","12086","Exceptions breadcrumb link is visible on the page","firefox","Fri Aug 21 15:50:49 EDT 2026","passed","Fri Aug 21 15:51:01 EDT 2026","Exceptions — Smoke (Continued)","specs\Smoke\8-ExceptionsSmoke.spec.ts","",""
"","9695","Excel export button is visible and enabled","chromium","Fri Aug 21 15:41:24 EDT 2026","passed","Fri Aug 21 15:41:34 EDT 2026","Issued Checks — Smoke","specs\Smoke\4-IssuedChecksSmoke.spec.ts","",""
"","13335","Column filter menu applies a filter and Clear restores the full row set","webkit","Fri Aug 21 13:59:11 EDT 2026","passed","Fri Aug 21 13:59:24 EDT 2026","Exceptions — Smoke","specs\Smoke\8-ExceptionsSmoke.spec.ts","",""
"","14025","Verify ACH Only tab shows ACH-specific chart sections","webkit","Fri Aug 21 15:40:42 EDT 2026","passed","Fri Aug 21 15:40:56 EDT 2026","Home Dashboard","specs\Smoke\3-HomeDashboardSmoke.spec.ts","",""
"","9143","Column filter menu applies a filter and Clear restores the full row set","firefox","Fri Aug 21 13:48:10 EDT 2026","passed","Fri Aug 21 13:48:20 EDT 2026","Exceptions — Smoke","specs\Smoke\8-ExceptionsSmoke.spec.ts","",""
"","5320","Verify navigation to Issued Checks via nav menu","msedge","Fri Aug 21 15:50:19 EDT 2026","passed","Fri Aug 21 15:50:24 EDT 2026","Home Dashboard","specs\Smoke\3-HomeDashboardSmoke.spec.ts","",""
"","11089","Navigation tabs to Pre-Decisions, Approvals, and Exception History are visible","webkit","Fri Aug 21 13:59:59 EDT 2026","passed","Fri Aug 21 14:00:10 EDT 2026","Exceptions — Smoke","specs\Smoke\8-ExceptionsSmoke.spec.ts","",""
"","8978","""Uploaded Checks"" navigates to the uploads page","chromium","Fri Aug 21 15:41:04 EDT 2026","passed","Fri Aug 21 15:41:13 EDT 2026","Issued Checks — Smoke","specs\Smoke\4-IssuedChecksSmoke.spec.ts","",""
"","5883","Verify chart title changes with selected tab","chromium","Fri Aug 21 15:40:12 EDT 2026","passed","Fri Aug 21 15:40:18 EDT 2026","Home Dashboard","specs\Smoke\3-HomeDashboardSmoke.spec.ts","",""
"","14946","Typing a page number navigates to that page","webkit","Fri Aug 21 15:50:20 EDT 2026","passed","Fri Aug 21 15:50:35 EDT 2026","Exceptions — Smoke","specs\Smoke\8-ExceptionsSmoke.spec.ts","",""
"","12995","Grid loads with data rows and key column headers","chromium","Fri Aug 21 15:41:35 EDT 2026","passed","Fri Aug 21 15:41:48 EDT 2026","Presented Checks — Smoke","specs\Smoke\5-PresentedChecksSmoke.spec.ts","",""
"","7730","Excel export button is visible and enabled","chromium","Fri Aug 21 15:43:48 EDT 2026","passed","Fri Aug 21 15:43:56 EDT 2026","ACH — Smoke","specs\Smoke\7-ACHSmoke.spec.ts","",""
"","11997","Automatic Check Decision Rules sub-page loads correctly","firefox","Fri Aug 21 15:42:48 EDT 2026","passed","Fri Aug 21 15:43:00 EDT 2026","Application Navigation Smoke Tests","specs\Smoke\2-NavigationSmoke.spec.ts","",""
"","15212","Search box filters grid and clears correctly","firefox","Fri Aug 21 15:45:36 EDT 2026","passed","Fri Aug 21 15:45:51 EDT 2026","ACH — Smoke","specs\Smoke\7-ACHSmoke.spec.ts","",""
"","8572","Navigation tabs to Pre-Decisions, Approvals, and Exception History are visible","chromium","Fri Aug 21 15:46:36 EDT 2026","passed","Fri Aug 21 15:46:44 EDT 2026","Exceptions — Smoke (Continued)","specs\Smoke\8-ExceptionsSmoke.spec.ts","",""
"","7908","Previous page button returns to page 1, First page button re-enables disabled state","msedge","Fri Aug 21 15:53:21 EDT 2026","passed","Fri Aug 21 15:53:28 EDT 2026","ACH — Smoke","specs\Smoke\7-ACHSmoke.spec.ts","",""
"","9225","Pay/Return decision badge navigates to exception history","firefox","Fri Aug 21 13:45:33 EDT 2026","passed","Fri Aug 21 13:45:42 EDT 2026","Presented Checks — Smoke","specs\Smoke\5-PresentedChecksSmoke.spec.ts","",""
"","10784","Column filter popup applies a filter and Clear restores the full row set","chromium","Fri Aug 21 13:43:49 EDT 2026","passed","Fri Aug 21 13:44:00 EDT 2026","Issued Checks — Smoke","specs\Smoke\4-IssuedChecksSmoke.spec.ts","",""
"","8809","Notification Templates sub-page loads correctly","firefox","Fri Aug 21 15:42:39 EDT 2026","passed","Fri Aug 21 15:42:48 EDT 2026","Application Navigation Smoke Tests","specs\Smoke\2-NavigationSmoke.spec.ts","",""
"","9145","Grid View toggle navigates to the open-exceptions grid and shows key column headers","firefox","Fri Aug 21 13:49:08 EDT 2026","passed","Fri Aug 21 13:49:18 EDT 2026","Exceptions — Smoke","specs\Smoke\8-ExceptionsSmoke.spec.ts","",""
"","7222","Column filter menu applies a filter and Clear restores the full row set","msedge","Fri Aug 21 13:47:07 EDT 2026","passed","Fri Aug 21 13:47:14 EDT 2026","Exceptions — Smoke","specs\Smoke\8-ExceptionsSmoke.spec.ts","",""
"","6997","Pre-Decisions page loads with either records or the empty-state message","chromium","Fri Aug 21 15:47:09 EDT 2026","passed","Fri Aug 21 15:47:16 EDT 2026","Exceptions — Smoke (Continued)","specs\Smoke\8-ExceptionsSmoke.spec.ts","",""
"","1997","Validate Login functionality with incorrectUsername","chromium","Fri Aug 21 17:25:02 EDT 2026","passed","Fri Aug 21 17:25:04 EDT 2026","","specs\Smoke\1-LoginSmoke.spec.ts","",""
"","7042","Grid View toggle navigates to the open-exceptions grid and shows key column headers","msedge","Fri Aug 21 15:55:12 EDT 2026","passed","Fri Aug 21 15:55:19 EDT 2026","Exceptions — Smoke (Continued)","specs\Smoke\8-ExceptionsSmoke.spec.ts","",""
"","27405","Verify Home dashboard is restored after returning from another page","firefox","Fri Aug 21 15:41:21 EDT 2026","passed","Fri Aug 21 15:41:49 EDT 2026","Home Dashboard","specs\Smoke\3-HomeDashboardSmoke.spec.ts","",""
"","1904","Validate Login functionality with veryLongInput","chromium","Fri Aug 21 17:25:17 EDT 2026","passed","Fri Aug 21 17:25:19 EDT 2026","","specs\Smoke\1-LoginSmoke.spec.ts","",""
"","14733","Next page arrow advances to page 2","webkit","Fri Aug 21 15:48:02 EDT 2026","passed","Fri Aug 21 15:48:16 EDT 2026","ACH — Smoke","specs\Smoke\7-ACHSmoke.spec.ts","",""
"","18429","Issued Checks page loads correctly","webkit","Fri Aug 21 15:39:54 EDT 2026","passed","Fri Aug 21 15:40:12 EDT 2026","Application Navigation Smoke Tests","specs\Smoke\2-NavigationSmoke.spec.ts","",""
"","4513","Verify delayed data note and force refresh link are visible on dashboard","msedge","Fri Aug 21 15:49:57 EDT 2026","passed","Fri Aug 21 15:50:02 EDT 2026","Home Dashboard","specs\Smoke\3-HomeDashboardSmoke.spec.ts","",""
"","6765","Verify Home dashboard is restored after returning from another page","chromium","Fri Aug 21 15:40:59 EDT 2026","passed","Fri Aug 21 15:41:06 EDT 2026","Home Dashboard","specs\Smoke\3-HomeDashboardSmoke.spec.ts","",""
"","19953","File Processing sub-page loads correctly","webkit","Fri Aug 21 15:45:43 EDT 2026","passed","Fri Aug 21 15:46:03 EDT 2026","Application Navigation Smoke Tests","specs\Smoke\2-NavigationSmoke.spec.ts","",""
"","7003","Pay/Return decision badge navigates to exception history","msedge","Fri Aug 21 13:44:30 EDT 2026","passed","Fri Aug 21 13:44:37 EDT 2026","Presented Checks — Smoke","specs\Smoke\5-PresentedChecksSmoke.spec.ts","",""
"","9927","Search box filters grid and clears correctly","msedge","Fri Aug 21 15:52:37 EDT 2026","passed","Fri Aug 21 15:52:47 EDT 2026","ACH — Smoke","specs\Smoke\7-ACHSmoke.spec.ts","",""
"","2110","Validate Login functionality with missingUsername","msedge","Fri Aug 21 17:25:09 EDT 2026","passed","Fri Aug 21 17:25:11 EDT 2026","","specs\Smoke\1-LoginSmoke.spec.ts","",""
"","6351","Verify dashboard loads after successful login","firefox","Fri Aug 21 15:39:27 EDT 2026","passed","Fri Aug 21 15:39:34 EDT 2026","Home Dashboard","specs\Smoke\3-HomeDashboardSmoke.spec.ts","",""
"","4752","Verify navigation to Presented Checks via nav menu","msedge","Fri Aug 21 15:50:24 EDT 2026","passed","Fri Aug 21 15:50:29 EDT 2026","Home Dashboard","specs\Smoke\3-HomeDashboardSmoke.spec.ts","",""
"","9457","API link is visible and points to swagger","chromium","Fri Aug 21 15:42:44 EDT 2026","passed","Fri Aug 21 15:42:53 EDT 2026","Application Navigation Smoke Tests","specs\Smoke\2-NavigationSmoke.spec.ts","",""
"","5952","Validate session persists after page refresh","firefox","Fri Aug 21 17:27:23 EDT 2026","passed","Fri Aug 21 17:27:29 EDT 2026","","specs\Smoke\1-LoginSmoke.spec.ts","",""
"","6882","Validate teller presented-check form shows all required fields","msedge","Fri Aug 21 15:52:12 EDT 2026","passed","Fri Aug 21 15:52:18 EDT 2026","Teller - Smoke","specs\Smoke\6-TellerSmoke.spec.ts","",""
"","13053","Branding sub-page loads correctly","webkit","Fri Aug 21 15:42:46 EDT 2026","passed","Fri Aug 21 15:43:00 EDT 2026","Application Navigation Smoke Tests","specs\Smoke\2-NavigationSmoke.spec.ts","",""
"","2194","Validate Login functionality with xssInUsername","msedge","Fri Aug 21 17:25:13 EDT 2026","passed","Fri Aug 21 17:25:15 EDT 2026","","specs\Smoke\1-LoginSmoke.spec.ts","",""
"","10022","Account Settings sub-page loads correctly","firefox","Fri Aug 21 15:40:51 EDT 2026","passed","Fri Aug 21 15:41:01 EDT 2026","Application Navigation Smoke Tests","specs\Smoke\2-NavigationSmoke.spec.ts","",""
"","7845","Navigation tabs to Pre-Decisions, Approvals, and Exception History are visible","msedge","Fri Aug 21 15:54:57 EDT 2026","passed","Fri Aug 21 15:55:04 EDT 2026","Exceptions — Smoke (Continued)","specs\Smoke\8-ExceptionsSmoke.spec.ts","",""
"","15588","Page size change to 10 updates pagination info in bottom-right pager","webkit","Fri Aug 21 15:49:35 EDT 2026","passed","Fri Aug 21 15:49:50 EDT 2026","Exceptions — Smoke","specs\Smoke\8-ExceptionsSmoke.spec.ts","",""
"","16517","Default filter auto-applies after logout and re-login","msedge","Fri Aug 21 13:46:34 EDT 2026","passed","Fri Aug 21 13:46:51 EDT 2026","Exceptions — Smoke","specs\Smoke\8-ExceptionsSmoke.spec.ts","",""
"","14148","Verify summary KPI values have expected number formats","firefox","Fri Aug 21 15:40:42 EDT 2026","passed","Fri Aug 21 15:40:56 EDT 2026","Home Dashboard","specs\Smoke\3-HomeDashboardSmoke.spec.ts","",""
"","8031","""Edit"" link on a row navigates to the check edit form","firefox","Fri Aug 21 13:45:08 EDT 2026","passed","Fri Aug 21 13:45:16 EDT 2026","Presented Checks — Smoke","specs\Smoke\5-PresentedChecksSmoke.spec.ts","",""
"","49156","Default filter auto-applies after logout and re-login","chromium","Fri Aug 21 13:42:33 EDT 2026","failed","Fri Aug 21 13:43:22 EDT 2026","Issued Checks — Smoke","specs\Smoke\4-IssuedChecksSmoke.spec.ts","",""
"","6145","Branding sub-page loads correctly","msedge","Fri Aug 21 15:50:22 EDT 2026","passed","Fri Aug 21 15:50:28 EDT 2026","Application Navigation Smoke Tests","specs\Smoke\2-NavigationSmoke.spec.ts","",""
"","8786","Clicking a column header sorts ascending, clicking again sorts descending","firefox","Fri Aug 21 13:48:02 EDT 2026","passed","Fri Aug 21 13:48:10 EDT 2026","Exceptions — Smoke","specs\Smoke\8-ExceptionsSmoke.spec.ts","",""
"","9583","Typing a page number navigates to that page","firefox","Fri Aug 21 15:46:34 EDT 2026","passed","Fri Aug 21 15:46:44 EDT 2026","ACH — Smoke","specs\Smoke\7-ACHSmoke.spec.ts","",""
"","5987","Roles/Permissions sub-page loads correctly","msedge","Fri Aug 21 15:50:16 EDT 2026","passed","Fri Aug 21 15:50:22 EDT 2026","Application Navigation Smoke Tests","specs\Smoke\2-NavigationSmoke.spec.ts","",""
"","28531","Default filter auto-applies after logout and re-login","webkit","Fri Aug 21 13:58:16 EDT 2026","passed","Fri Aug 21 13:58:44 EDT 2026","Exceptions — Smoke","specs\Smoke\8-ExceptionsSmoke.spec.ts","",""
"","7681","Settings page loads correctly","chromium","Fri Aug 21 15:40:17 EDT 2026","passed","Fri Aug 21 15:40:25 EDT 2026","Application Navigation Smoke Tests","specs\Smoke\2-NavigationSmoke.spec.ts","",""
"","11841","Column filter popup applies a filter and Clear restores the full row set","firefox","Fri Aug 21 15:47:52 EDT 2026","passed","Fri Aug 21 15:48:04 EDT 2026","ACH — Smoke","specs\Smoke\7-ACHSmoke.spec.ts","",""
"","8889","Next page arrow advances to page 2","msedge","Fri Aug 21 15:51:43 EDT 2026","passed","Fri Aug 21 15:51:52 EDT 2026","Presented Checks — Smoke","specs\Smoke\5-PresentedChecksSmoke.spec.ts","",""
"","16482","Search box filters grid and clears correctly","webkit","Fri Aug 21 15:43:50 EDT 2026","passed","Fri Aug 21 15:44:06 EDT 2026","Issued Checks — Smoke","specs\Smoke\4-IssuedChecksSmoke.spec.ts","",""
"","4469","Validate Login functionality with missingPassword","webkit","Fri Aug 21 17:25:26 EDT 2026","passed","Fri Aug 21 17:25:31 EDT 2026","","specs\Smoke\1-LoginSmoke.spec.ts","",""
"","7256","Verify all three dashboard view tabs are visible","chromium","Fri Aug 21 15:39:37 EDT 2026","passed","Fri Aug 21 15:39:44 EDT 2026","Home Dashboard","specs\Smoke\3-HomeDashboardSmoke.spec.ts","",""
"","12939","Verify navigation to Settings via nav menu","webkit","Fri Aug 21 15:44:30 EDT 2026","passed","Fri Aug 21 15:44:43 EDT 2026","Home Dashboard","specs\Smoke\3-HomeDashboardSmoke.spec.ts","",""
"","16883","Previous page button returns to page 1, First page button re-enables disabled state","webkit","Fri Aug 21 15:50:35 EDT 2026","passed","Fri Aug 21 15:50:52 EDT 2026","Exceptions — Smoke","specs\Smoke\8-ExceptionsSmoke.spec.ts","",""
"","11554","Save a filter preset, verify it is auto-selected, then delete it","firefox","Fri Aug 21 15:46:33 EDT 2026","passed","Fri Aug 21 15:46:44 EDT 2026","Issued Checks — Smoke (Continued)","specs\Smoke\4-IssuedChecksSmoke.spec.ts","",""
"","5895","Approvals page loads with either records or the empty-state message","msedge","Fri Aug 21 13:47:57 EDT 2026","passed","Fri Aug 21 13:48:02 EDT 2026","Exceptions — Smoke","specs\Smoke\8-ExceptionsSmoke.spec.ts","",""
"","8106","Clicking a column header sorts ascending, clicking again sorts descending","firefox","Fri Aug 21 15:47:44 EDT 2026","passed","Fri Aug 21 15:47:52 EDT 2026","ACH — Smoke","specs\Smoke\7-ACHSmoke.spec.ts","",""
"","4782","Verify all three dashboard view tabs are visible","msedge","Fri Aug 21 15:49:06 EDT 2026","passed","Fri Aug 21 15:49:11 EDT 2026","Home Dashboard","specs\Smoke\3-HomeDashboardSmoke.spec.ts","",""
"","6716","Web Hooks sub-page loads correctly","msedge","Fri Aug 21 15:52:05 EDT 2026","passed","Fri Aug 21 15:52:12 EDT 2026","Application Navigation Smoke Tests","specs\Smoke\2-NavigationSmoke.spec.ts","",""
"","14324","Clicking a column header sorts ascending, clicking again sorts descending","webkit","Fri Aug 21 15:47:32 EDT 2026","passed","Fri Aug 21 15:47:46 EDT 2026","Issued Checks — Smoke (Continued)","specs\Smoke\4-IssuedChecksSmoke.spec.ts","",""
"","7610","ACH page loads correctly","msedge","Fri Aug 21 15:49:32 EDT 2026","passed","Fri Aug 21 15:49:40 EDT 2026","Application Navigation Smoke Tests","specs\Smoke\2-NavigationSmoke.spec.ts","",""
"","8597","Verify tab-specific charts are hidden for opposite tab","chromium","Fri Aug 21 15:40:18 EDT 2026","passed","Fri Aug 21 15:40:26 EDT 2026","Home Dashboard","specs\Smoke\3-HomeDashboardSmoke.spec.ts","",""
"","8157","""View"" (Change Log) link on a row navigates to the entity log","msedge","Fri Aug 21 15:52:33 EDT 2026","passed","Fri Aug 21 15:52:41 EDT 2026","Issued Checks — Smoke (Continued)","specs\Smoke\4-IssuedChecksSmoke.spec.ts","",""
"","7479","Verify dashboard tab checked state updates correctly","chromium","Fri Aug 21 15:40:04 EDT 2026","passed","Fri Aug 21 15:40:12 EDT 2026","Home Dashboard","specs\Smoke\3-HomeDashboardSmoke.spec.ts","",""
"","6809","Excel export button is visible and enabled","msedge","Fri Aug 21 15:50:37 EDT 2026","passed","Fri Aug 21 15:50:44 EDT 2026","Issued Checks — Smoke","specs\Smoke\4-IssuedChecksSmoke.spec.ts","",""
"","9980","Notification Log sub-page loads correctly","firefox","Fri Aug 21 15:43:39 EDT 2026","passed","Fri Aug 21 15:43:49 EDT 2026","Application Navigation Smoke Tests","specs\Smoke\2-NavigationSmoke.spec.ts","",""
"","7556","Grid View toggle navigates to the open-exceptions grid and shows key column headers","msedge","Fri Aug 21 13:47:49 EDT 2026","passed","Fri Aug 21 13:47:57 EDT 2026","Exceptions — Smoke","specs\Smoke\8-ExceptionsSmoke.spec.ts","",""
"","10197","Holiday Schedules sub-page loads correctly","firefox","Fri Aug 21 15:42:17 EDT 2026","passed","Fri Aug 21 15:42:27 EDT 2026","Application Navigation Smoke Tests","specs\Smoke\2-NavigationSmoke.spec.ts","",""
"","7374","Issued Checks page loads correctly","msedge","Fri Aug 21 15:49:10 EDT 2026","passed","Fri Aug 21 15:49:17 EDT 2026","Application Navigation Smoke Tests","specs\Smoke\2-NavigationSmoke.spec.ts","",""
"","6506","Verify all three dashboard view tabs are visible","firefox","Fri Aug 21 15:39:34 EDT 2026","passed","Fri Aug 21 15:39:41 EDT 2026","Home Dashboard","specs\Smoke\3-HomeDashboardSmoke.spec.ts","",""
"","13021","Exceptions page loads correctly","webkit","Fri Aug 21 15:41:14 EDT 2026","passed","Fri Aug 21 15:41:27 EDT 2026","Application Navigation Smoke Tests","specs\Smoke\2-NavigationSmoke.spec.ts","",""
"","14104","Next page arrow advances to page 2","firefox","Fri Aug 21 15:44:01 EDT 2026","passed","Fri Aug 21 15:44:15 EDT 2026","Presented Checks — Smoke","specs\Smoke\5-PresentedChecksSmoke.spec.ts","",""
"","5412","Verify ACH Only tab shows ACH-specific chart sections","msedge","Fri Aug 21 15:49:21 EDT 2026","passed","Fri Aug 21 15:49:27 EDT 2026","Home Dashboard","specs\Smoke\3-HomeDashboardSmoke.spec.ts","",""
"","7789","Grid loads with data rows and key column headers","msedge","Fri Aug 21 15:50:05 EDT 2026","passed","Fri Aug 21 15:50:13 EDT 2026","Issued Checks — Smoke","specs\Smoke\4-IssuedChecksSmoke.spec.ts","",""
"","8753","Open Exceptions page loads with either exception cards or the empty-state message","chromium","Fri Aug 21 13:46:49 EDT 2026","passed","Fri Aug 21 13:46:58 EDT 2026","Exceptions — Smoke","specs\Smoke\8-ExceptionsSmoke.spec.ts","",""
"","7068","Automatic ACH Decision Rules sub-page loads correctly","chromium","Fri Aug 21 15:42:01 EDT 2026","passed","Fri Aug 21 15:42:08 EDT 2026","Application Navigation Smoke Tests","specs\Smoke\2-NavigationSmoke.spec.ts","",""
"","12938","Excel export button is visible and enabled","firefox","Fri Aug 21 15:45:51 EDT 2026","passed","Fri Aug 21 15:46:04 EDT 2026","ACH — Smoke","specs\Smoke\7-ACHSmoke.spec.ts","",""
"","15126","Home page is accessible and shows dashboard","webkit","Fri Aug 21 15:39:39 EDT 2026","passed","Fri Aug 21 15:39:54 EDT 2026","Application Navigation Smoke Tests","specs\Smoke\2-NavigationSmoke.spec.ts","",""
"","2193","Validate Login functionality with emptyFields","msedge","Fri Aug 21 17:25:04 EDT 2026","passed","Fri Aug 21 17:25:07 EDT 2026","","specs\Smoke\1-LoginSmoke.spec.ts","",""
"","15606","Save a filter preset, verify it is auto-selected, then delete it","webkit","Fri Aug 21 13:55:05 EDT 2026","passed","Fri Aug 21 13:55:21 EDT 2026","Presented Checks — Smoke","specs\Smoke\5-PresentedChecksSmoke.spec.ts","",""
"","5784","Next page arrow advances to page 2","msedge","Fri Aug 21 15:53:01 EDT 2026","passed","Fri Aug 21 15:53:07 EDT 2026","ACH — Smoke","specs\Smoke\7-ACHSmoke.spec.ts","",""
"","6967","Validate Login functionality with sqlInjection","firefox","Fri Aug 21 17:26:54 EDT 2026","passed","Fri Aug 21 17:27:01 EDT 2026","","specs\Smoke\1-LoginSmoke.spec.ts","",""
"","7536","Presented Checks page loads correctly","msedge","Fri Aug 21 15:49:17 EDT 2026","passed","Fri Aug 21 15:49:25 EDT 2026","Application Navigation Smoke Tests","specs\Smoke\2-NavigationSmoke.spec.ts","",""
"","11193","Validate teller presented-check form shows all required fields","firefox","Fri Aug 21 15:44:43 EDT 2026","passed","Fri Aug 21 15:44:54 EDT 2026","Teller - Smoke","specs\Smoke\6-TellerSmoke.spec.ts","",""
"","7961","""View"" (Change Log) link on a row navigates to the entity log","firefox","Fri Aug 21 15:47:19 EDT 2026","passed","Fri Aug 21 15:47:27 EDT 2026","Issued Checks — Smoke (Continued)","specs\Smoke\4-IssuedChecksSmoke.spec.ts","",""
"","8540","""Uploaded Checks"" navigates to the uploads page","chromium","Fri Aug 21 15:41:57 EDT 2026","passed","Fri Aug 21 15:42:06 EDT 2026","Presented Checks — Smoke","specs\Smoke\5-PresentedChecksSmoke.spec.ts","",""
"","10693","Next page arrow advances to page 2","firefox","Fri Aug 21 15:46:15 EDT 2026","passed","Fri Aug 21 15:46:26 EDT 2026","ACH — Smoke","specs\Smoke\7-ACHSmoke.spec.ts","",""
"","13288","Decision badge on an already-reviewed row is blocked with a system message","webkit","Fri Aug 21 13:59:37 EDT 2026","passed","Fri Aug 21 13:59:51 EDT 2026","Exceptions — Smoke","specs\Smoke\8-ExceptionsSmoke.spec.ts","",""
"","4904","Verify navigation to Settings via nav menu","msedge","Fri Aug 21 15:50:40 EDT 2026","passed","Fri Aug 21 15:50:45 EDT 2026","Home Dashboard","specs\Smoke\3-HomeDashboardSmoke.spec.ts","",""
"","11219","Check Approval Rules sub-page loads correctly","firefox","Fri Aug 21 15:43:00 EDT 2026","passed","Fri Aug 21 15:43:11 EDT 2026","Application Navigation Smoke Tests","specs\Smoke\2-NavigationSmoke.spec.ts","",""
"","18447","Column filter popup applies a filter and Clear restores the full row set","firefox","Fri Aug 21 13:45:17 EDT 2026","passed","Fri Aug 21 13:45:35 EDT 2026","Issued Checks — Smoke","specs\Smoke\4-IssuedChecksSmoke.spec.ts","",""
"","7284","Next page arrow advances to page 2","msedge","Fri Aug 21 15:53:24 EDT 2026","passed","Fri Aug 21 15:53:31 EDT 2026","Exceptions — Smoke","specs\Smoke\8-ExceptionsSmoke.spec.ts","",""
"","3146","Validate Login functionality with caseSensitiveEmail","chromium","Fri Aug 21 17:24:57 EDT 2026","passed","Fri Aug 21 17:25:00 EDT 2026","","specs\Smoke\1-LoginSmoke.spec.ts","",""
"","15817","Account Settings sub-page loads correctly","webkit","Fri Aug 21 15:41:41 EDT 2026","passed","Fri Aug 21 15:41:57 EDT 2026","Application Navigation Smoke Tests","specs\Smoke\2-NavigationSmoke.spec.ts","",""
"","10881","Automatic ACH Decision Rules sub-page loads correctly","webkit","Fri Aug 21 15:44:40 EDT 2026","passed","Fri Aug 21 15:44:51 EDT 2026","Application Navigation Smoke Tests","specs\Smoke\2-NavigationSmoke.spec.ts","",""
"","8469","Clicking a column header sorts ascending, clicking again sorts descending","firefox","Fri Aug 21 15:47:33 EDT 2026","passed","Fri Aug 21 15:47:41 EDT 2026","Presented Checks — Smoke (Continued)","specs\Smoke\5-PresentedChecksSmoke.spec.ts","",""
"","2614","Validate Login functionality with invalidEmailFormat","chromium","Fri Aug 21 17:25:04 EDT 2026","passed","Fri Aug 21 17:25:06 EDT 2026","","specs\Smoke\1-LoginSmoke.spec.ts","",""
"","9081","Saved Filters dropdown is visible and defaults to no preset","firefox","Fri Aug 21 15:49:10 EDT 2026","passed","Fri Aug 21 15:49:19 EDT 2026","Exceptions — Smoke","specs\Smoke\8-ExceptionsSmoke.spec.ts","",""
"","12957","Check Approval Rules sub-page loads correctly","webkit","Fri Aug 21 15:44:27 EDT 2026","passed","Fri Aug 21 15:44:40 EDT 2026","Application Navigation Smoke Tests","specs\Smoke\2-NavigationSmoke.spec.ts","",""
"","9777","Grid loads with data rows and key column headers","chromium","Fri Aug 21 15:43:12 EDT 2026","passed","Fri Aug 21 15:43:22 EDT 2026","ACH — Smoke","specs\Smoke\7-ACHSmoke.spec.ts","",""
"","9213","Save a filter preset, verify it is auto-selected, then delete it","msedge","Fri Aug 21 15:53:49 EDT 2026","passed","Fri Aug 21 15:53:58 EDT 2026","ACH — Smoke","specs\Smoke\7-ACHSmoke.spec.ts","",""
"","11592","Save a filter preset, verify it is auto-selected, then delete it","chromium","Fri Aug 21 15:43:36 EDT 2026","passed","Fri Aug 21 15:43:48 EDT 2026","Presented Checks — Smoke (Continued)","specs\Smoke\5-PresentedChecksSmoke.spec.ts","",""
"","15309","Search box filters grid and clears correctly","webkit","Fri Aug 21 15:49:07 EDT 2026","passed","Fri Aug 21 15:49:23 EDT 2026","Exceptions — Smoke","specs\Smoke\8-ExceptionsSmoke.spec.ts","",""
"","13317","Excel export button is visible and enabled","webkit","Fri Aug 21 15:44:06 EDT 2026","passed","Fri Aug 21 15:44:20 EDT 2026","Issued Checks — Smoke","specs\Smoke\4-IssuedChecksSmoke.spec.ts","",""
"","10617","Search box filters grid and clears correctly","chromium","Fri Aug 21 15:42:06 EDT 2026","passed","Fri Aug 21 15:42:16 EDT 2026","Presented Checks — Smoke","specs\Smoke\5-PresentedChecksSmoke.spec.ts","",""
"","5839","Excel export button is visible and enabled","msedge","Fri Aug 21 15:53:12 EDT 2026","passed","Fri Aug 21 15:53:17 EDT 2026","Exceptions — Smoke","specs\Smoke\8-ExceptionsSmoke.spec.ts","",""
"","10359","Last page arrow jumps to the final page","msedge","Fri Aug 21 15:51:01 EDT 2026","passed","Fri Aug 21 15:51:12 EDT 2026","Issued Checks — Smoke","specs\Smoke\4-IssuedChecksSmoke.spec.ts","",""
"","10735","Exceptions breadcrumb link is visible on the page","webkit","Fri Aug 21 15:53:03 EDT 2026","passed","Fri Aug 21 15:53:14 EDT 2026","Exceptions — Smoke (Continued)","specs\Smoke\8-ExceptionsSmoke.spec.ts","",""
"","14106","Users sub-page loads correctly","webkit","Fri Aug 21 15:42:14 EDT 2026","passed","Fri Aug 21 15:42:28 EDT 2026","Application Navigation Smoke Tests","specs\Smoke\2-NavigationSmoke.spec.ts","",""
"","4490","Validate Login functionality with emptyFields","webkit","Fri Aug 21 17:25:22 EDT 2026","passed","Fri Aug 21 17:25:26 EDT 2026","","specs\Smoke\1-LoginSmoke.spec.ts","",""
"","25240","Default filter auto-applies after logout and re-login","firefox","Fri Aug 21 15:47:04 EDT 2026","passed","Fri Aug 21 15:47:30 EDT 2026","ACH — Smoke","specs\Smoke\7-ACHSmoke.spec.ts","",""
"","7645","Pay/Return decision badge navigates to exception history","chromium","Fri Aug 21 15:45:55 EDT 2026","passed","Fri Aug 21 15:46:03 EDT 2026","Presented Checks — Smoke (Continued)","specs\Smoke\5-PresentedChecksSmoke.spec.ts","",""
"","11183","Grid loads with data rows and key column headers","firefox","Fri Aug 21 15:41:25 EDT 2026","passed","Fri Aug 21 15:41:36 EDT 2026","Issued Checks — Smoke","specs\Smoke\4-IssuedChecksSmoke.spec.ts","",""
"","23694","Save a filter preset, verify it is auto-selected, then delete it","webkit","Fri Aug 21 15:51:42 EDT 2026","passed","Fri Aug 21 15:52:06 EDT 2026","Exceptions — Smoke (Continued)","specs\Smoke\8-ExceptionsSmoke.spec.ts","",""
"","8108","Last page arrow jumps to the final page","firefox","Fri Aug 21 15:46:26 EDT 2026","passed","Fri Aug 21 15:46:34 EDT 2026","ACH — Smoke","specs\Smoke\7-ACHSmoke.spec.ts","",""
"","13011","Default filter auto-applies after logout and re-login","msedge","Fri Aug 21 15:52:23 EDT 2026","passed","Fri Aug 21 15:52:36 EDT 2026","Presented Checks — Default Filter (Serial)","specs\Smoke\5-PresentedChecksSmoke.spec.ts","",""
"","8329","Clicking a column header sorts ascending, clicking again sorts descending","msedge","Fri Aug 21 13:43:51 EDT 2026","passed","Fri Aug 21 13:43:59 EDT 2026","Presented Checks — Smoke","specs\Smoke\5-PresentedChecksSmoke.spec.ts","",""
"","2062","Validate forgot password functionality with No email","chromium","Fri Aug 21 17:25:21 EDT 2026","passed","Fri Aug 21 17:25:23 EDT 2026","","specs\Smoke\1-LoginSmoke.spec.ts","",""
"","8007","""Edit"" link on a row navigates to the check edit form","firefox","Fri Aug 21 15:47:53 EDT 2026","passed","Fri Aug 21 15:48:01 EDT 2026","Presented Checks — Smoke (Continued)","specs\Smoke\5-PresentedChecksSmoke.spec.ts","",""
"","7332","""+ Add Check"" navigates to the add-check form","msedge","Fri Aug 21 15:50:13 EDT 2026","passed","Fri Aug 21 15:50:20 EDT 2026","Issued Checks — Smoke","specs\Smoke\4-IssuedChecksSmoke.spec.ts","",""
"","12140","Column filter popup applies a filter and Clear restores the full row set","chromium","Fri Aug 21 15:45:25 EDT 2026","passed","Fri Aug 21 15:45:37 EDT 2026","ACH — Smoke","specs\Smoke\7-ACHSmoke.spec.ts","",""
"","14517","Typing a page number navigates to that page","webkit","Fri Aug 21 15:48:30 EDT 2026","passed","Fri Aug 21 15:48:45 EDT 2026","ACH — Smoke","specs\Smoke\7-ACHSmoke.spec.ts","",""
"","17455","Default filter auto-applies after logout and re-login","firefox","Fri Aug 21 15:46:15 EDT 2026","passed","Fri Aug 21 15:46:33 EDT 2026","Issued Checks — Default Filter (Serial)","specs\Smoke\4-IssuedChecksSmoke.spec.ts","",""
"","9429","Previous page button returns to page 1, First page button re-enables disabled state","chromium","Fri Aug 21 15:43:02 EDT 2026","passed","Fri Aug 21 15:43:11 EDT 2026","Presented Checks — Smoke","specs\Smoke\5-PresentedChecksSmoke.spec.ts","",""
"","12888","Column filter popup applies a filter and Clear restores the full row set","webkit","Fri Aug 21 13:55:38 EDT 2026","passed","Fri Aug 21 13:55:51 EDT 2026","Issued Checks — Smoke","specs\Smoke\4-IssuedChecksSmoke.spec.ts","",""
"","1963","Validate Login functionality with incorrectUsername","msedge","Fri Aug 21 17:25:00 EDT 2026","passed","Fri Aug 21 17:25:02 EDT 2026","","specs\Smoke\1-LoginSmoke.spec.ts","",""
"","9576","Verify delayed data note and force refresh link are visible on dashboard","firefox","Fri Aug 21 15:40:56 EDT 2026","passed","Fri Aug 21 15:41:06 EDT 2026","Home Dashboard","specs\Smoke\3-HomeDashboardSmoke.spec.ts","",""
"","12699","Grid View toggle navigates to the open-exceptions grid and shows key column headers","webkit","Fri Aug 21 15:53:34 EDT 2026","passed","Fri Aug 21 15:53:47 EDT 2026","Exceptions — Smoke (Continued)","specs\Smoke\8-ExceptionsSmoke.spec.ts","",""
"","16387","""View"" link on a row opens the Exception Details dialog","webkit","Fri Aug 21 15:52:31 EDT 2026","passed","Fri Aug 21 15:52:48 EDT 2026","Exceptions — Smoke (Continued)","specs\Smoke\8-ExceptionsSmoke.spec.ts","",""
"","2837","Validate unauthenticated access to protected route is redirected to login","firefox","Fri Aug 21 17:27:29 EDT 2026","passed","Fri Aug 21 17:27:32 EDT 2026","","specs\Smoke\1-LoginSmoke.spec.ts","",""
"","10352","Previous page button returns to page 1, First page button re-enables disabled state","chromium","Fri Aug 21 15:42:12 EDT 2026","passed","Fri Aug 21 15:42:23 EDT 2026","Issued Checks — Smoke","specs\Smoke\4-IssuedChecksSmoke.spec.ts","",""
"","5396","Verify profile menu shows My Info and Logout links","chromium","Fri Aug 21 15:40:54 EDT 2026","passed","Fri Aug 21 15:40:59 EDT 2026","Home Dashboard","specs\Smoke\3-HomeDashboardSmoke.spec.ts","",""
"","6649","Saved Filters dropdown is visible and defaults to no preset","msedge","Fri Aug 21 15:52:16 EDT 2026","passed","Fri Aug 21 15:52:23 EDT 2026","Presented Checks — Smoke","specs\Smoke\5-PresentedChecksSmoke.spec.ts","",""
"","9142","Next page arrow advances to page 2","chromium","Fri Aug 21 15:41:45 EDT 2026","passed","Fri Aug 21 15:41:54 EDT 2026","Issued Checks — Smoke","specs\Smoke\4-IssuedChecksSmoke.spec.ts","",""
"","14573","Typing a page number navigates to that page","webkit","Fri Aug 21 15:45:07 EDT 2026","passed","Fri Aug 21 15:45:22 EDT 2026","Issued Checks — Smoke","specs\Smoke\4-IssuedChecksSmoke.spec.ts","",""
"","7580","Settings page loads correctly","msedge","Fri Aug 21 15:49:47 EDT 2026","passed","Fri Aug 21 15:49:54 EDT 2026","Application Navigation Smoke Tests","specs\Smoke\2-NavigationSmoke.spec.ts","",""
"","7297","Search box filters grid and clears correctly","msedge","Fri Aug 21 15:53:04 EDT 2026","passed","Fri Aug 21 15:53:12 EDT 2026","Exceptions — Smoke","specs\Smoke\8-ExceptionsSmoke.spec.ts","",""
"","4669","Validate Login functionality with missingUsername","webkit","Fri Aug 21 17:25:31 EDT 2026","passed","Fri Aug 21 17:25:36 EDT 2026","","specs\Smoke\1-LoginSmoke.spec.ts","",""
"","11041","""Uploaded ACH"" navigates to the uploads page","firefox","Fri Aug 21 15:45:24 EDT 2026","passed","Fri Aug 21 15:45:36 EDT 2026","ACH — Smoke","specs\Smoke\7-ACHSmoke.spec.ts","",""
"","8771","""View"" (Change Log) link on a row navigates to the entity log","chromium","Fri Aug 21 15:45:38 EDT 2026","passed","Fri Aug 21 15:45:47 EDT 2026","Presented Checks — Smoke (Continued)","specs\Smoke\5-PresentedChecksSmoke.spec.ts","",""
"","17057","Default filter auto-applies after logout and re-login","chromium","Fri Aug 21 15:43:19 EDT 2026","passed","Fri Aug 21 15:43:36 EDT 2026","Presented Checks — Default Filter (Serial)","specs\Smoke\5-PresentedChecksSmoke.spec.ts","",""
"","12810","Decision Files sub-page loads correctly","firefox","Fri Aug 21 15:42:04 EDT 2026","passed","Fri Aug 21 15:42:17 EDT 2026","Application Navigation Smoke Tests","specs\Smoke\2-NavigationSmoke.spec.ts","",""
"","14667","Verify Home dashboard is restored after returning from another page","webkit","Fri Aug 21 15:43:27 EDT 2026","passed","Fri Aug 21 15:43:42 EDT 2026","Home Dashboard","specs\Smoke\3-HomeDashboardSmoke.spec.ts","",""
"","8998","Excel export button is visible and enabled","msedge","Fri Aug 21 15:51:26 EDT 2026","passed","Fri Aug 21 15:51:35 EDT 2026","Presented Checks — Smoke","specs\Smoke\5-PresentedChecksSmoke.spec.ts","",""
"","4118","Validate unauthenticated access to protected route is redirected to login","webkit","Fri Aug 21 17:26:10 EDT 2026","passed","Fri Aug 21 17:26:14 EDT 2026","","specs\Smoke\1-LoginSmoke.spec.ts","",""
"","19587","Default filter auto-applies after logout and re-login","chromium","Fri Aug 21 15:45:17 EDT 2026","passed","Fri Aug 21 15:45:37 EDT 2026","Exceptions — Default Filter (Serial)","specs\Smoke\8-ExceptionsSmoke.spec.ts","",""
"","7764","Default Decision Log sub-page loads correctly","chromium","Fri Aug 21 15:42:23 EDT 2026","passed","Fri Aug 21 15:42:31 EDT 2026","Application Navigation Smoke Tests","specs\Smoke\2-NavigationSmoke.spec.ts","",""
"","36572","Default filter auto-applies after logout and re-login","webkit","Fri Aug 21 15:51:05 EDT 2026","passed","Fri Aug 21 15:51:42 EDT 2026","Exceptions — Default Filter (Serial)","specs\Smoke\8-ExceptionsSmoke.spec.ts","",""
"","3824","Validate Login functionality with incorrectUsername","webkit","Fri Aug 21 17:25:14 EDT 2026","passed","Fri Aug 21 17:25:18 EDT 2026","","specs\Smoke\1-LoginSmoke.spec.ts","",""
"","8622","""View"" (Change Log) link on a row navigates to the entity log","firefox","Fri Aug 21 15:48:01 EDT 2026","passed","Fri Aug 21 15:48:09 EDT 2026","Presented Checks — Smoke (Continued)","specs\Smoke\5-PresentedChecksSmoke.spec.ts","",""
"","16925","Excel export button is visible and enabled","webkit","Fri Aug 21 15:46:03 EDT 2026","passed","Fri Aug 21 15:46:20 EDT 2026","Presented Checks — Smoke","specs\Smoke\5-PresentedChecksSmoke.spec.ts","",""
"","7058","Users sub-page loads correctly","chromium","Fri Aug 21 15:40:41 EDT 2026","passed","Fri Aug 21 15:40:48 EDT 2026","Application Navigation Smoke Tests","specs\Smoke\2-NavigationSmoke.spec.ts","",""
"","7198","Previous page button returns to page 1, First page button re-enables disabled state","msedge","Fri Aug 21 15:53:45 EDT 2026","passed","Fri Aug 21 15:53:52 EDT 2026","Exceptions — Smoke","specs\Smoke\8-ExceptionsSmoke.spec.ts","",""
"","6734","Default Decision Log sub-page loads correctly","msedge","Fri Aug 21 15:51:34 EDT 2026","passed","Fri Aug 21 15:51:41 EDT 2026","Application Navigation Smoke Tests","specs\Smoke\2-NavigationSmoke.spec.ts","",""
"","7072","Verify dashboard footer footnote and privacy link are visible","chromium","Fri Aug 21 15:40:47 EDT 2026","passed","Fri Aug 21 15:40:54 EDT 2026","Home Dashboard","specs\Smoke\3-HomeDashboardSmoke.spec.ts","",""
"","13782","Automatic Check Decision Rules sub-page loads correctly","webkit","Fri Aug 21 15:44:13 EDT 2026","passed","Fri Aug 21 15:44:27 EDT 2026","Application Navigation Smoke Tests","specs\Smoke\2-NavigationSmoke.spec.ts","",""
"","5771","ACH Approval Rules sub-page loads correctly","msedge","Fri Aug 21 15:51:21 EDT 2026","passed","Fri Aug 21 15:51:27 EDT 2026","Application Navigation Smoke Tests","specs\Smoke\2-NavigationSmoke.spec.ts","",""
"","7558","Decision badge on an already-reviewed row is blocked with a system message","msedge","Fri Aug 21 15:54:43 EDT 2026","passed","Fri Aug 21 15:54:51 EDT 2026","Exceptions — Smoke (Continued)","specs\Smoke\8-ExceptionsSmoke.spec.ts","",""
"","143450","Next page arrow advances to page 2","firefox","Fri Aug 21 15:42:58 EDT 2026","passed","Fri Aug 21 15:45:21 EDT 2026","Issued Checks — Smoke","specs\Smoke\4-IssuedChecksSmoke.spec.ts","",""
"","13431","Typing a page number navigates to that page","webkit","Fri Aug 21 15:46:59 EDT 2026","passed","Fri Aug 21 15:47:13 EDT 2026","Presented Checks — Smoke","specs\Smoke\5-PresentedChecksSmoke.spec.ts","",""
"","8827","File Processing sub-page loads correctly","msedge","Fri Aug 21 15:51:50 EDT 2026","passed","Fri Aug 21 15:51:59 EDT 2026","Application Navigation Smoke Tests","specs\Smoke\2-NavigationSmoke.spec.ts","",""
"","12219","Settings page loads correctly","firefox","Fri Aug 21 15:40:39 EDT 2026","passed","Fri Aug 21 15:40:51 EDT 2026","Application Navigation Smoke Tests","specs\Smoke\2-NavigationSmoke.spec.ts","",""
"","8413","Verify profile menu shows My Info and Logout links","firefox","Fri Aug 21 15:41:13 EDT 2026","passed","Fri Aug 21 15:41:21 EDT 2026","Home Dashboard","specs\Smoke\3-HomeDashboardSmoke.spec.ts","",""
"","11852","Verify navigation to ACH via nav menu","webkit","Fri Aug 21 15:44:05 EDT 2026","passed","Fri Aug 21 15:44:17 EDT 2026","Home Dashboard","specs\Smoke\3-HomeDashboardSmoke.spec.ts","",""
"","10037","Save a filter preset, verify it is auto-selected, then delete it","msedge","Fri Aug 21 15:52:00 EDT 2026","passed","Fri Aug 21 15:52:10 EDT 2026","Issued Checks — Smoke (Continued)","specs\Smoke\4-IssuedChecksSmoke.spec.ts","",""
"","8781","Pre-Decisions page loads with either records or the empty-state message","webkit","Fri Aug 21 15:53:55 EDT 2026","passed","Fri Aug 21 15:54:04 EDT 2026","Exceptions — Smoke (Continued)","specs\Smoke\8-ExceptionsSmoke.spec.ts","",""
"","8800","Validate teller presented-check form shows all required fields","chromium","Fri Aug 21 15:43:03 EDT 2026","passed","Fri Aug 21 15:43:12 EDT 2026","Teller - Smoke","specs\Smoke\6-TellerSmoke.spec.ts","",""
"","7691","Typing a page number navigates to that page","firefox","Fri Aug 21 15:48:52 EDT 2026","passed","Fri Aug 21 15:48:59 EDT 2026","Exceptions — Smoke","specs\Smoke\8-ExceptionsSmoke.spec.ts","",""
"","29916","Default filter auto-applies after logout and re-login","webkit","Fri Aug 21 13:54:44 EDT 2026","passed","Fri Aug 21 13:55:14 EDT 2026","Issued Checks — Smoke","specs\Smoke\4-IssuedChecksSmoke.spec.ts","",""
"","11535","Clicking a column header sorts ascending, clicking again sorts descending","firefox","Fri Aug 21 15:49:57 EDT 2026","passed","Fri Aug 21 15:50:08 EDT 2026","Exceptions — Smoke (Continued)","specs\Smoke\8-ExceptionsSmoke.spec.ts","",""
"","2614","Validate forgot password with unregistered email","msedge","Fri Aug 21 17:25:21 EDT 2026","passed","Fri Aug 21 17:25:24 EDT 2026","","specs\Smoke\1-LoginSmoke.spec.ts","",""
"","13586","Clicking a column header sorts ascending, clicking again sorts descending","firefox","Fri Aug 21 15:46:44 EDT 2026","passed","Fri Aug 21 15:46:58 EDT 2026","Issued Checks — Smoke (Continued)","specs\Smoke\4-IssuedChecksSmoke.spec.ts","",""
"","10957","Save a filter preset, verify it is auto-selected, then delete it","msedge","Fri Aug 21 13:43:40 EDT 2026","passed","Fri Aug 21 13:43:51 EDT 2026","Presented Checks — Smoke","specs\Smoke\5-PresentedChecksSmoke.spec.ts","",""
"","7510","Saved Filters dropdown is visible and defaults to no preset","firefox","Fri Aug 21 15:46:57 EDT 2026","passed","Fri Aug 21 15:47:04 EDT 2026","ACH — Smoke","specs\Smoke\7-ACHSmoke.spec.ts","",""
"","8598","""View"" link on a row opens the Exception Details dialog","msedge","Fri Aug 21 15:54:35 EDT 2026","passed","Fri Aug 21 15:54:43 EDT 2026","Exceptions — Smoke (Continued)","specs\Smoke\8-ExceptionsSmoke.spec.ts","",""
"","12961","""View"" (Change Log) link on a row navigates to the entity log","webkit","Fri Aug 21 15:48:17 EDT 2026","passed","Fri Aug 21 15:48:30 EDT 2026","Issued Checks — Smoke (Continued)","specs\Smoke\4-IssuedChecksSmoke.spec.ts","",""
"","7080","""Delete"" on a row shows a confirm modal; Cancel dismisses it without deleting","msedge","Fri Aug 21 13:44:23 EDT 2026","passed","Fri Aug 21 13:44:30 EDT 2026","Presented Checks — Smoke","specs\Smoke\5-PresentedChecksSmoke.spec.ts","",""
"","8765","System Log sub-page loads correctly","msedge","Fri Aug 21 15:51:41 EDT 2026","passed","Fri Aug 21 15:51:50 EDT 2026","Application Navigation Smoke Tests","specs\Smoke\2-NavigationSmoke.spec.ts","",""
"","9679","ACH Approval Rules sub-page loads correctly","firefox","Fri Aug 21 15:43:29 EDT 2026","passed","Fri Aug 21 15:43:39 EDT 2026","Application Navigation Smoke Tests","specs\Smoke\2-NavigationSmoke.spec.ts","",""
"","9274","Last page arrow jumps to the final page","chromium","Fri Aug 21 15:42:43 EDT 2026","passed","Fri Aug 21 15:42:52 EDT 2026","Presented Checks — Smoke","specs\Smoke\5-PresentedChecksSmoke.spec.ts","",""
"","18037","Column filter popup applies a filter and Clear restores the full row set","chromium","Fri Aug 21 13:43:28 EDT 2026","passed","Fri Aug 21 13:43:46 EDT 2026","Presented Checks — Smoke","specs\Smoke\5-PresentedChecksSmoke.spec.ts","",""
"","6063","Verify navigation to Exceptions via nav menu","msedge","Fri Aug 21 15:50:34 EDT 2026","passed","Fri Aug 21 15:50:40 EDT 2026","Home Dashboard","specs\Smoke\3-HomeDashboardSmoke.spec.ts","",""
"","8590","Check Approval Rules sub-page loads correctly","chromium","Fri Aug 21 15:41:53 EDT 2026","passed","Fri Aug 21 15:42:01 EDT 2026","Application Navigation Smoke Tests","specs\Smoke\2-NavigationSmoke.spec.ts","",""
"","12752","""Uploaded ACH"" navigates to the uploads page","webkit","Fri Aug 21 15:47:08 EDT 2026","passed","Fri Aug 21 15:47:21 EDT 2026","ACH — Smoke","specs\Smoke\7-ACHSmoke.spec.ts","",""
"","3537","Validate forgot password functionality","firefox","Fri Aug 21 17:27:11 EDT 2026","passed","Fri Aug 21 17:27:14 EDT 2026","","specs\Smoke\1-LoginSmoke.spec.ts","",""
"","12949","Notification Log sub-page loads correctly","webkit","Fri Aug 21 15:45:02 EDT 2026","passed","Fri Aug 21 15:45:15 EDT 2026","Application Navigation Smoke Tests","specs\Smoke\2-NavigationSmoke.spec.ts","",""
"","8599","""View"" (Change Log) link on a row navigates to the entity log","chromium","Fri Aug 21 15:43:31 EDT 2026","passed","Fri Aug 21 15:43:40 EDT 2026","Issued Checks — Smoke (Continued)","specs\Smoke\4-IssuedChecksSmoke.spec.ts","",""
"","20548","Saved Filters dropdown is visible and defaults to no preset","webkit","Fri Aug 21 15:45:42 EDT 2026","passed","Fri Aug 21 15:46:03 EDT 2026","Issued Checks — Smoke","specs\Smoke\4-IssuedChecksSmoke.spec.ts","",""
"","8429","""Edit"" link on a row navigates to the check edit form","chromium","Fri Aug 21 15:43:23 EDT 2026","passed","Fri Aug 21 15:43:31 EDT 2026","Issued Checks — Smoke (Continued)","specs\Smoke\4-IssuedChecksSmoke.spec.ts","",""
"","24257","Grid loads with data rows and key column headers","firefox","Fri Aug 21 15:42:31 EDT 2026","passed","Fri Aug 21 15:42:55 EDT 2026","Presented Checks — Smoke","specs\Smoke\5-PresentedChecksSmoke.spec.ts","",""
"","8479","Saved Filters dropdown is visible and defaults to no preset","chromium","Fri Aug 21 15:42:23 EDT 2026","passed","Fri Aug 21 15:42:31 EDT 2026","Issued Checks — Smoke","specs\Smoke\4-IssuedChecksSmoke.spec.ts","",""
"","6110","Automatic ACH Decision Rules sub-page loads correctly","msedge","Fri Aug 21 15:51:15 EDT 2026","passed","Fri Aug 21 15:51:21 EDT 2026","Application Navigation Smoke Tests","specs\Smoke\2-NavigationSmoke.spec.ts","",""
"","11655","Page size change to 10 updates pagination info in bottom-right pager","firefox","Fri Aug 21 15:43:50 EDT 2026","passed","Fri Aug 21 15:44:01 EDT 2026","Presented Checks — Smoke","specs\Smoke\5-PresentedChecksSmoke.spec.ts","",""
"","12837","Save a filter preset, verify it is auto-selected, then delete it","msedge","Fri Aug 21 15:52:36 EDT 2026","passed","Fri Aug 21 15:52:49 EDT 2026","Presented Checks — Smoke (Continued)","specs\Smoke\5-PresentedChecksSmoke.spec.ts","",""
"","5451","Verify navigation to Presented Checks via nav menu","chromium","Fri Aug 21 15:41:12 EDT 2026","passed","Fri Aug 21 15:41:18 EDT 2026","Home Dashboard","specs\Smoke\3-HomeDashboardSmoke.spec.ts","",""
"","5831","Verify navigation to Issued Checks via nav menu","chromium","Fri Aug 21 15:41:06 EDT 2026","passed","Fri Aug 21 15:41:12 EDT 2026","Home Dashboard","specs\Smoke\3-HomeDashboardSmoke.spec.ts","",""
"","11386","Billing Reports sub-page loads correctly","firefox","Fri Aug 21 15:41:52 EDT 2026","passed","Fri Aug 21 15:42:04 EDT 2026","Application Navigation Smoke Tests","specs\Smoke\2-NavigationSmoke.spec.ts","",""
"","13048","Presented Checks breadcrumb link is visible on the page","webkit","Fri Aug 21 15:50:05 EDT 2026","passed","Fri Aug 21 15:50:18 EDT 2026","Presented Checks — Smoke (Continued)","specs\Smoke\5-PresentedChecksSmoke.spec.ts","",""
"","2125","Validate forgot password with unregistered email","chromium","Fri Aug 21 17:25:23 EDT 2026","passed","Fri Aug 21 17:25:25 EDT 2026","","specs\Smoke\1-LoginSmoke.spec.ts","",""
"","8055","Validate session persists after page refresh","webkit","Fri Aug 21 17:26:02 EDT 2026","passed","Fri Aug 21 17:26:10 EDT 2026","","specs\Smoke\1-LoginSmoke.spec.ts","",""
"","6551","Exception History grid loads with data rows and key column headers","msedge","Fri Aug 21 15:52:58 EDT 2026","passed","Fri Aug 21 15:53:04 EDT 2026","Exceptions — Smoke","specs\Smoke\8-ExceptionsSmoke.spec.ts","",""
"","6609","Verify delayed data note and force refresh link are visible on dashboard","chromium","Fri Aug 21 15:40:40 EDT 2026","passed","Fri Aug 21 15:40:47 EDT 2026","Home Dashboard","specs\Smoke\3-HomeDashboardSmoke.spec.ts","",""
"","38018","Search box filters grid and clears correctly","webkit","Fri Aug 21 15:45:25 EDT 2026","passed","Fri Aug 21 15:46:03 EDT 2026","Presented Checks — Smoke","specs\Smoke\5-PresentedChecksSmoke.spec.ts","",""
"","8556","Verify ACH Only tab shows ACH-specific chart sections","firefox","Fri Aug 21 15:39:57 EDT 2026","passed","Fri Aug 21 15:40:05 EDT 2026","Home Dashboard","specs\Smoke\3-HomeDashboardSmoke.spec.ts","",""
"","8450","ACH page loads correctly","chromium","Fri Aug 21 15:40:00 EDT 2026","passed","Fri Aug 21 15:40:08 EDT 2026","Application Navigation Smoke Tests","specs\Smoke\2-NavigationSmoke.spec.ts","",""
"","2785","Validate Login functionality with caseSensitiveEmail","msedge","Fri Aug 21 17:24:55 EDT 2026","passed","Fri Aug 21 17:24:58 EDT 2026","","specs\Smoke\1-LoginSmoke.spec.ts","",""
"","6456","""Edit"" link on a row navigates to the check edit form","msedge","Fri Aug 21 15:52:27 EDT 2026","passed","Fri Aug 21 15:52:33 EDT 2026","Issued Checks — Smoke (Continued)","specs\Smoke\4-IssuedChecksSmoke.spec.ts","",""
"","8910","""Delete"" on a row shows a confirm modal; Cancel dismisses it without deleting","msedge","Fri Aug 21 15:52:41 EDT 2026","passed","Fri Aug 21 15:52:50 EDT 2026","Issued Checks — Smoke (Continued)","specs\Smoke\4-IssuedChecksSmoke.spec.ts","",""
"","9882","Next page arrow advances to page 2","chromium","Fri Aug 21 15:42:33 EDT 2026","passed","Fri Aug 21 15:42:43 EDT 2026","Presented Checks — Smoke","specs\Smoke\5-PresentedChecksSmoke.spec.ts","",""
"","8900","Issued Checks page loads correctly","firefox","Fri Aug 21 15:39:44 EDT 2026","passed","Fri Aug 21 15:39:53 EDT 2026","Application Navigation Smoke Tests","specs\Smoke\2-NavigationSmoke.spec.ts","",""
"","20088","Default filter auto-applies after logout and re-login","firefox","Fri Aug 21 13:44:07 EDT 2026","passed","Fri Aug 21 13:44:27 EDT 2026","Presented Checks — Smoke","specs\Smoke\5-PresentedChecksSmoke.spec.ts","",""
"","7464","""Uploaded Checks"" navigates to the uploads page","msedge","Fri Aug 21 15:50:20 EDT 2026","passed","Fri Aug 21 15:50:28 EDT 2026","Issued Checks — Smoke","specs\Smoke\4-IssuedChecksSmoke.spec.ts","",""
"","8996","Column filter popup applies a filter and Clear restores the full row set","msedge","Fri Aug 21 15:52:18 EDT 2026","passed","Fri Aug 21 15:52:27 EDT 2026","Issued Checks — Smoke (Continued)","specs\Smoke\4-IssuedChecksSmoke.spec.ts","",""
"","6944","Billing Reports sub-page loads correctly","msedge","Fri Aug 21 15:50:28 EDT 2026","passed","Fri Aug 21 15:50:35 EDT 2026","Application Navigation Smoke Tests","specs\Smoke\2-NavigationSmoke.spec.ts","",""
"","10331","Web Hooks sub-page loads correctly","firefox","Fri Aug 21 15:44:32 EDT 2026","passed","Fri Aug 21 15:44:42 EDT 2026","Application Navigation Smoke Tests","specs\Smoke\2-NavigationSmoke.spec.ts","",""
"","11142","Decision badge on an already-reviewed row is blocked with a system message","firefox","Fri Aug 21 13:48:28 EDT 2026","passed","Fri Aug 21 13:48:39 EDT 2026","Exceptions — Smoke","specs\Smoke\8-ExceptionsSmoke.spec.ts","",""
"","6712","Verify Check Only tab shows Check-specific chart sections","chromium","Fri Aug 21 15:39:51 EDT 2026","passed","Fri Aug 21 15:39:58 EDT 2026","Home Dashboard","specs\Smoke\3-HomeDashboardSmoke.spec.ts","",""
"","28362","Search box filters grid and clears correctly","firefox","Fri Aug 21 15:42:04 EDT 2026","passed","Fri Aug 21 15:42:32 EDT 2026","Issued Checks — Smoke","specs\Smoke\4-IssuedChecksSmoke.spec.ts","",""
"","7445","""Edit"" link on a row navigates to the check edit form","chromium","Fri Aug 21 15:45:30 EDT 2026","passed","Fri Aug 21 15:45:38 EDT 2026","Presented Checks — Smoke (Continued)","specs\Smoke\5-PresentedChecksSmoke.spec.ts","",""
"","7291","Navigation tabs to Pre-Decisions, Approvals, and Exception History are visible","chromium","Fri Aug 21 13:46:42 EDT 2026","passed","Fri Aug 21 13:46:49 EDT 2026","Exceptions — Smoke","specs\Smoke\8-ExceptionsSmoke.spec.ts","",""
"","7547","File Formats sub-page loads correctly","chromium","Fri Aug 21 15:41:27 EDT 2026","passed","Fri Aug 21 15:41:34 EDT 2026","Application Navigation Smoke Tests","specs\Smoke\2-NavigationSmoke.spec.ts","",""
"","11204","Branding sub-page loads correctly","firefox","Fri Aug 21 15:41:41 EDT 2026","passed","Fri Aug 21 15:41:52 EDT 2026","Application Navigation Smoke Tests","specs\Smoke\2-NavigationSmoke.spec.ts","",""
"","23135","Verify dashboard footer footnote and privacy link are visible","webkit","Fri Aug 21 15:42:52 EDT 2026","passed","Fri Aug 21 15:43:15 EDT 2026","Home Dashboard","specs\Smoke\3-HomeDashboardSmoke.spec.ts","",""
"","12514","Column filter popup applies a filter and Clear restores the full row set","firefox","Fri Aug 21 13:44:55 EDT 2026","passed","Fri Aug 21 13:45:08 EDT 2026","Presented Checks — Smoke","specs\Smoke\5-PresentedChecksSmoke.spec.ts","",""
"","7156","Check Approval Rules sub-page loads correctly","msedge","Fri Aug 21 15:51:08 EDT 2026","passed","Fri Aug 21 15:51:15 EDT 2026","Application Navigation Smoke Tests","specs\Smoke\2-NavigationSmoke.spec.ts","",""
"","7767","Page size change to 10 updates pagination info in bottom-right pager","chromium","Fri Aug 21 15:44:26 EDT 2026","passed","Fri Aug 21 15:44:34 EDT 2026","Exceptions — Smoke","specs\Smoke\8-ExceptionsSmoke.spec.ts","",""
"","9178","Typing a page number navigates to that page","chromium","Fri Aug 21 15:44:22 EDT 2026","passed","Fri Aug 21 15:44:31 EDT 2026","ACH — Smoke","specs\Smoke\7-ACHSmoke.spec.ts","",""
"","14516","Grid loads with data rows and key column headers","webkit","Fri Aug 21 15:44:43 EDT 2026","passed","Fri Aug 21 15:44:58 EDT 2026","Presented Checks — Smoke","specs\Smoke\5-PresentedChecksSmoke.spec.ts","",""
"","7155","Teller page loads correctly","chromium","Fri Aug 21 15:39:53 EDT 2026","passed","Fri Aug 21 15:40:00 EDT 2026","Application Navigation Smoke Tests","specs\Smoke\2-NavigationSmoke.spec.ts","",""
"","12065","Clicking a column header sorts ascending, clicking again sorts descending","webkit","Fri Aug 21 15:52:06 EDT 2026","passed","Fri Aug 21 15:52:18 EDT 2026","Exceptions — Smoke (Continued)","specs\Smoke\8-ExceptionsSmoke.spec.ts","",""
"","13162","API link is visible and points to swagger","firefox","Fri Aug 21 15:44:19 EDT 2026","passed","Fri Aug 21 15:44:32 EDT 2026","Application Navigation Smoke Tests","specs\Smoke\2-NavigationSmoke.spec.ts","",""
"","7630","Automatic Check Decision Rules sub-page loads correctly","chromium","Fri Aug 21 15:41:45 EDT 2026","passed","Fri Aug 21 15:41:53 EDT 2026","Application Navigation Smoke Tests","specs\Smoke\2-NavigationSmoke.spec.ts","",""
"","14036","File Formats sub-page loads correctly","webkit","Fri Aug 21 15:43:45 EDT 2026","passed","Fri Aug 21 15:43:59 EDT 2026","Application Navigation Smoke Tests","specs\Smoke\2-NavigationSmoke.spec.ts","",""
"","6474","Users sub-page loads correctly","msedge","Fri Aug 21 15:50:09 EDT 2026","passed","Fri Aug 21 15:50:16 EDT 2026","Application Navigation Smoke Tests","specs\Smoke\2-NavigationSmoke.spec.ts","",""
"","8607","Open Exceptions page loads with either exception cards or the empty-state message","chromium","Fri Aug 21 15:46:44 EDT 2026","passed","Fri Aug 21 15:46:53 EDT 2026","Exceptions — Smoke (Continued)","specs\Smoke\8-ExceptionsSmoke.spec.ts","",""
"","8882","""View"" (Change Log) link on a row navigates to the entity log","chromium","Fri Aug 21 15:45:37 EDT 2026","passed","Fri Aug 21 15:45:46 EDT 2026","ACH — Smoke","specs\Smoke\7-ACHSmoke.spec.ts","",""
"","12277","""View"" link on a row opens the Exception Details dialog","chromium","Fri Aug 21 15:46:06 EDT 2026","passed","Fri Aug 21 15:46:18 EDT 2026","Exceptions — Smoke (Continued)","specs\Smoke\8-ExceptionsSmoke.spec.ts","",""
"","10676","Search box filters grid and clears correctly","chromium","Fri Aug 21 15:43:37 EDT 2026","passed","Fri Aug 21 15:43:48 EDT 2026","ACH — Smoke","specs\Smoke\7-ACHSmoke.spec.ts","",""
"","14967","Decision badge on an already-reviewed row is blocked with a system message","webkit","Fri Aug 21 15:52:48 EDT 2026","passed","Fri Aug 21 15:53:03 EDT 2026","Exceptions — Smoke (Continued)","specs\Smoke\8-ExceptionsSmoke.spec.ts","",""
"","10012","Typing a page number navigates to that page","chromium","Fri Aug 21 15:44:51 EDT 2026","passed","Fri Aug 21 15:45:01 EDT 2026","Exceptions — Smoke","specs\Smoke\8-ExceptionsSmoke.spec.ts","",""
"","5466","Verify tab-specific charts are hidden for opposite tab","msedge","Fri Aug 21 15:49:39 EDT 2026","passed","Fri Aug 21 15:49:44 EDT 2026","Home Dashboard","specs\Smoke\3-HomeDashboardSmoke.spec.ts","",""
"","17264","Page size change to 10 updates pagination info in bottom-right pager","webkit","Fri Aug 21 15:44:20 EDT 2026","passed","Fri Aug 21 15:44:37 EDT 2026","Issued Checks — Smoke","specs\Smoke\4-IssuedChecksSmoke.spec.ts","",""
"","13731","Notification Templates sub-page loads correctly","webkit","Fri Aug 21 15:43:59 EDT 2026","passed","Fri Aug 21 15:44:13 EDT 2026","Application Navigation Smoke Tests","specs\Smoke\2-NavigationSmoke.spec.ts","",""
"","6881","Roles/Permissions sub-page loads correctly","chromium","Fri Aug 21 15:40:48 EDT 2026","passed","Fri Aug 21 15:40:55 EDT 2026","Application Navigation Smoke Tests","specs\Smoke\2-NavigationSmoke.spec.ts","",""
"","10534","Search box filters grid and clears correctly","chromium","Fri Aug 21 15:44:06 EDT 2026","passed","Fri Aug 21 15:44:17 EDT 2026","Exceptions — Smoke","specs\Smoke\8-ExceptionsSmoke.spec.ts","",""
"","7243","Last page arrow jumps to the final page","msedge","Fri Aug 21 15:53:31 EDT 2026","passed","Fri Aug 21 15:53:38 EDT 2026","Exceptions — Smoke","specs\Smoke\8-ExceptionsSmoke.spec.ts","",""
"","8271","Saved Filters dropdown is visible and defaults to no preset","msedge","Fri Aug 21 15:51:31 EDT 2026","passed","Fri Aug 21 15:51:40 EDT 2026","Issued Checks — Smoke","specs\Smoke\4-IssuedChecksSmoke.spec.ts","",""
"","7723","Last page arrow jumps to the final page","msedge","Fri Aug 21 15:51:52 EDT 2026","passed","Fri Aug 21 15:52:00 EDT 2026","Presented Checks — Smoke","specs\Smoke\5-PresentedChecksSmoke.spec.ts","",""
"","7997","Exceptions breadcrumb link is visible on the page","chromium","Fri Aug 21 15:46:28 EDT 2026","passed","Fri Aug 21 15:46:36 EDT 2026","Exceptions — Smoke (Continued)","specs\Smoke\8-ExceptionsSmoke.spec.ts","",""
"","4827","Approvals page loads with either records or the empty-state message","msedge","Fri Aug 21 15:55:19 EDT 2026","passed","Fri Aug 21 15:55:24 EDT 2026","Exceptions — Smoke (Continued)","specs\Smoke\8-ExceptionsSmoke.spec.ts","",""
"","12551","""Delete"" on a row shows a confirm modal; Cancel dismisses it without deleting","firefox","Fri Aug 21 15:48:13 EDT 2026","passed","Fri Aug 21 15:48:26 EDT 2026","ACH — Smoke","specs\Smoke\7-ACHSmoke.spec.ts","",""
"","7056","Decision Files sub-page loads correctly","msedge","Fri Aug 21 15:50:35 EDT 2026","passed","Fri Aug 21 15:50:42 EDT 2026","Application Navigation Smoke Tests","specs\Smoke\2-NavigationSmoke.spec.ts","",""
"","11888","Typing a page number navigates to that page","firefox","Fri Aug 21 15:44:31 EDT 2026","passed","Fri Aug 21 15:44:42 EDT 2026","Presented Checks — Smoke","specs\Smoke\5-PresentedChecksSmoke.spec.ts","",""
"","13319","Grid loads with data rows and key column headers","webkit","Fri Aug 21 15:46:43 EDT 2026","passed","Fri Aug 21 15:46:56 EDT 2026","ACH — Smoke","specs\Smoke\7-ACHSmoke.spec.ts","",""
"","9824","Home page is accessible and shows dashboard","chromium","Fri Aug 21 15:39:27 EDT 2026","passed","Fri Aug 21 15:39:37 EDT 2026","Application Navigation Smoke Tests","specs\Smoke\2-NavigationSmoke.spec.ts","",""
"","18887","Default filter auto-applies after logout and re-login","firefox","Fri Aug 21 13:44:37 EDT 2026","passed","Fri Aug 21 13:44:56 EDT 2026","Issued Checks — Smoke","specs\Smoke\4-IssuedChecksSmoke.spec.ts","",""
"","4718","""View"" (Change Log) link on a row navigates to the entity log","msedge","Fri Aug 21 15:54:13 EDT 2026","passed","Fri Aug 21 15:54:18 EDT 2026","ACH — Smoke","specs\Smoke\7-ACHSmoke.spec.ts","",""
"","11693","Open Exceptions page loads with either exception cards or the empty-state message","webkit","Fri Aug 21 14:00:10 EDT 2026","passed","Fri Aug 21 14:00:22 EDT 2026","Exceptions — Smoke","specs\Smoke\8-ExceptionsSmoke.spec.ts","",""
"","13743","Pay/Return decision badge navigates to exception history","chromium","Fri Aug 21 15:45:55 EDT 2026","passed","Fri Aug 21 15:46:09 EDT 2026","ACH — Smoke","specs\Smoke\7-ACHSmoke.spec.ts","",""
"","6792","Approvals page loads with either records or the empty-state message","chromium","Fri Aug 21 15:47:02 EDT 2026","passed","Fri Aug 21 15:47:09 EDT 2026","Exceptions — Smoke (Continued)","specs\Smoke\8-ExceptionsSmoke.spec.ts","",""
"","18153","Column filter popup applies a filter and Clear restores the full row set","webkit","Fri Aug 21 15:50:27 EDT 2026","passed","Fri Aug 21 15:50:45 EDT 2026","ACH — Smoke","specs\Smoke\7-ACHSmoke.spec.ts","",""
"","15784","Pay/Return decision badge navigates to exception history","webkit","Fri Aug 21 15:49:49 EDT 2026","passed","Fri Aug 21 15:50:05 EDT 2026","Presented Checks — Smoke (Continued)","specs\Smoke\5-PresentedChecksSmoke.spec.ts","",""
"","13101","Next page arrow advances to page 2","webkit","Fri Aug 21 15:46:32 EDT 2026","passed","Fri Aug 21 15:46:45 EDT 2026","Presented Checks — Smoke","specs\Smoke\5-PresentedChecksSmoke.spec.ts","",""
"","9287","Verify tab-specific charts are hidden for opposite tab","firefox","Fri Aug 21 15:40:23 EDT 2026","passed","Fri Aug 21 15:40:32 EDT 2026","Home Dashboard","specs\Smoke\3-HomeDashboardSmoke.spec.ts","",""
"","10944","System Log sub-page loads correctly","firefox","Fri Aug 21 15:44:00 EDT 2026","passed","Fri Aug 21 15:44:11 EDT 2026","Application Navigation Smoke Tests","specs\Smoke\2-NavigationSmoke.spec.ts","",""
"","21879","""Delete"" on a row shows a confirm modal; Cancel dismisses it without deleting","webkit","Fri Aug 21 15:50:58 EDT 2026","passed","Fri Aug 21 15:51:19 EDT 2026","ACH — Smoke","specs\Smoke\7-ACHSmoke.spec.ts","",""
"","9254","Pay/Return decision badge navigates to exception history","webkit","Fri Aug 21 13:56:19 EDT 2026","passed","Fri Aug 21 13:56:28 EDT 2026","Presented Checks — Smoke","specs\Smoke\5-PresentedChecksSmoke.spec.ts","",""
"","17629","Saved Filters dropdown is visible and defaults to no preset","firefox","Fri Aug 21 15:44:54 EDT 2026","passed","Fri Aug 21 15:45:12 EDT 2026","Presented Checks — Smoke","specs\Smoke\5-PresentedChecksSmoke.spec.ts","",""
"","6095","Last page arrow jumps to the final page","msedge","Fri Aug 21 15:53:07 EDT 2026","passed","Fri Aug 21 15:53:13 EDT 2026","ACH — Smoke","specs\Smoke\7-ACHSmoke.spec.ts","",""
"","6136","Verify navigation to Exceptions via nav menu","chromium","Fri Aug 21 15:41:23 EDT 2026","passed","Fri Aug 21 15:41:29 EDT 2026","Home Dashboard","specs\Smoke\3-HomeDashboardSmoke.spec.ts","",""
"","6060","""Edit"" link on a row navigates to the check edit form","msedge","Fri Aug 21 15:53:05 EDT 2026","passed","Fri Aug 21 15:53:11 EDT 2026","Presented Checks — Smoke (Continued)","specs\Smoke\5-PresentedChecksSmoke.spec.ts","",""
"","16050","""Delete"" on a row shows a confirm modal; Cancel dismisses it without deleting","webkit","Fri Aug 21 15:49:33 EDT 2026","passed","Fri Aug 21 15:49:49 EDT 2026","Presented Checks — Smoke (Continued)","specs\Smoke\5-PresentedChecksSmoke.spec.ts","",""
"","3352","Validate Login functionality with veryLongInput","firefox","Fri Aug 21 17:27:07 EDT 2026","passed","Fri Aug 21 17:27:11 EDT 2026","","specs\Smoke\1-LoginSmoke.spec.ts","",""
"","6329","Page size change to 10 updates pagination info in bottom-right pager","msedge","Fri Aug 21 15:53:17 EDT 2026","passed","Fri Aug 21 15:53:24 EDT 2026","Exceptions — Smoke","specs\Smoke\8-ExceptionsSmoke.spec.ts","",""
"","9648","Save a filter preset, verify it is auto-selected, then delete it","chromium","Fri Aug 21 13:43:32 EDT 2026","passed","Fri Aug 21 13:43:42 EDT 2026","Issued Checks — Smoke","specs\Smoke\4-IssuedChecksSmoke.spec.ts","",""
"","10996","Issued Checks breadcrumb link is visible on the page","webkit","Fri Aug 21 15:48:44 EDT 2026","passed","Fri Aug 21 15:48:55 EDT 2026","Issued Checks — Smoke (Continued)","specs\Smoke\4-IssuedChecksSmoke.spec.ts","",""
"","15329","Default filter auto-applies after logout and re-login","chromium","Fri Aug 21 15:44:51 EDT 2026","passed","Fri Aug 21 15:45:06 EDT 2026","ACH — Smoke","specs\Smoke\7-ACHSmoke.spec.ts","",""
"","9714","Issued Checks breadcrumb link is visible on the page","firefox","Fri Aug 21 15:47:36 EDT 2026","passed","Fri Aug 21 15:47:46 EDT 2026","Issued Checks — Smoke (Continued)","specs\Smoke\4-IssuedChecksSmoke.spec.ts","",""
"","6667","""Delete"" on a row shows a confirm modal; Cancel dismisses it without deleting","msedge","Fri Aug 21 15:54:18 EDT 2026","passed","Fri Aug 21 15:54:25 EDT 2026","ACH — Smoke","specs\Smoke\7-ACHSmoke.spec.ts","",""
"","7282","Navigation tabs to Pre-Decisions, Approvals, and Exception History are visible","msedge","Fri Aug 21 13:47:35 EDT 2026","passed","Fri Aug 21 13:47:42 EDT 2026","Exceptions — Smoke","specs\Smoke\8-ExceptionsSmoke.spec.ts","",""
"","8092","Verify dashboard tab checked state updates correctly","firefox","Fri Aug 21 15:40:05 EDT 2026","passed","Fri Aug 21 15:40:13 EDT 2026","Home Dashboard","specs\Smoke\3-HomeDashboardSmoke.spec.ts","",""
"","12205","Save a filter preset, verify it is auto-selected, then delete it","chromium","Fri Aug 21 15:42:50 EDT 2026","passed","Fri Aug 21 15:43:02 EDT 2026","Issued Checks — Smoke (Continued)","specs\Smoke\4-IssuedChecksSmoke.spec.ts","",""
"","23333","Default filter auto-applies after logout and re-login","firefox","Fri Aug 21 15:49:19 EDT 2026","passed","Fri Aug 21 15:49:42 EDT 2026","Exceptions — Default Filter (Serial)","specs\Smoke\8-ExceptionsSmoke.spec.ts","",""
"","7931","Issued Checks breadcrumb link is visible on the page","chromium","Fri Aug 21 15:43:49 EDT 2026","passed","Fri Aug 21 15:43:57 EDT 2026","Issued Checks — Smoke (Continued)","specs\Smoke\4-IssuedChecksSmoke.spec.ts","",""
"","6207","Page size change to 10 updates pagination info in bottom-right pager","msedge","Fri Aug 21 15:52:55 EDT 2026","passed","Fri Aug 21 15:53:01 EDT 2026","ACH — Smoke","specs\Smoke\7-ACHSmoke.spec.ts","",""
"","7281","Typing a page number navigates to that page","msedge","Fri Aug 21 15:52:00 EDT 2026","passed","Fri Aug 21 15:52:07 EDT 2026","Presented Checks — Smoke","specs\Smoke\5-PresentedChecksSmoke.spec.ts","",""
"","5571","Validate forgot password functionality with No email","webkit","Fri Aug 21 17:25:52 EDT 2026","passed","Fri Aug 21 17:25:57 EDT 2026","","specs\Smoke\1-LoginSmoke.spec.ts","",""
"","14042","Column filter popup applies a filter and Clear restores the full row set","webkit","Fri Aug 21 13:55:30 EDT 2026","passed","Fri Aug 21 13:55:44 EDT 2026","Presented Checks — Smoke","specs\Smoke\5-PresentedChecksSmoke.spec.ts","",""
"","8740","Exceptions breadcrumb link is visible on the page","webkit","Fri Aug 21 13:59:51 EDT 2026","passed","Fri Aug 21 13:59:59 EDT 2026","Exceptions — Smoke","specs\Smoke\8-ExceptionsSmoke.spec.ts","",""
"","7087","Page size change to 10 updates pagination info in bottom-right pager","msedge","Fri Aug 21 15:50:44 EDT 2026","passed","Fri Aug 21 15:50:51 EDT 2026","Issued Checks — Smoke","specs\Smoke\4-IssuedChecksSmoke.spec.ts","",""
"","11186","Last page arrow jumps to the final page","firefox","Fri Aug 21 15:45:21 EDT 2026","passed","Fri Aug 21 15:45:33 EDT 2026","Issued Checks — Smoke","specs\Smoke\4-IssuedChecksSmoke.spec.ts","",""
"","9861","Save a filter preset, verify it is auto-selected, then delete it","chromium","Fri Aug 21 13:45:53 EDT 2026","passed","Fri Aug 21 13:46:03 EDT 2026","Exceptions — Smoke","specs\Smoke\8-ExceptionsSmoke.spec.ts","",""
"","9268","Presented Checks page loads correctly","firefox","Fri Aug 21 15:39:53 EDT 2026","passed","Fri Aug 21 15:40:02 EDT 2026","Application Navigation Smoke Tests","specs\Smoke\2-NavigationSmoke.spec.ts","",""
"","6010","Notification Templates sub-page loads correctly","msedge","Fri Aug 21 15:50:55 EDT 2026","passed","Fri Aug 21 15:51:01 EDT 2026","Application Navigation Smoke Tests","specs\Smoke\2-NavigationSmoke.spec.ts","",""
"","8951","""+ Add Check"" navigates to the add-check form","chromium","Fri Aug 21 15:40:55 EDT 2026","passed","Fri Aug 21 15:41:04 EDT 2026","Issued Checks — Smoke","specs\Smoke\4-IssuedChecksSmoke.spec.ts","",""
"","59865","Default filter auto-applies after logout and re-login","webkit","Fri Aug 21 15:46:03 EDT 2026","failed","Fri Aug 21 15:47:03 EDT 2026","Issued Checks — Default Filter (Serial)","specs\Smoke\4-IssuedChecksSmoke.spec.ts","",""
"","7021","Presented Checks breadcrumb link is visible on the page","msedge","Fri Aug 21 13:44:37 EDT 2026","passed","Fri Aug 21 13:44:44 EDT 2026","Presented Checks — Smoke","specs\Smoke\5-PresentedChecksSmoke.spec.ts","",""
"","6368","Saved Filters dropdown is visible and defaults to no preset","msedge","Fri Aug 21 15:53:28 EDT 2026","passed","Fri Aug 21 15:53:35 EDT 2026","ACH — Smoke","specs\Smoke\7-ACHSmoke.spec.ts","",""
"","8881","Presented Checks breadcrumb link is visible on the page","webkit","Fri Aug 21 13:56:28 EDT 2026","passed","Fri Aug 21 13:56:37 EDT 2026","Presented Checks — Smoke","specs\Smoke\5-PresentedChecksSmoke.spec.ts","",""
"","4473","Validate session persists after page refresh","chromium","Fri Aug 21 17:25:25 EDT 2026","passed","Fri Aug 21 17:25:30 EDT 2026","","specs\Smoke\1-LoginSmoke.spec.ts","",""
"","19064","Verify dashboard tab checked state updates correctly","webkit","Fri Aug 21 15:40:56 EDT 2026","passed","Fri Aug 21 15:41:15 EDT 2026","Home Dashboard","specs\Smoke\3-HomeDashboardSmoke.spec.ts","",""
"","12722","Saved Filters dropdown is visible and defaults to no preset","firefox","Fri Aug 21 15:46:03 EDT 2026","passed","Fri Aug 21 15:46:15 EDT 2026","Issued Checks — Smoke","specs\Smoke\4-IssuedChecksSmoke.spec.ts","",""
"","12064","Business Clients sub-page loads correctly","firefox","Fri Aug 21 15:41:01 EDT 2026","passed","Fri Aug 21 15:41:13 EDT 2026","Application Navigation Smoke Tests","specs\Smoke\2-NavigationSmoke.spec.ts","",""
"","7011","""Delete"" on a row shows a confirm modal; Cancel dismisses it without deleting","msedge","Fri Aug 21 13:43:40 EDT 2026","passed","Fri Aug 21 13:43:47 EDT 2026","Issued Checks — Smoke","specs\Smoke\4-IssuedChecksSmoke.spec.ts","",""
"","8527","Verify Combined View shows all chart sections","firefox","Fri Aug 21 15:39:41 EDT 2026","passed","Fri Aug 21 15:39:49 EDT 2026","Home Dashboard","specs\Smoke\3-HomeDashboardSmoke.spec.ts","",""
"","10858","Page size change to 10 updates pagination info in bottom-right pager","chromium","Fri Aug 21 15:41:34 EDT 2026","passed","Fri Aug 21 15:41:45 EDT 2026","Issued Checks — Smoke","specs\Smoke\4-IssuedChecksSmoke.spec.ts","",""
"","12221","Page size change to 10 updates pagination info in bottom-right pager","webkit","Fri Aug 21 15:46:20 EDT 2026","passed","Fri Aug 21 15:46:32 EDT 2026","Presented Checks — Smoke","specs\Smoke\5-PresentedChecksSmoke.spec.ts","",""
"","6008","Exceptions breadcrumb link is visible on the page","msedge","Fri Aug 21 13:47:29 EDT 2026","passed","Fri Aug 21 13:47:35 EDT 2026","Exceptions — Smoke","specs\Smoke\8-ExceptionsSmoke.spec.ts","",""
"","6676","System Log sub-page loads correctly","chromium","Fri Aug 21 15:42:31 EDT 2026","passed","Fri Aug 21 15:42:38 EDT 2026","Application Navigation Smoke Tests","specs\Smoke\2-NavigationSmoke.spec.ts","",""
"","4146","Validate forgot password with unregistered email","webkit","Fri Aug 21 17:25:57 EDT 2026","passed","Fri Aug 21 17:26:02 EDT 2026","","specs\Smoke\1-LoginSmoke.spec.ts","",""
"","6441","Clicking a column header sorts ascending, clicking again sorts descending","chromium","Fri Aug 21 13:46:03 EDT 2026","passed","Fri Aug 21 13:46:09 EDT 2026","Exceptions — Smoke","specs\Smoke\8-ExceptionsSmoke.spec.ts","",""
"","19130","Default filter auto-applies after logout and re-login","chromium","Fri Aug 21 15:42:31 EDT 2026","passed","Fri Aug 21 15:42:50 EDT 2026","Issued Checks — Default Filter (Serial)","specs\Smoke\4-IssuedChecksSmoke.spec.ts","",""
"","16134","Column filter popup applies a filter and Clear restores the full row set","webkit","Fri Aug 21 15:48:50 EDT 2026","passed","Fri Aug 21 15:49:06 EDT 2026","Presented Checks — Smoke (Continued)","specs\Smoke\5-PresentedChecksSmoke.spec.ts","",""
"","8022","""Uploaded ACH"" navigates to the uploads page","chromium","Fri Aug 21 15:43:29 EDT 2026","passed","Fri Aug 21 15:43:37 EDT 2026","ACH — Smoke","specs\Smoke\7-ACHSmoke.spec.ts","",""
"","23857","Pay/Return decision badge navigates to exception history","webkit","Fri Aug 21 15:51:19 EDT 2026","passed","Fri Aug 21 15:51:43 EDT 2026","ACH — Smoke","specs\Smoke\7-ACHSmoke.spec.ts","",""
"","11876","""Uploaded Checks"" navigates to the uploads page","firefox","Fri Aug 21 15:43:10 EDT 2026","passed","Fri Aug 21 15:43:22 EDT 2026","Presented Checks — Smoke","specs\Smoke\5-PresentedChecksSmoke.spec.ts","",""
"","5572","ACH breadcrumb link is visible on the page","msedge","Fri Aug 21 15:54:35 EDT 2026","passed","Fri Aug 21 15:54:40 EDT 2026","ACH — Smoke","specs\Smoke\7-ACHSmoke.spec.ts","",""
"","8192","File Processing sub-page loads correctly","firefox","Fri Aug 21 15:44:11 EDT 2026","passed","Fri Aug 21 15:44:19 EDT 2026","Application Navigation Smoke Tests","specs\Smoke\2-NavigationSmoke.spec.ts","",""
"","7699","Verify navigation to ACH via nav menu","firefox","Fri Aug 21 15:42:06 EDT 2026","passed","Fri Aug 21 15:42:14 EDT 2026","Home Dashboard","specs\Smoke\3-HomeDashboardSmoke.spec.ts","",""
"","12977","Excel export button is visible and enabled","firefox","Fri Aug 21 15:43:37 EDT 2026","passed","Fri Aug 21 15:43:50 EDT 2026","Presented Checks — Smoke","specs\Smoke\5-PresentedChecksSmoke.spec.ts","",""
"","2066","Validate Login functionality with incorrectPassword","msedge","Fri Aug 21 17:24:58 EDT 2026","passed","Fri Aug 21 17:25:00 EDT 2026","","specs\Smoke\1-LoginSmoke.spec.ts","",""
"","10511","Previous page button returns to page 1, First page button re-enables disabled state","chromium","Fri Aug 21 15:44:31 EDT 2026","passed","Fri Aug 21 15:44:42 EDT 2026","ACH — Smoke","specs\Smoke\7-ACHSmoke.spec.ts","",""
"","9002","Page size change to 10 updates pagination info in bottom-right pager","chromium","Fri Aug 21 15:43:56 EDT 2026","passed","Fri Aug 21 15:44:05 EDT 2026","ACH — Smoke","specs\Smoke\7-ACHSmoke.spec.ts","",""
"","26293","Default filter auto-applies after logout and re-login","msedge","Fri Aug 21 13:42:34 EDT 2026","passed","Fri Aug 21 13:43:00 EDT 2026","Issued Checks — Smoke","specs\Smoke\4-IssuedChecksSmoke.spec.ts","",""
"","8331","Column filter menu applies a filter and Clear restores the full row set","chromium","Fri Aug 21 13:46:09 EDT 2026","passed","Fri Aug 21 13:46:18 EDT 2026","Exceptions — Smoke","specs\Smoke\8-ExceptionsSmoke.spec.ts","",""
"","50560","Default filter auto-applies after logout and re-login","firefox","Fri Aug 21 15:45:12 EDT 2026","failed","Fri Aug 21 15:46:03 EDT 2026","Presented Checks — Default Filter (Serial)","specs\Smoke\5-PresentedChecksSmoke.spec.ts","",""
"","2149","Validate Login functionality with veryLongInput","msedge","Fri Aug 21 17:25:15 EDT 2026","passed","Fri Aug 21 17:25:18 EDT 2026","","specs\Smoke\1-LoginSmoke.spec.ts","",""
"","20018","Verify tab-specific charts are hidden for opposite tab","webkit","Fri Aug 21 15:41:35 EDT 2026","passed","Fri Aug 21 15:41:55 EDT 2026","Home Dashboard","specs\Smoke\3-HomeDashboardSmoke.spec.ts","",""
"","13169","Page size change to 10 updates pagination info in bottom-right pager","firefox","Fri Aug 21 15:42:45 EDT 2026","passed","Fri Aug 21 15:42:58 EDT 2026","Issued Checks — Smoke","specs\Smoke\4-IssuedChecksSmoke.spec.ts","",""
"","4761","Pre-Decisions page loads with either records or the empty-state message","chromium","Fri Aug 21 13:47:11 EDT 2026","passed","Fri Aug 21 13:47:16 EDT 2026","Exceptions — Smoke","specs\Smoke\8-ExceptionsSmoke.spec.ts","",""
"","6548","Verify ACH Only tab shows ACH-specific chart sections","chromium","Fri Aug 21 15:39:58 EDT 2026","passed","Fri Aug 21 15:40:04 EDT 2026","Home Dashboard","specs\Smoke\3-HomeDashboardSmoke.spec.ts","",""
"","8826","Navigation tabs to Pre-Decisions, Approvals, and Exception History are visible","firefox","Fri Aug 21 13:48:52 EDT 2026","passed","Fri Aug 21 13:49:01 EDT 2026","Exceptions — Smoke","specs\Smoke\8-ExceptionsSmoke.spec.ts","",""
"","7516","Issued Checks page loads correctly","chromium","Fri Aug 21 15:39:37 EDT 2026","passed","Fri Aug 21 15:39:45 EDT 2026","Application Navigation Smoke Tests","specs\Smoke\2-NavigationSmoke.spec.ts","",""
"","7426","""Delete"" on a row shows a confirm modal; Cancel dismisses it without deleting","chromium","Fri Aug 21 13:44:14 EDT 2026","passed","Fri Aug 21 13:44:22 EDT 2026","Issued Checks — Smoke","specs\Smoke\4-IssuedChecksSmoke.spec.ts","",""
"","21491","Save a filter preset, verify it is auto-selected, then delete it","webkit","Fri Aug 21 15:49:49 EDT 2026","passed","Fri Aug 21 15:50:10 EDT 2026","ACH — Smoke","specs\Smoke\7-ACHSmoke.spec.ts","",""
"","15206","Last page arrow jumps to the final page","firefox","Fri Aug 21 15:44:15 EDT 2026","passed","Fri Aug 21 15:44:31 EDT 2026","Presented Checks — Smoke","specs\Smoke\5-PresentedChecksSmoke.spec.ts","",""
"","6153","Validate Login functionality with correctCredentials","webkit","Fri Aug 21 17:24:58 EDT 2026","passed","Fri Aug 21 17:25:04 EDT 2026","","specs\Smoke\1-LoginSmoke.spec.ts","",""
"","2284","Validate Login functionality with missingPassword","msedge","Fri Aug 21 17:25:07 EDT 2026","passed","Fri Aug 21 17:25:09 EDT 2026","","specs\Smoke\1-LoginSmoke.spec.ts","",""
"","9155","Clicking a column header sorts ascending, clicking again sorts descending","chromium","Fri Aug 21 15:43:03 EDT 2026","passed","Fri Aug 21 15:43:12 EDT 2026","Issued Checks — Smoke (Continued)","specs\Smoke\4-IssuedChecksSmoke.spec.ts","",""
"","13326","""View"" link on a row opens the Exception Details dialog","webkit","Fri Aug 21 13:59:24 EDT 2026","passed","Fri Aug 21 13:59:37 EDT 2026","Exceptions — Smoke","specs\Smoke\8-ExceptionsSmoke.spec.ts","",""
"","8705","Holiday Schedules sub-page loads correctly","chromium","Fri Aug 21 15:41:18 EDT 2026","passed","Fri Aug 21 15:41:27 EDT 2026","Application Navigation Smoke Tests","specs\Smoke\2-NavigationSmoke.spec.ts","",""
"","16474","Users sub-page loads correctly","firefox","Fri Aug 21 15:41:13 EDT 2026","passed","Fri Aug 21 15:41:30 EDT 2026","Application Navigation Smoke Tests","specs\Smoke\2-NavigationSmoke.spec.ts","",""
"","9857","""Edit"" link on a row navigates to the check edit form","webkit","Fri Aug 21 13:55:51 EDT 2026","passed","Fri Aug 21 13:56:01 EDT 2026","Issued Checks — Smoke","specs\Smoke\4-IssuedChecksSmoke.spec.ts","",""
"","9643","Clicking a column header sorts ascending, clicking again sorts descending","chromium","Fri Aug 21 15:43:48 EDT 2026","passed","Fri Aug 21 15:43:57 EDT 2026","Presented Checks — Smoke (Continued)","specs\Smoke\5-PresentedChecksSmoke.spec.ts","",""
"","4340","Validate session persists after page refresh","msedge","Fri Aug 21 17:25:24 EDT 2026","passed","Fri Aug 21 17:25:28 EDT 2026","","specs\Smoke\1-LoginSmoke.spec.ts","",""
"","53217","Column filter popup applies a filter and Clear restores the full row set","chromium","Fri Aug 21 15:43:57 EDT 2026","failed","Fri Aug 21 15:44:51 EDT 2026","Presented Checks — Smoke (Continued)","specs\Smoke\5-PresentedChecksSmoke.spec.ts","",""
"","5343","Verify navigation to ACH via nav menu","msedge","Fri Aug 21 15:50:29 EDT 2026","passed","Fri Aug 21 15:50:34 EDT 2026","Home Dashboard","specs\Smoke\3-HomeDashboardSmoke.spec.ts","",""
"","8502","""View"" (Change Log) link on a row navigates to the entity log","chromium","Fri Aug 21 13:43:52 EDT 2026","passed","Fri Aug 21 13:44:01 EDT 2026","Presented Checks — Smoke","specs\Smoke\5-PresentedChecksSmoke.spec.ts","",""
"","17127","Business Clients sub-page loads correctly","webkit","Fri Aug 21 15:41:57 EDT 2026","passed","Fri Aug 21 15:42:14 EDT 2026","Application Navigation Smoke Tests","specs\Smoke\2-NavigationSmoke.spec.ts","",""
"","3810","Validate Login functionality with incorrectPassword","firefox","Fri Aug 21 17:26:34 EDT 2026","passed","Fri Aug 21 17:26:38 EDT 2026","","specs\Smoke\1-LoginSmoke.spec.ts","",""
"","10558","Previous page button returns to page 1, First page button re-enables disabled state","msedge","Fri Aug 21 15:51:21 EDT 2026","passed","Fri Aug 21 15:51:31 EDT 2026","Issued Checks — Smoke","specs\Smoke\4-IssuedChecksSmoke.spec.ts","",""
"","18142","Roles/Permissions sub-page loads correctly","webkit","Fri Aug 21 15:42:32 EDT 2026","passed","Fri Aug 21 15:42:50 EDT 2026","Application Navigation Smoke Tests","specs\Smoke\2-NavigationSmoke.spec.ts","",""
"","12298","Page size change to 10 updates pagination info in bottom-right pager","webkit","Fri Aug 21 15:47:49 EDT 2026","passed","Fri Aug 21 15:48:01 EDT 2026","ACH — Smoke","specs\Smoke\7-ACHSmoke.spec.ts","",""
"","8918","Verify navigation to Presented Checks via nav menu","firefox","Fri Aug 21 15:41:57 EDT 2026","passed","Fri Aug 21 15:42:06 EDT 2026","Home Dashboard","specs\Smoke\3-HomeDashboardSmoke.spec.ts","",""
"","17450","Pay/Return decision badge navigates to exception history","firefox","Fri Aug 21 15:48:26 EDT 2026","passed","Fri Aug 21 15:48:43 EDT 2026","ACH — Smoke","specs\Smoke\7-ACHSmoke.spec.ts","",""
"","7056","""View"" (Change Log) link on a row navigates to the entity log","chromium","Fri Aug 21 13:44:07 EDT 2026","passed","Fri Aug 21 13:44:14 EDT 2026","Issued Checks — Smoke","specs\Smoke\4-IssuedChecksSmoke.spec.ts","",""
"","9394","Last page arrow jumps to the final page","chromium","Fri Aug 21 15:41:54 EDT 2026","passed","Fri Aug 21 15:42:03 EDT 2026","Issued Checks — Smoke","specs\Smoke\4-IssuedChecksSmoke.spec.ts","",""
"","9078","Verify navigation to Settings via nav menu","firefox","Fri Aug 21 15:42:22 EDT 2026","passed","Fri Aug 21 15:42:31 EDT 2026","Home Dashboard","specs\Smoke\3-HomeDashboardSmoke.spec.ts","",""
"","35367","Default filter auto-applies after logout and re-login","msedge","Fri Aug 21 13:42:56 EDT 2026","failed","Fri Aug 21 13:43:31 EDT 2026","Presented Checks — Smoke","specs\Smoke\5-PresentedChecksSmoke.spec.ts","",""
"","6358","Verify Total Exceptions and Total Exception Amount labels are visible","chromium","Fri Aug 21 15:40:26 EDT 2026","passed","Fri Aug 21 15:40:33 EDT 2026","Home Dashboard","specs\Smoke\3-HomeDashboardSmoke.spec.ts","",""
"","7486","Issued Checks breadcrumb link is visible on the page","msedge","Fri Aug 21 15:52:50 EDT 2026","passed","Fri Aug 21 15:52:58 EDT 2026","Issued Checks — Smoke (Continued)","specs\Smoke\4-IssuedChecksSmoke.spec.ts","",""
"","7680","Notification Log sub-page loads correctly","msedge","Fri Aug 21 15:51:27 EDT 2026","passed","Fri Aug 21 15:51:34 EDT 2026","Application Navigation Smoke Tests","specs\Smoke\2-NavigationSmoke.spec.ts","",""
"","12993","Verify navigation to Exceptions via nav menu","webkit","Fri Aug 21 15:44:17 EDT 2026","passed","Fri Aug 21 15:44:30 EDT 2026","Home Dashboard","specs\Smoke\3-HomeDashboardSmoke.spec.ts","",""
"","15116","Next page arrow advances to page 2","webkit","Fri Aug 21 15:49:50 EDT 2026","passed","Fri Aug 21 15:50:05 EDT 2026","Exceptions — Smoke","specs\Smoke\8-ExceptionsSmoke.spec.ts","",""
"","11675","Save a filter preset, verify it is auto-selected, then delete it","firefox","Fri Aug 21 13:47:50 EDT 2026","passed","Fri Aug 21 13:48:02 EDT 2026","Exceptions — Smoke","specs\Smoke\8-ExceptionsSmoke.spec.ts","",""
"","14646","Verify Combined View shows all chart sections","webkit","Fri Aug 21 15:40:06 EDT 2026","passed","Fri Aug 21 15:40:20 EDT 2026","Home Dashboard","specs\Smoke\3-HomeDashboardSmoke.spec.ts","",""
"","6190","Verify dashboard tab checked state updates correctly","msedge","Fri Aug 21 15:49:27 EDT 2026","passed","Fri Aug 21 15:49:33 EDT 2026","Home Dashboard","specs\Smoke\3-HomeDashboardSmoke.spec.ts","",""
"","14499","""View"" (Change Log) link on a row navigates to the entity log","webkit","Fri Aug 21 15:49:19 EDT 2026","passed","Fri Aug 21 15:49:33 EDT 2026","Presented Checks — Smoke (Continued)","specs\Smoke\5-PresentedChecksSmoke.spec.ts","",""
"","5208","Saved Filters dropdown is visible and defaults to no preset","msedge","Fri Aug 21 15:53:52 EDT 2026","passed","Fri Aug 21 15:53:58 EDT 2026","Exceptions — Smoke","specs\Smoke\8-ExceptionsSmoke.spec.ts","",""
"","19207","""+ Add Check"" navigates to the add-check form","webkit","Fri Aug 21 15:43:14 EDT 2026","passed","Fri Aug 21 15:43:34 EDT 2026","Issued Checks — Smoke","specs\Smoke\4-IssuedChecksSmoke.spec.ts","",""
"","17546","Default filter auto-applies after logout and re-login","chromium","Fri Aug 21 13:42:56 EDT 2026","passed","Fri Aug 21 13:43:13 EDT 2026","Presented Checks — Smoke","specs\Smoke\5-PresentedChecksSmoke.spec.ts","",""
"","2534","Validate unauthenticated access to protected route is redirected to login","chromium","Fri Aug 21 17:25:30 EDT 2026","passed","Fri Aug 21 17:25:32 EDT 2026","","specs\Smoke\1-LoginSmoke.spec.ts","",""
"","8004","Verify navigation to Issued Checks via nav menu","firefox","Fri Aug 21 15:41:49 EDT 2026","passed","Fri Aug 21 15:41:57 EDT 2026","Home Dashboard","specs\Smoke\3-HomeDashboardSmoke.spec.ts","",""
"","20299","Save a filter preset, verify it is auto-selected, then delete it","webkit","Fri Aug 21 15:47:12 EDT 2026","passed","Fri Aug 21 15:47:32 EDT 2026","Issued Checks — Smoke (Continued)","specs\Smoke\4-IssuedChecksSmoke.spec.ts","",""
"","2571","Validate unauthenticated access to protected route is redirected to login","msedge","Fri Aug 21 17:25:28 EDT 2026","passed","Fri Aug 21 17:25:31 EDT 2026","","specs\Smoke\1-LoginSmoke.spec.ts","",""
"","8240","Next page arrow advances to page 2","chromium","Fri Aug 21 15:44:34 EDT 2026","passed","Fri Aug 21 15:44:42 EDT 2026","Exceptions — Smoke","specs\Smoke\8-ExceptionsSmoke.spec.ts","",""
"","5324","Clicking a column header sorts ascending, clicking again sorts descending","msedge","Fri Aug 21 15:54:22 EDT 2026","passed","Fri Aug 21 15:54:28 EDT 2026","Exceptions — Smoke (Continued)","specs\Smoke\8-ExceptionsSmoke.spec.ts","",""
"","2451","Validate Login functionality with invalidEmailFormat","msedge","Fri Aug 21 17:25:02 EDT 2026","passed","Fri Aug 21 17:25:04 EDT 2026","","specs\Smoke\1-LoginSmoke.spec.ts","",""
"","8315","Page size change to 10 updates pagination info in bottom-right pager","msedge","Fri Aug 21 15:51:35 EDT 2026","passed","Fri Aug 21 15:51:43 EDT 2026","Presented Checks — Smoke","specs\Smoke\5-PresentedChecksSmoke.spec.ts","",""
"","5994","Verify profile menu shows My Info and Logout links","msedge","Fri Aug 21 15:50:06 EDT 2026","passed","Fri Aug 21 15:50:12 EDT 2026","Home Dashboard","specs\Smoke\3-HomeDashboardSmoke.spec.ts","",""
"","9346","""Delete"" on a row shows a confirm modal; Cancel dismisses it without deleting","chromium","Fri Aug 21 15:43:40 EDT 2026","passed","Fri Aug 21 15:43:49 EDT 2026","Issued Checks — Smoke (Continued)","specs\Smoke\4-IssuedChecksSmoke.spec.ts","",""
"","6934","Business Clients sub-page loads correctly","msedge","Fri Aug 21 15:50:02 EDT 2026","passed","Fri Aug 21 15:50:09 EDT 2026","Application Navigation Smoke Tests","specs\Smoke\2-NavigationSmoke.spec.ts","",""
"","4043","Validate Login functionality with xssInUsername","webkit","Fri Aug 21 17:25:40 EDT 2026","passed","Fri Aug 21 17:25:44 EDT 2026","","specs\Smoke\1-LoginSmoke.spec.ts","",""
"","15342","Previous page button returns to page 1, First page button re-enables disabled state","webkit","Fri Aug 21 15:48:45 EDT 2026","passed","Fri Aug 21 15:49:00 EDT 2026","ACH — Smoke","specs\Smoke\7-ACHSmoke.spec.ts","",""
"","41587","@settings All section headers are visible","chromium","Wed Aug 19 23:36:42 EDT 2026","failed","Wed Aug 19 23:37:23 EDT 2026","Account Settings - Header & Field Visibility Validation","specs\Legacy\Settings\Account\AccountSettingsPage.spec.ts","",""
"","13635","ACH page loads correctly","webkit","Fri Aug 21 15:41:00 EDT 2026","passed","Fri Aug 21 15:41:14 EDT 2026","Application Navigation Smoke Tests","specs\Smoke\2-NavigationSmoke.spec.ts","",""
"","7161","Open Exceptions page loads with either exception cards or the empty-state message","msedge","Fri Aug 21 13:47:42 EDT 2026","passed","Fri Aug 21 13:47:49 EDT 2026","Exceptions — Smoke","specs\Smoke\8-ExceptionsSmoke.spec.ts","",""
"","13026","Exceptions breadcrumb link is visible on the page","firefox","Fri Aug 21 13:48:39 EDT 2026","passed","Fri Aug 21 13:48:52 EDT 2026","Exceptions — Smoke","specs\Smoke\8-ExceptionsSmoke.spec.ts","",""
"","7682","Open Exceptions page loads with either exception cards or the empty-state message","firefox","Fri Aug 21 13:49:01 EDT 2026","passed","Fri Aug 21 13:49:08 EDT 2026","Exceptions — Smoke","specs\Smoke\8-ExceptionsSmoke.spec.ts","",""
"","12376","Holiday Schedules sub-page loads correctly","webkit","Fri Aug 21 15:43:33 EDT 2026","passed","Fri Aug 21 15:43:45 EDT 2026","Application Navigation Smoke Tests","specs\Smoke\2-NavigationSmoke.spec.ts","",""
"","11589","Save a filter preset, verify it is auto-selected, then delete it","chromium","Fri Aug 21 15:45:37 EDT 2026","passed","Fri Aug 21 15:45:48 EDT 2026","Exceptions — Smoke (Continued)","specs\Smoke\8-ExceptionsSmoke.spec.ts","",""
"","10895","Notification Templates sub-page loads correctly","chromium","Fri Aug 21 15:41:34 EDT 2026","passed","Fri Aug 21 15:41:45 EDT 2026","Application Navigation Smoke Tests","specs\Smoke\2-NavigationSmoke.spec.ts","",""
"","15380","Billing Reports sub-page loads correctly","webkit","Fri Aug 21 15:43:00 EDT 2026","passed","Fri Aug 21 15:43:15 EDT 2026","Application Navigation Smoke Tests","specs\Smoke\2-NavigationSmoke.spec.ts","",""
"","9333","""View"" (Change Log) link on a row navigates to the entity log","firefox","Fri Aug 21 15:48:04 EDT 2026","passed","Fri Aug 21 15:48:13 EDT 2026","ACH — Smoke","specs\Smoke\7-ACHSmoke.spec.ts","",""
"","3958","Validate Login functionality with invalidEmailFormat","webkit","Fri Aug 21 17:25:18 EDT 2026","passed","Fri Aug 21 17:25:22 EDT 2026","","specs\Smoke\1-LoginSmoke.spec.ts","",""
