"DESCRIPTION","DURATION IN MS","NAME","PARENT SUITE","START TIME","STATUS","STOP TIME","SUB SUITE","SUITE","TEST CLASS","TEST METHOD"
"","8571","Validate forgot password functionality with No email","firefox","Thu Oct 01 10:27:03 UTC 2026","passed","Thu Oct 01 10:27:12 UTC 2026","Login — Smoke > Forgot Password","specs\Smoke\1-LoginSmoke.spec.ts","",""
"","2189","Approvals page loads with either records or the empty-state message","chromium","Thu Oct 01 10:19:08 UTC 2026","passed","Thu Oct 01 10:19:10 UTC 2026","Exceptions — Smoke > Approvals","specs\Smoke\8-ExceptionsSmoke.spec.ts","",""
"","17837","Column filter popup applies a filter and Clear restores the full row set","firefox","Thu Oct 01 10:34:24 UTC 2026","passed","Thu Oct 01 10:34:42 UTC 2026","Issued Checks — Smoke > Column Filter","specs\Smoke\4-IssuedChecksSmoke.spec.ts","",""
"","4555","Check Approval Rules sub-page loads correctly","msedge","Thu Oct 01 10:12:18 UTC 2026","passed","Thu Oct 01 10:12:22 UTC 2026","Application Navigation Smoke Tests > Settings Sub-navigation","specs\Smoke\2-NavigationSmoke.spec.ts","",""
"","12423","""Uploaded Checks"" navigates to the uploads page","firefox","Thu Oct 01 10:31:26 UTC 2026","passed","Thu Oct 01 10:31:38 UTC 2026","Issued Checks — Smoke > Navigation","specs\Smoke\4-IssuedChecksSmoke.spec.ts","",""
"","12736","""Edit"" link on a row navigates to the check edit form","firefox","Thu Oct 01 10:34:42 UTC 2026","passed","Thu Oct 01 10:34:55 UTC 2026","Issued Checks — Smoke > Row Actions","specs\Smoke\4-IssuedChecksSmoke.spec.ts","",""
"","25317","Default filter auto-applies after logout and re-login","chromium","Thu Oct 01 10:13:59 UTC 2026","passed","Thu Oct 01 10:14:25 UTC 2026","Issued Checks — Smoke > Saved Filters > Default Filter","specs\Smoke\4-IssuedChecksSmoke.spec.ts","",""
"","6693","Verify navigation to Presented Checks via nav menu","msedge","Thu Oct 01 10:13:41 UTC 2026","passed","Thu Oct 01 10:13:48 UTC 2026","Home Dashboard > Navigation from Dashboard","specs\Smoke\3-HomeDashboardSmoke.spec.ts","",""
"","3965","Validate Login functionality with xssInUsername","chromium","Thu Oct 01 10:11:10 UTC 2026","passed","Thu Oct 01 10:11:14 UTC 2026","Login — Smoke > Login","specs\Smoke\1-LoginSmoke.spec.ts","",""
"","4328","Pre-Decisions page loads with either records or the empty-state message","firefox","Thu Oct 01 10:41:22 UTC 2026","passed","Thu Oct 01 10:41:26 UTC 2026","Exceptions — Smoke > Pre-Decisions","specs\Smoke\8-ExceptionsSmoke.spec.ts","",""
"","4711","Validate teller presented-check form shows all required fields","msedge","Thu Oct 01 10:16:06 UTC 2026","passed","Thu Oct 01 10:16:11 UTC 2026","Teller — Smoke > Add Check Form","specs\Smoke\6-TellerSmoke.spec.ts","",""
"","10769","Grid loads with data rows and key column headers","firefox","Thu Oct 01 10:32:04 UTC 2026","passed","Thu Oct 01 10:32:15 UTC 2026","Presented Checks — Smoke > Grid","specs\Smoke\5-PresentedChecksSmoke.spec.ts","",""
"","10165","""+ Add Check"" navigates to the add-check form","webkit","Thu Oct 01 10:18:03 UTC 2026","passed","Thu Oct 01 10:18:13 UTC 2026","Presented Checks — Smoke > Navigation","specs\Smoke\5-PresentedChecksSmoke.spec.ts","",""
"","16590","Decision badge on an already-reviewed row is blocked with a system message","firefox","Thu Oct 01 10:40:33 UTC 2026","passed","Thu Oct 01 10:40:49 UTC 2026","Exceptions — Smoke > Exception History > Row Actions","specs\Smoke\8-ExceptionsSmoke.spec.ts","",""
"","19152","Save a filter preset, verify it is auto-selected, then delete it","firefox","Thu Oct 01 10:38:49 UTC 2026","passed","Thu Oct 01 10:39:08 UTC 2026","ACH — Smoke > Saved Filters","specs\Smoke\7-ACHSmoke.spec.ts","",""
"","5099","Column filter popup applies a filter and Clear restores the full row set","msedge","Thu Oct 01 10:18:47 UTC 2026","passed","Thu Oct 01 10:18:52 UTC 2026","ACH — Smoke > Column Filter","specs\Smoke\7-ACHSmoke.spec.ts","",""
"","5218","Column filter menu applies a filter and Clear restores the full row set","msedge","Thu Oct 01 10:17:50 UTC 2026","passed","Thu Oct 01 10:17:55 UTC 2026","Exceptions — Smoke > Exception History > Column Filter","specs\Smoke\8-ExceptionsSmoke.spec.ts","",""
"","5257","Decision badge on an already-reviewed row is blocked with a system message","chromium","Thu Oct 01 10:18:44 UTC 2026","passed","Thu Oct 01 10:18:50 UTC 2026","Exceptions — Smoke > Exception History > Row Actions","specs\Smoke\8-ExceptionsSmoke.spec.ts","",""
"","16797","Verify Home dashboard is restored after returning from another page","webkit","Thu Oct 01 10:16:28 UTC 2026","passed","Thu Oct 01 10:16:45 UTC 2026","Home Dashboard > Summary Stats","specs\Smoke\3-HomeDashboardSmoke.spec.ts","",""
"","9502","System Log sub-page loads correctly","webkit","Thu Oct 01 10:13:53 UTC 2026","passed","Thu Oct 01 10:14:02 UTC 2026","Application Navigation Smoke Tests > Settings Sub-navigation","specs\Smoke\2-NavigationSmoke.spec.ts","",""
"","10806","Presented Checks page loads correctly","firefox","Thu Oct 01 10:26:13 UTC 2026","passed","Thu Oct 01 10:26:23 UTC 2026","Application Navigation Smoke Tests > Top-level Navigation","specs\Smoke\2-NavigationSmoke.spec.ts","",""
"","17331","Validate teller presented-check form shows all required fields","firefox","Thu Oct 01 10:35:27 UTC 2026","passed","Thu Oct 01 10:35:44 UTC 2026","Teller — Smoke > Add Check Form","specs\Smoke\6-TellerSmoke.spec.ts","",""
"","11321","Presented Checks breadcrumb link is visible on the page","firefox","Thu Oct 01 10:36:39 UTC 2026","passed","Thu Oct 01 10:36:50 UTC 2026","Presented Checks — Smoke > Breadcrumb","specs\Smoke\5-PresentedChecksSmoke.spec.ts","",""
"","9166","Column filter popup applies a filter and Clear restores the full row set","chromium","Thu Oct 01 10:16:11 UTC 2026","passed","Thu Oct 01 10:16:20 UTC 2026","Presented Checks — Smoke > Column Filter","specs\Smoke\5-PresentedChecksSmoke.spec.ts","",""
"","5605","""View"" (Change Log) link on a row navigates to the entity log","msedge","Thu Oct 01 10:16:29 UTC 2026","passed","Thu Oct 01 10:16:34 UTC 2026","Issued Checks — Smoke > Row Actions","specs\Smoke\4-IssuedChecksSmoke.spec.ts","",""
"","7227","Next page arrow advances to page 2","chromium","Thu Oct 01 10:17:17 UTC 2026","passed","Thu Oct 01 10:17:25 UTC 2026","Exceptions — Smoke > Exception History > Pagination","specs\Smoke\8-ExceptionsSmoke.spec.ts","",""
"","9204","Validate Login functionality with incorrectPassword","webkit","Thu Oct 01 10:10:55 UTC 2026","passed","Thu Oct 01 10:11:04 UTC 2026","Login — Smoke > Login","specs\Smoke\1-LoginSmoke.spec.ts","",""
"","12028","Pay/Return decision badge navigates to exception history","firefox","Thu Oct 01 10:36:27 UTC 2026","passed","Thu Oct 01 10:36:39 UTC 2026","Presented Checks — Smoke > Row Actions","specs\Smoke\5-PresentedChecksSmoke.spec.ts","",""
"","14596","Typing a page number navigates to that page","firefox","Thu Oct 01 10:38:19 UTC 2026","passed","Thu Oct 01 10:38:33 UTC 2026","Exceptions — Smoke > Exception History > Pagination","specs\Smoke\8-ExceptionsSmoke.spec.ts","",""
"","9781","Page size change to 10 updates pagination info in bottom-right pager","webkit","Thu Oct 01 10:18:45 UTC 2026","passed","Thu Oct 01 10:18:55 UTC 2026","Presented Checks — Smoke > Pagination","specs\Smoke\5-PresentedChecksSmoke.spec.ts","",""
"","16143","Column filter popup applies a filter and Clear restores the full row set","webkit","Thu Oct 01 10:20:41 UTC 2026","passed","Thu Oct 01 10:20:58 UTC 2026","Presented Checks — Smoke > Column Filter","specs\Smoke\5-PresentedChecksSmoke.spec.ts","",""
"","5919","Typing a page number navigates to that page","msedge","Thu Oct 01 10:17:08 UTC 2026","passed","Thu Oct 01 10:17:14 UTC 2026","ACH — Smoke > Pagination","specs\Smoke\7-ACHSmoke.spec.ts","",""
"","12127","Verify navigation to ACH via nav menu","firefox","Thu Oct 01 10:31:26 UTC 2026","passed","Thu Oct 01 10:31:38 UTC 2026","Home Dashboard > Navigation from Dashboard","specs\Smoke\3-HomeDashboardSmoke.spec.ts","",""
"","6245","Automatic ACH Decision Rules sub-page loads correctly","firefox","Thu Oct 01 10:29:14 UTC 2026","passed","Thu Oct 01 10:29:20 UTC 2026","Application Navigation Smoke Tests > Settings Sub-navigation","specs\Smoke\2-NavigationSmoke.spec.ts","",""
"","8354","Typing a page number navigates to that page","msedge","Thu Oct 01 10:14:04 UTC 2026","passed","Thu Oct 01 10:14:12 UTC 2026","Issued Checks — Smoke > Pagination","specs\Smoke\4-IssuedChecksSmoke.spec.ts","",""
"","20703","Column filter menu applies a filter and Clear restores the full row set","firefox","Thu Oct 01 10:39:51 UTC 2026","passed","Thu Oct 01 10:40:12 UTC 2026","Exceptions — Smoke > Exception History > Column Filter","specs\Smoke\8-ExceptionsSmoke.spec.ts","",""
"","6063","Last page arrow jumps to the final page","msedge","Thu Oct 01 10:17:02 UTC 2026","passed","Thu Oct 01 10:17:08 UTC 2026","ACH — Smoke > Pagination","specs\Smoke\7-ACHSmoke.spec.ts","",""
"","4784","Validate Login functionality with invalidEmailFormat","firefox","Thu Oct 01 10:26:11 UTC 2026","passed","Thu Oct 01 10:26:16 UTC 2026","Login — Smoke > Login","specs\Smoke\1-LoginSmoke.spec.ts","",""
"","11663","Last page arrow jumps to the final page","webkit","Thu Oct 01 10:19:07 UTC 2026","passed","Thu Oct 01 10:19:18 UTC 2026","Presented Checks — Smoke > Pagination","specs\Smoke\5-PresentedChecksSmoke.spec.ts","",""
"","9120","Last page arrow jumps to the final page","msedge","Thu Oct 01 10:13:55 UTC 2026","passed","Thu Oct 01 10:14:04 UTC 2026","Issued Checks — Smoke > Pagination","specs\Smoke\4-IssuedChecksSmoke.spec.ts","",""
"","7269","Clicking a column header sorts ascending, clicking again sorts descending","msedge","Thu Oct 01 10:16:09 UTC 2026","passed","Thu Oct 01 10:16:17 UTC 2026","Issued Checks — Smoke > Sorting","specs\Smoke\4-IssuedChecksSmoke.spec.ts","",""
"","4910","Excel export button is visible and enabled","chromium","Thu Oct 01 10:13:10 UTC 2026","passed","Thu Oct 01 10:13:15 UTC 2026","Issued Checks — Smoke > Toolbar","specs\Smoke\4-IssuedChecksSmoke.spec.ts","",""
"","7510","Clicking a column header sorts ascending, clicking again sorts descending","chromium","Thu Oct 01 10:14:25 UTC 2026","passed","Thu Oct 01 10:14:32 UTC 2026","Issued Checks — Smoke > Sorting","specs\Smoke\4-IssuedChecksSmoke.spec.ts","",""
"","9462","File Formats sub-page loads correctly","webkit","Thu Oct 01 10:12:47 UTC 2026","passed","Thu Oct 01 10:12:56 UTC 2026","Application Navigation Smoke Tests > Settings Sub-navigation","specs\Smoke\2-NavigationSmoke.spec.ts","",""
"","4510","Notification Templates sub-page loads correctly","msedge","Thu Oct 01 10:12:06 UTC 2026","passed","Thu Oct 01 10:12:11 UTC 2026","Application Navigation Smoke Tests > Settings Sub-navigation","specs\Smoke\2-NavigationSmoke.spec.ts","",""
"","23967","Default filter auto-applies after logout and re-login","chromium","Thu Oct 01 10:18:05 UTC 2026","passed","Thu Oct 01 10:18:29 UTC 2026","Exceptions — Smoke > Exception History > Saved Filters > Default Filter","specs\Smoke\8-ExceptionsSmoke.spec.ts","",""
"","4044","Automatic ACH Decision Rules sub-page loads correctly","chromium","Thu Oct 01 10:11:58 UTC 2026","passed","Thu Oct 01 10:12:02 UTC 2026","Application Navigation Smoke Tests > Settings Sub-navigation","specs\Smoke\2-NavigationSmoke.spec.ts","",""
"","7560","Validate session persists after page refresh","msedge","Thu Oct 01 10:11:55 UTC 2026","passed","Thu Oct 01 10:12:03 UTC 2026","Login — Smoke > Session & Security","specs\Smoke\1-LoginSmoke.spec.ts","",""
"","8670","Validate Login functionality with xssInUsername","webkit","Thu Oct 01 10:11:57 UTC 2026","passed","Thu Oct 01 10:12:06 UTC 2026","Login — Smoke > Login","specs\Smoke\1-LoginSmoke.spec.ts","",""
"","6496","Open Exceptions page loads with either exception cards or the empty-state message","firefox","Thu Oct 01 10:41:04 UTC 2026","passed","Thu Oct 01 10:41:11 UTC 2026","Exceptions — Smoke > Open Exceptions","specs\Smoke\8-ExceptionsSmoke.spec.ts","",""
"","15489","Verify delayed data note and force refresh link are visible on dashboard","firefox","Thu Oct 01 10:30:11 UTC 2026","passed","Thu Oct 01 10:30:26 UTC 2026","Home Dashboard > Summary Stats","specs\Smoke\3-HomeDashboardSmoke.spec.ts","",""
"","5638","Verify ACH Only tab shows ACH-specific chart sections","msedge","Thu Oct 01 10:12:31 UTC 2026","passed","Thu Oct 01 10:12:37 UTC 2026","Home Dashboard > Dashboard Chart Headings","specs\Smoke\3-HomeDashboardSmoke.spec.ts","",""
"","6230","Verify tab-specific charts are hidden for opposite tab","msedge","Thu Oct 01 10:12:51 UTC 2026","passed","Thu Oct 01 10:12:58 UTC 2026","Home Dashboard > Dashboard Chart Headings","specs\Smoke\3-HomeDashboardSmoke.spec.ts","",""
"","13297","Search box filters grid and clears correctly","chromium","Thu Oct 01 10:14:07 UTC 2026","passed","Thu Oct 01 10:14:20 UTC 2026","Presented Checks — Smoke > Toolbar","specs\Smoke\5-PresentedChecksSmoke.spec.ts","",""
"","9603","Default filter auto-applies after logout and re-login","webkit","Thu Oct 01 10:22:40 UTC 2026","skipped","Thu Oct 01 10:22:50 UTC 2026","ACH — Smoke > Saved Filters > Default Filter","specs\Smoke\7-ACHSmoke.spec.ts","",""
"","13862","Holiday Schedules sub-page loads correctly","firefox","Thu Oct 01 10:28:25 UTC 2026","passed","Thu Oct 01 10:28:39 UTC 2026","Application Navigation Smoke Tests > Settings Sub-navigation","specs\Smoke\2-NavigationSmoke.spec.ts","",""
"","10424","Verify all three dashboard view tabs are visible","webkit","Thu Oct 01 10:13:21 UTC 2026","passed","Thu Oct 01 10:13:32 UTC 2026","Home Dashboard > Page Load","specs\Smoke\3-HomeDashboardSmoke.spec.ts","",""
"","5365","Next page arrow advances to page 2","chromium","Thu Oct 01 10:13:21 UTC 2026","passed","Thu Oct 01 10:13:26 UTC 2026","Issued Checks — Smoke > Pagination","specs\Smoke\4-IssuedChecksSmoke.spec.ts","",""
"","23763","Grid loads with data rows and key column headers","webkit","Thu Oct 01 10:14:34 UTC 2026","passed","Thu Oct 01 10:14:58 UTC 2026","Issued Checks — Smoke > Grid","specs\Smoke\4-IssuedChecksSmoke.spec.ts","",""
"","12402","Default Decision Log sub-page loads correctly","firefox","Thu Oct 01 10:29:42 UTC 2026","passed","Thu Oct 01 10:29:55 UTC 2026","Application Navigation Smoke Tests > Settings Sub-navigation","specs\Smoke\2-NavigationSmoke.spec.ts","",""
"","1413","Default filter auto-applies after logout and re-login","firefox","Thu Oct 01 10:39:30 UTC 2026","skipped","Thu Oct 01 10:39:32 UTC 2026","Exceptions — Smoke > Exception History > Saved Filters > Default Filter","specs\Smoke\8-ExceptionsSmoke.spec.ts","",""
"","7862","Verify delayed data note and force refresh link are visible on dashboard","chromium","Thu Oct 01 10:12:43 UTC 2026","passed","Thu Oct 01 10:12:50 UTC 2026","Home Dashboard > Summary Stats","specs\Smoke\3-HomeDashboardSmoke.spec.ts","",""
"","11759","Typing a page number navigates to that page","webkit","Thu Oct 01 10:23:15 UTC 2026","passed","Thu Oct 01 10:23:26 UTC 2026","Exceptions — Smoke > Exception History > Pagination","specs\Smoke\8-ExceptionsSmoke.spec.ts","",""
"","4414","Excel export button is visible and enabled","msedge","Thu Oct 01 10:14:35 UTC 2026","passed","Thu Oct 01 10:14:39 UTC 2026","Presented Checks — Smoke > Toolbar","specs\Smoke\5-PresentedChecksSmoke.spec.ts","",""
"","8752","Validate Login functionality with veryLongInput","firefox","Thu Oct 01 10:26:47 UTC 2026","passed","Thu Oct 01 10:26:56 UTC 2026","Login — Smoke > Login","specs\Smoke\1-LoginSmoke.spec.ts","",""
"","19598","Clicking a column header sorts ascending, clicking again sorts descending","firefox","Thu Oct 01 10:39:32 UTC 2026","passed","Thu Oct 01 10:39:51 UTC 2026","Exceptions — Smoke > Exception History > Sorting","specs\Smoke\8-ExceptionsSmoke.spec.ts","",""
"","6609","File Processing sub-page loads correctly","chromium","Thu Oct 01 10:12:26 UTC 2026","passed","Thu Oct 01 10:12:33 UTC 2026","Application Navigation Smoke Tests > Settings Sub-navigation","specs\Smoke\2-NavigationSmoke.spec.ts","",""
"","17870","Previous page button returns to page 1, First page button re-enables disabled state","webkit","Thu Oct 01 10:23:26 UTC 2026","passed","Thu Oct 01 10:23:44 UTC 2026","Exceptions — Smoke > Exception History > Pagination","specs\Smoke\8-ExceptionsSmoke.spec.ts","",""
"","9544","Verify navigation to ACH via nav menu","webkit","Thu Oct 01 10:17:09 UTC 2026","passed","Thu Oct 01 10:17:19 UTC 2026","Home Dashboard > Navigation from Dashboard","specs\Smoke\3-HomeDashboardSmoke.spec.ts","",""
"","10571","Verify Check Only tab shows Check-specific chart sections","webkit","Thu Oct 01 10:13:42 UTC 2026","passed","Thu Oct 01 10:13:52 UTC 2026","Home Dashboard > Dashboard Chart Headings","specs\Smoke\3-HomeDashboardSmoke.spec.ts","",""
"","14319","Verify dashboard tab checked state updates correctly","webkit","Thu Oct 01 10:14:02 UTC 2026","passed","Thu Oct 01 10:14:16 UTC 2026","Home Dashboard > Dashboard Chart Headings","specs\Smoke\3-HomeDashboardSmoke.spec.ts","",""
"","4747","Users sub-page loads correctly","msedge","Thu Oct 01 10:11:33 UTC 2026","passed","Thu Oct 01 10:11:38 UTC 2026","Application Navigation Smoke Tests > Settings Sub-navigation","specs\Smoke\2-NavigationSmoke.spec.ts","",""
"","4414","Verify dashboard loads after successful login","msedge","Thu Oct 01 10:12:07 UTC 2026","passed","Thu Oct 01 10:12:12 UTC 2026","Home Dashboard > Page Load","specs\Smoke\3-HomeDashboardSmoke.spec.ts","",""
"","5483","Pre-Decisions page loads with either records or the empty-state message","msedge","Thu Oct 01 10:18:36 UTC 2026","passed","Thu Oct 01 10:18:42 UTC 2026","Exceptions — Smoke > Pre-Decisions","specs\Smoke\8-ExceptionsSmoke.spec.ts","",""
"","4000","Clicking a column header sorts ascending, clicking again sorts descending","chromium","Thu Oct 01 10:18:29 UTC 2026","passed","Thu Oct 01 10:18:33 UTC 2026","Exceptions — Smoke > Exception History > Sorting","specs\Smoke\8-ExceptionsSmoke.spec.ts","",""
"","8380","Validate forgot password with unregistered email","webkit","Thu Oct 01 10:12:33 UTC 2026","passed","Thu Oct 01 10:12:41 UTC 2026","Login — Smoke > Forgot Password","specs\Smoke\1-LoginSmoke.spec.ts","",""
"","4231","Holiday Schedules sub-page loads correctly","chromium","Thu Oct 01 10:11:36 UTC 2026","passed","Thu Oct 01 10:11:40 UTC 2026","Application Navigation Smoke Tests > Settings Sub-navigation","specs\Smoke\2-NavigationSmoke.spec.ts","",""
"","7205","""View"" (Change Log) link on a row navigates to the entity log","msedge","Thu Oct 01 10:15:39 UTC 2026","passed","Thu Oct 01 10:15:46 UTC 2026","Presented Checks — Smoke > Row Actions","specs\Smoke\5-PresentedChecksSmoke.spec.ts","",""
"","7041","Branding sub-page loads correctly","webkit","Thu Oct 01 10:12:16 UTC 2026","passed","Thu Oct 01 10:12:23 UTC 2026","Application Navigation Smoke Tests > Settings Sub-navigation","specs\Smoke\2-NavigationSmoke.spec.ts","",""
"","3452","Users sub-page loads correctly","chromium","Thu Oct 01 10:11:15 UTC 2026","passed","Thu Oct 01 10:11:18 UTC 2026","Application Navigation Smoke Tests > Settings Sub-navigation","specs\Smoke\2-NavigationSmoke.spec.ts","",""
"","11717","Next page arrow advances to page 2","webkit","Thu Oct 01 10:18:55 UTC 2026","passed","Thu Oct 01 10:19:07 UTC 2026","Presented Checks — Smoke > Pagination","specs\Smoke\5-PresentedChecksSmoke.spec.ts","",""
"","8479","Validate teller presented-check form shows all required fields","webkit","Thu Oct 01 10:19:36 UTC 2026","passed","Thu Oct 01 10:19:44 UTC 2026","Teller — Smoke > Add Check Form","specs\Smoke\6-TellerSmoke.spec.ts","",""
"","10655","Last page arrow jumps to the final page","webkit","Thu Oct 01 10:16:59 UTC 2026","passed","Thu Oct 01 10:17:10 UTC 2026","Issued Checks — Smoke > Pagination","specs\Smoke\4-IssuedChecksSmoke.spec.ts","",""
"","9683","""+ Add ACH"" navigates to the add-ACH form","webkit","Thu Oct 01 10:20:20 UTC 2026","passed","Thu Oct 01 10:20:30 UTC 2026","ACH — Smoke > Navigation","specs\Smoke\7-ACHSmoke.spec.ts","",""
"","5049","Open Exceptions page loads with either exception cards or the empty-state message","webkit","Thu Oct 01 10:25:07 UTC 2026","passed","Thu Oct 01 10:25:12 UTC 2026","Exceptions — Smoke > Open Exceptions","specs\Smoke\8-ExceptionsSmoke.spec.ts","",""
"","15583","Search box filters grid and clears correctly","firefox","Thu Oct 01 10:32:57 UTC 2026","passed","Thu Oct 01 10:33:12 UTC 2026","Presented Checks — Smoke > Toolbar","specs\Smoke\5-PresentedChecksSmoke.spec.ts","",""
"","5347","Verify Check Only tab shows Check-specific chart sections","msedge","Thu Oct 01 10:12:26 UTC 2026","passed","Thu Oct 01 10:12:31 UTC 2026","Home Dashboard > Dashboard Chart Headings","specs\Smoke\3-HomeDashboardSmoke.spec.ts","",""
"","4495","Validate forgot password functionality with No email","msedge","Thu Oct 01 10:11:46 UTC 2026","passed","Thu Oct 01 10:11:51 UTC 2026","Login — Smoke > Forgot Password","specs\Smoke\1-LoginSmoke.spec.ts","",""
"","12297","Clicking a column header sorts ascending, clicking again sorts descending","webkit","Thu Oct 01 10:18:17 UTC 2026","passed","Thu Oct 01 10:18:30 UTC 2026","Issued Checks — Smoke > Sorting","specs\Smoke\4-IssuedChecksSmoke.spec.ts","",""
"","10905","Verify Home dashboard is restored after returning from another page","firefox","Thu Oct 01 10:30:52 UTC 2026","passed","Thu Oct 01 10:31:03 UTC 2026","Home Dashboard > Summary Stats","specs\Smoke\3-HomeDashboardSmoke.spec.ts","",""
"","9213","Notification Log sub-page loads correctly","webkit","Thu Oct 01 10:13:34 UTC 2026","passed","Thu Oct 01 10:13:43 UTC 2026","Application Navigation Smoke Tests > Settings Sub-navigation","specs\Smoke\2-NavigationSmoke.spec.ts","",""
"","10246","Save a filter preset, verify it is auto-selected, then delete it","chromium","Thu Oct 01 10:16:59 UTC 2026","passed","Thu Oct 01 10:17:09 UTC 2026","ACH — Smoke > Saved Filters","specs\Smoke\7-ACHSmoke.spec.ts","",""
"","5897","ACH Approval Rules sub-page loads correctly","msedge","Thu Oct 01 10:12:26 UTC 2026","passed","Thu Oct 01 10:12:32 UTC 2026","Application Navigation Smoke Tests > Settings Sub-navigation","specs\Smoke\2-NavigationSmoke.spec.ts","",""
"","5329","Notification Templates sub-page loads correctly","chromium","Thu Oct 01 10:11:44 UTC 2026","passed","Thu Oct 01 10:11:49 UTC 2026","Application Navigation Smoke Tests > Settings Sub-navigation","specs\Smoke\2-NavigationSmoke.spec.ts","",""
"","7224","Previous page button returns to page 1, First page button re-enables disabled state","chromium","Thu Oct 01 10:13:36 UTC 2026","passed","Thu Oct 01 10:13:44 UTC 2026","Issued Checks — Smoke > Pagination","specs\Smoke\4-IssuedChecksSmoke.spec.ts","",""
"","3945","Roles/Permissions sub-page loads correctly","msedge","Thu Oct 01 10:11:38 UTC 2026","passed","Thu Oct 01 10:11:42 UTC 2026","Application Navigation Smoke Tests > Settings Sub-navigation","specs\Smoke\2-NavigationSmoke.spec.ts","",""
"","4543","Exceptions breadcrumb link is visible on the page","webkit","Thu Oct 01 10:24:57 UTC 2026","passed","Thu Oct 01 10:25:01 UTC 2026","Exceptions — Smoke > Exception History > Breadcrumb","specs\Smoke\8-ExceptionsSmoke.spec.ts","",""
"","3952","Validate Login functionality with incorrectUsername","chromium","Thu Oct 01 10:10:45 UTC 2026","passed","Thu Oct 01 10:10:49 UTC 2026","Login — Smoke > Login","specs\Smoke\1-LoginSmoke.spec.ts","",""
"","8817","Teller page loads correctly","firefox","Thu Oct 01 10:26:23 UTC 2026","passed","Thu Oct 01 10:26:32 UTC 2026","Application Navigation Smoke Tests > Top-level Navigation","specs\Smoke\2-NavigationSmoke.spec.ts","",""
"","11996","""Delete"" on a row shows a confirm modal; Cancel dismisses it without deleting","firefox","Thu Oct 01 10:35:06 UTC 2026","passed","Thu Oct 01 10:35:18 UTC 2026","Issued Checks — Smoke > Row Actions","specs\Smoke\4-IssuedChecksSmoke.spec.ts","",""
"","10572","Excel export button is visible and enabled","webkit","Thu Oct 01 10:20:55 UTC 2026","passed","Thu Oct 01 10:21:06 UTC 2026","ACH — Smoke > Toolbar","specs\Smoke\7-ACHSmoke.spec.ts","",""
"","12147","Verify ACH Only tab shows ACH-specific chart sections","firefox","Thu Oct 01 10:28:58 UTC 2026","passed","Thu Oct 01 10:29:10 UTC 2026","Home Dashboard > Dashboard Chart Headings","specs\Smoke\3-HomeDashboardSmoke.spec.ts","",""
"","4902","Grid loads with data rows and key column headers","msedge","Thu Oct 01 10:13:08 UTC 2026","passed","Thu Oct 01 10:13:12 UTC 2026","Issued Checks — Smoke > Grid","specs\Smoke\4-IssuedChecksSmoke.spec.ts","",""
"","10386","Excel export button is visible and enabled","webkit","Thu Oct 01 10:22:30 UTC 2026","passed","Thu Oct 01 10:22:40 UTC 2026","Exceptions — Smoke > Exception History > Toolbar","specs\Smoke\8-ExceptionsSmoke.spec.ts","",""
"","14354","Search box filters grid and clears correctly","webkit","Thu Oct 01 10:22:15 UTC 2026","passed","Thu Oct 01 10:22:30 UTC 2026","Exceptions — Smoke > Exception History > Toolbar","specs\Smoke\8-ExceptionsSmoke.spec.ts","",""
"","5459","""View"" (Change Log) link on a row navigates to the entity log","chromium","Thu Oct 01 10:17:49 UTC 2026","passed","Thu Oct 01 10:17:55 UTC 2026","ACH — Smoke > Row Actions","specs\Smoke\7-ACHSmoke.spec.ts","",""
"","6790","Presented Checks breadcrumb link is visible on the page","msedge","Thu Oct 01 10:15:59 UTC 2026","passed","Thu Oct 01 10:16:06 UTC 2026","Presented Checks — Smoke > Breadcrumb","specs\Smoke\5-PresentedChecksSmoke.spec.ts","",""
"","3977","Automatic ACH Decision Rules sub-page loads correctly","msedge","Thu Oct 01 10:12:22 UTC 2026","passed","Thu Oct 01 10:12:26 UTC 2026","Application Navigation Smoke Tests > Settings Sub-navigation","specs\Smoke\2-NavigationSmoke.spec.ts","",""
"","14712","Last page arrow jumps to the final page","firefox","Thu Oct 01 10:37:41 UTC 2026","passed","Thu Oct 01 10:37:56 UTC 2026","ACH — Smoke > Pagination","specs\Smoke\7-ACHSmoke.spec.ts","",""
"","14672","Column filter popup applies a filter and Clear restores the full row set","firefox","Thu Oct 01 10:35:35 UTC 2026","passed","Thu Oct 01 10:35:50 UTC 2026","Presented Checks — Smoke > Column Filter","specs\Smoke\5-PresentedChecksSmoke.spec.ts","",""
"","4456","Validate Login functionality with sqlInjection","msedge","Thu Oct 01 10:11:29 UTC 2026","passed","Thu Oct 01 10:11:33 UTC 2026","Login — Smoke > Login","specs\Smoke\1-LoginSmoke.spec.ts","",""
"","4654","Decision Files sub-page loads correctly","msedge","Thu Oct 01 10:11:51 UTC 2026","passed","Thu Oct 01 10:11:56 UTC 2026","Application Navigation Smoke Tests > Settings Sub-navigation","specs\Smoke\2-NavigationSmoke.spec.ts","",""
"","4921","Presented Checks breadcrumb link is visible on the page","chromium","Thu Oct 01 10:16:41 UTC 2026","passed","Thu Oct 01 10:16:46 UTC 2026","Presented Checks — Smoke > Breadcrumb","specs\Smoke\5-PresentedChecksSmoke.spec.ts","",""
"","8059","Last page arrow jumps to the final page","chromium","Thu Oct 01 10:14:42 UTC 2026","passed","Thu Oct 01 10:14:50 UTC 2026","Presented Checks — Smoke > Pagination","specs\Smoke\5-PresentedChecksSmoke.spec.ts","",""
"","7867","""Uploaded ACH"" navigates to the uploads page","chromium","Thu Oct 01 10:16:00 UTC 2026","passed","Thu Oct 01 10:16:08 UTC 2026","ACH — Smoke > Navigation","specs\Smoke\7-ACHSmoke.spec.ts","",""
"","7286","Exceptions page loads correctly","webkit","Thu Oct 01 10:11:30 UTC 2026","passed","Thu Oct 01 10:11:37 UTC 2026","Application Navigation Smoke Tests > Top-level Navigation","specs\Smoke\2-NavigationSmoke.spec.ts","",""
"","7553","Roles/Permissions sub-page loads correctly","webkit","Thu Oct 01 10:12:08 UTC 2026","passed","Thu Oct 01 10:12:16 UTC 2026","Application Navigation Smoke Tests > Settings Sub-navigation","specs\Smoke\2-NavigationSmoke.spec.ts","",""
"","11975","Clicking a column header sorts ascending, clicking again sorts descending","webkit","Thu Oct 01 10:22:50 UTC 2026","passed","Thu Oct 01 10:23:02 UTC 2026","ACH — Smoke > Sorting","specs\Smoke\7-ACHSmoke.spec.ts","",""
"","24028","Pay/Return decision badge navigates to exception history","firefox","Thu Oct 01 10:40:15 UTC 2026","passed","Thu Oct 01 10:40:39 UTC 2026","ACH — Smoke > Row Actions","specs\Smoke\7-ACHSmoke.spec.ts","",""
"","3434","Default filter auto-applies after logout and re-login","msedge","Thu Oct 01 10:15:17 UTC 2026","skipped","Thu Oct 01 10:15:20 UTC 2026","Presented Checks — Smoke > Saved Filters > Default Filter","specs\Smoke\5-PresentedChecksSmoke.spec.ts","",""
"","20490","Validate Login functionality with correctCredentials","firefox","Thu Oct 01 10:25:27 UTC 2026","passed","Thu Oct 01 10:25:48 UTC 2026","Login — Smoke > Login","specs\Smoke\1-LoginSmoke.spec.ts","",""
"","11910","Last page arrow jumps to the final page","webkit","Thu Oct 01 10:23:03 UTC 2026","passed","Thu Oct 01 10:23:15 UTC 2026","Exceptions — Smoke > Exception History > Pagination","specs\Smoke\8-ExceptionsSmoke.spec.ts","",""
"","4660","Verify Total Exceptions and Total Exception Amount labels are visible","chromium","Thu Oct 01 10:12:33 UTC 2026","passed","Thu Oct 01 10:12:38 UTC 2026","Home Dashboard > Summary Stats","specs\Smoke\3-HomeDashboardSmoke.spec.ts","",""
"","12245","Last page arrow jumps to the final page","firefox","Thu Oct 01 10:33:45 UTC 2026","passed","Thu Oct 01 10:33:58 UTC 2026","Presented Checks — Smoke > Pagination","specs\Smoke\5-PresentedChecksSmoke.spec.ts","",""
"","11579","Excel export button is visible and enabled","firefox","Thu Oct 01 10:37:07 UTC 2026","passed","Thu Oct 01 10:37:19 UTC 2026","ACH — Smoke > Toolbar","specs\Smoke\7-ACHSmoke.spec.ts","",""
"","6578","""Delete"" on a row shows a confirm modal; Cancel dismisses it without deleting","chromium","Thu Oct 01 10:16:29 UTC 2026","passed","Thu Oct 01 10:16:36 UTC 2026","Presented Checks — Smoke > Row Actions","specs\Smoke\5-PresentedChecksSmoke.spec.ts","",""
"","3445","Typing a page number navigates to that page","msedge","Thu Oct 01 10:17:27 UTC 2026","passed","Thu Oct 01 10:17:30 UTC 2026","Exceptions — Smoke > Exception History > Pagination","specs\Smoke\8-ExceptionsSmoke.spec.ts","",""
"","4265","Validate Login functionality with missingUsername","msedge","Thu Oct 01 10:11:25 UTC 2026","passed","Thu Oct 01 10:11:29 UTC 2026","Login — Smoke > Login","specs\Smoke\1-LoginSmoke.spec.ts","",""
"","4894","Last page arrow jumps to the final page","chromium","Thu Oct 01 10:13:26 UTC 2026","passed","Thu Oct 01 10:13:31 UTC 2026","Issued Checks — Smoke > Pagination","specs\Smoke\4-IssuedChecksSmoke.spec.ts","",""
"","12762","Default filter auto-applies after logout and re-login","firefox","Thu Oct 01 10:33:57 UTC 2026","skipped","Thu Oct 01 10:34:10 UTC 2026","Issued Checks — Smoke > Saved Filters > Default Filter","specs\Smoke\4-IssuedChecksSmoke.spec.ts","",""
"","4302","""Uploaded Checks"" navigates to the uploads page","msedge","Thu Oct 01 10:14:25 UTC 2026","passed","Thu Oct 01 10:14:30 UTC 2026","Presented Checks — Smoke > Navigation","specs\Smoke\5-PresentedChecksSmoke.spec.ts","",""
"","7334","Exceptions page loads correctly","firefox","Thu Oct 01 10:26:43 UTC 2026","passed","Thu Oct 01 10:26:50 UTC 2026","Application Navigation Smoke Tests > Top-level Navigation","specs\Smoke\2-NavigationSmoke.spec.ts","",""
"","10933","Account Settings sub-page loads correctly","firefox","Thu Oct 01 10:27:00 UTC 2026","passed","Thu Oct 01 10:27:11 UTC 2026","Application Navigation Smoke Tests > Settings Sub-navigation","specs\Smoke\2-NavigationSmoke.spec.ts","",""
"","4604","Verify all three dashboard view tabs are visible","msedge","Thu Oct 01 10:12:17 UTC 2026","passed","Thu Oct 01 10:12:22 UTC 2026","Home Dashboard > Page Load","specs\Smoke\3-HomeDashboardSmoke.spec.ts","",""
"","4799","""Edit"" link on a row navigates to the check edit form","msedge","Thu Oct 01 10:16:24 UTC 2026","passed","Thu Oct 01 10:16:29 UTC 2026","Issued Checks — Smoke > Row Actions","specs\Smoke\4-IssuedChecksSmoke.spec.ts","",""
"","5187","Previous page button returns to page 1, First page button re-enables disabled state","msedge","Thu Oct 01 10:17:30 UTC 2026","passed","Thu Oct 01 10:17:35 UTC 2026","Exceptions — Smoke > Exception History > Pagination","specs\Smoke\8-ExceptionsSmoke.spec.ts","",""
"","14488","Verify summary KPI values have expected number formats","webkit","Thu Oct 01 10:15:02 UTC 2026","passed","Thu Oct 01 10:15:16 UTC 2026","Home Dashboard > Summary Stats","specs\Smoke\3-HomeDashboardSmoke.spec.ts","",""
"","17880","Grid loads with data rows and key column headers","firefox","Thu Oct 01 10:35:55 UTC 2026","passed","Thu Oct 01 10:36:13 UTC 2026","ACH — Smoke > Grid","specs\Smoke\7-ACHSmoke.spec.ts","",""
"","5041","Search box filters grid and clears correctly","msedge","Thu Oct 01 10:14:30 UTC 2026","passed","Thu Oct 01 10:14:35 UTC 2026","Presented Checks — Smoke > Toolbar","specs\Smoke\5-PresentedChecksSmoke.spec.ts","",""
"","5790","""Delete"" on a row shows a confirm modal; Cancel dismisses it without deleting","msedge","Thu Oct 01 10:16:34 UTC 2026","passed","Thu Oct 01 10:16:40 UTC 2026","Issued Checks — Smoke > Row Actions","specs\Smoke\4-IssuedChecksSmoke.spec.ts","",""
"","6250","Typing a page number navigates to that page","chromium","Thu Oct 01 10:17:33 UTC 2026","passed","Thu Oct 01 10:17:39 UTC 2026","Exceptions — Smoke > Exception History > Pagination","specs\Smoke\8-ExceptionsSmoke.spec.ts","",""
"","9258","Default filter auto-applies after logout and re-login","webkit","Thu Oct 01 10:18:08 UTC 2026","skipped","Thu Oct 01 10:18:17 UTC 2026","Issued Checks — Smoke > Saved Filters > Default Filter","specs\Smoke\4-IssuedChecksSmoke.spec.ts","",""
"","5087","Validate Login functionality with emptyFields","firefox","Thu Oct 01 10:26:16 UTC 2026","passed","Thu Oct 01 10:26:21 UTC 2026","Login — Smoke > Login","specs\Smoke\1-LoginSmoke.spec.ts","",""
"","9112","Validate Login functionality with missingPassword","webkit","Thu Oct 01 10:11:30 UTC 2026","passed","Thu Oct 01 10:11:39 UTC 2026","Login — Smoke > Login","specs\Smoke\1-LoginSmoke.spec.ts","",""
"","4510","Validate unauthenticated access to protected route is redirected to login","msedge","Thu Oct 01 10:12:03 UTC 2026","passed","Thu Oct 01 10:12:07 UTC 2026","Login — Smoke > Session & Security","specs\Smoke\1-LoginSmoke.spec.ts","",""
"","3924","Exceptions breadcrumb link is visible on the page","msedge","Thu Oct 01 10:18:07 UTC 2026","passed","Thu Oct 01 10:18:10 UTC 2026","Exceptions — Smoke > Exception History > Breadcrumb","specs\Smoke\8-ExceptionsSmoke.spec.ts","",""
"","5556","Verify Total Exceptions and Total Exception Amount labels are visible","msedge","Thu Oct 01 10:12:58 UTC 2026","passed","Thu Oct 01 10:13:03 UTC 2026","Home Dashboard > Summary Stats","specs\Smoke\3-HomeDashboardSmoke.spec.ts","",""
"","4173","Presented Checks page loads correctly","msedge","Thu Oct 01 10:11:04 UTC 2026","passed","Thu Oct 01 10:11:08 UTC 2026","Application Navigation Smoke Tests > Top-level Navigation","specs\Smoke\2-NavigationSmoke.spec.ts","",""
"","12270","Previous page button returns to page 1, First page button re-enables disabled state","chromium","Thu Oct 01 10:14:59 UTC 2026","passed","Thu Oct 01 10:15:12 UTC 2026","Presented Checks — Smoke > Pagination","specs\Smoke\5-PresentedChecksSmoke.spec.ts","",""
"","11144","Issued Checks breadcrumb link is visible on the page","webkit","Thu Oct 01 10:19:24 UTC 2026","passed","Thu Oct 01 10:19:35 UTC 2026","Issued Checks — Smoke > Breadcrumb","specs\Smoke\4-IssuedChecksSmoke.spec.ts","",""
"","4485","ACH page loads correctly","msedge","Thu Oct 01 10:11:12 UTC 2026","passed","Thu Oct 01 10:11:16 UTC 2026","Application Navigation Smoke Tests > Top-level Navigation","specs\Smoke\2-NavigationSmoke.spec.ts","",""
"","5029","Navigation tabs to Pre-Decisions, Approvals, and Exception History are visible","chromium","Thu Oct 01 10:18:53 UTC 2026","passed","Thu Oct 01 10:18:58 UTC 2026","Exceptions — Smoke > Open Exceptions","specs\Smoke\8-ExceptionsSmoke.spec.ts","",""
"","14412","Verify navigation to Settings via nav menu","firefox","Thu Oct 01 10:31:49 UTC 2026","passed","Thu Oct 01 10:32:04 UTC 2026","Home Dashboard > Navigation from Dashboard","specs\Smoke\3-HomeDashboardSmoke.spec.ts","",""
"","14222","Verify Total Exceptions and Total Exception Amount labels are visible","webkit","Thu Oct 01 10:14:48 UTC 2026","passed","Thu Oct 01 10:15:02 UTC 2026","Home Dashboard > Summary Stats","specs\Smoke\3-HomeDashboardSmoke.spec.ts","",""
"","12611","Next page arrow advances to page 2","firefox","Thu Oct 01 10:37:29 UTC 2026","passed","Thu Oct 01 10:37:41 UTC 2026","ACH — Smoke > Pagination","specs\Smoke\7-ACHSmoke.spec.ts","",""
"","4216","Settings page loads correctly","chromium","Thu Oct 01 10:11:02 UTC 2026","passed","Thu Oct 01 10:11:06 UTC 2026","Application Navigation Smoke Tests > Top-level Navigation","specs\Smoke\2-NavigationSmoke.spec.ts","",""
"","10782","Page size change to 10 updates pagination info in bottom-right pager","webkit","Thu Oct 01 10:22:40 UTC 2026","passed","Thu Oct 01 10:22:51 UTC 2026","Exceptions — Smoke > Exception History > Pagination","specs\Smoke\8-ExceptionsSmoke.spec.ts","",""
"","12472","Typing a page number navigates to that page","webkit","Thu Oct 01 10:21:39 UTC 2026","passed","Thu Oct 01 10:21:52 UTC 2026","ACH — Smoke > Pagination","specs\Smoke\7-ACHSmoke.spec.ts","",""
"","7663","Notification Templates sub-page loads correctly","webkit","Thu Oct 01 10:12:56 UTC 2026","passed","Thu Oct 01 10:13:04 UTC 2026","Application Navigation Smoke Tests > Settings Sub-navigation","specs\Smoke\2-NavigationSmoke.spec.ts","",""
"","4329","""+ Add Check"" navigates to the add-check form","chromium","Thu Oct 01 10:12:53 UTC 2026","passed","Thu Oct 01 10:12:57 UTC 2026","Issued Checks — Smoke > Navigation","specs\Smoke\4-IssuedChecksSmoke.spec.ts","",""
"","4255","Validate Login functionality with missingPassword","chromium","Thu Oct 01 10:10:57 UTC 2026","passed","Thu Oct 01 10:11:01 UTC 2026","Login — Smoke > Login","specs\Smoke\1-LoginSmoke.spec.ts","",""
"","9153","""View"" link on a row opens the Exception Details dialog","webkit","Thu Oct 01 10:24:39 UTC 2026","passed","Thu Oct 01 10:24:48 UTC 2026","Exceptions — Smoke > Exception History > Row Actions","specs\Smoke\8-ExceptionsSmoke.spec.ts","",""
"","4790","Verify dashboard loads after successful login","chromium","Thu Oct 01 10:11:44 UTC 2026","passed","Thu Oct 01 10:11:48 UTC 2026","Home Dashboard > Page Load","specs\Smoke\3-HomeDashboardSmoke.spec.ts","",""
"","15017","Page size change to 10 updates pagination info in bottom-right pager","firefox","Thu Oct 01 10:37:41 UTC 2026","passed","Thu Oct 01 10:37:56 UTC 2026","Exceptions — Smoke > Exception History > Pagination","specs\Smoke\8-ExceptionsSmoke.spec.ts","",""
"","3966","Business Clients sub-page loads correctly","msedge","Thu Oct 01 10:11:29 UTC 2026","passed","Thu Oct 01 10:11:33 UTC 2026","Application Navigation Smoke Tests > Settings Sub-navigation","specs\Smoke\2-NavigationSmoke.spec.ts","",""
"","9605","ACH Approval Rules sub-page loads correctly","firefox","Thu Oct 01 10:29:20 UTC 2026","passed","Thu Oct 01 10:29:30 UTC 2026","Application Navigation Smoke Tests > Settings Sub-navigation","specs\Smoke\2-NavigationSmoke.spec.ts","",""
"","6200","Default Decision Log sub-page loads correctly","chromium","Thu Oct 01 10:12:14 UTC 2026","passed","Thu Oct 01 10:12:20 UTC 2026","Application Navigation Smoke Tests > Settings Sub-navigation","specs\Smoke\2-NavigationSmoke.spec.ts","",""
"","7582","Search box filters grid and clears correctly","msedge","Thu Oct 01 10:13:29 UTC 2026","passed","Thu Oct 01 10:13:36 UTC 2026","Issued Checks — Smoke > Toolbar","specs\Smoke\4-IssuedChecksSmoke.spec.ts","",""
"","5073","""Edit"" link on a row navigates to the check edit form","chromium","Thu Oct 01 10:16:20 UTC 2026","passed","Thu Oct 01 10:16:25 UTC 2026","Presented Checks — Smoke > Row Actions","specs\Smoke\5-PresentedChecksSmoke.spec.ts","",""
"","8143","Grid View toggle navigates to the open-exceptions grid and shows key column headers","msedge","Thu Oct 01 10:18:22 UTC 2026","passed","Thu Oct 01 10:18:30 UTC 2026","Exceptions — Smoke > Open Exceptions","specs\Smoke\8-ExceptionsSmoke.spec.ts","",""
"","4897","Verify summary KPI values have expected number formats","msedge","Thu Oct 01 10:13:03 UTC 2026","passed","Thu Oct 01 10:13:08 UTC 2026","Home Dashboard > Summary Stats","specs\Smoke\3-HomeDashboardSmoke.spec.ts","",""
"","4996","Web Hooks sub-page loads correctly","chromium","Thu Oct 01 10:12:37 UTC 2026","passed","Thu Oct 01 10:12:42 UTC 2026","Application Navigation Smoke Tests > Settings Sub-navigation","specs\Smoke\2-NavigationSmoke.spec.ts","",""
"","4456","Check Approval Rules sub-page loads correctly","chromium","Thu Oct 01 10:11:54 UTC 2026","passed","Thu Oct 01 10:11:58 UTC 2026","Application Navigation Smoke Tests > Settings Sub-navigation","specs\Smoke\2-NavigationSmoke.spec.ts","",""
"","23173","Save a filter preset, verify it is auto-selected, then delete it","firefox","Thu Oct 01 10:33:34 UTC 2026","passed","Thu Oct 01 10:33:57 UTC 2026","Issued Checks — Smoke > Saved Filters","specs\Smoke\4-IssuedChecksSmoke.spec.ts","",""
"","5472","Verify dashboard tab checked state updates correctly","chromium","Thu Oct 01 10:12:14 UTC 2026","passed","Thu Oct 01 10:12:19 UTC 2026","Home Dashboard > Dashboard Chart Headings","specs\Smoke\3-HomeDashboardSmoke.spec.ts","",""
"","7330","Page size change to 10 updates pagination info in bottom-right pager","chromium","Thu Oct 01 10:16:23 UTC 2026","passed","Thu Oct 01 10:16:30 UTC 2026","ACH — Smoke > Pagination","specs\Smoke\7-ACHSmoke.spec.ts","",""
"","16617","Page size change to 10 updates pagination info in bottom-right pager","firefox","Thu Oct 01 10:32:04 UTC 2026","passed","Thu Oct 01 10:32:21 UTC 2026","Issued Checks — Smoke > Pagination","specs\Smoke\4-IssuedChecksSmoke.spec.ts","",""
"","14572","""Delete"" on a row shows a confirm modal; Cancel dismisses it without deleting","webkit","Thu Oct 01 10:23:30 UTC 2026","passed","Thu Oct 01 10:23:44 UTC 2026","ACH — Smoke > Row Actions","specs\Smoke\7-ACHSmoke.spec.ts","",""
"","5355","Navigation tabs to Pre-Decisions, Approvals, and Exception History are visible","msedge","Thu Oct 01 10:18:10 UTC 2026","passed","Thu Oct 01 10:18:16 UTC 2026","Exceptions — Smoke > Open Exceptions","specs\Smoke\8-ExceptionsSmoke.spec.ts","",""
"","5833","Excel export button is visible and enabled","chromium","Thu Oct 01 10:17:05 UTC 2026","passed","Thu Oct 01 10:17:11 UTC 2026","Exceptions — Smoke > Exception History > Toolbar","specs\Smoke\8-ExceptionsSmoke.spec.ts","",""
"","5693","Previous page button returns to page 1, First page button re-enables disabled state","msedge","Thu Oct 01 10:14:58 UTC 2026","passed","Thu Oct 01 10:15:04 UTC 2026","Presented Checks — Smoke > Pagination","specs\Smoke\5-PresentedChecksSmoke.spec.ts","",""
"","8665","Verify delayed data note and force refresh link are visible on dashboard","msedge","Thu Oct 01 10:13:08 UTC 2026","passed","Thu Oct 01 10:13:17 UTC 2026","Home Dashboard > Summary Stats","specs\Smoke\3-HomeDashboardSmoke.spec.ts","",""
"","3399","Clicking a column header sorts ascending, clicking again sorts descending","msedge","Thu Oct 01 10:18:43 UTC 2026","passed","Thu Oct 01 10:18:47 UTC 2026","ACH — Smoke > Sorting","specs\Smoke\7-ACHSmoke.spec.ts","",""
"","9385","Search box filters grid and clears correctly","chromium","Thu Oct 01 10:16:08 UTC 2026","passed","Thu Oct 01 10:16:18 UTC 2026","ACH — Smoke > Toolbar","specs\Smoke\7-ACHSmoke.spec.ts","",""
"","6416","""View"" (Change Log) link on a row navigates to the entity log","chromium","Thu Oct 01 10:14:52 UTC 2026","passed","Thu Oct 01 10:14:59 UTC 2026","Issued Checks — Smoke > Row Actions","specs\Smoke\4-IssuedChecksSmoke.spec.ts","",""
"","9167","File Processing sub-page loads correctly","firefox","Thu Oct 01 10:30:01 UTC 2026","passed","Thu Oct 01 10:30:11 UTC 2026","Application Navigation Smoke Tests > Settings Sub-navigation","specs\Smoke\2-NavigationSmoke.spec.ts","",""
"","8345","Verify dashboard footer footnote and privacy link are visible","firefox","Thu Oct 01 10:30:27 UTC 2026","passed","Thu Oct 01 10:30:35 UTC 2026","Home Dashboard > Summary Stats","specs\Smoke\3-HomeDashboardSmoke.spec.ts","",""
"","4839","""+ Add Check"" navigates to the add-check form","msedge","Thu Oct 01 10:13:18 UTC 2026","passed","Thu Oct 01 10:13:23 UTC 2026","Issued Checks — Smoke > Navigation","specs\Smoke\4-IssuedChecksSmoke.spec.ts","",""
"","22858","""Uploaded Checks"" navigates to the uploads page","webkit","Thu Oct 01 10:15:33 UTC 2026","passed","Thu Oct 01 10:15:56 UTC 2026","Issued Checks — Smoke > Navigation","specs\Smoke\4-IssuedChecksSmoke.spec.ts","",""
"","3497","Clicking a column header sorts ascending, clicking again sorts descending","msedge","Thu Oct 01 10:17:47 UTC 2026","passed","Thu Oct 01 10:17:50 UTC 2026","Exceptions — Smoke > Exception History > Sorting","specs\Smoke\8-ExceptionsSmoke.spec.ts","",""
"","10120","""View"" (Change Log) link on a row navigates to the entity log","webkit","Thu Oct 01 10:19:00 UTC 2026","passed","Thu Oct 01 10:19:10 UTC 2026","Issued Checks — Smoke > Row Actions","specs\Smoke\4-IssuedChecksSmoke.spec.ts","",""
"","3255","File Formats sub-page loads correctly","chromium","Thu Oct 01 10:11:40 UTC 2026","passed","Thu Oct 01 10:11:44 UTC 2026","Application Navigation Smoke Tests > Settings Sub-navigation","specs\Smoke\2-NavigationSmoke.spec.ts","",""
"","7547","Validate forgot password functionality","firefox","Thu Oct 01 10:26:56 UTC 2026","passed","Thu Oct 01 10:27:03 UTC 2026","Login — Smoke > Forgot Password","specs\Smoke\1-LoginSmoke.spec.ts","",""
"","4659","Validate Login functionality with missingUsername","firefox","Thu Oct 01 10:26:25 UTC 2026","passed","Thu Oct 01 10:26:30 UTC 2026","Login — Smoke > Login","specs\Smoke\1-LoginSmoke.spec.ts","",""
"","8010","Validate forgot password with unregistered email","firefox","Thu Oct 01 10:27:12 UTC 2026","passed","Thu Oct 01 10:27:20 UTC 2026","Login — Smoke > Forgot Password","specs\Smoke\1-LoginSmoke.spec.ts","",""
"","12462","Notification Log sub-page loads correctly","firefox","Thu Oct 01 10:29:30 UTC 2026","passed","Thu Oct 01 10:29:42 UTC 2026","Application Navigation Smoke Tests > Settings Sub-navigation","specs\Smoke\2-NavigationSmoke.spec.ts","",""
"","17974","Previous page button returns to page 1, First page button re-enables disabled state","webkit","Thu Oct 01 10:17:21 UTC 2026","passed","Thu Oct 01 10:17:39 UTC 2026","Issued Checks — Smoke > Pagination","specs\Smoke\4-IssuedChecksSmoke.spec.ts","",""
"","4435","Validate Login functionality with incorrectUsername","firefox","Thu Oct 01 10:26:07 UTC 2026","passed","Thu Oct 01 10:26:11 UTC 2026","Login — Smoke > Login","specs\Smoke\1-LoginSmoke.spec.ts","",""
"","3496","""Delete"" on a row shows a confirm modal; Cancel dismisses it without deleting","msedge","Thu Oct 01 10:18:55 UTC 2026","passed","Thu Oct 01 10:18:59 UTC 2026","ACH — Smoke > Row Actions","specs\Smoke\7-ACHSmoke.spec.ts","",""
"","7886","Users sub-page loads correctly","webkit","Thu Oct 01 10:12:00 UTC 2026","passed","Thu Oct 01 10:12:08 UTC 2026","Application Navigation Smoke Tests > Settings Sub-navigation","specs\Smoke\2-NavigationSmoke.spec.ts","",""
"","10748","""+ Add ACH"" navigates to the add-ACH form","chromium","Thu Oct 01 10:15:50 UTC 2026","passed","Thu Oct 01 10:16:00 UTC 2026","ACH — Smoke > Navigation","specs\Smoke\7-ACHSmoke.spec.ts","",""
"","6360","Verify all three dashboard view tabs are visible","firefox","Thu Oct 01 10:27:58 UTC 2026","passed","Thu Oct 01 10:28:04 UTC 2026","Home Dashboard > Page Load","specs\Smoke\3-HomeDashboardSmoke.spec.ts","",""
"","8944","Saved Filters dropdown is visible and defaults to no preset","webkit","Thu Oct 01 10:22:08 UTC 2026","passed","Thu Oct 01 10:22:17 UTC 2026","ACH — Smoke > Saved Filters","specs\Smoke\7-ACHSmoke.spec.ts","",""
"","3650","Pre-Decisions page loads with either records or the empty-state message","webkit","Thu Oct 01 10:25:21 UTC 2026","passed","Thu Oct 01 10:25:25 UTC 2026","Exceptions — Smoke > Pre-Decisions","specs\Smoke\8-ExceptionsSmoke.spec.ts","",""
"","17614","Column filter popup applies a filter and Clear restores the full row set","webkit","Thu Oct 01 10:23:02 UTC 2026","passed","Thu Oct 01 10:23:19 UTC 2026","ACH — Smoke > Column Filter","specs\Smoke\7-ACHSmoke.spec.ts","",""
"","5570","""View"" link on a row opens the Exception Details dialog","chromium","Thu Oct 01 10:18:39 UTC 2026","passed","Thu Oct 01 10:18:44 UTC 2026","Exceptions — Smoke > Exception History > Row Actions","specs\Smoke\8-ExceptionsSmoke.spec.ts","",""
"","4322","Grid loads with data rows and key column headers","msedge","Thu Oct 01 10:14:10 UTC 2026","passed","Thu Oct 01 10:14:14 UTC 2026","Presented Checks — Smoke > Grid","specs\Smoke\5-PresentedChecksSmoke.spec.ts","",""
"","13179","Grid loads with data rows and key column headers","chromium","Thu Oct 01 10:15:32 UTC 2026","passed","Thu Oct 01 10:15:45 UTC 2026","ACH — Smoke > Grid","specs\Smoke\7-ACHSmoke.spec.ts","",""
"","11080","Validate Login functionality with caseSensitiveEmail","webkit","Thu Oct 01 10:10:44 UTC 2026","passed","Thu Oct 01 10:10:55 UTC 2026","Login — Smoke > Login","specs\Smoke\1-LoginSmoke.spec.ts","",""
"","16405","Save a filter preset, verify it is auto-selected, then delete it","chromium","Thu Oct 01 10:15:18 UTC 2026","passed","Thu Oct 01 10:15:34 UTC 2026","Presented Checks — Smoke > Saved Filters","specs\Smoke\5-PresentedChecksSmoke.spec.ts","",""
"","10288","Validate forgot password functionality with No email","webkit","Thu Oct 01 10:12:22 UTC 2026","passed","Thu Oct 01 10:12:33 UTC 2026","Login — Smoke > Forgot Password","specs\Smoke\1-LoginSmoke.spec.ts","",""
"","10661","ACH breadcrumb link is visible on the page","chromium","Thu Oct 01 10:18:18 UTC 2026","passed","Thu Oct 01 10:18:29 UTC 2026","ACH — Smoke > Breadcrumb","specs\Smoke\7-ACHSmoke.spec.ts","",""
"","8723","ACH Approval Rules sub-page loads correctly","webkit","Thu Oct 01 10:13:25 UTC 2026","passed","Thu Oct 01 10:13:34 UTC 2026","Application Navigation Smoke Tests > Settings Sub-navigation","specs\Smoke\2-NavigationSmoke.spec.ts","",""
"","16734","Previous page button returns to page 1, First page button re-enables disabled state","firefox","Thu Oct 01 10:34:10 UTC 2026","passed","Thu Oct 01 10:34:27 UTC 2026","Presented Checks — Smoke > Pagination","specs\Smoke\5-PresentedChecksSmoke.spec.ts","",""
"","16114","Search box filters grid and clears correctly","firefox","Thu Oct 01 10:36:51 UTC 2026","passed","Thu Oct 01 10:37:07 UTC 2026","ACH — Smoke > Toolbar","specs\Smoke\7-ACHSmoke.spec.ts","",""
"","4762","Excel export button is visible and enabled","msedge","Thu Oct 01 10:17:03 UTC 2026","passed","Thu Oct 01 10:17:08 UTC 2026","Exceptions — Smoke > Exception History > Toolbar","specs\Smoke\8-ExceptionsSmoke.spec.ts","",""
"","5235","Verify profile menu shows My Info and Logout links","chromium","Thu Oct 01 10:12:57 UTC 2026","passed","Thu Oct 01 10:13:03 UTC 2026","Home Dashboard > Summary Stats","specs\Smoke\3-HomeDashboardSmoke.spec.ts","",""
"","12490","Verify navigation to Presented Checks via nav menu","webkit","Thu Oct 01 10:16:57 UTC 2026","passed","Thu Oct 01 10:17:09 UTC 2026","Home Dashboard > Navigation from Dashboard","specs\Smoke\3-HomeDashboardSmoke.spec.ts","",""
"","11586","Clicking a column header sorts ascending, clicking again sorts descending","webkit","Thu Oct 01 10:20:30 UTC 2026","passed","Thu Oct 01 10:20:41 UTC 2026","Presented Checks — Smoke > Sorting","specs\Smoke\5-PresentedChecksSmoke.spec.ts","",""
"","10456","Grid loads with data rows and key column headers","webkit","Thu Oct 01 10:19:57 UTC 2026","passed","Thu Oct 01 10:20:08 UTC 2026","ACH — Smoke > Grid","specs\Smoke\7-ACHSmoke.spec.ts","",""
"","6191","Holiday Schedules sub-page loads correctly","msedge","Thu Oct 01 10:11:56 UTC 2026","passed","Thu Oct 01 10:12:02 UTC 2026","Application Navigation Smoke Tests > Settings Sub-navigation","specs\Smoke\2-NavigationSmoke.spec.ts","",""
"","10290","""Edit"" link on a row navigates to the check edit form","webkit","Thu Oct 01 10:18:49 UTC 2026","passed","Thu Oct 01 10:18:59 UTC 2026","Issued Checks — Smoke > Row Actions","specs\Smoke\4-IssuedChecksSmoke.spec.ts","",""
"","7951","Teller page loads correctly","webkit","Thu Oct 01 10:11:13 UTC 2026","passed","Thu Oct 01 10:11:21 UTC 2026","Application Navigation Smoke Tests > Top-level Navigation","specs\Smoke\2-NavigationSmoke.spec.ts","",""
"","13122","Verify chart title changes with selected tab","firefox","Thu Oct 01 10:29:27 UTC 2026","passed","Thu Oct 01 10:29:40 UTC 2026","Home Dashboard > Dashboard Chart Headings","specs\Smoke\3-HomeDashboardSmoke.spec.ts","",""
"","14435","Previous page button returns to page 1, First page button re-enables disabled state","webkit","Thu Oct 01 10:19:34 UTC 2026","passed","Thu Oct 01 10:19:49 UTC 2026","Presented Checks — Smoke > Pagination","specs\Smoke\5-PresentedChecksSmoke.spec.ts","",""
"","9767","Presented Checks breadcrumb link is visible on the page","webkit","Thu Oct 01 10:21:41 UTC 2026","passed","Thu Oct 01 10:21:51 UTC 2026","Presented Checks — Smoke > Breadcrumb","specs\Smoke\5-PresentedChecksSmoke.spec.ts","",""
"","4247","Typing a page number navigates to that page","msedge","Thu Oct 01 10:14:54 UTC 2026","passed","Thu Oct 01 10:14:58 UTC 2026","Presented Checks — Smoke > Pagination","specs\Smoke\5-PresentedChecksSmoke.spec.ts","",""
"","5424","Last page arrow jumps to the final page","chromium","Thu Oct 01 10:16:37 UTC 2026","passed","Thu Oct 01 10:16:42 UTC 2026","ACH — Smoke > Pagination","specs\Smoke\7-ACHSmoke.spec.ts","",""
"","9462","ACH breadcrumb link is visible on the page","webkit","Thu Oct 01 10:24:11 UTC 2026","passed","Thu Oct 01 10:24:20 UTC 2026","ACH — Smoke > Breadcrumb","specs\Smoke\7-ACHSmoke.spec.ts","",""
"","7114","Verify navigation to ACH via nav menu","msedge","Thu Oct 01 10:13:48 UTC 2026","passed","Thu Oct 01 10:13:55 UTC 2026","Home Dashboard > Navigation from Dashboard","specs\Smoke\3-HomeDashboardSmoke.spec.ts","",""
"","21887","Save a filter preset, verify it is auto-selected, then delete it","webkit","Thu Oct 01 10:19:58 UTC 2026","passed","Thu Oct 01 10:20:20 UTC 2026","Presented Checks — Smoke > Saved Filters","specs\Smoke\5-PresentedChecksSmoke.spec.ts","",""
"","8384","Billing Reports sub-page loads correctly","webkit","Thu Oct 01 10:12:23 UTC 2026","passed","Thu Oct 01 10:12:31 UTC 2026","Application Navigation Smoke Tests > Settings Sub-navigation","specs\Smoke\2-NavigationSmoke.spec.ts","",""
"","17190","Verify profile menu shows My Info and Logout links","firefox","Thu Oct 01 10:30:35 UTC 2026","passed","Thu Oct 01 10:30:52 UTC 2026","Home Dashboard > Summary Stats","specs\Smoke\3-HomeDashboardSmoke.spec.ts","",""
"","4879","Excel export button is visible and enabled","msedge","Thu Oct 01 10:16:47 UTC 2026","passed","Thu Oct 01 10:16:52 UTC 2026","ACH — Smoke > Toolbar","specs\Smoke\7-ACHSmoke.spec.ts","",""
"","4433","Issued Checks breadcrumb link is visible on the page","msedge","Thu Oct 01 10:16:40 UTC 2026","passed","Thu Oct 01 10:16:45 UTC 2026","Issued Checks — Smoke > Breadcrumb","specs\Smoke\4-IssuedChecksSmoke.spec.ts","",""
"","11665","""Delete"" on a row shows a confirm modal; Cancel dismisses it without deleting","webkit","Thu Oct 01 10:21:18 UTC 2026","passed","Thu Oct 01 10:21:30 UTC 2026","Presented Checks — Smoke > Row Actions","specs\Smoke\5-PresentedChecksSmoke.spec.ts","",""
"","10096","Verify navigation to Exceptions via nav menu","webkit","Thu Oct 01 10:17:19 UTC 2026","passed","Thu Oct 01 10:17:29 UTC 2026","Home Dashboard > Navigation from Dashboard","specs\Smoke\3-HomeDashboardSmoke.spec.ts","",""
"","5577","Page size change to 10 updates pagination info in bottom-right pager","chromium","Thu Oct 01 10:13:15 UTC 2026","passed","Thu Oct 01 10:13:21 UTC 2026","Issued Checks — Smoke > Pagination","specs\Smoke\4-IssuedChecksSmoke.spec.ts","",""
"","3586","Saved Filters dropdown is visible and defaults to no preset","msedge","Thu Oct 01 10:18:21 UTC 2026","passed","Thu Oct 01 10:18:24 UTC 2026","ACH — Smoke > Saved Filters","specs\Smoke\7-ACHSmoke.spec.ts","",""
"","10162","Page size change to 10 updates pagination info in bottom-right pager","webkit","Thu Oct 01 10:16:37 UTC 2026","passed","Thu Oct 01 10:16:47 UTC 2026","Issued Checks — Smoke > Pagination","specs\Smoke\4-IssuedChecksSmoke.spec.ts","",""
"","6149","Verify profile menu shows My Info and Logout links","msedge","Thu Oct 01 10:13:22 UTC 2026","passed","Thu Oct 01 10:13:28 UTC 2026","Home Dashboard > Summary Stats","specs\Smoke\3-HomeDashboardSmoke.spec.ts","",""
"","5899","Open Exceptions page loads with either exception cards or the empty-state message","msedge","Thu Oct 01 10:18:16 UTC 2026","passed","Thu Oct 01 10:18:22 UTC 2026","Exceptions — Smoke > Open Exceptions","specs\Smoke\8-ExceptionsSmoke.spec.ts","",""
"","4370","Verify Combined View shows all chart sections","msedge","Thu Oct 01 10:12:22 UTC 2026","passed","Thu Oct 01 10:12:26 UTC 2026","Home Dashboard > Dashboard Chart Headings","specs\Smoke\3-HomeDashboardSmoke.spec.ts","",""
"","8221","Validate unauthenticated access to protected route is redirected to login","webkit","Thu Oct 01 10:12:56 UTC 2026","passed","Thu Oct 01 10:13:04 UTC 2026","Login — Smoke > Session & Security","specs\Smoke\1-LoginSmoke.spec.ts","",""
"","9890","Settings page loads correctly","firefox","Thu Oct 01 10:26:50 UTC 2026","passed","Thu Oct 01 10:27:00 UTC 2026","Application Navigation Smoke Tests > Top-level Navigation","specs\Smoke\2-NavigationSmoke.spec.ts","",""
"","7468","Next page arrow advances to page 2","msedge","Thu Oct 01 10:13:47 UTC 2026","passed","Thu Oct 01 10:13:55 UTC 2026","Issued Checks — Smoke > Pagination","specs\Smoke\4-IssuedChecksSmoke.spec.ts","",""
"","4023","Billing Reports sub-page loads correctly","chromium","Thu Oct 01 10:11:27 UTC 2026","passed","Thu Oct 01 10:11:31 UTC 2026","Application Navigation Smoke Tests > Settings Sub-navigation","specs\Smoke\2-NavigationSmoke.spec.ts","",""
"","13680","Pay/Return decision badge navigates to exception history","chromium","Thu Oct 01 10:18:04 UTC 2026","passed","Thu Oct 01 10:18:18 UTC 2026","ACH — Smoke > Row Actions","specs\Smoke\7-ACHSmoke.spec.ts","",""
"","6812","Verify Home dashboard is restored after returning from another page","msedge","Thu Oct 01 10:13:28 UTC 2026","passed","Thu Oct 01 10:13:35 UTC 2026","Home Dashboard > Summary Stats","specs\Smoke\3-HomeDashboardSmoke.spec.ts","",""
"","10296","""Delete"" on a row shows a confirm modal; Cancel dismisses it without deleting","chromium","Thu Oct 01 10:14:59 UTC 2026","passed","Thu Oct 01 10:15:09 UTC 2026","Issued Checks — Smoke > Row Actions","specs\Smoke\4-IssuedChecksSmoke.spec.ts","",""
"","8032","Last page arrow jumps to the final page","chromium","Thu Oct 01 10:17:25 UTC 2026","passed","Thu Oct 01 10:17:33 UTC 2026","Exceptions — Smoke > Exception History > Pagination","specs\Smoke\8-ExceptionsSmoke.spec.ts","",""
"","8761","Billing Reports sub-page loads correctly","firefox","Thu Oct 01 10:28:07 UTC 2026","passed","Thu Oct 01 10:28:16 UTC 2026","Application Navigation Smoke Tests > Settings Sub-navigation","specs\Smoke\2-NavigationSmoke.spec.ts","",""
"","5769","Notification Templates sub-page loads correctly","firefox","Thu Oct 01 10:28:45 UTC 2026","passed","Thu Oct 01 10:28:51 UTC 2026","Application Navigation Smoke Tests > Settings Sub-navigation","specs\Smoke\2-NavigationSmoke.spec.ts","",""
"","6257","Pay/Return decision badge navigates to exception history","msedge","Thu Oct 01 10:15:53 UTC 2026","passed","Thu Oct 01 10:15:59 UTC 2026","Presented Checks — Smoke > Row Actions","specs\Smoke\5-PresentedChecksSmoke.spec.ts","",""
"","4929","Home page is accessible and shows dashboard","chromium","Thu Oct 01 10:10:25 UTC 2026","passed","Thu Oct 01 10:10:30 UTC 2026","Application Navigation Smoke Tests > Top-level Navigation","specs\Smoke\2-NavigationSmoke.spec.ts","",""
"","18071","Previous page button returns to page 1, First page button re-enables disabled state","firefox","Thu Oct 01 10:38:19 UTC 2026","passed","Thu Oct 01 10:38:37 UTC 2026","ACH — Smoke > Pagination","specs\Smoke\7-ACHSmoke.spec.ts","",""
"","9935","Validate Login functionality with xssInUsername","firefox","Thu Oct 01 10:26:37 UTC 2026","passed","Thu Oct 01 10:26:47 UTC 2026","Login — Smoke > Login","specs\Smoke\1-LoginSmoke.spec.ts","",""
"","13111","Default filter auto-applies after logout and re-login","firefox","Thu Oct 01 10:39:08 UTC 2026","skipped","Thu Oct 01 10:39:21 UTC 2026","ACH — Smoke > Saved Filters > Default Filter","specs\Smoke\7-ACHSmoke.spec.ts","",""
"","11669","Next page arrow advances to page 2","webkit","Thu Oct 01 10:21:16 UTC 2026","passed","Thu Oct 01 10:21:28 UTC 2026","ACH — Smoke > Pagination","specs\Smoke\7-ACHSmoke.spec.ts","",""
"","17282","Previous page button returns to page 1, First page button re-enables disabled state","firefox","Thu Oct 01 10:32:58 UTC 2026","passed","Thu Oct 01 10:33:15 UTC 2026","Issued Checks — Smoke > Pagination","specs\Smoke\4-IssuedChecksSmoke.spec.ts","",""
"","4572","""View"" (Change Log) link on a row navigates to the entity log","chromium","Thu Oct 01 10:16:25 UTC 2026","passed","Thu Oct 01 10:16:29 UTC 2026","Presented Checks — Smoke > Row Actions","specs\Smoke\5-PresentedChecksSmoke.spec.ts","",""
"","19708","Default filter auto-applies after logout and re-login","firefox","Thu Oct 01 10:35:03 UTC 2026","skipped","Thu Oct 01 10:35:22 UTC 2026","Presented Checks — Smoke > Saved Filters > Default Filter","specs\Smoke\5-PresentedChecksSmoke.spec.ts","",""
"","961","Default filter auto-applies after logout and re-login","webkit","Thu Oct 01 10:24:21 UTC 2026","skipped","Thu Oct 01 10:24:22 UTC 2026","Exceptions — Smoke > Exception History > Saved Filters > Default Filter","specs\Smoke\8-ExceptionsSmoke.spec.ts","",""
"","7058","Verify navigation to Exceptions via nav menu","msedge","Thu Oct 01 10:13:55 UTC 2026","passed","Thu Oct 01 10:14:02 UTC 2026","Home Dashboard > Navigation from Dashboard","specs\Smoke\3-HomeDashboardSmoke.spec.ts","",""
"","8921","Presented Checks page loads correctly","webkit","Thu Oct 01 10:11:04 UTC 2026","passed","Thu Oct 01 10:11:13 UTC 2026","Application Navigation Smoke Tests > Top-level Navigation","specs\Smoke\2-NavigationSmoke.spec.ts","",""
"","10194","Column filter popup applies a filter and Clear restores the full row set","chromium","Thu Oct 01 10:14:32 UTC 2026","passed","Thu Oct 01 10:14:42 UTC 2026","Issued Checks — Smoke > Column Filter","specs\Smoke\4-IssuedChecksSmoke.spec.ts","",""
"","6431","ACH Approval Rules sub-page loads correctly","chromium","Thu Oct 01 10:12:02 UTC 2026","passed","Thu Oct 01 10:12:09 UTC 2026","Application Navigation Smoke Tests > Settings Sub-navigation","specs\Smoke\2-NavigationSmoke.spec.ts","",""
"","3626","Default filter auto-applies after logout and re-login","msedge","Thu Oct 01 10:18:40 UTC 2026","skipped","Thu Oct 01 10:18:43 UTC 2026","ACH — Smoke > Saved Filters > Default Filter","specs\Smoke\7-ACHSmoke.spec.ts","",""
"","9588","Validate Login functionality with correctCredentials","chromium","Thu Oct 01 10:10:25 UTC 2026","passed","Thu Oct 01 10:10:34 UTC 2026","Login — Smoke > Login","specs\Smoke\1-LoginSmoke.spec.ts","",""
"","12694","Typing a page number navigates to that page","firefox","Thu Oct 01 10:33:58 UTC 2026","passed","Thu Oct 01 10:34:10 UTC 2026","Presented Checks — Smoke > Pagination","specs\Smoke\5-PresentedChecksSmoke.spec.ts","",""
"","6973","Validate session persists after page refresh","chromium","Thu Oct 01 10:11:31 UTC 2026","passed","Thu Oct 01 10:11:38 UTC 2026","Login — Smoke > Session & Security","specs\Smoke\1-LoginSmoke.spec.ts","",""
"","6562","Automatic Check Decision Rules sub-page loads correctly","webkit","Thu Oct 01 10:13:04 UTC 2026","passed","Thu Oct 01 10:13:11 UTC 2026","Application Navigation Smoke Tests > Settings Sub-navigation","specs\Smoke\2-NavigationSmoke.spec.ts","",""
"","13107","Web Hooks sub-page loads correctly","firefox","Thu Oct 01 10:30:22 UTC 2026","passed","Thu Oct 01 10:30:35 UTC 2026","Application Navigation Smoke Tests > Settings Sub-navigation","specs\Smoke\2-NavigationSmoke.spec.ts","",""
"","4406","Validate forgot password with unregistered email","msedge","Thu Oct 01 10:11:51 UTC 2026","passed","Thu Oct 01 10:11:55 UTC 2026","Login — Smoke > Forgot Password","specs\Smoke\1-LoginSmoke.spec.ts","",""
"","6840","Verify dashboard footer footnote and privacy link are visible","chromium","Thu Oct 01 10:12:51 UTC 2026","passed","Thu Oct 01 10:12:57 UTC 2026","Home Dashboard > Summary Stats","specs\Smoke\3-HomeDashboardSmoke.spec.ts","",""
"","4066","Validate Login functionality with missingPassword","firefox","Thu Oct 01 10:26:21 UTC 2026","passed","Thu Oct 01 10:26:25 UTC 2026","Login — Smoke > Login","specs\Smoke\1-LoginSmoke.spec.ts","",""
"","4515","API link is visible and points to swagger","chromium","Thu Oct 01 10:12:33 UTC 2026","passed","Thu Oct 01 10:12:37 UTC 2026","Application Navigation Smoke Tests > Settings Sub-navigation","specs\Smoke\2-NavigationSmoke.spec.ts","",""
"","7284","Column filter popup applies a filter and Clear restores the full row set","msedge","Thu Oct 01 10:16:17 UTC 2026","passed","Thu Oct 01 10:16:24 UTC 2026","Issued Checks — Smoke > Column Filter","specs\Smoke\4-IssuedChecksSmoke.spec.ts","",""
"","5035","Verify dashboard footer footnote and privacy link are visible","msedge","Thu Oct 01 10:13:17 UTC 2026","passed","Thu Oct 01 10:13:22 UTC 2026","Home Dashboard > Summary Stats","specs\Smoke\3-HomeDashboardSmoke.spec.ts","",""
"","5510","Decision badge on an already-reviewed row is blocked with a system message","msedge","Thu Oct 01 10:18:01 UTC 2026","passed","Thu Oct 01 10:18:06 UTC 2026","Exceptions — Smoke > Exception History > Row Actions","specs\Smoke\8-ExceptionsSmoke.spec.ts","",""
"","9398","Default filter auto-applies after logout and re-login","webkit","Thu Oct 01 10:20:20 UTC 2026","skipped","Thu Oct 01 10:20:30 UTC 2026","Presented Checks — Smoke > Saved Filters > Default Filter","specs\Smoke\5-PresentedChecksSmoke.spec.ts","",""
"","5023","Excel export button is visible and enabled","chromium","Thu Oct 01 10:16:18 UTC 2026","passed","Thu Oct 01 10:16:23 UTC 2026","ACH — Smoke > Toolbar","specs\Smoke\7-ACHSmoke.spec.ts","",""
"","10129","Roles/Permissions sub-page loads correctly","firefox","Thu Oct 01 10:27:33 UTC 2026","passed","Thu Oct 01 10:27:43 UTC 2026","Application Navigation Smoke Tests > Settings Sub-navigation","specs\Smoke\2-NavigationSmoke.spec.ts","",""
"","4047","Saved Filters dropdown is visible and defaults to no preset","msedge","Thu Oct 01 10:15:04 UTC 2026","passed","Thu Oct 01 10:15:08 UTC 2026","Presented Checks — Smoke > Saved Filters","specs\Smoke\5-PresentedChecksSmoke.spec.ts","",""
"","3922","Validate Login functionality with invalidEmailFormat","chromium","Thu Oct 01 10:10:49 UTC 2026","passed","Thu Oct 01 10:10:53 UTC 2026","Login — Smoke > Login","specs\Smoke\1-LoginSmoke.spec.ts","",""
"","9025","Validate Login functionality with incorrectUsername","webkit","Thu Oct 01 10:11:04 UTC 2026","passed","Thu Oct 01 10:11:13 UTC 2026","Login — Smoke > Login","specs\Smoke\1-LoginSmoke.spec.ts","",""
"","4023","Business Clients sub-page loads correctly","chromium","Thu Oct 01 10:11:11 UTC 2026","passed","Thu Oct 01 10:11:15 UTC 2026","Application Navigation Smoke Tests > Settings Sub-navigation","specs\Smoke\2-NavigationSmoke.spec.ts","",""
"","12029","Verify navigation to Issued Checks via nav menu","firefox","Thu Oct 01 10:31:03 UTC 2026","passed","Thu Oct 01 10:31:15 UTC 2026","Home Dashboard > Navigation from Dashboard","specs\Smoke\3-HomeDashboardSmoke.spec.ts","",""
"","4110","Validate Login functionality with incorrectPassword","chromium","Thu Oct 01 10:10:41 UTC 2026","passed","Thu Oct 01 10:10:45 UTC 2026","Login — Smoke > Login","specs\Smoke\1-LoginSmoke.spec.ts","",""
"","12329","Exception History grid loads with data rows and key column headers","webkit","Thu Oct 01 10:21:51 UTC 2026","passed","Thu Oct 01 10:22:03 UTC 2026","Exceptions — Smoke > Exception History > Grid","specs\Smoke\8-ExceptionsSmoke.spec.ts","",""
"","10669","Verify tab-specific charts are hidden for opposite tab","firefox","Thu Oct 01 10:29:40 UTC 2026","passed","Thu Oct 01 10:29:51 UTC 2026","Home Dashboard > Dashboard Chart Headings","specs\Smoke\3-HomeDashboardSmoke.spec.ts","",""
"","12802","Clicking a column header sorts ascending, clicking again sorts descending","firefox","Thu Oct 01 10:35:23 UTC 2026","passed","Thu Oct 01 10:35:35 UTC 2026","Presented Checks — Smoke > Sorting","specs\Smoke\5-PresentedChecksSmoke.spec.ts","",""
"","5865","""Uploaded ACH"" navigates to the uploads page","msedge","Thu Oct 01 10:16:35 UTC 2026","passed","Thu Oct 01 10:16:41 UTC 2026","ACH — Smoke > Navigation","specs\Smoke\7-ACHSmoke.spec.ts","",""
"","5649","Automatic ACH Decision Rules sub-page loads correctly","webkit","Thu Oct 01 10:13:20 UTC 2026","passed","Thu Oct 01 10:13:25 UTC 2026","Application Navigation Smoke Tests > Settings Sub-navigation","specs\Smoke\2-NavigationSmoke.spec.ts","",""
"","12789","Next page arrow advances to page 2","firefox","Thu Oct 01 10:33:32 UTC 2026","passed","Thu Oct 01 10:33:45 UTC 2026","Presented Checks — Smoke > Pagination","specs\Smoke\5-PresentedChecksSmoke.spec.ts","",""
"","5224","Pay/Return decision badge navigates to exception history","chromium","Thu Oct 01 10:16:36 UTC 2026","passed","Thu Oct 01 10:16:41 UTC 2026","Presented Checks — Smoke > Row Actions","specs\Smoke\5-PresentedChecksSmoke.spec.ts","",""
"","5260","Validate unauthenticated access to protected route is redirected to login","chromium","Thu Oct 01 10:11:38 UTC 2026","passed","Thu Oct 01 10:11:43 UTC 2026","Login — Smoke > Session & Security","specs\Smoke\1-LoginSmoke.spec.ts","",""
"","4012","Teller page loads correctly","msedge","Thu Oct 01 10:11:08 UTC 2026","passed","Thu Oct 01 10:11:12 UTC 2026","Application Navigation Smoke Tests > Top-level Navigation","specs\Smoke\2-NavigationSmoke.spec.ts","",""
"","11556","Verify navigation to Exceptions via nav menu","firefox","Thu Oct 01 10:31:38 UTC 2026","passed","Thu Oct 01 10:31:49 UTC 2026","Home Dashboard > Navigation from Dashboard","specs\Smoke\3-HomeDashboardSmoke.spec.ts","",""
"","9413","Column filter popup applies a filter and Clear restores the full row set","msedge","Thu Oct 01 10:15:25 UTC 2026","passed","Thu Oct 01 10:15:34 UTC 2026","Presented Checks — Smoke > Column Filter","specs\Smoke\5-PresentedChecksSmoke.spec.ts","",""
"","4338","Validate forgot password functionality","chromium","Thu Oct 01 10:11:18 UTC 2026","passed","Thu Oct 01 10:11:22 UTC 2026","Login — Smoke > Forgot Password","specs\Smoke\1-LoginSmoke.spec.ts","",""
"","14385","Next page arrow advances to page 2","firefox","Thu Oct 01 10:32:21 UTC 2026","passed","Thu Oct 01 10:32:35 UTC 2026","Issued Checks — Smoke > Pagination","specs\Smoke\4-IssuedChecksSmoke.spec.ts","",""
"","18251","Excel export button is visible and enabled","webkit","Thu Oct 01 10:16:19 UTC 2026","passed","Thu Oct 01 10:16:37 UTC 2026","Issued Checks — Smoke > Toolbar","specs\Smoke\4-IssuedChecksSmoke.spec.ts","",""
"","5245","File Formats sub-page loads correctly","firefox","Thu Oct 01 10:28:39 UTC 2026","passed","Thu Oct 01 10:28:45 UTC 2026","Application Navigation Smoke Tests > Settings Sub-navigation","specs\Smoke\2-NavigationSmoke.spec.ts","",""
"","22752","Grid loads with data rows and key column headers","firefox","Thu Oct 01 10:30:35 UTC 2026","passed","Thu Oct 01 10:30:58 UTC 2026","Issued Checks — Smoke > Grid","specs\Smoke\4-IssuedChecksSmoke.spec.ts","",""
"","8879","""Uploaded Checks"" navigates to the uploads page","chromium","Thu Oct 01 10:13:58 UTC 2026","passed","Thu Oct 01 10:14:07 UTC 2026","Presented Checks — Smoke > Navigation","specs\Smoke\5-PresentedChecksSmoke.spec.ts","",""
"","26152","Save a filter preset, verify it is auto-selected, then delete it","webkit","Thu Oct 01 10:23:55 UTC 2026","passed","Thu Oct 01 10:24:21 UTC 2026","Exceptions — Smoke > Exception History > Saved Filters","specs\Smoke\8-ExceptionsSmoke.spec.ts","",""
"","3378","Approvals page loads with either records or the empty-state message","webkit","Thu Oct 01 10:25:18 UTC 2026","passed","Thu Oct 01 10:25:21 UTC 2026","Exceptions — Smoke > Approvals","specs\Smoke\8-ExceptionsSmoke.spec.ts","",""
"","9579","Validate Login functionality with emptyFields","webkit","Thu Oct 01 10:11:21 UTC 2026","passed","Thu Oct 01 10:11:30 UTC 2026","Login — Smoke > Login","specs\Smoke\1-LoginSmoke.spec.ts","",""
"","4230","Exceptions page loads correctly","msedge","Thu Oct 01 10:11:16 UTC 2026","passed","Thu Oct 01 10:11:21 UTC 2026","Application Navigation Smoke Tests > Top-level Navigation","specs\Smoke\2-NavigationSmoke.spec.ts","",""
"","10211","ACH page loads correctly","firefox","Thu Oct 01 10:26:32 UTC 2026","passed","Thu Oct 01 10:26:43 UTC 2026","Application Navigation Smoke Tests > Top-level Navigation","specs\Smoke\2-NavigationSmoke.spec.ts","",""
"","4680","Issued Checks page loads correctly","msedge","Thu Oct 01 10:10:59 UTC 2026","passed","Thu Oct 01 10:11:04 UTC 2026","Application Navigation Smoke Tests > Top-level Navigation","specs\Smoke\2-NavigationSmoke.spec.ts","",""
"","7932","Save a filter preset, verify it is auto-selected, then delete it","msedge","Thu Oct 01 10:17:38 UTC 2026","passed","Thu Oct 01 10:17:46 UTC 2026","Exceptions — Smoke > Exception History > Saved Filters","specs\Smoke\8-ExceptionsSmoke.spec.ts","",""
"","11321","""View"" (Change Log) link on a row navigates to the entity log","firefox","Thu Oct 01 10:34:55 UTC 2026","passed","Thu Oct 01 10:35:06 UTC 2026","Issued Checks — Smoke > Row Actions","specs\Smoke\4-IssuedChecksSmoke.spec.ts","",""
"","5638","""View"" link on a row opens the Exception Details dialog","msedge","Thu Oct 01 10:17:55 UTC 2026","passed","Thu Oct 01 10:18:01 UTC 2026","Exceptions — Smoke > Exception History > Row Actions","specs\Smoke\8-ExceptionsSmoke.spec.ts","",""
"","9916","""Edit"" link on a row navigates to the check edit form","chromium","Thu Oct 01 10:14:42 UTC 2026","passed","Thu Oct 01 10:14:52 UTC 2026","Issued Checks — Smoke > Row Actions","specs\Smoke\4-IssuedChecksSmoke.spec.ts","",""
"","4106","""+ Add Check"" navigates to the add-check form","msedge","Thu Oct 01 10:14:21 UTC 2026","passed","Thu Oct 01 10:14:25 UTC 2026","Presented Checks — Smoke > Navigation","specs\Smoke\5-PresentedChecksSmoke.spec.ts","",""
"","9117","Typing a page number navigates to that page","chromium","Thu Oct 01 10:14:50 UTC 2026","passed","Thu Oct 01 10:14:59 UTC 2026","Presented Checks — Smoke > Pagination","specs\Smoke\5-PresentedChecksSmoke.spec.ts","",""
"","8326","Home page is accessible and shows dashboard","firefox","Thu Oct 01 10:25:27 UTC 2026","passed","Thu Oct 01 10:25:36 UTC 2026","Application Navigation Smoke Tests > Top-level Navigation","specs\Smoke\2-NavigationSmoke.spec.ts","",""
"","6907","Clicking a column header sorts ascending, clicking again sorts descending","chromium","Thu Oct 01 10:17:33 UTC 2026","passed","Thu Oct 01 10:17:40 UTC 2026","ACH — Smoke > Sorting","specs\Smoke\7-ACHSmoke.spec.ts","",""
"","24872","Verify delayed data note and force refresh link are visible on dashboard","webkit","Thu Oct 01 10:15:16 UTC 2026","passed","Thu Oct 01 10:15:41 UTC 2026","Home Dashboard > Summary Stats","specs\Smoke\3-HomeDashboardSmoke.spec.ts","",""
"","4951","""Uploaded Checks"" navigates to the uploads page","chromium","Thu Oct 01 10:12:57 UTC 2026","passed","Thu Oct 01 10:13:02 UTC 2026","Issued Checks — Smoke > Navigation","specs\Smoke\4-IssuedChecksSmoke.spec.ts","",""
"","9340","Verify summary KPI values have expected number formats","firefox","Thu Oct 01 10:30:02 UTC 2026","passed","Thu Oct 01 10:30:11 UTC 2026","Home Dashboard > Summary Stats","specs\Smoke\3-HomeDashboardSmoke.spec.ts","",""
"","16548","Previous page button returns to page 1, First page button re-enables disabled state","webkit","Thu Oct 01 10:21:52 UTC 2026","passed","Thu Oct 01 10:22:08 UTC 2026","ACH — Smoke > Pagination","specs\Smoke\7-ACHSmoke.spec.ts","",""
"","10070","Save a filter preset, verify it is auto-selected, then delete it","chromium","Thu Oct 01 10:13:49 UTC 2026","passed","Thu Oct 01 10:13:59 UTC 2026","Issued Checks — Smoke > Saved Filters","specs\Smoke\4-IssuedChecksSmoke.spec.ts","",""
"","7394","Verify chart title changes with selected tab","msedge","Thu Oct 01 10:12:44 UTC 2026","passed","Thu Oct 01 10:12:51 UTC 2026","Home Dashboard > Dashboard Chart Headings","specs\Smoke\3-HomeDashboardSmoke.spec.ts","",""
"","4365","Validate Login functionality with veryLongInput","msedge","Thu Oct 01 10:11:38 UTC 2026","passed","Thu Oct 01 10:11:42 UTC 2026","Login — Smoke > Login","specs\Smoke\1-LoginSmoke.spec.ts","",""
"","6203","Grid loads with data rows and key column headers","msedge","Thu Oct 01 10:16:16 UTC 2026","passed","Thu Oct 01 10:16:23 UTC 2026","ACH — Smoke > Grid","specs\Smoke\7-ACHSmoke.spec.ts","",""
"","11822","Save a filter preset, verify it is auto-selected, then delete it","msedge","Thu Oct 01 10:15:54 UTC 2026","passed","Thu Oct 01 10:16:05 UTC 2026","Issued Checks — Smoke > Saved Filters","specs\Smoke\4-IssuedChecksSmoke.spec.ts","",""
"","9638","""Delete"" on a row shows a confirm modal; Cancel dismisses it without deleting","chromium","Thu Oct 01 10:17:55 UTC 2026","passed","Thu Oct 01 10:18:04 UTC 2026","ACH — Smoke > Row Actions","specs\Smoke\7-ACHSmoke.spec.ts","",""
"","4402","Validate Login functionality with sqlInjection","chromium","Thu Oct 01 10:11:06 UTC 2026","passed","Thu Oct 01 10:11:10 UTC 2026","Login — Smoke > Login","specs\Smoke\1-LoginSmoke.spec.ts","",""
"","6228","Default Decision Log sub-page loads correctly","msedge","Thu Oct 01 10:12:38 UTC 2026","passed","Thu Oct 01 10:12:44 UTC 2026","Application Navigation Smoke Tests > Settings Sub-navigation","specs\Smoke\2-NavigationSmoke.spec.ts","",""
"","9307","Previous page button returns to page 1, First page button re-enables disabled state","chromium","Thu Oct 01 10:17:39 UTC 2026","passed","Thu Oct 01 10:17:48 UTC 2026","Exceptions — Smoke > Exception History > Pagination","specs\Smoke\8-ExceptionsSmoke.spec.ts","",""
"","4258","Branding sub-page loads correctly","msedge","Thu Oct 01 10:11:42 UTC 2026","passed","Thu Oct 01 10:11:46 UTC 2026","Application Navigation Smoke Tests > Settings Sub-navigation","specs\Smoke\2-NavigationSmoke.spec.ts","",""
"","7415","Search box filters grid and clears correctly","chromium","Thu Oct 01 10:16:58 UTC 2026","passed","Thu Oct 01 10:17:05 UTC 2026","Exceptions — Smoke > Exception History > Toolbar","specs\Smoke\8-ExceptionsSmoke.spec.ts","",""
"","8454","Issued Checks breadcrumb link is visible on the page","firefox","Thu Oct 01 10:35:18 UTC 2026","passed","Thu Oct 01 10:35:27 UTC 2026","Issued Checks — Smoke > Breadcrumb","specs\Smoke\4-IssuedChecksSmoke.spec.ts","",""
"","10262","Exception History grid loads with data rows and key column headers","firefox","Thu Oct 01 10:36:50 UTC 2026","passed","Thu Oct 01 10:37:00 UTC 2026","Exceptions — Smoke > Exception History > Grid","specs\Smoke\8-ExceptionsSmoke.spec.ts","",""
"","5861","Verify navigation to Issued Checks via nav menu","msedge","Thu Oct 01 10:13:35 UTC 2026","passed","Thu Oct 01 10:13:41 UTC 2026","Home Dashboard > Navigation from Dashboard","specs\Smoke\3-HomeDashboardSmoke.spec.ts","",""
"","6878","Excel export button is visible and enabled","chromium","Thu Oct 01 10:14:20 UTC 2026","passed","Thu Oct 01 10:14:27 UTC 2026","Presented Checks — Smoke > Toolbar","specs\Smoke\5-PresentedChecksSmoke.spec.ts","",""
"","22340","Save a filter preset, verify it is auto-selected, then delete it","firefox","Thu Oct 01 10:34:40 UTC 2026","passed","Thu Oct 01 10:35:03 UTC 2026","Presented Checks — Smoke > Saved Filters","specs\Smoke\5-PresentedChecksSmoke.spec.ts","",""
"","13774","""+ Add Check"" navigates to the add-check form","firefox","Thu Oct 01 10:32:23 UTC 2026","passed","Thu Oct 01 10:32:37 UTC 2026","Presented Checks — Smoke > Navigation","specs\Smoke\5-PresentedChecksSmoke.spec.ts","",""
"","8212","Account Settings sub-page loads correctly","webkit","Thu Oct 01 10:11:45 UTC 2026","passed","Thu Oct 01 10:11:53 UTC 2026","Application Navigation Smoke Tests > Settings Sub-navigation","specs\Smoke\2-NavigationSmoke.spec.ts","",""
"","10505","""Edit"" link on a row navigates to the check edit form","webkit","Thu Oct 01 10:20:58 UTC 2026","passed","Thu Oct 01 10:21:08 UTC 2026","Presented Checks — Smoke > Row Actions","specs\Smoke\5-PresentedChecksSmoke.spec.ts","",""
"","4113","Roles/Permissions sub-page loads correctly","chromium","Thu Oct 01 10:11:18 UTC 2026","passed","Thu Oct 01 10:11:22 UTC 2026","Application Navigation Smoke Tests > Settings Sub-navigation","specs\Smoke\2-NavigationSmoke.spec.ts","",""
"","10211","""View"" (Change Log) link on a row navigates to the entity log","webkit","Thu Oct 01 10:23:19 UTC 2026","passed","Thu Oct 01 10:23:30 UTC 2026","ACH — Smoke > Row Actions","specs\Smoke\7-ACHSmoke.spec.ts","",""
"","5198","Validate Login functionality with incorrectPassword","msedge","Thu Oct 01 10:11:02 UTC 2026","passed","Thu Oct 01 10:11:07 UTC 2026","Login — Smoke > Login","specs\Smoke\1-LoginSmoke.spec.ts","",""
"","6021","Last page arrow jumps to the final page","msedge","Thu Oct 01 10:17:20 UTC 2026","passed","Thu Oct 01 10:17:26 UTC 2026","Exceptions — Smoke > Exception History > Pagination","specs\Smoke\8-ExceptionsSmoke.spec.ts","",""
"","17995","Check Approval Rules sub-page loads correctly","firefox","Thu Oct 01 10:28:56 UTC 2026","passed","Thu Oct 01 10:29:14 UTC 2026","Application Navigation Smoke Tests > Settings Sub-navigation","specs\Smoke\2-NavigationSmoke.spec.ts","",""
"","5724","Saved Filters dropdown is visible and defaults to no preset","chromium","Thu Oct 01 10:17:48 UTC 2026","passed","Thu Oct 01 10:17:54 UTC 2026","Exceptions — Smoke > Exception History > Saved Filters","specs\Smoke\8-ExceptionsSmoke.spec.ts","",""
"","6056","Page size change to 10 updates pagination info in bottom-right pager","chromium","Thu Oct 01 10:17:11 UTC 2026","passed","Thu Oct 01 10:17:17 UTC 2026","Exceptions — Smoke > Exception History > Pagination","specs\Smoke\8-ExceptionsSmoke.spec.ts","",""
"","13148","Last page arrow jumps to the final page","firefox","Thu Oct 01 10:32:35 UTC 2026","passed","Thu Oct 01 10:32:48 UTC 2026","Issued Checks — Smoke > Pagination","specs\Smoke\4-IssuedChecksSmoke.spec.ts","",""
"","10883","API link is visible and points to swagger","firefox","Thu Oct 01 10:30:11 UTC 2026","passed","Thu Oct 01 10:30:22 UTC 2026","Application Navigation Smoke Tests > Settings Sub-navigation","specs\Smoke\2-NavigationSmoke.spec.ts","",""
"","4392","Validate Login functionality with invalidEmailFormat","msedge","Thu Oct 01 10:11:11 UTC 2026","passed","Thu Oct 01 10:11:16 UTC 2026","Login — Smoke > Login","specs\Smoke\1-LoginSmoke.spec.ts","",""
"","6815","Validate Login functionality with incorrectPassword","firefox","Thu Oct 01 10:26:00 UTC 2026","passed","Thu Oct 01 10:26:07 UTC 2026","Login — Smoke > Login","specs\Smoke\1-LoginSmoke.spec.ts","",""
"","20114","""Uploaded Checks"" navigates to the uploads page","firefox","Thu Oct 01 10:32:37 UTC 2026","passed","Thu Oct 01 10:32:57 UTC 2026","Presented Checks — Smoke > Navigation","specs\Smoke\5-PresentedChecksSmoke.spec.ts","",""
"","7494","Saved Filters dropdown is visible and defaults to no preset","webkit","Thu Oct 01 10:17:39 UTC 2026","passed","Thu Oct 01 10:17:47 UTC 2026","Issued Checks — Smoke > Saved Filters","specs\Smoke\4-IssuedChecksSmoke.spec.ts","",""
"","22916","Save a filter preset, verify it is auto-selected, then delete it","webkit","Thu Oct 01 10:22:17 UTC 2026","passed","Thu Oct 01 10:22:40 UTC 2026","ACH — Smoke > Saved Filters","specs\Smoke\7-ACHSmoke.spec.ts","",""
"","9598","Decision Files sub-page loads correctly","firefox","Thu Oct 01 10:28:16 UTC 2026","passed","Thu Oct 01 10:28:25 UTC 2026","Application Navigation Smoke Tests > Settings Sub-navigation","specs\Smoke\2-NavigationSmoke.spec.ts","",""
"","10602","""Uploaded Checks"" navigates to the uploads page","webkit","Thu Oct 01 10:18:13 UTC 2026","passed","Thu Oct 01 10:18:24 UTC 2026","Presented Checks — Smoke > Navigation","specs\Smoke\5-PresentedChecksSmoke.spec.ts","",""
"","5564","Excel export button is visible and enabled","msedge","Thu Oct 01 10:13:36 UTC 2026","passed","Thu Oct 01 10:13:42 UTC 2026","Issued Checks — Smoke > Toolbar","specs\Smoke\4-IssuedChecksSmoke.spec.ts","",""
"","4580","Verify Combined View shows all chart sections","chromium","Thu Oct 01 10:11:58 UTC 2026","passed","Thu Oct 01 10:12:02 UTC 2026","Home Dashboard > Dashboard Chart Headings","specs\Smoke\3-HomeDashboardSmoke.spec.ts","",""
"","4170","Branding sub-page loads correctly","chromium","Thu Oct 01 10:11:22 UTC 2026","passed","Thu Oct 01 10:11:27 UTC 2026","Application Navigation Smoke Tests > Settings Sub-navigation","specs\Smoke\2-NavigationSmoke.spec.ts","",""
"","5764","Next page arrow advances to page 2","msedge","Thu Oct 01 10:16:56 UTC 2026","passed","Thu Oct 01 10:17:02 UTC 2026","ACH — Smoke > Pagination","specs\Smoke\7-ACHSmoke.spec.ts","",""
"","14213","Clicking a column header sorts ascending, clicking again sorts descending","firefox","Thu Oct 01 10:34:10 UTC 2026","passed","Thu Oct 01 10:34:24 UTC 2026","Issued Checks — Smoke > Sorting","specs\Smoke\4-IssuedChecksSmoke.spec.ts","",""
"","5137","Grid loads with data rows and key column headers","chromium","Thu Oct 01 10:12:42 UTC 2026","passed","Thu Oct 01 10:12:48 UTC 2026","Issued Checks — Smoke > Grid","specs\Smoke\4-IssuedChecksSmoke.spec.ts","",""
"","5952","""Uploaded Checks"" navigates to the uploads page","msedge","Thu Oct 01 10:13:23 UTC 2026","passed","Thu Oct 01 10:13:29 UTC 2026","Issued Checks — Smoke > Navigation","specs\Smoke\4-IssuedChecksSmoke.spec.ts","",""
"","11567","Excel export button is visible and enabled","firefox","Thu Oct 01 10:31:53 UTC 2026","passed","Thu Oct 01 10:32:04 UTC 2026","Issued Checks — Smoke > Toolbar","specs\Smoke\4-IssuedChecksSmoke.spec.ts","",""
"","5595","Verify ACH Only tab shows ACH-specific chart sections","chromium","Thu Oct 01 10:12:08 UTC 2026","passed","Thu Oct 01 10:12:14 UTC 2026","Home Dashboard > Dashboard Chart Headings","specs\Smoke\3-HomeDashboardSmoke.spec.ts","",""
"","8942","Last page arrow jumps to the final page","firefox","Thu Oct 01 10:38:10 UTC 2026","passed","Thu Oct 01 10:38:19 UTC 2026","Exceptions — Smoke > Exception History > Pagination","specs\Smoke\8-ExceptionsSmoke.spec.ts","",""
"","4621","Account Settings sub-page loads correctly","chromium","Thu Oct 01 10:11:06 UTC 2026","passed","Thu Oct 01 10:11:11 UTC 2026","Application Navigation Smoke Tests > Settings Sub-navigation","specs\Smoke\2-NavigationSmoke.spec.ts","",""
"","6937","Clicking a column header sorts ascending, clicking again sorts descending","webkit","Thu Oct 01 10:24:22 UTC 2026","passed","Thu Oct 01 10:24:29 UTC 2026","Exceptions — Smoke > Exception History > Sorting","specs\Smoke\8-ExceptionsSmoke.spec.ts","",""
"","7851","Next page arrow advances to page 2","chromium","Thu Oct 01 10:14:34 UTC 2026","passed","Thu Oct 01 10:14:42 UTC 2026","Presented Checks — Smoke > Pagination","specs\Smoke\5-PresentedChecksSmoke.spec.ts","",""
"","12301","""View"" (Change Log) link on a row navigates to the entity log","firefox","Thu Oct 01 10:36:00 UTC 2026","passed","Thu Oct 01 10:36:13 UTC 2026","Presented Checks — Smoke > Row Actions","specs\Smoke\5-PresentedChecksSmoke.spec.ts","",""
"","4669","Automatic Check Decision Rules sub-page loads correctly","chromium","Thu Oct 01 10:11:49 UTC 2026","passed","Thu Oct 01 10:11:54 UTC 2026","Application Navigation Smoke Tests > Settings Sub-navigation","specs\Smoke\2-NavigationSmoke.spec.ts","",""
"","5774","Saved Filters dropdown is visible and defaults to no preset","chromium","Thu Oct 01 10:15:12 UTC 2026","passed","Thu Oct 01 10:15:17 UTC 2026","Presented Checks — Smoke > Saved Filters","specs\Smoke\5-PresentedChecksSmoke.spec.ts","",""
"","21510","Save a filter preset, verify it is auto-selected, then delete it","webkit","Thu Oct 01 10:17:47 UTC 2026","passed","Thu Oct 01 10:18:08 UTC 2026","Issued Checks — Smoke > Saved Filters","specs\Smoke\4-IssuedChecksSmoke.spec.ts","",""
"","11004","Search box filters grid and clears correctly","webkit","Thu Oct 01 10:18:24 UTC 2026","passed","Thu Oct 01 10:18:35 UTC 2026","Presented Checks — Smoke > Toolbar","specs\Smoke\5-PresentedChecksSmoke.spec.ts","",""
"","16979","Verify tab-specific charts are hidden for opposite tab","webkit","Thu Oct 01 10:14:31 UTC 2026","passed","Thu Oct 01 10:14:48 UTC 2026","Home Dashboard > Dashboard Chart Headings","specs\Smoke\3-HomeDashboardSmoke.spec.ts","",""
"","14123","""Delete"" on a row shows a confirm modal; Cancel dismisses it without deleting","firefox","Thu Oct 01 10:36:13 UTC 2026","passed","Thu Oct 01 10:36:27 UTC 2026","Presented Checks — Smoke > Row Actions","specs\Smoke\5-PresentedChecksSmoke.spec.ts","",""
"","9542","Column filter popup applies a filter and Clear restores the full row set","chromium","Thu Oct 01 10:17:40 UTC 2026","passed","Thu Oct 01 10:17:49 UTC 2026","ACH — Smoke > Column Filter","specs\Smoke\7-ACHSmoke.spec.ts","",""
"","7701","Validate Login functionality with veryLongInput","webkit","Thu Oct 01 10:12:06 UTC 2026","passed","Thu Oct 01 10:12:14 UTC 2026","Login — Smoke > Login","specs\Smoke\1-LoginSmoke.spec.ts","",""
"","6288","Verify navigation to Issued Checks via nav menu","chromium","Thu Oct 01 10:13:09 UTC 2026","passed","Thu Oct 01 10:13:15 UTC 2026","Home Dashboard > Navigation from Dashboard","specs\Smoke\3-HomeDashboardSmoke.spec.ts","",""
"","5211","Verify navigation to Presented Checks via nav menu","chromium","Thu Oct 01 10:13:15 UTC 2026","passed","Thu Oct 01 10:13:20 UTC 2026","Home Dashboard > Navigation from Dashboard","specs\Smoke\3-HomeDashboardSmoke.spec.ts","",""
"","23611","Verify profile menu shows My Info and Logout links","webkit","Thu Oct 01 10:16:04 UTC 2026","passed","Thu Oct 01 10:16:28 UTC 2026","Home Dashboard > Summary Stats","specs\Smoke\3-HomeDashboardSmoke.spec.ts","",""
"","23049","Verify dashboard footer footnote and privacy link are visible","webkit","Thu Oct 01 10:15:41 UTC 2026","passed","Thu Oct 01 10:16:04 UTC 2026","Home Dashboard > Summary Stats","specs\Smoke\3-HomeDashboardSmoke.spec.ts","",""
"","9696","Verify ACH Only tab shows ACH-specific chart sections","webkit","Thu Oct 01 10:13:52 UTC 2026","passed","Thu Oct 01 10:14:02 UTC 2026","Home Dashboard > Dashboard Chart Headings","specs\Smoke\3-HomeDashboardSmoke.spec.ts","",""
"","13224","Next page arrow advances to page 2","firefox","Thu Oct 01 10:37:56 UTC 2026","passed","Thu Oct 01 10:38:10 UTC 2026","Exceptions — Smoke > Exception History > Pagination","specs\Smoke\8-ExceptionsSmoke.spec.ts","",""
"","13647","Search box filters grid and clears correctly","webkit","Thu Oct 01 10:20:42 UTC 2026","passed","Thu Oct 01 10:20:55 UTC 2026","ACH — Smoke > Toolbar","specs\Smoke\7-ACHSmoke.spec.ts","",""
"","6661","Search box filters grid and clears correctly","msedge","Thu Oct 01 10:16:56 UTC 2026","passed","Thu Oct 01 10:17:03 UTC 2026","Exceptions — Smoke > Exception History > Toolbar","specs\Smoke\8-ExceptionsSmoke.spec.ts","",""
"","4658","Open Exceptions page loads with either exception cards or the empty-state message","chromium","Thu Oct 01 10:18:58 UTC 2026","passed","Thu Oct 01 10:19:03 UTC 2026","Exceptions — Smoke > Open Exceptions","specs\Smoke\8-ExceptionsSmoke.spec.ts","",""
"","20153","Search box filters grid and clears correctly","firefox","Thu Oct 01 10:37:09 UTC 2026","passed","Thu Oct 01 10:37:29 UTC 2026","Exceptions — Smoke > Exception History > Toolbar","specs\Smoke\8-ExceptionsSmoke.spec.ts","",""
"","9887","Validate Login functionality with correctCredentials","msedge","Thu Oct 01 10:10:45 UTC 2026","passed","Thu Oct 01 10:10:55 UTC 2026","Login — Smoke > Login","specs\Smoke\1-LoginSmoke.spec.ts","",""
"","10485","Verify navigation to Settings via nav menu","webkit","Thu Oct 01 10:17:29 UTC 2026","passed","Thu Oct 01 10:17:40 UTC 2026","Home Dashboard > Navigation from Dashboard","specs\Smoke\3-HomeDashboardSmoke.spec.ts","",""
"","5145","Grid View toggle navigates to the open-exceptions grid and shows key column headers","chromium","Thu Oct 01 10:19:03 UTC 2026","passed","Thu Oct 01 10:19:08 UTC 2026","Exceptions — Smoke > Open Exceptions","specs\Smoke\8-ExceptionsSmoke.spec.ts","",""
"","5772","Verify dashboard loads after successful login","firefox","Thu Oct 01 10:27:40 UTC 2026","passed","Thu Oct 01 10:27:46 UTC 2026","Home Dashboard > Page Load","specs\Smoke\3-HomeDashboardSmoke.spec.ts","",""
"","8799","Validate Login functionality with missingUsername","webkit","Thu Oct 01 10:11:39 UTC 2026","passed","Thu Oct 01 10:11:48 UTC 2026","Login — Smoke > Login","specs\Smoke\1-LoginSmoke.spec.ts","",""
"","9896","""View"" (Change Log) link on a row navigates to the entity log","webkit","Thu Oct 01 10:21:08 UTC 2026","passed","Thu Oct 01 10:21:18 UTC 2026","Presented Checks — Smoke > Row Actions","specs\Smoke\5-PresentedChecksSmoke.spec.ts","",""
"","14974","Validate session persists after page refresh","webkit","Thu Oct 01 10:12:41 UTC 2026","passed","Thu Oct 01 10:12:56 UTC 2026","Login — Smoke > Session & Security","specs\Smoke\1-LoginSmoke.spec.ts","",""
"","6187","System Log sub-page loads correctly","chromium","Thu Oct 01 10:12:20 UTC 2026","passed","Thu Oct 01 10:12:26 UTC 2026","Application Navigation Smoke Tests > Settings Sub-navigation","specs\Smoke\2-NavigationSmoke.spec.ts","",""
"","7380","Business Clients sub-page loads correctly","webkit","Thu Oct 01 10:11:53 UTC 2026","passed","Thu Oct 01 10:12:00 UTC 2026","Application Navigation Smoke Tests > Settings Sub-navigation","specs\Smoke\2-NavigationSmoke.spec.ts","",""
"","9314","ACH page loads correctly","webkit","Thu Oct 01 10:11:21 UTC 2026","passed","Thu Oct 01 10:11:30 UTC 2026","Application Navigation Smoke Tests > Top-level Navigation","specs\Smoke\2-NavigationSmoke.spec.ts","",""
"","6681","Validate Login functionality with caseSensitiveEmail","msedge","Thu Oct 01 10:10:55 UTC 2026","passed","Thu Oct 01 10:11:02 UTC 2026","Login — Smoke > Login","specs\Smoke\1-LoginSmoke.spec.ts","",""
"","4265","Validate Login functionality with incorrectUsername","msedge","Thu Oct 01 10:11:07 UTC 2026","passed","Thu Oct 01 10:11:11 UTC 2026","Login — Smoke > Login","specs\Smoke\1-LoginSmoke.spec.ts","",""
"","11422","Last page arrow jumps to the final page","webkit","Thu Oct 01 10:21:28 UTC 2026","passed","Thu Oct 01 10:21:39 UTC 2026","ACH — Smoke > Pagination","specs\Smoke\7-ACHSmoke.spec.ts","",""
"","22805","Search box filters grid and clears correctly","webkit","Thu Oct 01 10:15:56 UTC 2026","passed","Thu Oct 01 10:16:19 UTC 2026","Issued Checks — Smoke > Toolbar","specs\Smoke\4-IssuedChecksSmoke.spec.ts","",""
"","4233","Validate Login functionality with missingUsername","chromium","Thu Oct 01 10:11:01 UTC 2026","passed","Thu Oct 01 10:11:06 UTC 2026","Login — Smoke > Login","specs\Smoke\1-LoginSmoke.spec.ts","",""
"","6734","Automatic Check Decision Rules sub-page loads correctly","msedge","Thu Oct 01 10:12:11 UTC 2026","passed","Thu Oct 01 10:12:18 UTC 2026","Application Navigation Smoke Tests > Settings Sub-navigation","specs\Smoke\2-NavigationSmoke.spec.ts","",""
"","8166","Verify navigation to Settings via nav menu","msedge","Thu Oct 01 10:14:02 UTC 2026","passed","Thu Oct 01 10:14:10 UTC 2026","Home Dashboard > Navigation from Dashboard","specs\Smoke\3-HomeDashboardSmoke.spec.ts","",""
"","5255","Automatic Check Decision Rules sub-page loads correctly","firefox","Thu Oct 01 10:28:51 UTC 2026","passed","Thu Oct 01 10:28:56 UTC 2026","Application Navigation Smoke Tests > Settings Sub-navigation","specs\Smoke\2-NavigationSmoke.spec.ts","",""
"","4118","Exceptions page loads correctly","chromium","Thu Oct 01 10:10:58 UTC 2026","passed","Thu Oct 01 10:11:02 UTC 2026","Application Navigation Smoke Tests > Top-level Navigation","specs\Smoke\2-NavigationSmoke.spec.ts","",""
"","13213","Saved Filters dropdown is visible and defaults to no preset","firefox","Thu Oct 01 10:34:27 UTC 2026","passed","Thu Oct 01 10:34:40 UTC 2026","Presented Checks — Smoke > Saved Filters","specs\Smoke\5-PresentedChecksSmoke.spec.ts","",""
"","3874","Settings page loads correctly","msedge","Thu Oct 01 10:11:21 UTC 2026","passed","Thu Oct 01 10:11:25 UTC 2026","Application Navigation Smoke Tests > Top-level Navigation","specs\Smoke\2-NavigationSmoke.spec.ts","",""
"","12572","File Processing sub-page loads correctly","webkit","Thu Oct 01 10:14:02 UTC 2026","passed","Thu Oct 01 10:14:15 UTC 2026","Application Navigation Smoke Tests > Settings Sub-navigation","specs\Smoke\2-NavigationSmoke.spec.ts","",""
"","9786","Grid loads with data rows and key column headers","webkit","Thu Oct 01 10:17:40 UTC 2026","passed","Thu Oct 01 10:17:50 UTC 2026","Presented Checks — Smoke > Grid","specs\Smoke\5-PresentedChecksSmoke.spec.ts","",""
"","7447","Previous page button returns to page 1, First page button re-enables disabled state","msedge","Thu Oct 01 10:15:31 UTC 2026","passed","Thu Oct 01 10:15:39 UTC 2026","Issued Checks — Smoke > Pagination","specs\Smoke\4-IssuedChecksSmoke.spec.ts","",""
"","4686","Validate teller presented-check form shows all required fields","chromium","Thu Oct 01 10:15:18 UTC 2026","passed","Thu Oct 01 10:15:22 UTC 2026","Teller — Smoke > Add Check Form","specs\Smoke\6-TellerSmoke.spec.ts","",""
"","7347","Settings page loads correctly","webkit","Thu Oct 01 10:11:37 UTC 2026","passed","Thu Oct 01 10:11:45 UTC 2026","Application Navigation Smoke Tests > Top-level Navigation","specs\Smoke\2-NavigationSmoke.spec.ts","",""
"","8447","Issued Checks breadcrumb link is visible on the page","chromium","Thu Oct 01 10:15:09 UTC 2026","passed","Thu Oct 01 10:15:18 UTC 2026","Issued Checks — Smoke > Breadcrumb","specs\Smoke\4-IssuedChecksSmoke.spec.ts","",""
"","6218","Grid View toggle navigates to the open-exceptions grid and shows key column headers","webkit","Thu Oct 01 10:25:12 UTC 2026","passed","Thu Oct 01 10:25:18 UTC 2026","Exceptions — Smoke > Open Exceptions","specs\Smoke\8-ExceptionsSmoke.spec.ts","",""
"","8767","Validate Login functionality with sqlInjection","webkit","Thu Oct 01 10:11:48 UTC 2026","passed","Thu Oct 01 10:11:57 UTC 2026","Login — Smoke > Login","specs\Smoke\1-LoginSmoke.spec.ts","",""
"","11424","Pay/Return decision badge navigates to exception history","webkit","Thu Oct 01 10:21:30 UTC 2026","passed","Thu Oct 01 10:21:41 UTC 2026","Presented Checks — Smoke > Row Actions","specs\Smoke\5-PresentedChecksSmoke.spec.ts","",""
"","4546","Verify summary KPI values have expected number formats","chromium","Thu Oct 01 10:12:38 UTC 2026","passed","Thu Oct 01 10:12:43 UTC 2026","Home Dashboard > Summary Stats","specs\Smoke\3-HomeDashboardSmoke.spec.ts","",""
"","7399","Next page arrow advances to page 2","msedge","Thu Oct 01 10:17:13 UTC 2026","passed","Thu Oct 01 10:17:20 UTC 2026","Exceptions — Smoke > Exception History > Pagination","specs\Smoke\8-ExceptionsSmoke.spec.ts","",""
"","16837","Verify dashboard tab checked state updates correctly","firefox","Thu Oct 01 10:29:10 UTC 2026","passed","Thu Oct 01 10:29:27 UTC 2026","Home Dashboard > Dashboard Chart Headings","specs\Smoke\3-HomeDashboardSmoke.spec.ts","",""
"","5510","Next page arrow advances to page 2","msedge","Thu Oct 01 10:14:44 UTC 2026","passed","Thu Oct 01 10:14:50 UTC 2026","Presented Checks — Smoke > Pagination","specs\Smoke\5-PresentedChecksSmoke.spec.ts","",""
"","15525","""View"" (Change Log) link on a row navigates to the entity log","firefox","Thu Oct 01 10:39:48 UTC 2026","passed","Thu Oct 01 10:40:03 UTC 2026","ACH — Smoke > Row Actions","specs\Smoke\7-ACHSmoke.spec.ts","",""
"","15773","""+ Add ACH"" navigates to the add-ACH form","firefox","Thu Oct 01 10:36:23 UTC 2026","passed","Thu Oct 01 10:36:39 UTC 2026","ACH — Smoke > Navigation","specs\Smoke\7-ACHSmoke.spec.ts","",""
"","4053","Validate Login functionality with veryLongInput","chromium","Thu Oct 01 10:11:14 UTC 2026","passed","Thu Oct 01 10:11:18 UTC 2026","Login — Smoke > Login","specs\Smoke\1-LoginSmoke.spec.ts","",""
"","4416","Validate forgot password with unregistered email","chromium","Thu Oct 01 10:11:27 UTC 2026","passed","Thu Oct 01 10:11:31 UTC 2026","Login — Smoke > Forgot Password","specs\Smoke\1-LoginSmoke.spec.ts","",""
"","4186","ACH page loads correctly","chromium","Thu Oct 01 10:10:53 UTC 2026","passed","Thu Oct 01 10:10:58 UTC 2026","Application Navigation Smoke Tests > Top-level Navigation","specs\Smoke\2-NavigationSmoke.spec.ts","",""
"","4504","Clicking a column header sorts ascending, clicking again sorts descending","msedge","Thu Oct 01 10:15:20 UTC 2026","passed","Thu Oct 01 10:15:25 UTC 2026","Presented Checks — Smoke > Sorting","specs\Smoke\5-PresentedChecksSmoke.spec.ts","",""
"","6329","Approvals page loads with either records or the empty-state message","msedge","Thu Oct 01 10:18:30 UTC 2026","passed","Thu Oct 01 10:18:36 UTC 2026","Exceptions — Smoke > Approvals","specs\Smoke\8-ExceptionsSmoke.spec.ts","",""
"","3180","""View"" (Change Log) link on a row navigates to the entity log","msedge","Thu Oct 01 10:18:52 UTC 2026","passed","Thu Oct 01 10:18:55 UTC 2026","ACH — Smoke > Row Actions","specs\Smoke\7-ACHSmoke.spec.ts","",""
"","5541","Page size change to 10 updates pagination info in bottom-right pager","msedge","Thu Oct 01 10:13:42 UTC 2026","passed","Thu Oct 01 10:13:47 UTC 2026","Issued Checks — Smoke > Pagination","specs\Smoke\4-IssuedChecksSmoke.spec.ts","",""
"","5824","Search box filters grid and clears correctly","msedge","Thu Oct 01 10:16:41 UTC 2026","passed","Thu Oct 01 10:16:47 UTC 2026","ACH — Smoke > Toolbar","specs\Smoke\7-ACHSmoke.spec.ts","",""
"","7538","Previous page button returns to page 1, First page button re-enables disabled state","msedge","Thu Oct 01 10:17:14 UTC 2026","passed","Thu Oct 01 10:17:21 UTC 2026","ACH — Smoke > Pagination","specs\Smoke\7-ACHSmoke.spec.ts","",""
"","10866","Verify Total Exceptions and Total Exception Amount labels are visible","firefox","Thu Oct 01 10:29:51 UTC 2026","passed","Thu Oct 01 10:30:02 UTC 2026","Home Dashboard > Summary Stats","specs\Smoke\3-HomeDashboardSmoke.spec.ts","",""
"","7666","Page size change to 10 updates pagination info in bottom-right pager","firefox","Thu Oct 01 10:33:25 UTC 2026","passed","Thu Oct 01 10:33:32 UTC 2026","Presented Checks — Smoke > Pagination","specs\Smoke\5-PresentedChecksSmoke.spec.ts","",""
"","7963","Pay/Return decision badge navigates to exception history","msedge","Thu Oct 01 10:18:59 UTC 2026","passed","Thu Oct 01 10:19:07 UTC 2026","ACH — Smoke > Row Actions","specs\Smoke\7-ACHSmoke.spec.ts","",""
"","7480","Verify chart title changes with selected tab","chromium","Thu Oct 01 10:12:19 UTC 2026","passed","Thu Oct 01 10:12:27 UTC 2026","Home Dashboard > Dashboard Chart Headings","specs\Smoke\3-HomeDashboardSmoke.spec.ts","",""
"","4895","Billing Reports sub-page loads correctly","msedge","Thu Oct 01 10:11:46 UTC 2026","passed","Thu Oct 01 10:11:51 UTC 2026","Application Navigation Smoke Tests > Settings Sub-navigation","specs\Smoke\2-NavigationSmoke.spec.ts","",""
"","9181","Typing a page number navigates to that page","firefox","Thu Oct 01 10:32:48 UTC 2026","passed","Thu Oct 01 10:32:58 UTC 2026","Issued Checks — Smoke > Pagination","specs\Smoke\4-IssuedChecksSmoke.spec.ts","",""
"","8916","Exceptions breadcrumb link is visible on the page","firefox","Thu Oct 01 10:40:49 UTC 2026","passed","Thu Oct 01 10:40:58 UTC 2026","Exceptions — Smoke > Exception History > Breadcrumb","specs\Smoke\8-ExceptionsSmoke.spec.ts","",""
"","4798","Account Settings sub-page loads correctly","msedge","Thu Oct 01 10:11:25 UTC 2026","passed","Thu Oct 01 10:11:29 UTC 2026","Application Navigation Smoke Tests > Settings Sub-navigation","specs\Smoke\2-NavigationSmoke.spec.ts","",""
"","8116","Holiday Schedules sub-page loads correctly","webkit","Thu Oct 01 10:12:39 UTC 2026","passed","Thu Oct 01 10:12:47 UTC 2026","Application Navigation Smoke Tests > Settings Sub-navigation","specs\Smoke\2-NavigationSmoke.spec.ts","",""
"","4703","Home page is accessible and shows dashboard","msedge","Thu Oct 01 10:10:45 UTC 2026","passed","Thu Oct 01 10:10:50 UTC 2026","Application Navigation Smoke Tests > Top-level Navigation","specs\Smoke\2-NavigationSmoke.spec.ts","",""
"","4449","Last page arrow jumps to the final page","msedge","Thu Oct 01 10:14:50 UTC 2026","passed","Thu Oct 01 10:14:54 UTC 2026","Presented Checks — Smoke > Pagination","specs\Smoke\5-PresentedChecksSmoke.spec.ts","",""
"","5896","Validate Login functionality with caseSensitiveEmail","chromium","Thu Oct 01 10:10:35 UTC 2026","passed","Thu Oct 01 10:10:41 UTC 2026","Login — Smoke > Login","specs\Smoke\1-LoginSmoke.spec.ts","",""
"","5570","API link is visible and points to swagger","msedge","Thu Oct 01 10:12:57 UTC 2026","passed","Thu Oct 01 10:13:02 UTC 2026","Application Navigation Smoke Tests > Settings Sub-navigation","specs\Smoke\2-NavigationSmoke.spec.ts","",""
"","5646","Notification Log sub-page loads correctly","msedge","Thu Oct 01 10:12:32 UTC 2026","passed","Thu Oct 01 10:12:38 UTC 2026","Application Navigation Smoke Tests > Settings Sub-navigation","specs\Smoke\2-NavigationSmoke.spec.ts","",""
"","6092","""+ Add ACH"" navigates to the add-ACH form","msedge","Thu Oct 01 10:16:29 UTC 2026","passed","Thu Oct 01 10:16:35 UTC 2026","ACH — Smoke > Navigation","specs\Smoke\7-ACHSmoke.spec.ts","",""
"","3859","Teller page loads correctly","chromium","Thu Oct 01 10:10:50 UTC 2026","passed","Thu Oct 01 10:10:53 UTC 2026","Application Navigation Smoke Tests > Top-level Navigation","specs\Smoke\2-NavigationSmoke.spec.ts","",""
"","5955","Navigation tabs to Pre-Decisions, Approvals, and Exception History are visible","firefox","Thu Oct 01 10:40:58 UTC 2026","passed","Thu Oct 01 10:41:04 UTC 2026","Exceptions — Smoke > Open Exceptions","specs\Smoke\8-ExceptionsSmoke.spec.ts","",""
"","8850","Check Approval Rules sub-page loads correctly","webkit","Thu Oct 01 10:13:11 UTC 2026","passed","Thu Oct 01 10:13:20 UTC 2026","Application Navigation Smoke Tests > Settings Sub-navigation","specs\Smoke\2-NavigationSmoke.spec.ts","",""
"","22986","Typing a page number navigates to that page","firefox","Thu Oct 01 10:37:56 UTC 2026","passed","Thu Oct 01 10:38:19 UTC 2026","ACH — Smoke > Pagination","specs\Smoke\7-ACHSmoke.spec.ts","",""
"","10576","Verify navigation to Presented Checks via nav menu","firefox","Thu Oct 01 10:31:15 UTC 2026","passed","Thu Oct 01 10:31:26 UTC 2026","Home Dashboard > Navigation from Dashboard","specs\Smoke\3-HomeDashboardSmoke.spec.ts","",""
"","21787","Save a filter preset, verify it is auto-selected, then delete it","firefox","Thu Oct 01 10:39:08 UTC 2026","passed","Thu Oct 01 10:39:30 UTC 2026","Exceptions — Smoke > Exception History > Saved Filters","specs\Smoke\8-ExceptionsSmoke.spec.ts","",""
"","19185","""+ Add Check"" navigates to the add-check form","webkit","Thu Oct 01 10:15:14 UTC 2026","passed","Thu Oct 01 10:15:33 UTC 2026","Issued Checks — Smoke > Navigation","specs\Smoke\4-IssuedChecksSmoke.spec.ts","",""
"","5188","Navigation tabs to Pre-Decisions, Approvals, and Exception History are visible","webkit","Thu Oct 01 10:25:01 UTC 2026","passed","Thu Oct 01 10:25:07 UTC 2026","Exceptions — Smoke > Open Exceptions","specs\Smoke\8-ExceptionsSmoke.spec.ts","",""
"","11870","Clicking a column header sorts ascending, clicking again sorts descending","firefox","Thu Oct 01 10:39:21 UTC 2026","passed","Thu Oct 01 10:39:33 UTC 2026","ACH — Smoke > Sorting","specs\Smoke\7-ACHSmoke.spec.ts","",""
"","14555","Search box filters grid and clears correctly","firefox","Thu Oct 01 10:31:38 UTC 2026","passed","Thu Oct 01 10:31:53 UTC 2026","Issued Checks — Smoke > Toolbar","specs\Smoke\4-IssuedChecksSmoke.spec.ts","",""
"","8757","Validate forgot password functionality","webkit","Thu Oct 01 10:12:14 UTC 2026","passed","Thu Oct 01 10:12:22 UTC 2026","Login — Smoke > Forgot Password","specs\Smoke\1-LoginSmoke.spec.ts","",""
"","28750","Default filter auto-applies after logout and re-login","chromium","Thu Oct 01 10:15:34 UTC 2026","passed","Thu Oct 01 10:16:03 UTC 2026","Presented Checks — Smoke > Saved Filters > Default Filter","specs\Smoke\5-PresentedChecksSmoke.spec.ts","",""
"","4765","Saved Filters dropdown is visible and defaults to no preset","msedge","Thu Oct 01 10:15:49 UTC 2026","passed","Thu Oct 01 10:15:54 UTC 2026","Issued Checks — Smoke > Saved Filters","specs\Smoke\4-IssuedChecksSmoke.spec.ts","",""
"","10703","Users sub-page loads correctly","firefox","Thu Oct 01 10:27:22 UTC 2026","passed","Thu Oct 01 10:27:33 UTC 2026","Application Navigation Smoke Tests > Settings Sub-navigation","specs\Smoke\2-NavigationSmoke.spec.ts","",""
"","4289","Validate forgot password functionality with No email","chromium","Thu Oct 01 10:11:22 UTC 2026","passed","Thu Oct 01 10:11:27 UTC 2026","Login — Smoke > Forgot Password","specs\Smoke\1-LoginSmoke.spec.ts","",""
"","11546","Saved Filters dropdown is visible and defaults to no preset","firefox","Thu Oct 01 10:38:37 UTC 2026","passed","Thu Oct 01 10:38:49 UTC 2026","ACH — Smoke > Saved Filters","specs\Smoke\7-ACHSmoke.spec.ts","",""
"","7084","Page size change to 10 updates pagination info in bottom-right pager","chromium","Thu Oct 01 10:14:27 UTC 2026","passed","Thu Oct 01 10:14:34 UTC 2026","Presented Checks — Smoke > Pagination","specs\Smoke\5-PresentedChecksSmoke.spec.ts","",""
"","8835","Issued Checks page loads correctly","webkit","Thu Oct 01 10:10:55 UTC 2026","passed","Thu Oct 01 10:11:04 UTC 2026","Application Navigation Smoke Tests > Top-level Navigation","specs\Smoke\2-NavigationSmoke.spec.ts","",""
"","5870","Grid View toggle navigates to the open-exceptions grid and shows key column headers","firefox","Thu Oct 01 10:41:11 UTC 2026","passed","Thu Oct 01 10:41:17 UTC 2026","Exceptions — Smoke > Open Exceptions","specs\Smoke\8-ExceptionsSmoke.spec.ts","",""
"","4898","""Edit"" link on a row navigates to the check edit form","msedge","Thu Oct 01 10:15:34 UTC 2026","passed","Thu Oct 01 10:15:39 UTC 2026","Presented Checks — Smoke > Row Actions","specs\Smoke\5-PresentedChecksSmoke.spec.ts","",""
"","7650","Validate Login functionality with invalidEmailFormat","webkit","Thu Oct 01 10:11:13 UTC 2026","passed","Thu Oct 01 10:11:21 UTC 2026","Login — Smoke > Login","specs\Smoke\1-LoginSmoke.spec.ts","",""
"","5348","Verify navigation to Exceptions via nav menu","chromium","Thu Oct 01 10:13:26 UTC 2026","passed","Thu Oct 01 10:13:31 UTC 2026","Home Dashboard > Navigation from Dashboard","specs\Smoke\3-HomeDashboardSmoke.spec.ts","",""
"","5036","Notification Log sub-page loads correctly","chromium","Thu Oct 01 10:12:09 UTC 2026","passed","Thu Oct 01 10:12:14 UTC 2026","Application Navigation Smoke Tests > Settings Sub-navigation","specs\Smoke\2-NavigationSmoke.spec.ts","",""
"","9881","Verify Combined View shows all chart sections","webkit","Thu Oct 01 10:13:32 UTC 2026","passed","Thu Oct 01 10:13:42 UTC 2026","Home Dashboard > Dashboard Chart Headings","specs\Smoke\3-HomeDashboardSmoke.spec.ts","",""
"","4970","Verify navigation to Settings via nav menu","chromium","Thu Oct 01 10:13:31 UTC 2026","passed","Thu Oct 01 10:13:36 UTC 2026","Home Dashboard > Navigation from Dashboard","specs\Smoke\3-HomeDashboardSmoke.spec.ts","",""
"","12416","Excel export button is visible and enabled","firefox","Thu Oct 01 10:33:12 UTC 2026","passed","Thu Oct 01 10:33:25 UTC 2026","Presented Checks — Smoke > Toolbar","specs\Smoke\5-PresentedChecksSmoke.spec.ts","",""
"","6841","Validate Login functionality with sqlInjection","firefox","Thu Oct 01 10:26:30 UTC 2026","passed","Thu Oct 01 10:26:37 UTC 2026","Login — Smoke > Login","specs\Smoke\1-LoginSmoke.spec.ts","",""
"","5602","Column filter menu applies a filter and Clear restores the full row set","chromium","Thu Oct 01 10:18:33 UTC 2026","passed","Thu Oct 01 10:18:39 UTC 2026","Exceptions — Smoke > Exception History > Column Filter","specs\Smoke\8-ExceptionsSmoke.spec.ts","",""
"","11202","Business Clients sub-page loads correctly","firefox","Thu Oct 01 10:27:11 UTC 2026","passed","Thu Oct 01 10:27:22 UTC 2026","Application Navigation Smoke Tests > Settings Sub-navigation","specs\Smoke\2-NavigationSmoke.spec.ts","",""
"","10984","Typing a page number navigates to that page","webkit","Thu Oct 01 10:17:10 UTC 2026","passed","Thu Oct 01 10:17:21 UTC 2026","Issued Checks — Smoke > Pagination","specs\Smoke\4-IssuedChecksSmoke.spec.ts","",""
"","3010","Saved Filters dropdown is visible and defaults to no preset","msedge","Thu Oct 01 10:17:35 UTC 2026","passed","Thu Oct 01 10:17:38 UTC 2026","Exceptions — Smoke > Exception History > Saved Filters","specs\Smoke\8-ExceptionsSmoke.spec.ts","",""
"","9690","Page size change to 10 updates pagination info in bottom-right pager","firefox","Thu Oct 01 10:37:19 UTC 2026","passed","Thu Oct 01 10:37:29 UTC 2026","ACH — Smoke > Pagination","specs\Smoke\7-ACHSmoke.spec.ts","",""
"","10556","Saved Filters dropdown is visible and defaults to no preset","webkit","Thu Oct 01 10:23:44 UTC 2026","passed","Thu Oct 01 10:23:55 UTC 2026","Exceptions — Smoke > Exception History > Saved Filters","specs\Smoke\8-ExceptionsSmoke.spec.ts","",""
"","11894","Excel export button is visible and enabled","firefox","Thu Oct 01 10:37:29 UTC 2026","passed","Thu Oct 01 10:37:41 UTC 2026","Exceptions — Smoke > Exception History > Toolbar","specs\Smoke\8-ExceptionsSmoke.spec.ts","",""
"","8768","Save a filter preset, verify it is auto-selected, then delete it","msedge","Thu Oct 01 10:15:08 UTC 2026","passed","Thu Oct 01 10:15:17 UTC 2026","Presented Checks — Smoke > Saved Filters","specs\Smoke\5-PresentedChecksSmoke.spec.ts","",""
"","7834","Clicking a column header sorts ascending, clicking again sorts descending","chromium","Thu Oct 01 10:16:03 UTC 2026","passed","Thu Oct 01 10:16:11 UTC 2026","Presented Checks — Smoke > Sorting","specs\Smoke\5-PresentedChecksSmoke.spec.ts","",""
"","21252","Verify Combined View shows all chart sections","firefox","Thu Oct 01 10:28:04 UTC 2026","passed","Thu Oct 01 10:28:26 UTC 2026","Home Dashboard > Dashboard Chart Headings","specs\Smoke\3-HomeDashboardSmoke.spec.ts","",""
"","8785","Decision badge on an already-reviewed row is blocked with a system message","webkit","Thu Oct 01 10:24:48 UTC 2026","passed","Thu Oct 01 10:24:57 UTC 2026","Exceptions — Smoke > Exception History > Row Actions","specs\Smoke\8-ExceptionsSmoke.spec.ts","",""
"","6438","Exception History grid loads with data rows and key column headers","msedge","Thu Oct 01 10:16:45 UTC 2026","passed","Thu Oct 01 10:16:51 UTC 2026","Exceptions — Smoke > Exception History > Grid","specs\Smoke\8-ExceptionsSmoke.spec.ts","",""
"","9728","API link is visible and points to swagger","webkit","Thu Oct 01 10:14:15 UTC 2026","passed","Thu Oct 01 10:14:25 UTC 2026","Application Navigation Smoke Tests > Settings Sub-navigation","specs\Smoke\2-NavigationSmoke.spec.ts","",""
"","11752","Next page arrow advances to page 2","webkit","Thu Oct 01 10:16:48 UTC 2026","passed","Thu Oct 01 10:16:59 UTC 2026","Issued Checks — Smoke > Pagination","specs\Smoke\4-IssuedChecksSmoke.spec.ts","",""
"","10119","""Edit"" link on a row navigates to the check edit form","firefox","Thu Oct 01 10:35:50 UTC 2026","passed","Thu Oct 01 10:36:00 UTC 2026","Presented Checks — Smoke > Row Actions","specs\Smoke\5-PresentedChecksSmoke.spec.ts","",""
"","7603","Previous page button returns to page 1, First page button re-enables disabled state","chromium","Thu Oct 01 10:16:47 UTC 2026","passed","Thu Oct 01 10:16:54 UTC 2026","ACH — Smoke > Pagination","specs\Smoke\7-ACHSmoke.spec.ts","",""
"","11711","""Delete"" on a row shows a confirm modal; Cancel dismisses it without deleting","firefox","Thu Oct 01 10:40:03 UTC 2026","passed","Thu Oct 01 10:40:15 UTC 2026","ACH — Smoke > Row Actions","specs\Smoke\7-ACHSmoke.spec.ts","",""
"","6944","Validate unauthenticated access to protected route is redirected to login","firefox","Thu Oct 01 10:27:33 UTC 2026","passed","Thu Oct 01 10:27:40 UTC 2026","Login — Smoke > Session & Security","specs\Smoke\1-LoginSmoke.spec.ts","",""
"","7849","Search box filters grid and clears correctly","chromium","Thu Oct 01 10:13:02 UTC 2026","passed","Thu Oct 01 10:13:10 UTC 2026","Issued Checks — Smoke > Toolbar","specs\Smoke\4-IssuedChecksSmoke.spec.ts","",""
"","14081","Verify chart title changes with selected tab","webkit","Thu Oct 01 10:14:16 UTC 2026","passed","Thu Oct 01 10:14:31 UTC 2026","Home Dashboard > Dashboard Chart Headings","specs\Smoke\3-HomeDashboardSmoke.spec.ts","",""
"","23109","Default filter auto-applies after logout and re-login","chromium","Thu Oct 01 10:17:09 UTC 2026","passed","Thu Oct 01 10:17:33 UTC 2026","ACH — Smoke > Saved Filters > Default Filter","specs\Smoke\7-ACHSmoke.spec.ts","",""
"","6462","Next page arrow advances to page 2","chromium","Thu Oct 01 10:16:30 UTC 2026","passed","Thu Oct 01 10:16:36 UTC 2026","ACH — Smoke > Pagination","specs\Smoke\7-ACHSmoke.spec.ts","",""
"","4337","Validate forgot password functionality","msedge","Thu Oct 01 10:11:42 UTC 2026","passed","Thu Oct 01 10:11:46 UTC 2026","Login — Smoke > Forgot Password","specs\Smoke\1-LoginSmoke.spec.ts","",""
"","11735","Saved Filters dropdown is visible and defaults to no preset","firefox","Thu Oct 01 10:38:57 UTC 2026","passed","Thu Oct 01 10:39:08 UTC 2026","Exceptions — Smoke > Exception History > Saved Filters","specs\Smoke\8-ExceptionsSmoke.spec.ts","",""
"","14603","Column filter popup applies a filter and Clear restores the full row set","firefox","Thu Oct 01 10:39:33 UTC 2026","passed","Thu Oct 01 10:39:48 UTC 2026","ACH — Smoke > Column Filter","specs\Smoke\7-ACHSmoke.spec.ts","",""
"","19082","Saved Filters dropdown is visible and defaults to no preset","firefox","Thu Oct 01 10:33:15 UTC 2026","passed","Thu Oct 01 10:33:34 UTC 2026","Issued Checks — Smoke > Saved Filters","specs\Smoke\4-IssuedChecksSmoke.spec.ts","",""
"","23330","Previous page button returns to page 1, First page button re-enables disabled state","firefox","Thu Oct 01 10:38:33 UTC 2026","passed","Thu Oct 01 10:38:57 UTC 2026","Exceptions — Smoke > Exception History > Pagination","specs\Smoke\8-ExceptionsSmoke.spec.ts","",""
"","6607","System Log sub-page loads correctly","firefox","Thu Oct 01 10:29:55 UTC 2026","passed","Thu Oct 01 10:30:01 UTC 2026","Application Navigation Smoke Tests > Settings Sub-navigation","specs\Smoke\2-NavigationSmoke.spec.ts","",""
"","9244","Home page is accessible and shows dashboard","webkit","Thu Oct 01 10:10:32 UTC 2026","passed","Thu Oct 01 10:10:41 UTC 2026","Application Navigation Smoke Tests > Top-level Navigation","specs\Smoke\2-NavigationSmoke.spec.ts","",""
"","4242","Validate Login functionality with xssInUsername","msedge","Thu Oct 01 10:11:33 UTC 2026","passed","Thu Oct 01 10:11:38 UTC 2026","Login — Smoke > Login","specs\Smoke\1-LoginSmoke.spec.ts","",""
"","11493","""Uploaded ACH"" navigates to the uploads page","webkit","Thu Oct 01 10:20:30 UTC 2026","passed","Thu Oct 01 10:20:42 UTC 2026","ACH — Smoke > Navigation","specs\Smoke\7-ACHSmoke.spec.ts","",""
"","9231","Save a filter preset, verify it is auto-selected, then delete it","msedge","Thu Oct 01 10:18:30 UTC 2026","passed","Thu Oct 01 10:18:40 UTC 2026","ACH — Smoke > Saved Filters","specs\Smoke\7-ACHSmoke.spec.ts","",""
"","11891","Next page arrow advances to page 2","webkit","Thu Oct 01 10:22:51 UTC 2026","passed","Thu Oct 01 10:23:03 UTC 2026","Exceptions — Smoke > Exception History > Pagination","specs\Smoke\8-ExceptionsSmoke.spec.ts","",""
"","4178","Validate Login functionality with emptyFields","chromium","Thu Oct 01 10:10:53 UTC 2026","passed","Thu Oct 01 10:10:57 UTC 2026","Login — Smoke > Login","specs\Smoke\1-LoginSmoke.spec.ts","",""
"","5441","Page size change to 10 updates pagination info in bottom-right pager","msedge","Thu Oct 01 10:17:08 UTC 2026","passed","Thu Oct 01 10:17:13 UTC 2026","Exceptions — Smoke > Exception History > Pagination","specs\Smoke\8-ExceptionsSmoke.spec.ts","",""
"","10699","Validate Login functionality with caseSensitiveEmail","firefox","Thu Oct 01 10:25:49 UTC 2026","passed","Thu Oct 01 10:26:00 UTC 2026","Login — Smoke > Login","specs\Smoke\1-LoginSmoke.spec.ts","",""
"","5262","Web Hooks sub-page loads correctly","msedge","Thu Oct 01 10:13:02 UTC 2026","passed","Thu Oct 01 10:13:08 UTC 2026","Application Navigation Smoke Tests > Settings Sub-navigation","specs\Smoke\2-NavigationSmoke.spec.ts","",""
"","2922","ACH breadcrumb link is visible on the page","msedge","Thu Oct 01 10:19:07 UTC 2026","passed","Thu Oct 01 10:19:09 UTC 2026","ACH — Smoke > Breadcrumb","specs\Smoke\7-ACHSmoke.spec.ts","",""
"","4720","Saved Filters dropdown is visible and defaults to no preset","chromium","Thu Oct 01 10:16:54 UTC 2026","passed","Thu Oct 01 10:16:59 UTC 2026","ACH — Smoke > Saved Filters","specs\Smoke\7-ACHSmoke.spec.ts","",""
"","31900","Verify Check Only tab shows Check-specific chart sections","firefox","Thu Oct 01 10:28:26 UTC 2026","passed","Thu Oct 01 10:28:58 UTC 2026","Home Dashboard > Dashboard Chart Headings","specs\Smoke\3-HomeDashboardSmoke.spec.ts","",""
"","7027","Exception History grid loads with data rows and key column headers","chromium","Thu Oct 01 10:16:46 UTC 2026","passed","Thu Oct 01 10:16:53 UTC 2026","Exceptions — Smoke > Exception History > Grid","specs\Smoke\8-ExceptionsSmoke.spec.ts","",""
"","18928","ACH breadcrumb link is visible on the page","firefox","Thu Oct 01 10:40:39 UTC 2026","passed","Thu Oct 01 10:40:58 UTC 2026","ACH — Smoke > Breadcrumb","specs\Smoke\7-ACHSmoke.spec.ts","",""
"","4607","Verify all three dashboard view tabs are visible","chromium","Thu Oct 01 10:11:53 UTC 2026","passed","Thu Oct 01 10:11:58 UTC 2026","Home Dashboard > Page Load","specs\Smoke\3-HomeDashboardSmoke.spec.ts","",""
"","2174","Pre-Decisions page loads with either records or the empty-state message","chromium","Thu Oct 01 10:19:10 UTC 2026","passed","Thu Oct 01 10:19:12 UTC 2026","Exceptions — Smoke > Pre-Decisions","specs\Smoke\8-ExceptionsSmoke.spec.ts","",""
"","357","Default filter auto-applies after logout and re-login","msedge","Thu Oct 01 10:17:46 UTC 2026","skipped","Thu Oct 01 10:17:47 UTC 2026","Exceptions — Smoke > Exception History > Saved Filters > Default Filter","specs\Smoke\8-ExceptionsSmoke.spec.ts","",""
"","14579","""Delete"" on a row shows a confirm modal; Cancel dismisses it without deleting","webkit","Thu Oct 01 10:19:10 UTC 2026","passed","Thu Oct 01 10:19:24 UTC 2026","Issued Checks — Smoke > Row Actions","specs\Smoke\4-IssuedChecksSmoke.spec.ts","",""
"","12169","Issued Checks page loads correctly","firefox","Thu Oct 01 10:26:00 UTC 2026","passed","Thu Oct 01 10:26:13 UTC 2026","Application Navigation Smoke Tests > Top-level Navigation","specs\Smoke\2-NavigationSmoke.spec.ts","",""
"","11121","Save a filter preset, verify it is auto-selected, then delete it","chromium","Thu Oct 01 10:17:54 UTC 2026","passed","Thu Oct 01 10:18:05 UTC 2026","Exceptions — Smoke > Exception History > Saved Filters","specs\Smoke\8-ExceptionsSmoke.spec.ts","",""
"","3323","Exceptions breadcrumb link is visible on the page","chromium","Thu Oct 01 10:18:50 UTC 2026","passed","Thu Oct 01 10:18:53 UTC 2026","Exceptions — Smoke > Exception History > Breadcrumb","specs\Smoke\8-ExceptionsSmoke.spec.ts","",""
"","6213","Issued Checks page loads correctly","chromium","Thu Oct 01 10:10:39 UTC 2026","passed","Thu Oct 01 10:10:45 UTC 2026","Application Navigation Smoke Tests > Top-level Navigation","specs\Smoke\2-NavigationSmoke.spec.ts","",""
"","5232","Approvals page loads with either records or the empty-state message","firefox","Thu Oct 01 10:41:17 UTC 2026","passed","Thu Oct 01 10:41:22 UTC 2026","Exceptions — Smoke > Approvals","specs\Smoke\8-ExceptionsSmoke.spec.ts","",""
"","4031","File Formats sub-page loads correctly","msedge","Thu Oct 01 10:12:02 UTC 2026","passed","Thu Oct 01 10:12:06 UTC 2026","Application Navigation Smoke Tests > Settings Sub-navigation","specs\Smoke\2-NavigationSmoke.spec.ts","",""
"","4803","Typing a page number navigates to that page","chromium","Thu Oct 01 10:16:42 UTC 2026","passed","Thu Oct 01 10:16:47 UTC 2026","ACH — Smoke > Pagination","specs\Smoke\7-ACHSmoke.spec.ts","",""
"","6503","Verify tab-specific charts are hidden for opposite tab","chromium","Thu Oct 01 10:12:27 UTC 2026","passed","Thu Oct 01 10:12:33 UTC 2026","Home Dashboard > Dashboard Chart Headings","specs\Smoke\3-HomeDashboardSmoke.spec.ts","",""
"","9166","Web Hooks sub-page loads correctly","webkit","Thu Oct 01 10:14:25 UTC 2026","passed","Thu Oct 01 10:14:34 UTC 2026","Application Navigation Smoke Tests > Settings Sub-navigation","specs\Smoke\2-NavigationSmoke.spec.ts","",""
"","5080","Typing a page number navigates to that page","chromium","Thu Oct 01 10:13:31 UTC 2026","passed","Thu Oct 01 10:13:36 UTC 2026","Issued Checks — Smoke > Pagination","specs\Smoke\4-IssuedChecksSmoke.spec.ts","",""
"","17591","""+ Add Check"" navigates to the add-check form","firefox","Thu Oct 01 10:31:08 UTC 2026","passed","Thu Oct 01 10:31:26 UTC 2026","Issued Checks — Smoke > Navigation","specs\Smoke\4-IssuedChecksSmoke.spec.ts","",""
"","9492","Saved Filters dropdown is visible and defaults to no preset","webkit","Thu Oct 01 10:19:49 UTC 2026","passed","Thu Oct 01 10:19:58 UTC 2026","Presented Checks — Smoke > Saved Filters","specs\Smoke\5-PresentedChecksSmoke.spec.ts","",""
"","12559","""Uploaded ACH"" navigates to the uploads page","firefox","Thu Oct 01 10:36:39 UTC 2026","passed","Thu Oct 01 10:36:51 UTC 2026","ACH — Smoke > Navigation","specs\Smoke\7-ACHSmoke.spec.ts","",""
"","8960","Verify dashboard loads after successful login","webkit","Thu Oct 01 10:13:04 UTC 2026","passed","Thu Oct 01 10:13:13 UTC 2026","Home Dashboard > Page Load","specs\Smoke\3-HomeDashboardSmoke.spec.ts","",""
"","3842","Default filter auto-applies after logout and re-login","msedge","Thu Oct 01 10:16:05 UTC 2026","skipped","Thu Oct 01 10:16:09 UTC 2026","Issued Checks — Smoke > Saved Filters > Default Filter","specs\Smoke\4-IssuedChecksSmoke.spec.ts","",""
"","6081","Verify Home dashboard is restored after returning from another page","chromium","Thu Oct 01 10:13:03 UTC 2026","passed","Thu Oct 01 10:13:09 UTC 2026","Home Dashboard > Summary Stats","specs\Smoke\3-HomeDashboardSmoke.spec.ts","",""
"","20745","""View"" link on a row opens the Exception Details dialog","firefox","Thu Oct 01 10:40:12 UTC 2026","passed","Thu Oct 01 10:40:33 UTC 2026","Exceptions — Smoke > Exception History > Row Actions","specs\Smoke\8-ExceptionsSmoke.spec.ts","",""
"","4944","Grid loads with data rows and key column headers","chromium","Thu Oct 01 10:13:36 UTC 2026","passed","Thu Oct 01 10:13:41 UTC 2026","Presented Checks — Smoke > Grid","specs\Smoke\5-PresentedChecksSmoke.spec.ts","",""
"","23886","Branding sub-page loads correctly","firefox","Thu Oct 01 10:27:43 UTC 2026","passed","Thu Oct 01 10:28:07 UTC 2026","Application Navigation Smoke Tests > Settings Sub-navigation","specs\Smoke\2-NavigationSmoke.spec.ts","",""
"","6570","""Delete"" on a row shows a confirm modal; Cancel dismisses it without deleting","msedge","Thu Oct 01 10:15:46 UTC 2026","passed","Thu Oct 01 10:15:53 UTC 2026","Presented Checks — Smoke > Row Actions","specs\Smoke\5-PresentedChecksSmoke.spec.ts","",""
"","6828","Verify dashboard tab checked state updates correctly","msedge","Thu Oct 01 10:12:37 UTC 2026","passed","Thu Oct 01 10:12:44 UTC 2026","Home Dashboard > Dashboard Chart Headings","specs\Smoke\3-HomeDashboardSmoke.spec.ts","",""
"","11769","Validate Login functionality with correctCredentials","webkit","Thu Oct 01 10:10:32 UTC 2026","passed","Thu Oct 01 10:10:43 UTC 2026","Login — Smoke > Login","specs\Smoke\1-LoginSmoke.spec.ts","",""
"","4323","Presented Checks page loads correctly","chromium","Thu Oct 01 10:10:45 UTC 2026","passed","Thu Oct 01 10:10:50 UTC 2026","Application Navigation Smoke Tests > Top-level Navigation","specs\Smoke\2-NavigationSmoke.spec.ts","",""
"","7429","Decision Files sub-page loads correctly","webkit","Thu Oct 01 10:12:31 UTC 2026","passed","Thu Oct 01 10:12:39 UTC 2026","Application Navigation Smoke Tests > Settings Sub-navigation","specs\Smoke\2-NavigationSmoke.spec.ts","",""
"","6032","File Processing sub-page loads correctly","msedge","Thu Oct 01 10:12:51 UTC 2026","passed","Thu Oct 01 10:12:57 UTC 2026","Application Navigation Smoke Tests > Settings Sub-navigation","specs\Smoke\2-NavigationSmoke.spec.ts","",""
"","26599","Pay/Return decision badge navigates to exception history","webkit","Thu Oct 01 10:23:44 UTC 2026","passed","Thu Oct 01 10:24:11 UTC 2026","ACH — Smoke > Row Actions","specs\Smoke\7-ACHSmoke.spec.ts","",""
"","8155","""+ Add Check"" navigates to the add-check form","chromium","Thu Oct 01 10:13:50 UTC 2026","passed","Thu Oct 01 10:13:58 UTC 2026","Presented Checks — Smoke > Navigation","specs\Smoke\5-PresentedChecksSmoke.spec.ts","",""
"","12722","Validate session persists after page refresh","firefox","Thu Oct 01 10:27:20 UTC 2026","passed","Thu Oct 01 10:27:33 UTC 2026","Login — Smoke > Session & Security","specs\Smoke\1-LoginSmoke.spec.ts","",""
"","9952","Page size change to 10 updates pagination info in bottom-right pager","webkit","Thu Oct 01 10:21:06 UTC 2026","passed","Thu Oct 01 10:21:16 UTC 2026","ACH — Smoke > Pagination","specs\Smoke\7-ACHSmoke.spec.ts","",""
"","19380","Column filter popup applies a filter and Clear restores the full row set","webkit","Thu Oct 01 10:18:30 UTC 2026","passed","Thu Oct 01 10:18:49 UTC 2026","Issued Checks — Smoke > Column Filter","specs\Smoke\4-IssuedChecksSmoke.spec.ts","",""
"","4183","Page size change to 10 updates pagination info in bottom-right pager","msedge","Thu Oct 01 10:16:52 UTC 2026","passed","Thu Oct 01 10:16:56 UTC 2026","ACH — Smoke > Pagination","specs\Smoke\7-ACHSmoke.spec.ts","",""
"","5686","Saved Filters dropdown is visible and defaults to no preset","chromium","Thu Oct 01 10:13:44 UTC 2026","passed","Thu Oct 01 10:13:49 UTC 2026","Issued Checks — Smoke > Saved Filters","specs\Smoke\4-IssuedChecksSmoke.spec.ts","",""
"","12181","Verify navigation to Issued Checks via nav menu","webkit","Thu Oct 01 10:16:45 UTC 2026","passed","Thu Oct 01 10:16:57 UTC 2026","Home Dashboard > Navigation from Dashboard","specs\Smoke\3-HomeDashboardSmoke.spec.ts","",""
"","5922","Verify Check Only tab shows Check-specific chart sections","chromium","Thu Oct 01 10:12:02 UTC 2026","passed","Thu Oct 01 10:12:08 UTC 2026","Home Dashboard > Dashboard Chart Headings","specs\Smoke\3-HomeDashboardSmoke.spec.ts","",""
"","4452","Validate Login functionality with missingPassword","msedge","Thu Oct 01 10:11:20 UTC 2026","passed","Thu Oct 01 10:11:25 UTC 2026","Login — Smoke > Login","specs\Smoke\1-LoginSmoke.spec.ts","",""
"","15960","Typing a page number navigates to that page","webkit","Thu Oct 01 10:19:18 UTC 2026","passed","Thu Oct 01 10:19:34 UTC 2026","Presented Checks — Smoke > Pagination","specs\Smoke\5-PresentedChecksSmoke.spec.ts","",""
"","5317","Decision Files sub-page loads correctly","chromium","Thu Oct 01 10:11:31 UTC 2026","passed","Thu Oct 01 10:11:36 UTC 2026","Application Navigation Smoke Tests > Settings Sub-navigation","specs\Smoke\2-NavigationSmoke.spec.ts","",""
"","6481","System Log sub-page loads correctly","msedge","Thu Oct 01 10:12:44 UTC 2026","passed","Thu Oct 01 10:12:51 UTC 2026","Application Navigation Smoke Tests > Settings Sub-navigation","specs\Smoke\2-NavigationSmoke.spec.ts","",""
"","9721","Column filter menu applies a filter and Clear restores the full row set","webkit","Thu Oct 01 10:24:29 UTC 2026","passed","Thu Oct 01 10:24:39 UTC 2026","Exceptions — Smoke > Exception History > Column Filter","specs\Smoke\8-ExceptionsSmoke.spec.ts","",""
"","4303","Validate Login functionality with emptyFields","msedge","Thu Oct 01 10:11:16 UTC 2026","passed","Thu Oct 01 10:11:20 UTC 2026","Login — Smoke > Login","specs\Smoke\1-LoginSmoke.spec.ts","",""
"","4765","Page size change to 10 updates pagination info in bottom-right pager","msedge","Thu Oct 01 10:14:39 UTC 2026","passed","Thu Oct 01 10:14:44 UTC 2026","Presented Checks — Smoke > Pagination","specs\Smoke\5-PresentedChecksSmoke.spec.ts","",""
"","10356","Excel export button is visible and enabled","webkit","Thu Oct 01 10:18:35 UTC 2026","passed","Thu Oct 01 10:18:45 UTC 2026","Presented Checks — Smoke > Toolbar","specs\Smoke\5-PresentedChecksSmoke.spec.ts","",""
"","5475","Verify navigation to ACH via nav menu","chromium","Thu Oct 01 10:13:20 UTC 2026","passed","Thu Oct 01 10:13:26 UTC 2026","Home Dashboard > Navigation from Dashboard","specs\Smoke\3-HomeDashboardSmoke.spec.ts","",""
"","9695","Default Decision Log sub-page loads correctly","webkit","Thu Oct 01 10:13:43 UTC 2026","passed","Thu Oct 01 10:13:53 UTC 2026","Application Navigation Smoke Tests > Settings Sub-navigation","specs\Smoke\2-NavigationSmoke.spec.ts","",""
